time	u_dot	v_dot	w_dot	p_dot	q_dot	r_dot	u	v	w	p	q	r	x	y	z	phi	theta	psi	X	Y	Z	K	M	N
1764624055.116130590	0.000000	0.000000	0.022023	0.000000	0.000000	0.000000	0.000000	0.000000	0.041638	0.000000	0.000000	0.000000	0.000000	0.000000	0.000000	0.000000	0.000000	0.000000	0.000000	0.000000	0.000000	0.000000	0.000000	0.000000
1764624055.124792337	0.000000	0.000000	0.023052	0.000000	0.000000	0.000000	0.000000	0.000000	0.041638	0.000000	0.000000	0.000000	0.000000	0.000000	0.000000	0.000000	0.000000	0.000000	0.000000	0.000000	0.000000	0.000000	0.000000	0.000000
1764624055.129571199	0.000000	0.000000	0.028875	0.000000	0.000000	0.000000	0.000000	0.000000	0.041638	0.000000	0.000000	0.000000	0.000000	0.000000	0.000000	0.000000	0.000000	0.000000	0.000000	0.000000	0.000000	0.000000	0.000000	0.000000
1764624055.139594316	0.000000	0.000000	0.011907	0.000000	0.000000	0.000000	0.000000	0.000000	0.041638	0.000000	0.000000	0.000000	0.000000	0.000000	0.000000	0.000000	0.000000	0.000000	0.000000	0.000000	0.000000	0.000000	0.000000	0.000000
1764624055.158958435	0.000000	0.000000	0.025110	0.000000	0.000000	0.000000	0.000000	0.000000	0.041638	0.000000	0.000000	0.000000	0.000000	0.000000	0.000000	0.000000	0.000000	0.000000	0.000000	0.000000	0.000000	0.000000	0.000000	0.000000
1764624055.160612106	0.000000	0.000000	0.024077	0.000000	0.000000	0.000000	0.000000	0.000000	0.041638	0.000000	0.000000	0.000000	0.000000	0.000000	0.000000	0.000000	0.000000	0.000000	0.000000	0.000000	0.000000	0.000000	0.000000	0.000000
1764624055.169601440	0.000000	0.000000	0.022543	0.000000	0.000000	0.000000	0.000000	0.000000	0.041638	0.000000	0.000000	0.000000	0.000000	0.000000	0.000000	0.000000	0.000000	0.000000	0.000000	0.000000	0.000000	0.000000	0.000000	0.000000
1764624055.179933310	0.000000	0.000000	0.031278	0.000000	0.000000	0.000000	0.000000	0.000000	0.041638	0.000000	0.000000	0.000000	0.000000	0.000000	0.000000	0.000000	0.000000	0.000000	0.000000	0.000000	0.000000	0.000000	0.000000	0.000000
1764624055.189324617	0.000000	0.000000	0.026734	0.000000	0.000000	0.000000	0.000000	0.000000	0.041638	0.000000	0.000000	0.000000	0.000000	0.000000	0.000000	0.000000	0.000000	0.000000	0.000000	0.000000	0.000000	0.000000	0.000000	0.000000
1764624055.198873997	0.000000	0.000000	0.030885	0.000000	0.000000	0.000000	0.000000	0.000000	0.041638	0.000000	0.000000	0.000000	0.000000	0.000000	0.000000	0.000000	0.000000	0.000000	0.000000	0.000000	0.000000	0.000000	0.000000	0.000000
1764624055.214642763	0.000000	0.000000	0.017047	0.000000	0.000000	0.000000	0.000000	0.000000	0.041638	0.000000	0.000000	0.000000	0.000000	0.000000	0.000000	0.000000	0.000000	0.000000	0.000000	0.000000	0.000000	0.000000	0.000000	0.000000
1764624055.220238209	0.000000	0.000000	0.007387	0.000000	0.000000	0.000000	0.000000	0.000000	0.041638	0.000000	0.000000	0.000000	0.000000	0.000000	0.000000	0.000000	0.000000	0.000000	0.000000	0.000000	0.000000	0.000000	0.000000	0.000000
1764624055.229146719	0.000000	0.000000	0.012201	0.000000	0.000000	0.000000	0.000000	0.000000	0.041638	0.000000	0.000000	0.000000	0.000000	0.000000	0.000000	0.000000	0.000000	0.000000	0.000000	0.000000	0.000000	0.000000	0.000000	0.000000
1764624055.237506866	0.000000	0.000000	0.021118	0.000000	0.000000	0.000000	0.000000	0.000000	0.041638	0.000000	0.000000	0.000000	0.000000	0.000000	0.000000	0.000000	0.000000	0.000000	0.000000	0.000000	0.000000	0.000000	0.000000	0.000000
1764624055.255997181	0.000000	0.000000	0.025381	0.000000	0.000000	0.000000	0.000000	0.000000	0.041638	0.000000	0.000000	0.000000	0.000000	0.000000	0.000000	0.000000	0.000000	0.000000	0.000000	0.000000	0.000000	0.000000	0.000000	0.000000
1764624055.259582281	0.000000	0.000000	0.027305	0.000000	0.000000	0.000000	0.000000	0.000000	0.041638	0.000000	0.000000	0.000000	0.000000	0.000000	0.000000	0.000000	0.000000	0.000000	0.000000	0.000000	0.000000	0.000000	0.000000	0.000000
1764624055.272477627	0.000000	0.000000	0.018042	0.000000	0.000000	0.000000	0.000000	0.000000	0.041638	0.000000	0.000000	0.000000	0.000000	0.000000	0.000000	0.000000	0.000000	0.000000	0.000000	0.000000	0.000000	0.000000	0.000000	0.000000
1764624055.285032272	0.000000	0.000000	0.022537	0.000000	0.000000	0.000000	0.000000	0.000000	0.041638	0.000000	0.000000	0.000000	0.000000	0.000000	0.000000	0.000000	0.000000	0.000000	0.000000	0.000000	0.000000	0.000000	0.000000	0.000000
1764624055.290290833	0.000000	0.000000	0.017922	0.000000	0.000000	0.000000	0.000000	0.000000	0.041638	0.000000	0.000000	0.000000	0.000000	0.000000	0.000000	0.000000	0.000000	0.000000	0.000000	0.000000	0.000000	0.000000	0.000000	0.000000
1764624055.299910545	0.000000	0.000000	0.016553	0.000000	0.000000	0.000000	0.000000	0.000000	0.041638	0.000000	0.000000	0.000000	0.000000	0.000000	0.000000	0.000000	0.000000	0.000000	0.000000	0.000000	0.000000	0.000000	0.000000	0.000000
1764624055.311704397	0.000000	0.000000	0.012852	0.000000	0.000000	0.000000	0.000000	0.000000	0.041638	0.000000	0.000000	0.000000	0.000000	0.000000	0.000000	0.000000	0.000000	0.000000	0.000000	0.000000	0.000000	0.000000	0.000000	0.000000
1764624055.328997850	0.000000	0.000000	0.015263	0.000000	0.000000	0.000000	0.000000	0.000000	0.041638	0.000000	0.000000	0.000000	0.000000	0.000000	0.000000	0.000000	0.000000	0.000000	0.000000	0.000000	0.000000	0.000000	0.000000	0.000000
1764624055.330230713	0.000000	0.000000	0.025590	0.000000	0.000000	0.000000	0.000000	0.000000	0.041638	0.000000	0.000000	0.000000	0.000000	0.000000	0.000000	0.000000	0.000000	0.000000	0.000000	0.000000	0.000000	0.000000	0.000000	0.000000
1764624055.339409351	0.000000	0.000000	0.019811	0.000000	0.000000	0.000000	0.000000	0.000000	0.041638	0.000000	0.000000	0.000000	0.000000	0.000000	0.000000	0.000000	0.000000	0.000000	0.000000	0.000000	0.000000	0.000000	0.000000	0.000000
1764624055.349527359	0.000000	0.000000	0.009337	0.000000	0.000000	0.000000	0.000000	0.000000	0.041638	0.000000	0.000000	0.000000	0.000000	0.000000	0.000000	0.000000	0.000000	0.000000	0.000000	0.000000	0.000000	0.000000	0.000000	0.000000
1764624055.376410007	0.000000	0.000000	0.024850	0.000000	0.000000	0.000000	0.000000	0.000000	0.041638	0.000000	0.000000	0.000000	0.000000	0.000000	0.000000	0.000000	0.000000	0.000000	0.000000	0.000000	0.000000	0.000000	0.000000	0.000000
1764624055.376422167	0.000000	0.000000	0.022069	0.000000	0.000000	0.000000	0.000000	0.000000	0.041638	0.000000	0.000000	0.000000	0.000000	0.000000	0.000000	0.000000	0.000000	0.000000	0.000000	0.000000	0.000000	0.000000	0.000000	0.000000
1764624055.379355431	0.000000	0.000000	0.010306	0.000000	0.000000	0.000000	0.000000	0.000000	0.041638	0.000000	0.000000	0.000000	0.000000	0.000000	0.000000	0.000000	0.000000	0.000000	0.000000	0.000000	0.000000	0.000000	0.000000	0.000000
1764624055.389550447	0.000000	0.000000	0.014898	0.000000	0.000000	0.000000	0.000000	0.000000	0.041638	0.000000	0.000000	0.000000	0.000000	0.000000	0.000000	0.000000	0.000000	0.000000	0.000000	0.000000	0.000000	0.000000	0.000000	0.000000
1764624055.413484335	0.000000	0.000000	0.017623	0.000000	0.000000	0.000000	0.000000	0.000000	0.041638	0.000000	0.000000	0.000000	0.000000	0.000000	0.000000	0.000000	0.000000	0.000000	0.000000	0.000000	0.000000	0.000000	0.000000	0.000000
1764624055.413497210	0.000000	0.000000	0.014459	0.000000	0.000000	0.000000	0.000000	0.000000	0.041638	0.000000	0.000000	0.000000	0.000000	0.000000	0.000000	0.000000	0.000000	0.000000	0.000000	0.000000	0.000000	0.000000	0.000000	0.000000
1764624055.419774532	0.000000	0.000000	0.013486	0.000000	0.000000	0.000000	0.000000	0.000000	0.041638	0.000000	0.000000	0.000000	0.000000	0.000000	0.000000	0.000000	0.000000	0.000000	0.000000	0.000000	0.000000	0.000000	0.000000	0.000000
1764624055.429060459	0.000000	0.000000	0.011437	0.000000	0.000000	0.000000	0.000000	0.000000	0.041638	0.000000	0.000000	0.000000	0.000000	0.000000	0.000000	0.000000	0.000000	0.000000	0.000000	0.000000	0.000000	0.000000	0.000000	0.000000
1764624055.439724684	0.000000	0.000000	0.011027	0.000000	0.000000	0.000000	0.000000	0.000000	0.041638	0.000000	0.000000	0.000000	0.000000	0.000000	0.000000	0.000000	0.000000	0.000000	0.000000	0.000000	0.000000	0.000000	0.000000	0.000000
1764624055.463894367	0.000000	0.000000	0.004490	0.000000	0.000000	0.000000	0.000000	0.000000	0.029404	0.000000	0.000000	0.000000	0.000000	0.000000	0.000000	0.000000	0.000000	0.000000	0.000000	0.000000	0.000000	0.000000	0.000000	0.000000
1764624055.463910818	0.000000	0.000000	0.011089	0.000000	0.000000	0.000000	0.000000	0.000000	0.029404	0.000000	0.000000	0.000000	0.000000	0.000000	0.000000	0.000000	0.000000	0.000000	0.000000	0.000000	0.000000	0.000000	0.000000	0.000000
1764624055.469359159	0.000000	0.000000	-0.002044	0.000000	0.000000	0.000000	0.000000	0.000000	0.029404	0.000000	0.000000	0.000000	0.000000	0.000000	0.000000	0.000000	0.000000	0.000000	0.000000	0.000000	0.000000	0.000000	0.000000	0.000000
1764624055.493447781	0.000000	0.000000	0.003753	0.000000	0.000000	0.000000	0.000000	0.000000	0.029404	0.000000	0.000000	0.000000	0.000000	0.000000	0.000000	0.000000	0.000000	0.000000	0.000000	0.000000	0.000000	0.000000	0.000000	0.000000
1764624055.493462324	0.000000	0.000000	0.006530	0.000000	0.000000	0.000000	0.000000	0.000000	0.029404	0.000000	0.000000	0.000000	0.000000	0.000000	0.000000	0.000000	0.000000	0.000000	0.000000	0.000000	0.000000	0.000000	0.000000	0.000000
1764624055.499916077	0.000000	0.000000	0.007599	0.000000	0.000000	0.000000	0.000000	0.000000	0.029404	0.000000	0.000000	0.000000	0.000000	0.000000	0.000000	0.000000	0.000000	0.000000	0.000000	0.000000	0.000000	0.000000	0.000000	0.000000
1764624055.510415316	0.000000	0.000000	0.001073	0.000000	0.000000	0.000000	0.000000	0.000000	0.029404	0.000000	0.000000	0.000000	0.000000	0.000000	0.000000	0.000000	0.000000	0.000000	0.000000	0.000000	0.000000	0.000000	0.000000	0.000000
1764624055.524798155	0.000000	0.000000	-0.001015	0.000000	0.000000	0.000000	0.000000	0.000000	0.029404	0.000000	0.000000	0.000000	0.000000	0.000000	0.000000	0.000000	0.000000	0.000000	0.000000	0.000000	0.000000	0.000000	0.000000	0.000000
1764624055.530051231	0.000000	0.000000	0.015548	0.000000	0.000000	0.000000	0.000000	0.000000	0.029404	0.000000	0.000000	0.000000	0.000000	0.000000	0.000000	0.000000	0.000000	0.000000	0.000000	0.000000	0.000000	0.000000	0.000000	0.000000
1764624055.538671970	0.000000	0.000000	0.006489	0.000000	0.000000	0.000000	0.000000	0.000000	0.029404	0.000000	0.000000	0.000000	0.000000	0.000000	0.000000	0.000000	0.000000	0.000000	0.000000	0.000000	0.000000	0.000000	0.000000	0.000000
1764624055.548972130	0.000000	0.000000	0.006201	0.000000	0.000000	0.000000	0.000000	0.000000	0.029404	0.000000	0.000000	0.000000	0.000000	0.000000	0.000000	0.000000	0.000000	0.000000	0.000000	0.000000	0.000000	0.000000	0.000000	0.000000
1764624055.558990479	0.000000	0.000000	-0.000715	0.000000	0.000000	0.000000	0.000000	0.000000	0.029404	0.000000	0.000000	0.000000	0.000000	0.000000	0.000000	0.000000	0.000000	0.000000	0.000000	0.000000	0.000000	0.000000	0.000000	0.000000
1764624055.578556061	0.000000	0.000000	-0.002810	0.000000	0.000000	0.000000	0.000000	0.000000	0.029404	0.000000	0.000000	0.000000	0.000000	0.000000	0.000000	0.000000	0.000000	0.000000	0.000000	0.000000	0.000000	0.000000	0.000000	0.000000
1764624055.587223053	0.000000	0.000000	-0.015562	0.000000	0.000000	0.000000	0.000000	0.000000	0.029404	0.000000	0.000000	0.000000	0.000000	0.000000	0.000000	0.000000	0.000000	0.000000	0.000000	0.000000	0.000000	0.000000	0.000000	0.000000
1764624055.589600325	0.000000	0.000000	-0.005863	0.000000	0.000000	0.000000	0.000000	0.000000	0.029404	0.000000	0.000000	0.000000	0.000000	0.000000	0.000000	0.000000	0.000000	0.000000	0.000000	0.000000	0.000000	0.000000	0.000000	0.000000
1764624055.610590219	0.000000	0.000000	-0.007975	0.000000	0.000000	0.000000	0.000000	0.000000	0.029404	0.000000	0.000000	0.000000	0.000000	0.000000	0.000000	0.000000	0.000000	0.000000	0.000000	0.000000	0.000000	0.000000	0.000000	0.000000
1764624055.610597849	0.000000	0.000000	-0.010805	0.000000	0.000000	0.000000	0.000000	0.000000	0.029404	0.000000	0.000000	0.000000	0.000000	0.000000	0.000000	0.000000	0.000000	0.000000	0.000000	0.000000	0.000000	0.000000	0.000000	0.000000
1764624055.619520187	0.000000	0.000000	-0.007931	0.000000	0.000000	0.000000	0.000000	0.000000	0.029404	0.000000	0.000000	0.000000	0.000000	0.000000	0.000000	0.000000	0.000000	0.000000	0.000000	0.000000	0.000000	0.000000	0.000000	0.000000
1764624055.629599094	0.000000	0.000000	-0.012425	0.000000	0.000000	0.000000	0.000000	0.000000	0.029404	0.000000	0.000000	0.000000	0.000000	0.000000	0.000000	0.000000	0.000000	0.000000	0.000000	0.000000	0.000000	0.000000	0.000000	0.000000
1764624055.655229807	0.000000	0.000000	-0.006183	0.000000	0.000000	0.000000	0.000000	0.000000	0.029404	0.000000	0.000000	0.000000	0.000000	0.000000	0.000000	0.000000	0.000000	0.000000	0.000000	0.000000	0.000000	0.000000	0.000000	0.000000
1764624055.655234814	0.000000	0.000000	-0.005543	0.000000	0.000000	0.000000	0.000000	0.000000	0.029404	0.000000	0.000000	0.000000	0.000000	0.000000	0.000000	0.000000	0.000000	0.000000	0.000000	0.000000	0.000000	0.000000	0.000000	0.000000
1764624055.659889221	0.000000	0.000000	-0.009992	0.000000	0.000000	0.000000	0.000000	0.000000	0.029404	0.000000	0.000000	0.000000	0.000000	0.000000	0.000000	0.000000	0.000000	0.000000	0.000000	0.000000	0.000000	0.000000	0.000000	0.000000
1764624055.673792601	0.000000	0.000000	-0.006508	0.000000	0.000000	0.000000	0.000000	0.000000	0.029404	0.000000	0.000000	0.000000	0.000000	0.000000	0.000000	0.000000	0.000000	0.000000	0.000000	0.000000	0.000000	0.000000	0.000000	0.000000
1764624055.694364548	0.000000	0.000000	-0.010031	0.000000	0.000000	0.000000	0.000000	0.000000	0.029404	0.000000	0.000000	0.000000	0.000000	0.000000	0.000000	0.000000	0.000000	0.000000	0.000000	0.000000	0.000000	0.000000	0.000000	0.000000
1764624055.694396496	0.000000	0.000000	-0.019648	0.000000	0.000000	0.000000	0.000000	0.000000	0.029404	0.000000	0.000000	0.000000	0.000000	0.000000	0.000000	0.000000	0.000000	0.000000	0.000000	0.000000	0.000000	0.000000	0.000000	0.000000
1764624055.699857473	0.000000	0.000000	-0.001390	0.000000	0.000000	0.000000	0.000000	0.000000	0.029404	0.000000	0.000000	0.000000	0.000000	0.000000	0.000000	0.000000	0.000000	0.000000	0.000000	0.000000	0.000000	0.000000	0.000000	0.000000
1764624055.709744692	0.000000	0.000000	-0.004164	0.000000	0.000000	0.000000	0.000000	0.000000	0.017544	0.000000	0.000000	0.000000	0.000000	0.000000	0.000000	0.000000	0.000000	0.000000	0.000000	0.000000	0.000000	0.000000	0.000000	0.000000
1764624055.719815254	0.000000	0.000000	-0.013480	0.000000	0.000000	0.000000	0.000000	0.000000	0.017544	0.000000	0.000000	0.000000	0.000000	0.000000	0.000000	0.000000	0.000000	0.000000	0.000000	0.000000	0.000000	0.000000	0.000000	0.000000
1764624055.734051228	0.000000	0.000000	-0.011093	0.000000	0.000000	0.000000	0.000000	0.000000	0.017544	0.000000	0.000000	0.000000	0.000000	0.000000	0.000000	0.000000	0.000000	0.000000	0.000000	0.000000	0.000000	0.000000	0.000000	0.000000
1764624055.738413572	0.000000	0.000000	-0.014533	0.000000	0.000000	0.000000	0.000000	0.000000	0.017544	0.000000	0.000000	0.000000	0.000000	0.000000	0.000000	0.000000	0.000000	0.000000	0.000000	0.000000	0.000000	0.000000	0.000000	0.000000
1764624055.749764204	0.000000	0.000000	-0.006918	0.000000	0.000000	0.000000	0.000000	0.000000	0.017544	0.000000	0.000000	0.000000	0.000000	0.000000	0.000000	0.000000	0.000000	0.000000	0.000000	0.000000	0.000000	0.000000	0.000000	0.000000
1764624055.772625685	0.000000	0.000000	-0.011041	0.000000	0.000000	0.000000	0.000000	0.000000	0.017544	0.000000	0.000000	0.000000	0.000000	0.000000	0.000000	0.000000	0.000000	0.000000	0.000000	0.000000	0.000000	0.000000	0.000000	0.000000
1764624055.772631168	0.000000	0.000000	-0.019054	0.000000	0.000000	0.000000	0.000000	0.000000	0.017544	0.000000	0.000000	0.000000	0.000000	0.000000	0.000000	0.000000	0.000000	0.000000	0.000000	0.000000	0.000000	0.000000	0.000000	0.000000
1764624055.780170918	0.000000	0.000000	-0.008299	0.000000	0.000000	0.000000	0.000000	0.000000	0.017544	0.000000	0.000000	0.000000	0.000000	0.000000	0.000000	0.000000	0.000000	0.000000	0.000000	0.000000	0.000000	0.000000	0.000000	0.000000
1764624055.792443752	0.000000	0.000000	-0.009693	0.000000	0.000000	0.000000	0.000000	0.000000	0.017544	0.000000	0.000000	0.000000	0.000000	0.000000	0.000000	0.000000	0.000000	0.000000	0.000000	0.000000	0.000000	0.000000	0.000000	0.000000
1764624055.811242104	0.000000	0.000000	-0.014129	0.000000	0.000000	0.000000	0.000000	0.000000	0.017544	0.000000	0.000000	0.000000	0.000000	0.000000	0.000000	0.000000	0.000000	0.000000	0.000000	0.000000	0.000000	0.000000	0.000000	0.000000
1764624055.811249733	0.000000	0.000000	-0.015225	0.000000	0.000000	0.000000	0.000000	0.000000	0.017544	0.000000	0.000000	0.000000	0.000000	0.000000	0.000000	0.000000	0.000000	0.000000	0.000000	0.000000	0.000000	0.000000	0.000000	0.000000
1764624055.818942547	0.000000	0.000000	-0.014918	0.000000	0.000000	0.000000	0.000000	0.000000	0.017544	0.000000	0.000000	0.000000	0.000000	0.000000	0.000000	0.000000	0.000000	0.000000	0.000000	0.000000	0.000000	0.000000	0.000000	0.000000
1764624055.828996658	0.000000	0.000000	-0.021061	0.000000	0.000000	0.000000	0.000000	0.000000	0.017544	0.000000	0.000000	0.000000	0.000000	0.000000	0.000000	0.000000	0.000000	0.000000	0.000000	0.000000	0.000000	0.000000	0.000000	0.000000
1764624055.841556787	0.000000	0.000000	-0.012794	0.000000	0.000000	0.000000	0.000000	0.000000	0.017544	0.000000	0.000000	0.000000	0.000000	0.000000	0.000000	0.000000	0.000000	0.000000	0.000000	0.000000	0.000000	0.000000	0.000000	0.000000
1764624055.860975742	0.000000	0.000000	-0.020440	0.000000	0.000000	0.000000	0.000000	0.000000	0.017544	0.000000	0.000000	0.000000	0.000000	0.000000	0.000000	0.000000	0.000000	0.000000	0.000000	0.000000	0.000000	0.000000	0.000000	0.000000
1764624055.860986710	0.000000	0.000000	-0.023847	0.000000	0.000000	0.000000	0.000000	0.000000	0.017544	0.000000	0.000000	0.000000	0.000000	0.000000	0.000000	0.000000	0.000000	0.000000	0.000000	0.000000	0.000000	0.000000	0.000000	0.000000
1764624055.869012117	0.000000	0.000000	-0.016970	0.000000	0.000000	0.000000	0.000000	0.000000	0.017544	0.000000	0.000000	0.000000	0.000000	0.000000	0.000000	0.000000	0.000000	0.000000	0.000000	0.000000	0.000000	0.000000	0.000000	0.000000
1764624055.892444611	0.000000	0.000000	-0.013128	0.000000	0.000000	0.000000	0.000000	0.000000	0.017544	0.000000	0.000000	0.000000	0.000000	0.000000	0.000000	0.000000	0.000000	0.000000	0.000000	0.000000	0.000000	0.000000	0.000000	0.000000
1764624055.892452478	0.000000	0.000000	-0.023138	0.000000	0.000000	0.000000	0.000000	0.000000	0.017544	0.000000	0.000000	0.000000	0.000000	0.000000	0.000000	0.000000	0.000000	0.000000	0.000000	0.000000	0.000000	0.000000	0.000000	0.000000
1764624055.898691893	0.000000	0.000000	-0.018975	0.000000	0.000000	0.000000	0.000000	0.000000	0.017544	0.000000	0.000000	0.000000	0.000000	0.000000	0.000000	0.000000	0.000000	0.000000	0.000000	0.000000	0.000000	0.000000	0.000000	0.000000
1764624055.908556700	0.000000	0.000000	-0.025145	0.000000	0.000000	0.000000	0.000000	0.000000	0.017544	0.000000	0.000000	0.000000	0.000000	0.000000	0.000000	0.000000	0.000000	0.000000	0.000000	0.000000	0.000000	0.000000	0.000000	0.000000
1764624055.918877125	0.000000	0.000000	-0.027617	0.000000	0.000000	0.000000	0.000000	0.000000	0.017544	0.000000	0.000000	0.000000	0.000000	0.000000	0.000000	0.000000	0.000000	0.000000	0.000000	0.000000	0.000000	0.000000	0.000000	0.000000
1764624055.932335615	0.000000	0.000000	-0.028286	0.000000	0.000000	0.000000	0.000000	0.000000	0.017544	0.000000	0.000000	0.000000	0.000000	0.000000	0.000000	0.000000	0.000000	0.000000	0.000000	0.000000	0.000000	0.000000	0.000000	0.000000
1764624055.939314604	0.000000	0.000000	-0.024124	0.000000	0.000000	0.000000	0.000000	0.000000	0.017544	0.000000	0.000000	0.000000	0.000000	0.000000	0.000000	0.000000	0.000000	0.000000	0.000000	0.000000	0.000000	0.000000	0.000000	0.000000
1764624055.949152470	0.000000	0.000000	-0.018985	0.000000	0.000000	0.000000	0.000000	0.000000	0.017544	0.000000	0.000000	0.000000	0.000000	0.000000	0.000000	0.000000	0.000000	0.000000	0.000000	0.000000	0.000000	0.000000	0.000000	0.000000
1764624055.963907003	0.000000	0.000000	-0.007894	0.000000	0.000000	0.000000	0.000000	0.000000	0.001956	0.000000	0.000000	0.000000	0.000000	0.000000	0.000000	0.000000	0.000000	0.000000	0.000000	0.000000	0.000000	0.000000	0.000000	0.000000
1764624055.969406366	0.000000	0.000000	-0.021025	0.000000	0.000000	0.000000	0.000000	0.000000	0.001956	0.000000	0.000000	0.000000	0.000000	0.000000	0.000000	0.000000	0.000000	0.000000	0.000000	0.000000	0.000000	0.000000	0.000000	0.000000
1764624055.979123354	0.000000	0.000000	-0.018568	0.000000	0.000000	0.000000	0.000000	0.000000	0.001956	0.000000	0.000000	0.000000	0.000000	0.000000	0.000000	0.000000	0.000000	0.000000	0.000000	0.000000	0.000000	0.000000	0.000000	0.000000
1764624055.998131275	0.000000	0.000000	-0.019266	0.000000	0.000000	0.000000	0.000000	0.000000	0.001956	0.000000	0.000000	0.000000	0.000000	0.000000	0.000000	0.000000	0.000000	0.000000	0.000000	0.000000	0.000000	0.000000	0.000000	0.000000
1764624056.000203371	0.000000	0.000000	-0.028014	0.000000	0.000000	0.000000	0.000000	0.000000	0.001956	0.000000	0.000000	0.000000	0.000000	0.000000	0.000000	0.000000	0.000000	0.000000	0.000000	0.000000	0.000000	0.000000	0.000000	0.000000
1764624056.008623362	0.000000	0.000000	-0.031067	0.000000	0.000000	0.000000	0.000000	0.000000	0.001956	0.000000	0.000000	0.000000	0.000000	0.000000	0.000000	0.000000	0.000000	0.000000	0.000000	0.000000	0.000000	0.000000	0.000000	0.000000
1764624056.018867970	0.000000	0.000000	-0.029962	0.000000	0.000000	0.000000	0.000000	0.000000	0.001956	0.000000	0.000000	0.000000	0.000000	0.000000	0.000000	0.000000	0.000000	0.000000	0.000000	0.000000	0.000000	0.000000	0.000000	0.000000
1764624056.028850794	0.000000	0.000000	-0.035460	0.000000	0.000000	0.000000	0.000000	0.000000	0.001956	0.000000	0.000000	0.000000	0.000000	0.000000	0.000000	0.000000	0.000000	0.000000	0.000000	0.000000	0.000000	0.000000	0.000000	0.000000
1764624056.038462400	0.000000	0.000000	-0.029576	0.000000	0.000000	0.000000	0.000000	0.000000	0.001956	0.000000	0.000000	0.000000	0.000000	0.000000	0.000000	0.000000	0.000000	0.000000	0.000000	0.000000	0.000000	0.000000	0.000000	0.000000
1764624056.056599855	0.000000	0.000000	-0.025120	0.000000	0.000000	0.000000	0.000000	0.000000	0.001956	0.000000	0.000000	0.000000	0.000000	0.000000	0.000000	0.000000	0.000000	0.000000	0.000000	0.000000	0.000000	0.000000	0.000000	0.000000
1764624056.058806896	0.000000	0.000000	-0.028942	0.000000	0.000000	0.000000	0.000000	0.000000	0.001956	0.000000	0.000000	0.000000	0.000000	0.000000	0.000000	0.000000	0.000000	0.000000	0.000000	0.000000	0.000000	0.000000	0.000000	0.000000
1764624056.068843603	0.000000	0.000000	-0.017136	0.000000	0.000000	0.000000	0.000000	0.000000	0.001956	0.000000	0.000000	0.000000	0.000000	0.000000	0.000000	0.000000	0.000000	0.000000	0.000000	0.000000	0.000000	0.000000	0.000000	0.000000
1764624056.086281300	0.000000	0.000000	-0.030324	0.000000	0.000000	0.000000	0.000000	0.000000	0.001956	0.000000	0.000000	0.000000	0.000000	0.000000	0.000000	0.000000	0.000000	0.000000	0.000000	0.000000	0.000000	0.000000	0.000000	0.000000
1764624056.089346409	0.000000	0.000000	-0.029949	0.000000	0.000000	0.000000	0.000000	0.000000	0.001956	0.000000	0.000000	0.000000	0.000000	0.000000	0.000000	0.000000	0.000000	0.000000	0.000000	0.000000	0.000000	0.000000	0.000000	0.000000
1764624056.098773003	0.000000	0.000000	-0.022666	0.000000	0.000000	0.000000	0.000000	0.000000	0.001956	0.000000	0.000000	0.000000	0.000000	0.000000	0.000000	0.000000	0.000000	0.000000	0.000000	0.000000	0.000000	0.000000	0.000000	0.000000
1764624056.108919859	0.000000	0.000000	-0.021348	0.000000	0.000000	0.000000	0.000000	0.000000	0.001956	0.000000	0.000000	0.000000	0.000000	0.000000	0.000000	0.000000	0.000000	0.000000	0.000000	0.000000	0.000000	0.000000	0.000000	0.000000
1764624056.124895811	0.000000	0.000000	-0.029226	0.000000	0.000000	0.000000	0.000000	0.000000	0.001956	0.000000	0.000000	0.000000	0.000000	0.000000	0.000000	0.000000	0.000000	0.000000	0.000000	0.000000	0.000000	0.000000	0.000000	0.000000
1764624056.128794193	0.000000	0.000000	-0.027855	0.000000	0.000000	0.000000	0.000000	0.000000	0.001956	0.000000	0.000000	0.000000	0.000000	0.000000	0.000000	0.000000	0.000000	0.000000	0.000000	0.000000	0.000000	0.000000	0.000000	0.000000
1764624056.139000177	0.000000	0.000000	-0.035479	0.000000	0.000000	0.000000	0.000000	0.000000	0.001956	0.000000	0.000000	0.000000	0.000000	0.000000	0.000000	0.000000	0.000000	0.000000	0.000000	0.000000	0.000000	0.000000	0.000000	0.000000
1764624056.149368763	0.000000	0.000000	-0.043761	0.000000	0.000000	0.000000	0.000000	0.000000	0.001956	0.000000	0.000000	0.000000	0.000000	0.000000	0.000000	0.000000	0.000000	0.000000	0.000000	0.000000	0.000000	0.000000	0.000000	0.000000
1764624056.162940741	0.000000	0.000000	-0.032676	0.000000	0.000000	0.000000	0.000000	0.000000	0.001956	0.000000	0.000000	0.000000	0.000000	0.000000	0.000000	0.000000	0.000000	0.000000	0.000000	0.000000	0.000000	0.000000	0.000000	0.000000
1764624056.176128387	0.000000	0.000000	-0.037152	0.000000	0.000000	0.000000	0.000000	0.000000	0.001956	0.000000	0.000000	0.000000	0.000000	0.000000	0.000000	0.000000	0.000000	0.000000	0.000000	0.000000	0.000000	0.000000	0.000000	0.000000
1764624056.179001093	0.000000	0.000000	-0.030598	0.000000	0.000000	0.000000	0.000000	0.000000	0.001956	0.000000	0.000000	0.000000	0.000000	0.000000	0.000000	0.000000	0.000000	0.000000	0.000000	0.000000	0.000000	0.000000	0.000000	0.000000
1764624056.189179659	0.000000	0.000000	-0.032702	0.000000	0.000000	0.000000	0.000000	0.000000	0.001956	0.000000	0.000000	0.000000	0.000000	0.000000	0.000000	0.000000	0.000000	0.000000	0.000000	0.000000	0.000000	0.000000	0.000000	0.000000
1764624056.200116396	0.000000	0.000000	-0.033694	0.000000	0.000000	0.000000	0.000000	0.000000	0.001956	0.000000	0.000000	0.000000	0.000000	0.000000	0.000000	0.000000	0.000000	0.000000	0.000000	0.000000	0.000000	0.000000	0.000000	0.000000
1764624056.217134476	0.000000	0.000000	-0.033699	0.000000	0.000000	0.000000	0.000000	0.000000	-0.005799	0.000000	0.000000	0.000000	0.000000	0.000000	0.000000	0.000000	0.000000	0.000000	0.000000	0.000000	-71.104365	0.000000	0.000000	0.000000
1764624056.219102621	0.000000	0.000000	-0.026079	0.000000	0.000000	0.000000	0.000000	0.000000	-0.005799	0.000000	0.000000	0.000000	0.000000	0.000000	0.000000	0.000000	0.000000	0.000000	0.000000	0.000000	-71.104365	0.000000	0.000000	0.000000
1764624056.229795218	0.000000	0.000000	-0.039236	0.000000	0.000000	0.000000	0.000000	0.000000	-0.005799	0.000000	0.000000	0.000000	0.000000	0.000000	0.000000	0.000000	0.000000	0.000000	0.000000	0.000000	-71.104365	0.000000	0.000000	0.000000
1764624056.246695757	0.000000	0.000000	-0.037468	0.000000	0.000000	0.000000	0.000000	0.000000	-0.005799	0.000000	0.000000	0.000000	0.000000	0.000000	0.000000	0.000000	0.000000	0.000000	0.000000	0.000000	-71.104365	0.000000	0.000000	0.000000
1764624056.249655962	0.000000	0.000000	-0.027856	0.000000	0.000000	0.000000	0.000000	0.000000	-0.005799	0.000000	0.000000	0.000000	0.000000	0.000000	0.000000	0.000000	0.000000	0.000000	0.000000	0.000000	-71.104365	0.000000	0.000000	0.000000
1764624056.258635998	0.000000	0.000000	-0.037447	0.000000	0.000000	0.000000	0.000000	0.000000	-0.005799	0.000000	0.000000	0.000000	0.000000	0.000000	0.000000	0.000000	0.000000	0.000000	0.000000	0.000000	-71.104365	0.000000	0.000000	0.000000
1764624056.269181490	0.000000	0.000000	-0.038846	0.000000	0.000000	0.000000	0.000000	0.000000	-0.005799	0.000000	0.000000	0.000000	0.000000	0.000000	0.000000	0.000000	0.000000	0.000000	0.000000	0.000000	-71.104365	0.000000	0.000000	0.000000
1764624056.279624462	0.000000	0.000000	-0.028799	0.000000	0.000000	0.000000	0.000000	0.000000	-0.005799	0.000000	0.000000	0.000000	0.000000	0.000000	0.000000	0.000000	0.000000	0.000000	0.000000	0.000000	-71.104365	0.000000	0.000000	0.000000
1764624056.298216105	0.000000	0.000000	-0.063644	0.000000	0.000000	0.000000	0.000000	0.000000	-0.005799	0.000000	0.000000	0.000000	0.000000	0.000000	0.000000	0.000000	0.000000	0.000000	0.000000	0.000000	-71.104365	0.000000	0.000000	0.000000
1764624056.299923897	0.000000	0.000000	-0.053280	0.000000	0.000000	0.000000	0.000000	0.000000	-0.005799	0.000000	0.000000	0.000000	0.000000	0.000000	0.000000	0.000000	0.000000	0.000000	0.000000	0.000000	-71.104365	0.000000	0.000000	0.000000
1764624056.309702158	0.000000	0.000000	-0.027078	0.000000	0.000000	0.000000	0.000000	0.000000	-0.005799	0.000000	0.000000	0.000000	0.000000	0.000000	0.000000	0.000000	0.000000	0.000000	0.000000	0.000000	-71.104365	0.000000	0.000000	0.000000
1764624056.329881430	0.000000	0.000000	-0.070963	0.000000	0.000000	0.000000	0.000000	0.000000	-0.005799	0.000000	0.000000	0.000000	0.000000	0.000000	0.000000	0.000000	0.000000	0.000000	0.000000	0.000000	-71.104365	0.000000	0.000000	0.000000
1764624056.333126545	0.000000	0.000000	-0.097505	0.000000	0.000000	0.000000	0.000000	0.000000	-0.005799	0.000000	0.000000	0.000000	0.000000	0.000000	0.000000	0.000000	0.000000	0.000000	0.000000	0.000000	-71.104365	0.000000	0.000000	0.000000
1764624056.339570045	0.000000	0.000000	-0.151815	0.000000	0.000000	0.000000	0.000000	0.000000	-0.005799	0.000000	0.000000	0.000000	0.000000	0.000000	0.000000	0.000000	0.000000	0.000000	0.000000	0.000000	-71.104365	0.000000	0.000000	0.000000
1764624056.349859953	0.000000	0.000000	-0.235275	0.000000	0.000000	0.000000	0.000000	0.000000	-0.005799	0.000000	0.000000	0.000000	0.000000	0.000000	0.000000	0.000000	0.000000	0.000000	0.000000	0.000000	-71.104365	0.000000	0.000000	0.000000
1764624056.360579491	0.000000	0.000000	-0.325509	0.000000	0.000000	0.000000	0.000000	0.000000	-0.005799	0.000000	0.000000	0.000000	0.000000	0.000000	0.000000	0.000000	0.000000	0.000000	0.000000	0.000000	-71.104365	0.000000	0.000000	0.000000
1764624056.378879070	0.000000	0.000000	-0.373919	0.000000	0.000000	0.000000	0.000000	0.000000	-0.005799	0.000000	0.000000	0.000000	0.000000	0.000000	0.000000	0.000000	0.000000	0.000000	0.000000	0.000000	-71.104365	0.000000	0.000000	0.000000
1764624056.380480051	0.000000	0.000000	-0.475757	0.000000	0.000000	0.000000	0.000000	0.000000	-0.005799	0.000000	0.000000	0.000000	0.000000	0.000000	0.000000	0.000000	0.000000	0.000000	0.000000	0.000000	-71.104365	0.000000	0.000000	0.000000
1764624056.389436245	0.000000	0.000000	-0.569765	0.000000	0.000000	0.000000	0.000000	0.000000	-0.005799	0.000000	0.000000	0.000000	0.000000	0.000000	0.000000	0.000000	0.000000	0.000000	0.000000	0.000000	-71.104365	0.000000	0.000000	0.000000
1764624056.409279823	0.000000	0.000000	-0.621244	0.000000	0.000000	0.000000	0.000000	0.000000	-0.005799	0.000000	0.000000	0.000000	0.000000	0.000000	0.000000	0.000000	0.000000	0.000000	0.000000	0.000000	0.000000	0.000000	0.000000	0.000000
1764624056.409297943	0.000000	0.000000	-0.759823	0.000000	0.000000	0.000000	0.000000	0.000000	-0.005799	0.000000	0.000000	0.000000	0.000000	0.000000	0.000000	0.000000	0.000000	0.000000	0.000000	0.000000	0.000000	0.000000	0.000000	0.000000
1764624056.420362234	0.000000	0.000000	-0.901842	0.000000	0.000000	0.000000	0.000000	0.000000	-0.005799	0.000000	0.000000	0.000000	0.000000	0.000000	0.000000	0.000000	0.000000	0.000000	0.000000	0.000000	0.000000	0.000000	0.000000	0.000000
1764624056.429406166	0.000000	0.000000	-0.984425	0.000000	0.000000	0.000000	0.000000	0.000000	-0.005799	0.000000	0.000000	0.000000	0.000000	0.000000	0.000000	0.000000	0.000000	0.000000	0.000000	0.000000	0.000000	0.000000	0.000000	0.000000
1764624056.440022707	0.000000	0.000000	-1.044259	0.000000	0.000000	0.000000	0.000000	0.000000	-0.005799	0.000000	0.000000	0.000000	0.000000	0.000000	0.000000	0.000000	0.000000	0.000000	0.000000	0.000000	0.000000	0.000000	0.000000	0.000000
1764624056.450561762	0.000000	0.000000	-1.093708	0.000000	0.000000	0.000000	0.000000	0.000000	-0.005799	0.000000	0.000000	0.000000	0.000000	0.000000	0.000000	0.000000	0.000000	0.000000	0.000000	0.000000	0.000000	0.000000	0.000000	0.000000
1764624056.459703445	0.000000	0.000000	-1.198969	0.000000	0.000000	0.000000	0.000000	0.000000	-0.073993	0.000000	0.000000	0.000000	0.000000	0.000000	0.000000	0.000000	0.000000	0.000000	0.000000	0.000000	0.000000	0.000000	0.000000	0.000000
1764624056.469449282	0.000000	0.000000	-1.142082	0.000000	0.000000	0.000000	0.000000	0.000000	-0.073993	0.000000	0.000000	0.000000	0.000000	0.000000	0.000000	0.000000	0.000000	0.000000	0.000000	0.000000	0.000000	0.000000	0.000000	0.000000
1764624056.479631186	0.000000	0.000000	-0.937931	0.000000	0.000000	0.000000	0.000000	0.000000	-0.073993	0.000000	0.000000	0.000000	0.000000	0.000000	0.000000	0.000000	0.000000	0.000000	0.000000	0.000000	0.000000	0.000000	0.000000	0.000000
1764624056.497807741	0.000000	0.000000	-0.642698	0.000000	0.000000	0.000000	0.000000	0.000000	-0.073993	0.000000	0.000000	0.000000	0.000000	0.000000	0.000000	0.000000	0.000000	0.000000	0.000000	0.000000	0.000000	0.000000	0.000000	0.000000
1764624056.503056765	0.000000	0.000000	-0.396959	0.000000	0.000000	0.000000	0.000000	0.000000	-0.073993	0.000000	0.000000	0.000000	0.000000	0.000000	0.000000	0.000000	0.000000	0.000000	0.000000	0.000000	0.000000	0.000000	0.000000	0.000000
1764624056.509596586	0.000000	0.000000	-0.245250	0.000000	0.000000	0.000000	0.000000	0.000000	-0.073993	0.000000	0.000000	0.000000	0.000000	0.000000	0.000000	0.000000	0.000000	0.000000	0.000000	0.000000	0.000000	0.000000	0.000000	0.000000
1764624056.526035786	0.000000	0.000000	-0.065340	0.000000	0.000000	0.000000	0.000000	0.000000	-0.073993	0.000000	0.000000	0.000000	0.000000	0.000000	0.000000	0.000000	0.000000	0.000000	0.000000	0.000000	0.000000	0.000000	0.000000	0.000000
1764624056.529371738	0.000000	0.000000	0.039132	0.000000	0.000000	0.000000	0.000000	0.000000	-0.073993	0.000000	0.000000	0.000000	0.000000	0.000000	0.000000	0.000000	0.000000	0.000000	0.000000	0.000000	0.000000	0.000000	0.000000	0.000000
1764624056.539831161	0.000000	0.000000	0.126005	0.000000	0.000000	0.000000	0.000000	0.000000	-0.073993	0.000000	0.000000	0.000000	0.000000	0.000000	0.000000	0.000000	0.000000	0.000000	0.000000	0.000000	0.000000	0.000000	0.000000	0.000000
1764624056.549870014	0.000000	0.000000	0.239514	0.000000	0.000000	0.000000	0.000000	0.000000	-0.073993	0.000000	0.000000	0.000000	0.000000	0.000000	0.000000	0.000000	0.000000	0.000000	0.000000	0.000000	0.000000	0.000000	0.000000	0.000000
1764624056.559882164	0.000000	0.000000	0.257754	0.000000	0.000000	0.000000	0.000000	0.000000	-0.073993	0.000000	0.000000	0.000000	0.000000	0.000000	0.000000	0.000000	0.000000	0.000000	0.000000	0.000000	0.000000	0.000000	0.000000	0.000000
1764624056.578965187	0.000000	0.000000	0.323521	0.000000	0.000000	0.000000	0.000000	0.000000	-0.073993	0.000000	0.000000	0.000000	0.000000	0.000000	0.000000	0.000000	0.000000	0.000000	0.000000	0.000000	0.000000	0.000000	0.000000	0.000000
1764624056.578991890	0.000000	0.000000	0.326991	0.000000	0.000000	0.000000	0.000000	0.000000	-0.073993	0.000000	0.000000	0.000000	0.000000	0.000000	0.000000	0.000000	0.000000	0.000000	0.000000	0.000000	0.000000	0.000000	0.000000	0.000000
1764624056.589271069	0.000000	0.000000	0.311733	0.000000	0.000000	0.000000	0.000000	0.000000	-0.073993	0.000000	0.000000	0.000000	0.000000	0.000000	0.000000	0.000000	0.000000	0.000000	0.000000	0.000000	0.000000	0.000000	0.000000	0.000000
1764624056.599896431	0.000000	0.000000	0.313572	0.000000	0.000000	0.000000	0.000000	0.000000	-0.073993	0.000000	0.000000	0.000000	0.000000	0.000000	0.000000	0.000000	0.000000	0.000000	0.000000	0.000000	0.000000	0.000000	0.000000	0.000000
1764624056.617066860	0.000000	0.000000	0.342702	0.000000	0.000000	0.000000	0.000000	0.000000	-0.073993	0.000000	0.000000	0.000000	0.000000	0.000000	0.000000	0.000000	0.000000	0.000000	0.000000	0.000000	0.000000	0.000000	0.000000	0.000000
1764624056.619318485	0.000000	0.000000	0.377521	0.000000	0.000000	0.000000	0.000000	0.000000	-0.073993	0.000000	0.000000	0.000000	0.000000	0.000000	0.000000	0.000000	0.000000	0.000000	0.000000	0.000000	0.000000	0.000000	0.000000	0.000000
1764624056.629459858	0.000000	0.000000	0.315459	0.000000	0.000000	0.000000	0.000000	0.000000	-0.073993	0.000000	0.000000	0.000000	0.000000	0.000000	0.000000	0.000000	0.000000	0.000000	0.000000	0.000000	0.000000	0.000000	0.000000	0.000000
1764624056.650068521	0.000000	0.000000	0.271822	0.000000	0.000000	0.000000	0.000000	0.000000	-0.073993	0.000000	0.000000	0.000000	0.000000	0.000000	0.000000	0.000000	0.000000	0.000000	0.000000	0.000000	0.000000	0.000000	0.000000	0.000000
1764624056.651587009	0.000000	0.000000	0.330476	0.000000	0.000000	0.000000	0.000000	0.000000	-0.073993	0.000000	0.000000	0.000000	0.000000	0.000000	0.000000	0.000000	0.000000	0.000000	0.000000	0.000000	0.000000	0.000000	0.000000	0.000000
1764624056.660337925	0.000000	0.000000	0.240794	0.000000	0.000000	0.000000	0.000000	0.000000	-0.073993	0.000000	0.000000	0.000000	0.000000	0.000000	0.000000	0.000000	0.000000	0.000000	0.000000	0.000000	0.000000	0.000000	0.000000	0.000000
1764624056.669890404	0.000000	0.000000	0.232627	0.000000	0.000000	0.000000	0.000000	0.000000	-0.073993	0.000000	0.000000	0.000000	0.000000	0.000000	0.000000	0.000000	0.000000	0.000000	0.000000	0.000000	0.000000	0.000000	0.000000	0.000000
1764624056.678950787	0.000000	0.000000	0.186406	0.000000	0.000000	0.000000	0.000000	0.000000	-0.073993	0.000000	0.000000	0.000000	0.000000	0.000000	0.000000	0.000000	0.000000	0.000000	0.000000	0.000000	0.000000	0.000000	0.000000	0.000000
1764624056.700532913	0.000000	0.000000	0.187064	0.000000	0.000000	0.000000	0.000000	0.000000	-0.073993	0.000000	0.000000	0.000000	0.000000	0.000000	0.000000	0.000000	0.000000	0.000000	0.000000	0.000000	0.000000	0.000000	0.000000	0.000000
1764624056.700561762	0.000000	0.000000	0.170188	0.000000	0.000000	0.000000	0.000000	0.000000	-0.073993	0.000000	0.000000	0.000000	0.000000	0.000000	0.000000	0.000000	0.000000	0.000000	0.000000	0.000000	0.000000	0.000000	0.000000	0.000000
1764624056.709063530	0.000000	0.000000	0.147454	0.000000	0.000000	0.000000	0.000000	0.000000	-0.049110	0.000000	0.000000	0.000000	0.000000	0.000000	0.000000	0.000000	0.000000	0.000000	0.000000	0.000000	0.000000	0.000000	0.000000	0.000000
1764624056.728986740	0.000000	0.000000	0.139465	0.000000	0.000000	0.000000	0.000000	0.000000	-0.049110	0.000000	0.000000	0.000000	0.000000	0.000000	0.000000	0.000000	0.000000	0.000000	0.000000	0.000000	0.000000	0.000000	0.000000	0.000000
1764624056.728993893	0.000000	0.000000	0.110835	0.000000	0.000000	0.000000	0.000000	0.000000	-0.049110	0.000000	0.000000	0.000000	0.000000	0.000000	0.000000	0.000000	0.000000	0.000000	0.000000	0.000000	0.000000	0.000000	0.000000	0.000000
1764624056.739970684	0.000000	0.000000	0.113618	0.000000	0.000000	0.000000	0.000000	0.000000	-0.049110	0.000000	0.000000	0.000000	0.000000	0.000000	0.000000	0.000000	0.000000	0.000000	0.000000	0.000000	0.000000	0.000000	0.000000	0.000000
1764624056.749887705	0.000000	0.000000	0.092233	0.000000	0.000000	0.000000	0.000000	0.000000	-0.049110	0.000000	0.000000	0.000000	0.000000	0.000000	0.000000	0.000000	0.000000	0.000000	0.000000	0.000000	0.000000	0.000000	0.000000	0.000000
1764624056.769260168	0.000000	0.000000	0.087020	0.000000	0.000000	0.000000	0.000000	0.000000	-0.049110	0.000000	0.000000	0.000000	0.000000	0.000000	0.000000	0.000000	0.000000	0.000000	0.000000	0.000000	-71.104365	0.000000	0.000000	0.000000
1764624056.769279242	0.000000	0.000000	0.063594	0.000000	0.000000	0.000000	0.000000	0.000000	-0.049110	0.000000	0.000000	0.000000	0.000000	0.000000	0.000000	0.000000	0.000000	0.000000	0.000000	0.000000	-71.104365	0.000000	0.000000	0.000000
1764624056.779253244	0.000000	0.000000	0.064939	0.000000	0.000000	0.000000	0.000000	0.000000	-0.049110	0.000000	0.000000	0.000000	0.000000	0.000000	0.000000	0.000000	0.000000	0.000000	0.000000	0.000000	-71.104365	0.000000	0.000000	0.000000
1764624056.789016247	0.000000	0.000000	0.062920	0.000000	0.000000	0.000000	0.000000	0.000000	-0.049110	0.000000	0.000000	0.000000	0.000000	0.000000	0.000000	0.000000	0.000000	0.000000	0.000000	0.000000	-71.104365	0.000000	0.000000	0.000000
1764624056.799842119	0.000000	0.000000	0.040433	0.000000	0.000000	0.000000	0.000000	0.000000	-0.049110	0.000000	0.000000	0.000000	0.000000	0.000000	0.000000	0.000000	0.000000	0.000000	0.000000	0.000000	-71.104365	0.000000	0.000000	0.000000
1764624056.819968224	0.000000	0.000000	0.041149	0.000000	0.000000	0.000000	0.000000	0.000000	-0.049110	0.000000	0.000000	0.000000	0.000000	0.000000	0.000000	0.000000	0.000000	0.000000	0.000000	0.000000	-71.104365	0.000000	0.000000	0.000000
1764624056.821441174	0.000000	0.000000	0.027680	0.000000	0.000000	0.000000	0.000000	0.000000	-0.049110	0.000000	0.000000	0.000000	0.000000	0.000000	0.000000	0.000000	0.000000	0.000000	0.000000	0.000000	-71.104365	0.000000	0.000000	0.000000
1764624056.829057217	0.000000	0.000000	0.061866	0.000000	0.000000	0.000000	0.000000	0.000000	-0.049110	0.000000	0.000000	0.000000	0.000000	0.000000	0.000000	0.000000	0.000000	0.000000	0.000000	0.000000	-71.104365	0.000000	0.000000	0.000000
1764624056.850665092	0.000000	0.000000	0.021445	0.000000	0.000000	0.000000	0.000000	0.000000	-0.049110	0.000000	0.000000	0.000000	0.000000	0.000000	0.000000	0.000000	0.000000	0.000000	0.000000	0.000000	-71.104365	0.000000	0.000000	0.000000
1764624056.850676537	0.000000	0.000000	-0.013095	0.000000	0.000000	0.000000	0.000000	0.000000	-0.049110	0.000000	0.000000	0.000000	0.000000	0.000000	0.000000	0.000000	0.000000	0.000000	0.000000	0.000000	-71.104365	0.000000	0.000000	0.000000
1764624056.859551668	0.000000	0.000000	-0.026875	0.000000	0.000000	0.000000	0.000000	0.000000	-0.049110	0.000000	0.000000	0.000000	0.000000	0.000000	0.000000	0.000000	0.000000	0.000000	0.000000	0.000000	-71.104365	0.000000	0.000000	0.000000
1764624056.869968653	0.000000	0.000000	0.026273	0.000000	0.000000	0.000000	0.000000	0.000000	-0.049110	0.000000	0.000000	0.000000	0.000000	0.000000	0.000000	0.000000	0.000000	0.000000	0.000000	0.000000	-71.104365	0.000000	0.000000	0.000000
1764624056.879645586	0.000000	0.000000	-0.032368	0.000000	0.000000	0.000000	0.000000	0.000000	-0.049110	0.000000	0.000000	0.000000	0.000000	0.000000	0.000000	0.000000	0.000000	0.000000	0.000000	0.000000	-71.104365	0.000000	0.000000	0.000000
1764624056.898384571	0.000000	0.000000	-0.056647	0.000000	0.000000	0.000000	0.000000	0.000000	-0.049110	0.000000	0.000000	0.000000	0.000000	0.000000	0.000000	0.000000	0.000000	0.000000	0.000000	0.000000	-71.104365	0.000000	0.000000	0.000000
1764624056.901048899	0.000000	0.000000	-0.068914	0.000000	0.000000	0.000000	0.000000	0.000000	-0.049110	0.000000	0.000000	0.000000	0.000000	0.000000	0.000000	0.000000	0.000000	0.000000	0.000000	0.000000	-71.104365	0.000000	0.000000	0.000000
1764624056.909477472	0.000000	0.000000	-0.187157	0.000000	0.000000	0.000000	0.000000	0.000000	-0.049110	0.000000	0.000000	0.000000	0.000000	0.000000	0.000000	0.000000	0.000000	0.000000	0.000000	0.000000	-71.104365	0.000000	0.000000	0.000000
1764624056.920018196	0.000000	0.000000	-0.265162	0.000000	0.000000	0.000000	0.000000	0.000000	-0.049110	0.000000	0.000000	0.000000	0.000000	0.000000	0.000000	0.000000	0.000000	0.000000	0.000000	0.000000	-71.104365	0.000000	0.000000	0.000000
1764624056.933757782	0.000000	0.000000	-0.342862	0.000000	0.000000	0.000000	0.000000	0.000000	-0.049110	0.000000	0.000000	0.000000	0.000000	0.000000	0.000000	0.000000	0.000000	0.000000	0.000000	0.000000	-71.104365	0.000000	0.000000	0.000000
1764624056.938899517	0.000000	0.000000	-0.438185	0.000000	0.000000	0.000000	0.000000	0.000000	-0.049110	0.000000	0.000000	0.000000	0.000000	0.000000	0.000000	0.000000	0.000000	0.000000	0.000000	0.000000	-71.104365	0.000000	0.000000	0.000000
1764624056.948585033	0.000000	0.000000	-0.506584	0.000000	0.000000	0.000000	0.000000	0.000000	-0.049110	0.000000	0.000000	0.000000	0.000000	0.000000	0.000000	0.000000	0.000000	0.000000	0.000000	0.000000	-71.104365	0.000000	0.000000	0.000000
1764624056.958737850	0.000000	0.000000	-0.579371	0.000000	0.000000	0.000000	0.000000	0.000000	-0.119000	0.000000	0.000000	0.000000	0.000000	0.000000	0.000000	0.000000	0.000000	0.000000	0.000000	0.000000	-71.104365	0.000000	0.000000	0.000000
1764624056.968702316	0.000000	0.000000	-0.681678	0.000000	0.000000	0.000000	0.000000	0.000000	-0.119000	0.000000	0.000000	0.000000	0.000000	0.000000	0.000000	0.000000	0.000000	0.000000	0.000000	0.000000	-71.104365	0.000000	0.000000	0.000000
1764624056.981456041	0.000000	0.000000	-0.755845	0.000000	0.000000	0.000000	0.000000	0.000000	-0.119000	0.000000	0.000000	0.000000	0.000000	0.000000	0.000000	0.000000	0.000000	0.000000	0.000000	0.000000	-71.104365	0.000000	0.000000	0.000000
1764624056.988755703	0.000000	0.000000	-0.871924	0.000000	0.000000	0.000000	0.000000	0.000000	-0.119000	0.000000	0.000000	0.000000	0.000000	0.000000	0.000000	0.000000	0.000000	0.000000	0.000000	0.000000	0.000000	0.000000	0.000000	0.000000
1764624056.999145508	0.000000	0.000000	-0.901544	0.000000	0.000000	0.000000	0.000000	0.000000	-0.119000	0.000000	0.000000	0.000000	0.000000	0.000000	0.000000	0.000000	0.000000	0.000000	0.000000	0.000000	0.000000	0.000000	0.000000	0.000000
1764624057.011910439	0.000000	0.000000	-0.910518	0.000000	0.000000	0.000000	0.000000	0.000000	-0.119000	0.000000	0.000000	0.000000	0.000000	0.000000	0.000000	0.000000	0.000000	0.000000	0.000000	0.000000	0.000000	0.000000	0.000000	0.000000
1764624057.018699169	0.000000	0.000000	-0.944729	0.000000	0.000000	0.000000	0.000000	0.000000	-0.119000	0.000000	0.000000	0.000000	0.000000	0.000000	0.000000	0.000000	0.000000	0.000000	0.000000	0.000000	0.000000	0.000000	0.000000	0.000000
1764624057.028777599	0.000000	0.000000	-0.940830	0.000000	0.000000	0.000000	0.000000	0.000000	-0.119000	0.000000	0.000000	0.000000	0.000000	0.000000	0.000000	0.000000	0.000000	0.000000	0.000000	0.000000	0.000000	0.000000	0.000000	0.000000
1764624057.038862705	0.000000	0.000000	-0.989932	0.000000	0.000000	0.000000	0.000000	0.000000	-0.119000	0.000000	0.000000	0.000000	0.000000	0.000000	0.000000	0.000000	0.000000	0.000000	0.000000	0.000000	0.000000	0.000000	0.000000	0.000000
1764624057.058882952	0.000000	0.000000	-0.966443	0.000000	0.000000	0.000000	0.000000	0.000000	-0.119000	0.000000	0.000000	0.000000	0.000000	0.000000	0.000000	0.000000	0.000000	0.000000	0.000000	0.000000	0.000000	0.000000	0.000000	0.000000
1764624057.059431076	0.000000	0.000000	-0.890089	0.000000	0.000000	0.000000	0.000000	0.000000	-0.119000	0.000000	0.000000	0.000000	0.000000	0.000000	0.000000	0.000000	0.000000	0.000000	0.000000	0.000000	0.000000	0.000000	0.000000	0.000000
1764624057.068863392	0.000000	0.000000	-0.830357	0.000000	0.000000	0.000000	0.000000	0.000000	-0.119000	0.000000	0.000000	0.000000	0.000000	0.000000	0.000000	0.000000	0.000000	0.000000	0.000000	0.000000	0.000000	0.000000	0.000000	0.000000
1764624057.078963757	0.000000	0.000000	-0.574153	0.000000	0.000000	0.000000	0.000000	0.000000	-0.119000	0.000000	0.000000	0.000000	0.000000	0.000000	0.000000	0.000000	0.000000	0.000000	0.000000	0.000000	0.000000	0.000000	0.000000	0.000000
1764624057.088818312	0.000000	0.000000	-0.335103	0.000000	0.000000	0.000000	0.000000	0.000000	-0.119000	0.000000	0.000000	0.000000	0.000000	0.000000	0.000000	0.000000	0.000000	0.000000	0.000000	0.000000	0.000000	0.000000	0.000000	0.000000
1764624057.101472855	0.000000	0.000000	-0.151515	0.000000	0.000000	0.000000	0.000000	0.000000	-0.119000	0.000000	0.000000	0.000000	0.000000	0.000000	0.000000	0.000000	0.000000	0.000000	0.000000	0.000000	0.000000	0.000000	0.000000	0.000000
1764624057.110106230	0.000000	0.000000	0.051007	0.000000	0.000000	0.000000	0.000000	0.000000	-0.119000	0.000000	0.000000	0.000000	0.000000	0.000000	0.000000	0.000000	0.000000	0.000000	0.000000	0.000000	0.000000	0.000000	0.000000	0.000000
1764624057.131102085	0.000000	0.000000	0.113183	0.000000	0.000000	0.000000	0.000000	0.000000	-0.119000	0.000000	0.000000	0.000000	0.000000	0.000000	0.000000	0.000000	0.000000	0.000000	0.000000	0.000000	0.000000	0.000000	0.000000	0.000000
1764624057.131108284	0.000000	0.000000	0.226904	0.000000	0.000000	0.000000	0.000000	0.000000	-0.119000	0.000000	0.000000	0.000000	0.000000	0.000000	0.000000	0.000000	0.000000	0.000000	0.000000	0.000000	0.000000	0.000000	0.000000	0.000000
1764624057.139033079	0.000000	0.000000	0.323899	0.000000	0.000000	0.000000	0.000000	0.000000	-0.119000	0.000000	0.000000	0.000000	0.000000	0.000000	0.000000	0.000000	0.000000	0.000000	0.000000	0.000000	0.000000	0.000000	0.000000	0.000000
1764624057.149696350	0.000000	0.000000	0.298038	0.000000	0.000000	0.000000	0.000000	0.000000	-0.119000	0.000000	0.000000	0.000000	0.000000	0.000000	0.000000	0.000000	0.000000	0.000000	0.000000	0.000000	0.000000	0.000000	0.000000	0.000000
1764624057.171779156	0.000000	0.000000	0.338173	0.000000	0.000000	0.000000	0.000000	0.000000	-0.119000	0.000000	0.000000	0.000000	0.000000	0.000000	0.000000	0.000000	0.000000	0.000000	0.000000	0.000000	0.000000	0.000000	0.000000	0.000000
1764624057.171791553	0.000000	0.000000	0.377096	0.000000	0.000000	0.000000	0.000000	0.000000	-0.119000	0.000000	0.000000	0.000000	0.000000	0.000000	0.000000	0.000000	0.000000	0.000000	0.000000	0.000000	0.000000	0.000000	0.000000	0.000000
1764624057.178969622	0.000000	0.000000	0.332822	0.000000	0.000000	0.000000	0.000000	0.000000	-0.119000	0.000000	0.000000	0.000000	0.000000	0.000000	0.000000	0.000000	0.000000	0.000000	0.000000	0.000000	0.000000	0.000000	0.000000	0.000000
1764624057.188924313	0.000000	0.000000	0.385299	0.000000	0.000000	0.000000	0.000000	0.000000	-0.119000	0.000000	0.000000	0.000000	0.000000	0.000000	0.000000	0.000000	0.000000	0.000000	0.000000	0.000000	0.000000	0.000000	0.000000	0.000000
1764624057.209674597	0.000000	0.000000	0.396654	0.000000	0.000000	0.000000	0.000000	0.000000	-0.103929	0.000000	0.000000	0.000000	0.000000	0.000000	0.000000	0.000000	0.000000	0.000000	0.000000	0.000000	0.000000	0.000000	0.000000	0.000000
1764624057.211562634	0.000000	0.000000	0.330721	0.000000	0.000000	0.000000	0.000000	0.000000	-0.103929	0.000000	0.000000	0.000000	0.000000	0.000000	0.000000	0.000000	0.000000	0.000000	0.000000	0.000000	0.000000	0.000000	0.000000	0.000000
1764624057.219244480	0.000000	0.000000	0.371749	0.000000	0.000000	0.000000	0.000000	0.000000	-0.103929	0.000000	0.000000	0.000000	0.000000	0.000000	0.000000	0.000000	0.000000	0.000000	0.000000	0.000000	0.000000	0.000000	0.000000	0.000000
1764624057.229951143	0.000000	0.000000	0.363478	0.000000	0.000000	0.000000	0.000000	0.000000	-0.103929	0.000000	0.000000	0.000000	0.000000	0.000000	0.000000	0.000000	0.000000	0.000000	0.000000	0.000000	0.000000	0.000000	0.000000	0.000000
1764624057.248775482	0.000000	0.000000	0.344698	0.000000	0.000000	0.000000	0.000000	0.000000	-0.103929	0.000000	0.000000	0.000000	0.000000	0.000000	0.000000	0.000000	0.000000	0.000000	0.000000	0.000000	0.000000	0.000000	0.000000	0.000000
1764624057.250612736	0.000000	0.000000	0.329556	0.000000	0.000000	0.000000	0.000000	0.000000	-0.103929	0.000000	0.000000	0.000000	0.000000	0.000000	0.000000	0.000000	0.000000	0.000000	0.000000	0.000000	0.000000	0.000000	0.000000	0.000000
1764624057.259842873	0.000000	0.000000	0.296245	0.000000	0.000000	0.000000	0.000000	0.000000	-0.103929	0.000000	0.000000	0.000000	0.000000	0.000000	0.000000	0.000000	0.000000	0.000000	0.000000	0.000000	0.000000	0.000000	0.000000	0.000000
1764624057.269665480	0.000000	0.000000	0.286254	0.000000	0.000000	0.000000	0.000000	0.000000	-0.103929	0.000000	0.000000	0.000000	0.000000	0.000000	0.000000	0.000000	0.000000	0.000000	0.000000	0.000000	0.000000	0.000000	0.000000	0.000000
1764624057.279302359	0.000000	0.000000	0.284850	0.000000	0.000000	0.000000	0.000000	0.000000	-0.103929	0.000000	0.000000	0.000000	0.000000	0.000000	0.000000	0.000000	0.000000	0.000000	0.000000	0.000000	0.000000	0.000000	0.000000	0.000000
1764624057.298926592	0.000000	0.000000	0.240590	0.000000	0.000000	0.000000	0.000000	0.000000	-0.103929	0.000000	0.000000	0.000000	0.000000	0.000000	0.000000	0.000000	0.000000	0.000000	0.000000	0.000000	0.000000	0.000000	0.000000	0.000000
1764624057.300268888	0.000000	0.000000	0.214307	0.000000	0.000000	0.000000	0.000000	0.000000	-0.103929	0.000000	0.000000	0.000000	0.000000	0.000000	0.000000	0.000000	0.000000	0.000000	0.000000	0.000000	0.000000	0.000000	0.000000	0.000000
1764624057.309351444	0.000000	0.000000	0.227401	0.000000	0.000000	0.000000	0.000000	0.000000	-0.103929	0.000000	0.000000	0.000000	0.000000	0.000000	0.000000	0.000000	0.000000	0.000000	0.000000	0.000000	0.000000	0.000000	0.000000	0.000000
1764624057.328027248	0.000000	0.000000	0.183196	0.000000	0.000000	0.000000	0.000000	0.000000	-0.103929	0.000000	0.000000	0.000000	0.000000	0.000000	0.000000	0.000000	0.000000	0.000000	0.000000	0.000000	0.000000	0.000000	0.000000	0.000000
1764624057.329919338	0.000000	0.000000	0.180682	0.000000	0.000000	0.000000	0.000000	0.000000	-0.103929	0.000000	0.000000	0.000000	0.000000	0.000000	0.000000	0.000000	0.000000	0.000000	0.000000	0.000000	0.000000	0.000000	0.000000	0.000000
1764624057.338899136	0.000000	0.000000	0.172045	0.000000	0.000000	0.000000	0.000000	0.000000	-0.103929	0.000000	0.000000	0.000000	0.000000	0.000000	0.000000	0.000000	0.000000	0.000000	0.000000	0.000000	0.000000	0.000000	0.000000	0.000000
1764624057.349704266	0.000000	0.000000	0.148865	0.000000	0.000000	0.000000	0.000000	0.000000	-0.103929	0.000000	0.000000	0.000000	0.000000	0.000000	0.000000	0.000000	0.000000	0.000000	0.000000	0.000000	0.000000	0.000000	0.000000	0.000000
1764624057.374439240	0.000000	0.000000	0.142301	0.000000	0.000000	0.000000	0.000000	0.000000	-0.103929	0.000000	0.000000	0.000000	0.000000	0.000000	0.000000	0.000000	0.000000	0.000000	0.000000	0.000000	0.000000	0.000000	0.000000	0.000000
1764624057.374450445	0.000000	0.000000	0.121108	0.000000	0.000000	0.000000	0.000000	0.000000	-0.103929	0.000000	0.000000	0.000000	0.000000	0.000000	0.000000	0.000000	0.000000	0.000000	0.000000	0.000000	0.000000	0.000000	0.000000	0.000000
1764624057.378668308	0.000000	0.000000	0.118638	0.000000	0.000000	0.000000	0.000000	0.000000	-0.103929	0.000000	0.000000	0.000000	0.000000	0.000000	0.000000	0.000000	0.000000	0.000000	0.000000	0.000000	0.000000	0.000000	0.000000	0.000000
1764624057.388927937	0.000000	0.000000	0.129312	0.000000	0.000000	0.000000	0.000000	0.000000	-0.103929	0.000000	0.000000	0.000000	0.000000	0.000000	0.000000	0.000000	0.000000	0.000000	0.000000	0.000000	0.000000	0.000000	0.000000	0.000000
1764624057.408570766	0.000000	0.000000	0.108544	0.000000	0.000000	0.000000	0.000000	0.000000	-0.103929	0.000000	0.000000	0.000000	0.000000	0.000000	0.000000	0.000000	0.000000	0.000000	0.000000	0.000000	0.000000	0.000000	0.000000	0.000000
1764624057.408579588	0.000000	0.000000	0.102279	0.000000	0.000000	0.000000	0.000000	0.000000	-0.103929	0.000000	0.000000	0.000000	0.000000	0.000000	0.000000	0.000000	0.000000	0.000000	0.000000	0.000000	0.000000	0.000000	0.000000	0.000000
1764624057.419771910	0.000000	0.000000	0.114019	0.000000	0.000000	0.000000	0.000000	0.000000	-0.103929	0.000000	0.000000	0.000000	0.000000	0.000000	0.000000	0.000000	0.000000	0.000000	0.000000	0.000000	0.000000	0.000000	0.000000	0.000000
1764624057.429924965	0.000000	0.000000	0.104342	0.000000	0.000000	0.000000	0.000000	0.000000	-0.103929	0.000000	0.000000	0.000000	0.000000	0.000000	0.000000	0.000000	0.000000	0.000000	0.000000	0.000000	0.000000	0.000000	0.000000	0.000000
1764624057.441278458	0.000000	0.000000	0.099723	0.000000	0.000000	0.000000	0.000000	0.000000	-0.103929	0.000000	0.000000	0.000000	0.000000	0.000000	0.000000	0.000000	0.000000	0.000000	0.000000	0.000000	0.000000	0.000000	0.000000	0.000000
1764624057.449513674	0.000000	0.000000	0.085184	0.000000	0.000000	0.000000	0.000000	0.000000	-0.103929	0.000000	0.000000	0.000000	0.000000	0.000000	0.000000	0.000000	0.000000	0.000000	0.000000	0.000000	0.000000	0.000000	0.000000	0.000000
1764624057.460144758	0.000000	0.000000	0.069994	0.000000	0.000000	0.000000	0.000000	0.000000	-0.098644	0.000000	0.000000	0.000000	0.000000	0.000000	0.000000	0.000000	0.000000	0.000000	0.000000	0.000000	0.000000	0.000000	0.000000	0.000000
1764624057.469369888	0.000000	0.000000	0.071671	0.000000	0.000000	0.000000	0.000000	0.000000	-0.098644	0.000000	0.000000	0.000000	0.000000	0.000000	0.000000	0.000000	0.000000	0.000000	0.000000	0.000000	0.000000	0.000000	0.000000	0.000000
1764624057.479433298	0.000000	0.000000	0.074725	0.000000	0.000000	0.000000	0.000000	0.000000	-0.098644	0.000000	0.000000	0.000000	0.000000	0.000000	0.000000	0.000000	0.000000	0.000000	0.000000	0.000000	0.000000	0.000000	0.000000	0.000000
1764624057.498384953	0.000000	0.000000	0.069823	0.000000	0.000000	0.000000	0.000000	0.000000	-0.098644	0.000000	0.000000	0.000000	0.000000	0.000000	0.000000	0.000000	0.000000	0.000000	0.000000	0.000000	0.000000	0.000000	0.000000	0.000000
1764624057.506055355	0.000000	0.000000	0.085362	0.000000	0.000000	0.000000	0.000000	0.000000	-0.098644	0.000000	0.000000	0.000000	0.000000	0.000000	0.000000	0.000000	0.000000	0.000000	0.000000	0.000000	0.000000	0.000000	0.000000	0.000000
1764624057.509378433	0.000000	0.000000	0.069795	0.000000	0.000000	0.000000	0.000000	0.000000	-0.098644	0.000000	0.000000	0.000000	0.000000	0.000000	0.000000	0.000000	0.000000	0.000000	0.000000	0.000000	0.000000	0.000000	0.000000	0.000000
1764624057.529805183	0.000000	0.000000	0.060454	0.000000	0.000000	0.000000	0.000000	0.000000	-0.098644	0.000000	0.000000	0.000000	0.000000	0.000000	0.000000	0.000000	0.000000	0.000000	0.000000	0.000000	0.000000	0.000000	0.000000	0.000000
1764624057.531574011	0.000000	0.000000	0.065262	0.000000	0.000000	0.000000	0.000000	0.000000	-0.098644	0.000000	0.000000	0.000000	0.000000	0.000000	0.000000	0.000000	0.000000	0.000000	0.000000	0.000000	0.000000	0.000000	0.000000	0.000000
1764624057.539842606	0.000000	0.000000	0.057671	0.000000	0.000000	0.000000	0.000000	0.000000	-0.098644	0.000000	0.000000	0.000000	0.000000	0.000000	0.000000	0.000000	0.000000	0.000000	0.000000	0.000000	0.000000	0.000000	0.000000	0.000000
1764624057.549695015	0.000000	0.000000	0.060683	0.000000	0.000000	0.000000	0.000000	0.000000	-0.098644	0.000000	0.000000	0.000000	0.000000	0.000000	0.000000	0.000000	0.000000	0.000000	0.000000	0.000000	0.000000	0.000000	0.000000	0.000000
1764624057.559217215	0.000000	0.000000	0.055808	0.000000	0.000000	0.000000	0.000000	0.000000	-0.098644	0.000000	0.000000	0.000000	0.000000	0.000000	0.000000	0.000000	0.000000	0.000000	0.000000	0.000000	0.000000	0.000000	0.000000	0.000000
1764624057.577184916	0.000000	0.000000	0.049951	0.000000	0.000000	0.000000	0.000000	0.000000	-0.098644	0.000000	0.000000	0.000000	0.000000	0.000000	0.000000	0.000000	0.000000	0.000000	0.000000	0.000000	0.000000	0.000000	0.000000	0.000000
1764624057.579560995	0.000000	0.000000	0.041600	0.000000	0.000000	0.000000	0.000000	0.000000	-0.098644	0.000000	0.000000	0.000000	0.000000	0.000000	0.000000	0.000000	0.000000	0.000000	0.000000	0.000000	0.000000	0.000000	0.000000	0.000000
1764624057.589057207	0.000000	0.000000	0.039848	0.000000	0.000000	0.000000	0.000000	0.000000	-0.098644	0.000000	0.000000	0.000000	0.000000	0.000000	0.000000	0.000000	0.000000	0.000000	0.000000	0.000000	-71.104365	0.000000	0.000000	0.000000
1764624057.599497795	0.000000	0.000000	0.048146	0.000000	0.000000	0.000000	0.000000	0.000000	-0.098644	0.000000	0.000000	0.000000	0.000000	0.000000	0.000000	0.000000	0.000000	0.000000	0.000000	0.000000	-71.104365	0.000000	0.000000	0.000000
1764624057.613425970	0.000000	0.000000	0.061518	0.000000	0.000000	0.000000	0.000000	0.000000	-0.098644	0.000000	0.000000	0.000000	0.000000	0.000000	0.000000	0.000000	0.000000	0.000000	0.000000	0.000000	-71.104365	0.000000	0.000000	0.000000
1764624057.619253397	0.000000	0.000000	0.045689	0.000000	0.000000	0.000000	0.000000	0.000000	-0.098644	0.000000	0.000000	0.000000	0.000000	0.000000	0.000000	0.000000	0.000000	0.000000	0.000000	0.000000	-71.104365	0.000000	0.000000	0.000000
1764624057.630035400	0.000000	0.000000	0.042163	0.000000	0.000000	0.000000	0.000000	0.000000	-0.098644	0.000000	0.000000	0.000000	0.000000	0.000000	0.000000	0.000000	0.000000	0.000000	0.000000	0.000000	-71.104365	0.000000	0.000000	0.000000
1764624057.640052080	0.000000	0.000000	0.036323	0.000000	0.000000	0.000000	0.000000	0.000000	-0.098644	0.000000	0.000000	0.000000	0.000000	0.000000	0.000000	0.000000	0.000000	0.000000	0.000000	0.000000	-71.104365	0.000000	0.000000	0.000000
1764624057.659474611	0.000000	0.000000	0.074300	0.000000	0.000000	0.000000	0.000000	0.000000	-0.098644	0.000000	0.000000	0.000000	0.000000	0.000000	0.000000	0.000000	0.000000	0.000000	0.000000	0.000000	-71.104365	0.000000	0.000000	0.000000
1764624057.660826445	0.000000	0.000000	0.037718	0.000000	0.000000	0.000000	0.000000	0.000000	-0.098644	0.000000	0.000000	0.000000	0.000000	0.000000	0.000000	0.000000	0.000000	0.000000	0.000000	0.000000	-71.104365	0.000000	0.000000	0.000000
1764624057.669926167	0.000000	0.000000	-0.007568	0.000000	0.000000	0.000000	0.000000	0.000000	-0.098644	0.000000	0.000000	0.000000	0.000000	0.000000	0.000000	0.000000	0.000000	0.000000	0.000000	0.000000	-71.104365	0.000000	0.000000	0.000000
1764624057.679120064	0.000000	0.000000	-0.006160	0.000000	0.000000	0.000000	0.000000	0.000000	-0.098644	0.000000	0.000000	0.000000	0.000000	0.000000	0.000000	0.000000	0.000000	0.000000	0.000000	0.000000	-71.104365	0.000000	0.000000	0.000000
1764624057.689152956	0.000000	0.000000	0.049082	0.000000	0.000000	0.000000	0.000000	0.000000	-0.098644	0.000000	0.000000	0.000000	0.000000	0.000000	0.000000	0.000000	0.000000	0.000000	0.000000	0.000000	-71.104365	0.000000	0.000000	0.000000
1764624057.703928947	0.000000	0.000000	-0.007160	0.000000	0.000000	0.000000	0.000000	0.000000	-0.098644	0.000000	0.000000	0.000000	0.000000	0.000000	0.000000	0.000000	0.000000	0.000000	0.000000	0.000000	-71.104365	0.000000	0.000000	0.000000
1764624057.709644079	0.000000	0.000000	-0.052136	0.000000	0.000000	0.000000	0.000000	0.000000	-0.137288	0.000000	0.000000	0.000000	0.000000	0.000000	0.000000	0.000000	0.000000	0.000000	0.000000	0.000000	-71.104365	0.000000	0.000000	0.000000
1764624057.720352888	0.000000	0.000000	-0.104488	0.000000	0.000000	0.000000	0.000000	0.000000	-0.137288	0.000000	0.000000	0.000000	0.000000	0.000000	0.000000	0.000000	0.000000	0.000000	0.000000	0.000000	-71.104365	0.000000	0.000000	0.000000
1764624057.732254744	0.000000	0.000000	-0.133612	0.000000	0.000000	0.000000	0.000000	0.000000	-0.137288	0.000000	0.000000	0.000000	0.000000	0.000000	0.000000	0.000000	0.000000	0.000000	0.000000	0.000000	-71.104365	0.000000	0.000000	0.000000
1764624057.739443541	0.000000	0.000000	-0.279249	0.000000	0.000000	0.000000	0.000000	0.000000	-0.137288	0.000000	0.000000	0.000000	0.000000	0.000000	0.000000	0.000000	0.000000	0.000000	0.000000	0.000000	-71.104365	0.000000	0.000000	0.000000
1764624057.749942064	0.000000	0.000000	-0.328245	0.000000	0.000000	0.000000	0.000000	0.000000	-0.137288	0.000000	0.000000	0.000000	0.000000	0.000000	0.000000	0.000000	0.000000	0.000000	0.000000	0.000000	-71.104365	0.000000	0.000000	0.000000
1764624057.759528637	0.000000	0.000000	-0.436407	0.000000	0.000000	0.000000	0.000000	0.000000	-0.137288	0.000000	0.000000	0.000000	0.000000	0.000000	0.000000	0.000000	0.000000	0.000000	0.000000	0.000000	-71.104365	0.000000	0.000000	0.000000
1764624057.768844366	0.000000	0.000000	-0.500151	0.000000	0.000000	0.000000	0.000000	0.000000	-0.137288	0.000000	0.000000	0.000000	0.000000	0.000000	0.000000	0.000000	0.000000	0.000000	0.000000	0.000000	-71.104365	0.000000	0.000000	0.000000
1764624057.782079458	0.000000	0.000000	-0.620965	0.000000	0.000000	0.000000	0.000000	0.000000	-0.137288	0.000000	0.000000	0.000000	0.000000	0.000000	0.000000	0.000000	0.000000	0.000000	0.000000	0.000000	-71.104365	0.000000	0.000000	0.000000
1764624057.790748119	0.000000	0.000000	-0.700351	0.000000	0.000000	0.000000	0.000000	0.000000	-0.137288	0.000000	0.000000	0.000000	0.000000	0.000000	0.000000	0.000000	0.000000	0.000000	0.000000	0.000000	-71.104365	0.000000	0.000000	0.000000
1764624057.799087286	0.000000	0.000000	-0.851495	0.000000	0.000000	0.000000	0.000000	0.000000	-0.137288	0.000000	0.000000	0.000000	0.000000	0.000000	0.000000	0.000000	0.000000	0.000000	0.000000	0.000000	-71.104365	0.000000	0.000000	0.000000
1764624057.809581757	0.000000	0.000000	-0.948888	0.000000	0.000000	0.000000	0.000000	0.000000	-0.137288	0.000000	0.000000	0.000000	0.000000	0.000000	0.000000	0.000000	0.000000	0.000000	0.000000	0.000000	-71.104365	0.000000	0.000000	0.000000
1764624057.825347424	0.000000	0.000000	-1.020264	0.000000	0.000000	0.000000	0.000000	0.000000	-0.137288	0.000000	0.000000	0.000000	0.000000	0.000000	0.000000	0.000000	0.000000	0.000000	0.000000	0.000000	-71.104365	0.000000	0.000000	0.000000
1764624057.829480410	0.000000	0.000000	-1.099314	0.000000	0.000000	0.000000	0.000000	0.000000	-0.137288	0.000000	0.000000	0.000000	0.000000	0.000000	0.000000	0.000000	0.000000	0.000000	0.000000	0.000000	-71.104365	0.000000	0.000000	0.000000
1764624057.840281010	0.000000	0.000000	-1.115241	0.000000	0.000000	0.000000	0.000000	0.000000	-0.137288	0.000000	0.000000	0.000000	0.000000	0.000000	0.000000	0.000000	0.000000	0.000000	0.000000	0.000000	-71.104365	0.000000	0.000000	0.000000
1764624057.853039503	0.000000	0.000000	-1.200850	0.000000	0.000000	0.000000	0.000000	0.000000	-0.137288	0.000000	0.000000	0.000000	0.000000	0.000000	0.000000	0.000000	0.000000	0.000000	0.000000	0.000000	-71.104365	0.000000	0.000000	0.000000
1764624057.859782219	0.000000	0.000000	-1.232055	0.000000	0.000000	0.000000	0.000000	0.000000	-0.137288	0.000000	0.000000	0.000000	0.000000	0.000000	0.000000	0.000000	0.000000	0.000000	0.000000	0.000000	-71.104365	0.000000	0.000000	0.000000
1764624057.869404078	0.000000	0.000000	-1.175478	0.000000	0.000000	0.000000	0.000000	0.000000	-0.137288	0.000000	0.000000	0.000000	0.000000	0.000000	0.000000	0.000000	0.000000	0.000000	0.000000	0.000000	-71.104365	0.000000	0.000000	0.000000
1764624057.880279779	0.000000	0.000000	-1.059885	0.000000	0.000000	0.000000	0.000000	0.000000	-0.137288	0.000000	0.000000	0.000000	0.000000	0.000000	0.000000	0.000000	0.000000	0.000000	0.000000	0.000000	-71.104365	0.000000	0.000000	0.000000
1764624057.890015364	0.000000	0.000000	-0.941919	0.000000	0.000000	0.000000	0.000000	0.000000	-0.137288	0.000000	0.000000	0.000000	0.000000	0.000000	0.000000	0.000000	0.000000	0.000000	0.000000	0.000000	-71.104365	0.000000	0.000000	0.000000
1764624057.905371904	0.000000	0.000000	-0.863714	0.000000	0.000000	0.000000	0.000000	0.000000	-0.137288	0.000000	0.000000	0.000000	0.000000	0.000000	0.000000	0.000000	0.000000	0.000000	0.000000	0.000000	-71.104365	0.000000	0.000000	0.000000
1764624057.909868717	0.000000	0.000000	-0.753745	0.000000	0.000000	0.000000	0.000000	0.000000	-0.137288	0.000000	0.000000	0.000000	0.000000	0.000000	0.000000	0.000000	0.000000	0.000000	0.000000	0.000000	-71.104365	0.000000	0.000000	0.000000
1764624057.919593334	0.000000	0.000000	-0.665412	0.000000	0.000000	0.000000	0.000000	0.000000	-0.137288	0.000000	0.000000	0.000000	0.000000	0.000000	0.000000	0.000000	0.000000	0.000000	0.000000	0.000000	-71.104365	0.000000	0.000000	0.000000
1764624057.936156750	0.000000	0.000000	-0.630756	0.000000	0.000000	0.000000	0.000000	0.000000	-0.137288	0.000000	0.000000	0.000000	0.000000	0.000000	0.000000	0.000000	0.000000	0.000000	0.000000	0.000000	-71.104365	0.000000	0.000000	0.000000
1764624057.939683914	0.000000	0.000000	-0.620841	0.000000	0.000000	0.000000	0.000000	0.000000	-0.137288	0.000000	0.000000	0.000000	0.000000	0.000000	0.000000	0.000000	0.000000	0.000000	0.000000	0.000000	-71.104365	0.000000	0.000000	0.000000
1764624057.949901342	0.000000	0.000000	-0.519398	0.000000	0.000000	0.000000	0.000000	0.000000	-0.137288	0.000000	0.000000	0.000000	0.000000	0.000000	0.000000	0.000000	0.000000	0.000000	0.000000	0.000000	-71.104365	0.000000	0.000000	0.000000
1764624057.959824324	0.000000	0.000000	-0.492125	0.000000	0.000000	0.000000	0.000000	0.000000	-0.289701	0.000000	0.000000	0.000000	0.000000	0.000000	0.000000	0.000000	0.000000	0.000000	0.000000	0.000000	-71.104365	0.000000	0.000000	0.000000
1764624057.977518559	0.000000	0.000000	-0.548424	0.000000	0.000000	0.000000	0.000000	0.000000	-0.289701	0.000000	0.000000	0.000000	0.000000	0.000000	0.000000	0.000000	0.000000	0.000000	0.000000	0.000000	-71.104365	0.000000	0.000000	0.000000
1764624057.979383230	0.000000	0.000000	-0.468205	0.000000	0.000000	0.000000	0.000000	0.000000	-0.289701	0.000000	0.000000	0.000000	0.000000	0.000000	0.000000	0.000000	0.000000	0.000000	0.000000	0.000000	-71.104365	0.000000	0.000000	0.000000
1764624057.989125729	0.000000	0.000000	-0.544647	0.000000	0.000000	0.000000	0.000000	0.000000	-0.289701	0.000000	0.000000	0.000000	0.000000	0.000000	0.000000	0.000000	0.000000	0.000000	0.000000	0.000000	-71.104365	0.000000	0.000000	0.000000
1764624057.999926329	0.000000	0.000000	-0.496887	0.000000	0.000000	0.000000	0.000000	0.000000	-0.289701	0.000000	0.000000	0.000000	0.000000	0.000000	0.000000	0.000000	0.000000	0.000000	0.000000	0.000000	-71.104365	0.000000	0.000000	0.000000
1764624058.017748117	0.000000	0.000000	-0.517021	0.000000	0.000000	0.000000	0.000000	0.000000	-0.289701	0.000000	0.000000	0.000000	0.000000	0.000000	0.000000	0.000000	0.000000	0.000000	0.000000	0.000000	-71.104365	0.000000	0.000000	0.000000
1764624058.019818544	0.000000	0.000000	-0.515704	0.000000	0.000000	0.000000	0.000000	0.000000	-0.289701	0.000000	0.000000	0.000000	0.000000	0.000000	0.000000	0.000000	0.000000	0.000000	0.000000	0.000000	-71.104365	0.000000	0.000000	0.000000
1764624058.029633045	0.000000	0.000000	-0.457267	0.000000	0.000000	0.000000	0.000000	0.000000	-0.289701	0.000000	0.000000	0.000000	0.000000	0.000000	0.000000	0.000000	0.000000	0.000000	0.000000	0.000000	-71.104365	0.000000	0.000000	0.000000
1764624058.047556877	0.000000	0.000000	-0.476407	0.000000	0.000000	0.000000	0.000000	0.000000	-0.289701	0.000000	0.000000	0.000000	0.000000	0.000000	0.000000	0.000000	0.000000	0.000000	0.000000	0.000000	0.000000	0.000000	0.000000	0.000000
1764624058.049103498	0.000000	0.000000	-0.447839	0.000000	0.000000	0.000000	0.000000	0.000000	-0.289701	0.000000	0.000000	0.000000	0.000000	0.000000	0.000000	0.000000	0.000000	0.000000	0.000000	0.000000	0.000000	0.000000	0.000000	0.000000
1764624058.060292959	0.000000	0.000000	-0.506284	0.000000	0.000000	0.000000	0.000000	0.000000	-0.289701	0.000000	0.000000	0.000000	0.000000	0.000000	0.000000	0.000000	0.000000	0.000000	0.000000	0.000000	0.000000	0.000000	0.000000	0.000000
1764624058.069846392	0.000000	0.000000	-0.493529	0.000000	0.000000	0.000000	0.000000	0.000000	-0.289701	0.000000	0.000000	0.000000	0.000000	0.000000	0.000000	0.000000	0.000000	0.000000	0.000000	0.000000	0.000000	0.000000	0.000000	0.000000
1764624058.079596758	0.000000	0.000000	-0.346590	0.000000	0.000000	0.000000	0.000000	0.000000	-0.289701	0.000000	0.000000	0.000000	0.000000	0.000000	0.000000	0.000000	0.000000	0.000000	0.000000	0.000000	0.000000	0.000000	0.000000	0.000000
1764624058.089282751	0.000000	0.000000	-0.501053	0.000000	0.000000	0.000000	0.000000	0.000000	-0.289701	0.000000	0.000000	0.000000	0.000000	0.000000	0.000000	0.000000	0.000000	0.000000	0.000000	0.000000	0.000000	0.000000	0.000000	0.000000
1764624058.102568626	0.000000	0.000000	-0.278331	0.000000	0.000000	0.000000	0.000000	0.000000	-0.289701	0.000000	0.000000	0.000000	0.000000	0.000000	0.000000	0.000000	0.000000	0.000000	0.000000	0.000000	0.000000	0.000000	0.000000	0.000000
1764624058.108880281	0.000000	0.000000	-0.192678	0.000000	0.000000	0.000000	0.000000	0.000000	-0.289701	0.000000	0.000000	0.000000	0.000000	0.000000	0.000000	0.000000	0.000000	0.000000	0.000000	0.000000	0.000000	0.000000	0.000000	0.000000
1764624058.130979300	0.000000	0.000000	0.091572	0.000000	0.000000	0.000000	0.000000	0.000000	-0.289701	0.000000	0.000000	0.000000	0.000000	0.000000	0.000000	0.000000	0.000000	0.000000	0.000000	0.000000	0.000000	0.000000	0.000000	0.000000
1764624058.132833242	0.000000	0.000000	0.100184	0.000000	0.000000	0.000000	0.000000	0.000000	-0.289701	0.000000	0.000000	0.000000	0.000000	0.000000	0.000000	0.000000	0.000000	0.000000	0.000000	0.000000	0.000000	0.000000	0.000000	0.000000
1764624058.139470100	0.000000	0.000000	0.201190	0.000000	0.000000	0.000000	0.000000	0.000000	-0.289701	0.000000	0.000000	0.000000	0.000000	0.000000	0.000000	0.000000	0.000000	0.000000	0.000000	0.000000	0.000000	0.000000	0.000000	0.000000
1764624058.148469210	0.000000	0.000000	0.344262	0.000000	0.000000	0.000000	0.000000	0.000000	-0.289701	0.000000	0.000000	0.000000	0.000000	0.000000	0.000000	0.000000	0.000000	0.000000	0.000000	0.000000	0.000000	0.000000	0.000000	0.000000
1764624058.160226345	0.000000	0.000000	0.317107	0.000000	0.000000	0.000000	0.000000	0.000000	-0.289701	0.000000	0.000000	0.000000	0.000000	0.000000	0.000000	0.000000	0.000000	0.000000	0.000000	0.000000	0.000000	0.000000	0.000000	0.000000
1764624058.169540405	0.000000	0.000000	0.393733	0.000000	0.000000	0.000000	0.000000	0.000000	-0.289701	0.000000	0.000000	0.000000	0.000000	0.000000	0.000000	0.000000	0.000000	0.000000	0.000000	0.000000	-71.104365	0.000000	0.000000	0.000000
1764624058.185499430	0.000000	0.000000	0.492401	0.000000	0.000000	0.000000	0.000000	0.000000	-0.289701	0.000000	0.000000	0.000000	0.000000	0.000000	0.000000	0.000000	0.000000	0.000000	0.000000	0.000000	-71.104365	0.000000	0.000000	0.000000
1764624058.189075708	0.000000	0.000000	0.475708	0.000000	0.000000	0.000000	0.000000	0.000000	-0.289701	0.000000	0.000000	0.000000	0.000000	0.000000	0.000000	0.000000	0.000000	0.000000	0.000000	0.000000	-71.104365	0.000000	0.000000	0.000000
1764624058.199471712	0.000000	0.000000	0.455387	0.000000	0.000000	0.000000	0.000000	0.000000	-0.289701	0.000000	0.000000	0.000000	0.000000	0.000000	0.000000	0.000000	0.000000	0.000000	0.000000	0.000000	-71.104365	0.000000	0.000000	0.000000
1764624058.217693090	0.000000	0.000000	0.534738	0.000000	0.000000	0.000000	0.000000	0.000000	-0.319174	0.000000	0.000000	0.000000	0.000000	0.000000	0.000000	0.000000	0.000000	0.000000	0.000000	0.000000	-71.104365	0.000000	0.000000	0.000000
1764624058.219138861	0.000000	0.000000	0.407781	0.000000	0.000000	0.000000	0.000000	0.000000	-0.319174	0.000000	0.000000	0.000000	0.000000	0.000000	0.000000	0.000000	0.000000	0.000000	0.000000	0.000000	-71.104365	0.000000	0.000000	0.000000
1764624058.229942083	0.000000	0.000000	0.472043	0.000000	0.000000	0.000000	0.000000	0.000000	-0.319174	0.000000	0.000000	0.000000	0.000000	0.000000	0.000000	0.000000	0.000000	0.000000	0.000000	0.000000	-71.104365	0.000000	0.000000	0.000000
1764624058.239759922	0.000000	0.000000	0.497710	0.000000	0.000000	0.000000	0.000000	0.000000	-0.319174	0.000000	0.000000	0.000000	0.000000	0.000000	0.000000	0.000000	0.000000	0.000000	0.000000	0.000000	-71.104365	0.000000	0.000000	0.000000
1764624058.256150723	0.000000	0.000000	0.391694	0.000000	0.000000	0.000000	0.000000	0.000000	-0.319174	0.000000	0.000000	0.000000	0.000000	0.000000	0.000000	0.000000	0.000000	0.000000	0.000000	0.000000	-71.104365	0.000000	0.000000	0.000000
1764624058.259034634	0.000000	0.000000	0.268289	0.000000	0.000000	0.000000	0.000000	0.000000	-0.319174	0.000000	0.000000	0.000000	0.000000	0.000000	0.000000	0.000000	0.000000	0.000000	0.000000	0.000000	-71.104365	0.000000	0.000000	0.000000
1764624058.270113707	0.000000	0.000000	0.234672	0.000000	0.000000	0.000000	0.000000	0.000000	-0.319174	0.000000	0.000000	0.000000	0.000000	0.000000	0.000000	0.000000	0.000000	0.000000	0.000000	0.000000	-71.104365	0.000000	0.000000	0.000000
1764624058.279130459	0.000000	0.000000	0.002034	0.000000	0.000000	0.000000	0.000000	0.000000	-0.319174	0.000000	0.000000	0.000000	0.000000	0.000000	0.000000	0.000000	0.000000	0.000000	0.000000	0.000000	-71.104365	0.000000	0.000000	0.000000
1764624058.297093391	0.000000	0.000000	0.122653	0.000000	0.000000	0.000000	0.000000	0.000000	-0.319174	0.000000	0.000000	0.000000	0.000000	0.000000	0.000000	0.000000	0.000000	0.000000	0.000000	0.000000	-71.104365	0.000000	0.000000	0.000000
1764624058.299556732	0.000000	0.000000	-0.282421	0.000000	0.000000	0.000000	0.000000	0.000000	-0.319174	0.000000	0.000000	0.000000	0.000000	0.000000	0.000000	0.000000	0.000000	0.000000	0.000000	0.000000	-71.104365	0.000000	0.000000	0.000000
1764624058.309464693	0.000000	0.000000	-0.141243	0.000000	0.000000	0.000000	0.000000	0.000000	-0.319174	0.000000	0.000000	0.000000	0.000000	0.000000	0.000000	0.000000	0.000000	0.000000	0.000000	0.000000	-71.104365	0.000000	0.000000	0.000000
1764624058.321457863	0.000000	0.000000	-0.513301	0.000000	0.000000	0.000000	0.000000	0.000000	-0.319174	0.000000	0.000000	0.000000	0.000000	0.000000	0.000000	0.000000	0.000000	0.000000	0.000000	0.000000	-71.104365	0.000000	0.000000	0.000000
1764624058.330375671	0.000000	0.000000	-0.379642	0.000000	0.000000	0.000000	0.000000	0.000000	-0.319174	0.000000	0.000000	0.000000	0.000000	0.000000	0.000000	0.000000	0.000000	0.000000	0.000000	0.000000	-71.104365	0.000000	0.000000	0.000000
1764624058.344416618	0.000000	0.000000	-0.753112	0.000000	0.000000	0.000000	0.000000	0.000000	-0.319174	0.000000	0.000000	0.000000	0.000000	0.000000	0.000000	0.000000	0.000000	0.000000	0.000000	0.000000	-71.104365	0.000000	0.000000	0.000000
1764624058.349331617	0.000000	0.000000	-0.632296	0.000000	0.000000	0.000000	0.000000	0.000000	-0.319174	0.000000	0.000000	0.000000	0.000000	0.000000	0.000000	0.000000	0.000000	0.000000	0.000000	0.000000	-71.104365	0.000000	0.000000	0.000000
1764624058.359344482	0.000000	0.000000	-0.878760	0.000000	0.000000	0.000000	0.000000	0.000000	-0.319174	0.000000	0.000000	0.000000	0.000000	0.000000	0.000000	0.000000	0.000000	0.000000	0.000000	0.000000	-71.104365	0.000000	0.000000	0.000000
1764624058.376331568	0.000000	0.000000	-0.834992	0.000000	0.000000	0.000000	0.000000	0.000000	-0.319174	0.000000	0.000000	0.000000	0.000000	0.000000	0.000000	0.000000	0.000000	0.000000	0.000000	0.000000	-71.104365	0.000000	0.000000	0.000000
1764624058.379903793	0.000000	0.000000	-0.974110	0.000000	0.000000	0.000000	0.000000	0.000000	-0.319174	0.000000	0.000000	0.000000	0.000000	0.000000	0.000000	0.000000	0.000000	0.000000	0.000000	0.000000	-71.104365	0.000000	0.000000	0.000000
1764624058.389409304	0.000000	0.000000	-0.866771	0.000000	0.000000	0.000000	0.000000	0.000000	-0.319174	0.000000	0.000000	0.000000	0.000000	0.000000	0.000000	0.000000	0.000000	0.000000	0.000000	0.000000	-71.104365	0.000000	0.000000	0.000000
1764624058.400516987	0.000000	0.000000	-0.863364	0.000000	0.000000	0.000000	0.000000	0.000000	-0.319174	0.000000	0.000000	0.000000	0.000000	0.000000	0.000000	0.000000	0.000000	0.000000	0.000000	0.000000	-71.104365	0.000000	0.000000	0.000000
1764624058.409753084	0.000000	0.000000	-0.940113	0.000000	0.000000	0.000000	0.000000	0.000000	-0.319174	0.000000	0.000000	0.000000	0.000000	0.000000	0.000000	0.000000	0.000000	0.000000	0.000000	0.000000	-71.104365	0.000000	0.000000	0.000000
1764624058.431486130	0.000000	0.000000	-0.612599	0.000000	0.000000	0.000000	0.000000	0.000000	-0.319174	0.000000	0.000000	0.000000	0.000000	0.000000	0.000000	0.000000	0.000000	0.000000	0.000000	0.000000	-71.104365	0.000000	0.000000	0.000000
1764624058.431515932	0.000000	0.000000	-0.724360	0.000000	0.000000	0.000000	0.000000	0.000000	-0.319174	0.000000	0.000000	0.000000	0.000000	0.000000	0.000000	0.000000	0.000000	0.000000	0.000000	0.000000	-71.104365	0.000000	0.000000	0.000000
1764624058.439523220	0.000000	0.000000	-0.548175	0.000000	0.000000	0.000000	0.000000	0.000000	-0.319174	0.000000	0.000000	0.000000	0.000000	0.000000	0.000000	0.000000	0.000000	0.000000	0.000000	0.000000	-71.104365	0.000000	0.000000	0.000000
1764624058.451742411	0.000000	0.000000	-0.369934	0.000000	0.000000	0.000000	0.000000	0.000000	-0.319174	0.000000	0.000000	0.000000	0.000000	0.000000	0.000000	0.000000	0.000000	0.000000	0.000000	0.000000	-71.104365	0.000000	0.000000	0.000000
1764624058.459088564	0.000000	0.000000	-0.525444	0.000000	0.000000	0.000000	0.000000	0.000000	-0.319174	0.000000	0.000000	0.000000	0.000000	0.000000	0.000000	0.000000	0.000000	0.000000	0.000000	0.000000	-71.104365	0.000000	0.000000	0.000000
1764624058.469641685	0.000000	0.000000	-0.372010	0.000000	0.000000	0.000000	0.000000	0.000000	-0.441163	0.000000	0.000000	0.000000	0.000000	0.000000	0.000000	0.000000	0.000000	0.000000	0.000000	0.000000	-71.104365	0.000000	0.000000	0.000000
1764624058.479965210	0.000000	0.000000	-0.325355	0.000000	0.000000	0.000000	0.000000	0.000000	-0.441163	0.000000	0.000000	0.000000	0.000000	0.000000	0.000000	0.000000	0.000000	0.000000	0.000000	0.000000	0.000000	0.000000	0.000000	0.000000
1764624058.500555992	0.000000	0.000000	-0.415872	0.000000	0.000000	0.000000	0.000000	0.000000	-0.441163	0.000000	0.000000	0.000000	0.000000	0.000000	0.000000	0.000000	0.000000	0.000000	0.000000	0.000000	0.000000	0.000000	0.000000	0.000000
1764624058.500567913	0.000000	0.000000	-0.324947	0.000000	0.000000	0.000000	0.000000	0.000000	-0.441163	0.000000	0.000000	0.000000	0.000000	0.000000	0.000000	0.000000	0.000000	0.000000	0.000000	0.000000	0.000000	0.000000	0.000000	0.000000
1764624058.509793282	0.000000	0.000000	-0.409449	0.000000	0.000000	0.000000	0.000000	0.000000	-0.441163	0.000000	0.000000	0.000000	0.000000	0.000000	0.000000	0.000000	0.000000	0.000000	0.000000	0.000000	0.000000	0.000000	0.000000	0.000000
1764624058.519266367	0.000000	0.000000	-0.364641	0.000000	0.000000	0.000000	0.000000	0.000000	-0.441163	0.000000	0.000000	0.000000	0.000000	0.000000	0.000000	0.000000	0.000000	0.000000	0.000000	0.000000	0.000000	0.000000	0.000000	0.000000
1764624058.538254261	0.000000	0.000000	-0.162195	0.000000	0.000000	0.000000	0.000000	0.000000	-0.441163	0.000000	0.000000	0.000000	0.000000	0.000000	0.000000	0.000000	0.000000	0.000000	0.000000	0.000000	0.000000	0.000000	0.000000	0.000000
1764624058.540660381	0.000000	0.000000	-0.362238	0.000000	0.000000	0.000000	0.000000	0.000000	-0.441163	0.000000	0.000000	0.000000	0.000000	0.000000	0.000000	0.000000	0.000000	0.000000	0.000000	0.000000	0.000000	0.000000	0.000000	0.000000
1764624058.549495220	0.000000	0.000000	-0.243514	0.000000	0.000000	0.000000	0.000000	0.000000	-0.441163	0.000000	0.000000	0.000000	0.000000	0.000000	0.000000	0.000000	0.000000	0.000000	0.000000	0.000000	0.000000	0.000000	0.000000	0.000000
1764624058.559859753	0.000000	0.000000	-0.116476	0.000000	0.000000	0.000000	0.000000	0.000000	-0.441163	0.000000	0.000000	0.000000	0.000000	0.000000	0.000000	0.000000	0.000000	0.000000	0.000000	0.000000	0.000000	0.000000	0.000000	0.000000
1764624058.569202423	0.000000	0.000000	-0.087021	0.000000	0.000000	0.000000	0.000000	0.000000	-0.441163	0.000000	0.000000	0.000000	0.000000	0.000000	0.000000	0.000000	0.000000	0.000000	0.000000	0.000000	0.000000	0.000000	0.000000	0.000000
1764624058.590097427	0.000000	0.000000	0.093182	0.000000	0.000000	0.000000	0.000000	0.000000	-0.441163	0.000000	0.000000	0.000000	0.000000	0.000000	0.000000	0.000000	0.000000	0.000000	0.000000	0.000000	0.000000	0.000000	0.000000	0.000000
1764624058.590106249	0.000000	0.000000	0.115895	0.000000	0.000000	0.000000	0.000000	0.000000	-0.441163	0.000000	0.000000	0.000000	0.000000	0.000000	0.000000	0.000000	0.000000	0.000000	0.000000	0.000000	0.000000	0.000000	0.000000	0.000000
1764624058.599809885	0.000000	0.000000	0.227360	0.000000	0.000000	0.000000	0.000000	0.000000	-0.441163	0.000000	0.000000	0.000000	0.000000	0.000000	0.000000	0.000000	0.000000	0.000000	0.000000	0.000000	0.000000	0.000000	0.000000	0.000000
1764624058.617247820	0.000000	0.000000	0.468103	0.000000	0.000000	0.000000	0.000000	0.000000	-0.441163	0.000000	0.000000	0.000000	0.000000	0.000000	0.000000	0.000000	0.000000	0.000000	0.000000	0.000000	0.000000	0.000000	0.000000	0.000000
1764624058.619580507	0.000000	0.000000	0.374620	0.000000	0.000000	0.000000	0.000000	0.000000	-0.441163	0.000000	0.000000	0.000000	0.000000	0.000000	0.000000	0.000000	0.000000	0.000000	0.000000	0.000000	0.000000	0.000000	0.000000	0.000000
1764624058.629033566	0.000000	0.000000	0.427902	0.000000	0.000000	0.000000	0.000000	0.000000	-0.441163	0.000000	0.000000	0.000000	0.000000	0.000000	0.000000	0.000000	0.000000	0.000000	0.000000	0.000000	0.000000	0.000000	0.000000	0.000000
1764624058.638704777	0.000000	0.000000	0.414603	0.000000	0.000000	0.000000	0.000000	0.000000	-0.441163	0.000000	0.000000	0.000000	0.000000	0.000000	0.000000	0.000000	0.000000	0.000000	0.000000	0.000000	0.000000	0.000000	0.000000	0.000000
1764624058.648943901	0.000000	0.000000	0.591228	0.000000	0.000000	0.000000	0.000000	0.000000	-0.441163	0.000000	0.000000	0.000000	0.000000	0.000000	0.000000	0.000000	0.000000	0.000000	0.000000	0.000000	0.000000	0.000000	0.000000	0.000000
1764624058.659229755	0.000000	0.000000	0.420978	0.000000	0.000000	0.000000	0.000000	0.000000	-0.441163	0.000000	0.000000	0.000000	0.000000	0.000000	0.000000	0.000000	0.000000	0.000000	0.000000	0.000000	0.000000	0.000000	0.000000	0.000000
1764624058.670009375	0.000000	0.000000	0.526851	0.000000	0.000000	0.000000	0.000000	0.000000	-0.441163	0.000000	0.000000	0.000000	0.000000	0.000000	0.000000	0.000000	0.000000	0.000000	0.000000	0.000000	0.000000	0.000000	0.000000	0.000000
1764624058.679519892	0.000000	0.000000	0.575059	0.000000	0.000000	0.000000	0.000000	0.000000	-0.441163	0.000000	0.000000	0.000000	0.000000	0.000000	0.000000	0.000000	0.000000	0.000000	0.000000	0.000000	0.000000	0.000000	0.000000	0.000000
1764624058.696576595	0.000000	0.000000	0.330345	0.000000	0.000000	0.000000	0.000000	0.000000	-0.441163	0.000000	0.000000	0.000000	0.000000	0.000000	0.000000	0.000000	0.000000	0.000000	0.000000	0.000000	0.000000	0.000000	0.000000	0.000000
1764624058.699099302	0.000000	0.000000	0.705490	0.000000	0.000000	0.000000	0.000000	0.000000	-0.441163	0.000000	0.000000	0.000000	0.000000	0.000000	0.000000	0.000000	0.000000	0.000000	0.000000	0.000000	0.000000	0.000000	0.000000	0.000000
1764624058.709451199	0.000000	0.000000	0.331028	0.000000	0.000000	0.000000	0.000000	0.000000	-0.441163	0.000000	0.000000	0.000000	0.000000	0.000000	0.000000	0.000000	0.000000	0.000000	0.000000	0.000000	0.000000	0.000000	0.000000	0.000000
1764624058.719280958	0.000000	0.000000	0.733816	0.000000	0.000000	0.000000	0.000000	0.000000	-0.378860	0.000000	0.000000	0.000000	0.000000	0.000000	0.000000	0.000000	0.000000	0.000000	0.000000	0.000000	0.000000	0.000000	0.000000	0.000000
1764624058.729655743	0.000000	0.000000	0.417336	0.000000	0.000000	0.000000	0.000000	0.000000	-0.378860	0.000000	0.000000	0.000000	0.000000	0.000000	0.000000	0.000000	0.000000	0.000000	0.000000	0.000000	0.000000	0.000000	0.000000	0.000000
1764624058.745278835	0.000000	0.000000	0.510780	0.000000	0.000000	0.000000	0.000000	0.000000	-0.378860	0.000000	0.000000	0.000000	0.000000	0.000000	0.000000	0.000000	0.000000	0.000000	0.000000	0.000000	0.000000	0.000000	0.000000	0.000000
1764624058.749478340	0.000000	0.000000	0.506107	0.000000	0.000000	0.000000	0.000000	0.000000	-0.378860	0.000000	0.000000	0.000000	0.000000	0.000000	0.000000	0.000000	0.000000	0.000000	0.000000	0.000000	0.000000	0.000000	0.000000	0.000000
1764624058.759876728	0.000000	0.000000	0.342157	0.000000	0.000000	0.000000	0.000000	0.000000	-0.378860	0.000000	0.000000	0.000000	0.000000	0.000000	0.000000	0.000000	0.000000	0.000000	0.000000	0.000000	0.000000	0.000000	0.000000	0.000000
1764624058.779905558	0.000000	0.000000	0.394543	0.000000	0.000000	0.000000	0.000000	0.000000	-0.378860	0.000000	0.000000	0.000000	0.000000	0.000000	0.000000	0.000000	0.000000	0.000000	0.000000	0.000000	0.000000	0.000000	0.000000	0.000000
1764624058.779920578	0.000000	0.000000	0.434730	0.000000	0.000000	0.000000	0.000000	0.000000	-0.378860	0.000000	0.000000	0.000000	0.000000	0.000000	0.000000	0.000000	0.000000	0.000000	0.000000	0.000000	0.000000	0.000000	0.000000	0.000000
1764624058.789599895	0.000000	0.000000	0.432792	0.000000	0.000000	0.000000	0.000000	0.000000	-0.378860	0.000000	0.000000	0.000000	0.000000	0.000000	0.000000	0.000000	0.000000	0.000000	0.000000	0.000000	0.000000	0.000000	0.000000	0.000000
1764624058.802236080	0.000000	0.000000	0.330032	0.000000	0.000000	0.000000	0.000000	0.000000	-0.378860	0.000000	0.000000	0.000000	0.000000	0.000000	0.000000	0.000000	0.000000	0.000000	0.000000	0.000000	0.000000	0.000000	0.000000	0.000000
1764624058.809808969	0.000000	0.000000	0.380004	0.000000	0.000000	0.000000	0.000000	0.000000	-0.378860	0.000000	0.000000	0.000000	0.000000	0.000000	0.000000	0.000000	0.000000	0.000000	0.000000	0.000000	0.000000	0.000000	0.000000	0.000000
1764624058.825586081	0.000000	0.000000	0.337720	0.000000	0.000000	0.000000	0.000000	0.000000	-0.378860	0.000000	0.000000	0.000000	0.000000	0.000000	0.000000	0.000000	0.000000	0.000000	0.000000	0.000000	0.000000	0.000000	0.000000	0.000000
1764624058.829463243	0.000000	0.000000	0.330199	0.000000	0.000000	0.000000	0.000000	0.000000	-0.378860	0.000000	0.000000	0.000000	0.000000	0.000000	0.000000	0.000000	0.000000	0.000000	0.000000	0.000000	0.000000	0.000000	0.000000	0.000000
1764624058.843923807	0.000000	0.000000	0.323646	0.000000	0.000000	0.000000	0.000000	0.000000	-0.378860	0.000000	0.000000	0.000000	0.000000	0.000000	0.000000	0.000000	0.000000	0.000000	0.000000	0.000000	0.000000	0.000000	0.000000	0.000000
1764624058.854603767	0.000000	0.000000	0.316179	0.000000	0.000000	0.000000	0.000000	0.000000	-0.378860	0.000000	0.000000	0.000000	0.000000	0.000000	0.000000	0.000000	0.000000	0.000000	0.000000	0.000000	0.000000	0.000000	0.000000	0.000000
1764624058.859450340	0.000000	0.000000	0.307142	0.000000	0.000000	0.000000	0.000000	0.000000	-0.378860	0.000000	0.000000	0.000000	0.000000	0.000000	0.000000	0.000000	0.000000	0.000000	0.000000	0.000000	0.000000	0.000000	0.000000	0.000000
1764624058.869929314	0.000000	0.000000	0.279013	0.000000	0.000000	0.000000	0.000000	0.000000	-0.378860	0.000000	0.000000	0.000000	0.000000	0.000000	0.000000	0.000000	0.000000	0.000000	0.000000	0.000000	0.000000	0.000000	0.000000	0.000000
1764624058.879955530	0.000000	0.000000	0.274043	0.000000	0.000000	0.000000	0.000000	0.000000	-0.378860	0.000000	0.000000	0.000000	0.000000	0.000000	0.000000	0.000000	0.000000	0.000000	0.000000	0.000000	0.000000	0.000000	0.000000	0.000000
1764624058.896581173	0.000000	0.000000	0.267085	0.000000	0.000000	0.000000	0.000000	0.000000	-0.378860	0.000000	0.000000	0.000000	0.000000	0.000000	0.000000	0.000000	0.000000	0.000000	0.000000	0.000000	0.000000	0.000000	0.000000	0.000000
1764624058.915230989	0.000000	0.000000	0.271455	0.000000	0.000000	0.000000	0.000000	0.000000	-0.378860	0.000000	0.000000	0.000000	0.000000	0.000000	0.000000	0.000000	0.000000	0.000000	0.000000	0.000000	88.716760	0.000000	0.000000	0.000000
1764624058.915256739	0.000000	0.000000	0.259533	0.000000	0.000000	0.000000	0.000000	0.000000	-0.378860	0.000000	0.000000	0.000000	0.000000	0.000000	0.000000	0.000000	0.000000	0.000000	0.000000	0.000000	88.716760	0.000000	0.000000	0.000000
1764624058.919511080	0.000000	0.000000	0.235014	0.000000	0.000000	0.000000	0.000000	0.000000	-0.378860	0.000000	0.000000	0.000000	0.000000	0.000000	0.000000	0.000000	0.000000	0.000000	0.000000	0.000000	88.716760	0.000000	0.000000	0.000000
1764624058.938034773	0.000000	0.000000	0.234668	0.000000	0.000000	0.000000	0.000000	0.000000	-0.378860	0.000000	0.000000	0.000000	0.000000	0.000000	0.000000	0.000000	0.000000	0.000000	0.000000	0.000000	88.716760	0.000000	0.000000	0.000000
1764624058.939811945	0.000000	0.000000	0.226401	0.000000	0.000000	0.000000	0.000000	0.000000	-0.378860	0.000000	0.000000	0.000000	0.000000	0.000000	0.000000	0.000000	0.000000	0.000000	0.000000	0.000000	88.716760	0.000000	0.000000	0.000000
1764624058.949810266	0.000000	0.000000	0.211948	0.000000	0.000000	0.000000	0.000000	0.000000	-0.378860	0.000000	0.000000	0.000000	0.000000	0.000000	0.000000	0.000000	0.000000	0.000000	0.000000	0.000000	88.716760	0.000000	0.000000	0.000000
1764624058.959495306	0.000000	0.000000	0.225177	0.000000	0.000000	0.000000	0.000000	0.000000	-0.378860	0.000000	0.000000	0.000000	0.000000	0.000000	0.000000	0.000000	0.000000	0.000000	0.000000	0.000000	88.716760	0.000000	0.000000	0.000000
1764624058.970537901	0.000000	0.000000	0.210309	0.000000	0.000000	0.000000	0.000000	0.000000	-0.279640	0.000000	0.000000	0.000000	0.000000	0.000000	0.000000	0.000000	0.000000	0.000000	0.000000	0.000000	88.716760	0.000000	0.000000	0.000000
1764624058.984683037	0.000000	0.000000	0.246649	0.000000	0.000000	0.000000	0.000000	0.000000	-0.279640	0.000000	0.000000	0.000000	0.000000	0.000000	0.000000	0.000000	0.000000	0.000000	0.000000	0.000000	88.716760	0.000000	0.000000	0.000000
1764624058.989000320	0.000000	0.000000	0.206528	0.000000	0.000000	0.000000	0.000000	0.000000	-0.279640	0.000000	0.000000	0.000000	0.000000	0.000000	0.000000	0.000000	0.000000	0.000000	0.000000	0.000000	88.716760	0.000000	0.000000	0.000000
1764624058.999169111	0.000000	0.000000	0.190816	0.000000	0.000000	0.000000	0.000000	0.000000	-0.279640	0.000000	0.000000	0.000000	0.000000	0.000000	0.000000	0.000000	0.000000	0.000000	0.000000	0.000000	88.716760	0.000000	0.000000	0.000000
1764624059.014005899	0.000000	0.000000	0.171997	0.000000	0.000000	0.000000	0.000000	0.000000	-0.279640	0.000000	0.000000	0.000000	0.000000	0.000000	0.000000	0.000000	0.000000	0.000000	0.000000	0.000000	88.716760	0.000000	0.000000	0.000000
1764624059.019404173	0.000000	0.000000	0.218035	0.000000	0.000000	0.000000	0.000000	0.000000	-0.279640	0.000000	0.000000	0.000000	0.000000	0.000000	0.000000	0.000000	0.000000	0.000000	0.000000	0.000000	88.716760	0.000000	0.000000	0.000000
1764624059.029853821	0.000000	0.000000	0.245328	0.000000	0.000000	0.000000	0.000000	0.000000	-0.279640	0.000000	0.000000	0.000000	0.000000	0.000000	0.000000	0.000000	0.000000	0.000000	0.000000	0.000000	88.716760	0.000000	0.000000	0.000000
1764624059.039951324	0.000000	0.000000	0.298888	0.000000	0.000000	0.000000	0.000000	0.000000	-0.279640	0.000000	0.000000	0.000000	0.000000	0.000000	0.000000	0.000000	0.000000	0.000000	0.000000	0.000000	88.716760	0.000000	0.000000	0.000000
1764624059.060333729	0.000000	0.000000	0.426015	0.000000	0.000000	0.000000	0.000000	0.000000	-0.279640	0.000000	0.000000	0.000000	0.000000	0.000000	0.000000	0.000000	0.000000	0.000000	0.000000	0.000000	88.716760	0.000000	0.000000	0.000000
1764624059.062145710	0.000000	0.000000	0.518235	0.000000	0.000000	0.000000	0.000000	0.000000	-0.279640	0.000000	0.000000	0.000000	0.000000	0.000000	0.000000	0.000000	0.000000	0.000000	0.000000	0.000000	88.716760	0.000000	0.000000	0.000000
1764624059.069711447	0.000000	0.000000	0.558642	0.000000	0.000000	0.000000	0.000000	0.000000	-0.279640	0.000000	0.000000	0.000000	0.000000	0.000000	0.000000	0.000000	0.000000	0.000000	0.000000	0.000000	88.716760	0.000000	0.000000	0.000000
1764624059.080135822	0.000000	0.000000	0.628659	0.000000	0.000000	0.000000	0.000000	0.000000	-0.279640	0.000000	0.000000	0.000000	0.000000	0.000000	0.000000	0.000000	0.000000	0.000000	0.000000	0.000000	88.716760	0.000000	0.000000	0.000000
1764624059.096377850	0.000000	0.000000	0.706854	0.000000	0.000000	0.000000	0.000000	0.000000	-0.279640	0.000000	0.000000	0.000000	0.000000	0.000000	0.000000	0.000000	0.000000	0.000000	0.000000	0.000000	88.716760	0.000000	0.000000	0.000000
1764624059.099529028	0.000000	0.000000	0.776579	0.000000	0.000000	0.000000	0.000000	0.000000	-0.279640	0.000000	0.000000	0.000000	0.000000	0.000000	0.000000	0.000000	0.000000	0.000000	0.000000	0.000000	88.716760	0.000000	0.000000	0.000000
1764624059.110102177	0.000000	0.000000	0.671259	0.000000	0.000000	0.000000	0.000000	0.000000	-0.279640	0.000000	0.000000	0.000000	0.000000	0.000000	0.000000	0.000000	0.000000	0.000000	0.000000	0.000000	88.716760	0.000000	0.000000	0.000000
1764624059.120155096	0.000000	0.000000	0.858088	0.000000	0.000000	0.000000	0.000000	0.000000	-0.279640	0.000000	0.000000	0.000000	0.000000	0.000000	0.000000	0.000000	0.000000	0.000000	0.000000	0.000000	88.716760	0.000000	0.000000	0.000000
1764624059.143003941	0.000000	0.000000	0.800126	0.000000	0.000000	0.000000	0.000000	0.000000	-0.279640	0.000000	0.000000	0.000000	0.000000	0.000000	0.000000	0.000000	0.000000	0.000000	0.000000	0.000000	88.716760	0.000000	0.000000	0.000000
1764624059.143029213	0.000000	0.000000	0.864188	0.000000	0.000000	0.000000	0.000000	0.000000	-0.279640	0.000000	0.000000	0.000000	0.000000	0.000000	0.000000	0.000000	0.000000	0.000000	0.000000	0.000000	88.716760	0.000000	0.000000	0.000000
1764624059.149591684	0.000000	0.000000	0.839818	0.000000	0.000000	0.000000	0.000000	0.000000	-0.279640	0.000000	0.000000	0.000000	0.000000	0.000000	0.000000	0.000000	0.000000	0.000000	0.000000	0.000000	88.716760	0.000000	0.000000	0.000000
1764624059.163328409	0.000000	0.000000	0.915384	0.000000	0.000000	0.000000	0.000000	0.000000	-0.279640	0.000000	0.000000	0.000000	0.000000	0.000000	0.000000	0.000000	0.000000	0.000000	0.000000	0.000000	88.716760	0.000000	0.000000	0.000000
1764624059.176108122	0.000000	0.000000	0.889389	0.000000	0.000000	0.000000	0.000000	0.000000	-0.279640	0.000000	0.000000	0.000000	0.000000	0.000000	0.000000	0.000000	0.000000	0.000000	0.000000	0.000000	88.716760	0.000000	0.000000	0.000000
1764624059.179187059	0.000000	0.000000	0.917737	0.000000	0.000000	0.000000	0.000000	0.000000	-0.279640	0.000000	0.000000	0.000000	0.000000	0.000000	0.000000	0.000000	0.000000	0.000000	0.000000	0.000000	88.716760	0.000000	0.000000	0.000000
1764624059.189026833	0.000000	0.000000	0.866266	0.000000	0.000000	0.000000	0.000000	0.000000	-0.279640	0.000000	0.000000	0.000000	0.000000	0.000000	0.000000	0.000000	0.000000	0.000000	0.000000	0.000000	88.716760	0.000000	0.000000	0.000000
1764624059.199648142	0.000000	0.000000	0.892930	0.000000	0.000000	0.000000	0.000000	0.000000	-0.279640	0.000000	0.000000	0.000000	0.000000	0.000000	0.000000	0.000000	0.000000	0.000000	0.000000	0.000000	88.716760	0.000000	0.000000	0.000000
1764624059.210331678	0.000000	0.000000	0.871571	0.000000	0.000000	0.000000	0.000000	0.000000	-0.279640	0.000000	0.000000	0.000000	0.000000	0.000000	0.000000	0.000000	0.000000	0.000000	0.000000	0.000000	88.716760	0.000000	0.000000	0.000000
1764624059.228267193	0.000000	0.000000	0.831186	0.000000	0.000000	0.000000	0.000000	0.000000	-0.102502	0.000000	0.000000	0.000000	0.000000	0.000000	0.000000	0.000000	0.000000	0.000000	0.000000	0.000000	88.716760	0.000000	0.000000	0.000000
1764624059.230377913	0.000000	0.000000	0.844564	0.000000	0.000000	0.000000	0.000000	0.000000	-0.102502	0.000000	0.000000	0.000000	0.000000	0.000000	0.000000	0.000000	0.000000	0.000000	0.000000	0.000000	88.716760	0.000000	0.000000	0.000000
1764624059.240359306	0.000000	0.000000	0.806612	0.000000	0.000000	0.000000	0.000000	0.000000	-0.102502	0.000000	0.000000	0.000000	0.000000	0.000000	0.000000	0.000000	0.000000	0.000000	0.000000	0.000000	88.716760	0.000000	0.000000	0.000000
1764624059.257632256	0.000000	0.000000	0.781613	0.000000	0.000000	0.000000	0.000000	0.000000	-0.102502	0.000000	0.000000	0.000000	0.000000	0.000000	0.000000	0.000000	0.000000	0.000000	0.000000	0.000000	88.716760	0.000000	0.000000	0.000000
1764624059.259495974	0.000000	0.000000	0.833529	0.000000	0.000000	0.000000	0.000000	0.000000	-0.102502	0.000000	0.000000	0.000000	0.000000	0.000000	0.000000	0.000000	0.000000	0.000000	0.000000	0.000000	88.716760	0.000000	0.000000	0.000000
1764624059.269903660	0.000000	0.000000	0.557705	0.000000	0.000000	0.000000	0.000000	0.000000	-0.102502	0.000000	0.000000	0.000000	0.000000	0.000000	0.000000	0.000000	0.000000	0.000000	0.000000	0.000000	88.716760	0.000000	0.000000	0.000000
1764624059.279341698	0.000000	0.000000	0.854416	0.000000	0.000000	0.000000	0.000000	0.000000	-0.102502	0.000000	0.000000	0.000000	0.000000	0.000000	0.000000	0.000000	0.000000	0.000000	0.000000	0.000000	88.716760	0.000000	0.000000	0.000000
1764624059.293270111	0.000000	0.000000	0.672780	0.000000	0.000000	0.000000	0.000000	0.000000	-0.102502	0.000000	0.000000	0.000000	0.000000	0.000000	0.000000	0.000000	0.000000	0.000000	0.000000	0.000000	88.716760	0.000000	0.000000	0.000000
1764624059.300506592	0.000000	0.000000	0.499261	0.000000	0.000000	0.000000	0.000000	0.000000	-0.102502	0.000000	0.000000	0.000000	0.000000	0.000000	0.000000	0.000000	0.000000	0.000000	0.000000	0.000000	88.716760	0.000000	0.000000	0.000000
1764624059.309626579	0.000000	0.000000	0.466970	0.000000	0.000000	0.000000	0.000000	0.000000	-0.102502	0.000000	0.000000	0.000000	0.000000	0.000000	0.000000	0.000000	0.000000	0.000000	0.000000	0.000000	88.716760	0.000000	0.000000	0.000000
1764624059.319352150	0.000000	0.000000	0.295666	0.000000	0.000000	0.000000	0.000000	0.000000	-0.102502	0.000000	0.000000	0.000000	0.000000	0.000000	0.000000	0.000000	0.000000	0.000000	0.000000	0.000000	88.716760	0.000000	0.000000	0.000000
1764624059.330333710	0.000000	0.000000	0.560373	0.000000	0.000000	0.000000	0.000000	0.000000	-0.102502	0.000000	0.000000	0.000000	0.000000	0.000000	0.000000	0.000000	0.000000	0.000000	0.000000	0.000000	88.716760	0.000000	0.000000	0.000000
1764624059.347144604	0.000000	0.000000	0.392134	0.000000	0.000000	0.000000	0.000000	0.000000	-0.102502	0.000000	0.000000	0.000000	0.000000	0.000000	0.000000	0.000000	0.000000	0.000000	0.000000	0.000000	88.716760	0.000000	0.000000	0.000000
1764624059.349751949	0.000000	0.000000	0.258941	0.000000	0.000000	0.000000	0.000000	0.000000	-0.102502	0.000000	0.000000	0.000000	0.000000	0.000000	0.000000	0.000000	0.000000	0.000000	0.000000	0.000000	88.716760	0.000000	0.000000	0.000000
1764624059.360993862	0.000000	0.000000	0.593057	0.000000	0.000000	0.000000	0.000000	0.000000	-0.102502	0.000000	0.000000	0.000000	0.000000	0.000000	0.000000	0.000000	0.000000	0.000000	0.000000	0.000000	88.716760	0.000000	0.000000	0.000000
1764624059.378091812	0.000000	0.000000	0.382672	0.000000	0.000000	0.000000	0.000000	0.000000	-0.102502	0.000000	0.000000	0.000000	0.000000	0.000000	0.000000	0.000000	0.000000	0.000000	0.000000	0.000000	88.716760	0.000000	0.000000	0.000000
1764624059.379534721	0.000000	0.000000	0.285350	0.000000	0.000000	0.000000	0.000000	0.000000	-0.102502	0.000000	0.000000	0.000000	0.000000	0.000000	0.000000	0.000000	0.000000	0.000000	0.000000	0.000000	88.716760	0.000000	0.000000	0.000000
1764624059.388781071	0.000000	0.000000	0.522061	0.000000	0.000000	0.000000	0.000000	0.000000	-0.102502	0.000000	0.000000	0.000000	0.000000	0.000000	0.000000	0.000000	0.000000	0.000000	0.000000	0.000000	88.716760	0.000000	0.000000	0.000000
1764624059.399666071	0.000000	0.000000	0.241987	0.000000	0.000000	0.000000	0.000000	0.000000	-0.102502	0.000000	0.000000	0.000000	0.000000	0.000000	0.000000	0.000000	0.000000	0.000000	0.000000	0.000000	88.716760	0.000000	0.000000	0.000000
1764624059.409706116	0.000000	0.000000	0.568444	0.000000	0.000000	0.000000	0.000000	0.000000	-0.102502	0.000000	0.000000	0.000000	0.000000	0.000000	0.000000	0.000000	0.000000	0.000000	0.000000	0.000000	88.716760	0.000000	0.000000	0.000000
1764624059.427451611	0.000000	0.000000	0.327920	0.000000	0.000000	0.000000	0.000000	0.000000	-0.102502	0.000000	0.000000	0.000000	0.000000	0.000000	0.000000	0.000000	0.000000	0.000000	0.000000	0.000000	88.716760	0.000000	0.000000	0.000000
1764624059.429606199	0.000000	0.000000	0.452445	0.000000	0.000000	0.000000	0.000000	0.000000	-0.102502	0.000000	0.000000	0.000000	0.000000	0.000000	0.000000	0.000000	0.000000	0.000000	0.000000	0.000000	88.716760	0.000000	0.000000	0.000000
1764624059.439639091	0.000000	0.000000	0.538625	0.000000	0.000000	0.000000	0.000000	0.000000	-0.102502	0.000000	0.000000	0.000000	0.000000	0.000000	0.000000	0.000000	0.000000	0.000000	0.000000	0.000000	88.716760	0.000000	0.000000	0.000000
1764624059.458221197	0.000000	0.000000	0.396095	0.000000	0.000000	0.000000	0.000000	0.000000	-0.102502	0.000000	0.000000	0.000000	0.000000	0.000000	0.000000	0.000000	0.000000	0.000000	0.000000	0.000000	88.716760	0.000000	0.000000	0.000000
1764624059.459774017	0.000000	0.000000	0.381795	0.000000	0.000000	0.000000	0.000000	0.000000	-0.102502	0.000000	0.000000	0.000000	0.000000	0.000000	0.000000	0.000000	0.000000	0.000000	0.000000	0.000000	88.716760	0.000000	0.000000	0.000000
1764624059.470062256	0.000000	0.000000	0.495175	0.000000	0.000000	0.000000	0.000000	0.000000	0.032174	0.000000	0.000000	0.000000	0.000000	0.000000	0.000000	0.000000	0.000000	0.000000	0.000000	0.000000	88.716760	0.000000	0.000000	0.000000
1764624059.479879856	0.000000	0.000000	0.521896	0.000000	0.000000	0.000000	0.000000	0.000000	0.032174	0.000000	0.000000	0.000000	0.000000	0.000000	0.000000	0.000000	0.000000	0.000000	0.000000	0.000000	88.716760	0.000000	0.000000	0.000000
1764624059.496853113	0.000000	0.000000	0.207613	0.000000	0.000000	0.000000	0.000000	0.000000	0.032174	0.000000	0.000000	0.000000	0.000000	0.000000	0.000000	0.000000	0.000000	0.000000	0.000000	0.000000	88.716760	0.000000	0.000000	0.000000
1764624059.498629570	0.000000	0.000000	0.490861	0.000000	0.000000	0.000000	0.000000	0.000000	0.032174	0.000000	0.000000	0.000000	0.000000	0.000000	0.000000	0.000000	0.000000	0.000000	0.000000	0.000000	88.716760	0.000000	0.000000	0.000000
1764624059.509546041	0.000000	0.000000	0.290922	0.000000	0.000000	0.000000	0.000000	0.000000	0.032174	0.000000	0.000000	0.000000	0.000000	0.000000	0.000000	0.000000	0.000000	0.000000	0.000000	0.000000	88.716760	0.000000	0.000000	0.000000
1764624059.520214319	0.000000	0.000000	0.364923	0.000000	0.000000	0.000000	0.000000	0.000000	0.032174	0.000000	0.000000	0.000000	0.000000	0.000000	0.000000	0.000000	0.000000	0.000000	0.000000	0.000000	88.716760	0.000000	0.000000	0.000000
1764624059.529686451	0.000000	0.000000	0.640804	0.000000	0.000000	0.000000	0.000000	0.000000	0.032174	0.000000	0.000000	0.000000	0.000000	0.000000	0.000000	0.000000	0.000000	0.000000	0.000000	0.000000	88.716760	0.000000	0.000000	0.000000
1764624059.555030107	0.000000	0.000000	0.337830	0.000000	0.000000	0.000000	0.000000	0.000000	0.032174	0.000000	0.000000	0.000000	0.000000	0.000000	0.000000	0.000000	0.000000	0.000000	0.000000	0.000000	88.716760	0.000000	0.000000	0.000000
1764624059.555037737	0.000000	0.000000	0.413189	0.000000	0.000000	0.000000	0.000000	0.000000	0.032174	0.000000	0.000000	0.000000	0.000000	0.000000	0.000000	0.000000	0.000000	0.000000	0.000000	0.000000	88.716760	0.000000	0.000000	0.000000
1764624059.559590578	0.000000	0.000000	0.511146	0.000000	0.000000	0.000000	0.000000	0.000000	0.032174	0.000000	0.000000	0.000000	0.000000	0.000000	0.000000	0.000000	0.000000	0.000000	0.000000	0.000000	88.716760	0.000000	0.000000	0.000000
1764624059.569869280	0.000000	0.000000	0.361342	0.000000	0.000000	0.000000	0.000000	0.000000	0.032174	0.000000	0.000000	0.000000	0.000000	0.000000	0.000000	0.000000	0.000000	0.000000	0.000000	0.000000	88.716760	0.000000	0.000000	0.000000
1764624059.587856054	0.000000	0.000000	0.662011	0.000000	0.000000	0.000000	0.000000	0.000000	0.032174	0.000000	0.000000	0.000000	0.000000	0.000000	0.000000	0.000000	0.000000	0.000000	0.000000	0.000000	88.716760	0.000000	0.000000	0.000000
1764624059.589147806	0.000000	0.000000	0.170954	0.000000	0.000000	0.000000	0.000000	0.000000	0.032174	0.000000	0.000000	0.000000	0.000000	0.000000	0.000000	0.000000	0.000000	0.000000	0.000000	0.000000	88.716760	0.000000	0.000000	0.000000
1764624059.600267649	0.000000	0.000000	0.684176	0.000000	0.000000	0.000000	0.000000	0.000000	0.032174	0.000000	0.000000	0.000000	0.000000	0.000000	0.000000	0.000000	0.000000	0.000000	0.000000	0.000000	88.716760	0.000000	0.000000	0.000000
1764624059.616804361	0.000000	0.000000	0.407201	0.000000	0.000000	0.000000	0.000000	0.000000	0.032174	0.000000	0.000000	0.000000	0.000000	0.000000	0.000000	0.000000	0.000000	0.000000	0.000000	0.000000	88.716760	0.000000	0.000000	0.000000
1764624059.619383097	0.000000	0.000000	0.391374	0.000000	0.000000	0.000000	0.000000	0.000000	0.032174	0.000000	0.000000	0.000000	0.000000	0.000000	0.000000	0.000000	0.000000	0.000000	0.000000	0.000000	88.716760	0.000000	0.000000	0.000000
1764624059.629485607	0.000000	0.000000	0.590277	0.000000	0.000000	0.000000	0.000000	0.000000	0.032174	0.000000	0.000000	0.000000	0.000000	0.000000	0.000000	0.000000	0.000000	0.000000	0.000000	0.000000	88.716760	0.000000	0.000000	0.000000
1764624059.639570475	0.000000	0.000000	0.411870	0.000000	0.000000	0.000000	0.000000	0.000000	0.032174	0.000000	0.000000	0.000000	0.000000	0.000000	0.000000	0.000000	0.000000	0.000000	0.000000	0.000000	88.716760	0.000000	0.000000	0.000000
1764624059.662086964	0.000000	0.000000	0.247853	0.000000	0.000000	0.000000	0.000000	0.000000	0.032174	0.000000	0.000000	0.000000	0.000000	0.000000	0.000000	0.000000	0.000000	0.000000	0.000000	0.000000	88.716760	0.000000	0.000000	0.000000
1764624059.663695574	0.000000	0.000000	0.540803	0.000000	0.000000	0.000000	0.000000	0.000000	0.032174	0.000000	0.000000	0.000000	0.000000	0.000000	0.000000	0.000000	0.000000	0.000000	0.000000	0.000000	88.716760	0.000000	0.000000	0.000000
1764624059.669086218	0.000000	0.000000	0.587828	0.000000	0.000000	0.000000	0.000000	0.000000	0.032174	0.000000	0.000000	0.000000	0.000000	0.000000	0.000000	0.000000	0.000000	0.000000	0.000000	0.000000	88.716760	0.000000	0.000000	0.000000
1764624059.679700136	0.000000	0.000000	0.344917	0.000000	0.000000	0.000000	0.000000	0.000000	0.032174	0.000000	0.000000	0.000000	0.000000	0.000000	0.000000	0.000000	0.000000	0.000000	0.000000	0.000000	88.716760	0.000000	0.000000	0.000000
1764624059.688900709	0.000000	0.000000	0.526356	0.000000	0.000000	0.000000	0.000000	0.000000	0.032174	0.000000	0.000000	0.000000	0.000000	0.000000	0.000000	0.000000	0.000000	0.000000	0.000000	0.000000	88.716760	0.000000	0.000000	0.000000
1764624059.709741592	0.000000	0.000000	0.651121	0.000000	0.000000	0.000000	0.000000	0.000000	0.032174	0.000000	0.000000	0.000000	0.000000	0.000000	0.000000	0.000000	0.000000	0.000000	0.000000	0.000000	88.716760	0.000000	0.000000	0.000000
1764624059.711088419	0.000000	0.000000	0.406024	0.000000	0.000000	0.000000	0.000000	0.000000	0.032174	0.000000	0.000000	0.000000	0.000000	0.000000	0.000000	0.000000	0.000000	0.000000	0.000000	0.000000	88.716760	0.000000	0.000000	0.000000
1764624059.719770193	0.000000	0.000000	0.368641	0.000000	0.000000	0.000000	0.000000	0.000000	0.203689	0.000000	0.000000	0.000000	0.000000	0.000000	0.000000	0.000000	0.000000	0.000000	0.000000	0.000000	88.716760	0.000000	0.000000	0.000000
1764624059.729152203	0.000000	0.000000	0.736432	0.000000	0.000000	0.000000	0.000000	0.000000	0.203689	0.000000	0.000000	0.000000	0.000000	0.000000	0.000000	0.000000	0.000000	0.000000	0.000000	0.000000	88.716760	0.000000	0.000000	0.000000
1764624059.747937918	0.000000	0.000000	0.250911	0.000000	0.000000	0.000000	0.000000	0.000000	0.203689	0.000000	0.000000	0.000000	0.000000	0.000000	0.000000	0.000000	0.000000	0.000000	0.000000	0.000000	88.716760	0.000000	0.000000	0.000000
1764624059.750573397	0.000000	0.000000	0.683005	0.000000	0.000000	0.000000	0.000000	0.000000	0.203689	0.000000	0.000000	0.000000	0.000000	0.000000	0.000000	0.000000	0.000000	0.000000	0.000000	0.000000	88.716760	0.000000	0.000000	0.000000
1764624059.760540009	0.000000	0.000000	0.516879	0.000000	0.000000	0.000000	0.000000	0.000000	0.203689	0.000000	0.000000	0.000000	0.000000	0.000000	0.000000	0.000000	0.000000	0.000000	0.000000	0.000000	88.716760	0.000000	0.000000	0.000000
1764624059.778315783	0.000000	0.000000	0.486467	0.000000	0.000000	0.000000	0.000000	0.000000	0.203689	0.000000	0.000000	0.000000	0.000000	0.000000	0.000000	0.000000	0.000000	0.000000	0.000000	0.000000	88.716760	0.000000	0.000000	0.000000
1764624059.778327465	0.000000	0.000000	0.586795	0.000000	0.000000	0.000000	0.000000	0.000000	0.203689	0.000000	0.000000	0.000000	0.000000	0.000000	0.000000	0.000000	0.000000	0.000000	0.000000	0.000000	88.716760	0.000000	0.000000	0.000000
1764624059.788722515	0.000000	0.000000	0.624904	0.000000	0.000000	0.000000	0.000000	0.000000	0.203689	0.000000	0.000000	0.000000	0.000000	0.000000	0.000000	0.000000	0.000000	0.000000	0.000000	0.000000	88.716760	0.000000	0.000000	0.000000
1764624059.798532009	0.000000	0.000000	0.322278	0.000000	0.000000	0.000000	0.000000	0.000000	0.203689	0.000000	0.000000	0.000000	0.000000	0.000000	0.000000	0.000000	0.000000	0.000000	0.000000	0.000000	88.716760	0.000000	0.000000	0.000000
1764624059.808599472	0.000000	0.000000	0.661024	0.000000	0.000000	0.000000	0.000000	0.000000	0.203689	0.000000	0.000000	0.000000	0.000000	0.000000	0.000000	0.000000	0.000000	0.000000	0.000000	0.000000	88.716760	0.000000	0.000000	0.000000
1764624059.828787565	0.000000	0.000000	0.480964	0.000000	0.000000	0.000000	0.000000	0.000000	0.203689	0.000000	0.000000	0.000000	0.000000	0.000000	0.000000	0.000000	0.000000	0.000000	0.000000	0.000000	88.716760	0.000000	0.000000	0.000000
1764624059.835332870	0.000000	0.000000	0.515519	0.000000	0.000000	0.000000	0.000000	0.000000	0.203689	0.000000	0.000000	0.000000	0.000000	0.000000	0.000000	0.000000	0.000000	0.000000	0.000000	0.000000	88.716760	0.000000	0.000000	0.000000
1764624059.838550806	0.000000	0.000000	0.534244	0.000000	0.000000	0.000000	0.000000	0.000000	0.203689	0.000000	0.000000	0.000000	0.000000	0.000000	0.000000	0.000000	0.000000	0.000000	0.000000	0.000000	88.716760	0.000000	0.000000	0.000000
1764624059.862676382	0.000000	0.000000	0.612382	0.000000	0.000000	0.000000	0.000000	0.000000	0.203689	0.000000	0.000000	0.000000	0.000000	0.000000	0.000000	0.000000	0.000000	0.000000	0.000000	0.000000	88.716760	0.000000	0.000000	0.000000
1764624059.862687111	0.000000	0.000000	0.422489	0.000000	0.000000	0.000000	0.000000	0.000000	0.203689	0.000000	0.000000	0.000000	0.000000	0.000000	0.000000	0.000000	0.000000	0.000000	0.000000	0.000000	88.716760	0.000000	0.000000	0.000000
1764624059.868682384	0.000000	0.000000	0.711595	0.000000	0.000000	0.000000	0.000000	0.000000	0.203689	0.000000	0.000000	0.000000	0.000000	0.000000	0.000000	0.000000	0.000000	0.000000	0.000000	0.000000	88.716760	0.000000	0.000000	0.000000
1764624059.878574371	0.000000	0.000000	0.482350	0.000000	0.000000	0.000000	0.000000	0.000000	0.203689	0.000000	0.000000	0.000000	0.000000	0.000000	0.000000	0.000000	0.000000	0.000000	0.000000	0.000000	88.716760	0.000000	0.000000	0.000000
1764624059.888650179	0.000000	0.000000	0.453462	0.000000	0.000000	0.000000	0.000000	0.000000	0.203689	0.000000	0.000000	0.000000	0.000000	0.000000	0.000000	0.000000	0.000000	0.000000	0.000000	0.000000	88.716760	0.000000	0.000000	0.000000
1764624059.899532318	0.000000	0.000000	0.572370	0.000000	0.000000	0.000000	0.000000	0.000000	0.203689	0.000000	0.000000	0.000000	0.000000	0.000000	0.000000	0.000000	0.000000	0.000000	0.000000	0.000000	88.716760	0.000000	0.000000	0.000000
1764624059.916752338	0.000000	0.000000	0.644222	0.000000	0.000000	0.000000	0.000000	0.000000	0.203689	0.000000	0.000000	0.000000	0.000000	0.000000	0.000000	0.000000	0.000000	0.000000	0.000000	0.000000	88.716760	0.000000	0.000000	0.000000
1764624059.919352531	0.000000	0.000000	0.566555	0.000000	0.000000	0.000000	0.000000	0.000000	0.203689	0.000000	0.000000	0.000000	0.000000	0.000000	0.000000	0.000000	0.000000	0.000000	0.000000	0.000000	88.716760	0.000000	0.000000	0.000000
1764624059.944499969	0.000000	0.000000	0.570584	0.000000	0.000000	0.000000	0.000000	0.000000	0.203689	0.000000	0.000000	0.000000	0.000000	0.000000	0.000000	0.000000	0.000000	0.000000	0.000000	0.000000	88.716760	0.000000	0.000000	0.000000
1764624059.946070910	0.000000	0.000000	0.591150	0.000000	0.000000	0.000000	0.000000	0.000000	0.203689	0.000000	0.000000	0.000000	0.000000	0.000000	0.000000	0.000000	0.000000	0.000000	0.000000	0.000000	88.716760	0.000000	0.000000	0.000000
1764624059.949180365	0.000000	0.000000	0.435615	0.000000	0.000000	0.000000	0.000000	0.000000	0.203689	0.000000	0.000000	0.000000	0.000000	0.000000	0.000000	0.000000	0.000000	0.000000	0.000000	0.000000	88.716760	0.000000	0.000000	0.000000
1764624059.959873915	0.000000	0.000000	0.584951	0.000000	0.000000	0.000000	0.000000	0.000000	0.337002	0.000000	0.000000	0.000000	0.000000	0.000000	0.000000	0.000000	0.000000	0.000000	0.000000	0.000000	88.716760	0.000000	0.000000	0.000000
1764624059.978797436	0.000000	0.000000	0.559795	0.000000	0.000000	0.000000	0.000000	0.000000	0.337002	0.000000	0.000000	0.000000	0.000000	0.000000	0.000000	0.000000	0.000000	0.000000	0.000000	0.000000	88.716760	0.000000	0.000000	0.000000
1764624059.980008125	0.000000	0.000000	0.624095	0.000000	0.000000	0.000000	0.000000	0.000000	0.337002	0.000000	0.000000	0.000000	0.000000	0.000000	0.000000	0.000000	0.000000	0.000000	0.000000	0.000000	88.716760	0.000000	0.000000	0.000000
1764624059.989314556	0.000000	0.000000	0.622153	0.000000	0.000000	0.000000	0.000000	0.000000	0.337002	0.000000	0.000000	0.000000	0.000000	0.000000	0.000000	0.000000	0.000000	0.000000	0.000000	0.000000	88.716760	0.000000	0.000000	0.000000
1764624059.998661041	0.000000	0.000000	0.442185	0.000000	0.000000	0.000000	0.000000	0.000000	0.337002	0.000000	0.000000	0.000000	0.000000	0.000000	0.000000	0.000000	0.000000	0.000000	0.000000	0.000000	88.716760	0.000000	0.000000	0.000000
1764624060.017439365	0.000000	0.000000	0.617347	0.000000	0.000000	0.000000	0.000000	0.000000	0.337002	0.000000	0.000000	0.000000	0.000000	0.000000	0.000000	0.000000	0.000000	0.000000	0.000000	0.000000	88.716760	0.000000	0.000000	0.000000
1764624060.019140720	0.000000	0.000000	0.544710	0.000000	0.000000	0.000000	0.000000	0.000000	0.337002	0.000000	0.000000	0.000000	0.000000	0.000000	0.000000	0.000000	0.000000	0.000000	0.000000	0.000000	88.716760	0.000000	0.000000	0.000000
1764624060.029670238	0.000000	0.000000	0.586063	0.000000	0.000000	0.000000	0.000000	0.000000	0.337002	0.000000	0.000000	0.000000	0.000000	0.000000	0.000000	0.000000	0.000000	0.000000	0.000000	0.000000	88.716760	0.000000	0.000000	0.000000
1764624060.039466619	0.000000	0.000000	0.582283	0.000000	0.000000	0.000000	0.000000	0.000000	0.337002	0.000000	0.000000	0.000000	0.000000	0.000000	0.000000	0.000000	0.000000	0.000000	0.000000	0.000000	88.716760	0.000000	0.000000	0.000000
1764624060.049632072	0.000000	0.000000	0.686462	0.000000	0.000000	0.000000	0.000000	0.000000	0.337002	0.000000	0.000000	0.000000	0.000000	0.000000	0.000000	0.000000	0.000000	0.000000	0.000000	0.000000	88.716760	0.000000	0.000000	0.000000
1764624060.069606781	0.000000	0.000000	0.425576	0.000000	0.000000	0.000000	0.000000	0.000000	0.337002	0.000000	0.000000	0.000000	0.000000	0.000000	0.000000	0.000000	0.000000	0.000000	0.000000	0.000000	88.716760	0.000000	0.000000	0.000000
1764624060.071534872	0.000000	0.000000	0.641021	0.000000	0.000000	0.000000	0.000000	0.000000	0.337002	0.000000	0.000000	0.000000	0.000000	0.000000	0.000000	0.000000	0.000000	0.000000	0.000000	0.000000	88.716760	0.000000	0.000000	0.000000
1764624060.079958439	0.000000	0.000000	0.461539	0.000000	0.000000	0.000000	0.000000	0.000000	0.337002	0.000000	0.000000	0.000000	0.000000	0.000000	0.000000	0.000000	0.000000	0.000000	0.000000	0.000000	88.716760	0.000000	0.000000	0.000000
1764624060.099398851	0.000000	0.000000	0.588614	0.000000	0.000000	0.000000	0.000000	0.000000	0.337002	0.000000	0.000000	0.000000	0.000000	0.000000	0.000000	0.000000	0.000000	0.000000	0.000000	0.000000	88.716760	0.000000	0.000000	0.000000
1764624060.099412441	0.000000	0.000000	0.744729	0.000000	0.000000	0.000000	0.000000	0.000000	0.337002	0.000000	0.000000	0.000000	0.000000	0.000000	0.000000	0.000000	0.000000	0.000000	0.000000	0.000000	88.716760	0.000000	0.000000	0.000000
1764624060.109511375	0.000000	0.000000	0.486553	0.000000	0.000000	0.000000	0.000000	0.000000	0.337002	0.000000	0.000000	0.000000	0.000000	0.000000	0.000000	0.000000	0.000000	0.000000	0.000000	0.000000	88.716760	0.000000	0.000000	0.000000
1764624060.120115042	0.000000	0.000000	0.461328	0.000000	0.000000	0.000000	0.000000	0.000000	0.337002	0.000000	0.000000	0.000000	0.000000	0.000000	0.000000	0.000000	0.000000	0.000000	0.000000	0.000000	88.716760	0.000000	0.000000	0.000000
1764624060.129674196	0.000000	0.000000	0.772952	0.000000	0.000000	0.000000	0.000000	0.000000	0.337002	0.000000	0.000000	0.000000	0.000000	0.000000	0.000000	0.000000	0.000000	0.000000	0.000000	0.000000	88.716760	0.000000	0.000000	0.000000
1764624060.148666382	0.000000	0.000000	0.470086	0.000000	0.000000	0.000000	0.000000	0.000000	0.337002	0.000000	0.000000	0.000000	0.000000	0.000000	0.000000	0.000000	0.000000	0.000000	0.000000	0.000000	88.716760	0.000000	0.000000	0.000000
1764624060.153912544	0.000000	0.000000	0.577841	0.000000	0.000000	0.000000	0.000000	0.000000	0.337002	0.000000	0.000000	0.000000	0.000000	0.000000	0.000000	0.000000	0.000000	0.000000	0.000000	0.000000	88.716760	0.000000	0.000000	0.000000
1764624060.159429073	0.000000	0.000000	0.622096	0.000000	0.000000	0.000000	0.000000	0.000000	0.337002	0.000000	0.000000	0.000000	0.000000	0.000000	0.000000	0.000000	0.000000	0.000000	0.000000	0.000000	88.716760	0.000000	0.000000	0.000000
1764624060.170330524	0.000000	0.000000	0.391102	0.000000	0.000000	0.000000	0.000000	0.000000	0.337002	0.000000	0.000000	0.000000	0.000000	0.000000	0.000000	0.000000	0.000000	0.000000	0.000000	0.000000	88.716760	0.000000	0.000000	0.000000
1764624060.179692745	0.000000	0.000000	0.684510	0.000000	0.000000	0.000000	0.000000	0.000000	0.337002	0.000000	0.000000	0.000000	0.000000	0.000000	0.000000	0.000000	0.000000	0.000000	0.000000	0.000000	88.716760	0.000000	0.000000	0.000000
1764624060.188729525	0.000000	0.000000	0.577812	0.000000	0.000000	0.000000	0.000000	0.000000	0.337002	0.000000	0.000000	0.000000	0.000000	0.000000	0.000000	0.000000	0.000000	0.000000	0.000000	0.000000	88.716760	0.000000	0.000000	0.000000
1764624060.199099541	0.000000	0.000000	0.499934	0.000000	0.000000	0.000000	0.000000	0.000000	0.337002	0.000000	0.000000	0.000000	0.000000	0.000000	0.000000	0.000000	0.000000	0.000000	0.000000	0.000000	88.716760	0.000000	0.000000	0.000000
1764624060.209501743	0.000000	0.000000	0.594619	0.000000	0.000000	0.000000	0.000000	0.000000	0.435778	0.000000	0.000000	0.000000	0.000000	0.000000	0.000000	0.000000	0.000000	0.000000	0.000000	0.000000	88.716760	0.000000	0.000000	0.000000
1764624060.231163263	0.000000	0.000000	0.498925	0.000000	0.000000	0.000000	0.000000	0.000000	0.435778	0.000000	0.000000	0.000000	0.000000	0.000000	0.000000	0.000000	0.000000	0.000000	0.000000	0.000000	88.716760	0.000000	0.000000	0.000000
1764624060.231170416	0.000000	0.000000	0.523980	0.000000	0.000000	0.000000	0.000000	0.000000	0.435778	0.000000	0.000000	0.000000	0.000000	0.000000	0.000000	0.000000	0.000000	0.000000	0.000000	0.000000	88.716760	0.000000	0.000000	0.000000
1764624060.239637375	0.000000	0.000000	0.518143	0.000000	0.000000	0.000000	0.000000	0.000000	0.435778	0.000000	0.000000	0.000000	0.000000	0.000000	0.000000	0.000000	0.000000	0.000000	0.000000	0.000000	88.716760	0.000000	0.000000	0.000000
1764624060.258915663	0.000000	0.000000	0.578267	0.000000	0.000000	0.000000	0.000000	0.000000	0.435778	0.000000	0.000000	0.000000	0.000000	0.000000	0.000000	0.000000	0.000000	0.000000	0.000000	0.000000	88.716760	0.000000	0.000000	0.000000
1764624060.260603666	0.000000	0.000000	0.481583	0.000000	0.000000	0.000000	0.000000	0.000000	0.435778	0.000000	0.000000	0.000000	0.000000	0.000000	0.000000	0.000000	0.000000	0.000000	0.000000	0.000000	88.716760	0.000000	0.000000	0.000000
1764624060.269025803	0.000000	0.000000	0.430973	0.000000	0.000000	0.000000	0.000000	0.000000	0.435778	0.000000	0.000000	0.000000	0.000000	0.000000	0.000000	0.000000	0.000000	0.000000	0.000000	0.000000	88.716760	0.000000	0.000000	0.000000
1764624060.279404402	0.000000	0.000000	0.511252	0.000000	0.000000	0.000000	0.000000	0.000000	0.435778	0.000000	0.000000	0.000000	0.000000	0.000000	0.000000	0.000000	0.000000	0.000000	0.000000	0.000000	88.716760	0.000000	0.000000	0.000000
1764624060.298647404	0.000000	0.000000	0.704956	0.000000	0.000000	0.000000	0.000000	0.000000	0.435778	0.000000	0.000000	0.000000	0.000000	0.000000	0.000000	0.000000	0.000000	0.000000	0.000000	0.000000	88.716760	0.000000	0.000000	0.000000
1764624060.300449848	0.000000	0.000000	0.454141	0.000000	0.000000	0.000000	0.000000	0.000000	0.435778	0.000000	0.000000	0.000000	0.000000	0.000000	0.000000	0.000000	0.000000	0.000000	0.000000	0.000000	88.716760	0.000000	0.000000	0.000000
1764624060.310457706	0.000000	0.000000	0.519508	0.000000	0.000000	0.000000	0.000000	0.000000	0.435778	0.000000	0.000000	0.000000	0.000000	0.000000	0.000000	0.000000	0.000000	0.000000	0.000000	0.000000	88.716760	0.000000	0.000000	0.000000
1764624060.320755720	0.000000	0.000000	0.554794	0.000000	0.000000	0.000000	0.000000	0.000000	0.435778	0.000000	0.000000	0.000000	0.000000	0.000000	0.000000	0.000000	0.000000	0.000000	0.000000	0.000000	88.716760	0.000000	0.000000	0.000000
1764624060.330142736	0.000000	0.000000	0.493091	0.000000	0.000000	0.000000	0.000000	0.000000	0.435778	0.000000	0.000000	0.000000	0.000000	0.000000	0.000000	0.000000	0.000000	0.000000	0.000000	0.000000	88.716760	0.000000	0.000000	0.000000
1764624060.351195812	0.000000	0.000000	0.543199	0.000000	0.000000	0.000000	0.000000	0.000000	0.435778	0.000000	0.000000	0.000000	0.000000	0.000000	0.000000	0.000000	0.000000	0.000000	0.000000	0.000000	88.716760	0.000000	0.000000	0.000000
1764624060.351212025	0.000000	0.000000	0.525028	0.000000	0.000000	0.000000	0.000000	0.000000	0.435778	0.000000	0.000000	0.000000	0.000000	0.000000	0.000000	0.000000	0.000000	0.000000	0.000000	0.000000	88.716760	0.000000	0.000000	0.000000
1764624060.360373974	0.000000	0.000000	0.433202	0.000000	0.000000	0.000000	0.000000	0.000000	0.435778	0.000000	0.000000	0.000000	0.000000	0.000000	0.000000	0.000000	0.000000	0.000000	0.000000	0.000000	88.716760	0.000000	0.000000	0.000000
1764624060.370433569	0.000000	0.000000	0.567941	0.000000	0.000000	0.000000	0.000000	0.000000	0.435778	0.000000	0.000000	0.000000	0.000000	0.000000	0.000000	0.000000	0.000000	0.000000	0.000000	0.000000	88.716760	0.000000	0.000000	0.000000
1764624060.389130116	0.000000	0.000000	0.641765	0.000000	0.000000	0.000000	0.000000	0.000000	0.435778	0.000000	0.000000	0.000000	0.000000	0.000000	0.000000	0.000000	0.000000	0.000000	0.000000	0.000000	88.716760	0.000000	0.000000	0.000000
1764624060.390696287	0.000000	0.000000	0.349246	0.000000	0.000000	0.000000	0.000000	0.000000	0.435778	0.000000	0.000000	0.000000	0.000000	0.000000	0.000000	0.000000	0.000000	0.000000	0.000000	0.000000	88.716760	0.000000	0.000000	0.000000
1764624060.400156975	0.000000	0.000000	0.557993	0.000000	0.000000	0.000000	0.000000	0.000000	0.435778	0.000000	0.000000	0.000000	0.000000	0.000000	0.000000	0.000000	0.000000	0.000000	0.000000	0.000000	88.716760	0.000000	0.000000	0.000000
1764624060.420045614	0.000000	0.000000	0.640348	0.000000	0.000000	0.000000	0.000000	0.000000	0.435778	0.000000	0.000000	0.000000	0.000000	0.000000	0.000000	0.000000	0.000000	0.000000	0.000000	0.000000	88.716760	0.000000	0.000000	0.000000
1764624060.421389341	0.000000	0.000000	0.262312	0.000000	0.000000	0.000000	0.000000	0.000000	0.435778	0.000000	0.000000	0.000000	0.000000	0.000000	0.000000	0.000000	0.000000	0.000000	0.000000	0.000000	88.716760	0.000000	0.000000	0.000000
1764624060.430378675	0.000000	0.000000	0.511968	0.000000	0.000000	0.000000	0.000000	0.000000	0.435778	0.000000	0.000000	0.000000	0.000000	0.000000	0.000000	0.000000	0.000000	0.000000	0.000000	0.000000	88.716760	0.000000	0.000000	0.000000
1764624060.440861702	0.000000	0.000000	0.543430	0.000000	0.000000	0.000000	0.000000	0.000000	0.435778	0.000000	0.000000	0.000000	0.000000	0.000000	0.000000	0.000000	0.000000	0.000000	0.000000	0.000000	88.716760	0.000000	0.000000	0.000000
1764624060.459456444	0.000000	0.000000	0.356222	0.000000	0.000000	0.000000	0.000000	0.000000	0.435778	0.000000	0.000000	0.000000	0.000000	0.000000	0.000000	0.000000	0.000000	0.000000	0.000000	0.000000	88.716760	0.000000	0.000000	0.000000
1764624060.461560965	0.000000	0.000000	0.433108	0.000000	0.000000	0.000000	0.000000	0.000000	0.502297	0.000000	0.000000	0.000000	0.000000	0.000000	0.000000	0.000000	0.000000	0.000000	0.000000	0.000000	88.716760	0.000000	0.000000	0.000000
1764624060.471661091	0.000000	0.000000	0.599847	0.000000	0.000000	0.000000	0.000000	0.000000	0.502297	0.000000	0.000000	0.000000	0.000000	0.000000	0.000000	0.000000	0.000000	0.000000	0.000000	0.000000	88.716760	0.000000	0.000000	0.000000
1764624060.480275869	0.000000	0.000000	0.460560	0.000000	0.000000	0.000000	0.000000	0.000000	0.502297	0.000000	0.000000	0.000000	0.000000	0.000000	0.000000	0.000000	0.000000	0.000000	0.000000	0.000000	88.716760	0.000000	0.000000	0.000000
1764624060.489706755	0.000000	0.000000	0.246346	0.000000	0.000000	0.000000	0.000000	0.000000	0.502297	0.000000	0.000000	0.000000	0.000000	0.000000	0.000000	0.000000	0.000000	0.000000	0.000000	0.000000	88.716760	0.000000	0.000000	0.000000
1764624060.509627104	0.000000	0.000000	0.650910	0.000000	0.000000	0.000000	0.000000	0.000000	0.502297	0.000000	0.000000	0.000000	0.000000	0.000000	0.000000	0.000000	0.000000	0.000000	0.000000	0.000000	88.716760	0.000000	0.000000	0.000000
1764624060.511769772	0.000000	0.000000	0.402059	0.000000	0.000000	0.000000	0.000000	0.000000	0.502297	0.000000	0.000000	0.000000	0.000000	0.000000	0.000000	0.000000	0.000000	0.000000	0.000000	0.000000	88.716760	0.000000	0.000000	0.000000
1764624060.519830227	0.000000	0.000000	0.380494	0.000000	0.000000	0.000000	0.000000	0.000000	0.502297	0.000000	0.000000	0.000000	0.000000	0.000000	0.000000	0.000000	0.000000	0.000000	0.000000	0.000000	88.716760	0.000000	0.000000	0.000000
1764624060.536851168	0.000000	0.000000	0.390394	0.000000	0.000000	0.000000	0.000000	0.000000	0.502297	0.000000	0.000000	0.000000	0.000000	0.000000	0.000000	0.000000	0.000000	0.000000	0.000000	0.000000	88.716760	0.000000	0.000000	0.000000
1764624060.540240765	0.000000	0.000000	0.462559	0.000000	0.000000	0.000000	0.000000	0.000000	0.502297	0.000000	0.000000	0.000000	0.000000	0.000000	0.000000	0.000000	0.000000	0.000000	0.000000	0.000000	88.716760	0.000000	0.000000	0.000000
1764624060.550394773	0.000000	0.000000	0.369196	0.000000	0.000000	0.000000	0.000000	0.000000	0.502297	0.000000	0.000000	0.000000	0.000000	0.000000	0.000000	0.000000	0.000000	0.000000	0.000000	0.000000	88.716760	0.000000	0.000000	0.000000
1764624060.559808254	0.000000	0.000000	0.424674	0.000000	0.000000	0.000000	0.000000	0.000000	0.502297	0.000000	0.000000	0.000000	0.000000	0.000000	0.000000	0.000000	0.000000	0.000000	0.000000	0.000000	88.716760	0.000000	0.000000	0.000000
1764624060.570631266	0.000000	0.000000	0.545594	0.000000	0.000000	0.000000	0.000000	0.000000	0.502297	0.000000	0.000000	0.000000	0.000000	0.000000	0.000000	0.000000	0.000000	0.000000	0.000000	0.000000	88.716760	0.000000	0.000000	0.000000
1764624060.588552475	0.000000	0.000000	0.252824	0.000000	0.000000	0.000000	0.000000	0.000000	0.502297	0.000000	0.000000	0.000000	0.000000	0.000000	0.000000	0.000000	0.000000	0.000000	0.000000	0.000000	88.716760	0.000000	0.000000	0.000000
1764624060.589869499	0.000000	0.000000	0.440458	0.000000	0.000000	0.000000	0.000000	0.000000	0.502297	0.000000	0.000000	0.000000	0.000000	0.000000	0.000000	0.000000	0.000000	0.000000	0.000000	0.000000	88.716760	0.000000	0.000000	0.000000
1764624060.599929571	0.000000	0.000000	0.555513	0.000000	0.000000	0.000000	0.000000	0.000000	0.502297	0.000000	0.000000	0.000000	0.000000	0.000000	0.000000	0.000000	0.000000	0.000000	0.000000	0.000000	88.716760	0.000000	0.000000	0.000000
1764624060.610649347	0.000000	0.000000	0.185636	0.000000	0.000000	0.000000	0.000000	0.000000	0.502297	0.000000	0.000000	0.000000	0.000000	0.000000	0.000000	0.000000	0.000000	0.000000	0.000000	0.000000	88.716760	0.000000	0.000000	0.000000
1764624060.630209923	0.000000	0.000000	0.474043	0.000000	0.000000	0.000000	0.000000	0.000000	0.502297	0.000000	0.000000	0.000000	0.000000	0.000000	0.000000	0.000000	0.000000	0.000000	0.000000	0.000000	88.716760	0.000000	0.000000	0.000000
1764624060.632362843	0.000000	0.000000	0.524744	0.000000	0.000000	0.000000	0.000000	0.000000	0.502297	0.000000	0.000000	0.000000	0.000000	0.000000	0.000000	0.000000	0.000000	0.000000	0.000000	0.000000	88.716760	0.000000	0.000000	0.000000
1764624060.640393496	0.000000	0.000000	0.263521	0.000000	0.000000	0.000000	0.000000	0.000000	0.502297	0.000000	0.000000	0.000000	0.000000	0.000000	0.000000	0.000000	0.000000	0.000000	0.000000	0.000000	88.716760	0.000000	0.000000	0.000000
1764624060.657825470	0.000000	0.000000	0.426714	0.000000	0.000000	0.000000	0.000000	0.000000	0.502297	0.000000	0.000000	0.000000	0.000000	0.000000	0.000000	0.000000	0.000000	0.000000	0.000000	0.000000	88.716760	0.000000	0.000000	0.000000
1764624060.660038948	0.000000	0.000000	0.456532	0.000000	0.000000	0.000000	0.000000	0.000000	0.502297	0.000000	0.000000	0.000000	0.000000	0.000000	0.000000	0.000000	0.000000	0.000000	0.000000	0.000000	88.716760	0.000000	0.000000	0.000000
1764624060.669872522	0.000000	0.000000	0.286110	0.000000	0.000000	0.000000	0.000000	0.000000	0.502297	0.000000	0.000000	0.000000	0.000000	0.000000	0.000000	0.000000	0.000000	0.000000	0.000000	0.000000	88.716760	0.000000	0.000000	0.000000
1764624060.680462599	0.000000	0.000000	0.387980	0.000000	0.000000	0.000000	0.000000	0.000000	0.502297	0.000000	0.000000	0.000000	0.000000	0.000000	0.000000	0.000000	0.000000	0.000000	0.000000	0.000000	88.716760	0.000000	0.000000	0.000000
1764624060.690077305	0.000000	0.000000	0.478721	0.000000	0.000000	0.000000	0.000000	0.000000	0.502297	0.000000	0.000000	0.000000	0.000000	0.000000	0.000000	0.000000	0.000000	0.000000	0.000000	0.000000	88.716760	0.000000	0.000000	0.000000
1764624060.710827827	0.000000	0.000000	0.294658	0.000000	0.000000	0.000000	0.000000	0.000000	0.561752	0.000000	0.000000	0.000000	0.000000	0.000000	0.000000	0.000000	0.000000	0.000000	0.000000	0.000000	88.716760	0.000000	0.000000	0.000000
1764624060.718848228	0.000000	0.000000	0.335595	0.000000	0.000000	0.000000	0.000000	0.000000	0.561752	0.000000	0.000000	0.000000	0.000000	0.000000	0.000000	0.000000	0.000000	0.000000	0.000000	0.000000	88.716760	0.000000	0.000000	0.000000
1764624060.718857288	0.000000	0.000000	0.472929	0.000000	0.000000	0.000000	0.000000	0.000000	0.561752	0.000000	0.000000	0.000000	0.000000	0.000000	0.000000	0.000000	0.000000	0.000000	0.000000	0.000000	88.716760	0.000000	0.000000	0.000000
1764624060.740532637	0.000000	0.000000	0.236351	0.000000	0.000000	0.000000	0.000000	0.000000	0.561752	0.000000	0.000000	0.000000	0.000000	0.000000	0.000000	0.000000	0.000000	0.000000	0.000000	0.000000	88.716760	0.000000	0.000000	0.000000
1764624060.740563393	0.000000	0.000000	0.399260	0.000000	0.000000	0.000000	0.000000	0.000000	0.561752	0.000000	0.000000	0.000000	0.000000	0.000000	0.000000	0.000000	0.000000	0.000000	0.000000	0.000000	88.716760	0.000000	0.000000	0.000000
1764624060.750898838	0.000000	0.000000	0.442747	0.000000	0.000000	0.000000	0.000000	0.000000	0.561752	0.000000	0.000000	0.000000	0.000000	0.000000	0.000000	0.000000	0.000000	0.000000	0.000000	0.000000	88.716760	0.000000	0.000000	0.000000
1764624060.761016846	0.000000	0.000000	0.222460	0.000000	0.000000	0.000000	0.000000	0.000000	0.561752	0.000000	0.000000	0.000000	0.000000	0.000000	0.000000	0.000000	0.000000	0.000000	0.000000	0.000000	88.716760	0.000000	0.000000	0.000000
1764624060.770414352	0.000000	0.000000	0.446337	0.000000	0.000000	0.000000	0.000000	0.000000	0.561752	0.000000	0.000000	0.000000	0.000000	0.000000	0.000000	0.000000	0.000000	0.000000	0.000000	0.000000	88.716760	0.000000	0.000000	0.000000
1764624060.780122995	0.000000	0.000000	0.365141	0.000000	0.000000	0.000000	0.000000	0.000000	0.561752	0.000000	0.000000	0.000000	0.000000	0.000000	0.000000	0.000000	0.000000	0.000000	0.000000	0.000000	88.716760	0.000000	0.000000	0.000000
1764624060.793773174	0.000000	0.000000	0.210555	0.000000	0.000000	0.000000	0.000000	0.000000	0.561752	0.000000	0.000000	0.000000	0.000000	0.000000	0.000000	0.000000	0.000000	0.000000	0.000000	0.000000	88.716760	0.000000	0.000000	0.000000
1764624060.799028158	0.000000	0.000000	0.400540	0.000000	0.000000	0.000000	0.000000	0.000000	0.561752	0.000000	0.000000	0.000000	0.000000	0.000000	0.000000	0.000000	0.000000	0.000000	0.000000	0.000000	88.716760	0.000000	0.000000	0.000000
1764624060.809706688	0.000000	0.000000	0.364035	0.000000	0.000000	0.000000	0.000000	0.000000	0.561752	0.000000	0.000000	0.000000	0.000000	0.000000	0.000000	0.000000	0.000000	0.000000	0.000000	0.000000	88.716760	0.000000	0.000000	0.000000
1764624060.829675913	0.000000	0.000000	0.234390	0.000000	0.000000	0.000000	0.000000	0.000000	0.561752	0.000000	0.000000	0.000000	0.000000	0.000000	0.000000	0.000000	0.000000	0.000000	0.000000	0.000000	88.716760	0.000000	0.000000	0.000000
1764624060.829685450	0.000000	0.000000	0.269319	0.000000	0.000000	0.000000	0.000000	0.000000	0.561752	0.000000	0.000000	0.000000	0.000000	0.000000	0.000000	0.000000	0.000000	0.000000	0.000000	0.000000	88.716760	0.000000	0.000000	0.000000
1764624060.840136290	0.000000	0.000000	0.405717	0.000000	0.000000	0.000000	0.000000	0.000000	0.561752	0.000000	0.000000	0.000000	0.000000	0.000000	0.000000	0.000000	0.000000	0.000000	0.000000	0.000000	88.716760	0.000000	0.000000	0.000000
1764624060.859256744	0.000000	0.000000	0.287261	0.000000	0.000000	0.000000	0.000000	0.000000	0.561752	0.000000	0.000000	0.000000	0.000000	0.000000	0.000000	0.000000	0.000000	0.000000	0.000000	0.000000	88.716760	0.000000	0.000000	0.000000
1764624060.859270573	0.000000	0.000000	0.245765	0.000000	0.000000	0.000000	0.000000	0.000000	0.561752	0.000000	0.000000	0.000000	0.000000	0.000000	0.000000	0.000000	0.000000	0.000000	0.000000	0.000000	88.716760	0.000000	0.000000	0.000000
1764624060.869908571	0.000000	0.000000	0.336417	0.000000	0.000000	0.000000	0.000000	0.000000	0.561752	0.000000	0.000000	0.000000	0.000000	0.000000	0.000000	0.000000	0.000000	0.000000	0.000000	0.000000	88.716760	0.000000	0.000000	0.000000
1764624060.880042076	0.000000	0.000000	0.126730	0.000000	0.000000	0.000000	0.000000	0.000000	0.561752	0.000000	0.000000	0.000000	0.000000	0.000000	0.000000	0.000000	0.000000	0.000000	0.000000	0.000000	88.716760	0.000000	0.000000	0.000000
1764624060.889745474	0.000000	0.000000	0.427599	0.000000	0.000000	0.000000	0.000000	0.000000	0.561752	0.000000	0.000000	0.000000	0.000000	0.000000	0.000000	0.000000	0.000000	0.000000	0.000000	0.000000	0.000000	0.000000	0.000000	0.000000
1764624060.903103590	0.000000	0.000000	0.253547	0.000000	0.000000	0.000000	0.000000	0.000000	0.561752	0.000000	0.000000	0.000000	0.000000	0.000000	0.000000	0.000000	0.000000	0.000000	0.000000	0.000000	0.000000	0.000000	0.000000	0.000000
1764624060.909879446	0.000000	0.000000	0.216359	0.000000	0.000000	0.000000	0.000000	0.000000	0.561752	0.000000	0.000000	0.000000	0.000000	0.000000	0.000000	0.000000	0.000000	0.000000	0.000000	0.000000	0.000000	0.000000	0.000000	0.000000
1764624060.919656515	0.000000	0.000000	0.247352	0.000000	0.000000	0.000000	0.000000	0.000000	0.561752	0.000000	0.000000	0.000000	0.000000	0.000000	0.000000	0.000000	0.000000	0.000000	0.000000	0.000000	0.000000	0.000000	0.000000	0.000000
1764624060.938737631	0.000000	0.000000	0.301179	0.000000	0.000000	0.000000	0.000000	0.000000	0.561752	0.000000	0.000000	0.000000	0.000000	0.000000	0.000000	0.000000	0.000000	0.000000	0.000000	0.000000	0.000000	0.000000	0.000000	0.000000
1764624060.938744783	0.000000	0.000000	0.339315	0.000000	0.000000	0.000000	0.000000	0.000000	0.561752	0.000000	0.000000	0.000000	0.000000	0.000000	0.000000	0.000000	0.000000	0.000000	0.000000	0.000000	0.000000	0.000000	0.000000	0.000000
1764624060.950288534	0.000000	0.000000	0.176558	0.000000	0.000000	0.000000	0.000000	0.000000	0.561752	0.000000	0.000000	0.000000	0.000000	0.000000	0.000000	0.000000	0.000000	0.000000	0.000000	0.000000	0.000000	0.000000	0.000000	0.000000
1764624060.960794687	0.000000	0.000000	0.023047	0.000000	0.000000	0.000000	0.000000	0.000000	0.550609	0.000000	0.000000	0.000000	0.000000	0.000000	0.000000	0.000000	0.000000	0.000000	0.000000	0.000000	0.000000	0.000000	0.000000	0.000000
1764624060.971774340	0.000000	0.000000	0.003666	0.000000	0.000000	0.000000	0.000000	0.000000	0.550609	0.000000	0.000000	0.000000	0.000000	0.000000	0.000000	0.000000	0.000000	0.000000	0.000000	0.000000	0.000000	0.000000	0.000000	0.000000
1764624060.983533382	0.000000	0.000000	-0.182064	0.000000	0.000000	0.000000	0.000000	0.000000	0.550609	0.000000	0.000000	0.000000	0.000000	0.000000	0.000000	0.000000	0.000000	0.000000	0.000000	0.000000	0.000000	0.000000	0.000000	0.000000
1764624060.990564346	0.000000	0.000000	-0.265097	0.000000	0.000000	0.000000	0.000000	0.000000	0.550609	0.000000	0.000000	0.000000	0.000000	0.000000	0.000000	0.000000	0.000000	0.000000	0.000000	0.000000	0.000000	0.000000	0.000000	0.000000
1764624061.000530005	0.000000	0.000000	-0.098944	0.000000	0.000000	0.000000	0.000000	0.000000	0.550609	0.000000	0.000000	0.000000	0.000000	0.000000	0.000000	0.000000	0.000000	0.000000	0.000000	0.000000	0.000000	0.000000	0.000000	0.000000
1764624061.010878325	0.000000	0.000000	-0.369353	0.000000	0.000000	0.000000	0.000000	0.000000	0.550609	0.000000	0.000000	0.000000	0.000000	0.000000	0.000000	0.000000	0.000000	0.000000	0.000000	0.000000	0.000000	0.000000	0.000000	0.000000
1764624061.030909300	0.000000	0.000000	-0.373205	0.000000	0.000000	0.000000	0.000000	0.000000	0.550609	0.000000	0.000000	0.000000	0.000000	0.000000	0.000000	0.000000	0.000000	0.000000	0.000000	0.000000	0.000000	0.000000	0.000000	0.000000
1764624061.032370567	0.000000	0.000000	-0.328426	0.000000	0.000000	0.000000	0.000000	0.000000	0.550609	0.000000	0.000000	0.000000	0.000000	0.000000	0.000000	0.000000	0.000000	0.000000	0.000000	0.000000	0.000000	0.000000	0.000000	0.000000
1764624061.041215658	0.000000	0.000000	-0.393035	0.000000	0.000000	0.000000	0.000000	0.000000	0.550609	0.000000	0.000000	0.000000	0.000000	0.000000	0.000000	0.000000	0.000000	0.000000	0.000000	0.000000	0.000000	0.000000	0.000000	0.000000
1764624061.050570488	0.000000	0.000000	-0.394504	0.000000	0.000000	0.000000	0.000000	0.000000	0.550609	0.000000	0.000000	0.000000	0.000000	0.000000	0.000000	0.000000	0.000000	0.000000	0.000000	0.000000	0.000000	0.000000	0.000000	0.000000
1764624061.062089682	0.000000	0.000000	-0.490012	0.000000	0.000000	0.000000	0.000000	0.000000	0.550609	0.000000	0.000000	0.000000	0.000000	0.000000	0.000000	0.000000	0.000000	0.000000	0.000000	0.000000	0.000000	0.000000	0.000000	0.000000
1764624061.070204973	0.000000	0.000000	-0.483202	0.000000	0.000000	0.000000	0.000000	0.000000	0.550609	0.000000	0.000000	0.000000	0.000000	0.000000	0.000000	0.000000	0.000000	0.000000	0.000000	0.000000	0.000000	0.000000	0.000000	0.000000
1764624061.080919981	0.000000	0.000000	-0.534079	0.000000	0.000000	0.000000	0.000000	0.000000	0.550609	0.000000	0.000000	0.000000	0.000000	0.000000	0.000000	0.000000	0.000000	0.000000	0.000000	0.000000	0.000000	0.000000	0.000000	0.000000
1764624061.089905024	0.000000	0.000000	-0.487382	0.000000	0.000000	0.000000	0.000000	0.000000	0.550609	0.000000	0.000000	0.000000	0.000000	0.000000	0.000000	0.000000	0.000000	0.000000	0.000000	0.000000	0.000000	0.000000	0.000000	0.000000
1764624061.110389948	0.000000	0.000000	-0.523935	0.000000	0.000000	0.000000	0.000000	0.000000	0.550609	0.000000	0.000000	0.000000	0.000000	0.000000	0.000000	0.000000	0.000000	0.000000	0.000000	0.000000	0.000000	0.000000	0.000000	0.000000
1764624061.111884356	0.000000	0.000000	-0.649878	0.000000	0.000000	0.000000	0.000000	0.000000	0.550609	0.000000	0.000000	0.000000	0.000000	0.000000	0.000000	0.000000	0.000000	0.000000	0.000000	0.000000	0.000000	0.000000	0.000000	0.000000
1764624061.120161057	0.000000	0.000000	-0.605662	0.000000	0.000000	0.000000	0.000000	0.000000	0.550609	0.000000	0.000000	0.000000	0.000000	0.000000	0.000000	0.000000	0.000000	0.000000	0.000000	0.000000	0.000000	0.000000	0.000000	0.000000
1764624061.131091595	0.000000	0.000000	-0.650802	0.000000	0.000000	0.000000	0.000000	0.000000	0.550609	0.000000	0.000000	0.000000	0.000000	0.000000	0.000000	0.000000	0.000000	0.000000	0.000000	0.000000	0.000000	0.000000	0.000000	0.000000
1764624061.143991709	0.000000	0.000000	-0.605629	0.000000	0.000000	0.000000	0.000000	0.000000	0.550609	0.000000	0.000000	0.000000	0.000000	0.000000	0.000000	0.000000	0.000000	0.000000	0.000000	0.000000	0.000000	0.000000	0.000000	0.000000
1764624061.150587797	0.000000	0.000000	-0.590736	0.000000	0.000000	0.000000	0.000000	0.000000	0.550609	0.000000	0.000000	0.000000	0.000000	0.000000	0.000000	0.000000	0.000000	0.000000	0.000000	0.000000	0.000000	0.000000	0.000000	0.000000
1764624061.160791874	0.000000	0.000000	-0.582497	0.000000	0.000000	0.000000	0.000000	0.000000	0.550609	0.000000	0.000000	0.000000	0.000000	0.000000	0.000000	0.000000	0.000000	0.000000	0.000000	0.000000	0.000000	0.000000	0.000000	0.000000
1764624061.170282125	0.000000	0.000000	-0.599498	0.000000	0.000000	0.000000	0.000000	0.000000	0.550609	0.000000	0.000000	0.000000	0.000000	0.000000	0.000000	0.000000	0.000000	0.000000	0.000000	0.000000	0.000000	0.000000	0.000000	0.000000
1764624061.179344893	0.000000	0.000000	-0.600120	0.000000	0.000000	0.000000	0.000000	0.000000	0.550609	0.000000	0.000000	0.000000	0.000000	0.000000	0.000000	0.000000	0.000000	0.000000	0.000000	0.000000	0.000000	0.000000	0.000000	0.000000
1764624061.194650412	0.000000	0.000000	-0.569033	0.000000	0.000000	0.000000	0.000000	0.000000	0.550609	0.000000	0.000000	0.000000	0.000000	0.000000	0.000000	0.000000	0.000000	0.000000	0.000000	0.000000	0.000000	0.000000	0.000000	0.000000
1764624061.200336456	0.000000	0.000000	-0.608058	0.000000	0.000000	0.000000	0.000000	0.000000	0.550609	0.000000	0.000000	0.000000	0.000000	0.000000	0.000000	0.000000	0.000000	0.000000	0.000000	0.000000	0.000000	0.000000	0.000000	0.000000
1764624061.219619751	0.000000	0.000000	-0.585937	0.000000	0.000000	0.000000	0.000000	0.000000	0.368757	0.000000	0.000000	0.000000	0.000000	0.000000	0.000000	0.000000	0.000000	0.000000	0.000000	0.000000	0.000000	0.000000	0.000000	0.000000
1764624061.219631433	0.000000	0.000000	-0.625803	0.000000	0.000000	0.000000	0.000000	0.000000	0.368757	0.000000	0.000000	0.000000	0.000000	0.000000	0.000000	0.000000	0.000000	0.000000	0.000000	0.000000	0.000000	0.000000	0.000000	0.000000
1764624061.229904413	0.000000	0.000000	-0.546347	0.000000	0.000000	0.000000	0.000000	0.000000	0.368757	0.000000	0.000000	0.000000	0.000000	0.000000	0.000000	0.000000	0.000000	0.000000	0.000000	0.000000	0.000000	0.000000	0.000000	0.000000
1764624061.240423679	0.000000	0.000000	-0.502552	0.000000	0.000000	0.000000	0.000000	0.000000	0.368757	0.000000	0.000000	0.000000	0.000000	0.000000	0.000000	0.000000	0.000000	0.000000	0.000000	0.000000	0.000000	0.000000	0.000000	0.000000
1764624061.257509232	0.000000	0.000000	-0.524686	0.000000	0.000000	0.000000	0.000000	0.000000	0.368757	0.000000	0.000000	0.000000	0.000000	0.000000	0.000000	0.000000	0.000000	0.000000	0.000000	0.000000	0.000000	0.000000	0.000000	0.000000
1764624061.260531902	0.000000	0.000000	-0.476199	0.000000	0.000000	0.000000	0.000000	0.000000	0.368757	0.000000	0.000000	0.000000	0.000000	0.000000	0.000000	0.000000	0.000000	0.000000	0.000000	0.000000	0.000000	0.000000	0.000000	0.000000
1764624061.270428181	0.000000	0.000000	-0.463104	0.000000	0.000000	0.000000	0.000000	0.000000	0.368757	0.000000	0.000000	0.000000	0.000000	0.000000	0.000000	0.000000	0.000000	0.000000	0.000000	0.000000	0.000000	0.000000	0.000000	0.000000
1764624061.281085491	0.000000	0.000000	-0.453689	0.000000	0.000000	0.000000	0.000000	0.000000	0.368757	0.000000	0.000000	0.000000	0.000000	0.000000	0.000000	0.000000	0.000000	0.000000	0.000000	0.000000	0.000000	0.000000	0.000000	0.000000
1764624061.290049076	0.000000	0.000000	-0.444344	0.000000	0.000000	0.000000	0.000000	0.000000	0.368757	0.000000	0.000000	0.000000	0.000000	0.000000	0.000000	0.000000	0.000000	0.000000	0.000000	0.000000	0.000000	0.000000	0.000000	0.000000
1764624061.302651167	0.000000	0.000000	-0.422261	0.000000	0.000000	0.000000	0.000000	0.000000	0.368757	0.000000	0.000000	0.000000	0.000000	0.000000	0.000000	0.000000	0.000000	0.000000	0.000000	0.000000	0.000000	0.000000	0.000000	0.000000
1764624061.310722589	0.000000	0.000000	-0.402823	0.000000	0.000000	0.000000	0.000000	0.000000	0.368757	0.000000	0.000000	0.000000	0.000000	0.000000	0.000000	0.000000	0.000000	0.000000	0.000000	0.000000	0.000000	0.000000	0.000000	0.000000
1764624061.321625710	0.000000	0.000000	-0.417689	0.000000	0.000000	0.000000	0.000000	0.000000	0.368757	0.000000	0.000000	0.000000	0.000000	0.000000	0.000000	0.000000	0.000000	0.000000	0.000000	0.000000	0.000000	0.000000	0.000000	0.000000
1764624061.330292225	0.000000	0.000000	-0.410340	0.000000	0.000000	0.000000	0.000000	0.000000	0.368757	0.000000	0.000000	0.000000	0.000000	0.000000	0.000000	0.000000	0.000000	0.000000	0.000000	0.000000	0.000000	0.000000	0.000000	0.000000
1764624061.343898535	0.000000	0.000000	-0.404432	0.000000	0.000000	0.000000	0.000000	0.000000	0.368757	0.000000	0.000000	0.000000	0.000000	0.000000	0.000000	0.000000	0.000000	0.000000	0.000000	0.000000	0.000000	0.000000	0.000000	0.000000
1764624061.350207806	0.000000	0.000000	-0.368775	0.000000	0.000000	0.000000	0.000000	0.000000	0.368757	0.000000	0.000000	0.000000	0.000000	0.000000	0.000000	0.000000	0.000000	0.000000	0.000000	0.000000	0.000000	0.000000	0.000000	0.000000
1764624061.360775232	0.000000	0.000000	-0.378071	0.000000	0.000000	0.000000	0.000000	0.000000	0.368757	0.000000	0.000000	0.000000	0.000000	0.000000	0.000000	0.000000	0.000000	0.000000	0.000000	0.000000	0.000000	0.000000	0.000000	0.000000
1764624061.370595932	0.000000	0.000000	-0.360053	0.000000	0.000000	0.000000	0.000000	0.000000	0.368757	0.000000	0.000000	0.000000	0.000000	0.000000	0.000000	0.000000	0.000000	0.000000	0.000000	0.000000	0.000000	0.000000	0.000000	0.000000
1764624061.380543232	0.000000	0.000000	-0.365108	0.000000	0.000000	0.000000	0.000000	0.000000	0.368757	0.000000	0.000000	0.000000	0.000000	0.000000	0.000000	0.000000	0.000000	0.000000	0.000000	0.000000	0.000000	0.000000	0.000000	0.000000
1764624061.389707804	0.000000	0.000000	-0.359192	0.000000	0.000000	0.000000	0.000000	0.000000	0.368757	0.000000	0.000000	0.000000	0.000000	0.000000	0.000000	0.000000	0.000000	0.000000	0.000000	0.000000	0.000000	0.000000	0.000000	0.000000
1764624061.399948597	0.000000	0.000000	-0.348768	0.000000	0.000000	0.000000	0.000000	0.000000	0.368757	0.000000	0.000000	0.000000	0.000000	0.000000	0.000000	0.000000	0.000000	0.000000	0.000000	0.000000	0.000000	0.000000	0.000000	0.000000
1764624061.410468817	0.000000	0.000000	-0.343166	0.000000	0.000000	0.000000	0.000000	0.000000	0.368757	0.000000	0.000000	0.000000	0.000000	0.000000	0.000000	0.000000	0.000000	0.000000	0.000000	0.000000	0.000000	0.000000	0.000000	0.000000
1764624061.425975561	0.000000	0.000000	-0.336152	0.000000	0.000000	0.000000	0.000000	0.000000	0.368757	0.000000	0.000000	0.000000	0.000000	0.000000	0.000000	0.000000	0.000000	0.000000	0.000000	0.000000	0.000000	0.000000	0.000000	0.000000
1764624061.430343866	0.000000	0.000000	-0.337511	0.000000	0.000000	0.000000	0.000000	0.000000	0.368757	0.000000	0.000000	0.000000	0.000000	0.000000	0.000000	0.000000	0.000000	0.000000	0.000000	0.000000	0.000000	0.000000	0.000000	0.000000
1764624061.440954447	0.000000	0.000000	-0.349173	0.000000	0.000000	0.000000	0.000000	0.000000	0.368757	0.000000	0.000000	0.000000	0.000000	0.000000	0.000000	0.000000	0.000000	0.000000	0.000000	0.000000	0.000000	0.000000	0.000000	0.000000
1764624061.450537920	0.000000	0.000000	-0.329752	0.000000	0.000000	0.000000	0.000000	0.000000	0.368757	0.000000	0.000000	0.000000	0.000000	0.000000	0.000000	0.000000	0.000000	0.000000	0.000000	0.000000	0.000000	0.000000	0.000000	0.000000
1764624061.463546038	0.000000	0.000000	-0.340704	0.000000	0.000000	0.000000	0.000000	0.000000	0.274512	0.000000	0.000000	0.000000	0.000000	0.000000	0.000000	0.000000	0.000000	0.000000	0.000000	0.000000	0.000000	0.000000	0.000000	0.000000
1764624061.470614195	0.000000	0.000000	-0.330302	0.000000	0.000000	0.000000	0.000000	0.000000	0.274512	0.000000	0.000000	0.000000	0.000000	0.000000	0.000000	0.000000	0.000000	0.000000	0.000000	0.000000	0.000000	0.000000	0.000000	0.000000
1764624061.481366873	0.000000	0.000000	-0.321961	0.000000	0.000000	0.000000	0.000000	0.000000	0.274512	0.000000	0.000000	0.000000	0.000000	0.000000	0.000000	0.000000	0.000000	0.000000	0.000000	0.000000	0.000000	0.000000	0.000000	0.000000
1764624061.489563227	0.000000	0.000000	-0.331902	0.000000	0.000000	0.000000	0.000000	0.000000	0.274512	0.000000	0.000000	0.000000	0.000000	0.000000	0.000000	0.000000	0.000000	0.000000	0.000000	0.000000	0.000000	0.000000	0.000000	0.000000
1764624061.500615358	0.000000	0.000000	-0.323533	0.000000	0.000000	0.000000	0.000000	0.000000	0.274512	0.000000	0.000000	0.000000	0.000000	0.000000	0.000000	0.000000	0.000000	0.000000	0.000000	0.000000	0.000000	0.000000	0.000000	0.000000
1764624061.515307665	0.000000	0.000000	-0.308561	0.000000	0.000000	0.000000	0.000000	0.000000	0.274512	0.000000	0.000000	0.000000	0.000000	0.000000	0.000000	0.000000	0.000000	0.000000	0.000000	0.000000	0.000000	0.000000	0.000000	0.000000
1764624061.520702839	0.000000	0.000000	-0.307470	0.000000	0.000000	0.000000	0.000000	0.000000	0.274512	0.000000	0.000000	0.000000	0.000000	0.000000	0.000000	0.000000	0.000000	0.000000	0.000000	0.000000	0.000000	0.000000	0.000000	0.000000
1764624061.530619144	0.000000	0.000000	-0.308779	0.000000	0.000000	0.000000	0.000000	0.000000	0.274512	0.000000	0.000000	0.000000	0.000000	0.000000	0.000000	0.000000	0.000000	0.000000	0.000000	0.000000	0.000000	0.000000	0.000000	0.000000
1764624061.542480230	0.000000	0.000000	-0.312860	0.000000	0.000000	0.000000	0.000000	0.000000	0.274512	0.000000	0.000000	0.000000	0.000000	0.000000	0.000000	0.000000	0.000000	0.000000	0.000000	0.000000	0.000000	0.000000	0.000000	0.000000
1764624061.550399780	0.000000	0.000000	-0.311745	0.000000	0.000000	0.000000	0.000000	0.000000	0.274512	0.000000	0.000000	0.000000	0.000000	0.000000	0.000000	0.000000	0.000000	0.000000	0.000000	0.000000	0.000000	0.000000	0.000000	0.000000
1764624061.560916424	0.000000	0.000000	-0.319955	0.000000	0.000000	0.000000	0.000000	0.000000	0.274512	0.000000	0.000000	0.000000	0.000000	0.000000	0.000000	0.000000	0.000000	0.000000	0.000000	0.000000	0.000000	0.000000	0.000000	0.000000
1764624061.570838451	0.000000	0.000000	-0.307469	0.000000	0.000000	0.000000	0.000000	0.000000	0.274512	0.000000	0.000000	0.000000	0.000000	0.000000	0.000000	0.000000	0.000000	0.000000	0.000000	0.000000	0.000000	0.000000	0.000000	0.000000
1764624061.589632273	0.000000	0.000000	-0.310814	0.000000	0.000000	0.000000	0.000000	0.000000	0.274512	0.000000	0.000000	0.000000	0.000000	0.000000	0.000000	0.000000	0.000000	0.000000	0.000000	0.000000	0.000000	0.000000	0.000000	0.000000
1764624061.589648724	0.000000	0.000000	-0.304184	0.000000	0.000000	0.000000	0.000000	0.000000	0.274512	0.000000	0.000000	0.000000	0.000000	0.000000	0.000000	0.000000	0.000000	0.000000	0.000000	0.000000	0.000000	0.000000	0.000000	0.000000
1764624061.600586891	0.000000	0.000000	-0.310014	0.000000	0.000000	0.000000	0.000000	0.000000	0.274512	0.000000	0.000000	0.000000	0.000000	0.000000	0.000000	0.000000	0.000000	0.000000	0.000000	0.000000	0.000000	0.000000	0.000000	0.000000
1764624061.610920906	0.000000	0.000000	-0.308241	0.000000	0.000000	0.000000	0.000000	0.000000	0.274512	0.000000	0.000000	0.000000	0.000000	0.000000	0.000000	0.000000	0.000000	0.000000	0.000000	0.000000	0.000000	0.000000	0.000000	0.000000
1764624061.620596409	0.000000	0.000000	-0.288780	0.000000	0.000000	0.000000	0.000000	0.000000	0.274512	0.000000	0.000000	0.000000	0.000000	0.000000	0.000000	0.000000	0.000000	0.000000	0.000000	0.000000	0.000000	0.000000	0.000000	0.000000
1764624061.635056734	0.000000	0.000000	-0.279735	0.000000	0.000000	0.000000	0.000000	0.000000	0.274512	0.000000	0.000000	0.000000	0.000000	0.000000	0.000000	0.000000	0.000000	0.000000	0.000000	0.000000	0.000000	0.000000	0.000000	0.000000
1764624061.640193939	0.000000	0.000000	-0.281744	0.000000	0.000000	0.000000	0.000000	0.000000	0.274512	0.000000	0.000000	0.000000	0.000000	0.000000	0.000000	0.000000	0.000000	0.000000	0.000000	0.000000	0.000000	0.000000	0.000000	0.000000
1764624061.651382208	0.000000	0.000000	-0.287862	0.000000	0.000000	0.000000	0.000000	0.000000	0.274512	0.000000	0.000000	0.000000	0.000000	0.000000	0.000000	0.000000	0.000000	0.000000	0.000000	0.000000	0.000000	0.000000	0.000000	0.000000
1764624061.663597584	0.000000	0.000000	-0.285761	0.000000	0.000000	0.000000	0.000000	0.000000	0.274512	0.000000	0.000000	0.000000	0.000000	0.000000	0.000000	0.000000	0.000000	0.000000	0.000000	0.000000	0.000000	0.000000	0.000000	0.000000
1764624061.670653105	0.000000	0.000000	-0.274970	0.000000	0.000000	0.000000	0.000000	0.000000	0.274512	0.000000	0.000000	0.000000	0.000000	0.000000	0.000000	0.000000	0.000000	0.000000	0.000000	0.000000	0.000000	0.000000	0.000000	0.000000
1764624061.679862499	0.000000	0.000000	-0.264250	0.000000	0.000000	0.000000	0.000000	0.000000	0.274512	0.000000	0.000000	0.000000	0.000000	0.000000	0.000000	0.000000	0.000000	0.000000	0.000000	0.000000	0.000000	0.000000	0.000000	0.000000
1764624061.689704895	0.000000	0.000000	-0.270091	0.000000	0.000000	0.000000	0.000000	0.000000	0.274512	0.000000	0.000000	0.000000	0.000000	0.000000	0.000000	0.000000	0.000000	0.000000	0.000000	0.000000	0.000000	0.000000	0.000000	0.000000
1764624061.707302809	0.000000	0.000000	-0.262705	0.000000	0.000000	0.000000	0.000000	0.000000	0.217751	0.000000	0.000000	0.000000	0.000000	0.000000	0.000000	0.000000	0.000000	0.000000	0.000000	0.000000	0.000000	0.000000	0.000000	0.000000
1764624061.711245060	0.000000	0.000000	-0.267515	0.000000	0.000000	0.000000	0.000000	0.000000	0.217751	0.000000	0.000000	0.000000	0.000000	0.000000	0.000000	0.000000	0.000000	0.000000	0.000000	0.000000	0.000000	0.000000	0.000000	0.000000
1764624061.720663071	0.000000	0.000000	-0.251545	0.000000	0.000000	0.000000	0.000000	0.000000	0.217751	0.000000	0.000000	0.000000	0.000000	0.000000	0.000000	0.000000	0.000000	0.000000	0.000000	0.000000	0.000000	0.000000	0.000000	0.000000
1764624061.730884314	0.000000	0.000000	-0.257379	0.000000	0.000000	0.000000	0.000000	0.000000	0.217751	0.000000	0.000000	0.000000	0.000000	0.000000	0.000000	0.000000	0.000000	0.000000	0.000000	0.000000	0.000000	0.000000	0.000000	0.000000
1764624061.739834785	0.000000	0.000000	-0.246613	0.000000	0.000000	0.000000	0.000000	0.000000	0.217751	0.000000	0.000000	0.000000	0.000000	0.000000	0.000000	0.000000	0.000000	0.000000	0.000000	0.000000	0.000000	0.000000	0.000000	0.000000
1764624061.756218195	0.000000	0.000000	-0.248282	0.000000	0.000000	0.000000	0.000000	0.000000	0.217751	0.000000	0.000000	0.000000	0.000000	0.000000	0.000000	0.000000	0.000000	0.000000	0.000000	0.000000	0.000000	0.000000	0.000000	0.000000
1764624061.760367393	0.000000	0.000000	-0.231661	0.000000	0.000000	0.000000	0.000000	0.000000	0.217751	0.000000	0.000000	0.000000	0.000000	0.000000	0.000000	0.000000	0.000000	0.000000	0.000000	0.000000	0.000000	0.000000	0.000000	0.000000
1764624061.769941807	0.000000	0.000000	-0.239839	0.000000	0.000000	0.000000	0.000000	0.000000	0.217751	0.000000	0.000000	0.000000	0.000000	0.000000	0.000000	0.000000	0.000000	0.000000	0.000000	0.000000	0.000000	0.000000	0.000000	0.000000
1764624061.784376144	0.000000	0.000000	-0.226703	0.000000	0.000000	0.000000	0.000000	0.000000	0.217751	0.000000	0.000000	0.000000	0.000000	0.000000	0.000000	0.000000	0.000000	0.000000	0.000000	0.000000	0.000000	0.000000	0.000000	0.000000
1764624061.789756298	0.000000	0.000000	-0.230080	0.000000	0.000000	0.000000	0.000000	0.000000	0.217751	0.000000	0.000000	0.000000	0.000000	0.000000	0.000000	0.000000	0.000000	0.000000	0.000000	0.000000	0.000000	0.000000	0.000000	0.000000
1764624061.800378561	0.000000	0.000000	-0.212799	0.000000	0.000000	0.000000	0.000000	0.000000	0.217751	0.000000	0.000000	0.000000	0.000000	0.000000	0.000000	0.000000	0.000000	0.000000	0.000000	0.000000	0.000000	0.000000	0.000000	0.000000
1764624061.810274124	0.000000	0.000000	-0.210707	0.000000	0.000000	0.000000	0.000000	0.000000	0.217751	0.000000	0.000000	0.000000	0.000000	0.000000	0.000000	0.000000	0.000000	0.000000	0.000000	0.000000	0.000000	0.000000	0.000000	0.000000
1764624061.823686600	0.000000	0.000000	-0.206832	0.000000	0.000000	0.000000	0.000000	0.000000	0.217751	0.000000	0.000000	0.000000	0.000000	0.000000	0.000000	0.000000	0.000000	0.000000	0.000000	0.000000	0.000000	0.000000	0.000000	0.000000
1764624061.831734896	0.000000	0.000000	-0.195782	0.000000	0.000000	0.000000	0.000000	0.000000	0.217751	0.000000	0.000000	0.000000	0.000000	0.000000	0.000000	0.000000	0.000000	0.000000	0.000000	0.000000	0.000000	0.000000	0.000000	0.000000
1764624061.842911482	0.000000	0.000000	-0.203289	0.000000	0.000000	0.000000	0.000000	0.000000	0.217751	0.000000	0.000000	0.000000	0.000000	0.000000	0.000000	0.000000	0.000000	0.000000	0.000000	0.000000	0.000000	0.000000	0.000000	0.000000
1764624061.860685110	0.000000	0.000000	-0.192537	0.000000	0.000000	0.000000	0.000000	0.000000	0.217751	0.000000	0.000000	0.000000	0.000000	0.000000	0.000000	0.000000	0.000000	0.000000	0.000000	0.000000	0.000000	0.000000	0.000000	0.000000
1764624061.861940861	0.000000	0.000000	-0.189957	0.000000	0.000000	0.000000	0.000000	0.000000	0.217751	0.000000	0.000000	0.000000	0.000000	0.000000	0.000000	0.000000	0.000000	0.000000	0.000000	0.000000	0.000000	0.000000	0.000000	0.000000
1764624061.870567799	0.000000	0.000000	-0.163827	0.000000	0.000000	0.000000	0.000000	0.000000	0.217751	0.000000	0.000000	0.000000	0.000000	0.000000	0.000000	0.000000	0.000000	0.000000	0.000000	0.000000	0.000000	0.000000	0.000000	0.000000
1764624061.881024837	0.000000	0.000000	-0.171748	0.000000	0.000000	0.000000	0.000000	0.000000	0.217751	0.000000	0.000000	0.000000	0.000000	0.000000	0.000000	0.000000	0.000000	0.000000	0.000000	0.000000	0.000000	0.000000	0.000000	0.000000
1764624061.889781713	0.000000	0.000000	-0.175439	0.000000	0.000000	0.000000	0.000000	0.000000	0.217751	0.000000	0.000000	0.000000	0.000000	0.000000	0.000000	0.000000	0.000000	0.000000	0.000000	0.000000	0.000000	0.000000	0.000000	0.000000
1764624061.906990290	0.000000	0.000000	-0.180241	0.000000	0.000000	0.000000	0.000000	0.000000	0.217751	0.000000	0.000000	0.000000	0.000000	0.000000	0.000000	0.000000	0.000000	0.000000	0.000000	0.000000	0.000000	0.000000	0.000000	0.000000
1764624061.910068512	0.000000	0.000000	-0.158428	0.000000	0.000000	0.000000	0.000000	0.000000	0.217751	0.000000	0.000000	0.000000	0.000000	0.000000	0.000000	0.000000	0.000000	0.000000	0.000000	0.000000	0.000000	0.000000	0.000000	0.000000
1764624061.921503782	0.000000	0.000000	-0.154655	0.000000	0.000000	0.000000	0.000000	0.000000	0.217751	0.000000	0.000000	0.000000	0.000000	0.000000	0.000000	0.000000	0.000000	0.000000	0.000000	0.000000	0.000000	0.000000	0.000000	0.000000
1764624061.930357218	0.000000	0.000000	-0.153586	0.000000	0.000000	0.000000	0.000000	0.000000	0.217751	0.000000	0.000000	0.000000	0.000000	0.000000	0.000000	0.000000	0.000000	0.000000	0.000000	0.000000	0.000000	0.000000	0.000000	0.000000
1764624061.945890427	0.000000	0.000000	-0.143529	0.000000	0.000000	0.000000	0.000000	0.000000	0.217751	0.000000	0.000000	0.000000	0.000000	0.000000	0.000000	0.000000	0.000000	0.000000	0.000000	0.000000	0.000000	0.000000	0.000000	0.000000
1764624061.950107098	0.000000	0.000000	-0.149379	0.000000	0.000000	0.000000	0.000000	0.000000	0.217751	0.000000	0.000000	0.000000	0.000000	0.000000	0.000000	0.000000	0.000000	0.000000	0.000000	0.000000	0.000000	0.000000	0.000000	0.000000
1764624061.960244894	0.000000	0.000000	-0.141420	0.000000	0.000000	0.000000	0.000000	0.000000	0.170553	0.000000	0.000000	0.000000	0.000000	0.000000	0.000000	0.000000	0.000000	0.000000	0.000000	0.000000	0.000000	0.000000	0.000000	0.000000
1764624061.970432281	0.000000	0.000000	-0.126894	0.000000	0.000000	0.000000	0.000000	0.000000	0.170553	0.000000	0.000000	0.000000	0.000000	0.000000	0.000000	0.000000	0.000000	0.000000	0.000000	0.000000	0.000000	0.000000	0.000000	0.000000
1764624061.984704256	0.000000	0.000000	-0.104066	0.000000	0.000000	0.000000	0.000000	0.000000	0.170553	0.000000	0.000000	0.000000	0.000000	0.000000	0.000000	0.000000	0.000000	0.000000	0.000000	0.000000	0.000000	0.000000	0.000000	0.000000
1764624061.989819765	0.000000	0.000000	-0.118921	0.000000	0.000000	0.000000	0.000000	0.000000	0.170553	0.000000	0.000000	0.000000	0.000000	0.000000	0.000000	0.000000	0.000000	0.000000	0.000000	0.000000	0.000000	0.000000	0.000000	0.000000
1764624062.000661135	0.000000	0.000000	-0.113767	0.000000	0.000000	0.000000	0.000000	0.000000	0.170553	0.000000	0.000000	0.000000	0.000000	0.000000	0.000000	0.000000	0.000000	0.000000	0.000000	0.000000	0.000000	0.000000	0.000000	0.000000
1764624062.010220289	0.000000	0.000000	-0.104396	0.000000	0.000000	0.000000	0.000000	0.000000	0.170553	0.000000	0.000000	0.000000	0.000000	0.000000	0.000000	0.000000	0.000000	0.000000	0.000000	0.000000	0.000000	0.000000	0.000000	0.000000
1764624062.026409149	0.000000	0.000000	-0.097204	0.000000	0.000000	0.000000	0.000000	0.000000	0.170553	0.000000	0.000000	0.000000	0.000000	0.000000	0.000000	0.000000	0.000000	0.000000	0.000000	0.000000	0.000000	0.000000	0.000000	0.000000
1764624062.030614138	0.000000	0.000000	-0.095783	0.000000	0.000000	0.000000	0.000000	0.000000	0.170553	0.000000	0.000000	0.000000	0.000000	0.000000	0.000000	0.000000	0.000000	0.000000	0.000000	0.000000	0.000000	0.000000	0.000000	0.000000
1764624062.041189432	0.000000	0.000000	-0.087799	0.000000	0.000000	0.000000	0.000000	0.000000	0.170553	0.000000	0.000000	0.000000	0.000000	0.000000	0.000000	0.000000	0.000000	0.000000	0.000000	0.000000	0.000000	0.000000	0.000000	0.000000
1764624062.049775124	0.000000	0.000000	-0.079151	0.000000	0.000000	0.000000	0.000000	0.000000	0.170553	0.000000	0.000000	0.000000	0.000000	0.000000	0.000000	0.000000	0.000000	0.000000	0.000000	0.000000	0.000000	0.000000	0.000000	0.000000
1764624062.068392277	0.000000	0.000000	-0.069515	0.000000	0.000000	0.000000	0.000000	0.000000	0.170553	0.000000	0.000000	0.000000	0.000000	0.000000	0.000000	0.000000	0.000000	0.000000	0.000000	0.000000	0.000000	0.000000	0.000000	0.000000
1764624062.070668697	0.000000	0.000000	-0.071921	0.000000	0.000000	0.000000	0.000000	0.000000	0.170553	0.000000	0.000000	0.000000	0.000000	0.000000	0.000000	0.000000	0.000000	0.000000	0.000000	0.000000	0.000000	0.000000	0.000000	0.000000
1764624062.079835653	0.000000	0.000000	-0.058068	0.000000	0.000000	0.000000	0.000000	0.000000	0.170553	0.000000	0.000000	0.000000	0.000000	0.000000	0.000000	0.000000	0.000000	0.000000	0.000000	0.000000	0.000000	0.000000	0.000000	0.000000
1764624062.089918137	0.000000	0.000000	-0.052295	0.000000	0.000000	0.000000	0.000000	0.000000	0.170553	0.000000	0.000000	0.000000	0.000000	0.000000	0.000000	0.000000	0.000000	0.000000	0.000000	0.000000	0.000000	0.000000	0.000000	0.000000
1764624062.100262403	0.000000	0.000000	-0.040139	0.000000	0.000000	0.000000	0.000000	0.000000	0.170553	0.000000	0.000000	0.000000	0.000000	0.000000	0.000000	0.000000	0.000000	0.000000	0.000000	0.000000	0.000000	0.000000	0.000000	0.000000
1764624062.117907047	0.000000	0.000000	-0.030604	0.000000	0.000000	0.000000	0.000000	0.000000	0.170553	0.000000	0.000000	0.000000	0.000000	0.000000	0.000000	0.000000	0.000000	0.000000	0.000000	0.000000	0.000000	0.000000	0.000000	0.000000
1764624062.120130062	0.000000	0.000000	-0.036230	0.000000	0.000000	0.000000	0.000000	0.000000	0.170553	0.000000	0.000000	0.000000	0.000000	0.000000	0.000000	0.000000	0.000000	0.000000	0.000000	0.000000	0.000000	0.000000	0.000000	0.000000
1764624062.130389690	0.000000	0.000000	-0.033423	0.000000	0.000000	0.000000	0.000000	0.000000	0.170553	0.000000	0.000000	0.000000	0.000000	0.000000	0.000000	0.000000	0.000000	0.000000	0.000000	0.000000	0.000000	0.000000	0.000000	0.000000
1764624062.140824080	0.000000	0.000000	-0.025107	0.000000	0.000000	0.000000	0.000000	0.000000	0.170553	0.000000	0.000000	0.000000	0.000000	0.000000	0.000000	0.000000	0.000000	0.000000	0.000000	0.000000	0.000000	0.000000	0.000000	0.000000
1764624062.156646490	0.000000	0.000000	-0.020575	0.000000	0.000000	0.000000	0.000000	0.000000	0.170553	0.000000	0.000000	0.000000	0.000000	0.000000	0.000000	0.000000	0.000000	0.000000	0.000000	0.000000	0.000000	0.000000	0.000000	0.000000
1764624062.163172722	0.000000	0.000000	-0.020340	0.000000	0.000000	0.000000	0.000000	0.000000	0.170553	0.000000	0.000000	0.000000	0.000000	0.000000	0.000000	0.000000	0.000000	0.000000	0.000000	0.000000	0.000000	0.000000	0.000000	0.000000
1764624062.170725346	0.000000	0.000000	-0.003521	0.000000	0.000000	0.000000	0.000000	0.000000	0.170553	0.000000	0.000000	0.000000	0.000000	0.000000	0.000000	0.000000	0.000000	0.000000	0.000000	0.000000	0.000000	0.000000	0.000000	0.000000
1764624062.185982466	0.000000	0.000000	-0.001316	0.000000	0.000000	0.000000	0.000000	0.000000	0.170553	0.000000	0.000000	0.000000	0.000000	0.000000	0.000000	0.000000	0.000000	0.000000	0.000000	0.000000	0.000000	0.000000	0.000000	0.000000
1764624062.189744473	0.000000	0.000000	0.003374	0.000000	0.000000	0.000000	0.000000	0.000000	0.170553	0.000000	0.000000	0.000000	0.000000	0.000000	0.000000	0.000000	0.000000	0.000000	0.000000	0.000000	0.000000	0.000000	0.000000	0.000000
1764624062.201470852	0.000000	0.000000	0.012752	0.000000	0.000000	0.000000	0.000000	0.000000	0.170553	0.000000	0.000000	0.000000	0.000000	0.000000	0.000000	0.000000	0.000000	0.000000	0.000000	0.000000	0.000000	0.000000	0.000000	0.000000
1764624062.218773365	0.000000	0.000000	0.020382	0.000000	0.000000	0.000000	0.000000	0.000000	0.144012	0.000000	0.000000	0.000000	0.000000	0.000000	0.000000	0.000000	0.000000	0.000000	0.000000	0.000000	0.000000	0.000000	0.000000	0.000000
1764624062.220489502	0.000000	0.000000	0.027910	0.000000	0.000000	0.000000	0.000000	0.000000	0.144012	0.000000	0.000000	0.000000	0.000000	0.000000	0.000000	0.000000	0.000000	0.000000	0.000000	0.000000	0.000000	0.000000	0.000000	0.000000
1764624062.230741978	0.000000	0.000000	0.025403	0.000000	0.000000	0.000000	0.000000	0.000000	0.144012	0.000000	0.000000	0.000000	0.000000	0.000000	0.000000	0.000000	0.000000	0.000000	0.000000	0.000000	0.000000	0.000000	0.000000	0.000000
1764624062.240648031	0.000000	0.000000	0.044678	0.000000	0.000000	0.000000	0.000000	0.000000	0.144012	0.000000	0.000000	0.000000	0.000000	0.000000	0.000000	0.000000	0.000000	0.000000	0.000000	0.000000	0.000000	0.000000	0.000000	0.000000
1764624062.249985218	0.000000	0.000000	0.046359	0.000000	0.000000	0.000000	0.000000	0.000000	0.144012	0.000000	0.000000	0.000000	0.000000	0.000000	0.000000	0.000000	0.000000	0.000000	0.000000	0.000000	0.000000	0.000000	0.000000	0.000000
1764624062.259578943	0.000000	0.000000	0.037764	0.000000	0.000000	0.000000	0.000000	0.000000	0.144012	0.000000	0.000000	0.000000	0.000000	0.000000	0.000000	0.000000	0.000000	0.000000	0.000000	0.000000	0.000000	0.000000	0.000000	0.000000
1764624062.275466919	0.000000	0.000000	0.041886	0.000000	0.000000	0.000000	0.000000	0.000000	0.144012	0.000000	0.000000	0.000000	0.000000	0.000000	0.000000	0.000000	0.000000	0.000000	0.000000	0.000000	0.000000	0.000000	0.000000	0.000000
1764624062.280008078	0.000000	0.000000	0.052094	0.000000	0.000000	0.000000	0.000000	0.000000	0.144012	0.000000	0.000000	0.000000	0.000000	0.000000	0.000000	0.000000	0.000000	0.000000	0.000000	0.000000	0.000000	0.000000	0.000000	0.000000
1764624062.289612770	0.000000	0.000000	0.057960	0.000000	0.000000	0.000000	0.000000	0.000000	0.144012	0.000000	0.000000	0.000000	0.000000	0.000000	0.000000	0.000000	0.000000	0.000000	0.000000	0.000000	0.000000	0.000000	0.000000	0.000000
1764624062.306478500	0.000000	0.000000	0.062805	0.000000	0.000000	0.000000	0.000000	0.000000	0.144012	0.000000	0.000000	0.000000	0.000000	0.000000	0.000000	0.000000	0.000000	0.000000	0.000000	0.000000	0.000000	0.000000	0.000000	0.000000
1764624062.309871435	0.000000	0.000000	0.072698	0.000000	0.000000	0.000000	0.000000	0.000000	0.144012	0.000000	0.000000	0.000000	0.000000	0.000000	0.000000	0.000000	0.000000	0.000000	0.000000	0.000000	0.000000	0.000000	0.000000	0.000000
1764624062.319097519	0.000000	0.000000	0.074183	0.000000	0.000000	0.000000	0.000000	0.000000	0.144012	0.000000	0.000000	0.000000	0.000000	0.000000	0.000000	0.000000	0.000000	0.000000	0.000000	0.000000	0.000000	0.000000	0.000000	0.000000
1764624062.331970692	0.000000	0.000000	0.084339	0.000000	0.000000	0.000000	0.000000	0.000000	0.144012	0.000000	0.000000	0.000000	0.000000	0.000000	0.000000	0.000000	0.000000	0.000000	0.000000	0.000000	0.000000	0.000000	0.000000	0.000000
1764624062.345885754	0.000000	0.000000	0.091262	0.000000	0.000000	0.000000	0.000000	0.000000	0.144012	0.000000	0.000000	0.000000	0.000000	0.000000	0.000000	0.000000	0.000000	0.000000	0.000000	0.000000	0.000000	0.000000	0.000000	0.000000
1764624062.350509405	0.000000	0.000000	0.096286	0.000000	0.000000	0.000000	0.000000	0.000000	0.144012	0.000000	0.000000	0.000000	0.000000	0.000000	0.000000	0.000000	0.000000	0.000000	0.000000	0.000000	0.000000	0.000000	0.000000	0.000000
1764624062.360424995	0.000000	0.000000	0.096813	0.000000	0.000000	0.000000	0.000000	0.000000	0.144012	0.000000	0.000000	0.000000	0.000000	0.000000	0.000000	0.000000	0.000000	0.000000	0.000000	0.000000	0.000000	0.000000	0.000000	0.000000
1764624062.370570898	0.000000	0.000000	0.106927	0.000000	0.000000	0.000000	0.000000	0.000000	0.144012	0.000000	0.000000	0.000000	0.000000	0.000000	0.000000	0.000000	0.000000	0.000000	0.000000	0.000000	0.000000	0.000000	0.000000	0.000000
1764624062.380073309	0.000000	0.000000	0.108046	0.000000	0.000000	0.000000	0.000000	0.000000	0.144012	0.000000	0.000000	0.000000	0.000000	0.000000	0.000000	0.000000	0.000000	0.000000	0.000000	0.000000	0.000000	0.000000	0.000000	0.000000
1764624062.390445471	0.000000	0.000000	0.112645	0.000000	0.000000	0.000000	0.000000	0.000000	0.144012	0.000000	0.000000	0.000000	0.000000	0.000000	0.000000	0.000000	0.000000	0.000000	0.000000	0.000000	0.000000	0.000000	0.000000	0.000000
1764624062.401874781	0.000000	0.000000	0.116312	0.000000	0.000000	0.000000	0.000000	0.000000	0.144012	0.000000	0.000000	0.000000	0.000000	0.000000	0.000000	0.000000	0.000000	0.000000	0.000000	0.000000	0.000000	0.000000	0.000000	0.000000
1764624062.410549641	0.000000	0.000000	0.124254	0.000000	0.000000	0.000000	0.000000	0.000000	0.144012	0.000000	0.000000	0.000000	0.000000	0.000000	0.000000	0.000000	0.000000	0.000000	0.000000	0.000000	0.000000	0.000000	0.000000	0.000000
1764624062.423785686	0.000000	0.000000	0.127387	0.000000	0.000000	0.000000	0.000000	0.000000	0.144012	0.000000	0.000000	0.000000	0.000000	0.000000	0.000000	0.000000	0.000000	0.000000	0.000000	0.000000	0.000000	0.000000	0.000000	0.000000
1764624062.430597782	0.000000	0.000000	0.141285	0.000000	0.000000	0.000000	0.000000	0.000000	0.144012	0.000000	0.000000	0.000000	0.000000	0.000000	0.000000	0.000000	0.000000	0.000000	0.000000	0.000000	0.000000	0.000000	0.000000	0.000000
1764624062.441435099	0.000000	0.000000	0.137137	0.000000	0.000000	0.000000	0.000000	0.000000	0.144012	0.000000	0.000000	0.000000	0.000000	0.000000	0.000000	0.000000	0.000000	0.000000	0.000000	0.000000	0.000000	0.000000	0.000000	0.000000
1764624062.450562477	0.000000	0.000000	0.136121	0.000000	0.000000	0.000000	0.000000	0.000000	0.144012	0.000000	0.000000	0.000000	0.000000	0.000000	0.000000	0.000000	0.000000	0.000000	0.000000	0.000000	0.000000	0.000000	0.000000	0.000000
1764624062.461023569	0.000000	0.000000	0.147388	0.000000	0.000000	0.000000	0.000000	0.000000	0.125956	0.000000	0.000000	0.000000	0.000000	0.000000	0.000000	0.000000	0.000000	0.000000	0.000000	0.000000	0.000000	0.000000	0.000000	0.000000
1764624062.478474855	0.000000	0.000000	0.139638	0.000000	0.000000	0.000000	0.000000	0.000000	0.125956	0.000000	0.000000	0.000000	0.000000	0.000000	0.000000	0.000000	0.000000	0.000000	0.000000	0.000000	0.000000	0.000000	0.000000	0.000000
1764624062.480829954	0.000000	0.000000	0.157232	0.000000	0.000000	0.000000	0.000000	0.000000	0.125956	0.000000	0.000000	0.000000	0.000000	0.000000	0.000000	0.000000	0.000000	0.000000	0.000000	0.000000	0.000000	0.000000	0.000000	0.000000
1764624062.489927530	0.000000	0.000000	0.152333	0.000000	0.000000	0.000000	0.000000	0.000000	0.125956	0.000000	0.000000	0.000000	0.000000	0.000000	0.000000	0.000000	0.000000	0.000000	0.000000	0.000000	0.000000	0.000000	0.000000	0.000000
1764624062.505486488	0.000000	0.000000	0.168216	0.000000	0.000000	0.000000	0.000000	0.000000	0.125956	0.000000	0.000000	0.000000	0.000000	0.000000	0.000000	0.000000	0.000000	0.000000	0.000000	0.000000	0.000000	0.000000	0.000000	0.000000
1764624062.510558605	0.000000	0.000000	0.167213	0.000000	0.000000	0.000000	0.000000	0.000000	0.125956	0.000000	0.000000	0.000000	0.000000	0.000000	0.000000	0.000000	0.000000	0.000000	0.000000	0.000000	0.000000	0.000000	0.000000	0.000000
1764624062.520836353	0.000000	0.000000	0.152247	0.000000	0.000000	0.000000	0.000000	0.000000	0.125956	0.000000	0.000000	0.000000	0.000000	0.000000	0.000000	0.000000	0.000000	0.000000	0.000000	0.000000	0.000000	0.000000	0.000000	0.000000
1764624062.530897379	0.000000	0.000000	0.158695	0.000000	0.000000	0.000000	0.000000	0.000000	0.125956	0.000000	0.000000	0.000000	0.000000	0.000000	0.000000	0.000000	0.000000	0.000000	0.000000	0.000000	0.000000	0.000000	0.000000	0.000000
1764624062.538554192	0.000000	0.000000	0.168411	0.000000	0.000000	0.000000	0.000000	0.000000	0.125956	0.000000	0.000000	0.000000	0.000000	0.000000	0.000000	0.000000	0.000000	0.000000	0.000000	0.000000	0.000000	0.000000	0.000000	0.000000
1764624062.558115482	0.000000	0.000000	0.172322	0.000000	0.000000	0.000000	0.000000	0.000000	0.125956	0.000000	0.000000	0.000000	0.000000	0.000000	0.000000	0.000000	0.000000	0.000000	0.000000	0.000000	0.000000	0.000000	0.000000	0.000000
1764624062.560109615	0.000000	0.000000	0.171390	0.000000	0.000000	0.000000	0.000000	0.000000	0.125956	0.000000	0.000000	0.000000	0.000000	0.000000	0.000000	0.000000	0.000000	0.000000	0.000000	0.000000	0.000000	0.000000	0.000000	0.000000
1764624062.570687056	0.000000	0.000000	0.185178	0.000000	0.000000	0.000000	0.000000	0.000000	0.125956	0.000000	0.000000	0.000000	0.000000	0.000000	0.000000	0.000000	0.000000	0.000000	0.000000	0.000000	0.000000	0.000000	0.000000	0.000000
1764624062.580692768	0.000000	0.000000	0.179450	0.000000	0.000000	0.000000	0.000000	0.000000	0.125956	0.000000	0.000000	0.000000	0.000000	0.000000	0.000000	0.000000	0.000000	0.000000	0.000000	0.000000	0.000000	0.000000	0.000000	0.000000
1764624062.596547127	0.000000	0.000000	0.185398	0.000000	0.000000	0.000000	0.000000	0.000000	0.125956	0.000000	0.000000	0.000000	0.000000	0.000000	0.000000	0.000000	0.000000	0.000000	0.000000	0.000000	0.000000	0.000000	0.000000	0.000000
1764624062.599670887	0.000000	0.000000	0.191471	0.000000	0.000000	0.000000	0.000000	0.000000	0.125956	0.000000	0.000000	0.000000	0.000000	0.000000	0.000000	0.000000	0.000000	0.000000	0.000000	0.000000	0.000000	0.000000	0.000000	0.000000
1764624062.610599756	0.000000	0.000000	0.197710	0.000000	0.000000	0.000000	0.000000	0.000000	0.125956	0.000000	0.000000	0.000000	0.000000	0.000000	0.000000	0.000000	0.000000	0.000000	0.000000	0.000000	0.000000	0.000000	0.000000	0.000000
1764624062.624464273	0.000000	0.000000	0.205511	0.000000	0.000000	0.000000	0.000000	0.000000	0.125956	0.000000	0.000000	0.000000	0.000000	0.000000	0.000000	0.000000	0.000000	0.000000	0.000000	0.000000	0.000000	0.000000	0.000000	0.000000
1764624062.630400181	0.000000	0.000000	0.188581	0.000000	0.000000	0.000000	0.000000	0.000000	0.125956	0.000000	0.000000	0.000000	0.000000	0.000000	0.000000	0.000000	0.000000	0.000000	0.000000	0.000000	0.000000	0.000000	0.000000	0.000000
1764624062.640446663	0.000000	0.000000	0.202980	0.000000	0.000000	0.000000	0.000000	0.000000	0.125956	0.000000	0.000000	0.000000	0.000000	0.000000	0.000000	0.000000	0.000000	0.000000	0.000000	0.000000	0.000000	0.000000	0.000000	0.000000
1764624062.650372028	0.000000	0.000000	0.202776	0.000000	0.000000	0.000000	0.000000	0.000000	0.125956	0.000000	0.000000	0.000000	0.000000	0.000000	0.000000	0.000000	0.000000	0.000000	0.000000	0.000000	0.000000	0.000000	0.000000	0.000000
1764624062.660381794	0.000000	0.000000	0.203206	0.000000	0.000000	0.000000	0.000000	0.000000	0.125956	0.000000	0.000000	0.000000	0.000000	0.000000	0.000000	0.000000	0.000000	0.000000	0.000000	0.000000	0.000000	0.000000	0.000000	0.000000
1764624062.676627159	0.000000	0.000000	0.201405	0.000000	0.000000	0.000000	0.000000	0.000000	0.125956	0.000000	0.000000	0.000000	0.000000	0.000000	0.000000	0.000000	0.000000	0.000000	0.000000	0.000000	0.000000	0.000000	0.000000	0.000000
1764624062.680489302	0.000000	0.000000	0.203655	0.000000	0.000000	0.000000	0.000000	0.000000	0.125956	0.000000	0.000000	0.000000	0.000000	0.000000	0.000000	0.000000	0.000000	0.000000	0.000000	0.000000	0.000000	0.000000	0.000000	0.000000
1764624062.690191507	0.000000	0.000000	0.202637	0.000000	0.000000	0.000000	0.000000	0.000000	0.125956	0.000000	0.000000	0.000000	0.000000	0.000000	0.000000	0.000000	0.000000	0.000000	0.000000	0.000000	0.000000	0.000000	0.000000	0.000000
1764624062.700452566	0.000000	0.000000	0.200599	0.000000	0.000000	0.000000	0.000000	0.000000	0.125956	0.000000	0.000000	0.000000	0.000000	0.000000	0.000000	0.000000	0.000000	0.000000	0.000000	0.000000	0.000000	0.000000	0.000000	0.000000
1764624062.710145712	0.000000	0.000000	0.210567	0.000000	0.000000	0.000000	0.000000	0.000000	0.116475	0.000000	0.000000	0.000000	0.000000	0.000000	0.000000	0.000000	0.000000	0.000000	0.000000	0.000000	0.000000	0.000000	0.000000	0.000000
1764624062.720410109	0.000000	0.000000	0.215790	0.000000	0.000000	0.000000	0.000000	0.000000	0.116475	0.000000	0.000000	0.000000	0.000000	0.000000	0.000000	0.000000	0.000000	0.000000	0.000000	0.000000	0.000000	0.000000	0.000000	0.000000
1764624062.730452299	0.000000	0.000000	0.211554	0.000000	0.000000	0.000000	0.000000	0.000000	0.116475	0.000000	0.000000	0.000000	0.000000	0.000000	0.000000	0.000000	0.000000	0.000000	0.000000	0.000000	0.000000	0.000000	0.000000	0.000000
1764624062.744446278	0.000000	0.000000	0.206377	0.000000	0.000000	0.000000	0.000000	0.000000	0.116475	0.000000	0.000000	0.000000	0.000000	0.000000	0.000000	0.000000	0.000000	0.000000	0.000000	0.000000	0.000000	0.000000	0.000000	0.000000
1764624062.750045061	0.000000	0.000000	0.217372	0.000000	0.000000	0.000000	0.000000	0.000000	0.116475	0.000000	0.000000	0.000000	0.000000	0.000000	0.000000	0.000000	0.000000	0.000000	0.000000	0.000000	0.000000	0.000000	0.000000	0.000000
1764624062.760776281	0.000000	0.000000	0.222475	0.000000	0.000000	0.000000	0.000000	0.000000	0.116475	0.000000	0.000000	0.000000	0.000000	0.000000	0.000000	0.000000	0.000000	0.000000	0.000000	0.000000	-71.104365	0.000000	0.000000	0.000000
1764624062.770084858	0.000000	0.000000	0.216754	0.000000	0.000000	0.000000	0.000000	0.000000	0.116475	0.000000	0.000000	0.000000	0.000000	0.000000	0.000000	0.000000	0.000000	0.000000	0.000000	0.000000	-71.104365	0.000000	0.000000	0.000000
1764624062.780705214	0.000000	0.000000	0.212490	0.000000	0.000000	0.000000	0.000000	0.000000	0.116475	0.000000	0.000000	0.000000	0.000000	0.000000	0.000000	0.000000	0.000000	0.000000	0.000000	0.000000	-71.104365	0.000000	0.000000	0.000000
1764624062.796910763	0.000000	0.000000	0.214914	0.000000	0.000000	0.000000	0.000000	0.000000	0.116475	0.000000	0.000000	0.000000	0.000000	0.000000	0.000000	0.000000	0.000000	0.000000	0.000000	0.000000	-71.104365	0.000000	0.000000	0.000000
1764624062.799592733	0.000000	0.000000	0.206890	0.000000	0.000000	0.000000	0.000000	0.000000	0.116475	0.000000	0.000000	0.000000	0.000000	0.000000	0.000000	0.000000	0.000000	0.000000	0.000000	0.000000	-71.104365	0.000000	0.000000	0.000000
1764624062.809767723	0.000000	0.000000	0.204740	0.000000	0.000000	0.000000	0.000000	0.000000	0.116475	0.000000	0.000000	0.000000	0.000000	0.000000	0.000000	0.000000	0.000000	0.000000	0.000000	0.000000	-71.104365	0.000000	0.000000	0.000000
1764624062.826339483	0.000000	0.000000	0.191093	0.000000	0.000000	0.000000	0.000000	0.000000	0.116475	0.000000	0.000000	0.000000	0.000000	0.000000	0.000000	0.000000	0.000000	0.000000	0.000000	0.000000	-71.104365	0.000000	0.000000	0.000000
1764624062.829564333	0.000000	0.000000	0.209905	0.000000	0.000000	0.000000	0.000000	0.000000	0.116475	0.000000	0.000000	0.000000	0.000000	0.000000	0.000000	0.000000	0.000000	0.000000	0.000000	0.000000	-71.104365	0.000000	0.000000	0.000000
1764624062.840243816	0.000000	0.000000	0.199248	0.000000	0.000000	0.000000	0.000000	0.000000	0.116475	0.000000	0.000000	0.000000	0.000000	0.000000	0.000000	0.000000	0.000000	0.000000	0.000000	0.000000	-71.104365	0.000000	0.000000	0.000000
1764624062.850948572	0.000000	0.000000	0.210270	0.000000	0.000000	0.000000	0.000000	0.000000	0.116475	0.000000	0.000000	0.000000	0.000000	0.000000	0.000000	0.000000	0.000000	0.000000	0.000000	0.000000	-71.104365	0.000000	0.000000	0.000000
1764624062.871394396	0.000000	0.000000	0.160718	0.000000	0.000000	0.000000	0.000000	0.000000	0.116475	0.000000	0.000000	0.000000	0.000000	0.000000	0.000000	0.000000	0.000000	0.000000	0.000000	0.000000	-71.104365	0.000000	0.000000	0.000000
1764624062.871424913	0.000000	0.000000	0.113144	0.000000	0.000000	0.000000	0.000000	0.000000	0.116475	0.000000	0.000000	0.000000	0.000000	0.000000	0.000000	0.000000	0.000000	0.000000	0.000000	0.000000	-71.104365	0.000000	0.000000	0.000000
1764624062.880797863	0.000000	0.000000	0.005335	0.000000	0.000000	0.000000	0.000000	0.000000	0.116475	0.000000	0.000000	0.000000	0.000000	0.000000	0.000000	0.000000	0.000000	0.000000	0.000000	0.000000	-71.104365	0.000000	0.000000	0.000000
1764624062.890386105	0.000000	0.000000	-0.058511	0.000000	0.000000	0.000000	0.000000	0.000000	0.116475	0.000000	0.000000	0.000000	0.000000	0.000000	0.000000	0.000000	0.000000	0.000000	0.000000	0.000000	-71.104365	0.000000	0.000000	0.000000
1764624062.900152445	0.000000	0.000000	-0.162510	0.000000	0.000000	0.000000	0.000000	0.000000	0.116475	0.000000	0.000000	0.000000	0.000000	0.000000	0.000000	0.000000	0.000000	0.000000	0.000000	0.000000	-71.104365	0.000000	0.000000	0.000000
1764624062.910557985	0.000000	0.000000	-0.206941	0.000000	0.000000	0.000000	0.000000	0.000000	0.116475	0.000000	0.000000	0.000000	0.000000	0.000000	0.000000	0.000000	0.000000	0.000000	0.000000	0.000000	-71.104365	0.000000	0.000000	0.000000
1764624062.920723200	0.000000	0.000000	-0.284372	0.000000	0.000000	0.000000	0.000000	0.000000	0.116475	0.000000	0.000000	0.000000	0.000000	0.000000	0.000000	0.000000	0.000000	0.000000	0.000000	0.000000	-71.104365	0.000000	0.000000	0.000000
1764624062.930833101	0.000000	0.000000	-0.381981	0.000000	0.000000	0.000000	0.000000	0.000000	0.116475	0.000000	0.000000	0.000000	0.000000	0.000000	0.000000	0.000000	0.000000	0.000000	0.000000	0.000000	-71.104365	0.000000	0.000000	0.000000
1764624062.940706491	0.000000	0.000000	-0.435797	0.000000	0.000000	0.000000	0.000000	0.000000	0.116475	0.000000	0.000000	0.000000	0.000000	0.000000	0.000000	0.000000	0.000000	0.000000	0.000000	0.000000	-71.104365	0.000000	0.000000	0.000000
1764624062.959610462	0.000000	0.000000	-0.583839	0.000000	0.000000	0.000000	0.000000	0.000000	0.033455	0.000000	0.000000	0.000000	0.000000	0.000000	0.000000	0.000000	0.000000	0.000000	0.000000	0.000000	-71.104365	0.000000	0.000000	0.000000
1764624062.960989952	0.000000	0.000000	-0.683011	0.000000	0.000000	0.000000	0.000000	0.000000	0.033455	0.000000	0.000000	0.000000	0.000000	0.000000	0.000000	0.000000	0.000000	0.000000	0.000000	0.000000	-71.104365	0.000000	0.000000	0.000000
1764624062.970295191	0.000000	0.000000	-0.734447	0.000000	0.000000	0.000000	0.000000	0.000000	0.033455	0.000000	0.000000	0.000000	0.000000	0.000000	0.000000	0.000000	0.000000	0.000000	0.000000	0.000000	-71.104365	0.000000	0.000000	0.000000
1764624062.980652094	0.000000	0.000000	-0.824026	0.000000	0.000000	0.000000	0.000000	0.000000	0.033455	0.000000	0.000000	0.000000	0.000000	0.000000	0.000000	0.000000	0.000000	0.000000	0.000000	0.000000	-71.104365	0.000000	0.000000	0.000000
1764624062.998017550	0.000000	0.000000	-0.866369	0.000000	0.000000	0.000000	0.000000	0.000000	0.033455	0.000000	0.000000	0.000000	0.000000	0.000000	0.000000	0.000000	0.000000	0.000000	0.000000	0.000000	-71.104365	0.000000	0.000000	0.000000
1764624062.999680042	0.000000	0.000000	-0.942259	0.000000	0.000000	0.000000	0.000000	0.000000	0.033455	0.000000	0.000000	0.000000	0.000000	0.000000	0.000000	0.000000	0.000000	0.000000	0.000000	0.000000	-71.104365	0.000000	0.000000	0.000000
1764624063.010234118	0.000000	0.000000	-0.911187	0.000000	0.000000	0.000000	0.000000	0.000000	0.033455	0.000000	0.000000	0.000000	0.000000	0.000000	0.000000	0.000000	0.000000	0.000000	0.000000	0.000000	-71.104365	0.000000	0.000000	0.000000
1764624063.020792246	0.000000	0.000000	-0.925349	0.000000	0.000000	0.000000	0.000000	0.000000	0.033455	0.000000	0.000000	0.000000	0.000000	0.000000	0.000000	0.000000	0.000000	0.000000	0.000000	0.000000	-71.104365	0.000000	0.000000	0.000000
1764624063.039768457	0.000000	0.000000	-0.873409	0.000000	0.000000	0.000000	0.000000	0.000000	0.033455	0.000000	0.000000	0.000000	0.000000	0.000000	0.000000	0.000000	0.000000	0.000000	0.000000	0.000000	-71.104365	0.000000	0.000000	0.000000
1764624063.040942669	0.000000	0.000000	-0.710938	0.000000	0.000000	0.000000	0.000000	0.000000	0.033455	0.000000	0.000000	0.000000	0.000000	0.000000	0.000000	0.000000	0.000000	0.000000	0.000000	0.000000	-71.104365	0.000000	0.000000	0.000000
1764624063.050529957	0.000000	0.000000	-0.650586	0.000000	0.000000	0.000000	0.000000	0.000000	0.033455	0.000000	0.000000	0.000000	0.000000	0.000000	0.000000	0.000000	0.000000	0.000000	0.000000	0.000000	-71.104365	0.000000	0.000000	0.000000
1764624063.068685532	0.000000	0.000000	-0.582357	0.000000	0.000000	0.000000	0.000000	0.000000	0.033455	0.000000	0.000000	0.000000	0.000000	0.000000	0.000000	0.000000	0.000000	0.000000	0.000000	0.000000	-71.104365	0.000000	0.000000	0.000000
1764624063.070724010	0.000000	0.000000	-0.462044	0.000000	0.000000	0.000000	0.000000	0.000000	0.033455	0.000000	0.000000	0.000000	0.000000	0.000000	0.000000	0.000000	0.000000	0.000000	0.000000	0.000000	-71.104365	0.000000	0.000000	0.000000
1764624063.079976082	0.000000	0.000000	-0.387388	0.000000	0.000000	0.000000	0.000000	0.000000	0.033455	0.000000	0.000000	0.000000	0.000000	0.000000	0.000000	0.000000	0.000000	0.000000	0.000000	0.000000	-71.104365	0.000000	0.000000	0.000000
1764624063.089555979	0.000000	0.000000	-0.318134	0.000000	0.000000	0.000000	0.000000	0.000000	0.033455	0.000000	0.000000	0.000000	0.000000	0.000000	0.000000	0.000000	0.000000	0.000000	0.000000	0.000000	-71.104365	0.000000	0.000000	0.000000
1764624063.099936724	0.000000	0.000000	-0.374070	0.000000	0.000000	0.000000	0.000000	0.000000	0.033455	0.000000	0.000000	0.000000	0.000000	0.000000	0.000000	0.000000	0.000000	0.000000	0.000000	0.000000	-71.104365	0.000000	0.000000	0.000000
1764624063.119538069	0.000000	0.000000	-0.313610	0.000000	0.000000	0.000000	0.000000	0.000000	0.033455	0.000000	0.000000	0.000000	0.000000	0.000000	0.000000	0.000000	0.000000	0.000000	0.000000	0.000000	-71.104365	0.000000	0.000000	0.000000
1764624063.119554520	0.000000	0.000000	-0.278159	0.000000	0.000000	0.000000	0.000000	0.000000	0.033455	0.000000	0.000000	0.000000	0.000000	0.000000	0.000000	0.000000	0.000000	0.000000	0.000000	0.000000	-71.104365	0.000000	0.000000	0.000000
1764624063.130057573	0.000000	0.000000	-0.324947	0.000000	0.000000	0.000000	0.000000	0.000000	0.033455	0.000000	0.000000	0.000000	0.000000	0.000000	0.000000	0.000000	0.000000	0.000000	0.000000	0.000000	-71.104365	0.000000	0.000000	0.000000
1764624063.150488138	0.000000	0.000000	-0.397508	0.000000	0.000000	0.000000	0.000000	0.000000	0.033455	0.000000	0.000000	0.000000	0.000000	0.000000	0.000000	0.000000	0.000000	0.000000	0.000000	0.000000	-71.104365	0.000000	0.000000	0.000000
1764624063.151688337	0.000000	0.000000	-0.347239	0.000000	0.000000	0.000000	0.000000	0.000000	0.033455	0.000000	0.000000	0.000000	0.000000	0.000000	0.000000	0.000000	0.000000	0.000000	0.000000	0.000000	-71.104365	0.000000	0.000000	0.000000
1764624063.160044909	0.000000	0.000000	-0.314700	0.000000	0.000000	0.000000	0.000000	0.000000	0.033455	0.000000	0.000000	0.000000	0.000000	0.000000	0.000000	0.000000	0.000000	0.000000	0.000000	0.000000	-71.104365	0.000000	0.000000	0.000000
1764624063.170363903	0.000000	0.000000	-0.420829	0.000000	0.000000	0.000000	0.000000	0.000000	0.033455	0.000000	0.000000	0.000000	0.000000	0.000000	0.000000	0.000000	0.000000	0.000000	0.000000	0.000000	-71.104365	0.000000	0.000000	0.000000
1764624063.190053463	0.000000	0.000000	-0.441588	0.000000	0.000000	0.000000	0.000000	0.000000	0.033455	0.000000	0.000000	0.000000	0.000000	0.000000	0.000000	0.000000	0.000000	0.000000	0.000000	0.000000	-71.104365	0.000000	0.000000	0.000000
1764624063.190061569	0.000000	0.000000	-0.368687	0.000000	0.000000	0.000000	0.000000	0.000000	0.033455	0.000000	0.000000	0.000000	0.000000	0.000000	0.000000	0.000000	0.000000	0.000000	0.000000	0.000000	-71.104365	0.000000	0.000000	0.000000
1764624063.200005054	0.000000	0.000000	-0.377877	0.000000	0.000000	0.000000	0.000000	0.000000	0.033455	0.000000	0.000000	0.000000	0.000000	0.000000	0.000000	0.000000	0.000000	0.000000	0.000000	0.000000	-71.104365	0.000000	0.000000	0.000000
1764624063.211799860	0.000000	0.000000	-0.405823	0.000000	0.000000	0.000000	0.000000	0.000000	-0.119804	0.000000	0.000000	0.000000	0.000000	0.000000	0.000000	0.000000	0.000000	0.000000	0.000000	0.000000	-71.104365	0.000000	0.000000	0.000000
1764624063.220943213	0.000000	0.000000	-0.290508	0.000000	0.000000	0.000000	0.000000	0.000000	-0.119804	0.000000	0.000000	0.000000	0.000000	0.000000	0.000000	0.000000	0.000000	0.000000	0.000000	0.000000	-71.104365	0.000000	0.000000	0.000000
1764624063.241596699	0.000000	0.000000	-0.470254	0.000000	0.000000	0.000000	0.000000	0.000000	-0.119804	0.000000	0.000000	0.000000	0.000000	0.000000	0.000000	0.000000	0.000000	0.000000	0.000000	0.000000	-71.104365	0.000000	0.000000	0.000000
1764624063.243242979	0.000000	0.000000	-0.334484	0.000000	0.000000	0.000000	0.000000	0.000000	-0.119804	0.000000	0.000000	0.000000	0.000000	0.000000	0.000000	0.000000	0.000000	0.000000	0.000000	0.000000	-71.104365	0.000000	0.000000	0.000000
1764624063.250683784	0.000000	0.000000	-0.496360	0.000000	0.000000	0.000000	0.000000	0.000000	-0.119804	0.000000	0.000000	0.000000	0.000000	0.000000	0.000000	0.000000	0.000000	0.000000	0.000000	0.000000	-71.104365	0.000000	0.000000	0.000000
1764624063.260929346	0.000000	0.000000	-0.304732	0.000000	0.000000	0.000000	0.000000	0.000000	-0.119804	0.000000	0.000000	0.000000	0.000000	0.000000	0.000000	0.000000	0.000000	0.000000	0.000000	0.000000	-71.104365	0.000000	0.000000	0.000000
1764624063.270414114	0.000000	0.000000	-0.395388	0.000000	0.000000	0.000000	0.000000	0.000000	-0.119804	0.000000	0.000000	0.000000	0.000000	0.000000	0.000000	0.000000	0.000000	0.000000	0.000000	0.000000	-71.104365	0.000000	0.000000	0.000000
1764624063.280656815	0.000000	0.000000	-0.427322	0.000000	0.000000	0.000000	0.000000	0.000000	-0.119804	0.000000	0.000000	0.000000	0.000000	0.000000	0.000000	0.000000	0.000000	0.000000	0.000000	0.000000	-71.104365	0.000000	0.000000	0.000000
1764624063.299177170	0.000000	0.000000	-0.183408	0.000000	0.000000	0.000000	0.000000	0.000000	-0.119804	0.000000	0.000000	0.000000	0.000000	0.000000	0.000000	0.000000	0.000000	0.000000	0.000000	0.000000	-71.104365	0.000000	0.000000	0.000000
1764624063.300476551	0.000000	0.000000	-0.474963	0.000000	0.000000	0.000000	0.000000	0.000000	-0.119804	0.000000	0.000000	0.000000	0.000000	0.000000	0.000000	0.000000	0.000000	0.000000	0.000000	0.000000	-71.104365	0.000000	0.000000	0.000000
1764624063.309838295	0.000000	0.000000	-0.366572	0.000000	0.000000	0.000000	0.000000	0.000000	-0.119804	0.000000	0.000000	0.000000	0.000000	0.000000	0.000000	0.000000	0.000000	0.000000	0.000000	0.000000	-71.104365	0.000000	0.000000	0.000000
1764624063.320187807	0.000000	0.000000	-0.262069	0.000000	0.000000	0.000000	0.000000	0.000000	-0.119804	0.000000	0.000000	0.000000	0.000000	0.000000	0.000000	0.000000	0.000000	0.000000	0.000000	0.000000	-71.104365	0.000000	0.000000	0.000000
1764624063.330347776	0.000000	0.000000	-0.394896	0.000000	0.000000	0.000000	0.000000	0.000000	-0.119804	0.000000	0.000000	0.000000	0.000000	0.000000	0.000000	0.000000	0.000000	0.000000	0.000000	0.000000	-71.104365	0.000000	0.000000	0.000000
1764624063.350268126	0.000000	0.000000	-0.260170	0.000000	0.000000	0.000000	0.000000	0.000000	-0.119804	0.000000	0.000000	0.000000	0.000000	0.000000	0.000000	0.000000	0.000000	0.000000	0.000000	0.000000	-71.104365	0.000000	0.000000	0.000000
1764624063.350275517	0.000000	0.000000	-0.320241	0.000000	0.000000	0.000000	0.000000	0.000000	-0.119804	0.000000	0.000000	0.000000	0.000000	0.000000	0.000000	0.000000	0.000000	0.000000	0.000000	0.000000	-71.104365	0.000000	0.000000	0.000000
1764624063.360237122	0.000000	0.000000	-0.303077	0.000000	0.000000	0.000000	0.000000	0.000000	-0.119804	0.000000	0.000000	0.000000	0.000000	0.000000	0.000000	0.000000	0.000000	0.000000	0.000000	0.000000	-71.104365	0.000000	0.000000	0.000000
1764624063.370275974	0.000000	0.000000	-0.368638	0.000000	0.000000	0.000000	0.000000	0.000000	-0.119804	0.000000	0.000000	0.000000	0.000000	0.000000	0.000000	0.000000	0.000000	0.000000	0.000000	0.000000	-71.104365	0.000000	0.000000	0.000000
1764624063.389326334	0.000000	0.000000	-0.344683	0.000000	0.000000	0.000000	0.000000	0.000000	-0.119804	0.000000	0.000000	0.000000	0.000000	0.000000	0.000000	0.000000	0.000000	0.000000	0.000000	0.000000	-71.104365	0.000000	0.000000	0.000000
1764624063.391066790	0.000000	0.000000	-0.337032	0.000000	0.000000	0.000000	0.000000	0.000000	-0.119804	0.000000	0.000000	0.000000	0.000000	0.000000	0.000000	0.000000	0.000000	0.000000	0.000000	0.000000	-71.104365	0.000000	0.000000	0.000000
1764624063.399317026	0.000000	0.000000	-0.138130	0.000000	0.000000	0.000000	0.000000	0.000000	-0.119804	0.000000	0.000000	0.000000	0.000000	0.000000	0.000000	0.000000	0.000000	0.000000	0.000000	0.000000	-71.104365	0.000000	0.000000	0.000000
1764624063.410388708	0.000000	0.000000	-0.479723	0.000000	0.000000	0.000000	0.000000	0.000000	-0.119804	0.000000	0.000000	0.000000	0.000000	0.000000	0.000000	0.000000	0.000000	0.000000	0.000000	0.000000	-71.104365	0.000000	0.000000	0.000000
1764624063.429819822	0.000000	0.000000	-0.216110	0.000000	0.000000	0.000000	0.000000	0.000000	-0.119804	0.000000	0.000000	0.000000	0.000000	0.000000	0.000000	0.000000	0.000000	0.000000	0.000000	0.000000	-71.104365	0.000000	0.000000	0.000000
1764624063.431267262	0.000000	0.000000	-0.228844	0.000000	0.000000	0.000000	0.000000	0.000000	-0.119804	0.000000	0.000000	0.000000	0.000000	0.000000	0.000000	0.000000	0.000000	0.000000	0.000000	0.000000	-71.104365	0.000000	0.000000	0.000000
1764624063.440772533	0.000000	0.000000	-0.448295	0.000000	0.000000	0.000000	0.000000	0.000000	-0.119804	0.000000	0.000000	0.000000	0.000000	0.000000	0.000000	0.000000	0.000000	0.000000	0.000000	0.000000	-71.104365	0.000000	0.000000	0.000000
1764624063.450491905	0.000000	0.000000	-0.367856	0.000000	0.000000	0.000000	0.000000	0.000000	-0.119804	0.000000	0.000000	0.000000	0.000000	0.000000	0.000000	0.000000	0.000000	0.000000	0.000000	0.000000	-71.104365	0.000000	0.000000	0.000000
1764624063.471252918	0.000000	0.000000	-0.493625	0.000000	0.000000	0.000000	0.000000	0.000000	-0.197512	0.000000	0.000000	0.000000	0.000000	0.000000	0.000000	0.000000	0.000000	0.000000	0.000000	0.000000	-71.104365	0.000000	0.000000	0.000000
1764624063.471281767	0.000000	0.000000	-0.351456	0.000000	0.000000	0.000000	0.000000	0.000000	-0.197512	0.000000	0.000000	0.000000	0.000000	0.000000	0.000000	0.000000	0.000000	0.000000	0.000000	0.000000	-71.104365	0.000000	0.000000	0.000000
1764624063.480580807	0.000000	0.000000	-0.212738	0.000000	0.000000	0.000000	0.000000	0.000000	-0.197512	0.000000	0.000000	0.000000	0.000000	0.000000	0.000000	0.000000	0.000000	0.000000	0.000000	0.000000	-71.104365	0.000000	0.000000	0.000000
1764624063.491795778	0.000000	0.000000	-0.442274	0.000000	0.000000	0.000000	0.000000	0.000000	-0.197512	0.000000	0.000000	0.000000	0.000000	0.000000	0.000000	0.000000	0.000000	0.000000	0.000000	0.000000	-71.104365	0.000000	0.000000	0.000000
1764624063.509988785	0.000000	0.000000	-0.232578	0.000000	0.000000	0.000000	0.000000	0.000000	-0.197512	0.000000	0.000000	0.000000	0.000000	0.000000	0.000000	0.000000	0.000000	0.000000	0.000000	0.000000	-71.104365	0.000000	0.000000	0.000000
1764624063.511678934	0.000000	0.000000	-0.239277	0.000000	0.000000	0.000000	0.000000	0.000000	-0.197512	0.000000	0.000000	0.000000	0.000000	0.000000	0.000000	0.000000	0.000000	0.000000	0.000000	0.000000	-71.104365	0.000000	0.000000	0.000000
1764624063.520884514	0.000000	0.000000	-0.426938	0.000000	0.000000	0.000000	0.000000	0.000000	-0.197512	0.000000	0.000000	0.000000	0.000000	0.000000	0.000000	0.000000	0.000000	0.000000	0.000000	0.000000	-71.104365	0.000000	0.000000	0.000000
1764624063.530004501	0.000000	0.000000	-0.311317	0.000000	0.000000	0.000000	0.000000	0.000000	-0.197512	0.000000	0.000000	0.000000	0.000000	0.000000	0.000000	0.000000	0.000000	0.000000	0.000000	0.000000	-71.104365	0.000000	0.000000	0.000000
1764624063.540977955	0.000000	0.000000	-0.395119	0.000000	0.000000	0.000000	0.000000	0.000000	-0.197512	0.000000	0.000000	0.000000	0.000000	0.000000	0.000000	0.000000	0.000000	0.000000	0.000000	0.000000	-71.104365	0.000000	0.000000	0.000000
1764624063.560077667	0.000000	0.000000	-0.423045	0.000000	0.000000	0.000000	0.000000	0.000000	-0.197512	0.000000	0.000000	0.000000	0.000000	0.000000	0.000000	0.000000	0.000000	0.000000	0.000000	0.000000	-71.104365	0.000000	0.000000	0.000000
1764624063.560100555	0.000000	0.000000	-0.240563	0.000000	0.000000	0.000000	0.000000	0.000000	-0.197512	0.000000	0.000000	0.000000	0.000000	0.000000	0.000000	0.000000	0.000000	0.000000	0.000000	0.000000	-71.104365	0.000000	0.000000	0.000000
1764624063.570286274	0.000000	0.000000	-0.459746	0.000000	0.000000	0.000000	0.000000	0.000000	-0.197512	0.000000	0.000000	0.000000	0.000000	0.000000	0.000000	0.000000	0.000000	0.000000	0.000000	0.000000	-71.104365	0.000000	0.000000	0.000000
1764624063.581854582	0.000000	0.000000	-0.371524	0.000000	0.000000	0.000000	0.000000	0.000000	-0.197512	0.000000	0.000000	0.000000	0.000000	0.000000	0.000000	0.000000	0.000000	0.000000	0.000000	0.000000	-71.104365	0.000000	0.000000	0.000000
1764624063.599045992	0.000000	0.000000	-0.275144	0.000000	0.000000	0.000000	0.000000	0.000000	-0.197512	0.000000	0.000000	0.000000	0.000000	0.000000	0.000000	0.000000	0.000000	0.000000	0.000000	0.000000	-71.104365	0.000000	0.000000	0.000000
1764624063.599075794	0.000000	0.000000	-0.342827	0.000000	0.000000	0.000000	0.000000	0.000000	-0.197512	0.000000	0.000000	0.000000	0.000000	0.000000	0.000000	0.000000	0.000000	0.000000	0.000000	0.000000	-71.104365	0.000000	0.000000	0.000000
1764624063.610294819	0.000000	0.000000	-0.401825	0.000000	0.000000	0.000000	0.000000	0.000000	-0.197512	0.000000	0.000000	0.000000	0.000000	0.000000	0.000000	0.000000	0.000000	0.000000	0.000000	0.000000	-71.104365	0.000000	0.000000	0.000000
1764624063.628597975	0.000000	0.000000	-0.432263	0.000000	0.000000	0.000000	0.000000	0.000000	-0.197512	0.000000	0.000000	0.000000	0.000000	0.000000	0.000000	0.000000	0.000000	0.000000	0.000000	0.000000	-71.104365	0.000000	0.000000	0.000000
1764624063.631224394	0.000000	0.000000	-0.449507	0.000000	0.000000	0.000000	0.000000	0.000000	-0.197512	0.000000	0.000000	0.000000	0.000000	0.000000	0.000000	0.000000	0.000000	0.000000	0.000000	0.000000	-71.104365	0.000000	0.000000	0.000000
1764624063.640280962	0.000000	0.000000	-0.073313	0.000000	0.000000	0.000000	0.000000	0.000000	-0.197512	0.000000	0.000000	0.000000	0.000000	0.000000	0.000000	0.000000	0.000000	0.000000	0.000000	0.000000	-71.104365	0.000000	0.000000	0.000000
1764624063.649986982	0.000000	0.000000	-0.416987	0.000000	0.000000	0.000000	0.000000	0.000000	-0.197512	0.000000	0.000000	0.000000	0.000000	0.000000	0.000000	0.000000	0.000000	0.000000	0.000000	0.000000	-71.104365	0.000000	0.000000	0.000000
1764624063.660223007	0.000000	0.000000	-0.337074	0.000000	0.000000	0.000000	0.000000	0.000000	-0.197512	0.000000	0.000000	0.000000	0.000000	0.000000	0.000000	0.000000	0.000000	0.000000	0.000000	0.000000	-71.104365	0.000000	0.000000	0.000000
1764624063.681285381	0.000000	0.000000	-0.286530	0.000000	0.000000	0.000000	0.000000	0.000000	-0.197512	0.000000	0.000000	0.000000	0.000000	0.000000	0.000000	0.000000	0.000000	0.000000	0.000000	0.000000	-71.104365	0.000000	0.000000	0.000000
1764624063.685324669	0.000000	0.000000	-0.495629	0.000000	0.000000	0.000000	0.000000	0.000000	-0.197512	0.000000	0.000000	0.000000	0.000000	0.000000	0.000000	0.000000	0.000000	0.000000	0.000000	0.000000	-71.104365	0.000000	0.000000	0.000000
1764624063.691654205	0.000000	0.000000	-0.331392	0.000000	0.000000	0.000000	0.000000	0.000000	-0.197512	0.000000	0.000000	0.000000	0.000000	0.000000	0.000000	0.000000	0.000000	0.000000	0.000000	0.000000	-71.104365	0.000000	0.000000	0.000000
1764624063.703713417	0.000000	0.000000	-0.407085	0.000000	0.000000	0.000000	0.000000	0.000000	-0.197512	0.000000	0.000000	0.000000	0.000000	0.000000	0.000000	0.000000	0.000000	0.000000	0.000000	0.000000	-71.104365	0.000000	0.000000	0.000000
1764624063.709938765	0.000000	0.000000	-0.481061	0.000000	0.000000	0.000000	0.000000	0.000000	-0.284745	0.000000	0.000000	0.000000	0.000000	0.000000	0.000000	0.000000	0.000000	0.000000	0.000000	0.000000	-71.104365	0.000000	0.000000	0.000000
1764624063.719981432	0.000000	0.000000	-0.168616	0.000000	0.000000	0.000000	0.000000	0.000000	-0.284745	0.000000	0.000000	0.000000	0.000000	0.000000	0.000000	0.000000	0.000000	0.000000	0.000000	0.000000	-71.104365	0.000000	0.000000	0.000000
1764624063.730175495	0.000000	0.000000	-0.548211	0.000000	0.000000	0.000000	0.000000	0.000000	-0.284745	0.000000	0.000000	0.000000	0.000000	0.000000	0.000000	0.000000	0.000000	0.000000	0.000000	0.000000	-71.104365	0.000000	0.000000	0.000000
1764624063.750066757	0.000000	0.000000	-0.219685	0.000000	0.000000	0.000000	0.000000	0.000000	-0.284745	0.000000	0.000000	0.000000	0.000000	0.000000	0.000000	0.000000	0.000000	0.000000	0.000000	0.000000	-71.104365	0.000000	0.000000	0.000000
1764624063.757158041	0.000000	0.000000	-0.370927	0.000000	0.000000	0.000000	0.000000	0.000000	-0.284745	0.000000	0.000000	0.000000	0.000000	0.000000	0.000000	0.000000	0.000000	0.000000	0.000000	0.000000	-71.104365	0.000000	0.000000	0.000000
1764624063.760739326	0.000000	0.000000	-0.319675	0.000000	0.000000	0.000000	0.000000	0.000000	-0.284745	0.000000	0.000000	0.000000	0.000000	0.000000	0.000000	0.000000	0.000000	0.000000	0.000000	0.000000	-71.104365	0.000000	0.000000	0.000000
1764624063.770323992	0.000000	0.000000	-0.299364	0.000000	0.000000	0.000000	0.000000	0.000000	-0.284745	0.000000	0.000000	0.000000	0.000000	0.000000	0.000000	0.000000	0.000000	0.000000	0.000000	0.000000	-71.104365	0.000000	0.000000	0.000000
1764624063.789596081	0.000000	0.000000	-0.402924	0.000000	0.000000	0.000000	0.000000	0.000000	-0.284745	0.000000	0.000000	0.000000	0.000000	0.000000	0.000000	0.000000	0.000000	0.000000	0.000000	0.000000	-71.104365	0.000000	0.000000	0.000000
1764624063.791124105	0.000000	0.000000	-0.408108	0.000000	0.000000	0.000000	0.000000	0.000000	-0.284745	0.000000	0.000000	0.000000	0.000000	0.000000	0.000000	0.000000	0.000000	0.000000	0.000000	0.000000	-71.104365	0.000000	0.000000	0.000000
1764624063.800177336	0.000000	0.000000	-0.251678	0.000000	0.000000	0.000000	0.000000	0.000000	-0.284745	0.000000	0.000000	0.000000	0.000000	0.000000	0.000000	0.000000	0.000000	0.000000	0.000000	0.000000	-71.104365	0.000000	0.000000	0.000000
1764624063.810300827	0.000000	0.000000	-0.411295	0.000000	0.000000	0.000000	0.000000	0.000000	-0.284745	0.000000	0.000000	0.000000	0.000000	0.000000	0.000000	0.000000	0.000000	0.000000	0.000000	0.000000	-71.104365	0.000000	0.000000	0.000000
1764624063.829208612	0.000000	0.000000	-0.451475	0.000000	0.000000	0.000000	0.000000	0.000000	-0.284745	0.000000	0.000000	0.000000	0.000000	0.000000	0.000000	0.000000	0.000000	0.000000	0.000000	0.000000	-71.104365	0.000000	0.000000	0.000000
1764624063.830562115	0.000000	0.000000	-0.197852	0.000000	0.000000	0.000000	0.000000	0.000000	-0.284745	0.000000	0.000000	0.000000	0.000000	0.000000	0.000000	0.000000	0.000000	0.000000	0.000000	0.000000	-71.104365	0.000000	0.000000	0.000000
1764624063.840558290	0.000000	0.000000	-0.487971	0.000000	0.000000	0.000000	0.000000	0.000000	-0.284745	0.000000	0.000000	0.000000	0.000000	0.000000	0.000000	0.000000	0.000000	0.000000	0.000000	0.000000	-71.104365	0.000000	0.000000	0.000000
1764624063.850154877	0.000000	0.000000	-0.323040	0.000000	0.000000	0.000000	0.000000	0.000000	-0.284745	0.000000	0.000000	0.000000	0.000000	0.000000	0.000000	0.000000	0.000000	0.000000	0.000000	0.000000	-71.104365	0.000000	0.000000	0.000000
1764624063.860719919	0.000000	0.000000	-0.422399	0.000000	0.000000	0.000000	0.000000	0.000000	-0.284745	0.000000	0.000000	0.000000	0.000000	0.000000	0.000000	0.000000	0.000000	0.000000	0.000000	0.000000	-71.104365	0.000000	0.000000	0.000000
1764624063.880496264	0.000000	0.000000	-0.476676	0.000000	0.000000	0.000000	0.000000	0.000000	-0.284745	0.000000	0.000000	0.000000	0.000000	0.000000	0.000000	0.000000	0.000000	0.000000	0.000000	0.000000	-71.104365	0.000000	0.000000	0.000000
1764624063.881945610	0.000000	0.000000	-0.161526	0.000000	0.000000	0.000000	0.000000	0.000000	-0.284745	0.000000	0.000000	0.000000	0.000000	0.000000	0.000000	0.000000	0.000000	0.000000	0.000000	0.000000	-71.104365	0.000000	0.000000	0.000000
1764624063.889587879	0.000000	0.000000	-0.413148	0.000000	0.000000	0.000000	0.000000	0.000000	-0.284745	0.000000	0.000000	0.000000	0.000000	0.000000	0.000000	0.000000	0.000000	0.000000	0.000000	0.000000	-71.104365	0.000000	0.000000	0.000000
1764624063.899417639	0.000000	0.000000	-0.289060	0.000000	0.000000	0.000000	0.000000	0.000000	-0.284745	0.000000	0.000000	0.000000	0.000000	0.000000	0.000000	0.000000	0.000000	0.000000	0.000000	0.000000	-71.104365	0.000000	0.000000	0.000000
1764624063.910779238	0.000000	0.000000	-0.267458	0.000000	0.000000	0.000000	0.000000	0.000000	-0.284745	0.000000	0.000000	0.000000	0.000000	0.000000	0.000000	0.000000	0.000000	0.000000	0.000000	0.000000	-71.104365	0.000000	0.000000	0.000000
1764624063.920027494	0.000000	0.000000	-0.442734	0.000000	0.000000	0.000000	0.000000	0.000000	-0.284745	0.000000	0.000000	0.000000	0.000000	0.000000	0.000000	0.000000	0.000000	0.000000	0.000000	0.000000	-71.104365	0.000000	0.000000	0.000000
1764624063.929576874	0.000000	0.000000	-0.368977	0.000000	0.000000	0.000000	0.000000	0.000000	-0.284745	0.000000	0.000000	0.000000	0.000000	0.000000	0.000000	0.000000	0.000000	0.000000	0.000000	0.000000	-71.104365	0.000000	0.000000	0.000000
1764624063.940688610	0.000000	0.000000	-0.395782	0.000000	0.000000	0.000000	0.000000	0.000000	-0.284745	0.000000	0.000000	0.000000	0.000000	0.000000	0.000000	0.000000	0.000000	0.000000	0.000000	0.000000	-71.104365	0.000000	0.000000	0.000000
1764624063.959652424	0.000000	0.000000	-0.422045	0.000000	0.000000	0.000000	0.000000	0.000000	-0.332744	0.000000	0.000000	0.000000	0.000000	0.000000	0.000000	0.000000	0.000000	0.000000	0.000000	0.000000	-71.104365	0.000000	0.000000	0.000000
1764624063.959682226	0.000000	0.000000	-0.182886	0.000000	0.000000	0.000000	0.000000	0.000000	-0.332744	0.000000	0.000000	0.000000	0.000000	0.000000	0.000000	0.000000	0.000000	0.000000	0.000000	0.000000	-71.104365	0.000000	0.000000	0.000000
1764624063.970205307	0.000000	0.000000	-0.508863	0.000000	0.000000	0.000000	0.000000	0.000000	-0.332744	0.000000	0.000000	0.000000	0.000000	0.000000	0.000000	0.000000	0.000000	0.000000	0.000000	0.000000	-71.104365	0.000000	0.000000	0.000000
1764624063.987892628	0.000000	0.000000	-0.342692	0.000000	0.000000	0.000000	0.000000	0.000000	-0.332744	0.000000	0.000000	0.000000	0.000000	0.000000	0.000000	0.000000	0.000000	0.000000	0.000000	0.000000	-71.104365	0.000000	0.000000	0.000000
1764624063.989843845	0.000000	0.000000	-0.202788	0.000000	0.000000	0.000000	0.000000	0.000000	-0.332744	0.000000	0.000000	0.000000	0.000000	0.000000	0.000000	0.000000	0.000000	0.000000	0.000000	0.000000	-71.104365	0.000000	0.000000	0.000000
1764624063.999614000	0.000000	0.000000	-0.507137	0.000000	0.000000	0.000000	0.000000	0.000000	-0.332744	0.000000	0.000000	0.000000	0.000000	0.000000	0.000000	0.000000	0.000000	0.000000	0.000000	0.000000	-71.104365	0.000000	0.000000	0.000000
1764624064.010394335	0.000000	0.000000	-0.255675	0.000000	0.000000	0.000000	0.000000	0.000000	-0.332744	0.000000	0.000000	0.000000	0.000000	0.000000	0.000000	0.000000	0.000000	0.000000	0.000000	0.000000	-71.104365	0.000000	0.000000	0.000000
1764624064.019794703	0.000000	0.000000	-0.310709	0.000000	0.000000	0.000000	0.000000	0.000000	-0.332744	0.000000	0.000000	0.000000	0.000000	0.000000	0.000000	0.000000	0.000000	0.000000	0.000000	0.000000	-71.104365	0.000000	0.000000	0.000000
1764624064.030280352	0.000000	0.000000	-0.507060	0.000000	0.000000	0.000000	0.000000	0.000000	-0.332744	0.000000	0.000000	0.000000	0.000000	0.000000	0.000000	0.000000	0.000000	0.000000	0.000000	0.000000	-71.104365	0.000000	0.000000	0.000000
1764624064.042909145	0.000000	0.000000	-0.113635	0.000000	0.000000	0.000000	0.000000	0.000000	-0.332744	0.000000	0.000000	0.000000	0.000000	0.000000	0.000000	0.000000	0.000000	0.000000	0.000000	0.000000	-71.104365	0.000000	0.000000	0.000000
1764624064.049968719	0.000000	0.000000	-0.472640	0.000000	0.000000	0.000000	0.000000	0.000000	-0.332744	0.000000	0.000000	0.000000	0.000000	0.000000	0.000000	0.000000	0.000000	0.000000	0.000000	0.000000	-71.104365	0.000000	0.000000	0.000000
1764624064.060551167	0.000000	0.000000	-0.325780	0.000000	0.000000	0.000000	0.000000	0.000000	-0.332744	0.000000	0.000000	0.000000	0.000000	0.000000	0.000000	0.000000	0.000000	0.000000	0.000000	0.000000	-71.104365	0.000000	0.000000	0.000000
1764624064.070334435	0.000000	0.000000	-0.206814	0.000000	0.000000	0.000000	0.000000	0.000000	-0.332744	0.000000	0.000000	0.000000	0.000000	0.000000	0.000000	0.000000	0.000000	0.000000	0.000000	0.000000	-71.104365	0.000000	0.000000	0.000000
1764624064.084477901	0.000000	0.000000	-0.470671	0.000000	0.000000	0.000000	0.000000	0.000000	-0.332744	0.000000	0.000000	0.000000	0.000000	0.000000	0.000000	0.000000	0.000000	0.000000	0.000000	0.000000	-71.104365	0.000000	0.000000	0.000000
1764624064.089695930	0.000000	0.000000	-0.303100	0.000000	0.000000	0.000000	0.000000	0.000000	-0.332744	0.000000	0.000000	0.000000	0.000000	0.000000	0.000000	0.000000	0.000000	0.000000	0.000000	0.000000	-71.104365	0.000000	0.000000	0.000000
1764624064.107883215	0.000000	0.000000	-0.287038	0.000000	0.000000	0.000000	0.000000	0.000000	-0.332744	0.000000	0.000000	0.000000	0.000000	0.000000	0.000000	0.000000	0.000000	0.000000	0.000000	0.000000	-71.104365	0.000000	0.000000	0.000000
1764624064.109858751	0.000000	0.000000	-0.454037	0.000000	0.000000	0.000000	0.000000	0.000000	-0.332744	0.000000	0.000000	0.000000	0.000000	0.000000	0.000000	0.000000	0.000000	0.000000	0.000000	0.000000	-71.104365	0.000000	0.000000	0.000000
1764624064.120439768	0.000000	0.000000	-0.087597	0.000000	0.000000	0.000000	0.000000	0.000000	-0.332744	0.000000	0.000000	0.000000	0.000000	0.000000	0.000000	0.000000	0.000000	0.000000	0.000000	0.000000	-71.104365	0.000000	0.000000	0.000000
1764624064.130079746	0.000000	0.000000	-0.474613	0.000000	0.000000	0.000000	0.000000	0.000000	-0.332744	0.000000	0.000000	0.000000	0.000000	0.000000	0.000000	0.000000	0.000000	0.000000	0.000000	0.000000	-71.104365	0.000000	0.000000	0.000000
1764624064.140378237	0.000000	0.000000	-0.201018	0.000000	0.000000	0.000000	0.000000	0.000000	-0.332744	0.000000	0.000000	0.000000	0.000000	0.000000	0.000000	0.000000	0.000000	0.000000	0.000000	0.000000	-71.104365	0.000000	0.000000	0.000000
1764624064.159181833	0.000000	0.000000	-0.222291	0.000000	0.000000	0.000000	0.000000	0.000000	-0.332744	0.000000	0.000000	0.000000	0.000000	0.000000	0.000000	0.000000	0.000000	0.000000	0.000000	0.000000	-71.104365	0.000000	0.000000	0.000000
1764624064.165922642	0.000000	0.000000	-0.327465	0.000000	0.000000	0.000000	0.000000	0.000000	-0.332744	0.000000	0.000000	0.000000	0.000000	0.000000	0.000000	0.000000	0.000000	0.000000	0.000000	0.000000	-71.104365	0.000000	0.000000	0.000000
1764624064.169085026	0.000000	0.000000	-0.329961	0.000000	0.000000	0.000000	0.000000	0.000000	-0.332744	0.000000	0.000000	0.000000	0.000000	0.000000	0.000000	0.000000	0.000000	0.000000	0.000000	0.000000	-71.104365	0.000000	0.000000	0.000000
1764624064.181368113	0.000000	0.000000	-0.176522	0.000000	0.000000	0.000000	0.000000	0.000000	-0.332744	0.000000	0.000000	0.000000	0.000000	0.000000	0.000000	0.000000	0.000000	0.000000	0.000000	0.000000	-71.104365	0.000000	0.000000	0.000000
1764624064.198998928	0.000000	0.000000	-0.384903	0.000000	0.000000	0.000000	0.000000	0.000000	-0.332744	0.000000	0.000000	0.000000	0.000000	0.000000	0.000000	0.000000	0.000000	0.000000	0.000000	0.000000	-71.104365	0.000000	0.000000	0.000000
1764624064.208933830	0.000000	0.000000	-0.261919	0.000000	0.000000	0.000000	0.000000	0.000000	-0.388456	0.000000	0.000000	0.000000	0.000000	0.000000	0.000000	0.000000	0.000000	0.000000	0.000000	0.000000	-71.104365	0.000000	0.000000	0.000000
1764624064.210246801	0.000000	0.000000	-0.389672	0.000000	0.000000	0.000000	0.000000	0.000000	-0.388456	0.000000	0.000000	0.000000	0.000000	0.000000	0.000000	0.000000	0.000000	0.000000	0.000000	0.000000	-71.104365	0.000000	0.000000	0.000000
1764624064.219972610	0.000000	0.000000	-0.318565	0.000000	0.000000	0.000000	0.000000	0.000000	-0.388456	0.000000	0.000000	0.000000	0.000000	0.000000	0.000000	0.000000	0.000000	0.000000	0.000000	0.000000	-71.104365	0.000000	0.000000	0.000000
1764624064.232835531	0.000000	0.000000	-0.088603	0.000000	0.000000	0.000000	0.000000	0.000000	-0.388456	0.000000	0.000000	0.000000	0.000000	0.000000	0.000000	0.000000	0.000000	0.000000	0.000000	0.000000	-71.104365	0.000000	0.000000	0.000000
1764624064.240377903	0.000000	0.000000	-0.300447	0.000000	0.000000	0.000000	0.000000	0.000000	-0.388456	0.000000	0.000000	0.000000	0.000000	0.000000	0.000000	0.000000	0.000000	0.000000	0.000000	0.000000	-71.104365	0.000000	0.000000	0.000000
1764624064.250708818	0.000000	0.000000	-0.235242	0.000000	0.000000	0.000000	0.000000	0.000000	-0.388456	0.000000	0.000000	0.000000	0.000000	0.000000	0.000000	0.000000	0.000000	0.000000	0.000000	0.000000	-71.104365	0.000000	0.000000	0.000000
1764624064.275837898	0.000000	0.000000	-0.163825	0.000000	0.000000	0.000000	0.000000	0.000000	-0.388456	0.000000	0.000000	0.000000	0.000000	0.000000	0.000000	0.000000	0.000000	0.000000	0.000000	0.000000	-71.104365	0.000000	0.000000	0.000000
1764624064.275861263	0.000000	0.000000	-0.353590	0.000000	0.000000	0.000000	0.000000	0.000000	-0.388456	0.000000	0.000000	0.000000	0.000000	0.000000	0.000000	0.000000	0.000000	0.000000	0.000000	0.000000	-71.104365	0.000000	0.000000	0.000000
1764624064.279805660	0.000000	0.000000	-0.302107	0.000000	0.000000	0.000000	0.000000	0.000000	-0.388456	0.000000	0.000000	0.000000	0.000000	0.000000	0.000000	0.000000	0.000000	0.000000	0.000000	0.000000	-71.104365	0.000000	0.000000	0.000000
1764624064.290039778	0.000000	0.000000	-0.228503	0.000000	0.000000	0.000000	0.000000	0.000000	-0.388456	0.000000	0.000000	0.000000	0.000000	0.000000	0.000000	0.000000	0.000000	0.000000	0.000000	0.000000	-71.104365	0.000000	0.000000	0.000000
1764624064.299930573	0.000000	0.000000	-0.301288	0.000000	0.000000	0.000000	0.000000	0.000000	-0.388456	0.000000	0.000000	0.000000	0.000000	0.000000	0.000000	0.000000	0.000000	0.000000	0.000000	0.000000	-71.104365	0.000000	0.000000	0.000000
1764624064.320276022	0.000000	0.000000	-0.077301	0.000000	0.000000	0.000000	0.000000	0.000000	-0.388456	0.000000	0.000000	0.000000	0.000000	0.000000	0.000000	0.000000	0.000000	0.000000	0.000000	0.000000	-71.104365	0.000000	0.000000	0.000000
1764624064.322889566	0.000000	0.000000	-0.246103	0.000000	0.000000	0.000000	0.000000	0.000000	-0.388456	0.000000	0.000000	0.000000	0.000000	0.000000	0.000000	0.000000	0.000000	0.000000	0.000000	0.000000	-71.104365	0.000000	0.000000	0.000000
1764624064.329780817	0.000000	0.000000	-0.180404	0.000000	0.000000	0.000000	0.000000	0.000000	-0.388456	0.000000	0.000000	0.000000	0.000000	0.000000	0.000000	0.000000	0.000000	0.000000	0.000000	0.000000	-71.104365	0.000000	0.000000	0.000000
1764624064.348395109	0.000000	0.000000	-0.184000	0.000000	0.000000	0.000000	0.000000	0.000000	-0.388456	0.000000	0.000000	0.000000	0.000000	0.000000	0.000000	0.000000	0.000000	0.000000	0.000000	0.000000	-71.104365	0.000000	0.000000	0.000000
1764624064.349839449	0.000000	0.000000	-0.273941	0.000000	0.000000	0.000000	0.000000	0.000000	-0.388456	0.000000	0.000000	0.000000	0.000000	0.000000	0.000000	0.000000	0.000000	0.000000	0.000000	0.000000	-71.104365	0.000000	0.000000	0.000000
1764624064.360215664	0.000000	0.000000	-0.198112	0.000000	0.000000	0.000000	0.000000	0.000000	-0.388456	0.000000	0.000000	0.000000	0.000000	0.000000	0.000000	0.000000	0.000000	0.000000	0.000000	0.000000	-71.104365	0.000000	0.000000	0.000000
1764624064.370668650	0.000000	0.000000	-0.280935	0.000000	0.000000	0.000000	0.000000	0.000000	-0.388456	0.000000	0.000000	0.000000	0.000000	0.000000	0.000000	0.000000	0.000000	0.000000	0.000000	0.000000	-71.104365	0.000000	0.000000	0.000000
1764624064.381254435	0.000000	0.000000	-0.198959	0.000000	0.000000	0.000000	0.000000	0.000000	-0.388456	0.000000	0.000000	0.000000	0.000000	0.000000	0.000000	0.000000	0.000000	0.000000	0.000000	0.000000	-71.104365	0.000000	0.000000	0.000000
1764624064.398128986	0.000000	0.000000	-0.126831	0.000000	0.000000	0.000000	0.000000	0.000000	-0.388456	0.000000	0.000000	0.000000	0.000000	0.000000	0.000000	0.000000	0.000000	0.000000	0.000000	0.000000	-71.104365	0.000000	0.000000	0.000000
1764624064.408917427	0.000000	0.000000	-0.217416	0.000000	0.000000	0.000000	0.000000	0.000000	-0.388456	0.000000	0.000000	0.000000	0.000000	0.000000	0.000000	0.000000	0.000000	0.000000	0.000000	0.000000	-71.104365	0.000000	0.000000	0.000000
1764624064.408936501	0.000000	0.000000	-0.164654	0.000000	0.000000	0.000000	0.000000	0.000000	-0.388456	0.000000	0.000000	0.000000	0.000000	0.000000	0.000000	0.000000	0.000000	0.000000	0.000000	0.000000	-71.104365	0.000000	0.000000	0.000000
1764624064.420859575	0.000000	0.000000	-0.038037	0.000000	0.000000	0.000000	0.000000	0.000000	-0.388456	0.000000	0.000000	0.000000	0.000000	0.000000	0.000000	0.000000	0.000000	0.000000	0.000000	0.000000	-71.104365	0.000000	0.000000	0.000000
1764624064.433415890	0.000000	0.000000	-0.366214	0.000000	0.000000	0.000000	0.000000	0.000000	-0.388456	0.000000	0.000000	0.000000	0.000000	0.000000	0.000000	0.000000	0.000000	0.000000	0.000000	0.000000	-71.104365	0.000000	0.000000	0.000000
1764624064.440926313	0.000000	0.000000	-0.031991	0.000000	0.000000	0.000000	0.000000	0.000000	-0.388456	0.000000	0.000000	0.000000	0.000000	0.000000	0.000000	0.000000	0.000000	0.000000	0.000000	0.000000	-71.104365	0.000000	0.000000	0.000000
1764624064.450222969	0.000000	0.000000	-0.235396	0.000000	0.000000	0.000000	0.000000	0.000000	-0.388456	0.000000	0.000000	0.000000	0.000000	0.000000	0.000000	0.000000	0.000000	0.000000	0.000000	0.000000	-71.104365	0.000000	0.000000	0.000000
1764624064.460626841	0.000000	0.000000	-0.253854	0.000000	0.000000	0.000000	0.000000	0.000000	-0.462321	0.000000	0.000000	0.000000	0.000000	0.000000	0.000000	0.000000	0.000000	0.000000	0.000000	0.000000	-71.104365	0.000000	0.000000	0.000000
1764624064.481698275	0.000000	0.000000	-0.017535	0.000000	0.000000	0.000000	0.000000	0.000000	-0.462321	0.000000	0.000000	0.000000	0.000000	0.000000	0.000000	0.000000	0.000000	0.000000	0.000000	0.000000	-71.104365	0.000000	0.000000	0.000000
1764624064.481737614	0.000000	0.000000	-0.136509	0.000000	0.000000	0.000000	0.000000	0.000000	-0.462321	0.000000	0.000000	0.000000	0.000000	0.000000	0.000000	0.000000	0.000000	0.000000	0.000000	0.000000	-71.104365	0.000000	0.000000	0.000000
1764624064.489593029	0.000000	0.000000	-0.225188	0.000000	0.000000	0.000000	0.000000	0.000000	-0.462321	0.000000	0.000000	0.000000	0.000000	0.000000	0.000000	0.000000	0.000000	0.000000	0.000000	0.000000	-71.104365	0.000000	0.000000	0.000000
1764624064.499966145	0.000000	0.000000	-0.015924	0.000000	0.000000	0.000000	0.000000	0.000000	-0.462321	0.000000	0.000000	0.000000	0.000000	0.000000	0.000000	0.000000	0.000000	0.000000	0.000000	0.000000	-71.104365	0.000000	0.000000	0.000000
1764624064.512065649	0.000000	0.000000	-0.278167	0.000000	0.000000	0.000000	0.000000	0.000000	-0.462321	0.000000	0.000000	0.000000	0.000000	0.000000	0.000000	0.000000	0.000000	0.000000	0.000000	0.000000	-71.104365	0.000000	0.000000	0.000000
1764624064.520612001	0.000000	0.000000	-0.148353	0.000000	0.000000	0.000000	0.000000	0.000000	-0.462321	0.000000	0.000000	0.000000	0.000000	0.000000	0.000000	0.000000	0.000000	0.000000	0.000000	0.000000	-71.104365	0.000000	0.000000	0.000000
1764624064.530261040	0.000000	0.000000	-0.255660	0.000000	0.000000	0.000000	0.000000	0.000000	-0.462321	0.000000	0.000000	0.000000	0.000000	0.000000	0.000000	0.000000	0.000000	0.000000	0.000000	0.000000	-71.104365	0.000000	0.000000	0.000000
1764624064.541151047	0.000000	0.000000	-0.124696	0.000000	0.000000	0.000000	0.000000	0.000000	-0.462321	0.000000	0.000000	0.000000	0.000000	0.000000	0.000000	0.000000	0.000000	0.000000	0.000000	0.000000	-71.104365	0.000000	0.000000	0.000000
1764624064.550200939	0.000000	0.000000	-0.088926	0.000000	0.000000	0.000000	0.000000	0.000000	-0.462321	0.000000	0.000000	0.000000	0.000000	0.000000	0.000000	0.000000	0.000000	0.000000	0.000000	0.000000	-71.104365	0.000000	0.000000	0.000000
1764624064.563484430	0.000000	0.000000	0.000346	0.000000	0.000000	0.000000	0.000000	0.000000	-0.462321	0.000000	0.000000	0.000000	0.000000	0.000000	0.000000	0.000000	0.000000	0.000000	0.000000	0.000000	-71.104365	0.000000	0.000000	0.000000
1764624064.569974899	0.000000	0.000000	-0.133384	0.000000	0.000000	0.000000	0.000000	0.000000	-0.462321	0.000000	0.000000	0.000000	0.000000	0.000000	0.000000	0.000000	0.000000	0.000000	0.000000	0.000000	-71.104365	0.000000	0.000000	0.000000
1764624064.581954002	0.000000	0.000000	-0.006437	0.000000	0.000000	0.000000	0.000000	0.000000	-0.462321	0.000000	0.000000	0.000000	0.000000	0.000000	0.000000	0.000000	0.000000	0.000000	0.000000	0.000000	-71.104365	0.000000	0.000000	0.000000
1764624064.589780092	0.000000	0.000000	-0.121569	0.000000	0.000000	0.000000	0.000000	0.000000	-0.462321	0.000000	0.000000	0.000000	0.000000	0.000000	0.000000	0.000000	0.000000	0.000000	0.000000	0.000000	-71.104365	0.000000	0.000000	0.000000
1764624064.603912592	0.000000	0.000000	-0.132390	0.000000	0.000000	0.000000	0.000000	0.000000	-0.462321	0.000000	0.000000	0.000000	0.000000	0.000000	0.000000	0.000000	0.000000	0.000000	0.000000	0.000000	-71.104365	0.000000	0.000000	0.000000
1764624064.611327887	0.000000	0.000000	-0.049878	0.000000	0.000000	0.000000	0.000000	0.000000	-0.462321	0.000000	0.000000	0.000000	0.000000	0.000000	0.000000	0.000000	0.000000	0.000000	0.000000	0.000000	-71.104365	0.000000	0.000000	0.000000
1764624064.620598078	0.000000	0.000000	-0.219044	0.000000	0.000000	0.000000	0.000000	0.000000	-0.462321	0.000000	0.000000	0.000000	0.000000	0.000000	0.000000	0.000000	0.000000	0.000000	0.000000	0.000000	-71.104365	0.000000	0.000000	0.000000
1764624064.644121408	0.000000	0.000000	-0.095198	0.000000	0.000000	0.000000	0.000000	0.000000	-0.462321	0.000000	0.000000	0.000000	0.000000	0.000000	0.000000	0.000000	0.000000	0.000000	0.000000	0.000000	-71.104365	0.000000	0.000000	0.000000
1764624064.644142151	0.000000	0.000000	-0.119806	0.000000	0.000000	0.000000	0.000000	0.000000	-0.462321	0.000000	0.000000	0.000000	0.000000	0.000000	0.000000	0.000000	0.000000	0.000000	0.000000	0.000000	-71.104365	0.000000	0.000000	0.000000
1764624064.650608301	0.000000	0.000000	-0.024856	0.000000	0.000000	0.000000	0.000000	0.000000	-0.462321	0.000000	0.000000	0.000000	0.000000	0.000000	0.000000	0.000000	0.000000	0.000000	0.000000	0.000000	-71.104365	0.000000	0.000000	0.000000
1764624064.660678625	0.000000	0.000000	-0.089969	0.000000	0.000000	0.000000	0.000000	0.000000	-0.462321	0.000000	0.000000	0.000000	0.000000	0.000000	0.000000	0.000000	0.000000	0.000000	0.000000	0.000000	-71.104365	0.000000	0.000000	0.000000
1764624064.670487642	0.000000	0.000000	0.039856	0.000000	0.000000	0.000000	0.000000	0.000000	-0.462321	0.000000	0.000000	0.000000	0.000000	0.000000	0.000000	0.000000	0.000000	0.000000	0.000000	0.000000	-71.104365	0.000000	0.000000	0.000000
1764624064.683902502	0.000000	0.000000	-0.107566	0.000000	0.000000	0.000000	0.000000	0.000000	-0.462321	0.000000	0.000000	0.000000	0.000000	0.000000	0.000000	0.000000	0.000000	0.000000	0.000000	0.000000	-71.104365	0.000000	0.000000	0.000000
1764624064.689624548	0.000000	0.000000	0.068508	0.000000	0.000000	0.000000	0.000000	0.000000	-0.462321	0.000000	0.000000	0.000000	0.000000	0.000000	0.000000	0.000000	0.000000	0.000000	0.000000	0.000000	-71.104365	0.000000	0.000000	0.000000
1764624064.699792147	0.000000	0.000000	-0.269409	0.000000	0.000000	0.000000	0.000000	0.000000	-0.462321	0.000000	0.000000	0.000000	0.000000	0.000000	0.000000	0.000000	0.000000	0.000000	0.000000	0.000000	-71.104365	0.000000	0.000000	0.000000
1764624064.714009285	0.000000	0.000000	0.045749	0.000000	0.000000	0.000000	0.000000	0.000000	-0.532677	0.000000	0.000000	0.000000	0.000000	0.000000	0.000000	0.000000	0.000000	0.000000	0.000000	0.000000	-71.104365	0.000000	0.000000	0.000000
1764624064.718611717	0.000000	0.000000	0.036247	0.000000	0.000000	0.000000	0.000000	0.000000	-0.532677	0.000000	0.000000	0.000000	0.000000	0.000000	0.000000	0.000000	0.000000	0.000000	0.000000	0.000000	-71.104365	0.000000	0.000000	0.000000
1764624064.729662895	0.000000	0.000000	-0.031076	0.000000	0.000000	0.000000	0.000000	0.000000	-0.532677	0.000000	0.000000	0.000000	0.000000	0.000000	0.000000	0.000000	0.000000	0.000000	0.000000	0.000000	-71.104365	0.000000	0.000000	0.000000
1764624064.739866972	0.000000	0.000000	-0.080861	0.000000	0.000000	0.000000	0.000000	0.000000	-0.532677	0.000000	0.000000	0.000000	0.000000	0.000000	0.000000	0.000000	0.000000	0.000000	0.000000	0.000000	-71.104365	0.000000	0.000000	0.000000
1764624064.761406898	0.000000	0.000000	0.006125	0.000000	0.000000	0.000000	0.000000	0.000000	-0.532677	0.000000	0.000000	0.000000	0.000000	0.000000	0.000000	0.000000	0.000000	0.000000	0.000000	0.000000	-71.104365	0.000000	0.000000	0.000000
1764624064.762734175	0.000000	0.000000	-0.053702	0.000000	0.000000	0.000000	0.000000	0.000000	-0.532677	0.000000	0.000000	0.000000	0.000000	0.000000	0.000000	0.000000	0.000000	0.000000	0.000000	0.000000	-71.104365	0.000000	0.000000	0.000000
1764624064.770656586	0.000000	0.000000	0.011922	0.000000	0.000000	0.000000	0.000000	0.000000	-0.532677	0.000000	0.000000	0.000000	0.000000	0.000000	0.000000	0.000000	0.000000	0.000000	0.000000	0.000000	-71.104365	0.000000	0.000000	0.000000
1764624064.795022249	0.000000	0.000000	-0.215200	0.000000	0.000000	0.000000	0.000000	0.000000	-0.532677	0.000000	0.000000	0.000000	0.000000	0.000000	0.000000	0.000000	0.000000	0.000000	0.000000	0.000000	-71.104365	0.000000	0.000000	0.000000
1764624064.796520710	0.000000	0.000000	0.025048	0.000000	0.000000	0.000000	0.000000	0.000000	-0.532677	0.000000	0.000000	0.000000	0.000000	0.000000	0.000000	0.000000	0.000000	0.000000	0.000000	0.000000	-71.104365	0.000000	0.000000	0.000000
1764624064.799786568	0.000000	0.000000	-0.021342	0.000000	0.000000	0.000000	0.000000	0.000000	-0.532677	0.000000	0.000000	0.000000	0.000000	0.000000	0.000000	0.000000	0.000000	0.000000	0.000000	0.000000	-71.104365	0.000000	0.000000	0.000000
1764624064.810510635	0.000000	0.000000	-0.061060	0.000000	0.000000	0.000000	0.000000	0.000000	-0.532677	0.000000	0.000000	0.000000	0.000000	0.000000	0.000000	0.000000	0.000000	0.000000	0.000000	0.000000	-71.104365	0.000000	0.000000	0.000000
1764624064.818690300	0.000000	0.000000	0.151232	0.000000	0.000000	0.000000	0.000000	0.000000	-0.532677	0.000000	0.000000	0.000000	0.000000	0.000000	0.000000	0.000000	0.000000	0.000000	0.000000	0.000000	-71.104365	0.000000	0.000000	0.000000
1764624064.832052231	0.000000	0.000000	0.033709	0.000000	0.000000	0.000000	0.000000	0.000000	-0.532677	0.000000	0.000000	0.000000	0.000000	0.000000	0.000000	0.000000	0.000000	0.000000	0.000000	0.000000	-71.104365	0.000000	0.000000	0.000000
1764624064.845595837	0.000000	0.000000	0.058430	0.000000	0.000000	0.000000	0.000000	0.000000	-0.532677	0.000000	0.000000	0.000000	0.000000	0.000000	0.000000	0.000000	0.000000	0.000000	0.000000	0.000000	-71.104365	0.000000	0.000000	0.000000
1764624064.849997282	0.000000	0.000000	-0.008182	0.000000	0.000000	0.000000	0.000000	0.000000	-0.532677	0.000000	0.000000	0.000000	0.000000	0.000000	0.000000	0.000000	0.000000	0.000000	0.000000	0.000000	-71.104365	0.000000	0.000000	0.000000
1764624064.860766888	0.000000	0.000000	-0.084409	0.000000	0.000000	0.000000	0.000000	0.000000	-0.532677	0.000000	0.000000	0.000000	0.000000	0.000000	0.000000	0.000000	0.000000	0.000000	0.000000	0.000000	-71.104365	0.000000	0.000000	0.000000
1764624064.870327950	0.000000	0.000000	0.029099	0.000000	0.000000	0.000000	0.000000	0.000000	-0.532677	0.000000	0.000000	0.000000	0.000000	0.000000	0.000000	0.000000	0.000000	0.000000	0.000000	0.000000	-71.104365	0.000000	0.000000	0.000000
1764624064.890011549	0.000000	0.000000	0.088011	0.000000	0.000000	0.000000	0.000000	0.000000	-0.532677	0.000000	0.000000	0.000000	0.000000	0.000000	0.000000	0.000000	0.000000	0.000000	0.000000	0.000000	-71.104365	0.000000	0.000000	0.000000
1764624064.890028238	0.000000	0.000000	-0.116397	0.000000	0.000000	0.000000	0.000000	0.000000	-0.532677	0.000000	0.000000	0.000000	0.000000	0.000000	0.000000	0.000000	0.000000	0.000000	0.000000	0.000000	-71.104365	0.000000	0.000000	0.000000
1764624064.900101423	0.000000	0.000000	0.114081	0.000000	0.000000	0.000000	0.000000	0.000000	-0.532677	0.000000	0.000000	0.000000	0.000000	0.000000	0.000000	0.000000	0.000000	0.000000	0.000000	0.000000	-71.104365	0.000000	0.000000	0.000000
1764624064.917697191	0.000000	0.000000	-0.004890	0.000000	0.000000	0.000000	0.000000	0.000000	-0.532677	0.000000	0.000000	0.000000	0.000000	0.000000	0.000000	0.000000	0.000000	0.000000	0.000000	0.000000	-71.104365	0.000000	0.000000	0.000000
1764624064.919966221	0.000000	0.000000	0.101042	0.000000	0.000000	0.000000	0.000000	0.000000	-0.532677	0.000000	0.000000	0.000000	0.000000	0.000000	0.000000	0.000000	0.000000	0.000000	0.000000	0.000000	-71.104365	0.000000	0.000000	0.000000
1764624064.930170059	0.000000	0.000000	0.066830	0.000000	0.000000	0.000000	0.000000	0.000000	-0.532677	0.000000	0.000000	0.000000	0.000000	0.000000	0.000000	0.000000	0.000000	0.000000	0.000000	0.000000	-71.104365	0.000000	0.000000	0.000000
1764624064.940419436	0.000000	0.000000	-0.032384	0.000000	0.000000	0.000000	0.000000	0.000000	-0.532677	0.000000	0.000000	0.000000	0.000000	0.000000	0.000000	0.000000	0.000000	0.000000	0.000000	0.000000	-71.104365	0.000000	0.000000	0.000000
1764624064.961277008	0.000000	0.000000	0.131059	0.000000	0.000000	0.000000	0.000000	0.000000	-0.575382	0.000000	0.000000	0.000000	0.000000	0.000000	0.000000	0.000000	0.000000	0.000000	0.000000	0.000000	-71.104365	0.000000	0.000000	0.000000
1764624064.961297274	0.000000	0.000000	0.157672	0.000000	0.000000	0.000000	0.000000	0.000000	-0.575382	0.000000	0.000000	0.000000	0.000000	0.000000	0.000000	0.000000	0.000000	0.000000	0.000000	0.000000	-71.104365	0.000000	0.000000	0.000000
1764624064.970205545	0.000000	0.000000	0.009137	0.000000	0.000000	0.000000	0.000000	0.000000	-0.575382	0.000000	0.000000	0.000000	0.000000	0.000000	0.000000	0.000000	0.000000	0.000000	0.000000	0.000000	-71.104365	0.000000	0.000000	0.000000
1764624064.980382919	0.000000	0.000000	0.222509	0.000000	0.000000	0.000000	0.000000	0.000000	-0.575382	0.000000	0.000000	0.000000	0.000000	0.000000	0.000000	0.000000	0.000000	0.000000	0.000000	0.000000	-71.104365	0.000000	0.000000	0.000000
1764624064.989786625	0.000000	0.000000	-0.064269	0.000000	0.000000	0.000000	0.000000	0.000000	-0.575382	0.000000	0.000000	0.000000	0.000000	0.000000	0.000000	0.000000	0.000000	0.000000	0.000000	0.000000	-71.104365	0.000000	0.000000	0.000000
1764624065.004675865	0.000000	0.000000	0.151937	0.000000	0.000000	0.000000	0.000000	0.000000	-0.575382	0.000000	0.000000	0.000000	0.000000	0.000000	0.000000	0.000000	0.000000	0.000000	0.000000	0.000000	-71.104365	0.000000	0.000000	0.000000
1764624065.010704994	0.000000	0.000000	0.115494	0.000000	0.000000	0.000000	0.000000	0.000000	-0.575382	0.000000	0.000000	0.000000	0.000000	0.000000	0.000000	0.000000	0.000000	0.000000	0.000000	0.000000	-71.104365	0.000000	0.000000	0.000000
1764624065.020617485	0.000000	0.000000	-0.137306	0.000000	0.000000	0.000000	0.000000	0.000000	-0.575382	0.000000	0.000000	0.000000	0.000000	0.000000	0.000000	0.000000	0.000000	0.000000	0.000000	0.000000	-71.104365	0.000000	0.000000	0.000000
1764624065.030230522	0.000000	0.000000	0.200650	0.000000	0.000000	0.000000	0.000000	0.000000	-0.575382	0.000000	0.000000	0.000000	0.000000	0.000000	0.000000	0.000000	0.000000	0.000000	0.000000	0.000000	-71.104365	0.000000	0.000000	0.000000
1764624065.044397831	0.000000	0.000000	0.078434	0.000000	0.000000	0.000000	0.000000	0.000000	-0.575382	0.000000	0.000000	0.000000	0.000000	0.000000	0.000000	0.000000	0.000000	0.000000	0.000000	0.000000	-71.104365	0.000000	0.000000	0.000000
1764624065.050236464	0.000000	0.000000	0.089324	0.000000	0.000000	0.000000	0.000000	0.000000	-0.575382	0.000000	0.000000	0.000000	0.000000	0.000000	0.000000	0.000000	0.000000	0.000000	0.000000	0.000000	-71.104365	0.000000	0.000000	0.000000
1764624065.060949326	0.000000	0.000000	0.085333	0.000000	0.000000	0.000000	0.000000	0.000000	-0.575382	0.000000	0.000000	0.000000	0.000000	0.000000	0.000000	0.000000	0.000000	0.000000	0.000000	0.000000	-71.104365	0.000000	0.000000	0.000000
1764624065.073946238	0.000000	0.000000	0.175475	0.000000	0.000000	0.000000	0.000000	0.000000	-0.575382	0.000000	0.000000	0.000000	0.000000	0.000000	0.000000	0.000000	0.000000	0.000000	0.000000	0.000000	-71.104365	0.000000	0.000000	0.000000
1764624065.081614256	0.000000	0.000000	0.151475	0.000000	0.000000	0.000000	0.000000	0.000000	-0.575382	0.000000	0.000000	0.000000	0.000000	0.000000	0.000000	0.000000	0.000000	0.000000	0.000000	0.000000	-71.104365	0.000000	0.000000	0.000000
1764624065.089765787	0.000000	0.000000	0.170184	0.000000	0.000000	0.000000	0.000000	0.000000	-0.575382	0.000000	0.000000	0.000000	0.000000	0.000000	0.000000	0.000000	0.000000	0.000000	0.000000	0.000000	-71.104365	0.000000	0.000000	0.000000
1764624065.100073099	0.000000	0.000000	0.105790	0.000000	0.000000	0.000000	0.000000	0.000000	-0.575382	0.000000	0.000000	0.000000	0.000000	0.000000	0.000000	0.000000	0.000000	0.000000	0.000000	0.000000	-71.104365	0.000000	0.000000	0.000000
1764624065.110899448	0.000000	0.000000	0.128119	0.000000	0.000000	0.000000	0.000000	0.000000	-0.575382	0.000000	0.000000	0.000000	0.000000	0.000000	0.000000	0.000000	0.000000	0.000000	0.000000	0.000000	-71.104365	0.000000	0.000000	0.000000
1764624065.120536804	0.000000	0.000000	0.209866	0.000000	0.000000	0.000000	0.000000	0.000000	-0.575382	0.000000	0.000000	0.000000	0.000000	0.000000	0.000000	0.000000	0.000000	0.000000	0.000000	0.000000	-71.104365	0.000000	0.000000	0.000000
1764624065.130248785	0.000000	0.000000	0.065690	0.000000	0.000000	0.000000	0.000000	0.000000	-0.575382	0.000000	0.000000	0.000000	0.000000	0.000000	0.000000	0.000000	0.000000	0.000000	0.000000	0.000000	-71.104365	0.000000	0.000000	0.000000
1764624065.139881134	0.000000	0.000000	0.170471	0.000000	0.000000	0.000000	0.000000	0.000000	-0.575382	0.000000	0.000000	0.000000	0.000000	0.000000	0.000000	0.000000	0.000000	0.000000	0.000000	0.000000	-71.104365	0.000000	0.000000	0.000000
1764624065.166375875	0.000000	0.000000	0.103225	0.000000	0.000000	0.000000	0.000000	0.000000	-0.575382	0.000000	0.000000	0.000000	0.000000	0.000000	0.000000	0.000000	0.000000	0.000000	0.000000	0.000000	-71.104365	0.000000	0.000000	0.000000
1764624065.166389942	0.000000	0.000000	0.151476	0.000000	0.000000	0.000000	0.000000	0.000000	-0.575382	0.000000	0.000000	0.000000	0.000000	0.000000	0.000000	0.000000	0.000000	0.000000	0.000000	0.000000	-71.104365	0.000000	0.000000	0.000000
1764624065.169732571	0.000000	0.000000	0.211471	0.000000	0.000000	0.000000	0.000000	0.000000	-0.575382	0.000000	0.000000	0.000000	0.000000	0.000000	0.000000	0.000000	0.000000	0.000000	0.000000	0.000000	-71.104365	0.000000	0.000000	0.000000
1764624065.180393934	0.000000	0.000000	0.008911	0.000000	0.000000	0.000000	0.000000	0.000000	-0.575382	0.000000	0.000000	0.000000	0.000000	0.000000	0.000000	0.000000	0.000000	0.000000	0.000000	0.000000	-71.104365	0.000000	0.000000	0.000000
1764624065.190373659	0.000000	0.000000	0.158116	0.000000	0.000000	0.000000	0.000000	0.000000	-0.575382	0.000000	0.000000	0.000000	0.000000	0.000000	0.000000	0.000000	0.000000	0.000000	0.000000	0.000000	-71.104365	0.000000	0.000000	0.000000
1764624065.211930513	0.000000	0.000000	0.204390	0.000000	0.000000	0.000000	0.000000	0.000000	-0.561922	0.000000	0.000000	0.000000	0.000000	0.000000	0.000000	0.000000	0.000000	0.000000	0.000000	0.000000	-71.104365	0.000000	0.000000	0.000000
1764624065.213562012	0.000000	0.000000	0.060890	0.000000	0.000000	0.000000	0.000000	0.000000	-0.561922	0.000000	0.000000	0.000000	0.000000	0.000000	0.000000	0.000000	0.000000	0.000000	0.000000	0.000000	-71.104365	0.000000	0.000000	0.000000
1764624065.219707966	0.000000	0.000000	0.234914	0.000000	0.000000	0.000000	0.000000	0.000000	-0.561922	0.000000	0.000000	0.000000	0.000000	0.000000	0.000000	0.000000	0.000000	0.000000	0.000000	0.000000	-71.104365	0.000000	0.000000	0.000000
1764624065.230604649	0.000000	0.000000	0.187948	0.000000	0.000000	0.000000	0.000000	0.000000	-0.561922	0.000000	0.000000	0.000000	0.000000	0.000000	0.000000	0.000000	0.000000	0.000000	0.000000	0.000000	0.000000	0.000000	0.000000	0.000000
1764624065.251134157	0.000000	0.000000	0.139924	0.000000	0.000000	0.000000	0.000000	0.000000	-0.561922	0.000000	0.000000	0.000000	0.000000	0.000000	0.000000	0.000000	0.000000	0.000000	0.000000	0.000000	0.000000	0.000000	0.000000	0.000000
1764624065.253141642	0.000000	0.000000	0.282101	0.000000	0.000000	0.000000	0.000000	0.000000	-0.561922	0.000000	0.000000	0.000000	0.000000	0.000000	0.000000	0.000000	0.000000	0.000000	0.000000	0.000000	0.000000	0.000000	0.000000	0.000000
1764624065.260260105	0.000000	0.000000	0.119800	0.000000	0.000000	0.000000	0.000000	0.000000	-0.561922	0.000000	0.000000	0.000000	0.000000	0.000000	0.000000	0.000000	0.000000	0.000000	0.000000	0.000000	0.000000	0.000000	0.000000	0.000000
1764624065.274911404	0.000000	0.000000	0.223819	0.000000	0.000000	0.000000	0.000000	0.000000	-0.561922	0.000000	0.000000	0.000000	0.000000	0.000000	0.000000	0.000000	0.000000	0.000000	0.000000	0.000000	0.000000	0.000000	0.000000	0.000000
1764624065.280767202	0.000000	0.000000	0.449735	0.000000	0.000000	0.000000	0.000000	0.000000	-0.561922	0.000000	0.000000	0.000000	0.000000	0.000000	0.000000	0.000000	0.000000	0.000000	0.000000	0.000000	0.000000	0.000000	0.000000	0.000000
1764624065.290066481	0.000000	0.000000	0.332687	0.000000	0.000000	0.000000	0.000000	0.000000	-0.561922	0.000000	0.000000	0.000000	0.000000	0.000000	0.000000	0.000000	0.000000	0.000000	0.000000	0.000000	0.000000	0.000000	0.000000	0.000000
1764624065.299796343	0.000000	0.000000	0.612057	0.000000	0.000000	0.000000	0.000000	0.000000	-0.561922	0.000000	0.000000	0.000000	0.000000	0.000000	0.000000	0.000000	0.000000	0.000000	0.000000	0.000000	0.000000	0.000000	0.000000	0.000000
1764624065.316518068	0.000000	0.000000	0.752306	0.000000	0.000000	0.000000	0.000000	0.000000	-0.561922	0.000000	0.000000	0.000000	0.000000	0.000000	0.000000	0.000000	0.000000	0.000000	0.000000	0.000000	0.000000	0.000000	0.000000	0.000000
1764624065.323885202	0.000000	0.000000	0.930691	0.000000	0.000000	0.000000	0.000000	0.000000	-0.561922	0.000000	0.000000	0.000000	0.000000	0.000000	0.000000	0.000000	0.000000	0.000000	0.000000	0.000000	0.000000	0.000000	0.000000	0.000000
1764624065.330150843	0.000000	0.000000	0.812985	0.000000	0.000000	0.000000	0.000000	0.000000	-0.561922	0.000000	0.000000	0.000000	0.000000	0.000000	0.000000	0.000000	0.000000	0.000000	0.000000	0.000000	0.000000	0.000000	0.000000	0.000000
1764624065.340709925	0.000000	0.000000	0.814535	0.000000	0.000000	0.000000	0.000000	0.000000	-0.561922	0.000000	0.000000	0.000000	0.000000	0.000000	0.000000	0.000000	0.000000	0.000000	0.000000	0.000000	0.000000	0.000000	0.000000	0.000000
1764624065.350474596	0.000000	0.000000	1.053967	0.000000	0.000000	0.000000	0.000000	0.000000	-0.561922	0.000000	0.000000	0.000000	0.000000	0.000000	0.000000	0.000000	0.000000	0.000000	0.000000	0.000000	0.000000	0.000000	0.000000	0.000000
1764624065.367974281	0.000000	0.000000	0.997081	0.000000	0.000000	0.000000	0.000000	0.000000	-0.561922	0.000000	0.000000	0.000000	0.000000	0.000000	0.000000	0.000000	0.000000	0.000000	0.000000	0.000000	0.000000	0.000000	0.000000	0.000000
1764624065.370394230	0.000000	0.000000	0.945355	0.000000	0.000000	0.000000	0.000000	0.000000	-0.561922	0.000000	0.000000	0.000000	0.000000	0.000000	0.000000	0.000000	0.000000	0.000000	0.000000	0.000000	0.000000	0.000000	0.000000	0.000000
1764624065.380770206	0.000000	0.000000	1.030751	0.000000	0.000000	0.000000	0.000000	0.000000	-0.561922	0.000000	0.000000	0.000000	0.000000	0.000000	0.000000	0.000000	0.000000	0.000000	0.000000	0.000000	0.000000	0.000000	0.000000	0.000000
1764624065.395521879	0.000000	0.000000	1.001517	0.000000	0.000000	0.000000	0.000000	0.000000	-0.561922	0.000000	0.000000	0.000000	0.000000	0.000000	0.000000	0.000000	0.000000	0.000000	0.000000	0.000000	0.000000	0.000000	0.000000	0.000000
1764624065.399440289	0.000000	0.000000	0.927494	0.000000	0.000000	0.000000	0.000000	0.000000	-0.561922	0.000000	0.000000	0.000000	0.000000	0.000000	0.000000	0.000000	0.000000	0.000000	0.000000	0.000000	0.000000	0.000000	0.000000	0.000000
1764624065.410524368	0.000000	0.000000	1.076761	0.000000	0.000000	0.000000	0.000000	0.000000	-0.561922	0.000000	0.000000	0.000000	0.000000	0.000000	0.000000	0.000000	0.000000	0.000000	0.000000	0.000000	0.000000	0.000000	0.000000	0.000000
1764624065.420516968	0.000000	0.000000	0.879956	0.000000	0.000000	0.000000	0.000000	0.000000	-0.561922	0.000000	0.000000	0.000000	0.000000	0.000000	0.000000	0.000000	0.000000	0.000000	0.000000	0.000000	0.000000	0.000000	0.000000	0.000000
1764624065.430477619	0.000000	0.000000	1.141679	0.000000	0.000000	0.000000	0.000000	0.000000	-0.561922	0.000000	0.000000	0.000000	0.000000	0.000000	0.000000	0.000000	0.000000	0.000000	0.000000	0.000000	0.000000	0.000000	0.000000	0.000000
1764624065.448968649	0.000000	0.000000	0.909014	0.000000	0.000000	0.000000	0.000000	0.000000	-0.561922	0.000000	0.000000	0.000000	0.000000	0.000000	0.000000	0.000000	0.000000	0.000000	0.000000	0.000000	0.000000	0.000000	0.000000	0.000000
1764624065.450591803	0.000000	0.000000	1.118731	0.000000	0.000000	0.000000	0.000000	0.000000	-0.561922	0.000000	0.000000	0.000000	0.000000	0.000000	0.000000	0.000000	0.000000	0.000000	0.000000	0.000000	0.000000	0.000000	0.000000	0.000000
1764624065.460498571	0.000000	0.000000	0.891243	0.000000	0.000000	0.000000	0.000000	0.000000	-0.483656	0.000000	0.000000	0.000000	0.000000	0.000000	0.000000	0.000000	0.000000	0.000000	0.000000	0.000000	0.000000	0.000000	0.000000	0.000000
1764624065.476784229	0.000000	0.000000	0.849065	0.000000	0.000000	0.000000	0.000000	0.000000	-0.483656	0.000000	0.000000	0.000000	0.000000	0.000000	0.000000	0.000000	0.000000	0.000000	0.000000	0.000000	0.000000	0.000000	0.000000	0.000000
1764624065.480008125	0.000000	0.000000	0.931118	0.000000	0.000000	0.000000	0.000000	0.000000	-0.483656	0.000000	0.000000	0.000000	0.000000	0.000000	0.000000	0.000000	0.000000	0.000000	0.000000	0.000000	0.000000	0.000000	0.000000	0.000000
1764624065.489911079	0.000000	0.000000	0.879304	0.000000	0.000000	0.000000	0.000000	0.000000	-0.483656	0.000000	0.000000	0.000000	0.000000	0.000000	0.000000	0.000000	0.000000	0.000000	0.000000	0.000000	0.000000	0.000000	0.000000	0.000000
1764624065.499991417	0.000000	0.000000	0.775375	0.000000	0.000000	0.000000	0.000000	0.000000	-0.483656	0.000000	0.000000	0.000000	0.000000	0.000000	0.000000	0.000000	0.000000	0.000000	0.000000	0.000000	0.000000	0.000000	0.000000	0.000000
1764624065.510125637	0.000000	0.000000	0.857108	0.000000	0.000000	0.000000	0.000000	0.000000	-0.483656	0.000000	0.000000	0.000000	0.000000	0.000000	0.000000	0.000000	0.000000	0.000000	0.000000	0.000000	0.000000	0.000000	0.000000	0.000000
1764624065.527320862	0.000000	0.000000	0.821066	0.000000	0.000000	0.000000	0.000000	0.000000	-0.483656	0.000000	0.000000	0.000000	0.000000	0.000000	0.000000	0.000000	0.000000	0.000000	0.000000	0.000000	0.000000	0.000000	0.000000	0.000000
1764624065.530375719	0.000000	0.000000	0.855190	0.000000	0.000000	0.000000	0.000000	0.000000	-0.483656	0.000000	0.000000	0.000000	0.000000	0.000000	0.000000	0.000000	0.000000	0.000000	0.000000	0.000000	0.000000	0.000000	0.000000	0.000000
1764624065.540286064	0.000000	0.000000	0.758773	0.000000	0.000000	0.000000	0.000000	0.000000	-0.483656	0.000000	0.000000	0.000000	0.000000	0.000000	0.000000	0.000000	0.000000	0.000000	0.000000	0.000000	0.000000	0.000000	0.000000	0.000000
1764624065.557301760	0.000000	0.000000	0.783298	0.000000	0.000000	0.000000	0.000000	0.000000	-0.483656	0.000000	0.000000	0.000000	0.000000	0.000000	0.000000	0.000000	0.000000	0.000000	0.000000	0.000000	0.000000	0.000000	0.000000	0.000000
1764624065.560238600	0.000000	0.000000	0.706993	0.000000	0.000000	0.000000	0.000000	0.000000	-0.483656	0.000000	0.000000	0.000000	0.000000	0.000000	0.000000	0.000000	0.000000	0.000000	0.000000	0.000000	0.000000	0.000000	0.000000	0.000000
1764624065.570208788	0.000000	0.000000	0.717672	0.000000	0.000000	0.000000	0.000000	0.000000	-0.483656	0.000000	0.000000	0.000000	0.000000	0.000000	0.000000	0.000000	0.000000	0.000000	0.000000	0.000000	0.000000	0.000000	0.000000	0.000000
1764624065.580902576	0.000000	0.000000	0.675570	0.000000	0.000000	0.000000	0.000000	0.000000	-0.483656	0.000000	0.000000	0.000000	0.000000	0.000000	0.000000	0.000000	0.000000	0.000000	0.000000	0.000000	0.000000	0.000000	0.000000	0.000000
1764624065.589960814	0.000000	0.000000	0.714104	0.000000	0.000000	0.000000	0.000000	0.000000	-0.483656	0.000000	0.000000	0.000000	0.000000	0.000000	0.000000	0.000000	0.000000	0.000000	0.000000	0.000000	0.000000	0.000000	0.000000	0.000000
1764624065.609025240	0.000000	0.000000	0.632232	0.000000	0.000000	0.000000	0.000000	0.000000	-0.483656	0.000000	0.000000	0.000000	0.000000	0.000000	0.000000	0.000000	0.000000	0.000000	0.000000	0.000000	0.000000	0.000000	0.000000	0.000000
1764624065.610746145	0.000000	0.000000	0.686331	0.000000	0.000000	0.000000	0.000000	0.000000	-0.483656	0.000000	0.000000	0.000000	0.000000	0.000000	0.000000	0.000000	0.000000	0.000000	0.000000	0.000000	0.000000	0.000000	0.000000	0.000000
1764624065.620921850	0.000000	0.000000	0.622692	0.000000	0.000000	0.000000	0.000000	0.000000	-0.483656	0.000000	0.000000	0.000000	0.000000	0.000000	0.000000	0.000000	0.000000	0.000000	0.000000	0.000000	0.000000	0.000000	0.000000	0.000000
1764624065.639115572	0.000000	0.000000	0.633028	0.000000	0.000000	0.000000	0.000000	0.000000	-0.483656	0.000000	0.000000	0.000000	0.000000	0.000000	0.000000	0.000000	0.000000	0.000000	0.000000	0.000000	0.000000	0.000000	0.000000	0.000000
1764624065.640564442	0.000000	0.000000	0.634436	0.000000	0.000000	0.000000	0.000000	0.000000	-0.483656	0.000000	0.000000	0.000000	0.000000	0.000000	0.000000	0.000000	0.000000	0.000000	0.000000	0.000000	0.000000	0.000000	0.000000	0.000000
1764624065.651073933	0.000000	0.000000	0.590025	0.000000	0.000000	0.000000	0.000000	0.000000	-0.483656	0.000000	0.000000	0.000000	0.000000	0.000000	0.000000	0.000000	0.000000	0.000000	0.000000	0.000000	0.000000	0.000000	0.000000	0.000000
1764624065.659605503	0.000000	0.000000	0.563025	0.000000	0.000000	0.000000	0.000000	0.000000	-0.483656	0.000000	0.000000	0.000000	0.000000	0.000000	0.000000	0.000000	0.000000	0.000000	0.000000	0.000000	0.000000	0.000000	0.000000	0.000000
1764624065.672724009	0.000000	0.000000	0.558206	0.000000	0.000000	0.000000	0.000000	0.000000	-0.483656	0.000000	0.000000	0.000000	0.000000	0.000000	0.000000	0.000000	0.000000	0.000000	0.000000	0.000000	0.000000	0.000000	0.000000	0.000000
1764624065.679927826	0.000000	0.000000	0.550075	0.000000	0.000000	0.000000	0.000000	0.000000	-0.483656	0.000000	0.000000	0.000000	0.000000	0.000000	0.000000	0.000000	0.000000	0.000000	0.000000	0.000000	0.000000	0.000000	0.000000	0.000000
1764624065.690226555	0.000000	0.000000	0.562143	0.000000	0.000000	0.000000	0.000000	0.000000	-0.483656	0.000000	0.000000	0.000000	0.000000	0.000000	0.000000	0.000000	0.000000	0.000000	0.000000	0.000000	0.000000	0.000000	0.000000	0.000000
1764624065.700499535	0.000000	0.000000	0.529264	0.000000	0.000000	0.000000	0.000000	0.000000	-0.483656	0.000000	0.000000	0.000000	0.000000	0.000000	0.000000	0.000000	0.000000	0.000000	0.000000	0.000000	0.000000	0.000000	0.000000	0.000000
1764624065.715523243	0.000000	0.000000	0.498242	0.000000	0.000000	0.000000	0.000000	0.000000	-0.390813	0.000000	0.000000	0.000000	0.000000	0.000000	0.000000	0.000000	0.000000	0.000000	0.000000	0.000000	0.000000	0.000000	0.000000	0.000000
1764624065.720395327	0.000000	0.000000	0.487558	0.000000	0.000000	0.000000	0.000000	0.000000	-0.390813	0.000000	0.000000	0.000000	0.000000	0.000000	0.000000	0.000000	0.000000	0.000000	0.000000	0.000000	0.000000	0.000000	0.000000	0.000000
1764624065.730587959	0.000000	0.000000	0.472300	0.000000	0.000000	0.000000	0.000000	0.000000	-0.390813	0.000000	0.000000	0.000000	0.000000	0.000000	0.000000	0.000000	0.000000	0.000000	0.000000	0.000000	0.000000	0.000000	0.000000	0.000000
1764624065.740587950	0.000000	0.000000	0.473668	0.000000	0.000000	0.000000	0.000000	0.000000	-0.390813	0.000000	0.000000	0.000000	0.000000	0.000000	0.000000	0.000000	0.000000	0.000000	0.000000	0.000000	0.000000	0.000000	0.000000	0.000000
1764624065.754025936	0.000000	0.000000	0.443412	0.000000	0.000000	0.000000	0.000000	0.000000	-0.390813	0.000000	0.000000	0.000000	0.000000	0.000000	0.000000	0.000000	0.000000	0.000000	0.000000	0.000000	88.716760	0.000000	0.000000	0.000000
1764624065.768839121	0.000000	0.000000	0.436966	0.000000	0.000000	0.000000	0.000000	0.000000	-0.390813	0.000000	0.000000	0.000000	0.000000	0.000000	0.000000	0.000000	0.000000	0.000000	0.000000	0.000000	88.716760	0.000000	0.000000	0.000000
1764624065.770293713	0.000000	0.000000	0.428139	0.000000	0.000000	0.000000	0.000000	0.000000	-0.390813	0.000000	0.000000	0.000000	0.000000	0.000000	0.000000	0.000000	0.000000	0.000000	0.000000	0.000000	88.716760	0.000000	0.000000	0.000000
1764624065.780864477	0.000000	0.000000	0.412215	0.000000	0.000000	0.000000	0.000000	0.000000	-0.390813	0.000000	0.000000	0.000000	0.000000	0.000000	0.000000	0.000000	0.000000	0.000000	0.000000	0.000000	88.716760	0.000000	0.000000	0.000000
1764624065.789963484	0.000000	0.000000	0.406051	0.000000	0.000000	0.000000	0.000000	0.000000	-0.390813	0.000000	0.000000	0.000000	0.000000	0.000000	0.000000	0.000000	0.000000	0.000000	0.000000	0.000000	88.716760	0.000000	0.000000	0.000000
1764624065.805155516	0.000000	0.000000	0.405349	0.000000	0.000000	0.000000	0.000000	0.000000	-0.390813	0.000000	0.000000	0.000000	0.000000	0.000000	0.000000	0.000000	0.000000	0.000000	0.000000	0.000000	88.716760	0.000000	0.000000	0.000000
1764624065.809271097	0.000000	0.000000	0.338343	0.000000	0.000000	0.000000	0.000000	0.000000	-0.390813	0.000000	0.000000	0.000000	0.000000	0.000000	0.000000	0.000000	0.000000	0.000000	0.000000	0.000000	88.716760	0.000000	0.000000	0.000000
1764624065.819632053	0.000000	0.000000	0.405610	0.000000	0.000000	0.000000	0.000000	0.000000	-0.390813	0.000000	0.000000	0.000000	0.000000	0.000000	0.000000	0.000000	0.000000	0.000000	0.000000	0.000000	88.716760	0.000000	0.000000	0.000000
1764624065.835915089	0.000000	0.000000	0.383359	0.000000	0.000000	0.000000	0.000000	0.000000	-0.390813	0.000000	0.000000	0.000000	0.000000	0.000000	0.000000	0.000000	0.000000	0.000000	0.000000	0.000000	88.716760	0.000000	0.000000	0.000000
1764624065.839427710	0.000000	0.000000	0.372799	0.000000	0.000000	0.000000	0.000000	0.000000	-0.390813	0.000000	0.000000	0.000000	0.000000	0.000000	0.000000	0.000000	0.000000	0.000000	0.000000	0.000000	88.716760	0.000000	0.000000	0.000000
1764624065.849533319	0.000000	0.000000	0.379468	0.000000	0.000000	0.000000	0.000000	0.000000	-0.390813	0.000000	0.000000	0.000000	0.000000	0.000000	0.000000	0.000000	0.000000	0.000000	0.000000	0.000000	88.716760	0.000000	0.000000	0.000000
1764624065.860675812	0.000000	0.000000	0.377236	0.000000	0.000000	0.000000	0.000000	0.000000	-0.390813	0.000000	0.000000	0.000000	0.000000	0.000000	0.000000	0.000000	0.000000	0.000000	0.000000	0.000000	88.716760	0.000000	0.000000	0.000000
1764624065.876646996	0.000000	0.000000	0.476238	0.000000	0.000000	0.000000	0.000000	0.000000	-0.390813	0.000000	0.000000	0.000000	0.000000	0.000000	0.000000	0.000000	0.000000	0.000000	0.000000	0.000000	88.716760	0.000000	0.000000	0.000000
1764624065.880125046	0.000000	0.000000	0.473083	0.000000	0.000000	0.000000	0.000000	0.000000	-0.390813	0.000000	0.000000	0.000000	0.000000	0.000000	0.000000	0.000000	0.000000	0.000000	0.000000	0.000000	88.716760	0.000000	0.000000	0.000000
1764624065.890741110	0.000000	0.000000	0.727389	0.000000	0.000000	0.000000	0.000000	0.000000	-0.390813	0.000000	0.000000	0.000000	0.000000	0.000000	0.000000	0.000000	0.000000	0.000000	0.000000	0.000000	88.716760	0.000000	0.000000	0.000000
1764624065.900411606	0.000000	0.000000	0.866559	0.000000	0.000000	0.000000	0.000000	0.000000	-0.390813	0.000000	0.000000	0.000000	0.000000	0.000000	0.000000	0.000000	0.000000	0.000000	0.000000	0.000000	88.716760	0.000000	0.000000	0.000000
1764624065.916847229	0.000000	0.000000	0.786223	0.000000	0.000000	0.000000	0.000000	0.000000	-0.390813	0.000000	0.000000	0.000000	0.000000	0.000000	0.000000	0.000000	0.000000	0.000000	0.000000	0.000000	88.716760	0.000000	0.000000	0.000000
1764624065.919648647	0.000000	0.000000	0.985064	0.000000	0.000000	0.000000	0.000000	0.000000	-0.390813	0.000000	0.000000	0.000000	0.000000	0.000000	0.000000	0.000000	0.000000	0.000000	0.000000	0.000000	88.716760	0.000000	0.000000	0.000000
1764624065.929902792	0.000000	0.000000	0.952396	0.000000	0.000000	0.000000	0.000000	0.000000	-0.390813	0.000000	0.000000	0.000000	0.000000	0.000000	0.000000	0.000000	0.000000	0.000000	0.000000	0.000000	88.716760	0.000000	0.000000	0.000000
1764624065.939962387	0.000000	0.000000	0.931159	0.000000	0.000000	0.000000	0.000000	0.000000	-0.390813	0.000000	0.000000	0.000000	0.000000	0.000000	0.000000	0.000000	0.000000	0.000000	0.000000	0.000000	88.716760	0.000000	0.000000	0.000000
1764624065.949660778	0.000000	0.000000	1.087679	0.000000	0.000000	0.000000	0.000000	0.000000	-0.390813	0.000000	0.000000	0.000000	0.000000	0.000000	0.000000	0.000000	0.000000	0.000000	0.000000	0.000000	88.716760	0.000000	0.000000	0.000000
1764624065.967970133	0.000000	0.000000	1.096509	0.000000	0.000000	0.000000	0.000000	0.000000	-0.257943	0.000000	0.000000	0.000000	0.000000	0.000000	0.000000	0.000000	0.000000	0.000000	0.000000	0.000000	88.716760	0.000000	0.000000	0.000000
1764624065.970157146	0.000000	0.000000	1.147883	0.000000	0.000000	0.000000	0.000000	0.000000	-0.257943	0.000000	0.000000	0.000000	0.000000	0.000000	0.000000	0.000000	0.000000	0.000000	0.000000	0.000000	88.716760	0.000000	0.000000	0.000000
1764624065.980202675	0.000000	0.000000	1.091494	0.000000	0.000000	0.000000	0.000000	0.000000	-0.257943	0.000000	0.000000	0.000000	0.000000	0.000000	0.000000	0.000000	0.000000	0.000000	0.000000	0.000000	88.716760	0.000000	0.000000	0.000000
1764624065.993333578	0.000000	0.000000	1.185175	0.000000	0.000000	0.000000	0.000000	0.000000	-0.257943	0.000000	0.000000	0.000000	0.000000	0.000000	0.000000	0.000000	0.000000	0.000000	0.000000	0.000000	88.716760	0.000000	0.000000	0.000000
1764624066.000006676	0.000000	0.000000	1.107174	0.000000	0.000000	0.000000	0.000000	0.000000	-0.257943	0.000000	0.000000	0.000000	0.000000	0.000000	0.000000	0.000000	0.000000	0.000000	0.000000	0.000000	88.716760	0.000000	0.000000	0.000000
1764624066.010055780	0.000000	0.000000	1.192404	0.000000	0.000000	0.000000	0.000000	0.000000	-0.257943	0.000000	0.000000	0.000000	0.000000	0.000000	0.000000	0.000000	0.000000	0.000000	0.000000	0.000000	88.716760	0.000000	0.000000	0.000000
1764624066.020959139	0.000000	0.000000	1.096798	0.000000	0.000000	0.000000	0.000000	0.000000	-0.257943	0.000000	0.000000	0.000000	0.000000	0.000000	0.000000	0.000000	0.000000	0.000000	0.000000	0.000000	88.716760	0.000000	0.000000	0.000000
1764624066.036563158	0.000000	0.000000	1.094786	0.000000	0.000000	0.000000	0.000000	0.000000	-0.257943	0.000000	0.000000	0.000000	0.000000	0.000000	0.000000	0.000000	0.000000	0.000000	0.000000	0.000000	88.716760	0.000000	0.000000	0.000000
1764624066.040686369	0.000000	0.000000	1.083623	0.000000	0.000000	0.000000	0.000000	0.000000	-0.257943	0.000000	0.000000	0.000000	0.000000	0.000000	0.000000	0.000000	0.000000	0.000000	0.000000	0.000000	88.716760	0.000000	0.000000	0.000000
1764624066.050650597	0.000000	0.000000	1.099001	0.000000	0.000000	0.000000	0.000000	0.000000	-0.257943	0.000000	0.000000	0.000000	0.000000	0.000000	0.000000	0.000000	0.000000	0.000000	0.000000	0.000000	88.716760	0.000000	0.000000	0.000000
1764624066.060092211	0.000000	0.000000	0.968031	0.000000	0.000000	0.000000	0.000000	0.000000	-0.257943	0.000000	0.000000	0.000000	0.000000	0.000000	0.000000	0.000000	0.000000	0.000000	0.000000	0.000000	88.716760	0.000000	0.000000	0.000000
1764624066.070172548	0.000000	0.000000	0.973810	0.000000	0.000000	0.000000	0.000000	0.000000	-0.257943	0.000000	0.000000	0.000000	0.000000	0.000000	0.000000	0.000000	0.000000	0.000000	0.000000	0.000000	88.716760	0.000000	0.000000	0.000000
1764624066.093612194	0.000000	0.000000	0.890893	0.000000	0.000000	0.000000	0.000000	0.000000	-0.257943	0.000000	0.000000	0.000000	0.000000	0.000000	0.000000	0.000000	0.000000	0.000000	0.000000	0.000000	88.716760	0.000000	0.000000	0.000000
1764624066.093632221	0.000000	0.000000	0.771394	0.000000	0.000000	0.000000	0.000000	0.000000	-0.257943	0.000000	0.000000	0.000000	0.000000	0.000000	0.000000	0.000000	0.000000	0.000000	0.000000	0.000000	88.716760	0.000000	0.000000	0.000000
1764624066.099938154	0.000000	0.000000	0.680337	0.000000	0.000000	0.000000	0.000000	0.000000	-0.257943	0.000000	0.000000	0.000000	0.000000	0.000000	0.000000	0.000000	0.000000	0.000000	0.000000	0.000000	88.716760	0.000000	0.000000	0.000000
1764624066.116678953	0.000000	0.000000	0.905953	0.000000	0.000000	0.000000	0.000000	0.000000	-0.257943	0.000000	0.000000	0.000000	0.000000	0.000000	0.000000	0.000000	0.000000	0.000000	0.000000	0.000000	88.716760	0.000000	0.000000	0.000000
1764624066.119761944	0.000000	0.000000	0.619183	0.000000	0.000000	0.000000	0.000000	0.000000	-0.257943	0.000000	0.000000	0.000000	0.000000	0.000000	0.000000	0.000000	0.000000	0.000000	0.000000	0.000000	88.716760	0.000000	0.000000	0.000000
1764624066.130096912	0.000000	0.000000	0.567706	0.000000	0.000000	0.000000	0.000000	0.000000	-0.257943	0.000000	0.000000	0.000000	0.000000	0.000000	0.000000	0.000000	0.000000	0.000000	0.000000	0.000000	88.716760	0.000000	0.000000	0.000000
1764624066.140664101	0.000000	0.000000	0.353556	0.000000	0.000000	0.000000	0.000000	0.000000	-0.257943	0.000000	0.000000	0.000000	0.000000	0.000000	0.000000	0.000000	0.000000	0.000000	0.000000	0.000000	88.716760	0.000000	0.000000	0.000000
1764624066.154721498	0.000000	0.000000	0.435349	0.000000	0.000000	0.000000	0.000000	0.000000	-0.257943	0.000000	0.000000	0.000000	0.000000	0.000000	0.000000	0.000000	0.000000	0.000000	0.000000	0.000000	88.716760	0.000000	0.000000	0.000000
1764624066.160707712	0.000000	0.000000	0.626173	0.000000	0.000000	0.000000	0.000000	0.000000	-0.257943	0.000000	0.000000	0.000000	0.000000	0.000000	0.000000	0.000000	0.000000	0.000000	0.000000	0.000000	88.716760	0.000000	0.000000	0.000000
1764624066.170616150	0.000000	0.000000	0.194648	0.000000	0.000000	0.000000	0.000000	0.000000	-0.257943	0.000000	0.000000	0.000000	0.000000	0.000000	0.000000	0.000000	0.000000	0.000000	0.000000	0.000000	88.716760	0.000000	0.000000	0.000000
1764624066.189330339	0.000000	0.000000	0.289582	0.000000	0.000000	0.000000	0.000000	0.000000	-0.257943	0.000000	0.000000	0.000000	0.000000	0.000000	0.000000	0.000000	0.000000	0.000000	0.000000	0.000000	88.716760	0.000000	0.000000	0.000000
1764624066.190991402	0.000000	0.000000	0.650549	0.000000	0.000000	0.000000	0.000000	0.000000	-0.257943	0.000000	0.000000	0.000000	0.000000	0.000000	0.000000	0.000000	0.000000	0.000000	0.000000	0.000000	88.716760	0.000000	0.000000	0.000000
1764624066.199817657	0.000000	0.000000	-0.139759	0.000000	0.000000	0.000000	0.000000	0.000000	-0.257943	0.000000	0.000000	0.000000	0.000000	0.000000	0.000000	0.000000	0.000000	0.000000	0.000000	0.000000	88.716760	0.000000	0.000000	0.000000
1764624066.210468769	0.000000	0.000000	0.744669	0.000000	0.000000	0.000000	0.000000	0.000000	-0.257943	0.000000	0.000000	0.000000	0.000000	0.000000	0.000000	0.000000	0.000000	0.000000	0.000000	0.000000	88.716760	0.000000	0.000000	0.000000
1764624066.220519543	0.000000	0.000000	0.331279	0.000000	0.000000	0.000000	0.000000	0.000000	-0.159091	0.000000	0.000000	0.000000	0.000000	0.000000	0.000000	0.000000	0.000000	0.000000	0.000000	0.000000	88.716760	0.000000	0.000000	0.000000
1764624066.235153437	0.000000	0.000000	0.089020	0.000000	0.000000	0.000000	0.000000	0.000000	-0.159091	0.000000	0.000000	0.000000	0.000000	0.000000	0.000000	0.000000	0.000000	0.000000	0.000000	0.000000	88.716760	0.000000	0.000000	0.000000
1764624066.240484238	0.000000	0.000000	0.463940	0.000000	0.000000	0.000000	0.000000	0.000000	-0.159091	0.000000	0.000000	0.000000	0.000000	0.000000	0.000000	0.000000	0.000000	0.000000	0.000000	0.000000	88.716760	0.000000	0.000000	0.000000
1764624066.253569365	0.000000	0.000000	0.395699	0.000000	0.000000	0.000000	0.000000	0.000000	-0.159091	0.000000	0.000000	0.000000	0.000000	0.000000	0.000000	0.000000	0.000000	0.000000	0.000000	0.000000	88.716760	0.000000	0.000000	0.000000
1764624066.261048079	0.000000	0.000000	0.205407	0.000000	0.000000	0.000000	0.000000	0.000000	-0.159091	0.000000	0.000000	0.000000	0.000000	0.000000	0.000000	0.000000	0.000000	0.000000	0.000000	0.000000	88.716760	0.000000	0.000000	0.000000
1764624066.276340008	0.000000	0.000000	0.351538	0.000000	0.000000	0.000000	0.000000	0.000000	-0.159091	0.000000	0.000000	0.000000	0.000000	0.000000	0.000000	0.000000	0.000000	0.000000	0.000000	0.000000	88.716760	0.000000	0.000000	0.000000
1764624066.279959440	0.000000	0.000000	0.410404	0.000000	0.000000	0.000000	0.000000	0.000000	-0.159091	0.000000	0.000000	0.000000	0.000000	0.000000	0.000000	0.000000	0.000000	0.000000	0.000000	0.000000	88.716760	0.000000	0.000000	0.000000
1764624066.290783644	0.000000	0.000000	0.394259	0.000000	0.000000	0.000000	0.000000	0.000000	-0.159091	0.000000	0.000000	0.000000	0.000000	0.000000	0.000000	0.000000	0.000000	0.000000	0.000000	0.000000	88.716760	0.000000	0.000000	0.000000
1764624066.301036596	0.000000	0.000000	0.155833	0.000000	0.000000	0.000000	0.000000	0.000000	-0.159091	0.000000	0.000000	0.000000	0.000000	0.000000	0.000000	0.000000	0.000000	0.000000	0.000000	0.000000	88.716760	0.000000	0.000000	0.000000
1764624066.318084955	0.000000	0.000000	0.335606	0.000000	0.000000	0.000000	0.000000	0.000000	-0.159091	0.000000	0.000000	0.000000	0.000000	0.000000	0.000000	0.000000	0.000000	0.000000	0.000000	0.000000	88.716760	0.000000	0.000000	0.000000
1764624066.320290565	0.000000	0.000000	0.480536	0.000000	0.000000	0.000000	0.000000	0.000000	-0.159091	0.000000	0.000000	0.000000	0.000000	0.000000	0.000000	0.000000	0.000000	0.000000	0.000000	0.000000	88.716760	0.000000	0.000000	0.000000
1764624066.330149651	0.000000	0.000000	0.331627	0.000000	0.000000	0.000000	0.000000	0.000000	-0.159091	0.000000	0.000000	0.000000	0.000000	0.000000	0.000000	0.000000	0.000000	0.000000	0.000000	0.000000	88.716760	0.000000	0.000000	0.000000
1764624066.340291500	0.000000	0.000000	0.317700	0.000000	0.000000	0.000000	0.000000	0.000000	-0.159091	0.000000	0.000000	0.000000	0.000000	0.000000	0.000000	0.000000	0.000000	0.000000	0.000000	0.000000	88.716760	0.000000	0.000000	0.000000
1764624066.350149632	0.000000	0.000000	0.584788	0.000000	0.000000	0.000000	0.000000	0.000000	-0.159091	0.000000	0.000000	0.000000	0.000000	0.000000	0.000000	0.000000	0.000000	0.000000	0.000000	0.000000	88.716760	0.000000	0.000000	0.000000
1764624066.369375706	0.000000	0.000000	0.142726	0.000000	0.000000	0.000000	0.000000	0.000000	-0.159091	0.000000	0.000000	0.000000	0.000000	0.000000	0.000000	0.000000	0.000000	0.000000	0.000000	0.000000	88.716760	0.000000	0.000000	0.000000
1764624066.370414257	0.000000	0.000000	0.437475	0.000000	0.000000	0.000000	0.000000	0.000000	-0.159091	0.000000	0.000000	0.000000	0.000000	0.000000	0.000000	0.000000	0.000000	0.000000	0.000000	0.000000	88.716760	0.000000	0.000000	0.000000
1764624066.380200386	0.000000	0.000000	0.583790	0.000000	0.000000	0.000000	0.000000	0.000000	-0.159091	0.000000	0.000000	0.000000	0.000000	0.000000	0.000000	0.000000	0.000000	0.000000	0.000000	0.000000	88.716760	0.000000	0.000000	0.000000
1764624066.389783382	0.000000	0.000000	-0.001972	0.000000	0.000000	0.000000	0.000000	0.000000	-0.159091	0.000000	0.000000	0.000000	0.000000	0.000000	0.000000	0.000000	0.000000	0.000000	0.000000	0.000000	88.716760	0.000000	0.000000	0.000000
1764624066.408908606	0.000000	0.000000	0.511738	0.000000	0.000000	0.000000	0.000000	0.000000	-0.159091	0.000000	0.000000	0.000000	0.000000	0.000000	0.000000	0.000000	0.000000	0.000000	0.000000	0.000000	88.716760	0.000000	0.000000	0.000000
1764624066.408936977	0.000000	0.000000	0.586770	0.000000	0.000000	0.000000	0.000000	0.000000	-0.159091	0.000000	0.000000	0.000000	0.000000	0.000000	0.000000	0.000000	0.000000	0.000000	0.000000	0.000000	88.716760	0.000000	0.000000	0.000000
1764624066.420509577	0.000000	0.000000	0.215745	0.000000	0.000000	0.000000	0.000000	0.000000	-0.159091	0.000000	0.000000	0.000000	0.000000	0.000000	0.000000	0.000000	0.000000	0.000000	0.000000	0.000000	88.716760	0.000000	0.000000	0.000000
1764624066.429911613	0.000000	0.000000	0.433483	0.000000	0.000000	0.000000	0.000000	0.000000	-0.159091	0.000000	0.000000	0.000000	0.000000	0.000000	0.000000	0.000000	0.000000	0.000000	0.000000	0.000000	88.716760	0.000000	0.000000	0.000000
1764624066.445499420	0.000000	0.000000	0.599682	0.000000	0.000000	0.000000	0.000000	0.000000	-0.159091	0.000000	0.000000	0.000000	0.000000	0.000000	0.000000	0.000000	0.000000	0.000000	0.000000	0.000000	88.716760	0.000000	0.000000	0.000000
1764624066.450167656	0.000000	0.000000	0.266216	0.000000	0.000000	0.000000	0.000000	0.000000	-0.159091	0.000000	0.000000	0.000000	0.000000	0.000000	0.000000	0.000000	0.000000	0.000000	0.000000	0.000000	88.716760	0.000000	0.000000	0.000000
1764624066.460931778	0.000000	0.000000	0.346180	0.000000	0.000000	0.000000	0.000000	0.000000	0.013481	0.000000	0.000000	0.000000	0.000000	0.000000	0.000000	0.000000	0.000000	0.000000	0.000000	0.000000	88.716760	0.000000	0.000000	0.000000
1764624066.473401546	0.000000	0.000000	0.671463	0.000000	0.000000	0.000000	0.000000	0.000000	0.013481	0.000000	0.000000	0.000000	0.000000	0.000000	0.000000	0.000000	0.000000	0.000000	0.000000	0.000000	88.716760	0.000000	0.000000	0.000000
1764624066.480702639	0.000000	0.000000	0.313678	0.000000	0.000000	0.000000	0.000000	0.000000	0.013481	0.000000	0.000000	0.000000	0.000000	0.000000	0.000000	0.000000	0.000000	0.000000	0.000000	0.000000	88.716760	0.000000	0.000000	0.000000
1764624066.489836693	0.000000	0.000000	0.400441	0.000000	0.000000	0.000000	0.000000	0.000000	0.013481	0.000000	0.000000	0.000000	0.000000	0.000000	0.000000	0.000000	0.000000	0.000000	0.000000	0.000000	88.716760	0.000000	0.000000	0.000000
1764624066.499882698	0.000000	0.000000	0.427522	0.000000	0.000000	0.000000	0.000000	0.000000	0.013481	0.000000	0.000000	0.000000	0.000000	0.000000	0.000000	0.000000	0.000000	0.000000	0.000000	0.000000	88.716760	0.000000	0.000000	0.000000
1764624066.519265413	0.000000	0.000000	0.602566	0.000000	0.000000	0.000000	0.000000	0.000000	0.013481	0.000000	0.000000	0.000000	0.000000	0.000000	0.000000	0.000000	0.000000	0.000000	0.000000	0.000000	88.716760	0.000000	0.000000	0.000000
1764624066.519294739	0.000000	0.000000	0.340602	0.000000	0.000000	0.000000	0.000000	0.000000	0.013481	0.000000	0.000000	0.000000	0.000000	0.000000	0.000000	0.000000	0.000000	0.000000	0.000000	0.000000	88.716760	0.000000	0.000000	0.000000
1764624066.530180454	0.000000	0.000000	0.239973	0.000000	0.000000	0.000000	0.000000	0.000000	0.013481	0.000000	0.000000	0.000000	0.000000	0.000000	0.000000	0.000000	0.000000	0.000000	0.000000	0.000000	88.716760	0.000000	0.000000	0.000000
1764624066.540431738	0.000000	0.000000	0.620300	0.000000	0.000000	0.000000	0.000000	0.000000	0.013481	0.000000	0.000000	0.000000	0.000000	0.000000	0.000000	0.000000	0.000000	0.000000	0.000000	0.000000	88.716760	0.000000	0.000000	0.000000
1764624066.550143957	0.000000	0.000000	0.274868	0.000000	0.000000	0.000000	0.000000	0.000000	0.013481	0.000000	0.000000	0.000000	0.000000	0.000000	0.000000	0.000000	0.000000	0.000000	0.000000	0.000000	88.716760	0.000000	0.000000	0.000000
1764624066.568343401	0.000000	0.000000	0.326408	0.000000	0.000000	0.000000	0.000000	0.000000	0.013481	0.000000	0.000000	0.000000	0.000000	0.000000	0.000000	0.000000	0.000000	0.000000	0.000000	0.000000	88.716760	0.000000	0.000000	0.000000
1764624066.570215702	0.000000	0.000000	0.693526	0.000000	0.000000	0.000000	0.000000	0.000000	0.013481	0.000000	0.000000	0.000000	0.000000	0.000000	0.000000	0.000000	0.000000	0.000000	0.000000	0.000000	88.716760	0.000000	0.000000	0.000000
1764624066.582442760	0.000000	0.000000	0.092471	0.000000	0.000000	0.000000	0.000000	0.000000	0.013481	0.000000	0.000000	0.000000	0.000000	0.000000	0.000000	0.000000	0.000000	0.000000	0.000000	0.000000	88.716760	0.000000	0.000000	0.000000
1764624066.589719772	0.000000	0.000000	0.429725	0.000000	0.000000	0.000000	0.000000	0.000000	0.013481	0.000000	0.000000	0.000000	0.000000	0.000000	0.000000	0.000000	0.000000	0.000000	0.000000	0.000000	88.716760	0.000000	0.000000	0.000000
1764624066.608124256	0.000000	0.000000	0.639455	0.000000	0.000000	0.000000	0.000000	0.000000	0.013481	0.000000	0.000000	0.000000	0.000000	0.000000	0.000000	0.000000	0.000000	0.000000	0.000000	0.000000	88.716760	0.000000	0.000000	0.000000
1764624066.610355616	0.000000	0.000000	0.054957	0.000000	0.000000	0.000000	0.000000	0.000000	0.013481	0.000000	0.000000	0.000000	0.000000	0.000000	0.000000	0.000000	0.000000	0.000000	0.000000	0.000000	88.716760	0.000000	0.000000	0.000000
1764624066.620450258	0.000000	0.000000	0.479452	0.000000	0.000000	0.000000	0.000000	0.000000	0.013481	0.000000	0.000000	0.000000	0.000000	0.000000	0.000000	0.000000	0.000000	0.000000	0.000000	0.000000	88.716760	0.000000	0.000000	0.000000
1764624066.632670164	0.000000	0.000000	0.572723	0.000000	0.000000	0.000000	0.000000	0.000000	0.013481	0.000000	0.000000	0.000000	0.000000	0.000000	0.000000	0.000000	0.000000	0.000000	0.000000	0.000000	88.716760	0.000000	0.000000	0.000000
1764624066.639855385	0.000000	0.000000	0.187054	0.000000	0.000000	0.000000	0.000000	0.000000	0.013481	0.000000	0.000000	0.000000	0.000000	0.000000	0.000000	0.000000	0.000000	0.000000	0.000000	0.000000	88.716760	0.000000	0.000000	0.000000
1764624066.649591923	0.000000	0.000000	0.359268	0.000000	0.000000	0.000000	0.000000	0.000000	0.013481	0.000000	0.000000	0.000000	0.000000	0.000000	0.000000	0.000000	0.000000	0.000000	0.000000	0.000000	88.716760	0.000000	0.000000	0.000000
1764624066.660633564	0.000000	0.000000	0.624022	0.000000	0.000000	0.000000	0.000000	0.000000	0.013481	0.000000	0.000000	0.000000	0.000000	0.000000	0.000000	0.000000	0.000000	0.000000	0.000000	0.000000	88.716760	0.000000	0.000000	0.000000
1764624066.677971125	0.000000	0.000000	0.330865	0.000000	0.000000	0.000000	0.000000	0.000000	0.013481	0.000000	0.000000	0.000000	0.000000	0.000000	0.000000	0.000000	0.000000	0.000000	0.000000	0.000000	88.716760	0.000000	0.000000	0.000000
1764624066.680014849	0.000000	0.000000	0.489624	0.000000	0.000000	0.000000	0.000000	0.000000	0.013481	0.000000	0.000000	0.000000	0.000000	0.000000	0.000000	0.000000	0.000000	0.000000	0.000000	0.000000	88.716760	0.000000	0.000000	0.000000
1764624066.689793110	0.000000	0.000000	0.499527	0.000000	0.000000	0.000000	0.000000	0.000000	0.013481	0.000000	0.000000	0.000000	0.000000	0.000000	0.000000	0.000000	0.000000	0.000000	0.000000	0.000000	88.716760	0.000000	0.000000	0.000000
1764624066.700076103	0.000000	0.000000	0.440458	0.000000	0.000000	0.000000	0.000000	0.000000	0.013481	0.000000	0.000000	0.000000	0.000000	0.000000	0.000000	0.000000	0.000000	0.000000	0.000000	0.000000	88.716760	0.000000	0.000000	0.000000
1764624066.718257427	0.000000	0.000000	0.497733	0.000000	0.000000	0.000000	0.000000	0.000000	0.168646	0.000000	0.000000	0.000000	0.000000	0.000000	0.000000	0.000000	0.000000	0.000000	0.000000	0.000000	88.716760	0.000000	0.000000	0.000000
1764624066.719545364	0.000000	0.000000	0.373107	0.000000	0.000000	0.000000	0.000000	0.000000	0.168646	0.000000	0.000000	0.000000	0.000000	0.000000	0.000000	0.000000	0.000000	0.000000	0.000000	0.000000	88.716760	0.000000	0.000000	0.000000
1764624066.730363607	0.000000	0.000000	0.461252	0.000000	0.000000	0.000000	0.000000	0.000000	0.168646	0.000000	0.000000	0.000000	0.000000	0.000000	0.000000	0.000000	0.000000	0.000000	0.000000	0.000000	88.716760	0.000000	0.000000	0.000000
1764624066.740622997	0.000000	0.000000	0.434164	0.000000	0.000000	0.000000	0.000000	0.000000	0.168646	0.000000	0.000000	0.000000	0.000000	0.000000	0.000000	0.000000	0.000000	0.000000	0.000000	0.000000	88.716760	0.000000	0.000000	0.000000
1764624066.750533342	0.000000	0.000000	0.354251	0.000000	0.000000	0.000000	0.000000	0.000000	0.168646	0.000000	0.000000	0.000000	0.000000	0.000000	0.000000	0.000000	0.000000	0.000000	0.000000	0.000000	88.716760	0.000000	0.000000	0.000000
1764624066.768909454	0.000000	0.000000	0.634918	0.000000	0.000000	0.000000	0.000000	0.000000	0.168646	0.000000	0.000000	0.000000	0.000000	0.000000	0.000000	0.000000	0.000000	0.000000	0.000000	0.000000	88.716760	0.000000	0.000000	0.000000
1764624066.768918037	0.000000	0.000000	0.329330	0.000000	0.000000	0.000000	0.000000	0.000000	0.168646	0.000000	0.000000	0.000000	0.000000	0.000000	0.000000	0.000000	0.000000	0.000000	0.000000	0.000000	88.716760	0.000000	0.000000	0.000000
1764624066.779697657	0.000000	0.000000	0.465608	0.000000	0.000000	0.000000	0.000000	0.000000	0.168646	0.000000	0.000000	0.000000	0.000000	0.000000	0.000000	0.000000	0.000000	0.000000	0.000000	0.000000	88.716760	0.000000	0.000000	0.000000
1764624066.797006130	0.000000	0.000000	0.454118	0.000000	0.000000	0.000000	0.000000	0.000000	0.168646	0.000000	0.000000	0.000000	0.000000	0.000000	0.000000	0.000000	0.000000	0.000000	0.000000	0.000000	88.716760	0.000000	0.000000	0.000000
1764624066.799955845	0.000000	0.000000	0.451995	0.000000	0.000000	0.000000	0.000000	0.000000	0.168646	0.000000	0.000000	0.000000	0.000000	0.000000	0.000000	0.000000	0.000000	0.000000	0.000000	0.000000	88.716760	0.000000	0.000000	0.000000
1764624066.809868336	0.000000	0.000000	0.569283	0.000000	0.000000	0.000000	0.000000	0.000000	0.168646	0.000000	0.000000	0.000000	0.000000	0.000000	0.000000	0.000000	0.000000	0.000000	0.000000	0.000000	88.716760	0.000000	0.000000	0.000000
1764624066.819816351	0.000000	0.000000	0.384184	0.000000	0.000000	0.000000	0.000000	0.000000	0.168646	0.000000	0.000000	0.000000	0.000000	0.000000	0.000000	0.000000	0.000000	0.000000	0.000000	0.000000	88.716760	0.000000	0.000000	0.000000
1764624066.837698698	0.000000	0.000000	0.434465	0.000000	0.000000	0.000000	0.000000	0.000000	0.168646	0.000000	0.000000	0.000000	0.000000	0.000000	0.000000	0.000000	0.000000	0.000000	0.000000	0.000000	88.716760	0.000000	0.000000	0.000000
1764624066.839784622	0.000000	0.000000	0.521668	0.000000	0.000000	0.000000	0.000000	0.000000	0.168646	0.000000	0.000000	0.000000	0.000000	0.000000	0.000000	0.000000	0.000000	0.000000	0.000000	0.000000	88.716760	0.000000	0.000000	0.000000
1764624066.849904776	0.000000	0.000000	0.678352	0.000000	0.000000	0.000000	0.000000	0.000000	0.168646	0.000000	0.000000	0.000000	0.000000	0.000000	0.000000	0.000000	0.000000	0.000000	0.000000	0.000000	88.716760	0.000000	0.000000	0.000000
1764624066.860700369	0.000000	0.000000	0.134828	0.000000	0.000000	0.000000	0.000000	0.000000	0.168646	0.000000	0.000000	0.000000	0.000000	0.000000	0.000000	0.000000	0.000000	0.000000	0.000000	0.000000	88.716760	0.000000	0.000000	0.000000
1764624066.869633436	0.000000	0.000000	0.715152	0.000000	0.000000	0.000000	0.000000	0.000000	0.168646	0.000000	0.000000	0.000000	0.000000	0.000000	0.000000	0.000000	0.000000	0.000000	0.000000	0.000000	88.716760	0.000000	0.000000	0.000000
1764624066.887379646	0.000000	0.000000	0.507297	0.000000	0.000000	0.000000	0.000000	0.000000	0.168646	0.000000	0.000000	0.000000	0.000000	0.000000	0.000000	0.000000	0.000000	0.000000	0.000000	0.000000	88.716760	0.000000	0.000000	0.000000
1764624066.889782190	0.000000	0.000000	0.312686	0.000000	0.000000	0.000000	0.000000	0.000000	0.168646	0.000000	0.000000	0.000000	0.000000	0.000000	0.000000	0.000000	0.000000	0.000000	0.000000	0.000000	88.716760	0.000000	0.000000	0.000000
1764624066.899696827	0.000000	0.000000	0.769040	0.000000	0.000000	0.000000	0.000000	0.000000	0.168646	0.000000	0.000000	0.000000	0.000000	0.000000	0.000000	0.000000	0.000000	0.000000	0.000000	0.000000	88.716760	0.000000	0.000000	0.000000
1764624066.919552803	0.000000	0.000000	0.395670	0.000000	0.000000	0.000000	0.000000	0.000000	0.168646	0.000000	0.000000	0.000000	0.000000	0.000000	0.000000	0.000000	0.000000	0.000000	0.000000	0.000000	88.716760	0.000000	0.000000	0.000000
1764624066.919582367	0.000000	0.000000	0.417539	0.000000	0.000000	0.000000	0.000000	0.000000	0.168646	0.000000	0.000000	0.000000	0.000000	0.000000	0.000000	0.000000	0.000000	0.000000	0.000000	0.000000	88.716760	0.000000	0.000000	0.000000
1764624066.929503918	0.000000	0.000000	0.555502	0.000000	0.000000	0.000000	0.000000	0.000000	0.168646	0.000000	0.000000	0.000000	0.000000	0.000000	0.000000	0.000000	0.000000	0.000000	0.000000	0.000000	88.716760	0.000000	0.000000	0.000000
1764624066.939750195	0.000000	0.000000	0.686391	0.000000	0.000000	0.000000	0.000000	0.000000	0.168646	0.000000	0.000000	0.000000	0.000000	0.000000	0.000000	0.000000	0.000000	0.000000	0.000000	0.000000	88.716760	0.000000	0.000000	0.000000
1764624066.949819088	0.000000	0.000000	0.250493	0.000000	0.000000	0.000000	0.000000	0.000000	0.168646	0.000000	0.000000	0.000000	0.000000	0.000000	0.000000	0.000000	0.000000	0.000000	0.000000	0.000000	88.716760	0.000000	0.000000	0.000000
1764624066.969397306	0.000000	0.000000	0.744369	0.000000	0.000000	0.000000	0.000000	0.000000	0.291689	0.000000	0.000000	0.000000	0.000000	0.000000	0.000000	0.000000	0.000000	0.000000	0.000000	0.000000	88.716760	0.000000	0.000000	0.000000
1764624066.970747709	0.000000	0.000000	0.318824	0.000000	0.000000	0.000000	0.000000	0.000000	0.291689	0.000000	0.000000	0.000000	0.000000	0.000000	0.000000	0.000000	0.000000	0.000000	0.000000	0.000000	88.716760	0.000000	0.000000	0.000000
1764624066.980408430	0.000000	0.000000	0.487769	0.000000	0.000000	0.000000	0.000000	0.000000	0.291689	0.000000	0.000000	0.000000	0.000000	0.000000	0.000000	0.000000	0.000000	0.000000	0.000000	0.000000	88.716760	0.000000	0.000000	0.000000
1764624067.000339270	0.000000	0.000000	0.577400	0.000000	0.000000	0.000000	0.000000	0.000000	0.291689	0.000000	0.000000	0.000000	0.000000	0.000000	0.000000	0.000000	0.000000	0.000000	0.000000	0.000000	88.716760	0.000000	0.000000	0.000000
1764624067.000355959	0.000000	0.000000	0.418998	0.000000	0.000000	0.000000	0.000000	0.000000	0.291689	0.000000	0.000000	0.000000	0.000000	0.000000	0.000000	0.000000	0.000000	0.000000	0.000000	0.000000	88.716760	0.000000	0.000000	0.000000
1764624067.009056330	0.000000	0.000000	0.612229	0.000000	0.000000	0.000000	0.000000	0.000000	0.291689	0.000000	0.000000	0.000000	0.000000	0.000000	0.000000	0.000000	0.000000	0.000000	0.000000	0.000000	88.716760	0.000000	0.000000	0.000000
1764624067.020427704	0.000000	0.000000	0.467196	0.000000	0.000000	0.000000	0.000000	0.000000	0.291689	0.000000	0.000000	0.000000	0.000000	0.000000	0.000000	0.000000	0.000000	0.000000	0.000000	0.000000	88.716760	0.000000	0.000000	0.000000
1764624067.038219213	0.000000	0.000000	0.567422	0.000000	0.000000	0.000000	0.000000	0.000000	0.291689	0.000000	0.000000	0.000000	0.000000	0.000000	0.000000	0.000000	0.000000	0.000000	0.000000	0.000000	88.716760	0.000000	0.000000	0.000000
1764624067.042037010	0.000000	0.000000	0.547850	0.000000	0.000000	0.000000	0.000000	0.000000	0.291689	0.000000	0.000000	0.000000	0.000000	0.000000	0.000000	0.000000	0.000000	0.000000	0.000000	0.000000	88.716760	0.000000	0.000000	0.000000
1764624067.050761700	0.000000	0.000000	0.508533	0.000000	0.000000	0.000000	0.000000	0.000000	0.291689	0.000000	0.000000	0.000000	0.000000	0.000000	0.000000	0.000000	0.000000	0.000000	0.000000	0.000000	88.716760	0.000000	0.000000	0.000000
1764624067.061008930	0.000000	0.000000	0.446473	0.000000	0.000000	0.000000	0.000000	0.000000	0.291689	0.000000	0.000000	0.000000	0.000000	0.000000	0.000000	0.000000	0.000000	0.000000	0.000000	0.000000	88.716760	0.000000	0.000000	0.000000
1764624067.069919109	0.000000	0.000000	0.675842	0.000000	0.000000	0.000000	0.000000	0.000000	0.291689	0.000000	0.000000	0.000000	0.000000	0.000000	0.000000	0.000000	0.000000	0.000000	0.000000	0.000000	88.716760	0.000000	0.000000	0.000000
1764624067.090552092	0.000000	0.000000	0.486418	0.000000	0.000000	0.000000	0.000000	0.000000	0.291689	0.000000	0.000000	0.000000	0.000000	0.000000	0.000000	0.000000	0.000000	0.000000	0.000000	0.000000	88.716760	0.000000	0.000000	0.000000
1764624067.090563297	0.000000	0.000000	0.590203	0.000000	0.000000	0.000000	0.000000	0.000000	0.291689	0.000000	0.000000	0.000000	0.000000	0.000000	0.000000	0.000000	0.000000	0.000000	0.000000	0.000000	88.716760	0.000000	0.000000	0.000000
1764624067.100689173	0.000000	0.000000	0.460133	0.000000	0.000000	0.000000	0.000000	0.000000	0.291689	0.000000	0.000000	0.000000	0.000000	0.000000	0.000000	0.000000	0.000000	0.000000	0.000000	0.000000	88.716760	0.000000	0.000000	0.000000
1764624067.117029428	0.000000	0.000000	0.632672	0.000000	0.000000	0.000000	0.000000	0.000000	0.291689	0.000000	0.000000	0.000000	0.000000	0.000000	0.000000	0.000000	0.000000	0.000000	0.000000	0.000000	88.716760	0.000000	0.000000	0.000000
1764624067.121032238	0.000000	0.000000	0.354709	0.000000	0.000000	0.000000	0.000000	0.000000	0.291689	0.000000	0.000000	0.000000	0.000000	0.000000	0.000000	0.000000	0.000000	0.000000	0.000000	0.000000	88.716760	0.000000	0.000000	0.000000
1764624067.130354404	0.000000	0.000000	0.652397	0.000000	0.000000	0.000000	0.000000	0.000000	0.291689	0.000000	0.000000	0.000000	0.000000	0.000000	0.000000	0.000000	0.000000	0.000000	0.000000	0.000000	88.716760	0.000000	0.000000	0.000000
1764624067.140832424	0.000000	0.000000	0.660545	0.000000	0.000000	0.000000	0.000000	0.000000	0.291689	0.000000	0.000000	0.000000	0.000000	0.000000	0.000000	0.000000	0.000000	0.000000	0.000000	0.000000	88.716760	0.000000	0.000000	0.000000
1764624067.160007238	0.000000	0.000000	0.357334	0.000000	0.000000	0.000000	0.000000	0.000000	0.291689	0.000000	0.000000	0.000000	0.000000	0.000000	0.000000	0.000000	0.000000	0.000000	0.000000	0.000000	88.716760	0.000000	0.000000	0.000000
1764624067.161078215	0.000000	0.000000	0.660006	0.000000	0.000000	0.000000	0.000000	0.000000	0.291689	0.000000	0.000000	0.000000	0.000000	0.000000	0.000000	0.000000	0.000000	0.000000	0.000000	0.000000	88.716760	0.000000	0.000000	0.000000
1764624067.171226263	0.000000	0.000000	0.538047	0.000000	0.000000	0.000000	0.000000	0.000000	0.291689	0.000000	0.000000	0.000000	0.000000	0.000000	0.000000	0.000000	0.000000	0.000000	0.000000	0.000000	88.716760	0.000000	0.000000	0.000000
1764624067.179960728	0.000000	0.000000	0.506879	0.000000	0.000000	0.000000	0.000000	0.000000	0.291689	0.000000	0.000000	0.000000	0.000000	0.000000	0.000000	0.000000	0.000000	0.000000	0.000000	0.000000	88.716760	0.000000	0.000000	0.000000
1764624067.195971966	0.000000	0.000000	0.770402	0.000000	0.000000	0.000000	0.000000	0.000000	0.291689	0.000000	0.000000	0.000000	0.000000	0.000000	0.000000	0.000000	0.000000	0.000000	0.000000	0.000000	88.716760	0.000000	0.000000	0.000000
1764624067.199460983	0.000000	0.000000	0.437228	0.000000	0.000000	0.000000	0.000000	0.000000	0.291689	0.000000	0.000000	0.000000	0.000000	0.000000	0.000000	0.000000	0.000000	0.000000	0.000000	0.000000	88.716760	0.000000	0.000000	0.000000
1764624067.209882498	0.000000	0.000000	0.549533	0.000000	0.000000	0.000000	0.000000	0.000000	0.291689	0.000000	0.000000	0.000000	0.000000	0.000000	0.000000	0.000000	0.000000	0.000000	0.000000	0.000000	88.716760	0.000000	0.000000	0.000000
1764624067.220336676	0.000000	0.000000	0.621004	0.000000	0.000000	0.000000	0.000000	0.000000	0.384209	0.000000	0.000000	0.000000	0.000000	0.000000	0.000000	0.000000	0.000000	0.000000	0.000000	0.000000	88.716760	0.000000	0.000000	0.000000
1764624067.235212803	0.000000	0.000000	0.565720	0.000000	0.000000	0.000000	0.000000	0.000000	0.384209	0.000000	0.000000	0.000000	0.000000	0.000000	0.000000	0.000000	0.000000	0.000000	0.000000	0.000000	88.716760	0.000000	0.000000	0.000000
1764624067.240395308	0.000000	0.000000	0.643620	0.000000	0.000000	0.000000	0.000000	0.000000	0.384209	0.000000	0.000000	0.000000	0.000000	0.000000	0.000000	0.000000	0.000000	0.000000	0.000000	0.000000	88.716760	0.000000	0.000000	0.000000
1764624067.250112295	0.000000	0.000000	0.588831	0.000000	0.000000	0.000000	0.000000	0.000000	0.384209	0.000000	0.000000	0.000000	0.000000	0.000000	0.000000	0.000000	0.000000	0.000000	0.000000	0.000000	88.716760	0.000000	0.000000	0.000000
1764624067.259864569	0.000000	0.000000	0.590161	0.000000	0.000000	0.000000	0.000000	0.000000	0.384209	0.000000	0.000000	0.000000	0.000000	0.000000	0.000000	0.000000	0.000000	0.000000	0.000000	0.000000	88.716760	0.000000	0.000000	0.000000
1764624067.270240068	0.000000	0.000000	0.472427	0.000000	0.000000	0.000000	0.000000	0.000000	0.384209	0.000000	0.000000	0.000000	0.000000	0.000000	0.000000	0.000000	0.000000	0.000000	0.000000	0.000000	88.716760	0.000000	0.000000	0.000000
1764624067.289370060	0.000000	0.000000	0.704737	0.000000	0.000000	0.000000	0.000000	0.000000	0.384209	0.000000	0.000000	0.000000	0.000000	0.000000	0.000000	0.000000	0.000000	0.000000	0.000000	0.000000	88.716760	0.000000	0.000000	0.000000
1764624067.289384842	0.000000	0.000000	0.577314	0.000000	0.000000	0.000000	0.000000	0.000000	0.384209	0.000000	0.000000	0.000000	0.000000	0.000000	0.000000	0.000000	0.000000	0.000000	0.000000	0.000000	88.716760	0.000000	0.000000	0.000000
1764624067.299961805	0.000000	0.000000	0.549757	0.000000	0.000000	0.000000	0.000000	0.000000	0.384209	0.000000	0.000000	0.000000	0.000000	0.000000	0.000000	0.000000	0.000000	0.000000	0.000000	0.000000	88.716760	0.000000	0.000000	0.000000
1764624067.311840296	0.000000	0.000000	0.595865	0.000000	0.000000	0.000000	0.000000	0.000000	0.384209	0.000000	0.000000	0.000000	0.000000	0.000000	0.000000	0.000000	0.000000	0.000000	0.000000	0.000000	88.716760	0.000000	0.000000	0.000000
1764624067.330926180	0.000000	0.000000	0.531687	0.000000	0.000000	0.000000	0.000000	0.000000	0.384209	0.000000	0.000000	0.000000	0.000000	0.000000	0.000000	0.000000	0.000000	0.000000	0.000000	0.000000	88.716760	0.000000	0.000000	0.000000
1764624067.330937147	0.000000	0.000000	0.579934	0.000000	0.000000	0.000000	0.000000	0.000000	0.384209	0.000000	0.000000	0.000000	0.000000	0.000000	0.000000	0.000000	0.000000	0.000000	0.000000	0.000000	88.716760	0.000000	0.000000	0.000000
1764624067.339837551	0.000000	0.000000	0.689118	0.000000	0.000000	0.000000	0.000000	0.000000	0.384209	0.000000	0.000000	0.000000	0.000000	0.000000	0.000000	0.000000	0.000000	0.000000	0.000000	0.000000	88.716760	0.000000	0.000000	0.000000
1764624067.357628345	0.000000	0.000000	0.555570	0.000000	0.000000	0.000000	0.000000	0.000000	0.384209	0.000000	0.000000	0.000000	0.000000	0.000000	0.000000	0.000000	0.000000	0.000000	0.000000	0.000000	88.716760	0.000000	0.000000	0.000000
1764624067.360284090	0.000000	0.000000	0.470120	0.000000	0.000000	0.000000	0.000000	0.000000	0.384209	0.000000	0.000000	0.000000	0.000000	0.000000	0.000000	0.000000	0.000000	0.000000	0.000000	0.000000	88.716760	0.000000	0.000000	0.000000
1764624067.369531870	0.000000	0.000000	0.689057	0.000000	0.000000	0.000000	0.000000	0.000000	0.384209	0.000000	0.000000	0.000000	0.000000	0.000000	0.000000	0.000000	0.000000	0.000000	0.000000	0.000000	88.716760	0.000000	0.000000	0.000000
1764624067.380242825	0.000000	0.000000	0.568431	0.000000	0.000000	0.000000	0.000000	0.000000	0.384209	0.000000	0.000000	0.000000	0.000000	0.000000	0.000000	0.000000	0.000000	0.000000	0.000000	0.000000	88.716760	0.000000	0.000000	0.000000
1764624067.401804209	0.000000	0.000000	0.564725	0.000000	0.000000	0.000000	0.000000	0.000000	0.384209	0.000000	0.000000	0.000000	0.000000	0.000000	0.000000	0.000000	0.000000	0.000000	0.000000	0.000000	88.716760	0.000000	0.000000	0.000000
1764624067.401819944	0.000000	0.000000	0.629732	0.000000	0.000000	0.000000	0.000000	0.000000	0.384209	0.000000	0.000000	0.000000	0.000000	0.000000	0.000000	0.000000	0.000000	0.000000	0.000000	0.000000	88.716760	0.000000	0.000000	0.000000
1764624067.410459757	0.000000	0.000000	0.557182	0.000000	0.000000	0.000000	0.000000	0.000000	0.384209	0.000000	0.000000	0.000000	0.000000	0.000000	0.000000	0.000000	0.000000	0.000000	0.000000	0.000000	88.716760	0.000000	0.000000	0.000000
1764624067.420878410	0.000000	0.000000	0.627861	0.000000	0.000000	0.000000	0.000000	0.000000	0.384209	0.000000	0.000000	0.000000	0.000000	0.000000	0.000000	0.000000	0.000000	0.000000	0.000000	0.000000	88.716760	0.000000	0.000000	0.000000
1764624067.437258959	0.000000	0.000000	0.515152	0.000000	0.000000	0.000000	0.000000	0.000000	0.384209	0.000000	0.000000	0.000000	0.000000	0.000000	0.000000	0.000000	0.000000	0.000000	0.000000	0.000000	88.716760	0.000000	0.000000	0.000000
1764624067.439883947	0.000000	0.000000	0.685691	0.000000	0.000000	0.000000	0.000000	0.000000	0.384209	0.000000	0.000000	0.000000	0.000000	0.000000	0.000000	0.000000	0.000000	0.000000	0.000000	0.000000	88.716760	0.000000	0.000000	0.000000
1764624067.459505796	0.000000	0.000000	0.549631	0.000000	0.000000	0.000000	0.000000	0.000000	0.464782	0.000000	0.000000	0.000000	0.000000	0.000000	0.000000	0.000000	0.000000	0.000000	0.000000	0.000000	88.716760	0.000000	0.000000	0.000000
1764624067.459524870	0.000000	0.000000	0.670950	0.000000	0.000000	0.000000	0.000000	0.000000	0.464782	0.000000	0.000000	0.000000	0.000000	0.000000	0.000000	0.000000	0.000000	0.000000	0.000000	0.000000	88.716760	0.000000	0.000000	0.000000
1764624067.479179382	0.000000	0.000000	0.507890	0.000000	0.000000	0.000000	0.000000	0.000000	0.464782	0.000000	0.000000	0.000000	0.000000	0.000000	0.000000	0.000000	0.000000	0.000000	0.000000	0.000000	88.716760	0.000000	0.000000	0.000000
1764624067.479206800	0.000000	0.000000	0.649238	0.000000	0.000000	0.000000	0.000000	0.000000	0.464782	0.000000	0.000000	0.000000	0.000000	0.000000	0.000000	0.000000	0.000000	0.000000	0.000000	0.000000	88.716760	0.000000	0.000000	0.000000
1764624067.489523888	0.000000	0.000000	0.590934	0.000000	0.000000	0.000000	0.000000	0.000000	0.464782	0.000000	0.000000	0.000000	0.000000	0.000000	0.000000	0.000000	0.000000	0.000000	0.000000	0.000000	88.716760	0.000000	0.000000	0.000000
1764624067.499129295	0.000000	0.000000	0.560803	0.000000	0.000000	0.000000	0.000000	0.000000	0.464782	0.000000	0.000000	0.000000	0.000000	0.000000	0.000000	0.000000	0.000000	0.000000	0.000000	0.000000	88.716760	0.000000	0.000000	0.000000
1764624067.518615723	0.000000	0.000000	0.674554	0.000000	0.000000	0.000000	0.000000	0.000000	0.464782	0.000000	0.000000	0.000000	0.000000	0.000000	0.000000	0.000000	0.000000	0.000000	0.000000	0.000000	88.716760	0.000000	0.000000	0.000000
1764624067.519789219	0.000000	0.000000	0.595024	0.000000	0.000000	0.000000	0.000000	0.000000	0.464782	0.000000	0.000000	0.000000	0.000000	0.000000	0.000000	0.000000	0.000000	0.000000	0.000000	0.000000	88.716760	0.000000	0.000000	0.000000
1764624067.530167580	0.000000	0.000000	0.641670	0.000000	0.000000	0.000000	0.000000	0.000000	0.464782	0.000000	0.000000	0.000000	0.000000	0.000000	0.000000	0.000000	0.000000	0.000000	0.000000	0.000000	88.716760	0.000000	0.000000	0.000000
1764624067.540069342	0.000000	0.000000	0.556636	0.000000	0.000000	0.000000	0.000000	0.000000	0.464782	0.000000	0.000000	0.000000	0.000000	0.000000	0.000000	0.000000	0.000000	0.000000	0.000000	0.000000	88.716760	0.000000	0.000000	0.000000
1764624067.550207853	0.000000	0.000000	0.436711	0.000000	0.000000	0.000000	0.000000	0.000000	0.464782	0.000000	0.000000	0.000000	0.000000	0.000000	0.000000	0.000000	0.000000	0.000000	0.000000	0.000000	88.716760	0.000000	0.000000	0.000000
1764624067.571299553	0.000000	0.000000	0.698288	0.000000	0.000000	0.000000	0.000000	0.000000	0.464782	0.000000	0.000000	0.000000	0.000000	0.000000	0.000000	0.000000	0.000000	0.000000	0.000000	0.000000	88.716760	0.000000	0.000000	0.000000
1764624067.571332216	0.000000	0.000000	0.685195	0.000000	0.000000	0.000000	0.000000	0.000000	0.464782	0.000000	0.000000	0.000000	0.000000	0.000000	0.000000	0.000000	0.000000	0.000000	0.000000	0.000000	88.716760	0.000000	0.000000	0.000000
1764624067.582240105	0.000000	0.000000	0.412420	0.000000	0.000000	0.000000	0.000000	0.000000	0.464782	0.000000	0.000000	0.000000	0.000000	0.000000	0.000000	0.000000	0.000000	0.000000	0.000000	0.000000	88.716760	0.000000	0.000000	0.000000
1764624067.589529991	0.000000	0.000000	0.624123	0.000000	0.000000	0.000000	0.000000	0.000000	0.464782	0.000000	0.000000	0.000000	0.000000	0.000000	0.000000	0.000000	0.000000	0.000000	0.000000	0.000000	88.716760	0.000000	0.000000	0.000000
1764624067.610946178	0.000000	0.000000	0.706006	0.000000	0.000000	0.000000	0.000000	0.000000	0.464782	0.000000	0.000000	0.000000	0.000000	0.000000	0.000000	0.000000	0.000000	0.000000	0.000000	0.000000	88.716760	0.000000	0.000000	0.000000
1764624067.610963821	0.000000	0.000000	0.420810	0.000000	0.000000	0.000000	0.000000	0.000000	0.464782	0.000000	0.000000	0.000000	0.000000	0.000000	0.000000	0.000000	0.000000	0.000000	0.000000	0.000000	88.716760	0.000000	0.000000	0.000000
1764624067.619999170	0.000000	0.000000	0.577765	0.000000	0.000000	0.000000	0.000000	0.000000	0.464782	0.000000	0.000000	0.000000	0.000000	0.000000	0.000000	0.000000	0.000000	0.000000	0.000000	0.000000	88.716760	0.000000	0.000000	0.000000
1764624067.636729002	0.000000	0.000000	0.728777	0.000000	0.000000	0.000000	0.000000	0.000000	0.464782	0.000000	0.000000	0.000000	0.000000	0.000000	0.000000	0.000000	0.000000	0.000000	0.000000	0.000000	88.716760	0.000000	0.000000	0.000000
1764624067.639861822	0.000000	0.000000	0.396944	0.000000	0.000000	0.000000	0.000000	0.000000	0.464782	0.000000	0.000000	0.000000	0.000000	0.000000	0.000000	0.000000	0.000000	0.000000	0.000000	0.000000	88.716760	0.000000	0.000000	0.000000
1764624067.650103331	0.000000	0.000000	0.558960	0.000000	0.000000	0.000000	0.000000	0.000000	0.464782	0.000000	0.000000	0.000000	0.000000	0.000000	0.000000	0.000000	0.000000	0.000000	0.000000	0.000000	88.716760	0.000000	0.000000	0.000000
1764624067.660226822	0.000000	0.000000	0.697465	0.000000	0.000000	0.000000	0.000000	0.000000	0.464782	0.000000	0.000000	0.000000	0.000000	0.000000	0.000000	0.000000	0.000000	0.000000	0.000000	0.000000	88.716760	0.000000	0.000000	0.000000
1764624067.677330017	0.000000	0.000000	0.461746	0.000000	0.000000	0.000000	0.000000	0.000000	0.464782	0.000000	0.000000	0.000000	0.000000	0.000000	0.000000	0.000000	0.000000	0.000000	0.000000	0.000000	88.716760	0.000000	0.000000	0.000000
1764624067.679611683	0.000000	0.000000	0.582315	0.000000	0.000000	0.000000	0.000000	0.000000	0.464782	0.000000	0.000000	0.000000	0.000000	0.000000	0.000000	0.000000	0.000000	0.000000	0.000000	0.000000	88.716760	0.000000	0.000000	0.000000
1764624067.689409494	0.000000	0.000000	0.611188	0.000000	0.000000	0.000000	0.000000	0.000000	0.464782	0.000000	0.000000	0.000000	0.000000	0.000000	0.000000	0.000000	0.000000	0.000000	0.000000	0.000000	88.716760	0.000000	0.000000	0.000000
1764624067.699996948	0.000000	0.000000	0.443751	0.000000	0.000000	0.000000	0.000000	0.000000	0.464782	0.000000	0.000000	0.000000	0.000000	0.000000	0.000000	0.000000	0.000000	0.000000	0.000000	0.000000	88.716760	0.000000	0.000000	0.000000
1764624067.710152864	0.000000	0.000000	0.568007	0.000000	0.000000	0.000000	0.000000	0.000000	0.464782	0.000000	0.000000	0.000000	0.000000	0.000000	0.000000	0.000000	0.000000	0.000000	0.000000	0.000000	88.716760	0.000000	0.000000	0.000000
1764624067.731610298	0.000000	0.000000	0.566380	0.000000	0.000000	0.000000	0.000000	0.000000	0.507234	0.000000	0.000000	0.000000	0.000000	0.000000	0.000000	0.000000	0.000000	0.000000	0.000000	0.000000	88.716760	0.000000	0.000000	0.000000
1764624067.731637239	0.000000	0.000000	0.523615	0.000000	0.000000	0.000000	0.000000	0.000000	0.507234	0.000000	0.000000	0.000000	0.000000	0.000000	0.000000	0.000000	0.000000	0.000000	0.000000	0.000000	88.716760	0.000000	0.000000	0.000000
1764624067.739646435	0.000000	0.000000	0.431974	0.000000	0.000000	0.000000	0.000000	0.000000	0.507234	0.000000	0.000000	0.000000	0.000000	0.000000	0.000000	0.000000	0.000000	0.000000	0.000000	0.000000	88.716760	0.000000	0.000000	0.000000
1764624067.757336140	0.000000	0.000000	0.734290	0.000000	0.000000	0.000000	0.000000	0.000000	0.507234	0.000000	0.000000	0.000000	0.000000	0.000000	0.000000	0.000000	0.000000	0.000000	0.000000	0.000000	88.716760	0.000000	0.000000	0.000000
1764624067.759921312	0.000000	0.000000	0.375645	0.000000	0.000000	0.000000	0.000000	0.000000	0.507234	0.000000	0.000000	0.000000	0.000000	0.000000	0.000000	0.000000	0.000000	0.000000	0.000000	0.000000	88.716760	0.000000	0.000000	0.000000
1764624067.770712852	0.000000	0.000000	0.395190	0.000000	0.000000	0.000000	0.000000	0.000000	0.507234	0.000000	0.000000	0.000000	0.000000	0.000000	0.000000	0.000000	0.000000	0.000000	0.000000	0.000000	88.716760	0.000000	0.000000	0.000000
1764624067.780066490	0.000000	0.000000	0.688284	0.000000	0.000000	0.000000	0.000000	0.000000	0.507234	0.000000	0.000000	0.000000	0.000000	0.000000	0.000000	0.000000	0.000000	0.000000	0.000000	0.000000	88.716760	0.000000	0.000000	0.000000
1764624067.791810513	0.000000	0.000000	0.434251	0.000000	0.000000	0.000000	0.000000	0.000000	0.507234	0.000000	0.000000	0.000000	0.000000	0.000000	0.000000	0.000000	0.000000	0.000000	0.000000	0.000000	88.716760	0.000000	0.000000	0.000000
1764624067.809405565	0.000000	0.000000	0.438110	0.000000	0.000000	0.000000	0.000000	0.000000	0.507234	0.000000	0.000000	0.000000	0.000000	0.000000	0.000000	0.000000	0.000000	0.000000	0.000000	0.000000	88.716760	0.000000	0.000000	0.000000
1764624067.809418440	0.000000	0.000000	0.648273	0.000000	0.000000	0.000000	0.000000	0.000000	0.507234	0.000000	0.000000	0.000000	0.000000	0.000000	0.000000	0.000000	0.000000	0.000000	0.000000	0.000000	88.716760	0.000000	0.000000	0.000000
1764624067.819789171	0.000000	0.000000	0.436865	0.000000	0.000000	0.000000	0.000000	0.000000	0.507234	0.000000	0.000000	0.000000	0.000000	0.000000	0.000000	0.000000	0.000000	0.000000	0.000000	0.000000	88.716760	0.000000	0.000000	0.000000
1764624067.840679884	0.000000	0.000000	0.304791	0.000000	0.000000	0.000000	0.000000	0.000000	0.507234	0.000000	0.000000	0.000000	0.000000	0.000000	0.000000	0.000000	0.000000	0.000000	0.000000	0.000000	88.716760	0.000000	0.000000	0.000000
1764624067.842429638	0.000000	0.000000	0.706521	0.000000	0.000000	0.000000	0.000000	0.000000	0.507234	0.000000	0.000000	0.000000	0.000000	0.000000	0.000000	0.000000	0.000000	0.000000	0.000000	0.000000	88.716760	0.000000	0.000000	0.000000
1764624067.849897146	0.000000	0.000000	0.300498	0.000000	0.000000	0.000000	0.000000	0.000000	0.507234	0.000000	0.000000	0.000000	0.000000	0.000000	0.000000	0.000000	0.000000	0.000000	0.000000	0.000000	88.716760	0.000000	0.000000	0.000000
1764624067.860187054	0.000000	0.000000	0.407594	0.000000	0.000000	0.000000	0.000000	0.000000	0.507234	0.000000	0.000000	0.000000	0.000000	0.000000	0.000000	0.000000	0.000000	0.000000	0.000000	0.000000	88.716760	0.000000	0.000000	0.000000
1764624067.869907379	0.000000	0.000000	0.579149	0.000000	0.000000	0.000000	0.000000	0.000000	0.507234	0.000000	0.000000	0.000000	0.000000	0.000000	0.000000	0.000000	0.000000	0.000000	0.000000	0.000000	88.716760	0.000000	0.000000	0.000000
1764624067.889333725	0.000000	0.000000	0.400094	0.000000	0.000000	0.000000	0.000000	0.000000	0.507234	0.000000	0.000000	0.000000	0.000000	0.000000	0.000000	0.000000	0.000000	0.000000	0.000000	0.000000	88.716760	0.000000	0.000000	0.000000
1764624067.891019821	0.000000	0.000000	0.356627	0.000000	0.000000	0.000000	0.000000	0.000000	0.507234	0.000000	0.000000	0.000000	0.000000	0.000000	0.000000	0.000000	0.000000	0.000000	0.000000	0.000000	88.716760	0.000000	0.000000	0.000000
1764624067.899426222	0.000000	0.000000	0.649972	0.000000	0.000000	0.000000	0.000000	0.000000	0.507234	0.000000	0.000000	0.000000	0.000000	0.000000	0.000000	0.000000	0.000000	0.000000	0.000000	0.000000	88.716760	0.000000	0.000000	0.000000
1764624067.910096169	0.000000	0.000000	0.433402	0.000000	0.000000	0.000000	0.000000	0.000000	0.507234	0.000000	0.000000	0.000000	0.000000	0.000000	0.000000	0.000000	0.000000	0.000000	0.000000	0.000000	88.716760	0.000000	0.000000	0.000000
1764624067.929057837	0.000000	0.000000	0.256432	0.000000	0.000000	0.000000	0.000000	0.000000	0.507234	0.000000	0.000000	0.000000	0.000000	0.000000	0.000000	0.000000	0.000000	0.000000	0.000000	0.000000	88.716760	0.000000	0.000000	0.000000
1764624067.931176662	0.000000	0.000000	0.686596	0.000000	0.000000	0.000000	0.000000	0.000000	0.507234	0.000000	0.000000	0.000000	0.000000	0.000000	0.000000	0.000000	0.000000	0.000000	0.000000	0.000000	88.716760	0.000000	0.000000	0.000000
1764624067.939822674	0.000000	0.000000	0.191275	0.000000	0.000000	0.000000	0.000000	0.000000	0.507234	0.000000	0.000000	0.000000	0.000000	0.000000	0.000000	0.000000	0.000000	0.000000	0.000000	0.000000	88.716760	0.000000	0.000000	0.000000
1764624067.949959993	0.000000	0.000000	0.354475	0.000000	0.000000	0.000000	0.000000	0.000000	0.507234	0.000000	0.000000	0.000000	0.000000	0.000000	0.000000	0.000000	0.000000	0.000000	0.000000	0.000000	88.716760	0.000000	0.000000	0.000000
1764624067.960009813	0.000000	0.000000	0.720552	0.000000	0.000000	0.000000	0.000000	0.000000	0.507234	0.000000	0.000000	0.000000	0.000000	0.000000	0.000000	0.000000	0.000000	0.000000	0.000000	0.000000	88.716760	0.000000	0.000000	0.000000
1764624067.970503330	0.000000	0.000000	0.245101	0.000000	0.000000	0.000000	0.000000	0.000000	0.537380	0.000000	0.000000	0.000000	0.000000	0.000000	0.000000	0.000000	0.000000	0.000000	0.000000	0.000000	88.716760	0.000000	0.000000	0.000000
1764624067.980628729	0.000000	0.000000	0.415223	0.000000	0.000000	0.000000	0.000000	0.000000	0.537380	0.000000	0.000000	0.000000	0.000000	0.000000	0.000000	0.000000	0.000000	0.000000	0.000000	0.000000	88.716760	0.000000	0.000000	0.000000
1764624067.989353418	0.000000	0.000000	0.624569	0.000000	0.000000	0.000000	0.000000	0.000000	0.537380	0.000000	0.000000	0.000000	0.000000	0.000000	0.000000	0.000000	0.000000	0.000000	0.000000	0.000000	88.716760	0.000000	0.000000	0.000000
1764624068.009816170	0.000000	0.000000	0.295571	0.000000	0.000000	0.000000	0.000000	0.000000	0.537380	0.000000	0.000000	0.000000	0.000000	0.000000	0.000000	0.000000	0.000000	0.000000	0.000000	0.000000	88.716760	0.000000	0.000000	0.000000
1764624068.011194468	0.000000	0.000000	0.248769	0.000000	0.000000	0.000000	0.000000	0.000000	0.537380	0.000000	0.000000	0.000000	0.000000	0.000000	0.000000	0.000000	0.000000	0.000000	0.000000	0.000000	88.716760	0.000000	0.000000	0.000000
1764624068.020182371	0.000000	0.000000	0.547883	0.000000	0.000000	0.000000	0.000000	0.000000	0.537380	0.000000	0.000000	0.000000	0.000000	0.000000	0.000000	0.000000	0.000000	0.000000	0.000000	0.000000	88.716760	0.000000	0.000000	0.000000
1764624068.040159225	0.000000	0.000000	0.297566	0.000000	0.000000	0.000000	0.000000	0.000000	0.537380	0.000000	0.000000	0.000000	0.000000	0.000000	0.000000	0.000000	0.000000	0.000000	0.000000	0.000000	88.716760	0.000000	0.000000	0.000000
1764624068.040173054	0.000000	0.000000	0.272753	0.000000	0.000000	0.000000	0.000000	0.000000	0.537380	0.000000	0.000000	0.000000	0.000000	0.000000	0.000000	0.000000	0.000000	0.000000	0.000000	0.000000	88.716760	0.000000	0.000000	0.000000
1764624068.050959110	0.000000	0.000000	0.532526	0.000000	0.000000	0.000000	0.000000	0.000000	0.537380	0.000000	0.000000	0.000000	0.000000	0.000000	0.000000	0.000000	0.000000	0.000000	0.000000	0.000000	88.716760	0.000000	0.000000	0.000000
1764624068.060556412	0.000000	0.000000	0.274716	0.000000	0.000000	0.000000	0.000000	0.000000	0.537380	0.000000	0.000000	0.000000	0.000000	0.000000	0.000000	0.000000	0.000000	0.000000	0.000000	0.000000	88.716760	0.000000	0.000000	0.000000
1764624068.070792198	0.000000	0.000000	0.382825	0.000000	0.000000	0.000000	0.000000	0.000000	0.537380	0.000000	0.000000	0.000000	0.000000	0.000000	0.000000	0.000000	0.000000	0.000000	0.000000	0.000000	88.716760	0.000000	0.000000	0.000000
1764624068.088151455	0.000000	0.000000	0.456101	0.000000	0.000000	0.000000	0.000000	0.000000	0.537380	0.000000	0.000000	0.000000	0.000000	0.000000	0.000000	0.000000	0.000000	0.000000	0.000000	0.000000	88.716760	0.000000	0.000000	0.000000
1764624068.090832710	0.000000	0.000000	0.319749	0.000000	0.000000	0.000000	0.000000	0.000000	0.537380	0.000000	0.000000	0.000000	0.000000	0.000000	0.000000	0.000000	0.000000	0.000000	0.000000	0.000000	88.716760	0.000000	0.000000	0.000000
1764624068.099679232	0.000000	0.000000	0.148955	0.000000	0.000000	0.000000	0.000000	0.000000	0.537380	0.000000	0.000000	0.000000	0.000000	0.000000	0.000000	0.000000	0.000000	0.000000	0.000000	0.000000	88.716760	0.000000	0.000000	0.000000
1764624068.110629559	0.000000	0.000000	0.469436	0.000000	0.000000	0.000000	0.000000	0.000000	0.537380	0.000000	0.000000	0.000000	0.000000	0.000000	0.000000	0.000000	0.000000	0.000000	0.000000	0.000000	88.716760	0.000000	0.000000	0.000000
1764624068.132442713	0.000000	0.000000	0.247040	0.000000	0.000000	0.000000	0.000000	0.000000	0.537380	0.000000	0.000000	0.000000	0.000000	0.000000	0.000000	0.000000	0.000000	0.000000	0.000000	0.000000	88.716760	0.000000	0.000000	0.000000
1764624068.132466555	0.000000	0.000000	0.272881	0.000000	0.000000	0.000000	0.000000	0.000000	0.537380	0.000000	0.000000	0.000000	0.000000	0.000000	0.000000	0.000000	0.000000	0.000000	0.000000	0.000000	88.716760	0.000000	0.000000	0.000000
1764624068.140472412	0.000000	0.000000	0.472567	0.000000	0.000000	0.000000	0.000000	0.000000	0.537380	0.000000	0.000000	0.000000	0.000000	0.000000	0.000000	0.000000	0.000000	0.000000	0.000000	0.000000	88.716760	0.000000	0.000000	0.000000
1764624068.150480509	0.000000	0.000000	0.272913	0.000000	0.000000	0.000000	0.000000	0.000000	0.537380	0.000000	0.000000	0.000000	0.000000	0.000000	0.000000	0.000000	0.000000	0.000000	0.000000	0.000000	88.716760	0.000000	0.000000	0.000000
1764624068.163435936	0.000000	0.000000	0.380541	0.000000	0.000000	0.000000	0.000000	0.000000	0.537380	0.000000	0.000000	0.000000	0.000000	0.000000	0.000000	0.000000	0.000000	0.000000	0.000000	0.000000	88.716760	0.000000	0.000000	0.000000
1764624068.171772480	0.000000	0.000000	0.323112	0.000000	0.000000	0.000000	0.000000	0.000000	0.537380	0.000000	0.000000	0.000000	0.000000	0.000000	0.000000	0.000000	0.000000	0.000000	0.000000	0.000000	88.716760	0.000000	0.000000	0.000000
1764624068.180685282	0.000000	0.000000	0.211543	0.000000	0.000000	0.000000	0.000000	0.000000	0.537380	0.000000	0.000000	0.000000	0.000000	0.000000	0.000000	0.000000	0.000000	0.000000	0.000000	0.000000	88.716760	0.000000	0.000000	0.000000
1764624068.190150023	0.000000	0.000000	0.309369	0.000000	0.000000	0.000000	0.000000	0.000000	0.537380	0.000000	0.000000	0.000000	0.000000	0.000000	0.000000	0.000000	0.000000	0.000000	0.000000	0.000000	88.716760	0.000000	0.000000	0.000000
1764624068.210298538	0.000000	0.000000	0.321182	0.000000	0.000000	0.000000	0.000000	0.000000	0.537380	0.000000	0.000000	0.000000	0.000000	0.000000	0.000000	0.000000	0.000000	0.000000	0.000000	0.000000	88.716760	0.000000	0.000000	0.000000
1764624068.211728573	0.000000	0.000000	0.414971	0.000000	0.000000	0.000000	0.000000	0.000000	0.580928	0.000000	0.000000	0.000000	0.000000	0.000000	0.000000	0.000000	0.000000	0.000000	0.000000	0.000000	88.716760	0.000000	0.000000	0.000000
1764624068.220186234	0.000000	0.000000	0.122701	0.000000	0.000000	0.000000	0.000000	0.000000	0.580928	0.000000	0.000000	0.000000	0.000000	0.000000	0.000000	0.000000	0.000000	0.000000	0.000000	0.000000	88.716760	0.000000	0.000000	0.000000
1764624068.229560137	0.000000	0.000000	0.318976	0.000000	0.000000	0.000000	0.000000	0.000000	0.580928	0.000000	0.000000	0.000000	0.000000	0.000000	0.000000	0.000000	0.000000	0.000000	0.000000	0.000000	88.716760	0.000000	0.000000	0.000000
1764624068.249054670	0.000000	0.000000	0.383727	0.000000	0.000000	0.000000	0.000000	0.000000	0.580928	0.000000	0.000000	0.000000	0.000000	0.000000	0.000000	0.000000	0.000000	0.000000	0.000000	0.000000	88.716760	0.000000	0.000000	0.000000
1764624068.249081612	0.000000	0.000000	0.264700	0.000000	0.000000	0.000000	0.000000	0.000000	0.580928	0.000000	0.000000	0.000000	0.000000	0.000000	0.000000	0.000000	0.000000	0.000000	0.000000	0.000000	88.716760	0.000000	0.000000	0.000000
1764624068.260000706	0.000000	0.000000	0.237779	0.000000	0.000000	0.000000	0.000000	0.000000	0.580928	0.000000	0.000000	0.000000	0.000000	0.000000	0.000000	0.000000	0.000000	0.000000	0.000000	0.000000	88.716760	0.000000	0.000000	0.000000
1764624068.270109177	0.000000	0.000000	0.420751	0.000000	0.000000	0.000000	0.000000	0.000000	0.580928	0.000000	0.000000	0.000000	0.000000	0.000000	0.000000	0.000000	0.000000	0.000000	0.000000	0.000000	88.716760	0.000000	0.000000	0.000000
1764624068.289783001	0.000000	0.000000	0.177313	0.000000	0.000000	0.000000	0.000000	0.000000	0.580928	0.000000	0.000000	0.000000	0.000000	0.000000	0.000000	0.000000	0.000000	0.000000	0.000000	0.000000	88.716760	0.000000	0.000000	0.000000
1764624068.289791346	0.000000	0.000000	0.156746	0.000000	0.000000	0.000000	0.000000	0.000000	0.580928	0.000000	0.000000	0.000000	0.000000	0.000000	0.000000	0.000000	0.000000	0.000000	0.000000	0.000000	88.716760	0.000000	0.000000	0.000000
1764624068.298939466	0.000000	0.000000	0.461465	0.000000	0.000000	0.000000	0.000000	0.000000	0.580928	0.000000	0.000000	0.000000	0.000000	0.000000	0.000000	0.000000	0.000000	0.000000	0.000000	0.000000	88.716760	0.000000	0.000000	0.000000
1764624068.319913864	0.000000	0.000000	0.129785	0.000000	0.000000	0.000000	0.000000	0.000000	0.580928	0.000000	0.000000	0.000000	0.000000	0.000000	0.000000	0.000000	0.000000	0.000000	0.000000	0.000000	88.716760	0.000000	0.000000	0.000000
1764624068.321485519	0.000000	0.000000	0.175130	0.000000	0.000000	0.000000	0.000000	0.000000	0.580928	0.000000	0.000000	0.000000	0.000000	0.000000	0.000000	0.000000	0.000000	0.000000	0.000000	0.000000	88.716760	0.000000	0.000000	0.000000
1764624068.332109451	0.000000	0.000000	0.337070	0.000000	0.000000	0.000000	0.000000	0.000000	0.580928	0.000000	0.000000	0.000000	0.000000	0.000000	0.000000	0.000000	0.000000	0.000000	0.000000	0.000000	88.716760	0.000000	0.000000	0.000000
1764624068.339321852	0.000000	0.000000	0.286637	0.000000	0.000000	0.000000	0.000000	0.000000	0.580928	0.000000	0.000000	0.000000	0.000000	0.000000	0.000000	0.000000	0.000000	0.000000	0.000000	0.000000	88.716760	0.000000	0.000000	0.000000
1764624068.349584579	0.000000	0.000000	0.156154	0.000000	0.000000	0.000000	0.000000	0.000000	0.580928	0.000000	0.000000	0.000000	0.000000	0.000000	0.000000	0.000000	0.000000	0.000000	0.000000	0.000000	88.716760	0.000000	0.000000	0.000000
1764624068.370088577	0.000000	0.000000	0.511516	0.000000	0.000000	0.000000	0.000000	0.000000	0.580928	0.000000	0.000000	0.000000	0.000000	0.000000	0.000000	0.000000	0.000000	0.000000	0.000000	0.000000	88.716760	0.000000	0.000000	0.000000
1764624068.371967554	0.000000	0.000000	-0.029999	0.000000	0.000000	0.000000	0.000000	0.000000	0.580928	0.000000	0.000000	0.000000	0.000000	0.000000	0.000000	0.000000	0.000000	0.000000	0.000000	0.000000	88.716760	0.000000	0.000000	0.000000
1764624068.380094051	0.000000	0.000000	0.373542	0.000000	0.000000	0.000000	0.000000	0.000000	0.580928	0.000000	0.000000	0.000000	0.000000	0.000000	0.000000	0.000000	0.000000	0.000000	0.000000	0.000000	88.716760	0.000000	0.000000	0.000000
1764624068.400490999	0.000000	0.000000	0.220018	0.000000	0.000000	0.000000	0.000000	0.000000	0.580928	0.000000	0.000000	0.000000	0.000000	0.000000	0.000000	0.000000	0.000000	0.000000	0.000000	0.000000	88.716760	0.000000	0.000000	0.000000
1764624068.400504827	0.000000	0.000000	0.151641	0.000000	0.000000	0.000000	0.000000	0.000000	0.580928	0.000000	0.000000	0.000000	0.000000	0.000000	0.000000	0.000000	0.000000	0.000000	0.000000	0.000000	88.716760	0.000000	0.000000	0.000000
1764624068.409898043	0.000000	0.000000	0.244359	0.000000	0.000000	0.000000	0.000000	0.000000	0.580928	0.000000	0.000000	0.000000	0.000000	0.000000	0.000000	0.000000	0.000000	0.000000	0.000000	0.000000	88.716760	0.000000	0.000000	0.000000
1764624068.419812441	0.000000	0.000000	0.229741	0.000000	0.000000	0.000000	0.000000	0.000000	0.580928	0.000000	0.000000	0.000000	0.000000	0.000000	0.000000	0.000000	0.000000	0.000000	0.000000	0.000000	88.716760	0.000000	0.000000	0.000000
1764624068.430080414	0.000000	0.000000	0.298409	0.000000	0.000000	0.000000	0.000000	0.000000	0.580928	0.000000	0.000000	0.000000	0.000000	0.000000	0.000000	0.000000	0.000000	0.000000	0.000000	0.000000	88.716760	0.000000	0.000000	0.000000
1764624068.449173212	0.000000	0.000000	0.088509	0.000000	0.000000	0.000000	0.000000	0.000000	0.580928	0.000000	0.000000	0.000000	0.000000	0.000000	0.000000	0.000000	0.000000	0.000000	0.000000	0.000000	88.716760	0.000000	0.000000	0.000000
1764624068.450776577	0.000000	0.000000	0.444127	0.000000	0.000000	0.000000	0.000000	0.000000	0.580928	0.000000	0.000000	0.000000	0.000000	0.000000	0.000000	0.000000	0.000000	0.000000	0.000000	0.000000	88.716760	0.000000	0.000000	0.000000
1764624068.460357904	0.000000	0.000000	-0.120848	0.000000	0.000000	0.000000	0.000000	0.000000	0.604694	0.000000	0.000000	0.000000	0.000000	0.000000	0.000000	0.000000	0.000000	0.000000	0.000000	0.000000	88.716760	0.000000	0.000000	0.000000
1764624068.479696512	0.000000	0.000000	0.245344	0.000000	0.000000	0.000000	0.000000	0.000000	0.604694	0.000000	0.000000	0.000000	0.000000	0.000000	0.000000	0.000000	0.000000	0.000000	0.000000	0.000000	88.716760	0.000000	0.000000	0.000000
1764624068.479724407	0.000000	0.000000	0.382138	0.000000	0.000000	0.000000	0.000000	0.000000	0.604694	0.000000	0.000000	0.000000	0.000000	0.000000	0.000000	0.000000	0.000000	0.000000	0.000000	0.000000	88.716760	0.000000	0.000000	0.000000
1764624068.489909410	0.000000	0.000000	0.118490	0.000000	0.000000	0.000000	0.000000	0.000000	0.604694	0.000000	0.000000	0.000000	0.000000	0.000000	0.000000	0.000000	0.000000	0.000000	0.000000	0.000000	88.716760	0.000000	0.000000	0.000000
1764624068.499671459	0.000000	0.000000	0.045264	0.000000	0.000000	0.000000	0.000000	0.000000	0.604694	0.000000	0.000000	0.000000	0.000000	0.000000	0.000000	0.000000	0.000000	0.000000	0.000000	0.000000	88.716760	0.000000	0.000000	0.000000
1764624068.518208981	0.000000	0.000000	0.409678	0.000000	0.000000	0.000000	0.000000	0.000000	0.604694	0.000000	0.000000	0.000000	0.000000	0.000000	0.000000	0.000000	0.000000	0.000000	0.000000	0.000000	88.716760	0.000000	0.000000	0.000000
1764624068.525889874	0.000000	0.000000	0.024775	0.000000	0.000000	0.000000	0.000000	0.000000	0.604694	0.000000	0.000000	0.000000	0.000000	0.000000	0.000000	0.000000	0.000000	0.000000	0.000000	0.000000	88.716760	0.000000	0.000000	0.000000
1764624068.529860973	0.000000	0.000000	0.159309	0.000000	0.000000	0.000000	0.000000	0.000000	0.604694	0.000000	0.000000	0.000000	0.000000	0.000000	0.000000	0.000000	0.000000	0.000000	0.000000	0.000000	88.716760	0.000000	0.000000	0.000000
1764624068.539669037	0.000000	0.000000	0.396672	0.000000	0.000000	0.000000	0.000000	0.000000	0.604694	0.000000	0.000000	0.000000	0.000000	0.000000	0.000000	0.000000	0.000000	0.000000	0.000000	0.000000	88.716760	0.000000	0.000000	0.000000
1764624068.549902916	0.000000	0.000000	0.087010	0.000000	0.000000	0.000000	0.000000	0.000000	0.604694	0.000000	0.000000	0.000000	0.000000	0.000000	0.000000	0.000000	0.000000	0.000000	0.000000	0.000000	88.716760	0.000000	0.000000	0.000000
1764624068.571535587	0.000000	0.000000	0.101135	0.000000	0.000000	0.000000	0.000000	0.000000	0.604694	0.000000	0.000000	0.000000	0.000000	0.000000	0.000000	0.000000	0.000000	0.000000	0.000000	0.000000	88.716760	0.000000	0.000000	0.000000
1764624068.572878599	0.000000	0.000000	0.350882	0.000000	0.000000	0.000000	0.000000	0.000000	0.604694	0.000000	0.000000	0.000000	0.000000	0.000000	0.000000	0.000000	0.000000	0.000000	0.000000	0.000000	88.716760	0.000000	0.000000	0.000000
1764624068.580492496	0.000000	0.000000	0.241931	0.000000	0.000000	0.000000	0.000000	0.000000	0.604694	0.000000	0.000000	0.000000	0.000000	0.000000	0.000000	0.000000	0.000000	0.000000	0.000000	0.000000	88.716760	0.000000	0.000000	0.000000
1764624068.589814663	0.000000	0.000000	0.023580	0.000000	0.000000	0.000000	0.000000	0.000000	0.604694	0.000000	0.000000	0.000000	0.000000	0.000000	0.000000	0.000000	0.000000	0.000000	0.000000	0.000000	88.716760	0.000000	0.000000	0.000000
1764624068.599808455	0.000000	0.000000	0.343107	0.000000	0.000000	0.000000	0.000000	0.000000	0.604694	0.000000	0.000000	0.000000	0.000000	0.000000	0.000000	0.000000	0.000000	0.000000	0.000000	0.000000	88.716760	0.000000	0.000000	0.000000
1764624068.615082979	0.000000	0.000000	0.127707	0.000000	0.000000	0.000000	0.000000	0.000000	0.604694	0.000000	0.000000	0.000000	0.000000	0.000000	0.000000	0.000000	0.000000	0.000000	0.000000	0.000000	88.716760	0.000000	0.000000	0.000000
1764624068.619404793	0.000000	0.000000	-0.056154	0.000000	0.000000	0.000000	0.000000	0.000000	0.604694	0.000000	0.000000	0.000000	0.000000	0.000000	0.000000	0.000000	0.000000	0.000000	0.000000	0.000000	88.716760	0.000000	0.000000	0.000000
1764624068.637119293	0.000000	0.000000	0.432407	0.000000	0.000000	0.000000	0.000000	0.000000	0.604694	0.000000	0.000000	0.000000	0.000000	0.000000	0.000000	0.000000	0.000000	0.000000	0.000000	0.000000	88.716760	0.000000	0.000000	0.000000
1764624068.640093088	0.000000	0.000000	0.107062	0.000000	0.000000	0.000000	0.000000	0.000000	0.604694	0.000000	0.000000	0.000000	0.000000	0.000000	0.000000	0.000000	0.000000	0.000000	0.000000	0.000000	88.716760	0.000000	0.000000	0.000000
1764624068.650462389	0.000000	0.000000	0.008300	0.000000	0.000000	0.000000	0.000000	0.000000	0.604694	0.000000	0.000000	0.000000	0.000000	0.000000	0.000000	0.000000	0.000000	0.000000	0.000000	0.000000	88.716760	0.000000	0.000000	0.000000
1764624068.659828663	0.000000	0.000000	0.223596	0.000000	0.000000	0.000000	0.000000	0.000000	0.604694	0.000000	0.000000	0.000000	0.000000	0.000000	0.000000	0.000000	0.000000	0.000000	0.000000	0.000000	88.716760	0.000000	0.000000	0.000000
1764624068.679471254	0.000000	0.000000	0.217636	0.000000	0.000000	0.000000	0.000000	0.000000	0.604694	0.000000	0.000000	0.000000	0.000000	0.000000	0.000000	0.000000	0.000000	0.000000	0.000000	0.000000	0.000000	0.000000	0.000000	0.000000
1764624068.681543112	0.000000	0.000000	0.117817	0.000000	0.000000	0.000000	0.000000	0.000000	0.604694	0.000000	0.000000	0.000000	0.000000	0.000000	0.000000	0.000000	0.000000	0.000000	0.000000	0.000000	0.000000	0.000000	0.000000	0.000000
1764624068.689807177	0.000000	0.000000	0.209959	0.000000	0.000000	0.000000	0.000000	0.000000	0.604694	0.000000	0.000000	0.000000	0.000000	0.000000	0.000000	0.000000	0.000000	0.000000	0.000000	0.000000	0.000000	0.000000	0.000000	0.000000
1764624068.699502945	0.000000	0.000000	0.206613	0.000000	0.000000	0.000000	0.000000	0.000000	0.604694	0.000000	0.000000	0.000000	0.000000	0.000000	0.000000	0.000000	0.000000	0.000000	0.000000	0.000000	0.000000	0.000000	0.000000	0.000000
1764624068.709959269	0.000000	0.000000	-0.119785	0.000000	0.000000	0.000000	0.000000	0.000000	0.604694	0.000000	0.000000	0.000000	0.000000	0.000000	0.000000	0.000000	0.000000	0.000000	0.000000	0.000000	0.000000	0.000000	0.000000	0.000000
1764624068.732245445	0.000000	0.000000	0.355697	0.000000	0.000000	0.000000	0.000000	0.000000	0.600871	0.000000	0.000000	0.000000	0.000000	0.000000	0.000000	0.000000	0.000000	0.000000	0.000000	0.000000	0.000000	0.000000	0.000000	0.000000
1764624068.732254982	0.000000	0.000000	0.204548	0.000000	0.000000	0.000000	0.000000	0.000000	0.600871	0.000000	0.000000	0.000000	0.000000	0.000000	0.000000	0.000000	0.000000	0.000000	0.000000	0.000000	0.000000	0.000000	0.000000	0.000000
1764624068.741415024	0.000000	0.000000	-0.252240	0.000000	0.000000	0.000000	0.000000	0.000000	0.600871	0.000000	0.000000	0.000000	0.000000	0.000000	0.000000	0.000000	0.000000	0.000000	0.000000	0.000000	0.000000	0.000000	0.000000	0.000000
1764624068.759370565	0.000000	0.000000	0.000123	0.000000	0.000000	0.000000	0.000000	0.000000	0.600871	0.000000	0.000000	0.000000	0.000000	0.000000	0.000000	0.000000	0.000000	0.000000	0.000000	0.000000	0.000000	0.000000	0.000000	0.000000
1764624068.759387732	0.000000	0.000000	-0.262124	0.000000	0.000000	0.000000	0.000000	0.000000	0.600871	0.000000	0.000000	0.000000	0.000000	0.000000	0.000000	0.000000	0.000000	0.000000	0.000000	0.000000	0.000000	0.000000	0.000000	0.000000
1764624068.770292044	0.000000	0.000000	-0.223398	0.000000	0.000000	0.000000	0.000000	0.000000	0.600871	0.000000	0.000000	0.000000	0.000000	0.000000	0.000000	0.000000	0.000000	0.000000	0.000000	0.000000	0.000000	0.000000	0.000000	0.000000
1764624068.780231953	0.000000	0.000000	-0.426946	0.000000	0.000000	0.000000	0.000000	0.000000	0.600871	0.000000	0.000000	0.000000	0.000000	0.000000	0.000000	0.000000	0.000000	0.000000	0.000000	0.000000	0.000000	0.000000	0.000000	0.000000
1764624068.789381981	0.000000	0.000000	-0.227840	0.000000	0.000000	0.000000	0.000000	0.000000	0.600871	0.000000	0.000000	0.000000	0.000000	0.000000	0.000000	0.000000	0.000000	0.000000	0.000000	0.000000	0.000000	0.000000	0.000000	0.000000
1764624068.808993816	0.000000	0.000000	-0.538506	0.000000	0.000000	0.000000	0.000000	0.000000	0.600871	0.000000	0.000000	0.000000	0.000000	0.000000	0.000000	0.000000	0.000000	0.000000	0.000000	0.000000	0.000000	0.000000	0.000000	0.000000
1764624068.809000969	0.000000	0.000000	-0.506183	0.000000	0.000000	0.000000	0.000000	0.000000	0.600871	0.000000	0.000000	0.000000	0.000000	0.000000	0.000000	0.000000	0.000000	0.000000	0.000000	0.000000	0.000000	0.000000	0.000000	0.000000
1764624068.819769382	0.000000	0.000000	-0.396749	0.000000	0.000000	0.000000	0.000000	0.000000	0.600871	0.000000	0.000000	0.000000	0.000000	0.000000	0.000000	0.000000	0.000000	0.000000	0.000000	0.000000	0.000000	0.000000	0.000000	0.000000
1764624068.837095737	0.000000	0.000000	-0.507932	0.000000	0.000000	0.000000	0.000000	0.000000	0.600871	0.000000	0.000000	0.000000	0.000000	0.000000	0.000000	0.000000	0.000000	0.000000	0.000000	0.000000	0.000000	0.000000	0.000000	0.000000
1764624068.840739965	0.000000	0.000000	-0.548377	0.000000	0.000000	0.000000	0.000000	0.000000	0.600871	0.000000	0.000000	0.000000	0.000000	0.000000	0.000000	0.000000	0.000000	0.000000	0.000000	0.000000	0.000000	0.000000	0.000000	0.000000
1764624068.849937439	0.000000	0.000000	-0.503457	0.000000	0.000000	0.000000	0.000000	0.000000	0.600871	0.000000	0.000000	0.000000	0.000000	0.000000	0.000000	0.000000	0.000000	0.000000	0.000000	0.000000	0.000000	0.000000	0.000000	0.000000
1764624068.860165834	0.000000	0.000000	-0.608991	0.000000	0.000000	0.000000	0.000000	0.000000	0.600871	0.000000	0.000000	0.000000	0.000000	0.000000	0.000000	0.000000	0.000000	0.000000	0.000000	0.000000	0.000000	0.000000	0.000000	0.000000
1764624068.870497704	0.000000	0.000000	-0.591850	0.000000	0.000000	0.000000	0.000000	0.000000	0.600871	0.000000	0.000000	0.000000	0.000000	0.000000	0.000000	0.000000	0.000000	0.000000	0.000000	0.000000	0.000000	0.000000	0.000000	0.000000
1764624068.890012026	0.000000	0.000000	-0.571660	0.000000	0.000000	0.000000	0.000000	0.000000	0.600871	0.000000	0.000000	0.000000	0.000000	0.000000	0.000000	0.000000	0.000000	0.000000	0.000000	0.000000	0.000000	0.000000	0.000000	0.000000
1764624068.890019655	0.000000	0.000000	-0.660124	0.000000	0.000000	0.000000	0.000000	0.000000	0.600871	0.000000	0.000000	0.000000	0.000000	0.000000	0.000000	0.000000	0.000000	0.000000	0.000000	0.000000	0.000000	0.000000	0.000000	0.000000
1764624068.899163246	0.000000	0.000000	-0.632231	0.000000	0.000000	0.000000	0.000000	0.000000	0.600871	0.000000	0.000000	0.000000	0.000000	0.000000	0.000000	0.000000	0.000000	0.000000	0.000000	0.000000	0.000000	0.000000	0.000000	0.000000
1764624068.919306755	0.000000	0.000000	-0.576580	0.000000	0.000000	0.000000	0.000000	0.000000	0.600871	0.000000	0.000000	0.000000	0.000000	0.000000	0.000000	0.000000	0.000000	0.000000	0.000000	0.000000	0.000000	0.000000	0.000000	0.000000
1764624068.920475721	0.000000	0.000000	-0.671595	0.000000	0.000000	0.000000	0.000000	0.000000	0.600871	0.000000	0.000000	0.000000	0.000000	0.000000	0.000000	0.000000	0.000000	0.000000	0.000000	0.000000	0.000000	0.000000	0.000000	0.000000
1764624068.930211067	0.000000	0.000000	-0.630228	0.000000	0.000000	0.000000	0.000000	0.000000	0.600871	0.000000	0.000000	0.000000	0.000000	0.000000	0.000000	0.000000	0.000000	0.000000	0.000000	0.000000	0.000000	0.000000	0.000000	0.000000
1764624068.940425396	0.000000	0.000000	-0.660317	0.000000	0.000000	0.000000	0.000000	0.000000	0.600871	0.000000	0.000000	0.000000	0.000000	0.000000	0.000000	0.000000	0.000000	0.000000	0.000000	0.000000	0.000000	0.000000	0.000000	0.000000
1764624068.950063944	0.000000	0.000000	-0.653102	0.000000	0.000000	0.000000	0.000000	0.000000	0.600871	0.000000	0.000000	0.000000	0.000000	0.000000	0.000000	0.000000	0.000000	0.000000	0.000000	0.000000	0.000000	0.000000	0.000000	0.000000
1764624068.970711470	0.000000	0.000000	-0.587899	0.000000	0.000000	0.000000	0.000000	0.000000	0.420350	0.000000	0.000000	0.000000	0.000000	0.000000	0.000000	0.000000	0.000000	0.000000	0.000000	0.000000	0.000000	0.000000	0.000000	0.000000
1764624068.970717907	0.000000	0.000000	-0.604459	0.000000	0.000000	0.000000	0.000000	0.000000	0.420350	0.000000	0.000000	0.000000	0.000000	0.000000	0.000000	0.000000	0.000000	0.000000	0.000000	0.000000	0.000000	0.000000	0.000000	0.000000
1764624068.980274916	0.000000	0.000000	-0.648306	0.000000	0.000000	0.000000	0.000000	0.000000	0.420350	0.000000	0.000000	0.000000	0.000000	0.000000	0.000000	0.000000	0.000000	0.000000	0.000000	0.000000	0.000000	0.000000	0.000000	0.000000
1764624068.989654779	0.000000	0.000000	-0.579329	0.000000	0.000000	0.000000	0.000000	0.000000	0.420350	0.000000	0.000000	0.000000	0.000000	0.000000	0.000000	0.000000	0.000000	0.000000	0.000000	0.000000	0.000000	0.000000	0.000000	0.000000
1764624069.010410547	0.000000	0.000000	-0.618424	0.000000	0.000000	0.000000	0.000000	0.000000	0.420350	0.000000	0.000000	0.000000	0.000000	0.000000	0.000000	0.000000	0.000000	0.000000	0.000000	0.000000	0.000000	0.000000	0.000000	0.000000
1764624069.010418653	0.000000	0.000000	-0.594428	0.000000	0.000000	0.000000	0.000000	0.000000	0.420350	0.000000	0.000000	0.000000	0.000000	0.000000	0.000000	0.000000	0.000000	0.000000	0.000000	0.000000	0.000000	0.000000	0.000000	0.000000
1764624069.020094633	0.000000	0.000000	-0.563012	0.000000	0.000000	0.000000	0.000000	0.000000	0.420350	0.000000	0.000000	0.000000	0.000000	0.000000	0.000000	0.000000	0.000000	0.000000	0.000000	0.000000	0.000000	0.000000	0.000000	0.000000
1764624069.037431240	0.000000	0.000000	-0.531762	0.000000	0.000000	0.000000	0.000000	0.000000	0.420350	0.000000	0.000000	0.000000	0.000000	0.000000	0.000000	0.000000	0.000000	0.000000	0.000000	0.000000	0.000000	0.000000	0.000000	0.000000
1764624069.039767504	0.000000	0.000000	-0.502725	0.000000	0.000000	0.000000	0.000000	0.000000	0.420350	0.000000	0.000000	0.000000	0.000000	0.000000	0.000000	0.000000	0.000000	0.000000	0.000000	0.000000	0.000000	0.000000	0.000000	0.000000
1764624069.050061941	0.000000	0.000000	-0.476563	0.000000	0.000000	0.000000	0.000000	0.000000	0.420350	0.000000	0.000000	0.000000	0.000000	0.000000	0.000000	0.000000	0.000000	0.000000	0.000000	0.000000	0.000000	0.000000	0.000000	0.000000
1764624069.060232401	0.000000	0.000000	-0.451660	0.000000	0.000000	0.000000	0.000000	0.000000	0.420350	0.000000	0.000000	0.000000	0.000000	0.000000	0.000000	0.000000	0.000000	0.000000	0.000000	0.000000	0.000000	0.000000	0.000000	0.000000
1764624069.079543114	0.000000	0.000000	-0.438936	0.000000	0.000000	0.000000	0.000000	0.000000	0.420350	0.000000	0.000000	0.000000	0.000000	0.000000	0.000000	0.000000	0.000000	0.000000	0.000000	0.000000	0.000000	0.000000	0.000000	0.000000
1764624069.082684278	0.000000	0.000000	-0.452779	0.000000	0.000000	0.000000	0.000000	0.000000	0.420350	0.000000	0.000000	0.000000	0.000000	0.000000	0.000000	0.000000	0.000000	0.000000	0.000000	0.000000	0.000000	0.000000	0.000000	0.000000
1764624069.089824677	0.000000	0.000000	-0.425492	0.000000	0.000000	0.000000	0.000000	0.000000	0.420350	0.000000	0.000000	0.000000	0.000000	0.000000	0.000000	0.000000	0.000000	0.000000	0.000000	0.000000	0.000000	0.000000	0.000000	0.000000
1764624069.099673986	0.000000	0.000000	-0.416123	0.000000	0.000000	0.000000	0.000000	0.000000	0.420350	0.000000	0.000000	0.000000	0.000000	0.000000	0.000000	0.000000	0.000000	0.000000	0.000000	0.000000	0.000000	0.000000	0.000000	0.000000
1764624069.110581160	0.000000	0.000000	-0.417256	0.000000	0.000000	0.000000	0.000000	0.000000	0.420350	0.000000	0.000000	0.000000	0.000000	0.000000	0.000000	0.000000	0.000000	0.000000	0.000000	0.000000	0.000000	0.000000	0.000000	0.000000
1764624069.129659653	0.000000	0.000000	-0.378572	0.000000	0.000000	0.000000	0.000000	0.000000	0.420350	0.000000	0.000000	0.000000	0.000000	0.000000	0.000000	0.000000	0.000000	0.000000	0.000000	0.000000	0.000000	0.000000	0.000000	0.000000
1764624069.129678011	0.000000	0.000000	-0.373331	0.000000	0.000000	0.000000	0.000000	0.000000	0.420350	0.000000	0.000000	0.000000	0.000000	0.000000	0.000000	0.000000	0.000000	0.000000	0.000000	0.000000	0.000000	0.000000	0.000000	0.000000
1764624069.139379025	0.000000	0.000000	-0.364698	0.000000	0.000000	0.000000	0.000000	0.000000	0.420350	0.000000	0.000000	0.000000	0.000000	0.000000	0.000000	0.000000	0.000000	0.000000	0.000000	0.000000	0.000000	0.000000	0.000000	0.000000
1764624069.157861710	0.000000	0.000000	-0.358531	0.000000	0.000000	0.000000	0.000000	0.000000	0.420350	0.000000	0.000000	0.000000	0.000000	0.000000	0.000000	0.000000	0.000000	0.000000	0.000000	0.000000	0.000000	0.000000	0.000000	0.000000
1764624069.160321236	0.000000	0.000000	-0.337087	0.000000	0.000000	0.000000	0.000000	0.000000	0.420350	0.000000	0.000000	0.000000	0.000000	0.000000	0.000000	0.000000	0.000000	0.000000	0.000000	0.000000	0.000000	0.000000	0.000000	0.000000
1764624069.170634270	0.000000	0.000000	-0.336000	0.000000	0.000000	0.000000	0.000000	0.000000	0.420350	0.000000	0.000000	0.000000	0.000000	0.000000	0.000000	0.000000	0.000000	0.000000	0.000000	0.000000	0.000000	0.000000	0.000000	0.000000
1764624069.180274725	0.000000	0.000000	-0.337764	0.000000	0.000000	0.000000	0.000000	0.000000	0.420350	0.000000	0.000000	0.000000	0.000000	0.000000	0.000000	0.000000	0.000000	0.000000	0.000000	0.000000	0.000000	0.000000	0.000000	0.000000
1764624069.198922157	0.000000	0.000000	-0.342593	0.000000	0.000000	0.000000	0.000000	0.000000	0.420350	0.000000	0.000000	0.000000	0.000000	0.000000	0.000000	0.000000	0.000000	0.000000	0.000000	0.000000	0.000000	0.000000	0.000000	0.000000
1764624069.198948145	0.000000	0.000000	-0.317114	0.000000	0.000000	0.000000	0.000000	0.000000	0.420350	0.000000	0.000000	0.000000	0.000000	0.000000	0.000000	0.000000	0.000000	0.000000	0.000000	0.000000	0.000000	0.000000	0.000000	0.000000
1764624069.210317850	0.000000	0.000000	-0.317707	0.000000	0.000000	0.000000	0.000000	0.000000	0.313894	0.000000	0.000000	0.000000	0.000000	0.000000	0.000000	0.000000	0.000000	0.000000	0.000000	0.000000	0.000000	0.000000	0.000000	0.000000
1764624069.220524311	0.000000	0.000000	-0.326393	0.000000	0.000000	0.000000	0.000000	0.000000	0.313894	0.000000	0.000000	0.000000	0.000000	0.000000	0.000000	0.000000	0.000000	0.000000	0.000000	0.000000	0.000000	0.000000	0.000000	0.000000
1764624069.229723930	0.000000	0.000000	-0.319852	0.000000	0.000000	0.000000	0.000000	0.000000	0.313894	0.000000	0.000000	0.000000	0.000000	0.000000	0.000000	0.000000	0.000000	0.000000	0.000000	0.000000	0.000000	0.000000	0.000000	0.000000
1764624069.250208378	0.000000	0.000000	-0.320932	0.000000	0.000000	0.000000	0.000000	0.000000	0.313894	0.000000	0.000000	0.000000	0.000000	0.000000	0.000000	0.000000	0.000000	0.000000	0.000000	0.000000	0.000000	0.000000	0.000000	0.000000
1764624069.251969576	0.000000	0.000000	-0.298110	0.000000	0.000000	0.000000	0.000000	0.000000	0.313894	0.000000	0.000000	0.000000	0.000000	0.000000	0.000000	0.000000	0.000000	0.000000	0.000000	0.000000	0.000000	0.000000	0.000000	0.000000
1764624069.260064602	0.000000	0.000000	-0.295355	0.000000	0.000000	0.000000	0.000000	0.000000	0.313894	0.000000	0.000000	0.000000	0.000000	0.000000	0.000000	0.000000	0.000000	0.000000	0.000000	0.000000	0.000000	0.000000	0.000000	0.000000
1764624069.270516872	0.000000	0.000000	-0.295325	0.000000	0.000000	0.000000	0.000000	0.000000	0.313894	0.000000	0.000000	0.000000	0.000000	0.000000	0.000000	0.000000	0.000000	0.000000	0.000000	0.000000	0.000000	0.000000	0.000000	0.000000
1764624069.289871216	0.000000	0.000000	-0.300489	0.000000	0.000000	0.000000	0.000000	0.000000	0.313894	0.000000	0.000000	0.000000	0.000000	0.000000	0.000000	0.000000	0.000000	0.000000	0.000000	0.000000	0.000000	0.000000	0.000000	0.000000
1764624069.289887190	0.000000	0.000000	-0.292217	0.000000	0.000000	0.000000	0.000000	0.000000	0.313894	0.000000	0.000000	0.000000	0.000000	0.000000	0.000000	0.000000	0.000000	0.000000	0.000000	0.000000	0.000000	0.000000	0.000000	0.000000
1764624069.299476862	0.000000	0.000000	-0.292539	0.000000	0.000000	0.000000	0.000000	0.000000	0.313894	0.000000	0.000000	0.000000	0.000000	0.000000	0.000000	0.000000	0.000000	0.000000	0.000000	0.000000	0.000000	0.000000	0.000000	0.000000
1764624069.317799568	0.000000	0.000000	-0.294589	0.000000	0.000000	0.000000	0.000000	0.000000	0.313894	0.000000	0.000000	0.000000	0.000000	0.000000	0.000000	0.000000	0.000000	0.000000	0.000000	0.000000	0.000000	0.000000	0.000000	0.000000
1764624069.319209099	0.000000	0.000000	-0.290407	0.000000	0.000000	0.000000	0.000000	0.000000	0.313894	0.000000	0.000000	0.000000	0.000000	0.000000	0.000000	0.000000	0.000000	0.000000	0.000000	0.000000	0.000000	0.000000	0.000000	0.000000
1764624069.330008030	0.000000	0.000000	-0.281132	0.000000	0.000000	0.000000	0.000000	0.000000	0.313894	0.000000	0.000000	0.000000	0.000000	0.000000	0.000000	0.000000	0.000000	0.000000	0.000000	0.000000	0.000000	0.000000	0.000000	0.000000
1764624069.339962006	0.000000	0.000000	-0.289329	0.000000	0.000000	0.000000	0.000000	0.000000	0.313894	0.000000	0.000000	0.000000	0.000000	0.000000	0.000000	0.000000	0.000000	0.000000	0.000000	0.000000	0.000000	0.000000	0.000000	0.000000
1764624069.359417915	0.000000	0.000000	-0.284862	0.000000	0.000000	0.000000	0.000000	0.000000	0.313894	0.000000	0.000000	0.000000	0.000000	0.000000	0.000000	0.000000	0.000000	0.000000	0.000000	0.000000	0.000000	0.000000	0.000000	0.000000
1764624069.361599445	0.000000	0.000000	-0.279629	0.000000	0.000000	0.000000	0.000000	0.000000	0.313894	0.000000	0.000000	0.000000	0.000000	0.000000	0.000000	0.000000	0.000000	0.000000	0.000000	0.000000	0.000000	0.000000	0.000000	0.000000
1764624069.370176792	0.000000	0.000000	-0.270660	0.000000	0.000000	0.000000	0.000000	0.000000	0.313894	0.000000	0.000000	0.000000	0.000000	0.000000	0.000000	0.000000	0.000000	0.000000	0.000000	0.000000	0.000000	0.000000	0.000000	0.000000
1764624069.379771233	0.000000	0.000000	-0.257504	0.000000	0.000000	0.000000	0.000000	0.000000	0.313894	0.000000	0.000000	0.000000	0.000000	0.000000	0.000000	0.000000	0.000000	0.000000	0.000000	0.000000	0.000000	0.000000	0.000000	0.000000
1764624069.394382954	0.000000	0.000000	-0.275384	0.000000	0.000000	0.000000	0.000000	0.000000	0.313894	0.000000	0.000000	0.000000	0.000000	0.000000	0.000000	0.000000	0.000000	0.000000	0.000000	0.000000	0.000000	0.000000	0.000000	0.000000
1764624069.399283648	0.000000	0.000000	-0.279904	0.000000	0.000000	0.000000	0.000000	0.000000	0.313894	0.000000	0.000000	0.000000	0.000000	0.000000	0.000000	0.000000	0.000000	0.000000	0.000000	0.000000	0.000000	0.000000	0.000000	0.000000
1764624069.410058975	0.000000	0.000000	-0.285005	0.000000	0.000000	0.000000	0.000000	0.000000	0.313894	0.000000	0.000000	0.000000	0.000000	0.000000	0.000000	0.000000	0.000000	0.000000	0.000000	0.000000	0.000000	0.000000	0.000000	0.000000
1764624069.420160294	0.000000	0.000000	-0.281184	0.000000	0.000000	0.000000	0.000000	0.000000	0.313894	0.000000	0.000000	0.000000	0.000000	0.000000	0.000000	0.000000	0.000000	0.000000	0.000000	0.000000	0.000000	0.000000	0.000000	0.000000
1764624069.429748297	0.000000	0.000000	-0.270112	0.000000	0.000000	0.000000	0.000000	0.000000	0.313894	0.000000	0.000000	0.000000	0.000000	0.000000	0.000000	0.000000	0.000000	0.000000	0.000000	0.000000	0.000000	0.000000	0.000000	0.000000
1764624069.449770451	0.000000	0.000000	-0.264284	0.000000	0.000000	0.000000	0.000000	0.000000	0.313894	0.000000	0.000000	0.000000	0.000000	0.000000	0.000000	0.000000	0.000000	0.000000	0.000000	0.000000	0.000000	0.000000	0.000000	0.000000
1764624069.451590776	0.000000	0.000000	-0.274856	0.000000	0.000000	0.000000	0.000000	0.000000	0.313894	0.000000	0.000000	0.000000	0.000000	0.000000	0.000000	0.000000	0.000000	0.000000	0.000000	0.000000	0.000000	0.000000	0.000000	0.000000
1764624069.460166454	0.000000	0.000000	-0.286970	0.000000	0.000000	0.000000	0.000000	0.000000	0.227742	0.000000	0.000000	0.000000	0.000000	0.000000	0.000000	0.000000	0.000000	0.000000	0.000000	0.000000	0.000000	0.000000	0.000000	0.000000
1764624069.470099926	0.000000	0.000000	-0.273081	0.000000	0.000000	0.000000	0.000000	0.000000	0.227742	0.000000	0.000000	0.000000	0.000000	0.000000	0.000000	0.000000	0.000000	0.000000	0.000000	0.000000	0.000000	0.000000	0.000000	0.000000
1764624069.489283800	0.000000	0.000000	-0.270993	0.000000	0.000000	0.000000	0.000000	0.000000	0.227742	0.000000	0.000000	0.000000	0.000000	0.000000	0.000000	0.000000	0.000000	0.000000	0.000000	0.000000	0.000000	0.000000	0.000000	0.000000
1764624069.489295959	0.000000	0.000000	-0.261627	0.000000	0.000000	0.000000	0.000000	0.000000	0.227742	0.000000	0.000000	0.000000	0.000000	0.000000	0.000000	0.000000	0.000000	0.000000	0.000000	0.000000	0.000000	0.000000	0.000000	0.000000
1764624069.499264956	0.000000	0.000000	-0.253991	0.000000	0.000000	0.000000	0.000000	0.000000	0.227742	0.000000	0.000000	0.000000	0.000000	0.000000	0.000000	0.000000	0.000000	0.000000	0.000000	0.000000	0.000000	0.000000	0.000000	0.000000
1764624069.509520531	0.000000	0.000000	-0.250509	0.000000	0.000000	0.000000	0.000000	0.000000	0.227742	0.000000	0.000000	0.000000	0.000000	0.000000	0.000000	0.000000	0.000000	0.000000	0.000000	0.000000	0.000000	0.000000	0.000000	0.000000
1764624069.529911518	0.000000	0.000000	-0.263948	0.000000	0.000000	0.000000	0.000000	0.000000	0.227742	0.000000	0.000000	0.000000	0.000000	0.000000	0.000000	0.000000	0.000000	0.000000	0.000000	0.000000	0.000000	0.000000	0.000000	0.000000
1764624069.532067776	0.000000	0.000000	-0.266999	0.000000	0.000000	0.000000	0.000000	0.000000	0.227742	0.000000	0.000000	0.000000	0.000000	0.000000	0.000000	0.000000	0.000000	0.000000	0.000000	0.000000	0.000000	0.000000	0.000000	0.000000
1764624069.540483952	0.000000	0.000000	-0.249761	0.000000	0.000000	0.000000	0.000000	0.000000	0.227742	0.000000	0.000000	0.000000	0.000000	0.000000	0.000000	0.000000	0.000000	0.000000	0.000000	0.000000	0.000000	0.000000	0.000000	0.000000
1764624069.549913406	0.000000	0.000000	-0.258966	0.000000	0.000000	0.000000	0.000000	0.000000	0.227742	0.000000	0.000000	0.000000	0.000000	0.000000	0.000000	0.000000	0.000000	0.000000	0.000000	0.000000	0.000000	0.000000	0.000000	0.000000
1764624069.568081379	0.000000	0.000000	-0.256218	0.000000	0.000000	0.000000	0.000000	0.000000	0.227742	0.000000	0.000000	0.000000	0.000000	0.000000	0.000000	0.000000	0.000000	0.000000	0.000000	0.000000	0.000000	0.000000	0.000000	0.000000
1764624069.569900751	0.000000	0.000000	-0.251338	0.000000	0.000000	0.000000	0.000000	0.000000	0.227742	0.000000	0.000000	0.000000	0.000000	0.000000	0.000000	0.000000	0.000000	0.000000	0.000000	0.000000	0.000000	0.000000	0.000000	0.000000
1764624069.579094410	0.000000	0.000000	-0.241953	0.000000	0.000000	0.000000	0.000000	0.000000	0.227742	0.000000	0.000000	0.000000	0.000000	0.000000	0.000000	0.000000	0.000000	0.000000	0.000000	0.000000	0.000000	0.000000	0.000000	0.000000
1764624069.589337826	0.000000	0.000000	-0.231590	0.000000	0.000000	0.000000	0.000000	0.000000	0.227742	0.000000	0.000000	0.000000	0.000000	0.000000	0.000000	0.000000	0.000000	0.000000	0.000000	0.000000	0.000000	0.000000	0.000000	0.000000
1764624069.605003119	0.000000	0.000000	-0.237729	0.000000	0.000000	0.000000	0.000000	0.000000	0.227742	0.000000	0.000000	0.000000	0.000000	0.000000	0.000000	0.000000	0.000000	0.000000	0.000000	0.000000	0.000000	0.000000	0.000000	0.000000
1764624069.610018730	0.000000	0.000000	-0.253560	0.000000	0.000000	0.000000	0.000000	0.000000	0.227742	0.000000	0.000000	0.000000	0.000000	0.000000	0.000000	0.000000	0.000000	0.000000	0.000000	0.000000	0.000000	0.000000	0.000000	0.000000
1764624069.619881153	0.000000	0.000000	-0.233207	0.000000	0.000000	0.000000	0.000000	0.000000	0.227742	0.000000	0.000000	0.000000	0.000000	0.000000	0.000000	0.000000	0.000000	0.000000	0.000000	0.000000	0.000000	0.000000	0.000000	0.000000
1764624069.639003277	0.000000	0.000000	-0.227621	0.000000	0.000000	0.000000	0.000000	0.000000	0.227742	0.000000	0.000000	0.000000	0.000000	0.000000	0.000000	0.000000	0.000000	0.000000	0.000000	0.000000	0.000000	0.000000	0.000000	0.000000
1764624069.640116692	0.000000	0.000000	-0.235223	0.000000	0.000000	0.000000	0.000000	0.000000	0.227742	0.000000	0.000000	0.000000	0.000000	0.000000	0.000000	0.000000	0.000000	0.000000	0.000000	0.000000	0.000000	0.000000	0.000000	0.000000
1764624069.650225878	0.000000	0.000000	-0.233051	0.000000	0.000000	0.000000	0.000000	0.000000	0.227742	0.000000	0.000000	0.000000	0.000000	0.000000	0.000000	0.000000	0.000000	0.000000	0.000000	0.000000	0.000000	0.000000	0.000000	0.000000
1764624069.660320759	0.000000	0.000000	-0.229921	0.000000	0.000000	0.000000	0.000000	0.000000	0.227742	0.000000	0.000000	0.000000	0.000000	0.000000	0.000000	0.000000	0.000000	0.000000	0.000000	0.000000	0.000000	0.000000	0.000000	0.000000
1764624069.670539141	0.000000	0.000000	-0.231273	0.000000	0.000000	0.000000	0.000000	0.000000	0.227742	0.000000	0.000000	0.000000	0.000000	0.000000	0.000000	0.000000	0.000000	0.000000	0.000000	0.000000	0.000000	0.000000	0.000000	0.000000
1764624069.689201117	0.000000	0.000000	-0.217461	0.000000	0.000000	0.000000	0.000000	0.000000	0.227742	0.000000	0.000000	0.000000	0.000000	0.000000	0.000000	0.000000	0.000000	0.000000	0.000000	0.000000	0.000000	0.000000	0.000000	0.000000
1764624069.689215422	0.000000	0.000000	-0.233916	0.000000	0.000000	0.000000	0.000000	0.000000	0.227742	0.000000	0.000000	0.000000	0.000000	0.000000	0.000000	0.000000	0.000000	0.000000	0.000000	0.000000	0.000000	0.000000	0.000000	0.000000
1764624069.699612617	0.000000	0.000000	-0.225680	0.000000	0.000000	0.000000	0.000000	0.000000	0.227742	0.000000	0.000000	0.000000	0.000000	0.000000	0.000000	0.000000	0.000000	0.000000	0.000000	0.000000	0.000000	0.000000	0.000000	0.000000
1764624069.719770908	0.000000	0.000000	-0.215599	0.000000	0.000000	0.000000	0.000000	0.000000	0.151047	0.000000	0.000000	0.000000	0.000000	0.000000	0.000000	0.000000	0.000000	0.000000	0.000000	0.000000	0.000000	0.000000	0.000000	0.000000
1764624069.720953465	0.000000	0.000000	-0.221796	0.000000	0.000000	0.000000	0.000000	0.000000	0.151047	0.000000	0.000000	0.000000	0.000000	0.000000	0.000000	0.000000	0.000000	0.000000	0.000000	0.000000	0.000000	0.000000	0.000000	0.000000
1764624069.730444670	0.000000	0.000000	-0.215557	0.000000	0.000000	0.000000	0.000000	0.000000	0.151047	0.000000	0.000000	0.000000	0.000000	0.000000	0.000000	0.000000	0.000000	0.000000	0.000000	0.000000	0.000000	0.000000	0.000000	0.000000
1764624069.739630699	0.000000	0.000000	-0.212458	0.000000	0.000000	0.000000	0.000000	0.000000	0.151047	0.000000	0.000000	0.000000	0.000000	0.000000	0.000000	0.000000	0.000000	0.000000	0.000000	0.000000	0.000000	0.000000	0.000000	0.000000
1764624069.749983311	0.000000	0.000000	-0.214792	0.000000	0.000000	0.000000	0.000000	0.000000	0.151047	0.000000	0.000000	0.000000	0.000000	0.000000	0.000000	0.000000	0.000000	0.000000	0.000000	0.000000	0.000000	0.000000	0.000000	0.000000
1764624069.759635448	0.000000	0.000000	-0.208841	0.000000	0.000000	0.000000	0.000000	0.000000	0.151047	0.000000	0.000000	0.000000	0.000000	0.000000	0.000000	0.000000	0.000000	0.000000	0.000000	0.000000	0.000000	0.000000	0.000000	0.000000
1764624069.773106337	0.000000	0.000000	-0.196067	0.000000	0.000000	0.000000	0.000000	0.000000	0.151047	0.000000	0.000000	0.000000	0.000000	0.000000	0.000000	0.000000	0.000000	0.000000	0.000000	0.000000	0.000000	0.000000	0.000000	0.000000
1764624069.780000925	0.000000	0.000000	-0.194363	0.000000	0.000000	0.000000	0.000000	0.000000	0.151047	0.000000	0.000000	0.000000	0.000000	0.000000	0.000000	0.000000	0.000000	0.000000	0.000000	0.000000	0.000000	0.000000	0.000000	0.000000
1764624069.789360285	0.000000	0.000000	-0.192280	0.000000	0.000000	0.000000	0.000000	0.000000	0.151047	0.000000	0.000000	0.000000	0.000000	0.000000	0.000000	0.000000	0.000000	0.000000	0.000000	0.000000	0.000000	0.000000	0.000000	0.000000
1764624069.811151743	0.000000	0.000000	-0.199175	0.000000	0.000000	0.000000	0.000000	0.000000	0.151047	0.000000	0.000000	0.000000	0.000000	0.000000	0.000000	0.000000	0.000000	0.000000	0.000000	0.000000	0.000000	0.000000	0.000000	0.000000
1764624069.811158657	0.000000	0.000000	-0.198793	0.000000	0.000000	0.000000	0.000000	0.000000	0.151047	0.000000	0.000000	0.000000	0.000000	0.000000	0.000000	0.000000	0.000000	0.000000	0.000000	0.000000	0.000000	0.000000	0.000000	0.000000
1764624069.818446398	0.000000	0.000000	-0.194278	0.000000	0.000000	0.000000	0.000000	0.000000	0.151047	0.000000	0.000000	0.000000	0.000000	0.000000	0.000000	0.000000	0.000000	0.000000	0.000000	0.000000	0.000000	0.000000	0.000000	0.000000
1764624069.841753244	0.000000	0.000000	-0.190493	0.000000	0.000000	0.000000	0.000000	0.000000	0.151047	0.000000	0.000000	0.000000	0.000000	0.000000	0.000000	0.000000	0.000000	0.000000	0.000000	0.000000	0.000000	0.000000	0.000000	0.000000
1764624069.841757536	0.000000	0.000000	-0.169698	0.000000	0.000000	0.000000	0.000000	0.000000	0.151047	0.000000	0.000000	0.000000	0.000000	0.000000	0.000000	0.000000	0.000000	0.000000	0.000000	0.000000	0.000000	0.000000	0.000000	0.000000
1764624069.850009441	0.000000	0.000000	-0.179374	0.000000	0.000000	0.000000	0.000000	0.000000	0.151047	0.000000	0.000000	0.000000	0.000000	0.000000	0.000000	0.000000	0.000000	0.000000	0.000000	0.000000	0.000000	0.000000	0.000000	0.000000
1764624069.860244036	0.000000	0.000000	-0.173905	0.000000	0.000000	0.000000	0.000000	0.000000	0.151047	0.000000	0.000000	0.000000	0.000000	0.000000	0.000000	0.000000	0.000000	0.000000	0.000000	0.000000	0.000000	0.000000	0.000000	0.000000
1764624069.870045900	0.000000	0.000000	-0.175562	0.000000	0.000000	0.000000	0.000000	0.000000	0.151047	0.000000	0.000000	0.000000	0.000000	0.000000	0.000000	0.000000	0.000000	0.000000	0.000000	0.000000	0.000000	0.000000	0.000000	0.000000
1764624069.882326603	0.000000	0.000000	-0.167557	0.000000	0.000000	0.000000	0.000000	0.000000	0.151047	0.000000	0.000000	0.000000	0.000000	0.000000	0.000000	0.000000	0.000000	0.000000	0.000000	0.000000	0.000000	0.000000	0.000000	0.000000
1764624069.890005827	0.000000	0.000000	-0.164117	0.000000	0.000000	0.000000	0.000000	0.000000	0.151047	0.000000	0.000000	0.000000	0.000000	0.000000	0.000000	0.000000	0.000000	0.000000	0.000000	0.000000	0.000000	0.000000	0.000000	0.000000
1764624069.899693966	0.000000	0.000000	-0.165205	0.000000	0.000000	0.000000	0.000000	0.000000	0.151047	0.000000	0.000000	0.000000	0.000000	0.000000	0.000000	0.000000	0.000000	0.000000	0.000000	0.000000	0.000000	0.000000	0.000000	0.000000
1764624069.909887791	0.000000	0.000000	-0.156600	0.000000	0.000000	0.000000	0.000000	0.000000	0.151047	0.000000	0.000000	0.000000	0.000000	0.000000	0.000000	0.000000	0.000000	0.000000	0.000000	0.000000	0.000000	0.000000	0.000000	0.000000
1764624069.919600964	0.000000	0.000000	-0.151007	0.000000	0.000000	0.000000	0.000000	0.000000	0.151047	0.000000	0.000000	0.000000	0.000000	0.000000	0.000000	0.000000	0.000000	0.000000	0.000000	0.000000	0.000000	0.000000	0.000000	0.000000
1764624069.931303024	0.000000	0.000000	-0.167214	0.000000	0.000000	0.000000	0.000000	0.000000	0.151047	0.000000	0.000000	0.000000	0.000000	0.000000	0.000000	0.000000	0.000000	0.000000	0.000000	0.000000	0.000000	0.000000	0.000000	0.000000
1764624069.940297127	0.000000	0.000000	-0.152053	0.000000	0.000000	0.000000	0.000000	0.000000	0.151047	0.000000	0.000000	0.000000	0.000000	0.000000	0.000000	0.000000	0.000000	0.000000	0.000000	0.000000	0.000000	0.000000	0.000000	0.000000
1764624069.949967623	0.000000	0.000000	-0.153812	0.000000	0.000000	0.000000	0.000000	0.000000	0.151047	0.000000	0.000000	0.000000	0.000000	0.000000	0.000000	0.000000	0.000000	0.000000	0.000000	0.000000	0.000000	0.000000	0.000000	0.000000
1764624069.963754892	0.000000	0.000000	-0.145863	0.000000	0.000000	0.000000	0.000000	0.000000	nan	0.000000	0.000000	0.000000	0.000000	0.000000	0.000000	0.000000	0.000000	0.000000	0.000000	0.000000	0.000000	0.000000	0.000000	0.000000
1764624069.970230341	0.000000	0.000000	-0.139275	0.000000	0.000000	0.000000	0.000000	0.000000	nan	0.000000	0.000000	0.000000	0.000000	0.000000	0.000000	0.000000	0.000000	0.000000	0.000000	0.000000	0.000000	0.000000	0.000000	0.000000
1764624069.980451107	0.000000	0.000000	-0.141766	0.000000	0.000000	0.000000	0.000000	0.000000	nan	0.000000	0.000000	0.000000	0.000000	0.000000	0.000000	0.000000	0.000000	0.000000	0.000000	0.000000	0.000000	0.000000	0.000000	0.000000
1764624070.000072718	0.000000	0.000000	-0.132423	0.000000	0.000000	0.000000	0.000000	0.000000	nan	0.000000	0.000000	0.000000	0.000000	0.000000	0.000000	0.000000	0.000000	0.000000	0.000000	0.000000	0.000000	0.000000	0.000000	0.000000
1764624070.001582146	0.000000	0.000000	-0.126876	0.000000	0.000000	0.000000	0.000000	0.000000	nan	0.000000	0.000000	0.000000	0.000000	0.000000	0.000000	0.000000	0.000000	0.000000	0.000000	0.000000	0.000000	0.000000	0.000000	0.000000
1764624070.009795427	0.000000	0.000000	-0.120317	0.000000	0.000000	0.000000	0.000000	0.000000	nan	0.000000	0.000000	0.000000	0.000000	0.000000	0.000000	0.000000	0.000000	0.000000	0.000000	0.000000	0.000000	0.000000	0.000000	0.000000
1764624070.020339012	0.000000	0.000000	-0.124799	0.000000	0.000000	0.000000	0.000000	0.000000	nan	0.000000	0.000000	0.000000	0.000000	0.000000	0.000000	0.000000	0.000000	0.000000	0.000000	0.000000	0.000000	0.000000	0.000000	0.000000
1764624070.029888153	0.000000	0.000000	-0.130019	0.000000	0.000000	0.000000	0.000000	0.000000	nan	0.000000	0.000000	0.000000	0.000000	0.000000	0.000000	0.000000	0.000000	0.000000	0.000000	0.000000	0.000000	0.000000	0.000000	0.000000
1764624070.049572229	0.000000	0.000000	-0.126989	0.000000	0.000000	0.000000	0.000000	0.000000	nan	0.000000	0.000000	0.000000	0.000000	0.000000	0.000000	0.000000	0.000000	0.000000	0.000000	0.000000	0.000000	0.000000	0.000000	0.000000
1764624070.052845240	0.000000	0.000000	-0.115521	0.000000	0.000000	0.000000	0.000000	0.000000	nan	0.000000	0.000000	0.000000	0.000000	0.000000	0.000000	0.000000	0.000000	0.000000	0.000000	0.000000	0.000000	0.000000	0.000000	0.000000
1764624070.060046673	0.000000	0.000000	-0.126893	0.000000	0.000000	0.000000	0.000000	0.000000	nan	0.000000	0.000000	0.000000	0.000000	0.000000	0.000000	0.000000	0.000000	0.000000	0.000000	0.000000	0.000000	0.000000	0.000000	0.000000
1764624070.080000162	0.000000	0.000000	-0.116540	0.000000	0.000000	0.000000	0.000000	0.000000	nan	0.000000	0.000000	0.000000	0.000000	0.000000	0.000000	0.000000	0.000000	0.000000	0.000000	0.000000	-71.104365	0.000000	0.000000	0.000000
1764624070.084822655	0.000000	0.000000	-0.103473	0.000000	0.000000	0.000000	0.000000	0.000000	nan	0.000000	0.000000	0.000000	0.000000	0.000000	0.000000	0.000000	0.000000	0.000000	0.000000	0.000000	-71.104365	0.000000	0.000000	0.000000
1764624070.090071201	0.000000	0.000000	-0.103168	0.000000	0.000000	0.000000	0.000000	0.000000	nan	0.000000	0.000000	0.000000	0.000000	0.000000	0.000000	0.000000	0.000000	0.000000	0.000000	0.000000	-71.104365	0.000000	0.000000	0.000000
1764624070.099365234	0.000000	0.000000	-0.095967	0.000000	0.000000	0.000000	0.000000	0.000000	nan	0.000000	0.000000	0.000000	0.000000	0.000000	0.000000	0.000000	0.000000	0.000000	0.000000	0.000000	-71.104365	0.000000	0.000000	0.000000
1764624070.119179726	0.000000	0.000000	-0.107253	0.000000	0.000000	0.000000	0.000000	0.000000	nan	0.000000	0.000000	0.000000	0.000000	0.000000	0.000000	0.000000	0.000000	0.000000	0.000000	0.000000	-71.104365	0.000000	0.000000	0.000000
1764624070.119198799	0.000000	0.000000	-0.095955	0.000000	0.000000	0.000000	0.000000	0.000000	nan	0.000000	0.000000	0.000000	0.000000	0.000000	0.000000	0.000000	0.000000	0.000000	0.000000	0.000000	-71.104365	0.000000	0.000000	0.000000
1764624070.131719112	0.000000	0.000000	-0.084621	0.000000	0.000000	0.000000	0.000000	0.000000	nan	0.000000	0.000000	0.000000	0.000000	0.000000	0.000000	0.000000	0.000000	0.000000	0.000000	0.000000	-71.104365	0.000000	0.000000	0.000000
1764624070.140653372	0.000000	0.000000	-0.089409	0.000000	0.000000	0.000000	0.000000	0.000000	nan	0.000000	0.000000	0.000000	0.000000	0.000000	0.000000	0.000000	0.000000	0.000000	0.000000	0.000000	-71.104365	0.000000	0.000000	0.000000
1764624070.150397539	0.000000	0.000000	-0.084636	0.000000	0.000000	0.000000	0.000000	0.000000	nan	0.000000	0.000000	0.000000	0.000000	0.000000	0.000000	0.000000	0.000000	0.000000	0.000000	0.000000	-71.104365	0.000000	0.000000	0.000000
1764624070.161596775	0.000000	0.000000	-0.110483	0.000000	0.000000	0.000000	0.000000	0.000000	nan	0.000000	0.000000	0.000000	0.000000	0.000000	0.000000	0.000000	0.000000	0.000000	0.000000	0.000000	-71.104365	0.000000	0.000000	0.000000
1764624070.170650005	0.000000	0.000000	-0.078119	0.000000	0.000000	0.000000	0.000000	0.000000	nan	0.000000	0.000000	0.000000	0.000000	0.000000	0.000000	0.000000	0.000000	0.000000	0.000000	0.000000	-71.104365	0.000000	0.000000	0.000000
1764624070.180157185	0.000000	0.000000	-0.098152	0.000000	0.000000	0.000000	0.000000	0.000000	nan	0.000000	0.000000	0.000000	0.000000	0.000000	0.000000	0.000000	0.000000	0.000000	0.000000	0.000000	-71.104365	0.000000	0.000000	0.000000
1764624070.199048996	0.000000	0.000000	-0.104016	0.000000	0.000000	0.000000	0.000000	0.000000	nan	0.000000	0.000000	0.000000	0.000000	0.000000	0.000000	0.000000	0.000000	0.000000	0.000000	0.000000	-71.104365	0.000000	0.000000	0.000000
1764624070.199076891	0.000000	0.000000	-0.130965	0.000000	0.000000	0.000000	0.000000	0.000000	nan	0.000000	0.000000	0.000000	0.000000	0.000000	0.000000	0.000000	0.000000	0.000000	0.000000	0.000000	-71.104365	0.000000	0.000000	0.000000
1764624070.210208416	0.000000	0.000000	-0.206384	0.000000	0.000000	0.000000	0.000000	0.000000	nan	0.000000	0.000000	0.000000	0.000000	0.000000	0.000000	0.000000	0.000000	0.000000	0.000000	0.000000	-71.104365	0.000000	0.000000	0.000000
1764624070.221064806	0.000000	0.000000	-0.298193	0.000000	0.000000	0.000000	0.000000	0.000000	nan	0.000000	0.000000	0.000000	0.000000	0.000000	0.000000	0.000000	0.000000	0.000000	0.000000	0.000000	-71.104365	0.000000	0.000000	0.000000
1764624070.238878727	0.000000	0.000000	-0.380289	0.000000	0.000000	0.000000	0.000000	0.000000	nan	0.000000	0.000000	0.000000	0.000000	0.000000	0.000000	0.000000	0.000000	0.000000	0.000000	0.000000	-71.104365	0.000000	0.000000	0.000000
1764624070.240603685	0.000000	0.000000	-0.432989	0.000000	0.000000	0.000000	0.000000	0.000000	nan	0.000000	0.000000	0.000000	0.000000	0.000000	0.000000	0.000000	0.000000	0.000000	0.000000	0.000000	-71.104365	0.000000	0.000000	0.000000
1764624070.250575542	0.000000	0.000000	-0.533181	0.000000	0.000000	0.000000	0.000000	0.000000	nan	0.000000	0.000000	0.000000	0.000000	0.000000	0.000000	0.000000	0.000000	0.000000	0.000000	0.000000	-71.104365	0.000000	0.000000	0.000000
1764624070.260013342	0.000000	0.000000	-0.605806	0.000000	0.000000	0.000000	0.000000	0.000000	nan	0.000000	0.000000	0.000000	0.000000	0.000000	0.000000	0.000000	0.000000	0.000000	0.000000	0.000000	-71.104365	0.000000	0.000000	0.000000
1764624070.279507875	0.000000	0.000000	-0.674862	0.000000	0.000000	0.000000	0.000000	0.000000	nan	0.000000	0.000000	0.000000	0.000000	0.000000	0.000000	0.000000	0.000000	0.000000	0.000000	0.000000	-71.104365	0.000000	0.000000	0.000000
1764624070.279531717	0.000000	0.000000	-0.742947	0.000000	0.000000	0.000000	0.000000	0.000000	nan	0.000000	0.000000	0.000000	0.000000	0.000000	0.000000	0.000000	0.000000	0.000000	0.000000	0.000000	-71.104365	0.000000	0.000000	0.000000
1764624070.289829731	0.000000	0.000000	-0.941163	0.000000	0.000000	0.000000	0.000000	0.000000	nan	0.000000	0.000000	0.000000	0.000000	0.000000	0.000000	0.000000	0.000000	0.000000	0.000000	0.000000	-71.104365	0.000000	0.000000	0.000000
1764624070.299875975	0.000000	0.000000	-0.946436	0.000000	0.000000	0.000000	0.000000	0.000000	nan	0.000000	0.000000	0.000000	0.000000	0.000000	0.000000	0.000000	0.000000	0.000000	0.000000	0.000000	-71.104365	0.000000	0.000000	0.000000
1764624070.321949244	0.000000	0.000000	-1.024040	0.000000	0.000000	0.000000	0.000000	0.000000	nan	0.000000	0.000000	0.000000	0.000000	0.000000	0.000000	0.000000	0.000000	0.000000	0.000000	0.000000	-71.104365	0.000000	0.000000	0.000000
1764624070.321978569	0.000000	0.000000	-1.127616	0.000000	0.000000	0.000000	0.000000	0.000000	nan	0.000000	0.000000	0.000000	0.000000	0.000000	0.000000	0.000000	0.000000	0.000000	0.000000	0.000000	-71.104365	0.000000	0.000000	0.000000
1764624070.330642462	0.000000	0.000000	-1.148024	0.000000	0.000000	0.000000	0.000000	0.000000	nan	0.000000	0.000000	0.000000	0.000000	0.000000	0.000000	0.000000	0.000000	0.000000	0.000000	0.000000	-71.104365	0.000000	0.000000	0.000000
1764624070.342041016	0.000000	0.000000	-1.255120	0.000000	0.000000	0.000000	0.000000	0.000000	nan	0.000000	0.000000	0.000000	0.000000	0.000000	0.000000	0.000000	0.000000	0.000000	0.000000	0.000000	-71.104365	0.000000	0.000000	0.000000
1764624070.351968050	0.000000	0.000000	-1.215733	0.000000	0.000000	0.000000	0.000000	0.000000	nan	0.000000	0.000000	0.000000	0.000000	0.000000	0.000000	0.000000	0.000000	0.000000	0.000000	0.000000	-71.104365	0.000000	0.000000	0.000000
1764624070.364718437	0.000000	0.000000	-1.246897	0.000000	0.000000	0.000000	0.000000	0.000000	nan	0.000000	0.000000	0.000000	0.000000	0.000000	0.000000	0.000000	0.000000	0.000000	0.000000	0.000000	-71.104365	0.000000	0.000000	0.000000
1764624070.370409012	0.000000	0.000000	-1.117001	0.000000	0.000000	0.000000	0.000000	0.000000	nan	0.000000	0.000000	0.000000	0.000000	0.000000	0.000000	0.000000	0.000000	0.000000	0.000000	0.000000	-71.104365	0.000000	0.000000	0.000000
1764624070.380251408	0.000000	0.000000	-0.997399	0.000000	0.000000	0.000000	0.000000	0.000000	nan	0.000000	0.000000	0.000000	0.000000	0.000000	0.000000	0.000000	0.000000	0.000000	0.000000	0.000000	-71.104365	0.000000	0.000000	0.000000
1764624070.389396191	0.000000	0.000000	-0.923822	0.000000	0.000000	0.000000	0.000000	0.000000	nan	0.000000	0.000000	0.000000	0.000000	0.000000	0.000000	0.000000	0.000000	0.000000	0.000000	0.000000	-71.104365	0.000000	0.000000	0.000000
1764624070.398954391	0.000000	0.000000	-0.797631	0.000000	0.000000	0.000000	0.000000	0.000000	nan	0.000000	0.000000	0.000000	0.000000	0.000000	0.000000	0.000000	0.000000	0.000000	0.000000	0.000000	-71.104365	0.000000	0.000000	0.000000
1764624070.413046122	0.000000	0.000000	-0.663598	0.000000	0.000000	0.000000	0.000000	0.000000	nan	0.000000	0.000000	0.000000	0.000000	0.000000	0.000000	0.000000	0.000000	0.000000	0.000000	0.000000	-71.104365	0.000000	0.000000	0.000000
1764624070.419791222	0.000000	0.000000	-0.610178	0.000000	0.000000	0.000000	0.000000	0.000000	nan	0.000000	0.000000	0.000000	0.000000	0.000000	0.000000	0.000000	0.000000	0.000000	0.000000	0.000000	-71.104365	0.000000	0.000000	0.000000
1764624070.439813137	0.000000	0.000000	-0.522019	0.000000	0.000000	0.000000	0.000000	0.000000	nan	0.000000	0.000000	0.000000	0.000000	0.000000	0.000000	0.000000	0.000000	0.000000	0.000000	0.000000	-71.104365	0.000000	0.000000	0.000000
1764624070.442199945	0.000000	0.000000	-0.591221	0.000000	0.000000	0.000000	0.000000	0.000000	nan	0.000000	0.000000	0.000000	0.000000	0.000000	0.000000	0.000000	0.000000	0.000000	0.000000	0.000000	-71.104365	0.000000	0.000000	0.000000
1764624070.450193405	0.000000	0.000000	-0.505315	0.000000	0.000000	0.000000	0.000000	0.000000	nan	0.000000	0.000000	0.000000	0.000000	0.000000	0.000000	0.000000	0.000000	0.000000	0.000000	0.000000	-71.104365	0.000000	0.000000	0.000000
1764624070.460184336	0.000000	0.000000	-0.477799	0.000000	0.000000	0.000000	0.000000	0.000000	nan	0.000000	0.000000	0.000000	0.000000	0.000000	0.000000	0.000000	0.000000	0.000000	0.000000	0.000000	-71.104365	0.000000	0.000000	0.000000
1764624070.470393419	0.000000	0.000000	-0.487292	0.000000	0.000000	0.000000	0.000000	0.000000	nan	0.000000	0.000000	0.000000	0.000000	0.000000	0.000000	0.000000	0.000000	0.000000	0.000000	0.000000	-71.104365	0.000000	0.000000	0.000000
1764624070.489087582	0.000000	0.000000	-0.498238	0.000000	0.000000	0.000000	0.000000	0.000000	nan	0.000000	0.000000	0.000000	0.000000	0.000000	0.000000	0.000000	0.000000	0.000000	0.000000	0.000000	-71.104365	0.000000	0.000000	0.000000
1764624070.495854616	0.000000	0.000000	-0.437842	0.000000	0.000000	0.000000	0.000000	0.000000	nan	0.000000	0.000000	0.000000	0.000000	0.000000	0.000000	0.000000	0.000000	0.000000	0.000000	0.000000	-71.104365	0.000000	0.000000	0.000000
1764624070.499485254	0.000000	0.000000	-0.630841	0.000000	0.000000	0.000000	0.000000	0.000000	nan	0.000000	0.000000	0.000000	0.000000	0.000000	0.000000	0.000000	0.000000	0.000000	0.000000	0.000000	-71.104365	0.000000	0.000000	0.000000
1764624070.517588854	0.000000	0.000000	-0.574933	0.000000	0.000000	0.000000	0.000000	0.000000	nan	0.000000	0.000000	0.000000	0.000000	0.000000	0.000000	0.000000	0.000000	0.000000	0.000000	0.000000	-71.104365	0.000000	0.000000	0.000000
1764624070.519622326	0.000000	0.000000	-0.537764	0.000000	0.000000	0.000000	0.000000	0.000000	nan	0.000000	0.000000	0.000000	0.000000	0.000000	0.000000	0.000000	0.000000	0.000000	0.000000	0.000000	-71.104365	0.000000	0.000000	0.000000
1764624070.529707193	0.000000	0.000000	-0.621709	0.000000	0.000000	0.000000	0.000000	0.000000	nan	0.000000	0.000000	0.000000	0.000000	0.000000	0.000000	0.000000	0.000000	0.000000	0.000000	0.000000	-71.104365	0.000000	0.000000	0.000000
1764624070.539822102	0.000000	0.000000	-0.445122	0.000000	0.000000	0.000000	0.000000	0.000000	nan	0.000000	0.000000	0.000000	0.000000	0.000000	0.000000	0.000000	0.000000	0.000000	0.000000	0.000000	-71.104365	0.000000	0.000000	0.000000
1764624070.549752474	0.000000	0.000000	-0.587535	0.000000	0.000000	0.000000	0.000000	0.000000	nan	0.000000	0.000000	0.000000	0.000000	0.000000	0.000000	0.000000	0.000000	0.000000	0.000000	0.000000	-71.104365	0.000000	0.000000	0.000000
1764624070.564686775	0.000000	0.000000	-0.660263	0.000000	0.000000	0.000000	0.000000	0.000000	nan	0.000000	0.000000	0.000000	0.000000	0.000000	0.000000	0.000000	0.000000	0.000000	0.000000	0.000000	-71.104365	0.000000	0.000000	0.000000
1764624070.570327044	0.000000	0.000000	-0.402014	0.000000	0.000000	0.000000	0.000000	0.000000	nan	0.000000	0.000000	0.000000	0.000000	0.000000	0.000000	0.000000	0.000000	0.000000	0.000000	0.000000	-71.104365	0.000000	0.000000	0.000000
1764624070.579795599	0.000000	0.000000	-0.550066	0.000000	0.000000	0.000000	0.000000	0.000000	nan	0.000000	0.000000	0.000000	0.000000	0.000000	0.000000	0.000000	0.000000	0.000000	0.000000	0.000000	-71.104365	0.000000	0.000000	0.000000
1764624070.590230227	0.000000	0.000000	-0.547391	0.000000	0.000000	0.000000	0.000000	0.000000	nan	0.000000	0.000000	0.000000	0.000000	0.000000	0.000000	0.000000	0.000000	0.000000	0.000000	0.000000	-71.104365	0.000000	0.000000	0.000000
1764624070.598846912	0.000000	0.000000	-0.582165	0.000000	0.000000	0.000000	0.000000	0.000000	nan	0.000000	0.000000	0.000000	0.000000	0.000000	0.000000	0.000000	0.000000	0.000000	0.000000	0.000000	-71.104365	0.000000	0.000000	0.000000
1764624070.615716219	0.000000	0.000000	-0.506027	0.000000	0.000000	0.000000	0.000000	0.000000	nan	0.000000	0.000000	0.000000	0.000000	0.000000	0.000000	0.000000	0.000000	0.000000	0.000000	0.000000	-71.104365	0.000000	0.000000	0.000000
1764624070.619833231	0.000000	0.000000	-0.429038	0.000000	0.000000	0.000000	0.000000	0.000000	nan	0.000000	0.000000	0.000000	0.000000	0.000000	0.000000	0.000000	0.000000	0.000000	0.000000	0.000000	-71.104365	0.000000	0.000000	0.000000
1764624070.629806519	0.000000	0.000000	-0.597021	0.000000	0.000000	0.000000	0.000000	0.000000	nan	0.000000	0.000000	0.000000	0.000000	0.000000	0.000000	0.000000	0.000000	0.000000	0.000000	0.000000	-71.104365	0.000000	0.000000	0.000000
1764624070.642183542	0.000000	0.000000	-0.318924	0.000000	0.000000	0.000000	0.000000	0.000000	nan	0.000000	0.000000	0.000000	0.000000	0.000000	0.000000	0.000000	0.000000	0.000000	0.000000	0.000000	-71.104365	0.000000	0.000000	0.000000
1764624070.649600506	0.000000	0.000000	-0.419777	0.000000	0.000000	0.000000	0.000000	0.000000	nan	0.000000	0.000000	0.000000	0.000000	0.000000	0.000000	0.000000	0.000000	0.000000	0.000000	0.000000	-71.104365	0.000000	0.000000	0.000000
1764624070.659409046	0.000000	0.000000	-0.493898	0.000000	0.000000	0.000000	0.000000	0.000000	nan	0.000000	0.000000	0.000000	0.000000	0.000000	0.000000	0.000000	0.000000	0.000000	0.000000	0.000000	-71.104365	0.000000	0.000000	0.000000
1764624070.669785261	0.000000	0.000000	-0.317456	0.000000	0.000000	0.000000	0.000000	0.000000	nan	0.000000	0.000000	0.000000	0.000000	0.000000	0.000000	0.000000	0.000000	0.000000	0.000000	0.000000	-71.104365	0.000000	0.000000	0.000000
1764624070.680171728	0.000000	0.000000	-0.515176	0.000000	0.000000	0.000000	0.000000	0.000000	nan	0.000000	0.000000	0.000000	0.000000	0.000000	0.000000	0.000000	0.000000	0.000000	0.000000	0.000000	-71.104365	0.000000	0.000000	0.000000
1764624070.688810110	0.000000	0.000000	-0.300615	0.000000	0.000000	0.000000	0.000000	0.000000	nan	0.000000	0.000000	0.000000	0.000000	0.000000	0.000000	0.000000	0.000000	0.000000	0.000000	0.000000	-71.104365	0.000000	0.000000	0.000000
1764624070.699090242	0.000000	0.000000	-0.315093	0.000000	0.000000	0.000000	0.000000	0.000000	nan	0.000000	0.000000	0.000000	0.000000	0.000000	0.000000	0.000000	0.000000	0.000000	0.000000	0.000000	-71.104365	0.000000	0.000000	0.000000
1764624070.708876848	0.000000	0.000000	-0.388554	0.000000	0.000000	0.000000	0.000000	0.000000	nan	0.000000	0.000000	0.000000	0.000000	0.000000	0.000000	0.000000	0.000000	0.000000	0.000000	0.000000	-71.104365	0.000000	0.000000	0.000000
1764624070.724053144	0.000000	0.000000	-0.354554	0.000000	0.000000	0.000000	0.000000	0.000000	nan	0.000000	0.000000	0.000000	0.000000	0.000000	0.000000	0.000000	0.000000	0.000000	0.000000	0.000000	-71.104365	0.000000	0.000000	0.000000
1764624070.729594231	0.000000	0.000000	-0.385036	0.000000	0.000000	0.000000	0.000000	0.000000	nan	0.000000	0.000000	0.000000	0.000000	0.000000	0.000000	0.000000	0.000000	0.000000	0.000000	0.000000	-71.104365	0.000000	0.000000	0.000000
1764624070.739817619	0.000000	0.000000	-0.523138	0.000000	0.000000	0.000000	0.000000	0.000000	nan	0.000000	0.000000	0.000000	0.000000	0.000000	0.000000	0.000000	0.000000	0.000000	0.000000	0.000000	-71.104365	0.000000	0.000000	0.000000
1764624070.751794815	0.000000	0.000000	-0.278425	0.000000	0.000000	0.000000	0.000000	0.000000	nan	0.000000	0.000000	0.000000	0.000000	0.000000	0.000000	0.000000	0.000000	0.000000	0.000000	0.000000	-71.104365	0.000000	0.000000	0.000000
1764624070.761206627	0.000000	0.000000	-0.422169	0.000000	0.000000	0.000000	0.000000	0.000000	nan	0.000000	0.000000	0.000000	0.000000	0.000000	0.000000	0.000000	0.000000	0.000000	0.000000	0.000000	-71.104365	0.000000	0.000000	0.000000
1764624070.775504351	0.000000	0.000000	-0.331527	0.000000	0.000000	0.000000	0.000000	0.000000	nan	0.000000	0.000000	0.000000	0.000000	0.000000	0.000000	0.000000	0.000000	0.000000	0.000000	0.000000	-71.104365	0.000000	0.000000	0.000000
1764624070.779516459	0.000000	0.000000	-0.257073	0.000000	0.000000	0.000000	0.000000	0.000000	nan	0.000000	0.000000	0.000000	0.000000	0.000000	0.000000	0.000000	0.000000	0.000000	0.000000	0.000000	-71.104365	0.000000	0.000000	0.000000
1764624070.788806438	0.000000	0.000000	-0.453357	0.000000	0.000000	0.000000	0.000000	0.000000	nan	0.000000	0.000000	0.000000	0.000000	0.000000	0.000000	0.000000	0.000000	0.000000	0.000000	0.000000	-71.104365	0.000000	0.000000	0.000000
1764624070.803851366	0.000000	0.000000	-0.289525	0.000000	0.000000	0.000000	0.000000	0.000000	nan	0.000000	0.000000	0.000000	0.000000	0.000000	0.000000	0.000000	0.000000	0.000000	0.000000	0.000000	-71.104365	0.000000	0.000000	0.000000
1764624070.810232162	0.000000	0.000000	-0.397317	0.000000	0.000000	0.000000	0.000000	0.000000	nan	0.000000	0.000000	0.000000	0.000000	0.000000	0.000000	0.000000	0.000000	0.000000	0.000000	0.000000	-71.104365	0.000000	0.000000	0.000000
1764624070.820281506	0.000000	0.000000	-0.427659	0.000000	0.000000	0.000000	0.000000	0.000000	nan	0.000000	0.000000	0.000000	0.000000	0.000000	0.000000	0.000000	0.000000	0.000000	0.000000	0.000000	-71.104365	0.000000	0.000000	0.000000
1764624070.829370737	0.000000	0.000000	-0.156793	0.000000	0.000000	0.000000	0.000000	0.000000	nan	0.000000	0.000000	0.000000	0.000000	0.000000	0.000000	0.000000	0.000000	0.000000	0.000000	0.000000	-71.104365	0.000000	0.000000	0.000000
1764624070.839628935	0.000000	0.000000	-0.432171	0.000000	0.000000	0.000000	0.000000	0.000000	nan	0.000000	0.000000	0.000000	0.000000	0.000000	0.000000	0.000000	0.000000	0.000000	0.000000	0.000000	-71.104365	0.000000	0.000000	0.000000
1764624070.861844540	0.000000	0.000000	-0.277125	0.000000	0.000000	0.000000	0.000000	0.000000	nan	0.000000	0.000000	0.000000	0.000000	0.000000	0.000000	0.000000	0.000000	0.000000	0.000000	0.000000	-71.104365	0.000000	0.000000	0.000000
1764624070.861867666	0.000000	0.000000	-0.289348	0.000000	0.000000	0.000000	0.000000	0.000000	nan	0.000000	0.000000	0.000000	0.000000	0.000000	0.000000	0.000000	0.000000	0.000000	0.000000	0.000000	-71.104365	0.000000	0.000000	0.000000
1764624070.869664907	0.000000	0.000000	-0.427269	0.000000	0.000000	0.000000	0.000000	0.000000	nan	0.000000	0.000000	0.000000	0.000000	0.000000	0.000000	0.000000	0.000000	0.000000	0.000000	0.000000	-71.104365	0.000000	0.000000	0.000000
1764624070.879915476	0.000000	0.000000	-0.273129	0.000000	0.000000	0.000000	0.000000	0.000000	nan	0.000000	0.000000	0.000000	0.000000	0.000000	0.000000	0.000000	0.000000	0.000000	0.000000	0.000000	-71.104365	0.000000	0.000000	0.000000
1764624070.889817476	0.000000	0.000000	-0.324751	0.000000	0.000000	0.000000	0.000000	0.000000	nan	0.000000	0.000000	0.000000	0.000000	0.000000	0.000000	0.000000	0.000000	0.000000	0.000000	0.000000	-71.104365	0.000000	0.000000	0.000000
1764624070.898924828	0.000000	0.000000	-0.385195	0.000000	0.000000	0.000000	0.000000	0.000000	nan	0.000000	0.000000	0.000000	0.000000	0.000000	0.000000	0.000000	0.000000	0.000000	0.000000	0.000000	-71.104365	0.000000	0.000000	0.000000
1764624070.909879923	0.000000	0.000000	-0.342487	0.000000	0.000000	0.000000	0.000000	0.000000	nan	0.000000	0.000000	0.000000	0.000000	0.000000	0.000000	0.000000	0.000000	0.000000	0.000000	0.000000	-71.104365	0.000000	0.000000	0.000000
1764624070.920216799	0.000000	0.000000	-0.377649	0.000000	0.000000	0.000000	0.000000	0.000000	nan	0.000000	0.000000	0.000000	0.000000	0.000000	0.000000	0.000000	0.000000	0.000000	0.000000	0.000000	-71.104365	0.000000	0.000000	0.000000
1764624070.934803486	0.000000	0.000000	-0.281793	0.000000	0.000000	0.000000	0.000000	0.000000	nan	0.000000	0.000000	0.000000	0.000000	0.000000	0.000000	0.000000	0.000000	0.000000	0.000000	0.000000	-71.104365	0.000000	0.000000	0.000000
1764624070.940116882	0.000000	0.000000	-0.273920	0.000000	0.000000	0.000000	0.000000	0.000000	nan	0.000000	0.000000	0.000000	0.000000	0.000000	0.000000	0.000000	0.000000	0.000000	0.000000	0.000000	-71.104365	0.000000	0.000000	0.000000
1764624070.949780941	0.000000	0.000000	-0.475332	0.000000	0.000000	0.000000	0.000000	0.000000	nan	0.000000	0.000000	0.000000	0.000000	0.000000	0.000000	0.000000	0.000000	0.000000	0.000000	0.000000	-71.104365	0.000000	0.000000	0.000000
1764624070.963688850	0.000000	0.000000	-0.321544	0.000000	0.000000	0.000000	0.000000	0.000000	nan	0.000000	0.000000	0.000000	0.000000	0.000000	0.000000	0.000000	0.000000	0.000000	0.000000	0.000000	-71.104365	0.000000	0.000000	0.000000
1764624070.970091581	0.000000	0.000000	-0.308872	0.000000	0.000000	0.000000	0.000000	0.000000	nan	0.000000	0.000000	0.000000	0.000000	0.000000	0.000000	0.000000	0.000000	0.000000	0.000000	0.000000	-71.104365	0.000000	0.000000	0.000000
1764624070.980131149	0.000000	0.000000	-0.437826	0.000000	0.000000	0.000000	0.000000	0.000000	nan	0.000000	0.000000	0.000000	0.000000	0.000000	0.000000	0.000000	0.000000	0.000000	0.000000	0.000000	-71.104365	0.000000	0.000000	0.000000
1764624070.989533186	0.000000	0.000000	-0.177301	0.000000	0.000000	0.000000	0.000000	0.000000	nan	0.000000	0.000000	0.000000	0.000000	0.000000	0.000000	0.000000	0.000000	0.000000	0.000000	0.000000	-71.104365	0.000000	0.000000	0.000000
1764624070.998745680	0.000000	0.000000	-0.356892	0.000000	0.000000	0.000000	0.000000	0.000000	nan	0.000000	0.000000	0.000000	0.000000	0.000000	0.000000	0.000000	0.000000	0.000000	0.000000	0.000000	-71.104365	0.000000	0.000000	0.000000
1764624071.013978720	0.000000	0.000000	-0.393073	0.000000	0.000000	0.000000	0.000000	0.000000	nan	0.000000	0.000000	0.000000	0.000000	0.000000	0.000000	0.000000	0.000000	0.000000	0.000000	0.000000	-71.104365	0.000000	0.000000	0.000000
1764624071.019637108	0.000000	0.000000	-0.235256	0.000000	0.000000	0.000000	0.000000	0.000000	nan	0.000000	0.000000	0.000000	0.000000	0.000000	0.000000	0.000000	0.000000	0.000000	0.000000	0.000000	-71.104365	0.000000	0.000000	0.000000
1764624071.029609919	0.000000	0.000000	-0.462376	0.000000	0.000000	0.000000	0.000000	0.000000	nan	0.000000	0.000000	0.000000	0.000000	0.000000	0.000000	0.000000	0.000000	0.000000	0.000000	0.000000	-71.104365	0.000000	0.000000	0.000000
1764624071.047318935	0.000000	0.000000	-0.354266	0.000000	0.000000	0.000000	0.000000	0.000000	nan	0.000000	0.000000	0.000000	0.000000	0.000000	0.000000	0.000000	0.000000	0.000000	0.000000	0.000000	-71.104365	0.000000	0.000000	0.000000
1764624071.050411940	0.000000	0.000000	-0.343428	0.000000	0.000000	0.000000	0.000000	0.000000	nan	0.000000	0.000000	0.000000	0.000000	0.000000	0.000000	0.000000	0.000000	0.000000	0.000000	0.000000	-71.104365	0.000000	0.000000	0.000000
1764624071.059429884	0.000000	0.000000	-0.471431	0.000000	0.000000	0.000000	0.000000	0.000000	nan	0.000000	0.000000	0.000000	0.000000	0.000000	0.000000	0.000000	0.000000	0.000000	0.000000	0.000000	-71.104365	0.000000	0.000000	0.000000
1764624071.070905924	0.000000	0.000000	-0.163390	0.000000	0.000000	0.000000	0.000000	0.000000	nan	0.000000	0.000000	0.000000	0.000000	0.000000	0.000000	0.000000	0.000000	0.000000	0.000000	0.000000	-71.104365	0.000000	0.000000	0.000000
1764624071.084345102	0.000000	0.000000	-0.433114	0.000000	0.000000	0.000000	0.000000	0.000000	nan	0.000000	0.000000	0.000000	0.000000	0.000000	0.000000	0.000000	0.000000	0.000000	0.000000	0.000000	-71.104365	0.000000	0.000000	0.000000
1764624071.090130329	0.000000	0.000000	-0.197946	0.000000	0.000000	0.000000	0.000000	0.000000	nan	0.000000	0.000000	0.000000	0.000000	0.000000	0.000000	0.000000	0.000000	0.000000	0.000000	0.000000	-71.104365	0.000000	0.000000	0.000000
1764624071.098644018	0.000000	0.000000	-0.251033	0.000000	0.000000	0.000000	0.000000	0.000000	nan	0.000000	0.000000	0.000000	0.000000	0.000000	0.000000	0.000000	0.000000	0.000000	0.000000	0.000000	-71.104365	0.000000	0.000000	0.000000
1764624071.109988213	0.000000	0.000000	-0.357846	0.000000	0.000000	0.000000	0.000000	0.000000	nan	0.000000	0.000000	0.000000	0.000000	0.000000	0.000000	0.000000	0.000000	0.000000	0.000000	0.000000	-71.104365	0.000000	0.000000	0.000000
1764624071.119804382	0.000000	0.000000	-0.334523	0.000000	0.000000	0.000000	0.000000	0.000000	nan	0.000000	0.000000	0.000000	0.000000	0.000000	0.000000	0.000000	0.000000	0.000000	0.000000	0.000000	-71.104365	0.000000	0.000000	0.000000
1764624071.135607958	0.000000	0.000000	-0.273959	0.000000	0.000000	0.000000	0.000000	0.000000	nan	0.000000	0.000000	0.000000	0.000000	0.000000	0.000000	0.000000	0.000000	0.000000	0.000000	0.000000	-71.104365	0.000000	0.000000	0.000000
1764624071.139142752	0.000000	0.000000	-0.488519	0.000000	0.000000	0.000000	0.000000	0.000000	nan	0.000000	0.000000	0.000000	0.000000	0.000000	0.000000	0.000000	0.000000	0.000000	0.000000	0.000000	-71.104365	0.000000	0.000000	0.000000
1764624071.149914503	0.000000	0.000000	-0.072035	0.000000	0.000000	0.000000	0.000000	0.000000	nan	0.000000	0.000000	0.000000	0.000000	0.000000	0.000000	0.000000	0.000000	0.000000	0.000000	0.000000	-71.104365	0.000000	0.000000	0.000000
1764624071.168350935	0.000000	0.000000	-0.505996	0.000000	0.000000	0.000000	0.000000	0.000000	nan	0.000000	0.000000	0.000000	0.000000	0.000000	0.000000	0.000000	0.000000	0.000000	0.000000	0.000000	-71.104365	0.000000	0.000000	0.000000
1764624071.168359518	0.000000	0.000000	-0.217580	0.000000	0.000000	0.000000	0.000000	0.000000	nan	0.000000	0.000000	0.000000	0.000000	0.000000	0.000000	0.000000	0.000000	0.000000	0.000000	0.000000	-71.104365	0.000000	0.000000	0.000000
1764624071.180580616	0.000000	0.000000	-0.343753	0.000000	0.000000	0.000000	0.000000	0.000000	nan	0.000000	0.000000	0.000000	0.000000	0.000000	0.000000	0.000000	0.000000	0.000000	0.000000	0.000000	-71.104365	0.000000	0.000000	0.000000
1764624071.189151764	0.000000	0.000000	-0.316470	0.000000	0.000000	0.000000	0.000000	0.000000	nan	0.000000	0.000000	0.000000	0.000000	0.000000	0.000000	0.000000	0.000000	0.000000	0.000000	0.000000	-71.104365	0.000000	0.000000	0.000000
1764624071.199145317	0.000000	0.000000	-0.328789	0.000000	0.000000	0.000000	0.000000	0.000000	nan	0.000000	0.000000	0.000000	0.000000	0.000000	0.000000	0.000000	0.000000	0.000000	0.000000	0.000000	-71.104365	0.000000	0.000000	0.000000
1764624071.221326113	0.000000	0.000000	-0.305085	0.000000	0.000000	0.000000	0.000000	0.000000	nan	0.000000	0.000000	0.000000	0.000000	0.000000	0.000000	0.000000	0.000000	0.000000	0.000000	0.000000	-71.104365	0.000000	0.000000	0.000000
1764624071.221335173	0.000000	0.000000	-0.439166	0.000000	0.000000	0.000000	0.000000	0.000000	nan	0.000000	0.000000	0.000000	0.000000	0.000000	0.000000	0.000000	0.000000	0.000000	0.000000	0.000000	-71.104365	0.000000	0.000000	0.000000
1764624071.229938745	0.000000	0.000000	-0.055758	0.000000	0.000000	0.000000	0.000000	0.000000	nan	0.000000	0.000000	0.000000	0.000000	0.000000	0.000000	0.000000	0.000000	0.000000	0.000000	0.000000	-71.104365	0.000000	0.000000	0.000000
1764624071.251563072	0.000000	0.000000	-0.440331	0.000000	0.000000	0.000000	0.000000	0.000000	nan	0.000000	0.000000	0.000000	0.000000	0.000000	0.000000	0.000000	0.000000	0.000000	0.000000	0.000000	-71.104365	0.000000	0.000000	0.000000
1764624071.251573801	0.000000	0.000000	-0.244152	0.000000	0.000000	0.000000	0.000000	0.000000	nan	0.000000	0.000000	0.000000	0.000000	0.000000	0.000000	0.000000	0.000000	0.000000	0.000000	0.000000	-71.104365	0.000000	0.000000	0.000000
1764624071.259193182	0.000000	0.000000	-0.302103	0.000000	0.000000	0.000000	0.000000	0.000000	nan	0.000000	0.000000	0.000000	0.000000	0.000000	0.000000	0.000000	0.000000	0.000000	0.000000	0.000000	-71.104365	0.000000	0.000000	0.000000
1764624071.269598484	0.000000	0.000000	-0.431188	0.000000	0.000000	0.000000	0.000000	0.000000	nan	0.000000	0.000000	0.000000	0.000000	0.000000	0.000000	0.000000	0.000000	0.000000	0.000000	0.000000	-71.104365	0.000000	0.000000	0.000000
1764624071.279758215	0.000000	0.000000	-0.324177	0.000000	0.000000	0.000000	0.000000	0.000000	nan	0.000000	0.000000	0.000000	0.000000	0.000000	0.000000	0.000000	0.000000	0.000000	0.000000	0.000000	-71.104365	0.000000	0.000000	0.000000
1764624071.300865650	0.000000	0.000000	-0.395224	0.000000	0.000000	0.000000	0.000000	0.000000	nan	0.000000	0.000000	0.000000	0.000000	0.000000	0.000000	0.000000	0.000000	0.000000	0.000000	0.000000	-71.104365	0.000000	0.000000	0.000000
1764624071.300878763	0.000000	0.000000	-0.411251	0.000000	0.000000	0.000000	0.000000	0.000000	nan	0.000000	0.000000	0.000000	0.000000	0.000000	0.000000	0.000000	0.000000	0.000000	0.000000	0.000000	-71.104365	0.000000	0.000000	0.000000
1764624071.309042454	0.000000	0.000000	-0.134942	0.000000	0.000000	0.000000	0.000000	0.000000	nan	0.000000	0.000000	0.000000	0.000000	0.000000	0.000000	0.000000	0.000000	0.000000	0.000000	0.000000	-71.104365	0.000000	0.000000	0.000000
1764624071.332462788	0.000000	0.000000	-0.405778	0.000000	0.000000	0.000000	0.000000	0.000000	nan	0.000000	0.000000	0.000000	0.000000	0.000000	0.000000	0.000000	0.000000	0.000000	0.000000	0.000000	-71.104365	0.000000	0.000000	0.000000
1764624071.333888292	0.000000	0.000000	-0.308913	0.000000	0.000000	0.000000	0.000000	0.000000	nan	0.000000	0.000000	0.000000	0.000000	0.000000	0.000000	0.000000	0.000000	0.000000	0.000000	0.000000	-71.104365	0.000000	0.000000	0.000000
1764624071.339660168	0.000000	0.000000	-0.280716	0.000000	0.000000	0.000000	0.000000	0.000000	nan	0.000000	0.000000	0.000000	0.000000	0.000000	0.000000	0.000000	0.000000	0.000000	0.000000	0.000000	-71.104365	0.000000	0.000000	0.000000
1764624071.349893332	0.000000	0.000000	-0.444169	0.000000	0.000000	0.000000	0.000000	0.000000	nan	0.000000	0.000000	0.000000	0.000000	0.000000	0.000000	0.000000	0.000000	0.000000	0.000000	0.000000	-71.104365	0.000000	0.000000	0.000000
1764624071.374835253	0.000000	0.000000	-0.195486	0.000000	0.000000	0.000000	0.000000	0.000000	nan	0.000000	0.000000	0.000000	0.000000	0.000000	0.000000	0.000000	0.000000	0.000000	0.000000	0.000000	-71.104365	0.000000	0.000000	0.000000
1764624071.374844074	0.000000	0.000000	-0.325516	0.000000	0.000000	0.000000	0.000000	0.000000	nan	0.000000	0.000000	0.000000	0.000000	0.000000	0.000000	0.000000	0.000000	0.000000	0.000000	0.000000	-71.104365	0.000000	0.000000	0.000000
1764624071.379327059	0.000000	0.000000	-0.402845	0.000000	0.000000	0.000000	0.000000	0.000000	nan	0.000000	0.000000	0.000000	0.000000	0.000000	0.000000	0.000000	0.000000	0.000000	0.000000	0.000000	-71.104365	0.000000	0.000000	0.000000
1764624071.389679909	0.000000	0.000000	-0.212352	0.000000	0.000000	0.000000	0.000000	0.000000	nan	0.000000	0.000000	0.000000	0.000000	0.000000	0.000000	0.000000	0.000000	0.000000	0.000000	0.000000	-71.104365	0.000000	0.000000	0.000000
1764624071.399503231	0.000000	0.000000	-0.410476	0.000000	0.000000	0.000000	0.000000	0.000000	nan	0.000000	0.000000	0.000000	0.000000	0.000000	0.000000	0.000000	0.000000	0.000000	0.000000	0.000000	-71.104365	0.000000	0.000000	0.000000
1764624071.423366070	0.000000	0.000000	-0.223293	0.000000	0.000000	0.000000	0.000000	0.000000	nan	0.000000	0.000000	0.000000	0.000000	0.000000	0.000000	0.000000	0.000000	0.000000	0.000000	0.000000	-71.104365	0.000000	0.000000	0.000000
1764624071.423382282	0.000000	0.000000	-0.352024	0.000000	0.000000	0.000000	0.000000	0.000000	nan	0.000000	0.000000	0.000000	0.000000	0.000000	0.000000	0.000000	0.000000	0.000000	0.000000	0.000000	-71.104365	0.000000	0.000000	0.000000
1764624071.429811478	0.000000	0.000000	-0.469630	0.000000	0.000000	0.000000	0.000000	0.000000	nan	0.000000	0.000000	0.000000	0.000000	0.000000	0.000000	0.000000	0.000000	0.000000	0.000000	0.000000	-71.104365	0.000000	0.000000	0.000000
1764624071.451581240	0.000000	0.000000	-0.161909	0.000000	0.000000	0.000000	0.000000	0.000000	nan	0.000000	0.000000	0.000000	0.000000	0.000000	0.000000	0.000000	0.000000	0.000000	0.000000	0.000000	-71.104365	0.000000	0.000000	0.000000
1764624071.453114986	0.000000	0.000000	-0.428209	0.000000	0.000000	0.000000	0.000000	0.000000	nan	0.000000	0.000000	0.000000	0.000000	0.000000	0.000000	0.000000	0.000000	0.000000	0.000000	0.000000	-71.104365	0.000000	0.000000	0.000000
1764624071.460062742	0.000000	0.000000	-0.296480	0.000000	0.000000	0.000000	0.000000	0.000000	nan	0.000000	0.000000	0.000000	0.000000	0.000000	0.000000	0.000000	0.000000	0.000000	0.000000	0.000000	-71.104365	0.000000	0.000000	0.000000
1764624071.469867945	0.000000	0.000000	-0.269446	0.000000	0.000000	0.000000	0.000000	0.000000	nan	0.000000	0.000000	0.000000	0.000000	0.000000	0.000000	0.000000	0.000000	0.000000	0.000000	0.000000	-71.104365	0.000000	0.000000	0.000000
1764624071.479762793	0.000000	0.000000	-0.328009	0.000000	0.000000	0.000000	0.000000	0.000000	nan	0.000000	0.000000	0.000000	0.000000	0.000000	0.000000	0.000000	0.000000	0.000000	0.000000	0.000000	-71.104365	0.000000	0.000000	0.000000
1764624071.493940830	0.000000	0.000000	-0.149320	0.000000	0.000000	0.000000	0.000000	0.000000	nan	0.000000	0.000000	0.000000	0.000000	0.000000	0.000000	0.000000	0.000000	0.000000	0.000000	0.000000	-71.104365	0.000000	0.000000	0.000000
1764624071.499095201	0.000000	0.000000	-0.271244	0.000000	0.000000	0.000000	0.000000	0.000000	nan	0.000000	0.000000	0.000000	0.000000	0.000000	0.000000	0.000000	0.000000	0.000000	0.000000	0.000000	-71.104365	0.000000	0.000000	0.000000
1764624071.509556770	0.000000	0.000000	-0.349440	0.000000	0.000000	0.000000	0.000000	0.000000	nan	0.000000	0.000000	0.000000	0.000000	0.000000	0.000000	0.000000	0.000000	0.000000	0.000000	0.000000	-71.104365	0.000000	0.000000	0.000000
1764624071.532346725	0.000000	0.000000	-0.285102	0.000000	0.000000	0.000000	0.000000	0.000000	nan	0.000000	0.000000	0.000000	0.000000	0.000000	0.000000	0.000000	0.000000	0.000000	0.000000	0.000000	-71.104365	0.000000	0.000000	0.000000
1764624071.532355785	0.000000	0.000000	-0.413666	0.000000	0.000000	0.000000	0.000000	0.000000	nan	0.000000	0.000000	0.000000	0.000000	0.000000	0.000000	0.000000	0.000000	0.000000	0.000000	0.000000	-71.104365	0.000000	0.000000	0.000000
1764624071.540051460	0.000000	0.000000	-0.351696	0.000000	0.000000	0.000000	0.000000	0.000000	nan	0.000000	0.000000	0.000000	0.000000	0.000000	0.000000	0.000000	0.000000	0.000000	0.000000	0.000000	-71.104365	0.000000	0.000000	0.000000
1764624071.560712337	0.000000	0.000000	-0.311418	0.000000	0.000000	0.000000	0.000000	0.000000	nan	0.000000	0.000000	0.000000	0.000000	0.000000	0.000000	0.000000	0.000000	0.000000	0.000000	0.000000	-71.104365	0.000000	0.000000	0.000000
1764624071.584420204	0.000000	0.000000	-0.172620	0.000000	0.000000	0.000000	0.000000	0.000000	nan	0.000000	0.000000	0.000000	0.000000	0.000000	0.000000	0.000000	0.000000	0.000000	0.000000	0.000000	-71.104365	0.000000	0.000000	0.000000
1764624071.585705280	0.000000	0.000000	-0.305308	0.000000	0.000000	0.000000	0.000000	0.000000	nan	0.000000	0.000000	0.000000	0.000000	0.000000	0.000000	0.000000	0.000000	0.000000	0.000000	0.000000	-71.104365	0.000000	0.000000	0.000000
1764624071.591190100	0.000000	0.000000	-0.322562	0.000000	0.000000	0.000000	0.000000	0.000000	nan	0.000000	0.000000	0.000000	0.000000	0.000000	0.000000	0.000000	0.000000	0.000000	0.000000	0.000000	-71.104365	0.000000	0.000000	0.000000
1764624071.600043774	0.000000	0.000000	-0.308346	0.000000	0.000000	0.000000	0.000000	0.000000	nan	0.000000	0.000000	0.000000	0.000000	0.000000	0.000000	0.000000	0.000000	0.000000	0.000000	0.000000	-71.104365	0.000000	0.000000	0.000000
1764624071.621305227	0.000000	0.000000	-0.244935	0.000000	0.000000	0.000000	0.000000	0.000000	nan	0.000000	0.000000	0.000000	0.000000	0.000000	0.000000	0.000000	0.000000	0.000000	0.000000	0.000000	-71.104365	0.000000	0.000000	0.000000
1764624071.621315479	0.000000	0.000000	-0.412339	0.000000	0.000000	0.000000	0.000000	0.000000	nan	0.000000	0.000000	0.000000	0.000000	0.000000	0.000000	0.000000	0.000000	0.000000	0.000000	0.000000	-71.104365	0.000000	0.000000	0.000000
1764624071.629613638	0.000000	0.000000	-0.144082	0.000000	0.000000	0.000000	0.000000	0.000000	nan	0.000000	0.000000	0.000000	0.000000	0.000000	0.000000	0.000000	0.000000	0.000000	0.000000	0.000000	-71.104365	0.000000	0.000000	0.000000
1764624071.642167807	0.000000	0.000000	-0.340960	0.000000	0.000000	0.000000	0.000000	0.000000	nan	0.000000	0.000000	0.000000	0.000000	0.000000	0.000000	0.000000	0.000000	0.000000	0.000000	0.000000	-71.104365	0.000000	0.000000	0.000000
1764624071.650305271	0.000000	0.000000	-0.205668	0.000000	0.000000	0.000000	0.000000	0.000000	nan	0.000000	0.000000	0.000000	0.000000	0.000000	0.000000	0.000000	0.000000	0.000000	0.000000	0.000000	-71.104365	0.000000	0.000000	0.000000
1764624071.660010338	0.000000	0.000000	-0.179548	0.000000	0.000000	0.000000	0.000000	0.000000	nan	0.000000	0.000000	0.000000	0.000000	0.000000	0.000000	0.000000	0.000000	0.000000	0.000000	0.000000	-71.104365	0.000000	0.000000	0.000000
1764624071.669790030	0.000000	0.000000	-0.402975	0.000000	0.000000	0.000000	0.000000	0.000000	nan	0.000000	0.000000	0.000000	0.000000	0.000000	0.000000	0.000000	0.000000	0.000000	0.000000	0.000000	-71.104365	0.000000	0.000000	0.000000
1764624071.682302713	0.000000	0.000000	-0.234889	0.000000	0.000000	0.000000	0.000000	0.000000	nan	0.000000	0.000000	0.000000	0.000000	0.000000	0.000000	0.000000	0.000000	0.000000	0.000000	0.000000	-71.104365	0.000000	0.000000	0.000000
1764624071.689881802	0.000000	0.000000	-0.292730	0.000000	0.000000	0.000000	0.000000	0.000000	nan	0.000000	0.000000	0.000000	0.000000	0.000000	0.000000	0.000000	0.000000	0.000000	0.000000	0.000000	-71.104365	0.000000	0.000000	0.000000
1764624071.699960709	0.000000	0.000000	-0.299525	0.000000	0.000000	0.000000	0.000000	0.000000	nan	0.000000	0.000000	0.000000	0.000000	0.000000	0.000000	0.000000	0.000000	0.000000	0.000000	0.000000	-71.104365	0.000000	0.000000	0.000000
1764624071.710447311	0.000000	0.000000	-0.234726	0.000000	0.000000	0.000000	0.000000	0.000000	nan	0.000000	0.000000	0.000000	0.000000	0.000000	0.000000	0.000000	0.000000	0.000000	0.000000	0.000000	-71.104365	0.000000	0.000000	0.000000
1764624071.720216274	0.000000	0.000000	-0.342230	0.000000	0.000000	0.000000	0.000000	0.000000	nan	0.000000	0.000000	0.000000	0.000000	0.000000	0.000000	0.000000	0.000000	0.000000	0.000000	0.000000	-71.104365	0.000000	0.000000	0.000000
1764624071.742909431	0.000000	0.000000	-0.053858	0.000000	0.000000	0.000000	0.000000	0.000000	nan	0.000000	0.000000	0.000000	0.000000	0.000000	0.000000	0.000000	0.000000	0.000000	0.000000	0.000000	-71.104365	0.000000	0.000000	0.000000
1764624071.742921829	0.000000	0.000000	-0.222404	0.000000	0.000000	0.000000	0.000000	0.000000	nan	0.000000	0.000000	0.000000	0.000000	0.000000	0.000000	0.000000	0.000000	0.000000	0.000000	0.000000	-71.104365	0.000000	0.000000	0.000000
1764624071.749419689	0.000000	0.000000	-0.194000	0.000000	0.000000	0.000000	0.000000	0.000000	nan	0.000000	0.000000	0.000000	0.000000	0.000000	0.000000	0.000000	0.000000	0.000000	0.000000	0.000000	-71.104365	0.000000	0.000000	0.000000
1764624071.759489298	0.000000	0.000000	-0.312420	0.000000	0.000000	0.000000	0.000000	0.000000	nan	0.000000	0.000000	0.000000	0.000000	0.000000	0.000000	0.000000	0.000000	0.000000	0.000000	0.000000	-71.104365	0.000000	0.000000	0.000000
1764624071.776054144	0.000000	0.000000	-0.156661	0.000000	0.000000	0.000000	0.000000	0.000000	nan	0.000000	0.000000	0.000000	0.000000	0.000000	0.000000	0.000000	0.000000	0.000000	0.000000	0.000000	-71.104365	0.000000	0.000000	0.000000
1764624071.779351234	0.000000	0.000000	-0.276229	0.000000	0.000000	0.000000	0.000000	0.000000	nan	0.000000	0.000000	0.000000	0.000000	0.000000	0.000000	0.000000	0.000000	0.000000	0.000000	0.000000	-71.104365	0.000000	0.000000	0.000000
1764624071.789372206	0.000000	0.000000	-0.266426	0.000000	0.000000	0.000000	0.000000	0.000000	nan	0.000000	0.000000	0.000000	0.000000	0.000000	0.000000	0.000000	0.000000	0.000000	0.000000	0.000000	-71.104365	0.000000	0.000000	0.000000
1764624071.811612129	0.000000	0.000000	-0.242805	0.000000	0.000000	0.000000	0.000000	0.000000	nan	0.000000	0.000000	0.000000	0.000000	0.000000	0.000000	0.000000	0.000000	0.000000	0.000000	0.000000	-71.104365	0.000000	0.000000	0.000000
1764624071.811623096	0.000000	0.000000	-0.108988	0.000000	0.000000	0.000000	0.000000	0.000000	nan	0.000000	0.000000	0.000000	0.000000	0.000000	0.000000	0.000000	0.000000	0.000000	0.000000	0.000000	-71.104365	0.000000	0.000000	0.000000
1764624071.818778038	0.000000	0.000000	-0.224608	0.000000	0.000000	0.000000	0.000000	0.000000	nan	0.000000	0.000000	0.000000	0.000000	0.000000	0.000000	0.000000	0.000000	0.000000	0.000000	0.000000	-71.104365	0.000000	0.000000	0.000000
1764624071.829183340	0.000000	0.000000	-0.251334	0.000000	0.000000	0.000000	0.000000	0.000000	nan	0.000000	0.000000	0.000000	0.000000	0.000000	0.000000	0.000000	0.000000	0.000000	0.000000	0.000000	-71.104365	0.000000	0.000000	0.000000
1764624071.838899374	0.000000	0.000000	-0.144687	0.000000	0.000000	0.000000	0.000000	0.000000	nan	0.000000	0.000000	0.000000	0.000000	0.000000	0.000000	0.000000	0.000000	0.000000	0.000000	0.000000	-71.104365	0.000000	0.000000	0.000000
1764624071.860909700	0.000000	0.000000	-0.135210	0.000000	0.000000	0.000000	0.000000	0.000000	nan	0.000000	0.000000	0.000000	0.000000	0.000000	0.000000	0.000000	0.000000	0.000000	0.000000	0.000000	-71.104365	0.000000	0.000000	0.000000
1764624071.860924482	0.000000	0.000000	-0.181542	0.000000	0.000000	0.000000	0.000000	0.000000	nan	0.000000	0.000000	0.000000	0.000000	0.000000	0.000000	0.000000	0.000000	0.000000	0.000000	0.000000	-71.104365	0.000000	0.000000	0.000000
1764624071.869286537	0.000000	0.000000	-0.318531	0.000000	0.000000	0.000000	0.000000	0.000000	nan	0.000000	0.000000	0.000000	0.000000	0.000000	0.000000	0.000000	0.000000	0.000000	0.000000	0.000000	-71.104365	0.000000	0.000000	0.000000
1764624071.884948254	0.000000	0.000000	-0.064337	0.000000	0.000000	0.000000	0.000000	0.000000	nan	0.000000	0.000000	0.000000	0.000000	0.000000	0.000000	0.000000	0.000000	0.000000	0.000000	0.000000	-71.104365	0.000000	0.000000	0.000000
1764624071.895050287	0.000000	0.000000	-0.298706	0.000000	0.000000	0.000000	0.000000	0.000000	nan	0.000000	0.000000	0.000000	0.000000	0.000000	0.000000	0.000000	0.000000	0.000000	0.000000	0.000000	-71.104365	0.000000	0.000000	0.000000
1764624071.898908854	0.000000	0.000000	0.027081	0.000000	0.000000	0.000000	0.000000	0.000000	nan	0.000000	0.000000	0.000000	0.000000	0.000000	0.000000	0.000000	0.000000	0.000000	0.000000	0.000000	-71.104365	0.000000	0.000000	0.000000
1764624071.908895493	0.000000	0.000000	-0.331908	0.000000	0.000000	0.000000	0.000000	0.000000	nan	0.000000	0.000000	0.000000	0.000000	0.000000	0.000000	0.000000	0.000000	0.000000	0.000000	0.000000	-71.104365	0.000000	0.000000	0.000000
1764624071.924001217	0.000000	0.000000	-0.135356	0.000000	0.000000	0.000000	0.000000	0.000000	nan	0.000000	0.000000	0.000000	0.000000	0.000000	0.000000	0.000000	0.000000	0.000000	0.000000	0.000000	-71.104365	0.000000	0.000000	0.000000
1764624071.929339409	0.000000	0.000000	-0.065293	0.000000	0.000000	0.000000	0.000000	0.000000	nan	0.000000	0.000000	0.000000	0.000000	0.000000	0.000000	0.000000	0.000000	0.000000	0.000000	0.000000	-71.104365	0.000000	0.000000	0.000000
1764624071.940132380	0.000000	0.000000	-0.396493	0.000000	0.000000	0.000000	0.000000	0.000000	nan	0.000000	0.000000	0.000000	0.000000	0.000000	0.000000	0.000000	0.000000	0.000000	0.000000	0.000000	-71.104365	0.000000	0.000000	0.000000
1764624071.950201511	0.000000	0.000000	-0.101106	0.000000	0.000000	0.000000	0.000000	0.000000	nan	0.000000	0.000000	0.000000	0.000000	0.000000	0.000000	0.000000	0.000000	0.000000	0.000000	0.000000	-71.104365	0.000000	0.000000	0.000000
1764624071.972944498	0.000000	0.000000	-0.243174	0.000000	0.000000	0.000000	0.000000	0.000000	nan	0.000000	0.000000	0.000000	0.000000	0.000000	0.000000	0.000000	0.000000	0.000000	0.000000	0.000000	-71.104365	0.000000	0.000000	0.000000
1764624071.974432468	0.000000	0.000000	-0.082959	0.000000	0.000000	0.000000	0.000000	0.000000	nan	0.000000	0.000000	0.000000	0.000000	0.000000	0.000000	0.000000	0.000000	0.000000	0.000000	0.000000	-71.104365	0.000000	0.000000	0.000000
1764624071.979233503	0.000000	0.000000	-0.120881	0.000000	0.000000	0.000000	0.000000	0.000000	nan	0.000000	0.000000	0.000000	0.000000	0.000000	0.000000	0.000000	0.000000	0.000000	0.000000	0.000000	-71.104365	0.000000	0.000000	0.000000
1764624071.989141941	0.000000	0.000000	-0.111117	0.000000	0.000000	0.000000	0.000000	0.000000	nan	0.000000	0.000000	0.000000	0.000000	0.000000	0.000000	0.000000	0.000000	0.000000	0.000000	0.000000	-71.104365	0.000000	0.000000	0.000000
1764624072.009081364	0.000000	0.000000	-0.278870	0.000000	0.000000	0.000000	0.000000	0.000000	nan	0.000000	0.000000	0.000000	0.000000	0.000000	0.000000	0.000000	0.000000	0.000000	0.000000	0.000000	-71.104365	0.000000	0.000000	0.000000
1764624072.011004448	0.000000	0.000000	-0.071953	0.000000	0.000000	0.000000	0.000000	0.000000	nan	0.000000	0.000000	0.000000	0.000000	0.000000	0.000000	0.000000	0.000000	0.000000	0.000000	0.000000	-71.104365	0.000000	0.000000	0.000000
1764624072.020220757	0.000000	0.000000	-0.229603	0.000000	0.000000	0.000000	0.000000	0.000000	nan	0.000000	0.000000	0.000000	0.000000	0.000000	0.000000	0.000000	0.000000	0.000000	0.000000	0.000000	-71.104365	0.000000	0.000000	0.000000
1764624072.030207872	0.000000	0.000000	-0.089424	0.000000	0.000000	0.000000	0.000000	0.000000	nan	0.000000	0.000000	0.000000	0.000000	0.000000	0.000000	0.000000	0.000000	0.000000	0.000000	0.000000	-71.104365	0.000000	0.000000	0.000000
1764624072.039390802	0.000000	0.000000	-0.148475	0.000000	0.000000	0.000000	0.000000	0.000000	nan	0.000000	0.000000	0.000000	0.000000	0.000000	0.000000	0.000000	0.000000	0.000000	0.000000	0.000000	-71.104365	0.000000	0.000000	0.000000
1764624072.057911158	0.000000	0.000000	-0.145779	0.000000	0.000000	0.000000	0.000000	0.000000	nan	0.000000	0.000000	0.000000	0.000000	0.000000	0.000000	0.000000	0.000000	0.000000	0.000000	0.000000	-71.104365	0.000000	0.000000	0.000000
1764624072.057921648	0.000000	0.000000	-0.015487	0.000000	0.000000	0.000000	0.000000	0.000000	nan	0.000000	0.000000	0.000000	0.000000	0.000000	0.000000	0.000000	0.000000	0.000000	0.000000	0.000000	-71.104365	0.000000	0.000000	0.000000
1764624072.069656372	0.000000	0.000000	-0.223638	0.000000	0.000000	0.000000	0.000000	0.000000	nan	0.000000	0.000000	0.000000	0.000000	0.000000	0.000000	0.000000	0.000000	0.000000	0.000000	0.000000	-71.104365	0.000000	0.000000	0.000000
1764624072.079823017	0.000000	0.000000	-0.017730	0.000000	0.000000	0.000000	0.000000	0.000000	nan	0.000000	0.000000	0.000000	0.000000	0.000000	0.000000	0.000000	0.000000	0.000000	0.000000	0.000000	-71.104365	0.000000	0.000000	0.000000
1764624072.104295254	0.000000	0.000000	-0.080468	0.000000	0.000000	0.000000	0.000000	0.000000	nan	0.000000	0.000000	0.000000	0.000000	0.000000	0.000000	0.000000	0.000000	0.000000	0.000000	0.000000	-71.104365	0.000000	0.000000	0.000000
1764624072.104304075	0.000000	0.000000	-0.138591	0.000000	0.000000	0.000000	0.000000	0.000000	nan	0.000000	0.000000	0.000000	0.000000	0.000000	0.000000	0.000000	0.000000	0.000000	0.000000	0.000000	-71.104365	0.000000	0.000000	0.000000
1764624072.109477043	0.000000	0.000000	-0.072370	0.000000	0.000000	0.000000	0.000000	0.000000	nan	0.000000	0.000000	0.000000	0.000000	0.000000	0.000000	0.000000	0.000000	0.000000	0.000000	0.000000	-71.104365	0.000000	0.000000	0.000000
1764624072.132560253	0.000000	0.000000	-0.132950	0.000000	0.000000	0.000000	0.000000	0.000000	nan	0.000000	0.000000	0.000000	0.000000	0.000000	0.000000	0.000000	0.000000	0.000000	0.000000	0.000000	-71.104365	0.000000	0.000000	0.000000
1764624072.132573366	0.000000	0.000000	-0.088857	0.000000	0.000000	0.000000	0.000000	0.000000	nan	0.000000	0.000000	0.000000	0.000000	0.000000	0.000000	0.000000	0.000000	0.000000	0.000000	0.000000	-71.104365	0.000000	0.000000	0.000000
1764624072.139657021	0.000000	0.000000	-0.106376	0.000000	0.000000	0.000000	0.000000	0.000000	nan	0.000000	0.000000	0.000000	0.000000	0.000000	0.000000	0.000000	0.000000	0.000000	0.000000	0.000000	-71.104365	0.000000	0.000000	0.000000
1764624072.150190592	0.000000	0.000000	-0.030711	0.000000	0.000000	0.000000	0.000000	0.000000	nan	0.000000	0.000000	0.000000	0.000000	0.000000	0.000000	0.000000	0.000000	0.000000	0.000000	0.000000	-71.104365	0.000000	0.000000	0.000000
1764624072.164382458	0.000000	0.000000	-0.031692	0.000000	0.000000	0.000000	0.000000	0.000000	nan	0.000000	0.000000	0.000000	0.000000	0.000000	0.000000	0.000000	0.000000	0.000000	0.000000	0.000000	-71.104365	0.000000	0.000000	0.000000
1764624072.169312477	0.000000	0.000000	-0.005251	0.000000	0.000000	0.000000	0.000000	0.000000	nan	0.000000	0.000000	0.000000	0.000000	0.000000	0.000000	0.000000	0.000000	0.000000	0.000000	0.000000	-71.104365	0.000000	0.000000	0.000000
1764624072.179949999	0.000000	0.000000	-0.233714	0.000000	0.000000	0.000000	0.000000	0.000000	nan	0.000000	0.000000	0.000000	0.000000	0.000000	0.000000	0.000000	0.000000	0.000000	0.000000	0.000000	-71.104365	0.000000	0.000000	0.000000
1764624072.189585447	0.000000	0.000000	-0.031826	0.000000	0.000000	0.000000	0.000000	0.000000	nan	0.000000	0.000000	0.000000	0.000000	0.000000	0.000000	0.000000	0.000000	0.000000	0.000000	0.000000	-71.104365	0.000000	0.000000	0.000000
1764624072.200240850	0.000000	0.000000	-0.122835	0.000000	0.000000	0.000000	0.000000	0.000000	nan	0.000000	0.000000	0.000000	0.000000	0.000000	0.000000	0.000000	0.000000	0.000000	0.000000	0.000000	-71.104365	0.000000	0.000000	0.000000
1764624072.224069118	0.000000	0.000000	-0.059437	0.000000	0.000000	0.000000	0.000000	0.000000	nan	0.000000	0.000000	0.000000	0.000000	0.000000	0.000000	0.000000	0.000000	0.000000	0.000000	0.000000	-71.104365	0.000000	0.000000	0.000000
1764624072.224091291	0.000000	0.000000	0.095312	0.000000	0.000000	0.000000	0.000000	0.000000	nan	0.000000	0.000000	0.000000	0.000000	0.000000	0.000000	0.000000	0.000000	0.000000	0.000000	0.000000	-71.104365	0.000000	0.000000	0.000000
1764624072.229343891	0.000000	0.000000	-0.121854	0.000000	0.000000	0.000000	0.000000	0.000000	nan	0.000000	0.000000	0.000000	0.000000	0.000000	0.000000	0.000000	0.000000	0.000000	0.000000	0.000000	-71.104365	0.000000	0.000000	0.000000
1764624072.254569530	0.000000	0.000000	-0.006460	0.000000	0.000000	0.000000	0.000000	0.000000	nan	0.000000	0.000000	0.000000	0.000000	0.000000	0.000000	0.000000	0.000000	0.000000	0.000000	0.000000	-71.104365	0.000000	0.000000	0.000000
1764624072.254581213	0.000000	0.000000	-0.053109	0.000000	0.000000	0.000000	0.000000	0.000000	nan	0.000000	0.000000	0.000000	0.000000	0.000000	0.000000	0.000000	0.000000	0.000000	0.000000	0.000000	-71.104365	0.000000	0.000000	0.000000
1764624072.259751081	0.000000	0.000000	-0.175722	0.000000	0.000000	0.000000	0.000000	0.000000	nan	0.000000	0.000000	0.000000	0.000000	0.000000	0.000000	0.000000	0.000000	0.000000	0.000000	0.000000	-71.104365	0.000000	0.000000	0.000000
1764624072.269744396	0.000000	0.000000	-0.071405	0.000000	0.000000	0.000000	0.000000	0.000000	nan	0.000000	0.000000	0.000000	0.000000	0.000000	0.000000	0.000000	0.000000	0.000000	0.000000	0.000000	-71.104365	0.000000	0.000000	0.000000
1764624072.280232668	0.000000	0.000000	-0.112702	0.000000	0.000000	0.000000	0.000000	0.000000	nan	0.000000	0.000000	0.000000	0.000000	0.000000	0.000000	0.000000	0.000000	0.000000	0.000000	0.000000	-71.104365	0.000000	0.000000	0.000000
1764624072.304180622	0.000000	0.000000	0.052172	0.000000	0.000000	0.000000	0.000000	0.000000	nan	0.000000	0.000000	0.000000	0.000000	0.000000	0.000000	0.000000	0.000000	0.000000	0.000000	0.000000	-71.104365	0.000000	0.000000	0.000000
1764624072.305544853	0.000000	0.000000	-0.073759	0.000000	0.000000	0.000000	0.000000	0.000000	nan	0.000000	0.000000	0.000000	0.000000	0.000000	0.000000	0.000000	0.000000	0.000000	0.000000	0.000000	-71.104365	0.000000	0.000000	0.000000
1764624072.309367895	0.000000	0.000000	0.000530	0.000000	0.000000	0.000000	0.000000	0.000000	nan	0.000000	0.000000	0.000000	0.000000	0.000000	0.000000	0.000000	0.000000	0.000000	0.000000	0.000000	-71.104365	0.000000	0.000000	0.000000
1764624072.320857286	0.000000	0.000000	-0.019264	0.000000	0.000000	0.000000	0.000000	0.000000	nan	0.000000	0.000000	0.000000	0.000000	0.000000	0.000000	0.000000	0.000000	0.000000	0.000000	0.000000	-71.104365	0.000000	0.000000	0.000000
1764624072.336971521	0.000000	0.000000	0.017144	0.000000	0.000000	0.000000	0.000000	0.000000	nan	0.000000	0.000000	0.000000	0.000000	0.000000	0.000000	0.000000	0.000000	0.000000	0.000000	0.000000	-71.104365	0.000000	0.000000	0.000000
1764624072.339523792	0.000000	0.000000	-0.157348	0.000000	0.000000	0.000000	0.000000	0.000000	nan	0.000000	0.000000	0.000000	0.000000	0.000000	0.000000	0.000000	0.000000	0.000000	0.000000	0.000000	-71.104365	0.000000	0.000000	0.000000
1764624072.349641562	0.000000	0.000000	-0.033588	0.000000	0.000000	0.000000	0.000000	0.000000	nan	0.000000	0.000000	0.000000	0.000000	0.000000	0.000000	0.000000	0.000000	0.000000	0.000000	0.000000	-71.104365	0.000000	0.000000	0.000000
1764624072.359992504	0.000000	0.000000	0.007994	0.000000	0.000000	0.000000	0.000000	0.000000	nan	0.000000	0.000000	0.000000	0.000000	0.000000	0.000000	0.000000	0.000000	0.000000	0.000000	0.000000	-71.104365	0.000000	0.000000	0.000000
1764624072.384445667	0.000000	0.000000	-0.040914	0.000000	0.000000	0.000000	0.000000	0.000000	nan	0.000000	0.000000	0.000000	0.000000	0.000000	0.000000	0.000000	0.000000	0.000000	0.000000	0.000000	-71.104365	0.000000	0.000000	0.000000
1764624072.384471893	0.000000	0.000000	-0.004203	0.000000	0.000000	0.000000	0.000000	0.000000	nan	0.000000	0.000000	0.000000	0.000000	0.000000	0.000000	0.000000	0.000000	0.000000	0.000000	0.000000	-71.104365	0.000000	0.000000	0.000000
1764624072.389071465	0.000000	0.000000	0.040984	0.000000	0.000000	0.000000	0.000000	0.000000	nan	0.000000	0.000000	0.000000	0.000000	0.000000	0.000000	0.000000	0.000000	0.000000	0.000000	0.000000	-71.104365	0.000000	0.000000	0.000000
1764624072.407413721	0.000000	0.000000	-0.018636	0.000000	0.000000	0.000000	0.000000	0.000000	nan	0.000000	0.000000	0.000000	0.000000	0.000000	0.000000	0.000000	0.000000	0.000000	0.000000	0.000000	-71.104365	0.000000	0.000000	0.000000
1764624072.409828901	0.000000	0.000000	-0.009073	0.000000	0.000000	0.000000	0.000000	0.000000	nan	0.000000	0.000000	0.000000	0.000000	0.000000	0.000000	0.000000	0.000000	0.000000	0.000000	0.000000	-71.104365	0.000000	0.000000	0.000000
1764624072.420124531	0.000000	0.000000	-0.097207	0.000000	0.000000	0.000000	0.000000	0.000000	nan	0.000000	0.000000	0.000000	0.000000	0.000000	0.000000	0.000000	0.000000	0.000000	0.000000	0.000000	-71.104365	0.000000	0.000000	0.000000
1764624072.429994345	0.000000	0.000000	0.028162	0.000000	0.000000	0.000000	0.000000	0.000000	nan	0.000000	0.000000	0.000000	0.000000	0.000000	0.000000	0.000000	0.000000	0.000000	0.000000	0.000000	-71.104365	0.000000	0.000000	0.000000
1764624072.439841986	0.000000	0.000000	0.072527	0.000000	0.000000	0.000000	0.000000	0.000000	nan	0.000000	0.000000	0.000000	0.000000	0.000000	0.000000	0.000000	0.000000	0.000000	0.000000	0.000000	-71.104365	0.000000	0.000000	0.000000
1764624072.465147257	0.000000	0.000000	-0.036594	0.000000	0.000000	0.000000	0.000000	0.000000	nan	0.000000	0.000000	0.000000	0.000000	0.000000	0.000000	0.000000	0.000000	0.000000	0.000000	0.000000	-71.104365	0.000000	0.000000	0.000000
1764624072.465173721	0.000000	0.000000	0.113371	0.000000	0.000000	0.000000	0.000000	0.000000	nan	0.000000	0.000000	0.000000	0.000000	0.000000	0.000000	0.000000	0.000000	0.000000	0.000000	0.000000	-71.104365	0.000000	0.000000	0.000000
1764624072.470192671	0.000000	0.000000	0.000742	0.000000	0.000000	0.000000	0.000000	0.000000	nan	0.000000	0.000000	0.000000	0.000000	0.000000	0.000000	0.000000	0.000000	0.000000	0.000000	0.000000	-71.104365	0.000000	0.000000	0.000000
1764624072.489112139	0.000000	0.000000	-0.010498	0.000000	0.000000	0.000000	0.000000	0.000000	nan	0.000000	0.000000	0.000000	0.000000	0.000000	0.000000	0.000000	0.000000	0.000000	0.000000	0.000000	-71.104365	0.000000	0.000000	0.000000
1764624072.490737915	0.000000	0.000000	0.087390	0.000000	0.000000	0.000000	0.000000	0.000000	nan	0.000000	0.000000	0.000000	0.000000	0.000000	0.000000	0.000000	0.000000	0.000000	0.000000	0.000000	-71.104365	0.000000	0.000000	0.000000
1764624072.499304771	0.000000	0.000000	-0.112633	0.000000	0.000000	0.000000	0.000000	0.000000	nan	0.000000	0.000000	0.000000	0.000000	0.000000	0.000000	0.000000	0.000000	0.000000	0.000000	0.000000	-71.104365	0.000000	0.000000	0.000000
1764624072.509541988	0.000000	0.000000	-0.013600	0.000000	0.000000	0.000000	0.000000	0.000000	nan	0.000000	0.000000	0.000000	0.000000	0.000000	0.000000	0.000000	0.000000	0.000000	0.000000	0.000000	-71.104365	0.000000	0.000000	0.000000
1764624072.520321608	0.000000	0.000000	0.057611	0.000000	0.000000	0.000000	0.000000	0.000000	nan	0.000000	0.000000	0.000000	0.000000	0.000000	0.000000	0.000000	0.000000	0.000000	0.000000	0.000000	-71.104365	0.000000	0.000000	0.000000
1764624072.539187193	0.000000	0.000000	-0.028075	0.000000	0.000000	0.000000	0.000000	0.000000	nan	0.000000	0.000000	0.000000	0.000000	0.000000	0.000000	0.000000	0.000000	0.000000	0.000000	0.000000	-71.104365	0.000000	0.000000	0.000000
1764624072.548286676	0.000000	0.000000	0.087928	0.000000	0.000000	0.000000	0.000000	0.000000	nan	0.000000	0.000000	0.000000	0.000000	0.000000	0.000000	0.000000	0.000000	0.000000	0.000000	0.000000	-71.104365	0.000000	0.000000	0.000000
1764624072.549664974	0.000000	0.000000	-0.022956	0.000000	0.000000	0.000000	0.000000	0.000000	nan	0.000000	0.000000	0.000000	0.000000	0.000000	0.000000	0.000000	0.000000	0.000000	0.000000	0.000000	-71.104365	0.000000	0.000000	0.000000
1764624072.568672419	0.000000	0.000000	0.092453	0.000000	0.000000	0.000000	0.000000	0.000000	nan	0.000000	0.000000	0.000000	0.000000	0.000000	0.000000	0.000000	0.000000	0.000000	0.000000	0.000000	-71.104365	0.000000	0.000000	0.000000
1764624072.570171833	0.000000	0.000000	0.166377	0.000000	0.000000	0.000000	0.000000	0.000000	nan	0.000000	0.000000	0.000000	0.000000	0.000000	0.000000	0.000000	0.000000	0.000000	0.000000	0.000000	-71.104365	0.000000	0.000000	0.000000
1764624072.579954147	0.000000	0.000000	-0.113428	0.000000	0.000000	0.000000	0.000000	0.000000	nan	0.000000	0.000000	0.000000	0.000000	0.000000	0.000000	0.000000	0.000000	0.000000	0.000000	0.000000	-71.104365	0.000000	0.000000	0.000000
1764624072.589217901	0.000000	0.000000	0.079525	0.000000	0.000000	0.000000	0.000000	0.000000	nan	0.000000	0.000000	0.000000	0.000000	0.000000	0.000000	0.000000	0.000000	0.000000	0.000000	0.000000	-71.104365	0.000000	0.000000	0.000000
1764624072.598940849	0.000000	0.000000	0.053259	0.000000	0.000000	0.000000	0.000000	0.000000	nan	0.000000	0.000000	0.000000	0.000000	0.000000	0.000000	0.000000	0.000000	0.000000	0.000000	0.000000	-71.104365	0.000000	0.000000	0.000000
1764624072.613204241	0.000000	0.000000	0.012473	0.000000	0.000000	0.000000	0.000000	0.000000	nan	0.000000	0.000000	0.000000	0.000000	0.000000	0.000000	0.000000	0.000000	0.000000	0.000000	0.000000	-71.104365	0.000000	0.000000	0.000000
1764624072.619907856	0.000000	0.000000	0.117454	0.000000	0.000000	0.000000	0.000000	0.000000	nan	0.000000	0.000000	0.000000	0.000000	0.000000	0.000000	0.000000	0.000000	0.000000	0.000000	0.000000	-71.104365	0.000000	0.000000	0.000000
1764624072.630028486	0.000000	0.000000	-0.056200	0.000000	0.000000	0.000000	0.000000	0.000000	nan	0.000000	0.000000	0.000000	0.000000	0.000000	0.000000	0.000000	0.000000	0.000000	0.000000	0.000000	-71.104365	0.000000	0.000000	0.000000
1764624072.650081635	0.000000	0.000000	0.035014	0.000000	0.000000	0.000000	0.000000	0.000000	nan	0.000000	0.000000	0.000000	0.000000	0.000000	0.000000	0.000000	0.000000	0.000000	0.000000	0.000000	-71.104365	0.000000	0.000000	0.000000
1764624072.653590918	0.000000	0.000000	0.215540	0.000000	0.000000	0.000000	0.000000	0.000000	nan	0.000000	0.000000	0.000000	0.000000	0.000000	0.000000	0.000000	0.000000	0.000000	0.000000	0.000000	-71.104365	0.000000	0.000000	0.000000
1764624072.660264492	0.000000	0.000000	-0.122398	0.000000	0.000000	0.000000	0.000000	0.000000	nan	0.000000	0.000000	0.000000	0.000000	0.000000	0.000000	0.000000	0.000000	0.000000	0.000000	0.000000	-71.104365	0.000000	0.000000	0.000000
1764624072.671367168	0.000000	0.000000	0.123581	0.000000	0.000000	0.000000	0.000000	0.000000	nan	0.000000	0.000000	0.000000	0.000000	0.000000	0.000000	0.000000	0.000000	0.000000	0.000000	0.000000	-71.104365	0.000000	0.000000	0.000000
1764624072.686234951	0.000000	0.000000	0.024245	0.000000	0.000000	0.000000	0.000000	0.000000	nan	0.000000	0.000000	0.000000	0.000000	0.000000	0.000000	0.000000	0.000000	0.000000	0.000000	0.000000	-71.104365	0.000000	0.000000	0.000000
1764624072.689871073	0.000000	0.000000	0.187097	0.000000	0.000000	0.000000	0.000000	0.000000	nan	0.000000	0.000000	0.000000	0.000000	0.000000	0.000000	0.000000	0.000000	0.000000	0.000000	0.000000	-71.104365	0.000000	0.000000	0.000000
1764624072.699390173	0.000000	0.000000	0.102765	0.000000	0.000000	0.000000	0.000000	0.000000	nan	0.000000	0.000000	0.000000	0.000000	0.000000	0.000000	0.000000	0.000000	0.000000	0.000000	0.000000	-71.104365	0.000000	0.000000	0.000000
1764624072.709497452	0.000000	0.000000	-0.005530	0.000000	0.000000	0.000000	0.000000	0.000000	nan	0.000000	0.000000	0.000000	0.000000	0.000000	0.000000	0.000000	0.000000	0.000000	0.000000	0.000000	-71.104365	0.000000	0.000000	0.000000
1764624072.720235348	0.000000	0.000000	0.077317	0.000000	0.000000	0.000000	0.000000	0.000000	nan	0.000000	0.000000	0.000000	0.000000	0.000000	0.000000	0.000000	0.000000	0.000000	0.000000	0.000000	-71.104365	0.000000	0.000000	0.000000
1764624072.738908768	0.000000	0.000000	0.037721	0.000000	0.000000	0.000000	0.000000	0.000000	nan	0.000000	0.000000	0.000000	0.000000	0.000000	0.000000	0.000000	0.000000	0.000000	0.000000	0.000000	-71.104365	0.000000	0.000000	0.000000
1764624072.738920212	0.000000	0.000000	-0.037033	0.000000	0.000000	0.000000	0.000000	0.000000	nan	0.000000	0.000000	0.000000	0.000000	0.000000	0.000000	0.000000	0.000000	0.000000	0.000000	0.000000	-71.104365	0.000000	0.000000	0.000000
1764624072.749937296	0.000000	0.000000	-0.059808	0.000000	0.000000	0.000000	0.000000	0.000000	nan	0.000000	0.000000	0.000000	0.000000	0.000000	0.000000	0.000000	0.000000	0.000000	0.000000	0.000000	-71.104365	0.000000	0.000000	0.000000
1764624072.769968510	0.000000	0.000000	0.117661	0.000000	0.000000	0.000000	0.000000	0.000000	nan	0.000000	0.000000	0.000000	0.000000	0.000000	0.000000	0.000000	0.000000	0.000000	0.000000	0.000000	-71.104365	0.000000	0.000000	0.000000
1764624072.771430731	0.000000	0.000000	-0.002186	0.000000	0.000000	0.000000	0.000000	0.000000	nan	0.000000	0.000000	0.000000	0.000000	0.000000	0.000000	0.000000	0.000000	0.000000	0.000000	0.000000	-71.104365	0.000000	0.000000	0.000000
1764624072.781125069	0.000000	0.000000	0.219821	0.000000	0.000000	0.000000	0.000000	0.000000	nan	0.000000	0.000000	0.000000	0.000000	0.000000	0.000000	0.000000	0.000000	0.000000	0.000000	0.000000	-71.104365	0.000000	0.000000	0.000000
1764624072.789307833	0.000000	0.000000	0.104459	0.000000	0.000000	0.000000	0.000000	0.000000	nan	0.000000	0.000000	0.000000	0.000000	0.000000	0.000000	0.000000	0.000000	0.000000	0.000000	0.000000	-71.104365	0.000000	0.000000	0.000000
1764624072.809059143	0.000000	0.000000	0.048924	0.000000	0.000000	0.000000	0.000000	0.000000	nan	0.000000	0.000000	0.000000	0.000000	0.000000	0.000000	0.000000	0.000000	0.000000	0.000000	0.000000	-71.104365	0.000000	0.000000	0.000000
1764624072.810419559	0.000000	0.000000	0.208536	0.000000	0.000000	0.000000	0.000000	0.000000	nan	0.000000	0.000000	0.000000	0.000000	0.000000	0.000000	0.000000	0.000000	0.000000	0.000000	0.000000	-71.104365	0.000000	0.000000	0.000000
1764624072.819006681	0.000000	0.000000	0.130226	0.000000	0.000000	0.000000	0.000000	0.000000	nan	0.000000	0.000000	0.000000	0.000000	0.000000	0.000000	0.000000	0.000000	0.000000	0.000000	0.000000	-71.104365	0.000000	0.000000	0.000000
1764624072.829077721	0.000000	0.000000	-0.048933	0.000000	0.000000	0.000000	0.000000	0.000000	nan	0.000000	0.000000	0.000000	0.000000	0.000000	0.000000	0.000000	0.000000	0.000000	0.000000	0.000000	-71.104365	0.000000	0.000000	0.000000
1764624072.839180708	0.000000	0.000000	0.127428	0.000000	0.000000	0.000000	0.000000	0.000000	nan	0.000000	0.000000	0.000000	0.000000	0.000000	0.000000	0.000000	0.000000	0.000000	0.000000	0.000000	-71.104365	0.000000	0.000000	0.000000
1764624072.853463411	0.000000	0.000000	0.051768	0.000000	0.000000	0.000000	0.000000	0.000000	nan	0.000000	0.000000	0.000000	0.000000	0.000000	0.000000	0.000000	0.000000	0.000000	0.000000	0.000000	-71.104365	0.000000	0.000000	0.000000
1764624072.859358311	0.000000	0.000000	0.132677	0.000000	0.000000	0.000000	0.000000	0.000000	nan	0.000000	0.000000	0.000000	0.000000	0.000000	0.000000	0.000000	0.000000	0.000000	0.000000	0.000000	-71.104365	0.000000	0.000000	0.000000
1764624072.869508743	0.000000	0.000000	0.122737	0.000000	0.000000	0.000000	0.000000	0.000000	nan	0.000000	0.000000	0.000000	0.000000	0.000000	0.000000	0.000000	0.000000	0.000000	0.000000	0.000000	-71.104365	0.000000	0.000000	0.000000
1764624072.880009890	0.000000	0.000000	0.213418	0.000000	0.000000	0.000000	0.000000	0.000000	nan	0.000000	0.000000	0.000000	0.000000	0.000000	0.000000	0.000000	0.000000	0.000000	0.000000	0.000000	-71.104365	0.000000	0.000000	0.000000
1764624072.890129328	0.000000	0.000000	0.053733	0.000000	0.000000	0.000000	0.000000	0.000000	nan	0.000000	0.000000	0.000000	0.000000	0.000000	0.000000	0.000000	0.000000	0.000000	0.000000	0.000000	-71.104365	0.000000	0.000000	0.000000
1764624072.899253368	0.000000	0.000000	0.027219	0.000000	0.000000	0.000000	0.000000	0.000000	nan	0.000000	0.000000	0.000000	0.000000	0.000000	0.000000	0.000000	0.000000	0.000000	0.000000	0.000000	-71.104365	0.000000	0.000000	0.000000
1764624072.908900499	0.000000	0.000000	0.068731	0.000000	0.000000	0.000000	0.000000	0.000000	nan	0.000000	0.000000	0.000000	0.000000	0.000000	0.000000	0.000000	0.000000	0.000000	0.000000	0.000000	-71.104365	0.000000	0.000000	0.000000
1764624072.919253111	0.000000	0.000000	0.209796	0.000000	0.000000	0.000000	0.000000	0.000000	nan	0.000000	0.000000	0.000000	0.000000	0.000000	0.000000	0.000000	0.000000	0.000000	0.000000	0.000000	-71.104365	0.000000	0.000000	0.000000
1764624072.932159662	0.000000	0.000000	0.131613	0.000000	0.000000	0.000000	0.000000	0.000000	nan	0.000000	0.000000	0.000000	0.000000	0.000000	0.000000	0.000000	0.000000	0.000000	0.000000	0.000000	-71.104365	0.000000	0.000000	0.000000
1764624072.939309597	0.000000	0.000000	0.192894	0.000000	0.000000	0.000000	0.000000	0.000000	nan	0.000000	0.000000	0.000000	0.000000	0.000000	0.000000	0.000000	0.000000	0.000000	0.000000	0.000000	-71.104365	0.000000	0.000000	0.000000
1764624072.949791431	0.000000	0.000000	0.094912	0.000000	0.000000	0.000000	0.000000	0.000000	nan	0.000000	0.000000	0.000000	0.000000	0.000000	0.000000	0.000000	0.000000	0.000000	0.000000	0.000000	-71.104365	0.000000	0.000000	0.000000
1764624072.970477343	0.000000	0.000000	0.200830	0.000000	0.000000	0.000000	0.000000	0.000000	nan	0.000000	0.000000	0.000000	0.000000	0.000000	0.000000	0.000000	0.000000	0.000000	0.000000	0.000000	-71.104365	0.000000	0.000000	0.000000
1764624072.970499754	0.000000	0.000000	0.181396	0.000000	0.000000	0.000000	0.000000	0.000000	nan	0.000000	0.000000	0.000000	0.000000	0.000000	0.000000	0.000000	0.000000	0.000000	0.000000	0.000000	-71.104365	0.000000	0.000000	0.000000
1764624072.979893923	0.000000	0.000000	0.063767	0.000000	0.000000	0.000000	0.000000	0.000000	nan	0.000000	0.000000	0.000000	0.000000	0.000000	0.000000	0.000000	0.000000	0.000000	0.000000	0.000000	-71.104365	0.000000	0.000000	0.000000
1764624072.989390373	0.000000	0.000000	0.055354	0.000000	0.000000	0.000000	0.000000	0.000000	nan	0.000000	0.000000	0.000000	0.000000	0.000000	0.000000	0.000000	0.000000	0.000000	0.000000	0.000000	-71.104365	0.000000	0.000000	0.000000
1764624072.999556065	0.000000	0.000000	0.146493	0.000000	0.000000	0.000000	0.000000	0.000000	nan	0.000000	0.000000	0.000000	0.000000	0.000000	0.000000	0.000000	0.000000	0.000000	0.000000	0.000000	-71.104365	0.000000	0.000000	0.000000
1764624073.019562960	0.000000	0.000000	0.033845	0.000000	0.000000	0.000000	0.000000	0.000000	nan	0.000000	0.000000	0.000000	0.000000	0.000000	0.000000	0.000000	0.000000	0.000000	0.000000	0.000000	-71.104365	0.000000	0.000000	0.000000
1764624073.020801306	0.000000	0.000000	0.246316	0.000000	0.000000	0.000000	0.000000	0.000000	nan	0.000000	0.000000	0.000000	0.000000	0.000000	0.000000	0.000000	0.000000	0.000000	0.000000	0.000000	-71.104365	0.000000	0.000000	0.000000
1764624073.029955864	0.000000	0.000000	0.139712	0.000000	0.000000	0.000000	0.000000	0.000000	nan	0.000000	0.000000	0.000000	0.000000	0.000000	0.000000	0.000000	0.000000	0.000000	0.000000	0.000000	-71.104365	0.000000	0.000000	0.000000
1764624073.048600197	0.000000	0.000000	0.166921	0.000000	0.000000	0.000000	0.000000	0.000000	nan	0.000000	0.000000	0.000000	0.000000	0.000000	0.000000	0.000000	0.000000	0.000000	0.000000	0.000000	-71.104365	0.000000	0.000000	0.000000
1764624073.050943375	0.000000	0.000000	0.220904	0.000000	0.000000	0.000000	0.000000	0.000000	nan	0.000000	0.000000	0.000000	0.000000	0.000000	0.000000	0.000000	0.000000	0.000000	0.000000	0.000000	-71.104365	0.000000	0.000000	0.000000
1764624073.059518576	0.000000	0.000000	0.108228	0.000000	0.000000	0.000000	0.000000	0.000000	nan	0.000000	0.000000	0.000000	0.000000	0.000000	0.000000	0.000000	0.000000	0.000000	0.000000	0.000000	-71.104365	0.000000	0.000000	0.000000
1764624073.069765568	0.000000	0.000000	0.113810	0.000000	0.000000	0.000000	0.000000	0.000000	nan	0.000000	0.000000	0.000000	0.000000	0.000000	0.000000	0.000000	0.000000	0.000000	0.000000	0.000000	-71.104365	0.000000	0.000000	0.000000
1764624073.088815689	0.000000	0.000000	0.256067	0.000000	0.000000	0.000000	0.000000	0.000000	nan	0.000000	0.000000	0.000000	0.000000	0.000000	0.000000	0.000000	0.000000	0.000000	0.000000	0.000000	-71.104365	0.000000	0.000000	0.000000
1764624073.088837147	0.000000	0.000000	0.024434	0.000000	0.000000	0.000000	0.000000	0.000000	nan	0.000000	0.000000	0.000000	0.000000	0.000000	0.000000	0.000000	0.000000	0.000000	0.000000	0.000000	-71.104365	0.000000	0.000000	0.000000
1764624073.098644257	0.000000	0.000000	0.373352	0.000000	0.000000	0.000000	0.000000	0.000000	nan	0.000000	0.000000	0.000000	0.000000	0.000000	0.000000	0.000000	0.000000	0.000000	0.000000	0.000000	-71.104365	0.000000	0.000000	0.000000
1764624073.109921217	0.000000	0.000000	0.028328	0.000000	0.000000	0.000000	0.000000	0.000000	nan	0.000000	0.000000	0.000000	0.000000	0.000000	0.000000	0.000000	0.000000	0.000000	0.000000	0.000000	88.716760	0.000000	0.000000	0.000000
1764624073.121651411	0.000000	0.000000	0.229278	0.000000	0.000000	0.000000	0.000000	0.000000	nan	0.000000	0.000000	0.000000	0.000000	0.000000	0.000000	0.000000	0.000000	0.000000	0.000000	0.000000	0.000000	0.000000	0.000000	0.000000
1764624073.139126539	0.000000	0.000000	0.226879	0.000000	0.000000	0.000000	0.000000	0.000000	nan	0.000000	0.000000	0.000000	0.000000	0.000000	0.000000	0.000000	0.000000	0.000000	0.000000	0.000000	0.000000	0.000000	0.000000	0.000000
1764624073.140363693	0.000000	0.000000	0.110945	0.000000	0.000000	0.000000	0.000000	0.000000	nan	0.000000	0.000000	0.000000	0.000000	0.000000	0.000000	0.000000	0.000000	0.000000	0.000000	0.000000	0.000000	0.000000	0.000000	0.000000
1764624073.149807692	0.000000	0.000000	0.154876	0.000000	0.000000	0.000000	0.000000	0.000000	nan	0.000000	0.000000	0.000000	0.000000	0.000000	0.000000	0.000000	0.000000	0.000000	0.000000	0.000000	0.000000	0.000000	0.000000	0.000000
1764624073.169757128	0.000000	0.000000	0.335673	0.000000	0.000000	0.000000	0.000000	0.000000	nan	0.000000	0.000000	0.000000	0.000000	0.000000	0.000000	0.000000	0.000000	0.000000	0.000000	0.000000	0.000000	0.000000	0.000000	0.000000
1764624073.171103954	0.000000	0.000000	0.486652	0.000000	0.000000	0.000000	0.000000	0.000000	nan	0.000000	0.000000	0.000000	0.000000	0.000000	0.000000	0.000000	0.000000	0.000000	0.000000	0.000000	0.000000	0.000000	0.000000	0.000000
1764624073.179355145	0.000000	0.000000	0.654961	0.000000	0.000000	0.000000	0.000000	0.000000	nan	0.000000	0.000000	0.000000	0.000000	0.000000	0.000000	0.000000	0.000000	0.000000	0.000000	0.000000	0.000000	0.000000	0.000000	0.000000
1764624073.189487934	0.000000	0.000000	0.784828	0.000000	0.000000	0.000000	0.000000	0.000000	nan	0.000000	0.000000	0.000000	0.000000	0.000000	0.000000	0.000000	0.000000	0.000000	0.000000	0.000000	0.000000	0.000000	0.000000	0.000000
1764624073.198717833	0.000000	0.000000	0.748553	0.000000	0.000000	0.000000	0.000000	0.000000	nan	0.000000	0.000000	0.000000	0.000000	0.000000	0.000000	0.000000	0.000000	0.000000	0.000000	0.000000	0.000000	0.000000	0.000000	0.000000
1764624073.209848642	0.000000	0.000000	0.918219	0.000000	0.000000	0.000000	0.000000	0.000000	nan	0.000000	0.000000	0.000000	0.000000	0.000000	0.000000	0.000000	0.000000	0.000000	0.000000	0.000000	0.000000	0.000000	0.000000	0.000000
1764624073.219673634	0.000000	0.000000	0.822507	0.000000	0.000000	0.000000	0.000000	0.000000	nan	0.000000	0.000000	0.000000	0.000000	0.000000	0.000000	0.000000	0.000000	0.000000	0.000000	0.000000	0.000000	0.000000	0.000000	0.000000
1764624073.229285240	0.000000	0.000000	0.970244	0.000000	0.000000	0.000000	0.000000	0.000000	nan	0.000000	0.000000	0.000000	0.000000	0.000000	0.000000	0.000000	0.000000	0.000000	0.000000	0.000000	0.000000	0.000000	0.000000	0.000000
1764624073.249492884	0.000000	0.000000	0.950798	0.000000	0.000000	0.000000	0.000000	0.000000	nan	0.000000	0.000000	0.000000	0.000000	0.000000	0.000000	0.000000	0.000000	0.000000	0.000000	0.000000	0.000000	0.000000	0.000000	0.000000
1764624073.251306057	0.000000	0.000000	1.020650	0.000000	0.000000	0.000000	0.000000	0.000000	nan	0.000000	0.000000	0.000000	0.000000	0.000000	0.000000	0.000000	0.000000	0.000000	0.000000	0.000000	0.000000	0.000000	0.000000	0.000000
1764624073.259689569	0.000000	0.000000	1.074348	0.000000	0.000000	0.000000	0.000000	0.000000	nan	0.000000	0.000000	0.000000	0.000000	0.000000	0.000000	0.000000	0.000000	0.000000	0.000000	0.000000	0.000000	0.000000	0.000000	0.000000
1764624073.270437717	0.000000	0.000000	0.918587	0.000000	0.000000	0.000000	0.000000	0.000000	nan	0.000000	0.000000	0.000000	0.000000	0.000000	0.000000	0.000000	0.000000	0.000000	0.000000	0.000000	0.000000	0.000000	0.000000	0.000000
1764624073.280005932	0.000000	0.000000	1.072594	0.000000	0.000000	0.000000	0.000000	0.000000	nan	0.000000	0.000000	0.000000	0.000000	0.000000	0.000000	0.000000	0.000000	0.000000	0.000000	0.000000	0.000000	0.000000	0.000000	0.000000
1764624073.292250633	0.000000	0.000000	0.969423	0.000000	0.000000	0.000000	0.000000	0.000000	nan	0.000000	0.000000	0.000000	0.000000	0.000000	0.000000	0.000000	0.000000	0.000000	0.000000	0.000000	0.000000	0.000000	0.000000	0.000000
1764624073.299199820	0.000000	0.000000	0.948351	0.000000	0.000000	0.000000	0.000000	0.000000	nan	0.000000	0.000000	0.000000	0.000000	0.000000	0.000000	0.000000	0.000000	0.000000	0.000000	0.000000	0.000000	0.000000	0.000000	0.000000
1764624073.309548378	0.000000	0.000000	1.053723	0.000000	0.000000	0.000000	0.000000	0.000000	nan	0.000000	0.000000	0.000000	0.000000	0.000000	0.000000	0.000000	0.000000	0.000000	0.000000	0.000000	0.000000	0.000000	0.000000	0.000000
1764624073.329712391	0.000000	0.000000	0.961914	0.000000	0.000000	0.000000	0.000000	0.000000	nan	0.000000	0.000000	0.000000	0.000000	0.000000	0.000000	0.000000	0.000000	0.000000	0.000000	0.000000	0.000000	0.000000	0.000000	0.000000
1764624073.331583500	0.000000	0.000000	0.983204	0.000000	0.000000	0.000000	0.000000	0.000000	nan	0.000000	0.000000	0.000000	0.000000	0.000000	0.000000	0.000000	0.000000	0.000000	0.000000	0.000000	0.000000	0.000000	0.000000	0.000000
1764624073.339638948	0.000000	0.000000	1.009196	0.000000	0.000000	0.000000	0.000000	0.000000	nan	0.000000	0.000000	0.000000	0.000000	0.000000	0.000000	0.000000	0.000000	0.000000	0.000000	0.000000	0.000000	0.000000	0.000000	0.000000
1764624073.349996805	0.000000	0.000000	0.835022	0.000000	0.000000	0.000000	0.000000	0.000000	nan	0.000000	0.000000	0.000000	0.000000	0.000000	0.000000	0.000000	0.000000	0.000000	0.000000	0.000000	0.000000	0.000000	0.000000	0.000000
1764624073.359428167	0.000000	0.000000	0.882906	0.000000	0.000000	0.000000	0.000000	0.000000	nan	0.000000	0.000000	0.000000	0.000000	0.000000	0.000000	0.000000	0.000000	0.000000	0.000000	0.000000	0.000000	0.000000	0.000000	0.000000
1764624073.374014139	0.000000	0.000000	0.990881	0.000000	0.000000	0.000000	0.000000	0.000000	nan	0.000000	0.000000	0.000000	0.000000	0.000000	0.000000	0.000000	0.000000	0.000000	0.000000	0.000000	0.000000	0.000000	0.000000	0.000000
1764624073.380424500	0.000000	0.000000	0.783070	0.000000	0.000000	0.000000	0.000000	0.000000	nan	0.000000	0.000000	0.000000	0.000000	0.000000	0.000000	0.000000	0.000000	0.000000	0.000000	0.000000	0.000000	0.000000	0.000000	0.000000
1764624073.389380455	0.000000	0.000000	0.829200	0.000000	0.000000	0.000000	0.000000	0.000000	nan	0.000000	0.000000	0.000000	0.000000	0.000000	0.000000	0.000000	0.000000	0.000000	0.000000	0.000000	0.000000	0.000000	0.000000	0.000000
1764624073.398906946	0.000000	0.000000	0.776060	0.000000	0.000000	0.000000	0.000000	0.000000	nan	0.000000	0.000000	0.000000	0.000000	0.000000	0.000000	0.000000	0.000000	0.000000	0.000000	0.000000	88.716760	0.000000	0.000000	0.000000
1764624073.409182310	0.000000	0.000000	0.857158	0.000000	0.000000	0.000000	0.000000	0.000000	nan	0.000000	0.000000	0.000000	0.000000	0.000000	0.000000	0.000000	0.000000	0.000000	0.000000	0.000000	88.716760	0.000000	0.000000	0.000000
1764624073.419970512	0.000000	0.000000	0.793417	0.000000	0.000000	0.000000	0.000000	0.000000	nan	0.000000	0.000000	0.000000	0.000000	0.000000	0.000000	0.000000	0.000000	0.000000	0.000000	0.000000	88.716760	0.000000	0.000000	0.000000
1764624073.429834127	0.000000	0.000000	0.726849	0.000000	0.000000	0.000000	0.000000	0.000000	nan	0.000000	0.000000	0.000000	0.000000	0.000000	0.000000	0.000000	0.000000	0.000000	0.000000	0.000000	88.716760	0.000000	0.000000	0.000000
1764624073.439954281	0.000000	0.000000	0.728520	0.000000	0.000000	0.000000	0.000000	0.000000	nan	0.000000	0.000000	0.000000	0.000000	0.000000	0.000000	0.000000	0.000000	0.000000	0.000000	0.000000	88.716760	0.000000	0.000000	0.000000
1764624073.452871323	0.000000	0.000000	0.687826	0.000000	0.000000	0.000000	0.000000	0.000000	nan	0.000000	0.000000	0.000000	0.000000	0.000000	0.000000	0.000000	0.000000	0.000000	0.000000	0.000000	88.716760	0.000000	0.000000	0.000000
1764624073.459434748	0.000000	0.000000	0.731449	0.000000	0.000000	0.000000	0.000000	0.000000	nan	0.000000	0.000000	0.000000	0.000000	0.000000	0.000000	0.000000	0.000000	0.000000	0.000000	0.000000	88.716760	0.000000	0.000000	0.000000
1764624073.469553471	0.000000	0.000000	0.655148	0.000000	0.000000	0.000000	0.000000	0.000000	nan	0.000000	0.000000	0.000000	0.000000	0.000000	0.000000	0.000000	0.000000	0.000000	0.000000	0.000000	88.716760	0.000000	0.000000	0.000000
1764624073.479890108	0.000000	0.000000	0.686266	0.000000	0.000000	0.000000	0.000000	0.000000	nan	0.000000	0.000000	0.000000	0.000000	0.000000	0.000000	0.000000	0.000000	0.000000	0.000000	0.000000	88.716760	0.000000	0.000000	0.000000
1764624073.490804195	0.000000	0.000000	0.613307	0.000000	0.000000	0.000000	0.000000	0.000000	nan	0.000000	0.000000	0.000000	0.000000	0.000000	0.000000	0.000000	0.000000	0.000000	0.000000	0.000000	88.716760	0.000000	0.000000	0.000000
1764624073.502670765	0.000000	0.000000	0.620961	0.000000	0.000000	0.000000	0.000000	0.000000	nan	0.000000	0.000000	0.000000	0.000000	0.000000	0.000000	0.000000	0.000000	0.000000	0.000000	0.000000	88.716760	0.000000	0.000000	0.000000
1764624073.509765625	0.000000	0.000000	0.692771	0.000000	0.000000	0.000000	0.000000	0.000000	nan	0.000000	0.000000	0.000000	0.000000	0.000000	0.000000	0.000000	0.000000	0.000000	0.000000	0.000000	88.716760	0.000000	0.000000	0.000000
1764624073.519723892	0.000000	0.000000	0.691897	0.000000	0.000000	0.000000	0.000000	0.000000	nan	0.000000	0.000000	0.000000	0.000000	0.000000	0.000000	0.000000	0.000000	0.000000	0.000000	0.000000	88.716760	0.000000	0.000000	0.000000
1764624073.535573006	0.000000	0.000000	0.772732	0.000000	0.000000	0.000000	0.000000	0.000000	nan	0.000000	0.000000	0.000000	0.000000	0.000000	0.000000	0.000000	0.000000	0.000000	0.000000	0.000000	88.716760	0.000000	0.000000	0.000000
1764624073.539542675	0.000000	0.000000	0.752893	0.000000	0.000000	0.000000	0.000000	0.000000	nan	0.000000	0.000000	0.000000	0.000000	0.000000	0.000000	0.000000	0.000000	0.000000	0.000000	0.000000	88.716760	0.000000	0.000000	0.000000
1764624073.549833059	0.000000	0.000000	0.834130	0.000000	0.000000	0.000000	0.000000	0.000000	nan	0.000000	0.000000	0.000000	0.000000	0.000000	0.000000	0.000000	0.000000	0.000000	0.000000	0.000000	88.716760	0.000000	0.000000	0.000000
1764624073.559960842	0.000000	0.000000	0.884863	0.000000	0.000000	0.000000	0.000000	0.000000	nan	0.000000	0.000000	0.000000	0.000000	0.000000	0.000000	0.000000	0.000000	0.000000	0.000000	0.000000	88.716760	0.000000	0.000000	0.000000
1764624073.575485468	0.000000	0.000000	0.891576	0.000000	0.000000	0.000000	0.000000	0.000000	nan	0.000000	0.000000	0.000000	0.000000	0.000000	0.000000	0.000000	0.000000	0.000000	0.000000	0.000000	88.716760	0.000000	0.000000	0.000000
1764624073.579244852	0.000000	0.000000	0.970180	0.000000	0.000000	0.000000	0.000000	0.000000	nan	0.000000	0.000000	0.000000	0.000000	0.000000	0.000000	0.000000	0.000000	0.000000	0.000000	0.000000	88.716760	0.000000	0.000000	0.000000
1764624073.589271545	0.000000	0.000000	0.968193	0.000000	0.000000	0.000000	0.000000	0.000000	nan	0.000000	0.000000	0.000000	0.000000	0.000000	0.000000	0.000000	0.000000	0.000000	0.000000	0.000000	88.716760	0.000000	0.000000	0.000000
1764624073.599062204	0.000000	0.000000	0.984388	0.000000	0.000000	0.000000	0.000000	0.000000	nan	0.000000	0.000000	0.000000	0.000000	0.000000	0.000000	0.000000	0.000000	0.000000	0.000000	0.000000	88.716760	0.000000	0.000000	0.000000
1764624073.622565746	0.000000	0.000000	1.103505	0.000000	0.000000	0.000000	0.000000	0.000000	nan	0.000000	0.000000	0.000000	0.000000	0.000000	0.000000	0.000000	0.000000	0.000000	0.000000	0.000000	88.716760	0.000000	0.000000	0.000000
1764624073.624411583	0.000000	0.000000	1.059111	0.000000	0.000000	0.000000	0.000000	0.000000	nan	0.000000	0.000000	0.000000	0.000000	0.000000	0.000000	0.000000	0.000000	0.000000	0.000000	0.000000	88.716760	0.000000	0.000000	0.000000
1764624073.629637480	0.000000	0.000000	1.176836	0.000000	0.000000	0.000000	0.000000	0.000000	nan	0.000000	0.000000	0.000000	0.000000	0.000000	0.000000	0.000000	0.000000	0.000000	0.000000	0.000000	88.716760	0.000000	0.000000	0.000000
1764624073.651859522	0.000000	0.000000	1.109074	0.000000	0.000000	0.000000	0.000000	0.000000	nan	0.000000	0.000000	0.000000	0.000000	0.000000	0.000000	0.000000	0.000000	0.000000	0.000000	0.000000	88.716760	0.000000	0.000000	0.000000
1764624073.653770924	0.000000	0.000000	1.152173	0.000000	0.000000	0.000000	0.000000	0.000000	nan	0.000000	0.000000	0.000000	0.000000	0.000000	0.000000	0.000000	0.000000	0.000000	0.000000	0.000000	88.716760	0.000000	0.000000	0.000000
1764624073.659430504	0.000000	0.000000	1.161995	0.000000	0.000000	0.000000	0.000000	0.000000	nan	0.000000	0.000000	0.000000	0.000000	0.000000	0.000000	0.000000	0.000000	0.000000	0.000000	0.000000	88.716760	0.000000	0.000000	0.000000
1764624073.670875788	0.000000	0.000000	1.215155	0.000000	0.000000	0.000000	0.000000	0.000000	nan	0.000000	0.000000	0.000000	0.000000	0.000000	0.000000	0.000000	0.000000	0.000000	0.000000	0.000000	88.716760	0.000000	0.000000	0.000000
1764624073.680899620	0.000000	0.000000	1.205457	0.000000	0.000000	0.000000	0.000000	0.000000	nan	0.000000	0.000000	0.000000	0.000000	0.000000	0.000000	0.000000	0.000000	0.000000	0.000000	0.000000	88.716760	0.000000	0.000000	0.000000
1764624073.694059849	0.000000	0.000000	1.204723	0.000000	0.000000	0.000000	0.000000	0.000000	nan	0.000000	0.000000	0.000000	0.000000	0.000000	0.000000	0.000000	0.000000	0.000000	0.000000	0.000000	88.716760	0.000000	0.000000	0.000000
1764624073.699256420	0.000000	0.000000	1.216504	0.000000	0.000000	0.000000	0.000000	0.000000	nan	0.000000	0.000000	0.000000	0.000000	0.000000	0.000000	0.000000	0.000000	0.000000	0.000000	0.000000	88.716760	0.000000	0.000000	0.000000
1764624073.709226608	0.000000	0.000000	1.226317	0.000000	0.000000	0.000000	0.000000	0.000000	nan	0.000000	0.000000	0.000000	0.000000	0.000000	0.000000	0.000000	0.000000	0.000000	0.000000	0.000000	88.716760	0.000000	0.000000	0.000000
1764624073.720478773	0.000000	0.000000	1.144907	0.000000	0.000000	0.000000	0.000000	0.000000	nan	0.000000	0.000000	0.000000	0.000000	0.000000	0.000000	0.000000	0.000000	0.000000	0.000000	0.000000	88.716760	0.000000	0.000000	0.000000
1764624073.730894804	0.000000	0.000000	1.144499	0.000000	0.000000	0.000000	0.000000	0.000000	nan	0.000000	0.000000	0.000000	0.000000	0.000000	0.000000	0.000000	0.000000	0.000000	0.000000	0.000000	88.716760	0.000000	0.000000	0.000000
1764624073.745462894	0.000000	0.000000	1.157727	0.000000	0.000000	0.000000	0.000000	0.000000	nan	0.000000	0.000000	0.000000	0.000000	0.000000	0.000000	0.000000	0.000000	0.000000	0.000000	0.000000	88.716760	0.000000	0.000000	0.000000
1764624073.749507904	0.000000	0.000000	1.026535	0.000000	0.000000	0.000000	0.000000	0.000000	nan	0.000000	0.000000	0.000000	0.000000	0.000000	0.000000	0.000000	0.000000	0.000000	0.000000	0.000000	88.716760	0.000000	0.000000	0.000000
1764624073.759743929	0.000000	0.000000	1.152786	0.000000	0.000000	0.000000	0.000000	0.000000	nan	0.000000	0.000000	0.000000	0.000000	0.000000	0.000000	0.000000	0.000000	0.000000	0.000000	0.000000	88.716760	0.000000	0.000000	0.000000
1764624073.772807360	0.000000	0.000000	0.983841	0.000000	0.000000	0.000000	0.000000	0.000000	nan	0.000000	0.000000	0.000000	0.000000	0.000000	0.000000	0.000000	0.000000	0.000000	0.000000	0.000000	88.716760	0.000000	0.000000	0.000000
1764624073.779892445	0.000000	0.000000	0.928426	0.000000	0.000000	0.000000	0.000000	0.000000	nan	0.000000	0.000000	0.000000	0.000000	0.000000	0.000000	0.000000	0.000000	0.000000	0.000000	0.000000	88.716760	0.000000	0.000000	0.000000
1764624073.789109945	0.000000	0.000000	0.804959	0.000000	0.000000	0.000000	0.000000	0.000000	nan	0.000000	0.000000	0.000000	0.000000	0.000000	0.000000	0.000000	0.000000	0.000000	0.000000	0.000000	88.716760	0.000000	0.000000	0.000000
1764624073.799111605	0.000000	0.000000	0.858134	0.000000	0.000000	0.000000	0.000000	0.000000	nan	0.000000	0.000000	0.000000	0.000000	0.000000	0.000000	0.000000	0.000000	0.000000	0.000000	0.000000	88.716760	0.000000	0.000000	0.000000
1764624073.810275078	0.000000	0.000000	0.830156	0.000000	0.000000	0.000000	0.000000	0.000000	nan	0.000000	0.000000	0.000000	0.000000	0.000000	0.000000	0.000000	0.000000	0.000000	0.000000	0.000000	88.716760	0.000000	0.000000	0.000000
1764624073.823928356	0.000000	0.000000	0.694887	0.000000	0.000000	0.000000	0.000000	0.000000	nan	0.000000	0.000000	0.000000	0.000000	0.000000	0.000000	0.000000	0.000000	0.000000	0.000000	0.000000	88.716760	0.000000	0.000000	0.000000
1764624073.829473495	0.000000	0.000000	0.463455	0.000000	0.000000	0.000000	0.000000	0.000000	nan	0.000000	0.000000	0.000000	0.000000	0.000000	0.000000	0.000000	0.000000	0.000000	0.000000	0.000000	88.716760	0.000000	0.000000	0.000000
1764624073.849428177	0.000000	0.000000	0.756335	0.000000	0.000000	0.000000	0.000000	0.000000	nan	0.000000	0.000000	0.000000	0.000000	0.000000	0.000000	0.000000	0.000000	0.000000	0.000000	0.000000	88.716760	0.000000	0.000000	0.000000
1764624073.853127480	0.000000	0.000000	0.410726	0.000000	0.000000	0.000000	0.000000	0.000000	nan	0.000000	0.000000	0.000000	0.000000	0.000000	0.000000	0.000000	0.000000	0.000000	0.000000	0.000000	88.716760	0.000000	0.000000	0.000000
1764624073.859380960	0.000000	0.000000	0.462205	0.000000	0.000000	0.000000	0.000000	0.000000	nan	0.000000	0.000000	0.000000	0.000000	0.000000	0.000000	0.000000	0.000000	0.000000	0.000000	0.000000	88.716760	0.000000	0.000000	0.000000
1764624073.869750023	0.000000	0.000000	0.550602	0.000000	0.000000	0.000000	0.000000	0.000000	nan	0.000000	0.000000	0.000000	0.000000	0.000000	0.000000	0.000000	0.000000	0.000000	0.000000	0.000000	88.716760	0.000000	0.000000	0.000000
1764624073.880201578	0.000000	0.000000	0.566593	0.000000	0.000000	0.000000	0.000000	0.000000	nan	0.000000	0.000000	0.000000	0.000000	0.000000	0.000000	0.000000	0.000000	0.000000	0.000000	0.000000	88.716760	0.000000	0.000000	0.000000
1764624073.895845175	0.000000	0.000000	0.274226	0.000000	0.000000	0.000000	0.000000	0.000000	nan	0.000000	0.000000	0.000000	0.000000	0.000000	0.000000	0.000000	0.000000	0.000000	0.000000	0.000000	88.716760	0.000000	0.000000	0.000000
1764624073.898766041	0.000000	0.000000	0.548778	0.000000	0.000000	0.000000	0.000000	0.000000	nan	0.000000	0.000000	0.000000	0.000000	0.000000	0.000000	0.000000	0.000000	0.000000	0.000000	0.000000	88.716760	0.000000	0.000000	0.000000
1764624073.909708977	0.000000	0.000000	0.460989	0.000000	0.000000	0.000000	0.000000	0.000000	nan	0.000000	0.000000	0.000000	0.000000	0.000000	0.000000	0.000000	0.000000	0.000000	0.000000	0.000000	88.716760	0.000000	0.000000	0.000000
1764624073.919872046	0.000000	0.000000	0.189670	0.000000	0.000000	0.000000	0.000000	0.000000	nan	0.000000	0.000000	0.000000	0.000000	0.000000	0.000000	0.000000	0.000000	0.000000	0.000000	0.000000	88.716760	0.000000	0.000000	0.000000
1764624073.933914900	0.000000	0.000000	0.587403	0.000000	0.000000	0.000000	0.000000	0.000000	nan	0.000000	0.000000	0.000000	0.000000	0.000000	0.000000	0.000000	0.000000	0.000000	0.000000	0.000000	88.716760	0.000000	0.000000	0.000000
1764624073.939564705	0.000000	0.000000	0.368717	0.000000	0.000000	0.000000	0.000000	0.000000	nan	0.000000	0.000000	0.000000	0.000000	0.000000	0.000000	0.000000	0.000000	0.000000	0.000000	0.000000	88.716760	0.000000	0.000000	0.000000
1764624073.950128794	0.000000	0.000000	0.106382	0.000000	0.000000	0.000000	0.000000	0.000000	nan	0.000000	0.000000	0.000000	0.000000	0.000000	0.000000	0.000000	0.000000	0.000000	0.000000	0.000000	88.716760	0.000000	0.000000	0.000000
1764624073.959246397	0.000000	0.000000	0.333306	0.000000	0.000000	0.000000	0.000000	0.000000	nan	0.000000	0.000000	0.000000	0.000000	0.000000	0.000000	0.000000	0.000000	0.000000	0.000000	0.000000	88.716760	0.000000	0.000000	0.000000
1764624073.975071192	0.000000	0.000000	0.573734	0.000000	0.000000	0.000000	0.000000	0.000000	nan	0.000000	0.000000	0.000000	0.000000	0.000000	0.000000	0.000000	0.000000	0.000000	0.000000	0.000000	88.716760	0.000000	0.000000	0.000000
1764624073.979540348	0.000000	0.000000	-0.135759	0.000000	0.000000	0.000000	0.000000	0.000000	nan	0.000000	0.000000	0.000000	0.000000	0.000000	0.000000	0.000000	0.000000	0.000000	0.000000	0.000000	88.716760	0.000000	0.000000	0.000000
1764624073.989272118	0.000000	0.000000	0.577058	0.000000	0.000000	0.000000	0.000000	0.000000	nan	0.000000	0.000000	0.000000	0.000000	0.000000	0.000000	0.000000	0.000000	0.000000	0.000000	0.000000	88.716760	0.000000	0.000000	0.000000
1764624073.999523878	0.000000	0.000000	0.241287	0.000000	0.000000	0.000000	0.000000	0.000000	nan	0.000000	0.000000	0.000000	0.000000	0.000000	0.000000	0.000000	0.000000	0.000000	0.000000	0.000000	88.716760	0.000000	0.000000	0.000000
1764624074.009456158	0.000000	0.000000	0.135560	0.000000	0.000000	0.000000	0.000000	0.000000	nan	0.000000	0.000000	0.000000	0.000000	0.000000	0.000000	0.000000	0.000000	0.000000	0.000000	0.000000	88.716760	0.000000	0.000000	0.000000
1764624074.025421381	0.000000	0.000000	0.386781	0.000000	0.000000	0.000000	0.000000	0.000000	nan	0.000000	0.000000	0.000000	0.000000	0.000000	0.000000	0.000000	0.000000	0.000000	0.000000	0.000000	88.716760	0.000000	0.000000	0.000000
1764624074.029833555	0.000000	0.000000	0.444915	0.000000	0.000000	0.000000	0.000000	0.000000	nan	0.000000	0.000000	0.000000	0.000000	0.000000	0.000000	0.000000	0.000000	0.000000	0.000000	0.000000	88.716760	0.000000	0.000000	0.000000
1764624074.039243698	0.000000	0.000000	0.107902	0.000000	0.000000	0.000000	0.000000	0.000000	nan	0.000000	0.000000	0.000000	0.000000	0.000000	0.000000	0.000000	0.000000	0.000000	0.000000	0.000000	88.716760	0.000000	0.000000	0.000000
1764624074.052905560	0.000000	0.000000	0.370705	0.000000	0.000000	0.000000	0.000000	0.000000	nan	0.000000	0.000000	0.000000	0.000000	0.000000	0.000000	0.000000	0.000000	0.000000	0.000000	0.000000	88.716760	0.000000	0.000000	0.000000
1764624074.061822176	0.000000	0.000000	0.308721	0.000000	0.000000	0.000000	0.000000	0.000000	nan	0.000000	0.000000	0.000000	0.000000	0.000000	0.000000	0.000000	0.000000	0.000000	0.000000	0.000000	88.716760	0.000000	0.000000	0.000000
1764624074.069362640	0.000000	0.000000	0.186307	0.000000	0.000000	0.000000	0.000000	0.000000	nan	0.000000	0.000000	0.000000	0.000000	0.000000	0.000000	0.000000	0.000000	0.000000	0.000000	0.000000	88.716760	0.000000	0.000000	0.000000
1764624074.079907179	0.000000	0.000000	0.326768	0.000000	0.000000	0.000000	0.000000	0.000000	nan	0.000000	0.000000	0.000000	0.000000	0.000000	0.000000	0.000000	0.000000	0.000000	0.000000	0.000000	88.716760	0.000000	0.000000	0.000000
1764624074.093585253	0.000000	0.000000	0.390467	0.000000	0.000000	0.000000	0.000000	0.000000	nan	0.000000	0.000000	0.000000	0.000000	0.000000	0.000000	0.000000	0.000000	0.000000	0.000000	0.000000	88.716760	0.000000	0.000000	0.000000
1764624074.100175619	0.000000	0.000000	0.428962	0.000000	0.000000	0.000000	0.000000	0.000000	nan	0.000000	0.000000	0.000000	0.000000	0.000000	0.000000	0.000000	0.000000	0.000000	0.000000	0.000000	88.716760	0.000000	0.000000	0.000000
1764624074.110131264	0.000000	0.000000	0.190589	0.000000	0.000000	0.000000	0.000000	0.000000	nan	0.000000	0.000000	0.000000	0.000000	0.000000	0.000000	0.000000	0.000000	0.000000	0.000000	0.000000	88.716760	0.000000	0.000000	0.000000
1764624074.119332314	0.000000	0.000000	0.367538	0.000000	0.000000	0.000000	0.000000	0.000000	nan	0.000000	0.000000	0.000000	0.000000	0.000000	0.000000	0.000000	0.000000	0.000000	0.000000	0.000000	88.716760	0.000000	0.000000	0.000000
1764624074.130395651	0.000000	0.000000	0.556227	0.000000	0.000000	0.000000	0.000000	0.000000	nan	0.000000	0.000000	0.000000	0.000000	0.000000	0.000000	0.000000	0.000000	0.000000	0.000000	0.000000	88.716760	0.000000	0.000000	0.000000
1764624074.151234150	0.000000	0.000000	0.244925	0.000000	0.000000	0.000000	0.000000	0.000000	nan	0.000000	0.000000	0.000000	0.000000	0.000000	0.000000	0.000000	0.000000	0.000000	0.000000	0.000000	88.716760	0.000000	0.000000	0.000000
1764624074.151252270	0.000000	0.000000	0.231453	0.000000	0.000000	0.000000	0.000000	0.000000	nan	0.000000	0.000000	0.000000	0.000000	0.000000	0.000000	0.000000	0.000000	0.000000	0.000000	0.000000	88.716760	0.000000	0.000000	0.000000
1764624074.168916941	0.000000	0.000000	0.621298	0.000000	0.000000	0.000000	0.000000	0.000000	nan	0.000000	0.000000	0.000000	0.000000	0.000000	0.000000	0.000000	0.000000	0.000000	0.000000	0.000000	88.716760	0.000000	0.000000	0.000000
1764624074.177772045	0.000000	0.000000	0.323968	0.000000	0.000000	0.000000	0.000000	0.000000	nan	0.000000	0.000000	0.000000	0.000000	0.000000	0.000000	0.000000	0.000000	0.000000	0.000000	0.000000	88.716760	0.000000	0.000000	0.000000
1764624074.179434538	0.000000	0.000000	0.407592	0.000000	0.000000	0.000000	0.000000	0.000000	nan	0.000000	0.000000	0.000000	0.000000	0.000000	0.000000	0.000000	0.000000	0.000000	0.000000	0.000000	88.716760	0.000000	0.000000	0.000000
1764624074.189396143	0.000000	0.000000	0.609094	0.000000	0.000000	0.000000	0.000000	0.000000	nan	0.000000	0.000000	0.000000	0.000000	0.000000	0.000000	0.000000	0.000000	0.000000	0.000000	0.000000	88.716760	0.000000	0.000000	0.000000
1764624074.199488401	0.000000	0.000000	0.144764	0.000000	0.000000	0.000000	0.000000	0.000000	nan	0.000000	0.000000	0.000000	0.000000	0.000000	0.000000	0.000000	0.000000	0.000000	0.000000	0.000000	88.716760	0.000000	0.000000	0.000000
1764624074.210546732	0.000000	0.000000	0.481713	0.000000	0.000000	0.000000	0.000000	0.000000	nan	0.000000	0.000000	0.000000	0.000000	0.000000	0.000000	0.000000	0.000000	0.000000	0.000000	0.000000	88.716760	0.000000	0.000000	0.000000
1764624074.223578453	0.000000	0.000000	0.532988	0.000000	0.000000	0.000000	0.000000	0.000000	0.020201	0.000000	0.000000	0.000000	0.000000	0.000000	0.000000	0.000000	0.000000	0.000000	0.000000	0.000000	88.716760	0.000000	0.000000	0.000000
1764624074.229628325	0.000000	0.000000	0.112526	0.000000	0.000000	0.000000	0.000000	0.000000	0.020201	0.000000	0.000000	0.000000	0.000000	0.000000	0.000000	0.000000	0.000000	0.000000	0.000000	0.000000	88.716760	0.000000	0.000000	0.000000
1764624074.249694109	0.000000	0.000000	0.557561	0.000000	0.000000	0.000000	0.000000	0.000000	0.020201	0.000000	0.000000	0.000000	0.000000	0.000000	0.000000	0.000000	0.000000	0.000000	0.000000	0.000000	88.716760	0.000000	0.000000	0.000000
1764624074.258629084	0.000000	0.000000	0.420490	0.000000	0.000000	0.000000	0.000000	0.000000	0.020201	0.000000	0.000000	0.000000	0.000000	0.000000	0.000000	0.000000	0.000000	0.000000	0.000000	0.000000	88.716760	0.000000	0.000000	0.000000
1764624074.258656979	0.000000	0.000000	0.275892	0.000000	0.000000	0.000000	0.000000	0.000000	0.020201	0.000000	0.000000	0.000000	0.000000	0.000000	0.000000	0.000000	0.000000	0.000000	0.000000	0.000000	88.716760	0.000000	0.000000	0.000000
1764624074.270170927	0.000000	0.000000	0.409738	0.000000	0.000000	0.000000	0.000000	0.000000	0.020201	0.000000	0.000000	0.000000	0.000000	0.000000	0.000000	0.000000	0.000000	0.000000	0.000000	0.000000	88.716760	0.000000	0.000000	0.000000
1764624074.279414415	0.000000	0.000000	0.410169	0.000000	0.000000	0.000000	0.000000	0.000000	0.020201	0.000000	0.000000	0.000000	0.000000	0.000000	0.000000	0.000000	0.000000	0.000000	0.000000	0.000000	88.716760	0.000000	0.000000	0.000000
1764624074.289557934	0.000000	0.000000	0.376751	0.000000	0.000000	0.000000	0.000000	0.000000	0.020201	0.000000	0.000000	0.000000	0.000000	0.000000	0.000000	0.000000	0.000000	0.000000	0.000000	0.000000	88.716760	0.000000	0.000000	0.000000
1764624074.309777260	0.000000	0.000000	0.338704	0.000000	0.000000	0.000000	0.000000	0.000000	0.020201	0.000000	0.000000	0.000000	0.000000	0.000000	0.000000	0.000000	0.000000	0.000000	0.000000	0.000000	88.716760	0.000000	0.000000	0.000000
1764624074.311269760	0.000000	0.000000	0.451662	0.000000	0.000000	0.000000	0.000000	0.000000	0.020201	0.000000	0.000000	0.000000	0.000000	0.000000	0.000000	0.000000	0.000000	0.000000	0.000000	0.000000	88.716760	0.000000	0.000000	0.000000
1764624074.320115328	0.000000	0.000000	0.666087	0.000000	0.000000	0.000000	0.000000	0.000000	0.020201	0.000000	0.000000	0.000000	0.000000	0.000000	0.000000	0.000000	0.000000	0.000000	0.000000	0.000000	88.716760	0.000000	0.000000	0.000000
1764624074.341691256	0.000000	0.000000	0.302657	0.000000	0.000000	0.000000	0.000000	0.000000	0.020201	0.000000	0.000000	0.000000	0.000000	0.000000	0.000000	0.000000	0.000000	0.000000	0.000000	0.000000	88.716760	0.000000	0.000000	0.000000
1764624074.341714144	0.000000	0.000000	0.221335	0.000000	0.000000	0.000000	0.000000	0.000000	0.020201	0.000000	0.000000	0.000000	0.000000	0.000000	0.000000	0.000000	0.000000	0.000000	0.000000	0.000000	88.716760	0.000000	0.000000	0.000000
1764624074.349358559	0.000000	0.000000	0.828218	0.000000	0.000000	0.000000	0.000000	0.000000	0.020201	0.000000	0.000000	0.000000	0.000000	0.000000	0.000000	0.000000	0.000000	0.000000	0.000000	0.000000	88.716760	0.000000	0.000000	0.000000
1764624074.360079527	0.000000	0.000000	0.092743	0.000000	0.000000	0.000000	0.000000	0.000000	0.020201	0.000000	0.000000	0.000000	0.000000	0.000000	0.000000	0.000000	0.000000	0.000000	0.000000	0.000000	88.716760	0.000000	0.000000	0.000000
1764624074.369557858	0.000000	0.000000	0.359026	0.000000	0.000000	0.000000	0.000000	0.000000	0.020201	0.000000	0.000000	0.000000	0.000000	0.000000	0.000000	0.000000	0.000000	0.000000	0.000000	0.000000	88.716760	0.000000	0.000000	0.000000
1764624074.389031887	0.000000	0.000000	0.881893	0.000000	0.000000	0.000000	0.000000	0.000000	0.020201	0.000000	0.000000	0.000000	0.000000	0.000000	0.000000	0.000000	0.000000	0.000000	0.000000	0.000000	88.716760	0.000000	0.000000	0.000000
1764624074.390426874	0.000000	0.000000	0.121462	0.000000	0.000000	0.000000	0.000000	0.000000	0.020201	0.000000	0.000000	0.000000	0.000000	0.000000	0.000000	0.000000	0.000000	0.000000	0.000000	0.000000	88.716760	0.000000	0.000000	0.000000
1764624074.399459362	0.000000	0.000000	0.481832	0.000000	0.000000	0.000000	0.000000	0.000000	0.020201	0.000000	0.000000	0.000000	0.000000	0.000000	0.000000	0.000000	0.000000	0.000000	0.000000	0.000000	88.716760	0.000000	0.000000	0.000000
1764624074.411230087	0.000000	0.000000	0.665062	0.000000	0.000000	0.000000	0.000000	0.000000	0.020201	0.000000	0.000000	0.000000	0.000000	0.000000	0.000000	0.000000	0.000000	0.000000	0.000000	0.000000	88.716760	0.000000	0.000000	0.000000
1764624074.420172453	0.000000	0.000000	0.109420	0.000000	0.000000	0.000000	0.000000	0.000000	0.020201	0.000000	0.000000	0.000000	0.000000	0.000000	0.000000	0.000000	0.000000	0.000000	0.000000	0.000000	88.716760	0.000000	0.000000	0.000000
1764624074.429206133	0.000000	0.000000	0.524815	0.000000	0.000000	0.000000	0.000000	0.000000	0.020201	0.000000	0.000000	0.000000	0.000000	0.000000	0.000000	0.000000	0.000000	0.000000	0.000000	0.000000	88.716760	0.000000	0.000000	0.000000
1764624074.439432383	0.000000	0.000000	0.538901	0.000000	0.000000	0.000000	0.000000	0.000000	0.020201	0.000000	0.000000	0.000000	0.000000	0.000000	0.000000	0.000000	0.000000	0.000000	0.000000	0.000000	88.716760	0.000000	0.000000	0.000000
1764624074.449812889	0.000000	0.000000	0.252170	0.000000	0.000000	0.000000	0.000000	0.000000	0.020201	0.000000	0.000000	0.000000	0.000000	0.000000	0.000000	0.000000	0.000000	0.000000	0.000000	0.000000	88.716760	0.000000	0.000000	0.000000
1764624074.468108892	0.000000	0.000000	0.675043	0.000000	0.000000	0.000000	0.000000	0.000000	nan	0.000000	0.000000	0.000000	0.000000	0.000000	0.000000	0.000000	0.000000	0.000000	0.000000	0.000000	88.716760	0.000000	0.000000	0.000000
1764624074.469372988	0.000000	0.000000	0.246069	0.000000	0.000000	0.000000	0.000000	0.000000	nan	0.000000	0.000000	0.000000	0.000000	0.000000	0.000000	0.000000	0.000000	0.000000	0.000000	0.000000	88.716760	0.000000	0.000000	0.000000
1764624074.479934931	0.000000	0.000000	0.338745	0.000000	0.000000	0.000000	0.000000	0.000000	nan	0.000000	0.000000	0.000000	0.000000	0.000000	0.000000	0.000000	0.000000	0.000000	0.000000	0.000000	88.716760	0.000000	0.000000	0.000000
1764624074.489590645	0.000000	0.000000	0.457687	0.000000	0.000000	0.000000	0.000000	0.000000	nan	0.000000	0.000000	0.000000	0.000000	0.000000	0.000000	0.000000	0.000000	0.000000	0.000000	0.000000	88.716760	0.000000	0.000000	0.000000
1764624074.513020754	0.000000	0.000000	0.485316	0.000000	0.000000	0.000000	0.000000	0.000000	nan	0.000000	0.000000	0.000000	0.000000	0.000000	0.000000	0.000000	0.000000	0.000000	0.000000	0.000000	88.716760	0.000000	0.000000	0.000000
1764624074.513045788	0.000000	0.000000	0.495494	0.000000	0.000000	0.000000	0.000000	0.000000	nan	0.000000	0.000000	0.000000	0.000000	0.000000	0.000000	0.000000	0.000000	0.000000	0.000000	0.000000	88.716760	0.000000	0.000000	0.000000
1764624074.520331383	0.000000	0.000000	0.467059	0.000000	0.000000	0.000000	0.000000	0.000000	nan	0.000000	0.000000	0.000000	0.000000	0.000000	0.000000	0.000000	0.000000	0.000000	0.000000	0.000000	88.716760	0.000000	0.000000	0.000000
1764624074.529911995	0.000000	0.000000	0.391156	0.000000	0.000000	0.000000	0.000000	0.000000	nan	0.000000	0.000000	0.000000	0.000000	0.000000	0.000000	0.000000	0.000000	0.000000	0.000000	0.000000	88.716760	0.000000	0.000000	0.000000
1764624074.551029921	0.000000	0.000000	0.389014	0.000000	0.000000	0.000000	0.000000	0.000000	nan	0.000000	0.000000	0.000000	0.000000	0.000000	0.000000	0.000000	0.000000	0.000000	0.000000	0.000000	88.716760	0.000000	0.000000	0.000000
1764624074.552321911	0.000000	0.000000	0.366345	0.000000	0.000000	0.000000	0.000000	0.000000	nan	0.000000	0.000000	0.000000	0.000000	0.000000	0.000000	0.000000	0.000000	0.000000	0.000000	0.000000	88.716760	0.000000	0.000000	0.000000
1764624074.559341192	0.000000	0.000000	0.473623	0.000000	0.000000	0.000000	0.000000	0.000000	nan	0.000000	0.000000	0.000000	0.000000	0.000000	0.000000	0.000000	0.000000	0.000000	0.000000	0.000000	88.716760	0.000000	0.000000	0.000000
1764624074.575670242	0.000000	0.000000	0.372935	0.000000	0.000000	0.000000	0.000000	0.000000	nan	0.000000	0.000000	0.000000	0.000000	0.000000	0.000000	0.000000	0.000000	0.000000	0.000000	0.000000	88.716760	0.000000	0.000000	0.000000
1764624074.579399586	0.000000	0.000000	0.291506	0.000000	0.000000	0.000000	0.000000	0.000000	nan	0.000000	0.000000	0.000000	0.000000	0.000000	0.000000	0.000000	0.000000	0.000000	0.000000	0.000000	88.716760	0.000000	0.000000	0.000000
1764624074.589075804	0.000000	0.000000	0.522352	0.000000	0.000000	0.000000	0.000000	0.000000	nan	0.000000	0.000000	0.000000	0.000000	0.000000	0.000000	0.000000	0.000000	0.000000	0.000000	0.000000	88.716760	0.000000	0.000000	0.000000
1764624074.598755598	0.000000	0.000000	0.348714	0.000000	0.000000	0.000000	0.000000	0.000000	nan	0.000000	0.000000	0.000000	0.000000	0.000000	0.000000	0.000000	0.000000	0.000000	0.000000	0.000000	88.716760	0.000000	0.000000	0.000000
1764624074.609520912	0.000000	0.000000	0.432108	0.000000	0.000000	0.000000	0.000000	0.000000	nan	0.000000	0.000000	0.000000	0.000000	0.000000	0.000000	0.000000	0.000000	0.000000	0.000000	0.000000	88.716760	0.000000	0.000000	0.000000
1764624074.620110989	0.000000	0.000000	0.496490	0.000000	0.000000	0.000000	0.000000	0.000000	nan	0.000000	0.000000	0.000000	0.000000	0.000000	0.000000	0.000000	0.000000	0.000000	0.000000	0.000000	88.716760	0.000000	0.000000	0.000000
1764624074.629622936	0.000000	0.000000	0.346869	0.000000	0.000000	0.000000	0.000000	0.000000	nan	0.000000	0.000000	0.000000	0.000000	0.000000	0.000000	0.000000	0.000000	0.000000	0.000000	0.000000	88.716760	0.000000	0.000000	0.000000
1764624074.639781952	0.000000	0.000000	0.361124	0.000000	0.000000	0.000000	0.000000	0.000000	nan	0.000000	0.000000	0.000000	0.000000	0.000000	0.000000	0.000000	0.000000	0.000000	0.000000	0.000000	88.716760	0.000000	0.000000	0.000000
1764624074.660042524	0.000000	0.000000	0.543020	0.000000	0.000000	0.000000	0.000000	0.000000	nan	0.000000	0.000000	0.000000	0.000000	0.000000	0.000000	0.000000	0.000000	0.000000	0.000000	0.000000	88.716760	0.000000	0.000000	0.000000
1764624074.660047531	0.000000	0.000000	0.342228	0.000000	0.000000	0.000000	0.000000	0.000000	nan	0.000000	0.000000	0.000000	0.000000	0.000000	0.000000	0.000000	0.000000	0.000000	0.000000	0.000000	88.716760	0.000000	0.000000	0.000000
1764624074.669333458	0.000000	0.000000	0.370858	0.000000	0.000000	0.000000	0.000000	0.000000	nan	0.000000	0.000000	0.000000	0.000000	0.000000	0.000000	0.000000	0.000000	0.000000	0.000000	0.000000	88.716760	0.000000	0.000000	0.000000
1764624074.679503918	0.000000	0.000000	0.435329	0.000000	0.000000	0.000000	0.000000	0.000000	nan	0.000000	0.000000	0.000000	0.000000	0.000000	0.000000	0.000000	0.000000	0.000000	0.000000	0.000000	88.716760	0.000000	0.000000	0.000000
1764624074.689638853	0.000000	0.000000	0.416869	0.000000	0.000000	0.000000	0.000000	0.000000	nan	0.000000	0.000000	0.000000	0.000000	0.000000	0.000000	0.000000	0.000000	0.000000	0.000000	0.000000	88.716760	0.000000	0.000000	0.000000
1764624074.712851763	0.000000	0.000000	0.215480	0.000000	0.000000	0.000000	0.000000	0.000000	nan	0.000000	0.000000	0.000000	0.000000	0.000000	0.000000	0.000000	0.000000	0.000000	0.000000	0.000000	88.716760	0.000000	0.000000	0.000000
1764624074.712916851	0.000000	0.000000	0.607372	0.000000	0.000000	0.000000	0.000000	0.000000	nan	0.000000	0.000000	0.000000	0.000000	0.000000	0.000000	0.000000	0.000000	0.000000	0.000000	0.000000	88.716760	0.000000	0.000000	0.000000
1764624074.719193935	0.000000	0.000000	0.276569	0.000000	0.000000	0.000000	0.000000	0.000000	nan	0.000000	0.000000	0.000000	0.000000	0.000000	0.000000	0.000000	0.000000	0.000000	0.000000	0.000000	88.716760	0.000000	0.000000	0.000000
1764624074.740988970	0.000000	0.000000	0.373114	0.000000	0.000000	0.000000	0.000000	0.000000	nan	0.000000	0.000000	0.000000	0.000000	0.000000	0.000000	0.000000	0.000000	0.000000	0.000000	0.000000	88.716760	0.000000	0.000000	0.000000
1764624074.741016626	0.000000	0.000000	0.667650	0.000000	0.000000	0.000000	0.000000	0.000000	nan	0.000000	0.000000	0.000000	0.000000	0.000000	0.000000	0.000000	0.000000	0.000000	0.000000	0.000000	88.716760	0.000000	0.000000	0.000000
1764624074.749256849	0.000000	0.000000	0.089509	0.000000	0.000000	0.000000	0.000000	0.000000	nan	0.000000	0.000000	0.000000	0.000000	0.000000	0.000000	0.000000	0.000000	0.000000	0.000000	0.000000	88.716760	0.000000	0.000000	0.000000
1764624074.759870291	0.000000	0.000000	0.490457	0.000000	0.000000	0.000000	0.000000	0.000000	nan	0.000000	0.000000	0.000000	0.000000	0.000000	0.000000	0.000000	0.000000	0.000000	0.000000	0.000000	88.716760	0.000000	0.000000	0.000000
1764624074.781297684	0.000000	0.000000	0.465598	0.000000	0.000000	0.000000	0.000000	0.000000	nan	0.000000	0.000000	0.000000	0.000000	0.000000	0.000000	0.000000	0.000000	0.000000	0.000000	0.000000	88.716760	0.000000	0.000000	0.000000
1764624074.781309366	0.000000	0.000000	0.375234	0.000000	0.000000	0.000000	0.000000	0.000000	nan	0.000000	0.000000	0.000000	0.000000	0.000000	0.000000	0.000000	0.000000	0.000000	0.000000	0.000000	88.716760	0.000000	0.000000	0.000000
1764624074.789288282	0.000000	0.000000	0.297288	0.000000	0.000000	0.000000	0.000000	0.000000	nan	0.000000	0.000000	0.000000	0.000000	0.000000	0.000000	0.000000	0.000000	0.000000	0.000000	0.000000	88.716760	0.000000	0.000000	0.000000
1764624074.799031973	0.000000	0.000000	0.535482	0.000000	0.000000	0.000000	0.000000	0.000000	nan	0.000000	0.000000	0.000000	0.000000	0.000000	0.000000	0.000000	0.000000	0.000000	0.000000	0.000000	88.716760	0.000000	0.000000	0.000000
1764624074.821307659	0.000000	0.000000	0.345110	0.000000	0.000000	0.000000	0.000000	0.000000	nan	0.000000	0.000000	0.000000	0.000000	0.000000	0.000000	0.000000	0.000000	0.000000	0.000000	0.000000	88.716760	0.000000	0.000000	0.000000
1764624074.821323633	0.000000	0.000000	0.428659	0.000000	0.000000	0.000000	0.000000	0.000000	nan	0.000000	0.000000	0.000000	0.000000	0.000000	0.000000	0.000000	0.000000	0.000000	0.000000	0.000000	88.716760	0.000000	0.000000	0.000000
1764624074.829647779	0.000000	0.000000	0.460299	0.000000	0.000000	0.000000	0.000000	0.000000	nan	0.000000	0.000000	0.000000	0.000000	0.000000	0.000000	0.000000	0.000000	0.000000	0.000000	0.000000	88.716760	0.000000	0.000000	0.000000
1764624074.840091705	0.000000	0.000000	0.391838	0.000000	0.000000	0.000000	0.000000	0.000000	nan	0.000000	0.000000	0.000000	0.000000	0.000000	0.000000	0.000000	0.000000	0.000000	0.000000	0.000000	88.716760	0.000000	0.000000	0.000000
1764624074.850187063	0.000000	0.000000	0.398459	0.000000	0.000000	0.000000	0.000000	0.000000	nan	0.000000	0.000000	0.000000	0.000000	0.000000	0.000000	0.000000	0.000000	0.000000	0.000000	0.000000	88.716760	0.000000	0.000000	0.000000
1764624074.872554302	0.000000	0.000000	0.355508	0.000000	0.000000	0.000000	0.000000	0.000000	nan	0.000000	0.000000	0.000000	0.000000	0.000000	0.000000	0.000000	0.000000	0.000000	0.000000	0.000000	88.716760	0.000000	0.000000	0.000000
1764624074.872574091	0.000000	0.000000	0.454305	0.000000	0.000000	0.000000	0.000000	0.000000	nan	0.000000	0.000000	0.000000	0.000000	0.000000	0.000000	0.000000	0.000000	0.000000	0.000000	0.000000	88.716760	0.000000	0.000000	0.000000
1764624074.879359007	0.000000	0.000000	0.475009	0.000000	0.000000	0.000000	0.000000	0.000000	nan	0.000000	0.000000	0.000000	0.000000	0.000000	0.000000	0.000000	0.000000	0.000000	0.000000	0.000000	88.716760	0.000000	0.000000	0.000000
1764624074.896677732	0.000000	0.000000	0.350979	0.000000	0.000000	0.000000	0.000000	0.000000	nan	0.000000	0.000000	0.000000	0.000000	0.000000	0.000000	0.000000	0.000000	0.000000	0.000000	0.000000	88.716760	0.000000	0.000000	0.000000
1764624074.898975849	0.000000	0.000000	0.336739	0.000000	0.000000	0.000000	0.000000	0.000000	nan	0.000000	0.000000	0.000000	0.000000	0.000000	0.000000	0.000000	0.000000	0.000000	0.000000	0.000000	88.716760	0.000000	0.000000	0.000000
1764624074.909461021	0.000000	0.000000	0.525195	0.000000	0.000000	0.000000	0.000000	0.000000	nan	0.000000	0.000000	0.000000	0.000000	0.000000	0.000000	0.000000	0.000000	0.000000	0.000000	0.000000	88.716760	0.000000	0.000000	0.000000
1764624074.919597626	0.000000	0.000000	0.276421	0.000000	0.000000	0.000000	0.000000	0.000000	nan	0.000000	0.000000	0.000000	0.000000	0.000000	0.000000	0.000000	0.000000	0.000000	0.000000	0.000000	88.716760	0.000000	0.000000	0.000000
1764624074.929711580	0.000000	0.000000	0.467583	0.000000	0.000000	0.000000	0.000000	0.000000	nan	0.000000	0.000000	0.000000	0.000000	0.000000	0.000000	0.000000	0.000000	0.000000	0.000000	0.000000	88.716760	0.000000	0.000000	0.000000
1764624074.948439360	0.000000	0.000000	0.447713	0.000000	0.000000	0.000000	0.000000	0.000000	nan	0.000000	0.000000	0.000000	0.000000	0.000000	0.000000	0.000000	0.000000	0.000000	0.000000	0.000000	88.716760	0.000000	0.000000	0.000000
1764624074.954264879	0.000000	0.000000	0.349825	0.000000	0.000000	0.000000	0.000000	0.000000	nan	0.000000	0.000000	0.000000	0.000000	0.000000	0.000000	0.000000	0.000000	0.000000	0.000000	0.000000	88.716760	0.000000	0.000000	0.000000
1764624074.959760189	0.000000	0.000000	0.465418	0.000000	0.000000	0.000000	0.000000	0.000000	nan	0.000000	0.000000	0.000000	0.000000	0.000000	0.000000	0.000000	0.000000	0.000000	0.000000	0.000000	88.716760	0.000000	0.000000	0.000000
1764624074.981930971	0.000000	0.000000	0.485307	0.000000	0.000000	0.000000	0.000000	0.000000	nan	0.000000	0.000000	0.000000	0.000000	0.000000	0.000000	0.000000	0.000000	0.000000	0.000000	0.000000	88.716760	0.000000	0.000000	0.000000
1764624074.981970310	0.000000	0.000000	0.381960	0.000000	0.000000	0.000000	0.000000	0.000000	nan	0.000000	0.000000	0.000000	0.000000	0.000000	0.000000	0.000000	0.000000	0.000000	0.000000	0.000000	88.716760	0.000000	0.000000	0.000000
1764624074.989126205	0.000000	0.000000	0.453046	0.000000	0.000000	0.000000	0.000000	0.000000	nan	0.000000	0.000000	0.000000	0.000000	0.000000	0.000000	0.000000	0.000000	0.000000	0.000000	0.000000	88.716760	0.000000	0.000000	0.000000
1764624074.999282360	0.000000	0.000000	0.393223	0.000000	0.000000	0.000000	0.000000	0.000000	nan	0.000000	0.000000	0.000000	0.000000	0.000000	0.000000	0.000000	0.000000	0.000000	0.000000	0.000000	88.716760	0.000000	0.000000	0.000000
1764624075.022220850	0.000000	0.000000	0.444985	0.000000	0.000000	0.000000	0.000000	0.000000	nan	0.000000	0.000000	0.000000	0.000000	0.000000	0.000000	0.000000	0.000000	0.000000	0.000000	0.000000	88.716760	0.000000	0.000000	0.000000
1764624075.023894072	0.000000	0.000000	0.483000	0.000000	0.000000	0.000000	0.000000	0.000000	nan	0.000000	0.000000	0.000000	0.000000	0.000000	0.000000	0.000000	0.000000	0.000000	0.000000	0.000000	88.716760	0.000000	0.000000	0.000000
1764624075.029624701	0.000000	0.000000	0.565459	0.000000	0.000000	0.000000	0.000000	0.000000	nan	0.000000	0.000000	0.000000	0.000000	0.000000	0.000000	0.000000	0.000000	0.000000	0.000000	0.000000	88.716760	0.000000	0.000000	0.000000
1764624075.039548159	0.000000	0.000000	0.385534	0.000000	0.000000	0.000000	0.000000	0.000000	nan	0.000000	0.000000	0.000000	0.000000	0.000000	0.000000	0.000000	0.000000	0.000000	0.000000	0.000000	88.716760	0.000000	0.000000	0.000000
1764624075.049808979	0.000000	0.000000	0.365619	0.000000	0.000000	0.000000	0.000000	0.000000	nan	0.000000	0.000000	0.000000	0.000000	0.000000	0.000000	0.000000	0.000000	0.000000	0.000000	0.000000	88.716760	0.000000	0.000000	0.000000
1764624075.067579985	0.000000	0.000000	0.463202	0.000000	0.000000	0.000000	0.000000	0.000000	nan	0.000000	0.000000	0.000000	0.000000	0.000000	0.000000	0.000000	0.000000	0.000000	0.000000	0.000000	88.716760	0.000000	0.000000	0.000000
1764624075.069435835	0.000000	0.000000	0.437131	0.000000	0.000000	0.000000	0.000000	0.000000	nan	0.000000	0.000000	0.000000	0.000000	0.000000	0.000000	0.000000	0.000000	0.000000	0.000000	0.000000	88.716760	0.000000	0.000000	0.000000
1764624075.080076933	0.000000	0.000000	0.459531	0.000000	0.000000	0.000000	0.000000	0.000000	nan	0.000000	0.000000	0.000000	0.000000	0.000000	0.000000	0.000000	0.000000	0.000000	0.000000	0.000000	88.716760	0.000000	0.000000	0.000000
1764624075.099504232	0.000000	0.000000	0.321900	0.000000	0.000000	0.000000	0.000000	0.000000	nan	0.000000	0.000000	0.000000	0.000000	0.000000	0.000000	0.000000	0.000000	0.000000	0.000000	0.000000	88.716760	0.000000	0.000000	0.000000
1764624075.099519253	0.000000	0.000000	0.530263	0.000000	0.000000	0.000000	0.000000	0.000000	nan	0.000000	0.000000	0.000000	0.000000	0.000000	0.000000	0.000000	0.000000	0.000000	0.000000	0.000000	88.716760	0.000000	0.000000	0.000000
1764624075.109353065	0.000000	0.000000	0.283734	0.000000	0.000000	0.000000	0.000000	0.000000	nan	0.000000	0.000000	0.000000	0.000000	0.000000	0.000000	0.000000	0.000000	0.000000	0.000000	0.000000	88.716760	0.000000	0.000000	0.000000
1764624075.119429827	0.000000	0.000000	0.489835	0.000000	0.000000	0.000000	0.000000	0.000000	nan	0.000000	0.000000	0.000000	0.000000	0.000000	0.000000	0.000000	0.000000	0.000000	0.000000	0.000000	88.716760	0.000000	0.000000	0.000000
1764624075.129676819	0.000000	0.000000	0.440028	0.000000	0.000000	0.000000	0.000000	0.000000	nan	0.000000	0.000000	0.000000	0.000000	0.000000	0.000000	0.000000	0.000000	0.000000	0.000000	0.000000	88.716760	0.000000	0.000000	0.000000
1764624075.150837421	0.000000	0.000000	0.246423	0.000000	0.000000	0.000000	0.000000	0.000000	nan	0.000000	0.000000	0.000000	0.000000	0.000000	0.000000	0.000000	0.000000	0.000000	0.000000	0.000000	88.716760	0.000000	0.000000	0.000000
1764624075.150858879	0.000000	0.000000	0.452334	0.000000	0.000000	0.000000	0.000000	0.000000	nan	0.000000	0.000000	0.000000	0.000000	0.000000	0.000000	0.000000	0.000000	0.000000	0.000000	0.000000	88.716760	0.000000	0.000000	0.000000
1764624075.159246922	0.000000	0.000000	0.464822	0.000000	0.000000	0.000000	0.000000	0.000000	nan	0.000000	0.000000	0.000000	0.000000	0.000000	0.000000	0.000000	0.000000	0.000000	0.000000	0.000000	88.716760	0.000000	0.000000	0.000000
1764624075.183473587	0.000000	0.000000	0.274678	0.000000	0.000000	0.000000	0.000000	0.000000	nan	0.000000	0.000000	0.000000	0.000000	0.000000	0.000000	0.000000	0.000000	0.000000	0.000000	0.000000	88.716760	0.000000	0.000000	0.000000
1764624075.183487177	0.000000	0.000000	0.619820	0.000000	0.000000	0.000000	0.000000	0.000000	nan	0.000000	0.000000	0.000000	0.000000	0.000000	0.000000	0.000000	0.000000	0.000000	0.000000	0.000000	88.716760	0.000000	0.000000	0.000000
1764624075.188999891	0.000000	0.000000	0.326232	0.000000	0.000000	0.000000	0.000000	0.000000	nan	0.000000	0.000000	0.000000	0.000000	0.000000	0.000000	0.000000	0.000000	0.000000	0.000000	0.000000	88.716760	0.000000	0.000000	0.000000
1764624075.199139595	0.000000	0.000000	0.262635	0.000000	0.000000	0.000000	0.000000	0.000000	nan	0.000000	0.000000	0.000000	0.000000	0.000000	0.000000	0.000000	0.000000	0.000000	0.000000	0.000000	88.716760	0.000000	0.000000	0.000000
1764624075.217291594	0.000000	0.000000	0.488100	0.000000	0.000000	0.000000	0.000000	0.000000	nan	0.000000	0.000000	0.000000	0.000000	0.000000	0.000000	0.000000	0.000000	0.000000	0.000000	0.000000	88.716760	0.000000	0.000000	0.000000
1764624075.218913317	0.000000	0.000000	0.332789	0.000000	0.000000	0.000000	0.000000	0.000000	nan	0.000000	0.000000	0.000000	0.000000	0.000000	0.000000	0.000000	0.000000	0.000000	0.000000	0.000000	88.716760	0.000000	0.000000	0.000000
1764624075.229649067	0.000000	0.000000	0.408159	0.000000	0.000000	0.000000	0.000000	0.000000	nan	0.000000	0.000000	0.000000	0.000000	0.000000	0.000000	0.000000	0.000000	0.000000	0.000000	0.000000	88.716760	0.000000	0.000000	0.000000
1764624075.239506960	0.000000	0.000000	0.389779	0.000000	0.000000	0.000000	0.000000	0.000000	nan	0.000000	0.000000	0.000000	0.000000	0.000000	0.000000	0.000000	0.000000	0.000000	0.000000	0.000000	88.716760	0.000000	0.000000	0.000000
1764624075.249901533	0.000000	0.000000	0.249152	0.000000	0.000000	0.000000	0.000000	0.000000	nan	0.000000	0.000000	0.000000	0.000000	0.000000	0.000000	0.000000	0.000000	0.000000	0.000000	0.000000	88.716760	0.000000	0.000000	0.000000
1764624075.269698381	0.000000	0.000000	0.537971	0.000000	0.000000	0.000000	0.000000	0.000000	nan	0.000000	0.000000	0.000000	0.000000	0.000000	0.000000	0.000000	0.000000	0.000000	0.000000	0.000000	88.716760	0.000000	0.000000	0.000000
1764624075.280779839	0.000000	0.000000	0.324140	0.000000	0.000000	0.000000	0.000000	0.000000	nan	0.000000	0.000000	0.000000	0.000000	0.000000	0.000000	0.000000	0.000000	0.000000	0.000000	0.000000	88.716760	0.000000	0.000000	0.000000
1764624075.280797482	0.000000	0.000000	0.366182	0.000000	0.000000	0.000000	0.000000	0.000000	nan	0.000000	0.000000	0.000000	0.000000	0.000000	0.000000	0.000000	0.000000	0.000000	0.000000	0.000000	88.716760	0.000000	0.000000	0.000000
1764624075.298689365	0.000000	0.000000	0.269396	0.000000	0.000000	0.000000	0.000000	0.000000	nan	0.000000	0.000000	0.000000	0.000000	0.000000	0.000000	0.000000	0.000000	0.000000	0.000000	0.000000	88.716760	0.000000	0.000000	0.000000
1764624075.298701763	0.000000	0.000000	0.467681	0.000000	0.000000	0.000000	0.000000	0.000000	nan	0.000000	0.000000	0.000000	0.000000	0.000000	0.000000	0.000000	0.000000	0.000000	0.000000	0.000000	88.716760	0.000000	0.000000	0.000000
1764624075.309816122	0.000000	0.000000	0.337895	0.000000	0.000000	0.000000	0.000000	0.000000	nan	0.000000	0.000000	0.000000	0.000000	0.000000	0.000000	0.000000	0.000000	0.000000	0.000000	0.000000	88.716760	0.000000	0.000000	0.000000
1764624075.319605589	0.000000	0.000000	0.417524	0.000000	0.000000	0.000000	0.000000	0.000000	nan	0.000000	0.000000	0.000000	0.000000	0.000000	0.000000	0.000000	0.000000	0.000000	0.000000	0.000000	88.716760	0.000000	0.000000	0.000000
1764624075.329507589	0.000000	0.000000	0.255472	0.000000	0.000000	0.000000	0.000000	0.000000	nan	0.000000	0.000000	0.000000	0.000000	0.000000	0.000000	0.000000	0.000000	0.000000	0.000000	0.000000	88.716760	0.000000	0.000000	0.000000
1764624075.349471569	0.000000	0.000000	0.423592	0.000000	0.000000	0.000000	0.000000	0.000000	nan	0.000000	0.000000	0.000000	0.000000	0.000000	0.000000	0.000000	0.000000	0.000000	0.000000	0.000000	88.716760	0.000000	0.000000	0.000000
1764624075.352205276	0.000000	0.000000	0.462382	0.000000	0.000000	0.000000	0.000000	0.000000	nan	0.000000	0.000000	0.000000	0.000000	0.000000	0.000000	0.000000	0.000000	0.000000	0.000000	0.000000	88.716760	0.000000	0.000000	0.000000
1764624075.360439777	0.000000	0.000000	0.326220	0.000000	0.000000	0.000000	0.000000	0.000000	nan	0.000000	0.000000	0.000000	0.000000	0.000000	0.000000	0.000000	0.000000	0.000000	0.000000	0.000000	88.716760	0.000000	0.000000	0.000000
1764624075.370006323	0.000000	0.000000	0.333433	0.000000	0.000000	0.000000	0.000000	0.000000	nan	0.000000	0.000000	0.000000	0.000000	0.000000	0.000000	0.000000	0.000000	0.000000	0.000000	0.000000	88.716760	0.000000	0.000000	0.000000
1764624075.390784979	0.000000	0.000000	0.302735	0.000000	0.000000	0.000000	0.000000	0.000000	nan	0.000000	0.000000	0.000000	0.000000	0.000000	0.000000	0.000000	0.000000	0.000000	0.000000	0.000000	88.716760	0.000000	0.000000	0.000000
1764624075.390796423	0.000000	0.000000	0.252483	0.000000	0.000000	0.000000	0.000000	0.000000	nan	0.000000	0.000000	0.000000	0.000000	0.000000	0.000000	0.000000	0.000000	0.000000	0.000000	0.000000	88.716760	0.000000	0.000000	0.000000
1764624075.398625135	0.000000	0.000000	0.347571	0.000000	0.000000	0.000000	0.000000	0.000000	nan	0.000000	0.000000	0.000000	0.000000	0.000000	0.000000	0.000000	0.000000	0.000000	0.000000	0.000000	88.716760	0.000000	0.000000	0.000000
1764624075.416190147	0.000000	0.000000	0.467330	0.000000	0.000000	0.000000	0.000000	0.000000	nan	0.000000	0.000000	0.000000	0.000000	0.000000	0.000000	0.000000	0.000000	0.000000	0.000000	0.000000	88.716760	0.000000	0.000000	0.000000
1764624075.419032335	0.000000	0.000000	0.242035	0.000000	0.000000	0.000000	0.000000	0.000000	nan	0.000000	0.000000	0.000000	0.000000	0.000000	0.000000	0.000000	0.000000	0.000000	0.000000	0.000000	88.716760	0.000000	0.000000	0.000000
1764624075.429551125	0.000000	0.000000	0.381838	0.000000	0.000000	0.000000	0.000000	0.000000	nan	0.000000	0.000000	0.000000	0.000000	0.000000	0.000000	0.000000	0.000000	0.000000	0.000000	0.000000	88.716760	0.000000	0.000000	0.000000
1764624075.439344168	0.000000	0.000000	0.418796	0.000000	0.000000	0.000000	0.000000	0.000000	nan	0.000000	0.000000	0.000000	0.000000	0.000000	0.000000	0.000000	0.000000	0.000000	0.000000	0.000000	88.716760	0.000000	0.000000	0.000000
1764624075.457531214	0.000000	0.000000	0.238698	0.000000	0.000000	0.000000	0.000000	0.000000	nan	0.000000	0.000000	0.000000	0.000000	0.000000	0.000000	0.000000	0.000000	0.000000	0.000000	0.000000	88.716760	0.000000	0.000000	0.000000
1764624075.459479570	0.000000	0.000000	0.358183	0.000000	0.000000	0.000000	0.000000	0.000000	nan	0.000000	0.000000	0.000000	0.000000	0.000000	0.000000	0.000000	0.000000	0.000000	0.000000	0.000000	88.716760	0.000000	0.000000	0.000000
1764624075.469453335	0.000000	0.000000	0.403922	0.000000	0.000000	0.000000	0.000000	0.000000	nan	0.000000	0.000000	0.000000	0.000000	0.000000	0.000000	0.000000	0.000000	0.000000	0.000000	0.000000	88.716760	0.000000	0.000000	0.000000
1764624075.479102135	0.000000	0.000000	0.242781	0.000000	0.000000	0.000000	0.000000	0.000000	nan	0.000000	0.000000	0.000000	0.000000	0.000000	0.000000	0.000000	0.000000	0.000000	0.000000	0.000000	88.716760	0.000000	0.000000	0.000000
1764624075.494552135	0.000000	0.000000	0.226968	0.000000	0.000000	0.000000	0.000000	0.000000	nan	0.000000	0.000000	0.000000	0.000000	0.000000	0.000000	0.000000	0.000000	0.000000	0.000000	0.000000	88.716760	0.000000	0.000000	0.000000
1764624075.499056339	0.000000	0.000000	0.326875	0.000000	0.000000	0.000000	0.000000	0.000000	nan	0.000000	0.000000	0.000000	0.000000	0.000000	0.000000	0.000000	0.000000	0.000000	0.000000	0.000000	88.716760	0.000000	0.000000	0.000000
1764624075.509311914	0.000000	0.000000	0.220744	0.000000	0.000000	0.000000	0.000000	0.000000	nan	0.000000	0.000000	0.000000	0.000000	0.000000	0.000000	0.000000	0.000000	0.000000	0.000000	0.000000	88.716760	0.000000	0.000000	0.000000
1764624075.519508123	0.000000	0.000000	0.402009	0.000000	0.000000	0.000000	0.000000	0.000000	nan	0.000000	0.000000	0.000000	0.000000	0.000000	0.000000	0.000000	0.000000	0.000000	0.000000	0.000000	88.716760	0.000000	0.000000	0.000000
1764624075.530131578	0.000000	0.000000	0.356213	0.000000	0.000000	0.000000	0.000000	0.000000	nan	0.000000	0.000000	0.000000	0.000000	0.000000	0.000000	0.000000	0.000000	0.000000	0.000000	0.000000	88.716760	0.000000	0.000000	0.000000
1764624075.548431396	0.000000	0.000000	0.140469	0.000000	0.000000	0.000000	0.000000	0.000000	nan	0.000000	0.000000	0.000000	0.000000	0.000000	0.000000	0.000000	0.000000	0.000000	0.000000	0.000000	88.716760	0.000000	0.000000	0.000000
1764624075.549683571	0.000000	0.000000	0.405727	0.000000	0.000000	0.000000	0.000000	0.000000	nan	0.000000	0.000000	0.000000	0.000000	0.000000	0.000000	0.000000	0.000000	0.000000	0.000000	0.000000	88.716760	0.000000	0.000000	0.000000
1764624075.559456348	0.000000	0.000000	0.252574	0.000000	0.000000	0.000000	0.000000	0.000000	nan	0.000000	0.000000	0.000000	0.000000	0.000000	0.000000	0.000000	0.000000	0.000000	0.000000	0.000000	88.716760	0.000000	0.000000	0.000000
1764624075.574265718	0.000000	0.000000	0.213364	0.000000	0.000000	0.000000	0.000000	0.000000	nan	0.000000	0.000000	0.000000	0.000000	0.000000	0.000000	0.000000	0.000000	0.000000	0.000000	0.000000	88.716760	0.000000	0.000000	0.000000
1764624075.579537153	0.000000	0.000000	0.135994	0.000000	0.000000	0.000000	0.000000	0.000000	nan	0.000000	0.000000	0.000000	0.000000	0.000000	0.000000	0.000000	0.000000	0.000000	0.000000	0.000000	88.716760	0.000000	0.000000	0.000000
1764624075.589856386	0.000000	0.000000	0.395221	0.000000	0.000000	0.000000	0.000000	0.000000	nan	0.000000	0.000000	0.000000	0.000000	0.000000	0.000000	0.000000	0.000000	0.000000	0.000000	0.000000	88.716760	0.000000	0.000000	0.000000
1764624075.598778725	0.000000	0.000000	0.262727	0.000000	0.000000	0.000000	0.000000	0.000000	nan	0.000000	0.000000	0.000000	0.000000	0.000000	0.000000	0.000000	0.000000	0.000000	0.000000	0.000000	88.716760	0.000000	0.000000	0.000000
1764624075.610051632	0.000000	0.000000	0.253878	0.000000	0.000000	0.000000	0.000000	0.000000	nan	0.000000	0.000000	0.000000	0.000000	0.000000	0.000000	0.000000	0.000000	0.000000	0.000000	0.000000	88.716760	0.000000	0.000000	0.000000
1764624075.620494366	0.000000	0.000000	0.134390	0.000000	0.000000	0.000000	0.000000	0.000000	nan	0.000000	0.000000	0.000000	0.000000	0.000000	0.000000	0.000000	0.000000	0.000000	0.000000	0.000000	88.716760	0.000000	0.000000	0.000000
1764624075.631911993	0.000000	0.000000	0.279972	0.000000	0.000000	0.000000	0.000000	0.000000	nan	0.000000	0.000000	0.000000	0.000000	0.000000	0.000000	0.000000	0.000000	0.000000	0.000000	0.000000	88.716760	0.000000	0.000000	0.000000
1764624075.640071392	0.000000	0.000000	0.281786	0.000000	0.000000	0.000000	0.000000	0.000000	nan	0.000000	0.000000	0.000000	0.000000	0.000000	0.000000	0.000000	0.000000	0.000000	0.000000	0.000000	88.716760	0.000000	0.000000	0.000000
1764624075.656698942	0.000000	0.000000	0.164909	0.000000	0.000000	0.000000	0.000000	0.000000	nan	0.000000	0.000000	0.000000	0.000000	0.000000	0.000000	0.000000	0.000000	0.000000	0.000000	0.000000	88.716760	0.000000	0.000000	0.000000
1764624075.659503698	0.000000	0.000000	0.330348	0.000000	0.000000	0.000000	0.000000	0.000000	nan	0.000000	0.000000	0.000000	0.000000	0.000000	0.000000	0.000000	0.000000	0.000000	0.000000	0.000000	88.716760	0.000000	0.000000	0.000000
1764624075.669511795	0.000000	0.000000	0.118651	0.000000	0.000000	0.000000	0.000000	0.000000	nan	0.000000	0.000000	0.000000	0.000000	0.000000	0.000000	0.000000	0.000000	0.000000	0.000000	0.000000	88.716760	0.000000	0.000000	0.000000
1764624075.679915667	0.000000	0.000000	0.167234	0.000000	0.000000	0.000000	0.000000	0.000000	nan	0.000000	0.000000	0.000000	0.000000	0.000000	0.000000	0.000000	0.000000	0.000000	0.000000	0.000000	88.716760	0.000000	0.000000	0.000000
1764624075.698427439	0.000000	0.000000	0.231746	0.000000	0.000000	0.000000	0.000000	0.000000	nan	0.000000	0.000000	0.000000	0.000000	0.000000	0.000000	0.000000	0.000000	0.000000	0.000000	0.000000	88.716760	0.000000	0.000000	0.000000
1764624075.698446512	0.000000	0.000000	0.179912	0.000000	0.000000	0.000000	0.000000	0.000000	nan	0.000000	0.000000	0.000000	0.000000	0.000000	0.000000	0.000000	0.000000	0.000000	0.000000	0.000000	88.716760	0.000000	0.000000	0.000000
1764624075.709667444	0.000000	0.000000	0.082230	0.000000	0.000000	0.000000	0.000000	0.000000	nan	0.000000	0.000000	0.000000	0.000000	0.000000	0.000000	0.000000	0.000000	0.000000	0.000000	0.000000	88.716760	0.000000	0.000000	0.000000
1764624075.719210148	0.000000	0.000000	0.274192	0.000000	0.000000	0.000000	0.000000	0.000000	nan	0.000000	0.000000	0.000000	0.000000	0.000000	0.000000	0.000000	0.000000	0.000000	0.000000	0.000000	88.716760	0.000000	0.000000	0.000000
1764624075.729486465	0.000000	0.000000	0.172986	0.000000	0.000000	0.000000	0.000000	0.000000	nan	0.000000	0.000000	0.000000	0.000000	0.000000	0.000000	0.000000	0.000000	0.000000	0.000000	0.000000	88.716760	0.000000	0.000000	0.000000
1764624075.749573469	0.000000	0.000000	0.043620	0.000000	0.000000	0.000000	0.000000	0.000000	nan	0.000000	0.000000	0.000000	0.000000	0.000000	0.000000	0.000000	0.000000	0.000000	0.000000	0.000000	88.716760	0.000000	0.000000	0.000000
1764624075.750684023	0.000000	0.000000	0.230182	0.000000	0.000000	0.000000	0.000000	0.000000	nan	0.000000	0.000000	0.000000	0.000000	0.000000	0.000000	0.000000	0.000000	0.000000	0.000000	0.000000	88.716760	0.000000	0.000000	0.000000
1764624075.759662390	0.000000	0.000000	0.040095	0.000000	0.000000	0.000000	0.000000	0.000000	nan	0.000000	0.000000	0.000000	0.000000	0.000000	0.000000	0.000000	0.000000	0.000000	0.000000	0.000000	88.716760	0.000000	0.000000	0.000000
1764624075.776044846	0.000000	0.000000	0.242611	0.000000	0.000000	0.000000	0.000000	0.000000	nan	0.000000	0.000000	0.000000	0.000000	0.000000	0.000000	0.000000	0.000000	0.000000	0.000000	0.000000	88.716760	0.000000	0.000000	0.000000
1764624075.779886484	0.000000	0.000000	0.185593	0.000000	0.000000	0.000000	0.000000	0.000000	nan	0.000000	0.000000	0.000000	0.000000	0.000000	0.000000	0.000000	0.000000	0.000000	0.000000	0.000000	88.716760	0.000000	0.000000	0.000000
1764624075.789499521	0.000000	0.000000	0.132224	0.000000	0.000000	0.000000	0.000000	0.000000	nan	0.000000	0.000000	0.000000	0.000000	0.000000	0.000000	0.000000	0.000000	0.000000	0.000000	0.000000	88.716760	0.000000	0.000000	0.000000
1764624075.798653126	0.000000	0.000000	0.064189	0.000000	0.000000	0.000000	0.000000	0.000000	nan	0.000000	0.000000	0.000000	0.000000	0.000000	0.000000	0.000000	0.000000	0.000000	0.000000	0.000000	88.716760	0.000000	0.000000	0.000000
1764624075.816571474	0.000000	0.000000	0.257598	0.000000	0.000000	0.000000	0.000000	0.000000	nan	0.000000	0.000000	0.000000	0.000000	0.000000	0.000000	0.000000	0.000000	0.000000	0.000000	0.000000	88.716760	0.000000	0.000000	0.000000
1764624075.819739103	0.000000	0.000000	0.076936	0.000000	0.000000	0.000000	0.000000	0.000000	nan	0.000000	0.000000	0.000000	0.000000	0.000000	0.000000	0.000000	0.000000	0.000000	0.000000	0.000000	88.716760	0.000000	0.000000	0.000000
1764624075.829361439	0.000000	0.000000	0.072065	0.000000	0.000000	0.000000	0.000000	0.000000	nan	0.000000	0.000000	0.000000	0.000000	0.000000	0.000000	0.000000	0.000000	0.000000	0.000000	0.000000	88.716760	0.000000	0.000000	0.000000
1764624075.840293407	0.000000	0.000000	0.213717	0.000000	0.000000	0.000000	0.000000	0.000000	nan	0.000000	0.000000	0.000000	0.000000	0.000000	0.000000	0.000000	0.000000	0.000000	0.000000	0.000000	88.716760	0.000000	0.000000	0.000000
1764624075.850295305	0.000000	0.000000	0.060569	0.000000	0.000000	0.000000	0.000000	0.000000	nan	0.000000	0.000000	0.000000	0.000000	0.000000	0.000000	0.000000	0.000000	0.000000	0.000000	0.000000	88.716760	0.000000	0.000000	0.000000
1764624075.870287657	0.000000	0.000000	0.099220	0.000000	0.000000	0.000000	0.000000	0.000000	nan	0.000000	0.000000	0.000000	0.000000	0.000000	0.000000	0.000000	0.000000	0.000000	0.000000	0.000000	88.716760	0.000000	0.000000	0.000000
1764624075.870294809	0.000000	0.000000	0.292361	0.000000	0.000000	0.000000	0.000000	0.000000	nan	0.000000	0.000000	0.000000	0.000000	0.000000	0.000000	0.000000	0.000000	0.000000	0.000000	0.000000	88.716760	0.000000	0.000000	0.000000
1764624075.879475594	0.000000	0.000000	-0.027522	0.000000	0.000000	0.000000	0.000000	0.000000	nan	0.000000	0.000000	0.000000	0.000000	0.000000	0.000000	0.000000	0.000000	0.000000	0.000000	0.000000	88.716760	0.000000	0.000000	0.000000
1764624075.899005651	0.000000	0.000000	-0.001037	0.000000	0.000000	0.000000	0.000000	0.000000	nan	0.000000	0.000000	0.000000	0.000000	0.000000	0.000000	0.000000	0.000000	0.000000	0.000000	0.000000	88.716760	0.000000	0.000000	0.000000
1764624075.899016380	0.000000	0.000000	0.463374	0.000000	0.000000	0.000000	0.000000	0.000000	nan	0.000000	0.000000	0.000000	0.000000	0.000000	0.000000	0.000000	0.000000	0.000000	0.000000	0.000000	88.716760	0.000000	0.000000	0.000000
1764624075.909174442	0.000000	0.000000	-0.159604	0.000000	0.000000	0.000000	0.000000	0.000000	nan	0.000000	0.000000	0.000000	0.000000	0.000000	0.000000	0.000000	0.000000	0.000000	0.000000	0.000000	88.716760	0.000000	0.000000	0.000000
1764624075.919917822	0.000000	0.000000	0.114519	0.000000	0.000000	0.000000	0.000000	0.000000	nan	0.000000	0.000000	0.000000	0.000000	0.000000	0.000000	0.000000	0.000000	0.000000	0.000000	0.000000	88.716760	0.000000	0.000000	0.000000
1764624075.930372000	0.000000	0.000000	0.154349	0.000000	0.000000	0.000000	0.000000	0.000000	nan	0.000000	0.000000	0.000000	0.000000	0.000000	0.000000	0.000000	0.000000	0.000000	0.000000	0.000000	88.716760	0.000000	0.000000	0.000000
1764624075.943581820	0.000000	0.000000	0.083849	0.000000	0.000000	0.000000	0.000000	0.000000	nan	0.000000	0.000000	0.000000	0.000000	0.000000	0.000000	0.000000	0.000000	0.000000	0.000000	0.000000	88.716760	0.000000	0.000000	0.000000
1764624075.949895859	0.000000	0.000000	0.114092	0.000000	0.000000	0.000000	0.000000	0.000000	nan	0.000000	0.000000	0.000000	0.000000	0.000000	0.000000	0.000000	0.000000	0.000000	0.000000	0.000000	88.716760	0.000000	0.000000	0.000000
1764624075.959384203	0.000000	0.000000	0.057742	0.000000	0.000000	0.000000	0.000000	0.000000	nan	0.000000	0.000000	0.000000	0.000000	0.000000	0.000000	0.000000	0.000000	0.000000	0.000000	0.000000	88.716760	0.000000	0.000000	0.000000
1764624075.970159292	0.000000	0.000000	0.093452	0.000000	0.000000	0.000000	0.000000	0.000000	nan	0.000000	0.000000	0.000000	0.000000	0.000000	0.000000	0.000000	0.000000	0.000000	0.000000	0.000000	88.716760	0.000000	0.000000	0.000000
1764624075.989549637	0.000000	0.000000	0.026777	0.000000	0.000000	0.000000	0.000000	0.000000	nan	0.000000	0.000000	0.000000	0.000000	0.000000	0.000000	0.000000	0.000000	0.000000	0.000000	0.000000	88.716760	0.000000	0.000000	0.000000
1764624075.991058111	0.000000	0.000000	0.202849	0.000000	0.000000	0.000000	0.000000	0.000000	nan	0.000000	0.000000	0.000000	0.000000	0.000000	0.000000	0.000000	0.000000	0.000000	0.000000	0.000000	88.716760	0.000000	0.000000	0.000000
1764624075.998844862	0.000000	0.000000	-0.013177	0.000000	0.000000	0.000000	0.000000	0.000000	nan	0.000000	0.000000	0.000000	0.000000	0.000000	0.000000	0.000000	0.000000	0.000000	0.000000	0.000000	88.716760	0.000000	0.000000	0.000000
1764624076.010003567	0.000000	0.000000	0.034387	0.000000	0.000000	0.000000	0.000000	0.000000	nan	0.000000	0.000000	0.000000	0.000000	0.000000	0.000000	0.000000	0.000000	0.000000	0.000000	0.000000	88.716760	0.000000	0.000000	0.000000
1764624076.030954123	0.000000	0.000000	0.241254	0.000000	0.000000	0.000000	0.000000	0.000000	nan	0.000000	0.000000	0.000000	0.000000	0.000000	0.000000	0.000000	0.000000	0.000000	0.000000	0.000000	88.716760	0.000000	0.000000	0.000000
1764624076.030966997	0.000000	0.000000	-0.042340	0.000000	0.000000	0.000000	0.000000	0.000000	nan	0.000000	0.000000	0.000000	0.000000	0.000000	0.000000	0.000000	0.000000	0.000000	0.000000	0.000000	88.716760	0.000000	0.000000	0.000000
1764624076.039563417	0.000000	0.000000	0.241439	0.000000	0.000000	0.000000	0.000000	0.000000	nan	0.000000	0.000000	0.000000	0.000000	0.000000	0.000000	0.000000	0.000000	0.000000	0.000000	0.000000	88.716760	0.000000	0.000000	0.000000
1764624076.059696913	0.000000	0.000000	-0.091153	0.000000	0.000000	0.000000	0.000000	0.000000	nan	0.000000	0.000000	0.000000	0.000000	0.000000	0.000000	0.000000	0.000000	0.000000	0.000000	0.000000	88.716760	0.000000	0.000000	0.000000
1764624076.061098099	0.000000	0.000000	0.180613	0.000000	0.000000	0.000000	0.000000	0.000000	nan	0.000000	0.000000	0.000000	0.000000	0.000000	0.000000	0.000000	0.000000	0.000000	0.000000	0.000000	88.716760	0.000000	0.000000	0.000000
1764624076.069416046	0.000000	0.000000	0.007640	0.000000	0.000000	0.000000	0.000000	0.000000	nan	0.000000	0.000000	0.000000	0.000000	0.000000	0.000000	0.000000	0.000000	0.000000	0.000000	0.000000	88.716760	0.000000	0.000000	0.000000
1764624076.081356287	0.000000	0.000000	0.039305	0.000000	0.000000	0.000000	0.000000	0.000000	nan	0.000000	0.000000	0.000000	0.000000	0.000000	0.000000	0.000000	0.000000	0.000000	0.000000	0.000000	88.716760	0.000000	0.000000	0.000000
1764624076.090148449	0.000000	0.000000	0.256258	0.000000	0.000000	0.000000	0.000000	0.000000	nan	0.000000	0.000000	0.000000	0.000000	0.000000	0.000000	0.000000	0.000000	0.000000	0.000000	0.000000	88.716760	0.000000	0.000000	0.000000
1764624076.112273693	0.000000	0.000000	0.021187	0.000000	0.000000	0.000000	0.000000	0.000000	nan	0.000000	0.000000	0.000000	0.000000	0.000000	0.000000	0.000000	0.000000	0.000000	0.000000	0.000000	88.716760	0.000000	0.000000	0.000000
1764624076.112290382	0.000000	0.000000	0.080342	0.000000	0.000000	0.000000	0.000000	0.000000	nan	0.000000	0.000000	0.000000	0.000000	0.000000	0.000000	0.000000	0.000000	0.000000	0.000000	0.000000	88.716760	0.000000	0.000000	0.000000
1764624076.120896339	0.000000	0.000000	-0.017996	0.000000	0.000000	0.000000	0.000000	0.000000	nan	0.000000	0.000000	0.000000	0.000000	0.000000	0.000000	0.000000	0.000000	0.000000	0.000000	0.000000	88.716760	0.000000	0.000000	0.000000
1764624076.130229712	0.000000	0.000000	0.114502	0.000000	0.000000	0.000000	0.000000	0.000000	nan	0.000000	0.000000	0.000000	0.000000	0.000000	0.000000	0.000000	0.000000	0.000000	0.000000	0.000000	88.716760	0.000000	0.000000	0.000000
1764624076.140050173	0.000000	0.000000	-0.033674	0.000000	0.000000	0.000000	0.000000	0.000000	nan	0.000000	0.000000	0.000000	0.000000	0.000000	0.000000	0.000000	0.000000	0.000000	0.000000	0.000000	88.716760	0.000000	0.000000	0.000000
1764624076.149825096	0.000000	0.000000	0.133303	0.000000	0.000000	0.000000	0.000000	0.000000	nan	0.000000	0.000000	0.000000	0.000000	0.000000	0.000000	0.000000	0.000000	0.000000	0.000000	0.000000	88.716760	0.000000	0.000000	0.000000
1764624076.159239769	0.000000	0.000000	-0.019583	0.000000	0.000000	0.000000	0.000000	0.000000	nan	0.000000	0.000000	0.000000	0.000000	0.000000	0.000000	0.000000	0.000000	0.000000	0.000000	0.000000	88.716760	0.000000	0.000000	0.000000
1764624076.169898272	0.000000	0.000000	-0.006335	0.000000	0.000000	0.000000	0.000000	0.000000	nan	0.000000	0.000000	0.000000	0.000000	0.000000	0.000000	0.000000	0.000000	0.000000	0.000000	0.000000	88.716760	0.000000	0.000000	0.000000
1764624076.189397573	0.000000	0.000000	0.114210	0.000000	0.000000	0.000000	0.000000	0.000000	nan	0.000000	0.000000	0.000000	0.000000	0.000000	0.000000	0.000000	0.000000	0.000000	0.000000	0.000000	88.716760	0.000000	0.000000	0.000000
1764624076.190973520	0.000000	0.000000	-0.102847	0.000000	0.000000	0.000000	0.000000	0.000000	nan	0.000000	0.000000	0.000000	0.000000	0.000000	0.000000	0.000000	0.000000	0.000000	0.000000	0.000000	88.716760	0.000000	0.000000	0.000000
1764624076.198756218	0.000000	0.000000	0.076050	0.000000	0.000000	0.000000	0.000000	0.000000	nan	0.000000	0.000000	0.000000	0.000000	0.000000	0.000000	0.000000	0.000000	0.000000	0.000000	0.000000	88.716760	0.000000	0.000000	0.000000
1764624076.219390154	0.000000	0.000000	0.074733	0.000000	0.000000	0.000000	0.000000	0.000000	nan	0.000000	0.000000	0.000000	0.000000	0.000000	0.000000	0.000000	0.000000	0.000000	0.000000	0.000000	88.716760	0.000000	0.000000	0.000000
1764624076.219415188	0.000000	0.000000	-0.007410	0.000000	0.000000	0.000000	0.000000	0.000000	nan	0.000000	0.000000	0.000000	0.000000	0.000000	0.000000	0.000000	0.000000	0.000000	0.000000	0.000000	88.716760	0.000000	0.000000	0.000000
1764624076.229569197	0.000000	0.000000	-0.066962	0.000000	0.000000	0.000000	0.000000	0.000000	nan	0.000000	0.000000	0.000000	0.000000	0.000000	0.000000	0.000000	0.000000	0.000000	0.000000	0.000000	88.716760	0.000000	0.000000	0.000000
1764624076.239628077	0.000000	0.000000	0.085253	0.000000	0.000000	0.000000	0.000000	0.000000	nan	0.000000	0.000000	0.000000	0.000000	0.000000	0.000000	0.000000	0.000000	0.000000	0.000000	0.000000	88.716760	0.000000	0.000000	0.000000
1764624076.259292841	0.000000	0.000000	0.053430	0.000000	0.000000	0.000000	0.000000	0.000000	nan	0.000000	0.000000	0.000000	0.000000	0.000000	0.000000	0.000000	0.000000	0.000000	0.000000	0.000000	88.716760	0.000000	0.000000	0.000000
1764624076.261786461	0.000000	0.000000	-0.036909	0.000000	0.000000	0.000000	0.000000	0.000000	nan	0.000000	0.000000	0.000000	0.000000	0.000000	0.000000	0.000000	0.000000	0.000000	0.000000	0.000000	88.716760	0.000000	0.000000	0.000000
1764624076.269350529	0.000000	0.000000	0.072445	0.000000	0.000000	0.000000	0.000000	0.000000	nan	0.000000	0.000000	0.000000	0.000000	0.000000	0.000000	0.000000	0.000000	0.000000	0.000000	0.000000	88.716760	0.000000	0.000000	0.000000
1764624076.279190302	0.000000	0.000000	-0.021034	0.000000	0.000000	0.000000	0.000000	0.000000	nan	0.000000	0.000000	0.000000	0.000000	0.000000	0.000000	0.000000	0.000000	0.000000	0.000000	0.000000	88.716760	0.000000	0.000000	0.000000
1764624076.295666695	0.000000	0.000000	0.119793	0.000000	0.000000	0.000000	0.000000	0.000000	nan	0.000000	0.000000	0.000000	0.000000	0.000000	0.000000	0.000000	0.000000	0.000000	0.000000	0.000000	88.716760	0.000000	0.000000	0.000000
1764624076.298746824	0.000000	0.000000	0.028113	0.000000	0.000000	0.000000	0.000000	0.000000	nan	0.000000	0.000000	0.000000	0.000000	0.000000	0.000000	0.000000	0.000000	0.000000	0.000000	0.000000	88.716760	0.000000	0.000000	0.000000
1764624076.309575319	0.000000	0.000000	0.108309	0.000000	0.000000	0.000000	0.000000	0.000000	nan	0.000000	0.000000	0.000000	0.000000	0.000000	0.000000	0.000000	0.000000	0.000000	0.000000	0.000000	88.716760	0.000000	0.000000	0.000000
1764624076.321556807	0.000000	0.000000	-0.100750	0.000000	0.000000	0.000000	0.000000	0.000000	nan	0.000000	0.000000	0.000000	0.000000	0.000000	0.000000	0.000000	0.000000	0.000000	0.000000	0.000000	88.716760	0.000000	0.000000	0.000000
1764624076.329096556	0.000000	0.000000	0.070759	0.000000	0.000000	0.000000	0.000000	0.000000	nan	0.000000	0.000000	0.000000	0.000000	0.000000	0.000000	0.000000	0.000000	0.000000	0.000000	0.000000	88.716760	0.000000	0.000000	0.000000
1764624076.349094868	0.000000	0.000000	0.010504	0.000000	0.000000	0.000000	0.000000	0.000000	nan	0.000000	0.000000	0.000000	0.000000	0.000000	0.000000	0.000000	0.000000	0.000000	0.000000	0.000000	88.716760	0.000000	0.000000	0.000000
1764624076.352449417	0.000000	0.000000	-0.015641	0.000000	0.000000	0.000000	0.000000	0.000000	nan	0.000000	0.000000	0.000000	0.000000	0.000000	0.000000	0.000000	0.000000	0.000000	0.000000	0.000000	88.716760	0.000000	0.000000	0.000000
1764624076.359523296	0.000000	0.000000	0.110486	0.000000	0.000000	0.000000	0.000000	0.000000	nan	0.000000	0.000000	0.000000	0.000000	0.000000	0.000000	0.000000	0.000000	0.000000	0.000000	0.000000	88.716760	0.000000	0.000000	0.000000
1764624076.379008293	0.000000	0.000000	0.057090	0.000000	0.000000	0.000000	0.000000	0.000000	nan	0.000000	0.000000	0.000000	0.000000	0.000000	0.000000	0.000000	0.000000	0.000000	0.000000	0.000000	88.716760	0.000000	0.000000	0.000000
1764624076.379029512	0.000000	0.000000	-0.091361	0.000000	0.000000	0.000000	0.000000	0.000000	nan	0.000000	0.000000	0.000000	0.000000	0.000000	0.000000	0.000000	0.000000	0.000000	0.000000	0.000000	88.716760	0.000000	0.000000	0.000000
1764624076.388979197	0.000000	0.000000	0.197249	0.000000	0.000000	0.000000	0.000000	0.000000	nan	0.000000	0.000000	0.000000	0.000000	0.000000	0.000000	0.000000	0.000000	0.000000	0.000000	0.000000	88.716760	0.000000	0.000000	0.000000
1764624076.398820639	0.000000	0.000000	-0.041809	0.000000	0.000000	0.000000	0.000000	0.000000	nan	0.000000	0.000000	0.000000	0.000000	0.000000	0.000000	0.000000	0.000000	0.000000	0.000000	0.000000	88.716760	0.000000	0.000000	0.000000
1764624076.419179201	0.000000	0.000000	-0.116932	0.000000	0.000000	0.000000	0.000000	0.000000	nan	0.000000	0.000000	0.000000	0.000000	0.000000	0.000000	0.000000	0.000000	0.000000	0.000000	0.000000	88.716760	0.000000	0.000000	0.000000
1764624076.421024084	0.000000	0.000000	0.182239	0.000000	0.000000	0.000000	0.000000	0.000000	nan	0.000000	0.000000	0.000000	0.000000	0.000000	0.000000	0.000000	0.000000	0.000000	0.000000	0.000000	88.716760	0.000000	0.000000	0.000000
1764624076.429349899	0.000000	0.000000	-0.177786	0.000000	0.000000	0.000000	0.000000	0.000000	nan	0.000000	0.000000	0.000000	0.000000	0.000000	0.000000	0.000000	0.000000	0.000000	0.000000	0.000000	88.716760	0.000000	0.000000	0.000000
1764624076.439414978	0.000000	0.000000	-0.011955	0.000000	0.000000	0.000000	0.000000	0.000000	nan	0.000000	0.000000	0.000000	0.000000	0.000000	0.000000	0.000000	0.000000	0.000000	0.000000	0.000000	88.716760	0.000000	0.000000	0.000000
1764624076.459606886	0.000000	0.000000	0.140740	0.000000	0.000000	0.000000	0.000000	0.000000	nan	0.000000	0.000000	0.000000	0.000000	0.000000	0.000000	0.000000	0.000000	0.000000	0.000000	0.000000	88.716760	0.000000	0.000000	0.000000
1764624076.461546898	0.000000	0.000000	-0.036535	0.000000	0.000000	0.000000	0.000000	0.000000	nan	0.000000	0.000000	0.000000	0.000000	0.000000	0.000000	0.000000	0.000000	0.000000	0.000000	0.000000	88.716760	0.000000	0.000000	0.000000
1764624076.469588757	0.000000	0.000000	0.009521	0.000000	0.000000	0.000000	0.000000	0.000000	nan	0.000000	0.000000	0.000000	0.000000	0.000000	0.000000	0.000000	0.000000	0.000000	0.000000	0.000000	88.716760	0.000000	0.000000	0.000000
1764624076.479411364	0.000000	0.000000	0.016598	0.000000	0.000000	0.000000	0.000000	0.000000	nan	0.000000	0.000000	0.000000	0.000000	0.000000	0.000000	0.000000	0.000000	0.000000	0.000000	0.000000	88.716760	0.000000	0.000000	0.000000
1764624076.489461899	0.000000	0.000000	-0.083051	0.000000	0.000000	0.000000	0.000000	0.000000	nan	0.000000	0.000000	0.000000	0.000000	0.000000	0.000000	0.000000	0.000000	0.000000	0.000000	0.000000	88.716760	0.000000	0.000000	0.000000
1764624076.501271248	0.000000	0.000000	0.020224	0.000000	0.000000	0.000000	0.000000	0.000000	nan	0.000000	0.000000	0.000000	0.000000	0.000000	0.000000	0.000000	0.000000	0.000000	0.000000	0.000000	88.716760	0.000000	0.000000	0.000000
1764624076.509071827	0.000000	0.000000	0.112982	0.000000	0.000000	0.000000	0.000000	0.000000	nan	0.000000	0.000000	0.000000	0.000000	0.000000	0.000000	0.000000	0.000000	0.000000	0.000000	0.000000	88.716760	0.000000	0.000000	0.000000
1764624076.519930363	0.000000	0.000000	-0.178719	0.000000	0.000000	0.000000	0.000000	0.000000	nan	0.000000	0.000000	0.000000	0.000000	0.000000	0.000000	0.000000	0.000000	0.000000	0.000000	0.000000	88.716760	0.000000	0.000000	0.000000
1764624076.529450893	0.000000	0.000000	0.072257	0.000000	0.000000	0.000000	0.000000	0.000000	nan	0.000000	0.000000	0.000000	0.000000	0.000000	0.000000	0.000000	0.000000	0.000000	0.000000	0.000000	88.716760	0.000000	0.000000	0.000000
1764624076.540598631	0.000000	0.000000	0.035876	0.000000	0.000000	0.000000	0.000000	0.000000	nan	0.000000	0.000000	0.000000	0.000000	0.000000	0.000000	0.000000	0.000000	0.000000	0.000000	0.000000	88.716760	0.000000	0.000000	0.000000
1764624076.552574158	0.000000	0.000000	-0.014596	0.000000	0.000000	0.000000	0.000000	0.000000	nan	0.000000	0.000000	0.000000	0.000000	0.000000	0.000000	0.000000	0.000000	0.000000	0.000000	0.000000	88.716760	0.000000	0.000000	0.000000
1764624076.559705257	0.000000	0.000000	0.076724	0.000000	0.000000	0.000000	0.000000	0.000000	nan	0.000000	0.000000	0.000000	0.000000	0.000000	0.000000	0.000000	0.000000	0.000000	0.000000	0.000000	88.716760	0.000000	0.000000	0.000000
1764624076.578698397	0.000000	0.000000	-0.007098	0.000000	0.000000	0.000000	0.000000	0.000000	nan	0.000000	0.000000	0.000000	0.000000	0.000000	0.000000	0.000000	0.000000	0.000000	0.000000	0.000000	88.716760	0.000000	0.000000	0.000000
1764624076.580803156	0.000000	0.000000	0.117595	0.000000	0.000000	0.000000	0.000000	0.000000	nan	0.000000	0.000000	0.000000	0.000000	0.000000	0.000000	0.000000	0.000000	0.000000	0.000000	0.000000	88.716760	0.000000	0.000000	0.000000
1764624076.589401007	0.000000	0.000000	-0.089027	0.000000	0.000000	0.000000	0.000000	0.000000	nan	0.000000	0.000000	0.000000	0.000000	0.000000	0.000000	0.000000	0.000000	0.000000	0.000000	0.000000	88.716760	0.000000	0.000000	0.000000
1764624076.599015474	0.000000	0.000000	0.121703	0.000000	0.000000	0.000000	0.000000	0.000000	nan	0.000000	0.000000	0.000000	0.000000	0.000000	0.000000	0.000000	0.000000	0.000000	0.000000	0.000000	88.716760	0.000000	0.000000	0.000000
1764624076.609475136	0.000000	0.000000	-0.048899	0.000000	0.000000	0.000000	0.000000	0.000000	nan	0.000000	0.000000	0.000000	0.000000	0.000000	0.000000	0.000000	0.000000	0.000000	0.000000	0.000000	88.716760	0.000000	0.000000	0.000000
1764624076.627292871	0.000000	0.000000	-0.134006	0.000000	0.000000	0.000000	0.000000	0.000000	nan	0.000000	0.000000	0.000000	0.000000	0.000000	0.000000	0.000000	0.000000	0.000000	0.000000	0.000000	88.716760	0.000000	0.000000	0.000000
1764624076.629572392	0.000000	0.000000	0.186062	0.000000	0.000000	0.000000	0.000000	0.000000	nan	0.000000	0.000000	0.000000	0.000000	0.000000	0.000000	0.000000	0.000000	0.000000	0.000000	0.000000	88.716760	0.000000	0.000000	0.000000
1764624076.640076160	0.000000	0.000000	-0.085205	0.000000	0.000000	0.000000	0.000000	0.000000	nan	0.000000	0.000000	0.000000	0.000000	0.000000	0.000000	0.000000	0.000000	0.000000	0.000000	0.000000	88.716760	0.000000	0.000000	0.000000
1764624076.656741381	0.000000	0.000000	0.042988	0.000000	0.000000	0.000000	0.000000	0.000000	nan	0.000000	0.000000	0.000000	0.000000	0.000000	0.000000	0.000000	0.000000	0.000000	0.000000	0.000000	88.716760	0.000000	0.000000	0.000000
1764624076.669080496	0.000000	0.000000	0.074501	0.000000	0.000000	0.000000	0.000000	0.000000	nan	0.000000	0.000000	0.000000	0.000000	0.000000	0.000000	0.000000	0.000000	0.000000	0.000000	0.000000	88.716760	0.000000	0.000000	0.000000
1764624076.670782804	0.000000	0.000000	-0.035627	0.000000	0.000000	0.000000	0.000000	0.000000	nan	0.000000	0.000000	0.000000	0.000000	0.000000	0.000000	0.000000	0.000000	0.000000	0.000000	0.000000	88.716760	0.000000	0.000000	0.000000
1764624076.679511309	0.000000	0.000000	-0.064775	0.000000	0.000000	0.000000	0.000000	0.000000	nan	0.000000	0.000000	0.000000	0.000000	0.000000	0.000000	0.000000	0.000000	0.000000	0.000000	0.000000	88.716760	0.000000	0.000000	0.000000
1764624076.697980881	0.000000	0.000000	0.053600	0.000000	0.000000	0.000000	0.000000	0.000000	nan	0.000000	0.000000	0.000000	0.000000	0.000000	0.000000	0.000000	0.000000	0.000000	0.000000	0.000000	88.716760	0.000000	0.000000	0.000000
1764624076.698000669	0.000000	0.000000	-0.100288	0.000000	0.000000	0.000000	0.000000	0.000000	nan	0.000000	0.000000	0.000000	0.000000	0.000000	0.000000	0.000000	0.000000	0.000000	0.000000	0.000000	88.716760	0.000000	0.000000	0.000000
1764624076.709564924	0.000000	0.000000	0.162982	0.000000	0.000000	0.000000	0.000000	0.000000	nan	0.000000	0.000000	0.000000	0.000000	0.000000	0.000000	0.000000	0.000000	0.000000	0.000000	0.000000	88.716760	0.000000	0.000000	0.000000
1764624076.719245911	0.000000	0.000000	-0.034672	0.000000	0.000000	0.000000	0.000000	0.000000	nan	0.000000	0.000000	0.000000	0.000000	0.000000	0.000000	0.000000	0.000000	0.000000	0.000000	0.000000	88.716760	0.000000	0.000000	0.000000
1764624076.729512215	0.000000	0.000000	0.080732	0.000000	0.000000	0.000000	0.000000	0.000000	nan	0.000000	0.000000	0.000000	0.000000	0.000000	0.000000	0.000000	0.000000	0.000000	0.000000	0.000000	88.716760	0.000000	0.000000	0.000000
1764624076.739326715	0.000000	0.000000	-0.054784	0.000000	0.000000	0.000000	0.000000	0.000000	nan	0.000000	0.000000	0.000000	0.000000	0.000000	0.000000	0.000000	0.000000	0.000000	0.000000	0.000000	88.716760	0.000000	0.000000	0.000000
1764624076.754177094	0.000000	0.000000	0.020064	0.000000	0.000000	0.000000	0.000000	0.000000	nan	0.000000	0.000000	0.000000	0.000000	0.000000	0.000000	0.000000	0.000000	0.000000	0.000000	0.000000	88.716760	0.000000	0.000000	0.000000
1764624076.759411097	0.000000	0.000000	0.124556	0.000000	0.000000	0.000000	0.000000	0.000000	nan	0.000000	0.000000	0.000000	0.000000	0.000000	0.000000	0.000000	0.000000	0.000000	0.000000	0.000000	88.716760	0.000000	0.000000	0.000000
1764624076.775366783	0.000000	0.000000	-0.034372	0.000000	0.000000	0.000000	0.000000	0.000000	nan	0.000000	0.000000	0.000000	0.000000	0.000000	0.000000	0.000000	0.000000	0.000000	0.000000	0.000000	88.716760	0.000000	0.000000	0.000000
1764624076.779077530	0.000000	0.000000	-0.017334	0.000000	0.000000	0.000000	0.000000	0.000000	nan	0.000000	0.000000	0.000000	0.000000	0.000000	0.000000	0.000000	0.000000	0.000000	0.000000	0.000000	88.716760	0.000000	0.000000	0.000000
1764624076.789606333	0.000000	0.000000	-0.008742	0.000000	0.000000	0.000000	0.000000	0.000000	nan	0.000000	0.000000	0.000000	0.000000	0.000000	0.000000	0.000000	0.000000	0.000000	0.000000	0.000000	88.716760	0.000000	0.000000	0.000000
1764624076.799036026	0.000000	0.000000	0.038786	0.000000	0.000000	0.000000	0.000000	0.000000	nan	0.000000	0.000000	0.000000	0.000000	0.000000	0.000000	0.000000	0.000000	0.000000	0.000000	0.000000	88.716760	0.000000	0.000000	0.000000
1764624076.817072392	0.000000	0.000000	0.017858	0.000000	0.000000	0.000000	0.000000	0.000000	nan	0.000000	0.000000	0.000000	0.000000	0.000000	0.000000	0.000000	0.000000	0.000000	0.000000	0.000000	88.716760	0.000000	0.000000	0.000000
1764624076.818922281	0.000000	0.000000	0.091442	0.000000	0.000000	0.000000	0.000000	0.000000	nan	0.000000	0.000000	0.000000	0.000000	0.000000	0.000000	0.000000	0.000000	0.000000	0.000000	0.000000	88.716760	0.000000	0.000000	0.000000
1764624076.829192877	0.000000	0.000000	0.015735	0.000000	0.000000	0.000000	0.000000	0.000000	nan	0.000000	0.000000	0.000000	0.000000	0.000000	0.000000	0.000000	0.000000	0.000000	0.000000	0.000000	88.716760	0.000000	0.000000	0.000000
1764624076.845096588	0.000000	0.000000	-0.175117	0.000000	0.000000	0.000000	0.000000	0.000000	nan	0.000000	0.000000	0.000000	0.000000	0.000000	0.000000	0.000000	0.000000	0.000000	0.000000	0.000000	88.716760	0.000000	0.000000	0.000000
1764624076.859379053	0.000000	0.000000	0.131688	0.000000	0.000000	0.000000	0.000000	0.000000	nan	0.000000	0.000000	0.000000	0.000000	0.000000	0.000000	0.000000	0.000000	0.000000	0.000000	0.000000	88.716760	0.000000	0.000000	0.000000
1764624076.859395266	0.000000	0.000000	0.047905	0.000000	0.000000	0.000000	0.000000	0.000000	nan	0.000000	0.000000	0.000000	0.000000	0.000000	0.000000	0.000000	0.000000	0.000000	0.000000	0.000000	88.716760	0.000000	0.000000	0.000000
1764624076.869313240	0.000000	0.000000	-0.206946	0.000000	0.000000	0.000000	0.000000	0.000000	nan	0.000000	0.000000	0.000000	0.000000	0.000000	0.000000	0.000000	0.000000	0.000000	0.000000	0.000000	88.716760	0.000000	0.000000	0.000000
1764624076.879585743	0.000000	0.000000	0.086901	0.000000	0.000000	0.000000	0.000000	0.000000	nan	0.000000	0.000000	0.000000	0.000000	0.000000	0.000000	0.000000	0.000000	0.000000	0.000000	0.000000	88.716760	0.000000	0.000000	0.000000
1764624076.889501810	0.000000	0.000000	-0.050476	0.000000	0.000000	0.000000	0.000000	0.000000	nan	0.000000	0.000000	0.000000	0.000000	0.000000	0.000000	0.000000	0.000000	0.000000	0.000000	0.000000	88.716760	0.000000	0.000000	0.000000
1764624076.898997307	0.000000	0.000000	-0.039966	0.000000	0.000000	0.000000	0.000000	0.000000	nan	0.000000	0.000000	0.000000	0.000000	0.000000	0.000000	0.000000	0.000000	0.000000	0.000000	0.000000	88.716760	0.000000	0.000000	0.000000
1764624076.911376476	0.000000	0.000000	0.229815	0.000000	0.000000	0.000000	0.000000	0.000000	nan	0.000000	0.000000	0.000000	0.000000	0.000000	0.000000	0.000000	0.000000	0.000000	0.000000	0.000000	88.716760	0.000000	0.000000	0.000000
1764624076.919186354	0.000000	0.000000	-0.070887	0.000000	0.000000	0.000000	0.000000	0.000000	nan	0.000000	0.000000	0.000000	0.000000	0.000000	0.000000	0.000000	0.000000	0.000000	0.000000	0.000000	88.716760	0.000000	0.000000	0.000000
1764624076.929220200	0.000000	0.000000	-0.117121	0.000000	0.000000	0.000000	0.000000	0.000000	nan	0.000000	0.000000	0.000000	0.000000	0.000000	0.000000	0.000000	0.000000	0.000000	0.000000	0.000000	0.000000	0.000000	0.000000	0.000000
1764624076.939641714	0.000000	0.000000	0.135288	0.000000	0.000000	0.000000	0.000000	0.000000	nan	0.000000	0.000000	0.000000	0.000000	0.000000	0.000000	0.000000	0.000000	0.000000	0.000000	0.000000	0.000000	0.000000	0.000000	0.000000
1764624076.950583696	0.000000	0.000000	-0.022216	0.000000	0.000000	0.000000	0.000000	0.000000	nan	0.000000	0.000000	0.000000	0.000000	0.000000	0.000000	0.000000	0.000000	0.000000	0.000000	0.000000	0.000000	0.000000	0.000000	0.000000
1764624076.959664345	0.000000	0.000000	-0.085855	0.000000	0.000000	0.000000	0.000000	0.000000	nan	0.000000	0.000000	0.000000	0.000000	0.000000	0.000000	0.000000	0.000000	0.000000	0.000000	0.000000	0.000000	0.000000	0.000000	0.000000
1764624076.969940662	0.000000	0.000000	0.056593	0.000000	0.000000	0.000000	0.000000	0.000000	nan	0.000000	0.000000	0.000000	0.000000	0.000000	0.000000	0.000000	0.000000	0.000000	0.000000	0.000000	0.000000	0.000000	0.000000	0.000000
1764624076.983843803	0.000000	0.000000	-0.202465	0.000000	0.000000	0.000000	0.000000	0.000000	nan	0.000000	0.000000	0.000000	0.000000	0.000000	0.000000	0.000000	0.000000	0.000000	0.000000	0.000000	0.000000	0.000000	0.000000	0.000000
1764624076.989271402	0.000000	0.000000	-0.399995	0.000000	0.000000	0.000000	0.000000	0.000000	nan	0.000000	0.000000	0.000000	0.000000	0.000000	0.000000	0.000000	0.000000	0.000000	0.000000	0.000000	0.000000	0.000000	0.000000	0.000000
1764624076.998406410	0.000000	0.000000	-0.310880	0.000000	0.000000	0.000000	0.000000	0.000000	nan	0.000000	0.000000	0.000000	0.000000	0.000000	0.000000	0.000000	0.000000	0.000000	0.000000	0.000000	0.000000	0.000000	0.000000	0.000000
1764624077.009379148	0.000000	0.000000	-0.303716	0.000000	0.000000	0.000000	0.000000	0.000000	nan	0.000000	0.000000	0.000000	0.000000	0.000000	0.000000	0.000000	0.000000	0.000000	0.000000	0.000000	0.000000	0.000000	0.000000	0.000000
1764624077.019256592	0.000000	0.000000	-0.546299	0.000000	0.000000	0.000000	0.000000	0.000000	nan	0.000000	0.000000	0.000000	0.000000	0.000000	0.000000	0.000000	0.000000	0.000000	0.000000	0.000000	0.000000	0.000000	0.000000	0.000000
1764624077.032233000	0.000000	0.000000	-0.544237	0.000000	0.000000	0.000000	0.000000	0.000000	nan	0.000000	0.000000	0.000000	0.000000	0.000000	0.000000	0.000000	0.000000	0.000000	0.000000	0.000000	0.000000	0.000000	0.000000	0.000000
1764624077.039070368	0.000000	0.000000	-0.540188	0.000000	0.000000	0.000000	0.000000	0.000000	nan	0.000000	0.000000	0.000000	0.000000	0.000000	0.000000	0.000000	0.000000	0.000000	0.000000	0.000000	0.000000	0.000000	0.000000	0.000000
1764624077.059685469	0.000000	0.000000	-0.606655	0.000000	0.000000	0.000000	0.000000	0.000000	nan	0.000000	0.000000	0.000000	0.000000	0.000000	0.000000	0.000000	0.000000	0.000000	0.000000	0.000000	0.000000	0.000000	0.000000	0.000000
1764624077.059710741	0.000000	0.000000	-0.568451	0.000000	0.000000	0.000000	0.000000	0.000000	nan	0.000000	0.000000	0.000000	0.000000	0.000000	0.000000	0.000000	0.000000	0.000000	0.000000	0.000000	0.000000	0.000000	0.000000	0.000000
1764624077.068813086	0.000000	0.000000	-0.670902	0.000000	0.000000	0.000000	0.000000	0.000000	nan	0.000000	0.000000	0.000000	0.000000	0.000000	0.000000	0.000000	0.000000	0.000000	0.000000	0.000000	0.000000	0.000000	0.000000	0.000000
1764624077.079332829	0.000000	0.000000	-0.721692	0.000000	0.000000	0.000000	0.000000	0.000000	nan	0.000000	0.000000	0.000000	0.000000	0.000000	0.000000	0.000000	0.000000	0.000000	0.000000	0.000000	0.000000	0.000000	0.000000	0.000000
1764624077.089724779	0.000000	0.000000	-0.658807	0.000000	0.000000	0.000000	0.000000	0.000000	nan	0.000000	0.000000	0.000000	0.000000	0.000000	0.000000	0.000000	0.000000	0.000000	0.000000	0.000000	0.000000	0.000000	0.000000	0.000000
1764624077.101079702	0.000000	0.000000	-0.707265	0.000000	0.000000	0.000000	0.000000	0.000000	nan	0.000000	0.000000	0.000000	0.000000	0.000000	0.000000	0.000000	0.000000	0.000000	0.000000	0.000000	0.000000	0.000000	0.000000	0.000000
1764624077.112618923	0.000000	0.000000	-0.734302	0.000000	0.000000	0.000000	0.000000	0.000000	nan	0.000000	0.000000	0.000000	0.000000	0.000000	0.000000	0.000000	0.000000	0.000000	0.000000	0.000000	0.000000	0.000000	0.000000	0.000000
1764624077.119523525	0.000000	0.000000	-0.738502	0.000000	0.000000	0.000000	0.000000	0.000000	nan	0.000000	0.000000	0.000000	0.000000	0.000000	0.000000	0.000000	0.000000	0.000000	0.000000	0.000000	0.000000	0.000000	0.000000	0.000000
1764624077.129751205	0.000000	0.000000	-0.779224	0.000000	0.000000	0.000000	0.000000	0.000000	nan	0.000000	0.000000	0.000000	0.000000	0.000000	0.000000	0.000000	0.000000	0.000000	0.000000	0.000000	0.000000	0.000000	0.000000	0.000000
1764624077.138861179	0.000000	0.000000	-0.832377	0.000000	0.000000	0.000000	0.000000	0.000000	nan	0.000000	0.000000	0.000000	0.000000	0.000000	0.000000	0.000000	0.000000	0.000000	0.000000	0.000000	0.000000	0.000000	0.000000	0.000000
1764624077.152378321	0.000000	0.000000	-0.762987	0.000000	0.000000	0.000000	0.000000	0.000000	nan	0.000000	0.000000	0.000000	0.000000	0.000000	0.000000	0.000000	0.000000	0.000000	0.000000	0.000000	0.000000	0.000000	0.000000	0.000000
1764624077.163356543	0.000000	0.000000	-0.817125	0.000000	0.000000	0.000000	0.000000	0.000000	nan	0.000000	0.000000	0.000000	0.000000	0.000000	0.000000	0.000000	0.000000	0.000000	0.000000	0.000000	0.000000	0.000000	0.000000	0.000000
1764624077.178781509	0.000000	0.000000	-0.757056	0.000000	0.000000	0.000000	0.000000	0.000000	nan	0.000000	0.000000	0.000000	0.000000	0.000000	0.000000	0.000000	0.000000	0.000000	0.000000	0.000000	0.000000	0.000000	0.000000	0.000000
1764624077.181244373	0.000000	0.000000	-0.803268	0.000000	0.000000	0.000000	0.000000	0.000000	nan	0.000000	0.000000	0.000000	0.000000	0.000000	0.000000	0.000000	0.000000	0.000000	0.000000	0.000000	0.000000	0.000000	0.000000	0.000000
1764624077.189301729	0.000000	0.000000	-0.792966	0.000000	0.000000	0.000000	0.000000	0.000000	nan	0.000000	0.000000	0.000000	0.000000	0.000000	0.000000	0.000000	0.000000	0.000000	0.000000	0.000000	0.000000	0.000000	0.000000	0.000000
1764624077.199007750	0.000000	0.000000	-0.717302	0.000000	0.000000	0.000000	0.000000	0.000000	nan	0.000000	0.000000	0.000000	0.000000	0.000000	0.000000	0.000000	0.000000	0.000000	0.000000	0.000000	0.000000	0.000000	0.000000	0.000000
1764624077.210133314	0.000000	0.000000	-0.734479	0.000000	0.000000	0.000000	0.000000	0.000000	nan	0.000000	0.000000	0.000000	0.000000	0.000000	0.000000	0.000000	0.000000	0.000000	0.000000	0.000000	0.000000	0.000000	0.000000	0.000000
1764624077.224483728	0.000000	0.000000	-0.742574	0.000000	0.000000	0.000000	0.000000	0.000000	nan	0.000000	0.000000	0.000000	0.000000	0.000000	0.000000	0.000000	0.000000	0.000000	0.000000	0.000000	0.000000	0.000000	0.000000	0.000000
1764624077.229530573	0.000000	0.000000	-0.729563	0.000000	0.000000	0.000000	0.000000	0.000000	nan	0.000000	0.000000	0.000000	0.000000	0.000000	0.000000	0.000000	0.000000	0.000000	0.000000	0.000000	0.000000	0.000000	0.000000	0.000000
1764624077.240139484	0.000000	0.000000	-0.675787	0.000000	0.000000	0.000000	0.000000	0.000000	nan	0.000000	0.000000	0.000000	0.000000	0.000000	0.000000	0.000000	0.000000	0.000000	0.000000	0.000000	0.000000	0.000000	0.000000	0.000000
1764624077.250901937	0.000000	0.000000	-0.703515	0.000000	0.000000	0.000000	0.000000	0.000000	nan	0.000000	0.000000	0.000000	0.000000	0.000000	0.000000	0.000000	0.000000	0.000000	0.000000	0.000000	0.000000	0.000000	0.000000	0.000000
1764624077.264148474	0.000000	0.000000	-0.680263	0.000000	0.000000	0.000000	0.000000	0.000000	nan	0.000000	0.000000	0.000000	0.000000	0.000000	0.000000	0.000000	0.000000	0.000000	0.000000	0.000000	0.000000	0.000000	0.000000	0.000000
1764624077.269727945	0.000000	0.000000	-0.623316	0.000000	0.000000	0.000000	0.000000	0.000000	nan	0.000000	0.000000	0.000000	0.000000	0.000000	0.000000	0.000000	0.000000	0.000000	0.000000	0.000000	0.000000	0.000000	0.000000	0.000000
1764624077.279326200	0.000000	0.000000	-0.616405	0.000000	0.000000	0.000000	0.000000	0.000000	nan	0.000000	0.000000	0.000000	0.000000	0.000000	0.000000	0.000000	0.000000	0.000000	0.000000	0.000000	0.000000	0.000000	0.000000	0.000000
1764624077.290351152	0.000000	0.000000	-0.606322	0.000000	0.000000	0.000000	0.000000	0.000000	nan	0.000000	0.000000	0.000000	0.000000	0.000000	0.000000	0.000000	0.000000	0.000000	0.000000	0.000000	0.000000	0.000000	0.000000	0.000000
1764624077.302943707	0.000000	0.000000	-0.573489	0.000000	0.000000	0.000000	0.000000	0.000000	nan	0.000000	0.000000	0.000000	0.000000	0.000000	0.000000	0.000000	0.000000	0.000000	0.000000	0.000000	0.000000	0.000000	0.000000	0.000000
1764624077.308999062	0.000000	0.000000	-0.530638	0.000000	0.000000	0.000000	0.000000	0.000000	nan	0.000000	0.000000	0.000000	0.000000	0.000000	0.000000	0.000000	0.000000	0.000000	0.000000	0.000000	0.000000	0.000000	0.000000	0.000000
1764624077.319621801	0.000000	0.000000	-0.521646	0.000000	0.000000	0.000000	0.000000	0.000000	nan	0.000000	0.000000	0.000000	0.000000	0.000000	0.000000	0.000000	0.000000	0.000000	0.000000	0.000000	0.000000	0.000000	0.000000	0.000000
1764624077.329807043	0.000000	0.000000	-0.508524	0.000000	0.000000	0.000000	0.000000	0.000000	nan	0.000000	0.000000	0.000000	0.000000	0.000000	0.000000	0.000000	0.000000	0.000000	0.000000	0.000000	0.000000	0.000000	0.000000	0.000000
1764624077.346562862	0.000000	0.000000	-0.498516	0.000000	0.000000	0.000000	0.000000	0.000000	nan	0.000000	0.000000	0.000000	0.000000	0.000000	0.000000	0.000000	0.000000	0.000000	0.000000	0.000000	0.000000	0.000000	0.000000	0.000000
1764624077.349130869	0.000000	0.000000	-0.470212	0.000000	0.000000	0.000000	0.000000	0.000000	nan	0.000000	0.000000	0.000000	0.000000	0.000000	0.000000	0.000000	0.000000	0.000000	0.000000	0.000000	0.000000	0.000000	0.000000	0.000000
1764624077.359485865	0.000000	0.000000	-0.467086	0.000000	0.000000	0.000000	0.000000	0.000000	nan	0.000000	0.000000	0.000000	0.000000	0.000000	0.000000	0.000000	0.000000	0.000000	0.000000	0.000000	0.000000	0.000000	0.000000	0.000000
1764624077.370405912	0.000000	0.000000	-0.449466	0.000000	0.000000	0.000000	0.000000	0.000000	nan	0.000000	0.000000	0.000000	0.000000	0.000000	0.000000	0.000000	0.000000	0.000000	0.000000	0.000000	0.000000	0.000000	0.000000	0.000000
1764624077.379555225	0.000000	0.000000	-0.447019	0.000000	0.000000	0.000000	0.000000	0.000000	nan	0.000000	0.000000	0.000000	0.000000	0.000000	0.000000	0.000000	0.000000	0.000000	0.000000	0.000000	0.000000	0.000000	0.000000	0.000000
1764624077.393406868	0.000000	0.000000	-0.419388	0.000000	0.000000	0.000000	0.000000	0.000000	nan	0.000000	0.000000	0.000000	0.000000	0.000000	0.000000	0.000000	0.000000	0.000000	0.000000	0.000000	0.000000	0.000000	0.000000	0.000000
1764624077.398362160	0.000000	0.000000	-0.420461	0.000000	0.000000	0.000000	0.000000	0.000000	nan	0.000000	0.000000	0.000000	0.000000	0.000000	0.000000	0.000000	0.000000	0.000000	0.000000	0.000000	0.000000	0.000000	0.000000	0.000000
1764624077.409413815	0.000000	0.000000	-0.407993	0.000000	0.000000	0.000000	0.000000	0.000000	nan	0.000000	0.000000	0.000000	0.000000	0.000000	0.000000	0.000000	0.000000	0.000000	0.000000	0.000000	0.000000	0.000000	0.000000	0.000000
1764624077.425371170	0.000000	0.000000	-0.403122	0.000000	0.000000	0.000000	0.000000	0.000000	nan	0.000000	0.000000	0.000000	0.000000	0.000000	0.000000	0.000000	0.000000	0.000000	0.000000	0.000000	0.000000	0.000000	0.000000	0.000000
1764624077.429120779	0.000000	0.000000	-0.400694	0.000000	0.000000	0.000000	0.000000	0.000000	nan	0.000000	0.000000	0.000000	0.000000	0.000000	0.000000	0.000000	0.000000	0.000000	0.000000	0.000000	0.000000	0.000000	0.000000	0.000000
1764624077.440404892	0.000000	0.000000	-0.389633	0.000000	0.000000	0.000000	0.000000	0.000000	nan	0.000000	0.000000	0.000000	0.000000	0.000000	0.000000	0.000000	0.000000	0.000000	0.000000	0.000000	0.000000	0.000000	0.000000	0.000000
1764624077.449371576	0.000000	0.000000	-0.378932	0.000000	0.000000	0.000000	0.000000	0.000000	nan	0.000000	0.000000	0.000000	0.000000	0.000000	0.000000	0.000000	0.000000	0.000000	0.000000	0.000000	0.000000	0.000000	0.000000	0.000000
1764624077.467916250	0.000000	0.000000	-0.377201	0.000000	0.000000	0.000000	0.000000	0.000000	nan	0.000000	0.000000	0.000000	0.000000	0.000000	0.000000	0.000000	0.000000	0.000000	0.000000	0.000000	0.000000	0.000000	0.000000	0.000000
1764624077.469609499	0.000000	0.000000	-0.367588	0.000000	0.000000	0.000000	0.000000	0.000000	nan	0.000000	0.000000	0.000000	0.000000	0.000000	0.000000	0.000000	0.000000	0.000000	0.000000	0.000000	0.000000	0.000000	0.000000	0.000000
1764624077.479545116	0.000000	0.000000	-0.353323	0.000000	0.000000	0.000000	0.000000	0.000000	nan	0.000000	0.000000	0.000000	0.000000	0.000000	0.000000	0.000000	0.000000	0.000000	0.000000	0.000000	0.000000	0.000000	0.000000	0.000000
1764624077.489518404	0.000000	0.000000	-0.351265	0.000000	0.000000	0.000000	0.000000	0.000000	nan	0.000000	0.000000	0.000000	0.000000	0.000000	0.000000	0.000000	0.000000	0.000000	0.000000	0.000000	0.000000	0.000000	0.000000	0.000000
1764624077.503161907	0.000000	0.000000	-0.343313	0.000000	0.000000	0.000000	0.000000	0.000000	nan	0.000000	0.000000	0.000000	0.000000	0.000000	0.000000	0.000000	0.000000	0.000000	0.000000	0.000000	0.000000	0.000000	0.000000	0.000000
1764624077.509161234	0.000000	0.000000	-0.339858	0.000000	0.000000	0.000000	0.000000	0.000000	nan	0.000000	0.000000	0.000000	0.000000	0.000000	0.000000	0.000000	0.000000	0.000000	0.000000	0.000000	0.000000	0.000000	0.000000	0.000000
1764624077.521172285	0.000000	0.000000	-0.351961	0.000000	0.000000	0.000000	0.000000	0.000000	nan	0.000000	0.000000	0.000000	0.000000	0.000000	0.000000	0.000000	0.000000	0.000000	0.000000	0.000000	0.000000	0.000000	0.000000	0.000000
1764624077.529333353	0.000000	0.000000	-0.335029	0.000000	0.000000	0.000000	0.000000	0.000000	nan	0.000000	0.000000	0.000000	0.000000	0.000000	0.000000	0.000000	0.000000	0.000000	0.000000	0.000000	0.000000	0.000000	0.000000	0.000000
1764624077.539644003	0.000000	0.000000	-0.323306	0.000000	0.000000	0.000000	0.000000	0.000000	nan	0.000000	0.000000	0.000000	0.000000	0.000000	0.000000	0.000000	0.000000	0.000000	0.000000	0.000000	0.000000	0.000000	0.000000	0.000000
1764624077.555073738	0.000000	0.000000	-0.315687	0.000000	0.000000	0.000000	0.000000	0.000000	nan	0.000000	0.000000	0.000000	0.000000	0.000000	0.000000	0.000000	0.000000	0.000000	0.000000	0.000000	0.000000	0.000000	0.000000	0.000000
1764624077.559195995	0.000000	0.000000	-0.309459	0.000000	0.000000	0.000000	0.000000	0.000000	nan	0.000000	0.000000	0.000000	0.000000	0.000000	0.000000	0.000000	0.000000	0.000000	0.000000	0.000000	0.000000	0.000000	0.000000	0.000000
1764624077.568928003	0.000000	0.000000	-0.317439	0.000000	0.000000	0.000000	0.000000	0.000000	nan	0.000000	0.000000	0.000000	0.000000	0.000000	0.000000	0.000000	0.000000	0.000000	0.000000	0.000000	0.000000	0.000000	0.000000	0.000000
1764624077.591200113	0.000000	0.000000	-0.303261	0.000000	0.000000	0.000000	0.000000	0.000000	nan	0.000000	0.000000	0.000000	0.000000	0.000000	0.000000	0.000000	0.000000	0.000000	0.000000	0.000000	0.000000	0.000000	0.000000	0.000000
1764624077.593801260	0.000000	0.000000	-0.304981	0.000000	0.000000	0.000000	0.000000	0.000000	nan	0.000000	0.000000	0.000000	0.000000	0.000000	0.000000	0.000000	0.000000	0.000000	0.000000	0.000000	0.000000	0.000000	0.000000	0.000000
1764624077.599129915	0.000000	0.000000	-0.302555	0.000000	0.000000	0.000000	0.000000	0.000000	nan	0.000000	0.000000	0.000000	0.000000	0.000000	0.000000	0.000000	0.000000	0.000000	0.000000	0.000000	0.000000	0.000000	0.000000	0.000000
1764624077.609399319	0.000000	0.000000	-0.289829	0.000000	0.000000	0.000000	0.000000	0.000000	nan	0.000000	0.000000	0.000000	0.000000	0.000000	0.000000	0.000000	0.000000	0.000000	0.000000	0.000000	0.000000	0.000000	0.000000	0.000000
1764624077.619593382	0.000000	0.000000	-0.302566	0.000000	0.000000	0.000000	0.000000	0.000000	nan	0.000000	0.000000	0.000000	0.000000	0.000000	0.000000	0.000000	0.000000	0.000000	0.000000	0.000000	0.000000	0.000000	0.000000	0.000000
1764624077.637485027	0.000000	0.000000	-0.290131	0.000000	0.000000	0.000000	0.000000	0.000000	nan	0.000000	0.000000	0.000000	0.000000	0.000000	0.000000	0.000000	0.000000	0.000000	0.000000	0.000000	0.000000	0.000000	0.000000	0.000000
1764624077.639443874	0.000000	0.000000	-0.285639	0.000000	0.000000	0.000000	0.000000	0.000000	nan	0.000000	0.000000	0.000000	0.000000	0.000000	0.000000	0.000000	0.000000	0.000000	0.000000	0.000000	0.000000	0.000000	0.000000	0.000000
1764624077.649634838	0.000000	0.000000	-0.284191	0.000000	0.000000	0.000000	0.000000	0.000000	nan	0.000000	0.000000	0.000000	0.000000	0.000000	0.000000	0.000000	0.000000	0.000000	0.000000	0.000000	0.000000	0.000000	0.000000	0.000000
1764624077.671305418	0.000000	0.000000	-0.273830	0.000000	0.000000	0.000000	0.000000	0.000000	nan	0.000000	0.000000	0.000000	0.000000	0.000000	0.000000	0.000000	0.000000	0.000000	0.000000	0.000000	0.000000	0.000000	0.000000	0.000000
1764624077.671327829	0.000000	0.000000	-0.273874	0.000000	0.000000	0.000000	0.000000	0.000000	nan	0.000000	0.000000	0.000000	0.000000	0.000000	0.000000	0.000000	0.000000	0.000000	0.000000	0.000000	0.000000	0.000000	0.000000	0.000000
1764624077.680076599	0.000000	0.000000	-0.266999	0.000000	0.000000	0.000000	0.000000	0.000000	nan	0.000000	0.000000	0.000000	0.000000	0.000000	0.000000	0.000000	0.000000	0.000000	0.000000	0.000000	0.000000	0.000000	0.000000	0.000000
1764624077.690363646	0.000000	0.000000	-0.269359	0.000000	0.000000	0.000000	0.000000	0.000000	nan	0.000000	0.000000	0.000000	0.000000	0.000000	0.000000	0.000000	0.000000	0.000000	0.000000	0.000000	0.000000	0.000000	0.000000	0.000000
1764624077.706143856	0.000000	0.000000	-0.250019	0.000000	0.000000	0.000000	0.000000	0.000000	nan	0.000000	0.000000	0.000000	0.000000	0.000000	0.000000	0.000000	0.000000	0.000000	0.000000	0.000000	0.000000	0.000000	0.000000	0.000000
1764624077.710077524	0.000000	0.000000	-0.267287	0.000000	0.000000	0.000000	0.000000	0.000000	nan	0.000000	0.000000	0.000000	0.000000	0.000000	0.000000	0.000000	0.000000	0.000000	0.000000	0.000000	0.000000	0.000000	0.000000	0.000000
1764624077.720620871	0.000000	0.000000	-0.273539	0.000000	0.000000	0.000000	0.000000	0.000000	0.221050	0.000000	0.000000	0.000000	0.000000	0.000000	0.000000	0.000000	0.000000	0.000000	0.000000	0.000000	0.000000	0.000000	0.000000	0.000000
1764624077.729444265	0.000000	0.000000	-0.266618	0.000000	0.000000	0.000000	0.000000	0.000000	0.221050	0.000000	0.000000	0.000000	0.000000	0.000000	0.000000	0.000000	0.000000	0.000000	0.000000	0.000000	0.000000	0.000000	0.000000	0.000000
1764624077.740539789	0.000000	0.000000	-0.259000	0.000000	0.000000	0.000000	0.000000	0.000000	0.221050	0.000000	0.000000	0.000000	0.000000	0.000000	0.000000	0.000000	0.000000	0.000000	0.000000	0.000000	0.000000	0.000000	0.000000	0.000000
1764624077.761590481	0.000000	0.000000	-0.253783	0.000000	0.000000	0.000000	0.000000	0.000000	0.221050	0.000000	0.000000	0.000000	0.000000	0.000000	0.000000	0.000000	0.000000	0.000000	0.000000	0.000000	0.000000	0.000000	0.000000	0.000000
1764624077.761618614	0.000000	0.000000	-0.253470	0.000000	0.000000	0.000000	0.000000	0.000000	0.221050	0.000000	0.000000	0.000000	0.000000	0.000000	0.000000	0.000000	0.000000	0.000000	0.000000	0.000000	0.000000	0.000000	0.000000	0.000000
1764624077.769886255	0.000000	0.000000	-0.248966	0.000000	0.000000	0.000000	0.000000	0.000000	0.221050	0.000000	0.000000	0.000000	0.000000	0.000000	0.000000	0.000000	0.000000	0.000000	0.000000	0.000000	0.000000	0.000000	0.000000	0.000000
1764624077.788652897	0.000000	0.000000	-0.236561	0.000000	0.000000	0.000000	0.000000	0.000000	0.221050	0.000000	0.000000	0.000000	0.000000	0.000000	0.000000	0.000000	0.000000	0.000000	0.000000	0.000000	0.000000	0.000000	0.000000	0.000000
1764624077.790509939	0.000000	0.000000	-0.228547	0.000000	0.000000	0.000000	0.000000	0.000000	0.221050	0.000000	0.000000	0.000000	0.000000	0.000000	0.000000	0.000000	0.000000	0.000000	0.000000	0.000000	0.000000	0.000000	0.000000	0.000000
1764624077.799075127	0.000000	0.000000	-0.222686	0.000000	0.000000	0.000000	0.000000	0.000000	0.221050	0.000000	0.000000	0.000000	0.000000	0.000000	0.000000	0.000000	0.000000	0.000000	0.000000	0.000000	0.000000	0.000000	0.000000	0.000000
1764624077.809083700	0.000000	0.000000	-0.222022	0.000000	0.000000	0.000000	0.000000	0.000000	0.221050	0.000000	0.000000	0.000000	0.000000	0.000000	0.000000	0.000000	0.000000	0.000000	0.000000	0.000000	0.000000	0.000000	0.000000	0.000000
1764624077.819063902	0.000000	0.000000	-0.234379	0.000000	0.000000	0.000000	0.000000	0.000000	0.221050	0.000000	0.000000	0.000000	0.000000	0.000000	0.000000	0.000000	0.000000	0.000000	0.000000	0.000000	0.000000	0.000000	0.000000	0.000000
1764624077.839619637	0.000000	0.000000	-0.212297	0.000000	0.000000	0.000000	0.000000	0.000000	0.221050	0.000000	0.000000	0.000000	0.000000	0.000000	0.000000	0.000000	0.000000	0.000000	0.000000	0.000000	0.000000	0.000000	0.000000	0.000000
1764624077.840864897	0.000000	0.000000	-0.217497	0.000000	0.000000	0.000000	0.000000	0.000000	0.221050	0.000000	0.000000	0.000000	0.000000	0.000000	0.000000	0.000000	0.000000	0.000000	0.000000	0.000000	0.000000	0.000000	0.000000	0.000000
1764624077.849004507	0.000000	0.000000	-0.211275	0.000000	0.000000	0.000000	0.000000	0.000000	0.221050	0.000000	0.000000	0.000000	0.000000	0.000000	0.000000	0.000000	0.000000	0.000000	0.000000	0.000000	0.000000	0.000000	0.000000	0.000000
1764624077.870320082	0.000000	0.000000	-0.212273	0.000000	0.000000	0.000000	0.000000	0.000000	0.221050	0.000000	0.000000	0.000000	0.000000	0.000000	0.000000	0.000000	0.000000	0.000000	0.000000	0.000000	0.000000	0.000000	0.000000	0.000000
1764624077.870328903	0.000000	0.000000	-0.207755	0.000000	0.000000	0.000000	0.000000	0.000000	0.221050	0.000000	0.000000	0.000000	0.000000	0.000000	0.000000	0.000000	0.000000	0.000000	0.000000	0.000000	0.000000	0.000000	0.000000	0.000000
1764624077.878736973	0.000000	0.000000	-0.186123	0.000000	0.000000	0.000000	0.000000	0.000000	0.221050	0.000000	0.000000	0.000000	0.000000	0.000000	0.000000	0.000000	0.000000	0.000000	0.000000	0.000000	0.000000	0.000000	0.000000	0.000000
1764624077.889289141	0.000000	0.000000	-0.194297	0.000000	0.000000	0.000000	0.000000	0.000000	0.221050	0.000000	0.000000	0.000000	0.000000	0.000000	0.000000	0.000000	0.000000	0.000000	0.000000	0.000000	0.000000	0.000000	0.000000	0.000000
1764624077.899064541	0.000000	0.000000	-0.184288	0.000000	0.000000	0.000000	0.000000	0.000000	0.221050	0.000000	0.000000	0.000000	0.000000	0.000000	0.000000	0.000000	0.000000	0.000000	0.000000	0.000000	0.000000	0.000000	0.000000	0.000000
1764624077.915462971	0.000000	0.000000	-0.186710	0.000000	0.000000	0.000000	0.000000	0.000000	0.221050	0.000000	0.000000	0.000000	0.000000	0.000000	0.000000	0.000000	0.000000	0.000000	0.000000	0.000000	0.000000	0.000000	0.000000	0.000000
1764624077.918272257	0.000000	0.000000	-0.189103	0.000000	0.000000	0.000000	0.000000	0.000000	0.221050	0.000000	0.000000	0.000000	0.000000	0.000000	0.000000	0.000000	0.000000	0.000000	0.000000	0.000000	0.000000	0.000000	0.000000	0.000000
1764624077.929140091	0.000000	0.000000	-0.187771	0.000000	0.000000	0.000000	0.000000	0.000000	0.221050	0.000000	0.000000	0.000000	0.000000	0.000000	0.000000	0.000000	0.000000	0.000000	0.000000	0.000000	0.000000	0.000000	0.000000	0.000000
1764624077.939019680	0.000000	0.000000	-0.179737	0.000000	0.000000	0.000000	0.000000	0.000000	0.221050	0.000000	0.000000	0.000000	0.000000	0.000000	0.000000	0.000000	0.000000	0.000000	0.000000	0.000000	0.000000	0.000000	0.000000	0.000000
1764624077.960044146	0.000000	0.000000	-0.170858	0.000000	0.000000	0.000000	0.000000	0.000000	0.221050	0.000000	0.000000	0.000000	0.000000	0.000000	0.000000	0.000000	0.000000	0.000000	0.000000	0.000000	0.000000	0.000000	0.000000	0.000000
1764624077.961642027	0.000000	0.000000	-0.164207	0.000000	0.000000	0.000000	0.000000	0.000000	0.221050	0.000000	0.000000	0.000000	0.000000	0.000000	0.000000	0.000000	0.000000	0.000000	0.000000	0.000000	0.000000	0.000000	0.000000	0.000000
1764624077.969843864	0.000000	0.000000	-0.153841	0.000000	0.000000	0.000000	0.000000	0.000000	nan	0.000000	0.000000	0.000000	0.000000	0.000000	0.000000	0.000000	0.000000	0.000000	0.000000	0.000000	0.000000	0.000000	0.000000	0.000000
1764624077.986787796	0.000000	0.000000	-0.153199	0.000000	0.000000	0.000000	0.000000	0.000000	nan	0.000000	0.000000	0.000000	0.000000	0.000000	0.000000	0.000000	0.000000	0.000000	0.000000	0.000000	0.000000	0.000000	0.000000	0.000000
1764624077.989198208	0.000000	0.000000	-0.149002	0.000000	0.000000	0.000000	0.000000	0.000000	nan	0.000000	0.000000	0.000000	0.000000	0.000000	0.000000	0.000000	0.000000	0.000000	0.000000	0.000000	0.000000	0.000000	0.000000	0.000000
1764624077.999039412	0.000000	0.000000	-0.153172	0.000000	0.000000	0.000000	0.000000	0.000000	nan	0.000000	0.000000	0.000000	0.000000	0.000000	0.000000	0.000000	0.000000	0.000000	0.000000	0.000000	0.000000	0.000000	0.000000	0.000000
1764624078.009665489	0.000000	0.000000	-0.151793	0.000000	0.000000	0.000000	0.000000	0.000000	nan	0.000000	0.000000	0.000000	0.000000	0.000000	0.000000	0.000000	0.000000	0.000000	0.000000	0.000000	0.000000	0.000000	0.000000	0.000000
1764624078.023444414	0.000000	0.000000	-0.147963	0.000000	0.000000	0.000000	0.000000	0.000000	nan	0.000000	0.000000	0.000000	0.000000	0.000000	0.000000	0.000000	0.000000	0.000000	0.000000	0.000000	0.000000	0.000000	0.000000	0.000000
1764624078.029429197	0.000000	0.000000	-0.137214	0.000000	0.000000	0.000000	0.000000	0.000000	nan	0.000000	0.000000	0.000000	0.000000	0.000000	0.000000	0.000000	0.000000	0.000000	0.000000	0.000000	0.000000	0.000000	0.000000	0.000000
1764624078.039490223	0.000000	0.000000	-0.132457	0.000000	0.000000	0.000000	0.000000	0.000000	nan	0.000000	0.000000	0.000000	0.000000	0.000000	0.000000	0.000000	0.000000	0.000000	0.000000	0.000000	0.000000	0.000000	0.000000	0.000000
1764624078.050043821	0.000000	0.000000	-0.132777	0.000000	0.000000	0.000000	0.000000	0.000000	nan	0.000000	0.000000	0.000000	0.000000	0.000000	0.000000	0.000000	0.000000	0.000000	0.000000	0.000000	0.000000	0.000000	0.000000	0.000000
1764624078.072005749	0.000000	0.000000	-0.125221	0.000000	0.000000	0.000000	0.000000	0.000000	nan	0.000000	0.000000	0.000000	0.000000	0.000000	0.000000	0.000000	0.000000	0.000000	0.000000	0.000000	0.000000	0.000000	0.000000	0.000000
1764624078.073390961	0.000000	0.000000	-0.117537	0.000000	0.000000	0.000000	0.000000	0.000000	nan	0.000000	0.000000	0.000000	0.000000	0.000000	0.000000	0.000000	0.000000	0.000000	0.000000	0.000000	0.000000	0.000000	0.000000	0.000000
1764624078.079841137	0.000000	0.000000	-0.111699	0.000000	0.000000	0.000000	0.000000	0.000000	nan	0.000000	0.000000	0.000000	0.000000	0.000000	0.000000	0.000000	0.000000	0.000000	0.000000	0.000000	0.000000	0.000000	0.000000	0.000000
1764624078.090478659	0.000000	0.000000	-0.119938	0.000000	0.000000	0.000000	0.000000	0.000000	nan	0.000000	0.000000	0.000000	0.000000	0.000000	0.000000	0.000000	0.000000	0.000000	0.000000	0.000000	0.000000	0.000000	0.000000	0.000000
1764624078.108197927	0.000000	0.000000	-0.115472	0.000000	0.000000	0.000000	0.000000	0.000000	nan	0.000000	0.000000	0.000000	0.000000	0.000000	0.000000	0.000000	0.000000	0.000000	0.000000	0.000000	0.000000	0.000000	0.000000	0.000000
1764624078.109804392	0.000000	0.000000	-0.102333	0.000000	0.000000	0.000000	0.000000	0.000000	nan	0.000000	0.000000	0.000000	0.000000	0.000000	0.000000	0.000000	0.000000	0.000000	0.000000	0.000000	0.000000	0.000000	0.000000	0.000000
1764624078.119525194	0.000000	0.000000	-0.106804	0.000000	0.000000	0.000000	0.000000	0.000000	nan	0.000000	0.000000	0.000000	0.000000	0.000000	0.000000	0.000000	0.000000	0.000000	0.000000	0.000000	0.000000	0.000000	0.000000	0.000000
1764624078.129939318	0.000000	0.000000	-0.104781	0.000000	0.000000	0.000000	0.000000	0.000000	nan	0.000000	0.000000	0.000000	0.000000	0.000000	0.000000	0.000000	0.000000	0.000000	0.000000	0.000000	0.000000	0.000000	0.000000	0.000000
1764624078.139714956	0.000000	0.000000	-0.099215	0.000000	0.000000	0.000000	0.000000	0.000000	nan	0.000000	0.000000	0.000000	0.000000	0.000000	0.000000	0.000000	0.000000	0.000000	0.000000	0.000000	0.000000	0.000000	0.000000	0.000000
1764624078.149722815	0.000000	0.000000	-0.109636	0.000000	0.000000	0.000000	0.000000	0.000000	nan	0.000000	0.000000	0.000000	0.000000	0.000000	0.000000	0.000000	0.000000	0.000000	0.000000	0.000000	0.000000	0.000000	0.000000	0.000000
1764624078.159490347	0.000000	0.000000	-0.085776	0.000000	0.000000	0.000000	0.000000	0.000000	nan	0.000000	0.000000	0.000000	0.000000	0.000000	0.000000	0.000000	0.000000	0.000000	0.000000	0.000000	0.000000	0.000000	0.000000	0.000000
1764624078.169859648	0.000000	0.000000	-0.076405	0.000000	0.000000	0.000000	0.000000	0.000000	nan	0.000000	0.000000	0.000000	0.000000	0.000000	0.000000	0.000000	0.000000	0.000000	0.000000	0.000000	0.000000	0.000000	0.000000	0.000000
1764624078.188961744	0.000000	0.000000	-0.084058	0.000000	0.000000	0.000000	0.000000	0.000000	nan	0.000000	0.000000	0.000000	0.000000	0.000000	0.000000	0.000000	0.000000	0.000000	0.000000	0.000000	0.000000	0.000000	0.000000	0.000000
1764624078.190969706	0.000000	0.000000	-0.084761	0.000000	0.000000	0.000000	0.000000	0.000000	nan	0.000000	0.000000	0.000000	0.000000	0.000000	0.000000	0.000000	0.000000	0.000000	0.000000	0.000000	0.000000	0.000000	0.000000	0.000000
1764624078.198944569	0.000000	0.000000	-0.093357	0.000000	0.000000	0.000000	0.000000	0.000000	nan	0.000000	0.000000	0.000000	0.000000	0.000000	0.000000	0.000000	0.000000	0.000000	0.000000	0.000000	0.000000	0.000000	0.000000	0.000000
1764624078.209327459	0.000000	0.000000	-0.084758	0.000000	0.000000	0.000000	0.000000	0.000000	nan	0.000000	0.000000	0.000000	0.000000	0.000000	0.000000	0.000000	0.000000	0.000000	0.000000	0.000000	0.000000	0.000000	0.000000	0.000000
1764624078.219587326	0.000000	0.000000	-0.074348	0.000000	0.000000	0.000000	0.000000	0.000000	nan	0.000000	0.000000	0.000000	0.000000	0.000000	0.000000	0.000000	0.000000	0.000000	0.000000	0.000000	0.000000	0.000000	0.000000	0.000000
1764624078.243253469	0.000000	0.000000	-0.065423	0.000000	0.000000	0.000000	0.000000	0.000000	nan	0.000000	0.000000	0.000000	0.000000	0.000000	0.000000	0.000000	0.000000	0.000000	0.000000	0.000000	0.000000	0.000000	0.000000	0.000000
1764624078.243292570	0.000000	0.000000	-0.071290	0.000000	0.000000	0.000000	0.000000	0.000000	nan	0.000000	0.000000	0.000000	0.000000	0.000000	0.000000	0.000000	0.000000	0.000000	0.000000	0.000000	0.000000	0.000000	0.000000	0.000000
1764624078.249344587	0.000000	0.000000	-0.070597	0.000000	0.000000	0.000000	0.000000	0.000000	nan	0.000000	0.000000	0.000000	0.000000	0.000000	0.000000	0.000000	0.000000	0.000000	0.000000	0.000000	0.000000	0.000000	0.000000	0.000000
1764624078.278693199	0.000000	0.000000	-0.074753	0.000000	0.000000	0.000000	0.000000	0.000000	nan	0.000000	0.000000	0.000000	0.000000	0.000000	0.000000	0.000000	0.000000	0.000000	0.000000	0.000000	0.000000	0.000000	0.000000	0.000000
1764624078.278707504	0.000000	0.000000	-0.072325	0.000000	0.000000	0.000000	0.000000	0.000000	nan	0.000000	0.000000	0.000000	0.000000	0.000000	0.000000	0.000000	0.000000	0.000000	0.000000	0.000000	0.000000	0.000000	0.000000	0.000000
1764624078.280242205	0.000000	0.000000	-0.057495	0.000000	0.000000	0.000000	0.000000	0.000000	nan	0.000000	0.000000	0.000000	0.000000	0.000000	0.000000	0.000000	0.000000	0.000000	0.000000	0.000000	0.000000	0.000000	0.000000	0.000000
1764624078.290364742	0.000000	0.000000	-0.055732	0.000000	0.000000	0.000000	0.000000	0.000000	nan	0.000000	0.000000	0.000000	0.000000	0.000000	0.000000	0.000000	0.000000	0.000000	0.000000	0.000000	0.000000	0.000000	0.000000	0.000000
1764624078.311281919	0.000000	0.000000	-0.057570	0.000000	0.000000	0.000000	0.000000	0.000000	nan	0.000000	0.000000	0.000000	0.000000	0.000000	0.000000	0.000000	0.000000	0.000000	0.000000	0.000000	0.000000	0.000000	0.000000	0.000000
1764624078.311295748	0.000000	0.000000	-0.068219	0.000000	0.000000	0.000000	0.000000	0.000000	nan	0.000000	0.000000	0.000000	0.000000	0.000000	0.000000	0.000000	0.000000	0.000000	0.000000	0.000000	0.000000	0.000000	0.000000	0.000000
1764624078.319345474	0.000000	0.000000	-0.051680	0.000000	0.000000	0.000000	0.000000	0.000000	nan	0.000000	0.000000	0.000000	0.000000	0.000000	0.000000	0.000000	0.000000	0.000000	0.000000	0.000000	0.000000	0.000000	0.000000	0.000000
1764624078.330091953	0.000000	0.000000	-0.047748	0.000000	0.000000	0.000000	0.000000	0.000000	nan	0.000000	0.000000	0.000000	0.000000	0.000000	0.000000	0.000000	0.000000	0.000000	0.000000	0.000000	0.000000	0.000000	0.000000	0.000000
1764624078.344948769	0.000000	0.000000	-0.047209	0.000000	0.000000	0.000000	0.000000	0.000000	nan	0.000000	0.000000	0.000000	0.000000	0.000000	0.000000	0.000000	0.000000	0.000000	0.000000	0.000000	0.000000	0.000000	0.000000	0.000000
1764624078.363637686	0.000000	0.000000	-0.044417	0.000000	0.000000	0.000000	0.000000	0.000000	nan	0.000000	0.000000	0.000000	0.000000	0.000000	0.000000	0.000000	0.000000	0.000000	0.000000	0.000000	0.000000	0.000000	0.000000	0.000000
1764624078.363663435	0.000000	0.000000	-0.037507	0.000000	0.000000	0.000000	0.000000	0.000000	nan	0.000000	0.000000	0.000000	0.000000	0.000000	0.000000	0.000000	0.000000	0.000000	0.000000	0.000000	0.000000	0.000000	0.000000	0.000000
1764624078.369523048	0.000000	0.000000	-0.045222	0.000000	0.000000	0.000000	0.000000	0.000000	nan	0.000000	0.000000	0.000000	0.000000	0.000000	0.000000	0.000000	0.000000	0.000000	0.000000	0.000000	0.000000	0.000000	0.000000	0.000000
1764624078.386389256	0.000000	0.000000	-0.032052	0.000000	0.000000	0.000000	0.000000	0.000000	nan	0.000000	0.000000	0.000000	0.000000	0.000000	0.000000	0.000000	0.000000	0.000000	0.000000	0.000000	0.000000	0.000000	0.000000	0.000000
1764624078.389967680	0.000000	0.000000	-0.020313	0.000000	0.000000	0.000000	0.000000	0.000000	nan	0.000000	0.000000	0.000000	0.000000	0.000000	0.000000	0.000000	0.000000	0.000000	0.000000	0.000000	0.000000	0.000000	0.000000	0.000000
1764624078.398866892	0.000000	0.000000	-0.028968	0.000000	0.000000	0.000000	0.000000	0.000000	nan	0.000000	0.000000	0.000000	0.000000	0.000000	0.000000	0.000000	0.000000	0.000000	0.000000	0.000000	0.000000	0.000000	0.000000	0.000000
1764624078.409780264	0.000000	0.000000	-0.026470	0.000000	0.000000	0.000000	0.000000	0.000000	nan	0.000000	0.000000	0.000000	0.000000	0.000000	0.000000	0.000000	0.000000	0.000000	0.000000	0.000000	0.000000	0.000000	0.000000	0.000000
1764624078.428149939	0.000000	0.000000	-0.023700	0.000000	0.000000	0.000000	0.000000	0.000000	nan	0.000000	0.000000	0.000000	0.000000	0.000000	0.000000	0.000000	0.000000	0.000000	0.000000	0.000000	0.000000	0.000000	0.000000	0.000000
1764624078.428160429	0.000000	0.000000	-0.027996	0.000000	0.000000	0.000000	0.000000	0.000000	nan	0.000000	0.000000	0.000000	0.000000	0.000000	0.000000	0.000000	0.000000	0.000000	0.000000	0.000000	0.000000	0.000000	0.000000	0.000000
1764624078.439287901	0.000000	0.000000	-0.014113	0.000000	0.000000	0.000000	0.000000	0.000000	nan	0.000000	0.000000	0.000000	0.000000	0.000000	0.000000	0.000000	0.000000	0.000000	0.000000	0.000000	0.000000	0.000000	0.000000	0.000000
1764624078.449347496	0.000000	0.000000	-0.001362	0.000000	0.000000	0.000000	0.000000	0.000000	nan	0.000000	0.000000	0.000000	0.000000	0.000000	0.000000	0.000000	0.000000	0.000000	0.000000	0.000000	0.000000	0.000000	0.000000	0.000000
1764624078.473777771	0.000000	0.000000	-0.002124	0.000000	0.000000	0.000000	0.000000	0.000000	nan	0.000000	0.000000	0.000000	0.000000	0.000000	0.000000	0.000000	0.000000	0.000000	0.000000	0.000000	0.000000	0.000000	0.000000	0.000000
1764624078.475677013	0.000000	0.000000	-0.013449	0.000000	0.000000	0.000000	0.000000	0.000000	nan	0.000000	0.000000	0.000000	0.000000	0.000000	0.000000	0.000000	0.000000	0.000000	0.000000	0.000000	0.000000	0.000000	0.000000	0.000000
1764624078.478676081	0.000000	0.000000	-0.003542	0.000000	0.000000	0.000000	0.000000	0.000000	nan	0.000000	0.000000	0.000000	0.000000	0.000000	0.000000	0.000000	0.000000	0.000000	0.000000	0.000000	0.000000	0.000000	0.000000	0.000000
1764624078.489755392	0.000000	0.000000	-0.014417	0.000000	0.000000	0.000000	0.000000	0.000000	nan	0.000000	0.000000	0.000000	0.000000	0.000000	0.000000	0.000000	0.000000	0.000000	0.000000	0.000000	0.000000	0.000000	0.000000	0.000000
1764624078.499133825	0.000000	0.000000	-0.016262	0.000000	0.000000	0.000000	0.000000	0.000000	nan	0.000000	0.000000	0.000000	0.000000	0.000000	0.000000	0.000000	0.000000	0.000000	0.000000	0.000000	0.000000	0.000000	0.000000	0.000000
1764624078.523947001	0.000000	0.000000	-0.004217	0.000000	0.000000	0.000000	0.000000	0.000000	nan	0.000000	0.000000	0.000000	0.000000	0.000000	0.000000	0.000000	0.000000	0.000000	0.000000	0.000000	0.000000	0.000000	0.000000	0.000000
1764624078.525531769	0.000000	0.000000	-0.000734	0.000000	0.000000	0.000000	0.000000	0.000000	nan	0.000000	0.000000	0.000000	0.000000	0.000000	0.000000	0.000000	0.000000	0.000000	0.000000	0.000000	0.000000	0.000000	0.000000	0.000000
1764624078.529235125	0.000000	0.000000	0.006496	0.000000	0.000000	0.000000	0.000000	0.000000	nan	0.000000	0.000000	0.000000	0.000000	0.000000	0.000000	0.000000	0.000000	0.000000	0.000000	0.000000	0.000000	0.000000	0.000000	0.000000
1764624078.546525002	0.000000	0.000000	-0.012843	0.000000	0.000000	0.000000	0.000000	0.000000	nan	0.000000	0.000000	0.000000	0.000000	0.000000	0.000000	0.000000	0.000000	0.000000	0.000000	0.000000	0.000000	0.000000	0.000000	0.000000
1764624078.549159765	0.000000	0.000000	0.009130	0.000000	0.000000	0.000000	0.000000	0.000000	nan	0.000000	0.000000	0.000000	0.000000	0.000000	0.000000	0.000000	0.000000	0.000000	0.000000	0.000000	0.000000	0.000000	0.000000	0.000000
1764624078.558747768	0.000000	0.000000	0.001272	0.000000	0.000000	0.000000	0.000000	0.000000	nan	0.000000	0.000000	0.000000	0.000000	0.000000	0.000000	0.000000	0.000000	0.000000	0.000000	0.000000	0.000000	0.000000	0.000000	0.000000
1764624078.569698811	0.000000	0.000000	0.000883	0.000000	0.000000	0.000000	0.000000	0.000000	nan	0.000000	0.000000	0.000000	0.000000	0.000000	0.000000	0.000000	0.000000	0.000000	0.000000	0.000000	0.000000	0.000000	0.000000	0.000000
1764624078.583322525	0.000000	0.000000	0.012592	0.000000	0.000000	0.000000	0.000000	0.000000	nan	0.000000	0.000000	0.000000	0.000000	0.000000	0.000000	0.000000	0.000000	0.000000	0.000000	0.000000	0.000000	0.000000	0.000000	0.000000
1764624078.591239929	0.000000	0.000000	0.009485	0.000000	0.000000	0.000000	0.000000	0.000000	nan	0.000000	0.000000	0.000000	0.000000	0.000000	0.000000	0.000000	0.000000	0.000000	0.000000	0.000000	0.000000	0.000000	0.000000	0.000000
1764624078.598593950	0.000000	0.000000	0.002909	0.000000	0.000000	0.000000	0.000000	0.000000	nan	0.000000	0.000000	0.000000	0.000000	0.000000	0.000000	0.000000	0.000000	0.000000	0.000000	0.000000	0.000000	0.000000	0.000000	0.000000
1764624078.609110594	0.000000	0.000000	0.010537	0.000000	0.000000	0.000000	0.000000	0.000000	nan	0.000000	0.000000	0.000000	0.000000	0.000000	0.000000	0.000000	0.000000	0.000000	0.000000	0.000000	0.000000	0.000000	0.000000	0.000000
1764624078.619028807	0.000000	0.000000	0.010501	0.000000	0.000000	0.000000	0.000000	0.000000	nan	0.000000	0.000000	0.000000	0.000000	0.000000	0.000000	0.000000	0.000000	0.000000	0.000000	0.000000	0.000000	0.000000	0.000000	0.000000
1764624078.639251232	0.000000	0.000000	0.014617	0.000000	0.000000	0.000000	0.000000	0.000000	nan	0.000000	0.000000	0.000000	0.000000	0.000000	0.000000	0.000000	0.000000	0.000000	0.000000	0.000000	0.000000	0.000000	0.000000	0.000000
1764624078.640489578	0.000000	0.000000	0.018594	0.000000	0.000000	0.000000	0.000000	0.000000	nan	0.000000	0.000000	0.000000	0.000000	0.000000	0.000000	0.000000	0.000000	0.000000	0.000000	0.000000	0.000000	0.000000	0.000000	0.000000
1764624078.649832487	0.000000	0.000000	0.015548	0.000000	0.000000	0.000000	0.000000	0.000000	nan	0.000000	0.000000	0.000000	0.000000	0.000000	0.000000	0.000000	0.000000	0.000000	0.000000	0.000000	0.000000	0.000000	0.000000	0.000000
1764624078.659299850	0.000000	0.000000	0.013912	0.000000	0.000000	0.000000	0.000000	0.000000	nan	0.000000	0.000000	0.000000	0.000000	0.000000	0.000000	0.000000	0.000000	0.000000	0.000000	0.000000	0.000000	0.000000	0.000000	0.000000
1764624078.683636665	0.000000	0.000000	0.019359	0.000000	0.000000	0.000000	0.000000	0.000000	nan	0.000000	0.000000	0.000000	0.000000	0.000000	0.000000	0.000000	0.000000	0.000000	0.000000	0.000000	0.000000	0.000000	0.000000	0.000000
1764624078.683646202	0.000000	0.000000	0.025969	0.000000	0.000000	0.000000	0.000000	0.000000	nan	0.000000	0.000000	0.000000	0.000000	0.000000	0.000000	0.000000	0.000000	0.000000	0.000000	0.000000	0.000000	0.000000	0.000000	0.000000
1764624078.688839674	0.000000	0.000000	0.032782	0.000000	0.000000	0.000000	0.000000	0.000000	nan	0.000000	0.000000	0.000000	0.000000	0.000000	0.000000	0.000000	0.000000	0.000000	0.000000	0.000000	0.000000	0.000000	0.000000	0.000000
1764624078.698735714	0.000000	0.000000	0.032158	0.000000	0.000000	0.000000	0.000000	0.000000	nan	0.000000	0.000000	0.000000	0.000000	0.000000	0.000000	0.000000	0.000000	0.000000	0.000000	0.000000	0.000000	0.000000	0.000000	0.000000
1764624078.724956989	0.000000	0.000000	0.040069	0.000000	0.000000	0.000000	0.000000	0.000000	nan	0.000000	0.000000	0.000000	0.000000	0.000000	0.000000	0.000000	0.000000	0.000000	0.000000	0.000000	0.000000	0.000000	0.000000	0.000000
1764624078.726307154	0.000000	0.000000	0.032821	0.000000	0.000000	0.000000	0.000000	0.000000	nan	0.000000	0.000000	0.000000	0.000000	0.000000	0.000000	0.000000	0.000000	0.000000	0.000000	0.000000	0.000000	0.000000	0.000000	0.000000
1764624078.730256557	0.000000	0.000000	0.041517	0.000000	0.000000	0.000000	0.000000	0.000000	nan	0.000000	0.000000	0.000000	0.000000	0.000000	0.000000	0.000000	0.000000	0.000000	0.000000	0.000000	0.000000	0.000000	0.000000	0.000000
1764624078.745406866	0.000000	0.000000	0.039415	0.000000	0.000000	0.000000	0.000000	0.000000	nan	0.000000	0.000000	0.000000	0.000000	0.000000	0.000000	0.000000	0.000000	0.000000	0.000000	0.000000	0.000000	0.000000	0.000000	0.000000
1764624078.748600483	0.000000	0.000000	0.041448	0.000000	0.000000	0.000000	0.000000	0.000000	nan	0.000000	0.000000	0.000000	0.000000	0.000000	0.000000	0.000000	0.000000	0.000000	0.000000	0.000000	0.000000	0.000000	0.000000	0.000000
1764624078.758687496	0.000000	0.000000	0.037221	0.000000	0.000000	0.000000	0.000000	0.000000	nan	0.000000	0.000000	0.000000	0.000000	0.000000	0.000000	0.000000	0.000000	0.000000	0.000000	0.000000	0.000000	0.000000	0.000000	0.000000
1764624078.769668102	0.000000	0.000000	0.043771	0.000000	0.000000	0.000000	0.000000	0.000000	nan	0.000000	0.000000	0.000000	0.000000	0.000000	0.000000	0.000000	0.000000	0.000000	0.000000	0.000000	-71.104365	0.000000	0.000000	0.000000
1764624078.779824972	0.000000	0.000000	0.037202	0.000000	0.000000	0.000000	0.000000	0.000000	nan	0.000000	0.000000	0.000000	0.000000	0.000000	0.000000	0.000000	0.000000	0.000000	0.000000	0.000000	-71.104365	0.000000	0.000000	0.000000
1764624078.802433252	0.000000	0.000000	0.042412	0.000000	0.000000	0.000000	0.000000	0.000000	nan	0.000000	0.000000	0.000000	0.000000	0.000000	0.000000	0.000000	0.000000	0.000000	0.000000	0.000000	-71.104365	0.000000	0.000000	0.000000
1764624078.802442312	0.000000	0.000000	0.052117	0.000000	0.000000	0.000000	0.000000	0.000000	nan	0.000000	0.000000	0.000000	0.000000	0.000000	0.000000	0.000000	0.000000	0.000000	0.000000	0.000000	-71.104365	0.000000	0.000000	0.000000
1764624078.810552120	0.000000	0.000000	0.041671	0.000000	0.000000	0.000000	0.000000	0.000000	nan	0.000000	0.000000	0.000000	0.000000	0.000000	0.000000	0.000000	0.000000	0.000000	0.000000	0.000000	-71.104365	0.000000	0.000000	0.000000
1764624078.826659441	0.000000	0.000000	0.043472	0.000000	0.000000	0.000000	0.000000	0.000000	nan	0.000000	0.000000	0.000000	0.000000	0.000000	0.000000	0.000000	0.000000	0.000000	0.000000	0.000000	-71.104365	0.000000	0.000000	0.000000
1764624078.828547239	0.000000	0.000000	0.045189	0.000000	0.000000	0.000000	0.000000	0.000000	nan	0.000000	0.000000	0.000000	0.000000	0.000000	0.000000	0.000000	0.000000	0.000000	0.000000	0.000000	-71.104365	0.000000	0.000000	0.000000
1764624078.838804960	0.000000	0.000000	0.051373	0.000000	0.000000	0.000000	0.000000	0.000000	nan	0.000000	0.000000	0.000000	0.000000	0.000000	0.000000	0.000000	0.000000	0.000000	0.000000	0.000000	-71.104365	0.000000	0.000000	0.000000
1764624078.850082636	0.000000	0.000000	0.039605	0.000000	0.000000	0.000000	0.000000	0.000000	nan	0.000000	0.000000	0.000000	0.000000	0.000000	0.000000	0.000000	0.000000	0.000000	0.000000	0.000000	-71.104365	0.000000	0.000000	0.000000
1764624078.868412971	0.000000	0.000000	0.041087	0.000000	0.000000	0.000000	0.000000	0.000000	nan	0.000000	0.000000	0.000000	0.000000	0.000000	0.000000	0.000000	0.000000	0.000000	0.000000	0.000000	-71.104365	0.000000	0.000000	0.000000
1764624078.868422508	0.000000	0.000000	0.055780	0.000000	0.000000	0.000000	0.000000	0.000000	nan	0.000000	0.000000	0.000000	0.000000	0.000000	0.000000	0.000000	0.000000	0.000000	0.000000	0.000000	-71.104365	0.000000	0.000000	0.000000
1764624078.879204988	0.000000	0.000000	0.049269	0.000000	0.000000	0.000000	0.000000	0.000000	nan	0.000000	0.000000	0.000000	0.000000	0.000000	0.000000	0.000000	0.000000	0.000000	0.000000	0.000000	-71.104365	0.000000	0.000000	0.000000
1764624078.889110804	0.000000	0.000000	0.051097	0.000000	0.000000	0.000000	0.000000	0.000000	nan	0.000000	0.000000	0.000000	0.000000	0.000000	0.000000	0.000000	0.000000	0.000000	0.000000	0.000000	-71.104365	0.000000	0.000000	0.000000
1764624078.898986578	0.000000	0.000000	0.041957	0.000000	0.000000	0.000000	0.000000	0.000000	nan	0.000000	0.000000	0.000000	0.000000	0.000000	0.000000	0.000000	0.000000	0.000000	0.000000	0.000000	-71.104365	0.000000	0.000000	0.000000
1764624078.923762560	0.000000	0.000000	-0.020265	0.000000	0.000000	0.000000	0.000000	0.000000	nan	0.000000	0.000000	0.000000	0.000000	0.000000	0.000000	0.000000	0.000000	0.000000	0.000000	0.000000	-71.104365	0.000000	0.000000	0.000000
1764624078.923780918	0.000000	0.000000	-0.041601	0.000000	0.000000	0.000000	0.000000	0.000000	nan	0.000000	0.000000	0.000000	0.000000	0.000000	0.000000	0.000000	0.000000	0.000000	0.000000	0.000000	-71.104365	0.000000	0.000000	0.000000
1764624078.928832531	0.000000	0.000000	-0.095454	0.000000	0.000000	0.000000	0.000000	0.000000	nan	0.000000	0.000000	0.000000	0.000000	0.000000	0.000000	0.000000	0.000000	0.000000	0.000000	0.000000	-71.104365	0.000000	0.000000	0.000000
1764624078.939168930	0.000000	0.000000	-0.166694	0.000000	0.000000	0.000000	0.000000	0.000000	nan	0.000000	0.000000	0.000000	0.000000	0.000000	0.000000	0.000000	0.000000	0.000000	0.000000	0.000000	-71.104365	0.000000	0.000000	0.000000
1764624078.954585552	0.000000	0.000000	-0.207577	0.000000	0.000000	0.000000	0.000000	0.000000	nan	0.000000	0.000000	0.000000	0.000000	0.000000	0.000000	0.000000	0.000000	0.000000	0.000000	0.000000	-71.104365	0.000000	0.000000	0.000000
1764624078.958665609	0.000000	0.000000	-0.279906	0.000000	0.000000	0.000000	0.000000	0.000000	nan	0.000000	0.000000	0.000000	0.000000	0.000000	0.000000	0.000000	0.000000	0.000000	0.000000	0.000000	-71.104365	0.000000	0.000000	0.000000
1764624078.969630003	0.000000	0.000000	-0.325099	0.000000	0.000000	0.000000	0.000000	0.000000	nan	0.000000	0.000000	0.000000	0.000000	0.000000	0.000000	0.000000	0.000000	0.000000	0.000000	0.000000	-71.104365	0.000000	0.000000	0.000000
1764624078.979782820	0.000000	0.000000	-0.410512	0.000000	0.000000	0.000000	0.000000	0.000000	nan	0.000000	0.000000	0.000000	0.000000	0.000000	0.000000	0.000000	0.000000	0.000000	0.000000	0.000000	-71.104365	0.000000	0.000000	0.000000
1764624079.001114130	0.000000	0.000000	-0.425832	0.000000	0.000000	0.000000	0.000000	0.000000	nan	0.000000	0.000000	0.000000	0.000000	0.000000	0.000000	0.000000	0.000000	0.000000	0.000000	0.000000	-71.104365	0.000000	0.000000	0.000000
1764624079.004374027	0.000000	0.000000	-0.528216	0.000000	0.000000	0.000000	0.000000	0.000000	nan	0.000000	0.000000	0.000000	0.000000	0.000000	0.000000	0.000000	0.000000	0.000000	0.000000	0.000000	-71.104365	0.000000	0.000000	0.000000
1764624079.009550333	0.000000	0.000000	-0.550985	0.000000	0.000000	0.000000	0.000000	0.000000	nan	0.000000	0.000000	0.000000	0.000000	0.000000	0.000000	0.000000	0.000000	0.000000	0.000000	0.000000	-71.104365	0.000000	0.000000	0.000000
1764624079.020330906	0.000000	0.000000	-0.654064	0.000000	0.000000	0.000000	0.000000	0.000000	nan	0.000000	0.000000	0.000000	0.000000	0.000000	0.000000	0.000000	0.000000	0.000000	0.000000	0.000000	-71.104365	0.000000	0.000000	0.000000
1764624079.039652109	0.000000	0.000000	-0.632562	0.000000	0.000000	0.000000	0.000000	0.000000	nan	0.000000	0.000000	0.000000	0.000000	0.000000	0.000000	0.000000	0.000000	0.000000	0.000000	0.000000	-71.104365	0.000000	0.000000	0.000000
1764624079.045967817	0.000000	0.000000	-0.708578	0.000000	0.000000	0.000000	0.000000	0.000000	nan	0.000000	0.000000	0.000000	0.000000	0.000000	0.000000	0.000000	0.000000	0.000000	0.000000	0.000000	-71.104365	0.000000	0.000000	0.000000
1764624079.049871683	0.000000	0.000000	-0.749645	0.000000	0.000000	0.000000	0.000000	0.000000	nan	0.000000	0.000000	0.000000	0.000000	0.000000	0.000000	0.000000	0.000000	0.000000	0.000000	0.000000	-71.104365	0.000000	0.000000	0.000000
1764624079.076695442	0.000000	0.000000	-0.818109	0.000000	0.000000	0.000000	0.000000	0.000000	nan	0.000000	0.000000	0.000000	0.000000	0.000000	0.000000	0.000000	0.000000	0.000000	0.000000	0.000000	-71.104365	0.000000	0.000000	0.000000
1764624079.076718092	0.000000	0.000000	-0.723244	0.000000	0.000000	0.000000	0.000000	0.000000	nan	0.000000	0.000000	0.000000	0.000000	0.000000	0.000000	0.000000	0.000000	0.000000	0.000000	0.000000	-71.104365	0.000000	0.000000	0.000000
1764624079.079500437	0.000000	0.000000	-0.711329	0.000000	0.000000	0.000000	0.000000	0.000000	nan	0.000000	0.000000	0.000000	0.000000	0.000000	0.000000	0.000000	0.000000	0.000000	0.000000	0.000000	-71.104365	0.000000	0.000000	0.000000
1764624079.088905573	0.000000	0.000000	-0.611659	0.000000	0.000000	0.000000	0.000000	0.000000	nan	0.000000	0.000000	0.000000	0.000000	0.000000	0.000000	0.000000	0.000000	0.000000	0.000000	0.000000	-71.104365	0.000000	0.000000	0.000000
1764624079.115101576	0.000000	0.000000	-0.533713	0.000000	0.000000	0.000000	0.000000	0.000000	nan	0.000000	0.000000	0.000000	0.000000	0.000000	0.000000	0.000000	0.000000	0.000000	0.000000	0.000000	-71.104365	0.000000	0.000000	0.000000
1764624079.116918325	0.000000	0.000000	-0.522146	0.000000	0.000000	0.000000	0.000000	0.000000	nan	0.000000	0.000000	0.000000	0.000000	0.000000	0.000000	0.000000	0.000000	0.000000	0.000000	0.000000	-71.104365	0.000000	0.000000	0.000000
1764624079.119037390	0.000000	0.000000	-0.510727	0.000000	0.000000	0.000000	0.000000	0.000000	nan	0.000000	0.000000	0.000000	0.000000	0.000000	0.000000	0.000000	0.000000	0.000000	0.000000	0.000000	-71.104365	0.000000	0.000000	0.000000
1764624079.129214048	0.000000	0.000000	-0.443510	0.000000	0.000000	0.000000	0.000000	0.000000	nan	0.000000	0.000000	0.000000	0.000000	0.000000	0.000000	0.000000	0.000000	0.000000	0.000000	0.000000	-71.104365	0.000000	0.000000	0.000000
1764624079.154455900	0.000000	0.000000	-0.397566	0.000000	0.000000	0.000000	0.000000	0.000000	nan	0.000000	0.000000	0.000000	0.000000	0.000000	0.000000	0.000000	0.000000	0.000000	0.000000	0.000000	-71.104365	0.000000	0.000000	0.000000
1764624079.154461622	0.000000	0.000000	-0.428499	0.000000	0.000000	0.000000	0.000000	0.000000	nan	0.000000	0.000000	0.000000	0.000000	0.000000	0.000000	0.000000	0.000000	0.000000	0.000000	0.000000	-71.104365	0.000000	0.000000	0.000000
1764624079.158929825	0.000000	0.000000	-0.413948	0.000000	0.000000	0.000000	0.000000	0.000000	nan	0.000000	0.000000	0.000000	0.000000	0.000000	0.000000	0.000000	0.000000	0.000000	0.000000	0.000000	-71.104365	0.000000	0.000000	0.000000
1764624079.169988871	0.000000	0.000000	-0.446913	0.000000	0.000000	0.000000	0.000000	0.000000	nan	0.000000	0.000000	0.000000	0.000000	0.000000	0.000000	0.000000	0.000000	0.000000	0.000000	0.000000	-71.104365	0.000000	0.000000	0.000000
1764624079.193850994	0.000000	0.000000	-0.412365	0.000000	0.000000	0.000000	0.000000	0.000000	nan	0.000000	0.000000	0.000000	0.000000	0.000000	0.000000	0.000000	0.000000	0.000000	0.000000	0.000000	-71.104365	0.000000	0.000000	0.000000
1764624079.193864584	0.000000	0.000000	-0.421135	0.000000	0.000000	0.000000	0.000000	0.000000	nan	0.000000	0.000000	0.000000	0.000000	0.000000	0.000000	0.000000	0.000000	0.000000	0.000000	0.000000	-71.104365	0.000000	0.000000	0.000000
1764624079.198734045	0.000000	0.000000	-0.386694	0.000000	0.000000	0.000000	0.000000	0.000000	nan	0.000000	0.000000	0.000000	0.000000	0.000000	0.000000	0.000000	0.000000	0.000000	0.000000	0.000000	-71.104365	0.000000	0.000000	0.000000
1764624079.209264755	0.000000	0.000000	-0.435102	0.000000	0.000000	0.000000	0.000000	0.000000	nan	0.000000	0.000000	0.000000	0.000000	0.000000	0.000000	0.000000	0.000000	0.000000	0.000000	0.000000	-71.104365	0.000000	0.000000	0.000000
1764624079.234688044	0.000000	0.000000	-0.356248	0.000000	0.000000	0.000000	0.000000	0.000000	nan	0.000000	0.000000	0.000000	0.000000	0.000000	0.000000	0.000000	0.000000	0.000000	0.000000	0.000000	-71.104365	0.000000	0.000000	0.000000
1764624079.234699011	0.000000	0.000000	-0.489661	0.000000	0.000000	0.000000	0.000000	0.000000	nan	0.000000	0.000000	0.000000	0.000000	0.000000	0.000000	0.000000	0.000000	0.000000	0.000000	0.000000	-71.104365	0.000000	0.000000	0.000000
1764624079.239187717	0.000000	0.000000	-0.461524	0.000000	0.000000	0.000000	0.000000	0.000000	nan	0.000000	0.000000	0.000000	0.000000	0.000000	0.000000	0.000000	0.000000	0.000000	0.000000	0.000000	-71.104365	0.000000	0.000000	0.000000
1764624079.249248981	0.000000	0.000000	-0.282664	0.000000	0.000000	0.000000	0.000000	0.000000	nan	0.000000	0.000000	0.000000	0.000000	0.000000	0.000000	0.000000	0.000000	0.000000	0.000000	0.000000	-71.104365	0.000000	0.000000	0.000000
1764624079.269287825	0.000000	0.000000	-0.513309	0.000000	0.000000	0.000000	0.000000	0.000000	nan	0.000000	0.000000	0.000000	0.000000	0.000000	0.000000	0.000000	0.000000	0.000000	0.000000	0.000000	-71.104365	0.000000	0.000000	0.000000
1764624079.275205374	0.000000	0.000000	-0.407344	0.000000	0.000000	0.000000	0.000000	0.000000	nan	0.000000	0.000000	0.000000	0.000000	0.000000	0.000000	0.000000	0.000000	0.000000	0.000000	0.000000	-71.104365	0.000000	0.000000	0.000000
1764624079.279964685	0.000000	0.000000	-0.498209	0.000000	0.000000	0.000000	0.000000	0.000000	nan	0.000000	0.000000	0.000000	0.000000	0.000000	0.000000	0.000000	0.000000	0.000000	0.000000	0.000000	-71.104365	0.000000	0.000000	0.000000
1764624079.290219784	0.000000	0.000000	-0.291293	0.000000	0.000000	0.000000	0.000000	0.000000	nan	0.000000	0.000000	0.000000	0.000000	0.000000	0.000000	0.000000	0.000000	0.000000	0.000000	0.000000	-71.104365	0.000000	0.000000	0.000000
1764624079.314553499	0.000000	0.000000	-0.522712	0.000000	0.000000	0.000000	0.000000	0.000000	nan	0.000000	0.000000	0.000000	0.000000	0.000000	0.000000	0.000000	0.000000	0.000000	0.000000	0.000000	-71.104365	0.000000	0.000000	0.000000
1764624079.316305161	0.000000	0.000000	-0.362086	0.000000	0.000000	0.000000	0.000000	0.000000	nan	0.000000	0.000000	0.000000	0.000000	0.000000	0.000000	0.000000	0.000000	0.000000	0.000000	0.000000	-71.104365	0.000000	0.000000	0.000000
1764624079.322108030	0.000000	0.000000	-0.349273	0.000000	0.000000	0.000000	0.000000	0.000000	nan	0.000000	0.000000	0.000000	0.000000	0.000000	0.000000	0.000000	0.000000	0.000000	0.000000	0.000000	-71.104365	0.000000	0.000000	0.000000
1764624079.329628706	0.000000	0.000000	-0.467757	0.000000	0.000000	0.000000	0.000000	0.000000	nan	0.000000	0.000000	0.000000	0.000000	0.000000	0.000000	0.000000	0.000000	0.000000	0.000000	0.000000	-71.104365	0.000000	0.000000	0.000000
1764624079.354489088	0.000000	0.000000	-0.353248	0.000000	0.000000	0.000000	0.000000	0.000000	nan	0.000000	0.000000	0.000000	0.000000	0.000000	0.000000	0.000000	0.000000	0.000000	0.000000	0.000000	-71.104365	0.000000	0.000000	0.000000
1764624079.357160807	0.000000	0.000000	-0.276225	0.000000	0.000000	0.000000	0.000000	0.000000	nan	0.000000	0.000000	0.000000	0.000000	0.000000	0.000000	0.000000	0.000000	0.000000	0.000000	0.000000	-71.104365	0.000000	0.000000	0.000000
1764624079.358969927	0.000000	0.000000	-0.446184	0.000000	0.000000	0.000000	0.000000	0.000000	nan	0.000000	0.000000	0.000000	0.000000	0.000000	0.000000	0.000000	0.000000	0.000000	0.000000	0.000000	-71.104365	0.000000	0.000000	0.000000
1764624079.369237661	0.000000	0.000000	-0.234270	0.000000	0.000000	0.000000	0.000000	0.000000	nan	0.000000	0.000000	0.000000	0.000000	0.000000	0.000000	0.000000	0.000000	0.000000	0.000000	0.000000	-71.104365	0.000000	0.000000	0.000000
1764624079.379863977	0.000000	0.000000	-0.451527	0.000000	0.000000	0.000000	0.000000	0.000000	nan	0.000000	0.000000	0.000000	0.000000	0.000000	0.000000	0.000000	0.000000	0.000000	0.000000	0.000000	-71.104365	0.000000	0.000000	0.000000
1764624079.389419317	0.000000	0.000000	-0.176879	0.000000	0.000000	0.000000	0.000000	0.000000	nan	0.000000	0.000000	0.000000	0.000000	0.000000	0.000000	0.000000	0.000000	0.000000	0.000000	0.000000	-71.104365	0.000000	0.000000	0.000000
1764624079.406299353	0.000000	0.000000	-0.125432	0.000000	0.000000	0.000000	0.000000	0.000000	nan	0.000000	0.000000	0.000000	0.000000	0.000000	0.000000	0.000000	0.000000	0.000000	0.000000	0.000000	-71.104365	0.000000	0.000000	0.000000
1764624079.409309626	0.000000	0.000000	-0.331027	0.000000	0.000000	0.000000	0.000000	0.000000	nan	0.000000	0.000000	0.000000	0.000000	0.000000	0.000000	0.000000	0.000000	0.000000	0.000000	0.000000	-71.104365	0.000000	0.000000	0.000000
1764624079.428913593	0.000000	0.000000	-0.246354	0.000000	0.000000	0.000000	0.000000	0.000000	nan	0.000000	0.000000	0.000000	0.000000	0.000000	0.000000	0.000000	0.000000	0.000000	0.000000	0.000000	-71.104365	0.000000	0.000000	0.000000
1764624079.436414242	0.000000	0.000000	-0.138187	0.000000	0.000000	0.000000	0.000000	0.000000	nan	0.000000	0.000000	0.000000	0.000000	0.000000	0.000000	0.000000	0.000000	0.000000	0.000000	0.000000	-71.104365	0.000000	0.000000	0.000000
1764624079.438940287	0.000000	0.000000	-0.262066	0.000000	0.000000	0.000000	0.000000	0.000000	nan	0.000000	0.000000	0.000000	0.000000	0.000000	0.000000	0.000000	0.000000	0.000000	0.000000	0.000000	-71.104365	0.000000	0.000000	0.000000
1764624079.449969292	0.000000	0.000000	-0.319435	0.000000	0.000000	0.000000	0.000000	0.000000	nan	0.000000	0.000000	0.000000	0.000000	0.000000	0.000000	0.000000	0.000000	0.000000	0.000000	0.000000	-71.104365	0.000000	0.000000	0.000000
1764624079.459933281	0.000000	0.000000	-0.244714	0.000000	0.000000	0.000000	0.000000	0.000000	nan	0.000000	0.000000	0.000000	0.000000	0.000000	0.000000	0.000000	0.000000	0.000000	0.000000	0.000000	-71.104365	0.000000	0.000000	0.000000
1764624079.479757786	0.000000	0.000000	-0.213627	0.000000	0.000000	0.000000	0.000000	0.000000	nan	0.000000	0.000000	0.000000	0.000000	0.000000	0.000000	0.000000	0.000000	0.000000	0.000000	0.000000	-71.104365	0.000000	0.000000	0.000000
1764624079.485265017	0.000000	0.000000	-0.145217	0.000000	0.000000	0.000000	0.000000	0.000000	nan	0.000000	0.000000	0.000000	0.000000	0.000000	0.000000	0.000000	0.000000	0.000000	0.000000	0.000000	-71.104365	0.000000	0.000000	0.000000
1764624079.489600897	0.000000	0.000000	-0.370489	0.000000	0.000000	0.000000	0.000000	0.000000	nan	0.000000	0.000000	0.000000	0.000000	0.000000	0.000000	0.000000	0.000000	0.000000	0.000000	0.000000	-71.104365	0.000000	0.000000	0.000000
1764624079.508443356	0.000000	0.000000	-0.221251	0.000000	0.000000	0.000000	0.000000	0.000000	nan	0.000000	0.000000	0.000000	0.000000	0.000000	0.000000	0.000000	0.000000	0.000000	0.000000	0.000000	-71.104365	0.000000	0.000000	0.000000
1764624079.510225773	0.000000	0.000000	-0.161750	0.000000	0.000000	0.000000	0.000000	0.000000	nan	0.000000	0.000000	0.000000	0.000000	0.000000	0.000000	0.000000	0.000000	0.000000	0.000000	0.000000	-71.104365	0.000000	0.000000	0.000000
1764624079.519502640	0.000000	0.000000	-0.344071	0.000000	0.000000	0.000000	0.000000	0.000000	nan	0.000000	0.000000	0.000000	0.000000	0.000000	0.000000	0.000000	0.000000	0.000000	0.000000	0.000000	-71.104365	0.000000	0.000000	0.000000
1764624079.529249191	0.000000	0.000000	-0.110129	0.000000	0.000000	0.000000	0.000000	0.000000	nan	0.000000	0.000000	0.000000	0.000000	0.000000	0.000000	0.000000	0.000000	0.000000	0.000000	0.000000	-71.104365	0.000000	0.000000	0.000000
1764624079.539295435	0.000000	0.000000	-0.380710	0.000000	0.000000	0.000000	0.000000	0.000000	nan	0.000000	0.000000	0.000000	0.000000	0.000000	0.000000	0.000000	0.000000	0.000000	0.000000	0.000000	-71.104365	0.000000	0.000000	0.000000
1764624079.562885761	0.000000	0.000000	-0.096073	0.000000	0.000000	0.000000	0.000000	0.000000	nan	0.000000	0.000000	0.000000	0.000000	0.000000	0.000000	0.000000	0.000000	0.000000	0.000000	0.000000	-71.104365	0.000000	0.000000	0.000000
1764624079.569450617	0.000000	0.000000	-0.236540	0.000000	0.000000	0.000000	0.000000	0.000000	nan	0.000000	0.000000	0.000000	0.000000	0.000000	0.000000	0.000000	0.000000	0.000000	0.000000	0.000000	-71.104365	0.000000	0.000000	0.000000
1764624079.589980841	0.000000	0.000000	-0.143638	0.000000	0.000000	0.000000	0.000000	0.000000	nan	0.000000	0.000000	0.000000	0.000000	0.000000	0.000000	0.000000	0.000000	0.000000	0.000000	0.000000	-71.104365	0.000000	0.000000	0.000000
1764624079.593598366	0.000000	0.000000	-0.254551	0.000000	0.000000	0.000000	0.000000	0.000000	nan	0.000000	0.000000	0.000000	0.000000	0.000000	0.000000	0.000000	0.000000	0.000000	0.000000	0.000000	-71.104365	0.000000	0.000000	0.000000
1764624079.598772049	0.000000	0.000000	-0.272382	0.000000	0.000000	0.000000	0.000000	0.000000	nan	0.000000	0.000000	0.000000	0.000000	0.000000	0.000000	0.000000	0.000000	0.000000	0.000000	0.000000	-71.104365	0.000000	0.000000	0.000000
1764624079.609429121	0.000000	0.000000	-0.108139	0.000000	0.000000	0.000000	0.000000	0.000000	nan	0.000000	0.000000	0.000000	0.000000	0.000000	0.000000	0.000000	0.000000	0.000000	0.000000	0.000000	-71.104365	0.000000	0.000000	0.000000
1764624079.618982553	0.000000	0.000000	-0.269342	0.000000	0.000000	0.000000	0.000000	0.000000	nan	0.000000	0.000000	0.000000	0.000000	0.000000	0.000000	0.000000	0.000000	0.000000	0.000000	0.000000	-71.104365	0.000000	0.000000	0.000000
1764624079.643908262	0.000000	0.000000	-0.093524	0.000000	0.000000	0.000000	0.000000	0.000000	nan	0.000000	0.000000	0.000000	0.000000	0.000000	0.000000	0.000000	0.000000	0.000000	0.000000	0.000000	-71.104365	0.000000	0.000000	0.000000
1764624079.645200729	0.000000	0.000000	-0.069901	0.000000	0.000000	0.000000	0.000000	0.000000	nan	0.000000	0.000000	0.000000	0.000000	0.000000	0.000000	0.000000	0.000000	0.000000	0.000000	0.000000	-71.104365	0.000000	0.000000	0.000000
1764624079.655829906	0.000000	0.000000	-0.192295	0.000000	0.000000	0.000000	0.000000	0.000000	nan	0.000000	0.000000	0.000000	0.000000	0.000000	0.000000	0.000000	0.000000	0.000000	0.000000	0.000000	-71.104365	0.000000	0.000000	0.000000
1764624079.659063339	0.000000	0.000000	-0.255012	0.000000	0.000000	0.000000	0.000000	0.000000	nan	0.000000	0.000000	0.000000	0.000000	0.000000	0.000000	0.000000	0.000000	0.000000	0.000000	0.000000	-71.104365	0.000000	0.000000	0.000000
1764624079.669668436	0.000000	0.000000	-0.175437	0.000000	0.000000	0.000000	0.000000	0.000000	nan	0.000000	0.000000	0.000000	0.000000	0.000000	0.000000	0.000000	0.000000	0.000000	0.000000	0.000000	-71.104365	0.000000	0.000000	0.000000
1764624079.679533720	0.000000	0.000000	-0.282095	0.000000	0.000000	0.000000	0.000000	0.000000	nan	0.000000	0.000000	0.000000	0.000000	0.000000	0.000000	0.000000	0.000000	0.000000	0.000000	0.000000	-71.104365	0.000000	0.000000	0.000000
1764624079.689508200	0.000000	0.000000	0.027277	0.000000	0.000000	0.000000	0.000000	0.000000	nan	0.000000	0.000000	0.000000	0.000000	0.000000	0.000000	0.000000	0.000000	0.000000	0.000000	0.000000	-71.104365	0.000000	0.000000	0.000000
1764624079.698317051	0.000000	0.000000	-0.346299	0.000000	0.000000	0.000000	0.000000	0.000000	nan	0.000000	0.000000	0.000000	0.000000	0.000000	0.000000	0.000000	0.000000	0.000000	0.000000	0.000000	-71.104365	0.000000	0.000000	0.000000
1764624079.717159033	0.000000	0.000000	-0.084797	0.000000	0.000000	0.000000	0.000000	0.000000	nan	0.000000	0.000000	0.000000	0.000000	0.000000	0.000000	0.000000	0.000000	0.000000	0.000000	0.000000	-71.104365	0.000000	0.000000	0.000000
1764624079.719160795	0.000000	0.000000	-0.066462	0.000000	0.000000	0.000000	0.000000	0.000000	nan	0.000000	0.000000	0.000000	0.000000	0.000000	0.000000	0.000000	0.000000	0.000000	0.000000	0.000000	-71.104365	0.000000	0.000000	0.000000
1764624079.729891539	0.000000	0.000000	-0.349629	0.000000	0.000000	0.000000	0.000000	0.000000	nan	0.000000	0.000000	0.000000	0.000000	0.000000	0.000000	0.000000	0.000000	0.000000	0.000000	0.000000	-71.104365	0.000000	0.000000	0.000000
1764624079.739487171	0.000000	0.000000	-0.134736	0.000000	0.000000	0.000000	0.000000	0.000000	nan	0.000000	0.000000	0.000000	0.000000	0.000000	0.000000	0.000000	0.000000	0.000000	0.000000	0.000000	-71.104365	0.000000	0.000000	0.000000
1764624079.749867201	0.000000	0.000000	-0.253568	0.000000	0.000000	0.000000	0.000000	0.000000	nan	0.000000	0.000000	0.000000	0.000000	0.000000	0.000000	0.000000	0.000000	0.000000	0.000000	0.000000	-71.104365	0.000000	0.000000	0.000000
1764624079.763137341	0.000000	0.000000	-0.325878	0.000000	0.000000	0.000000	0.000000	0.000000	nan	0.000000	0.000000	0.000000	0.000000	0.000000	0.000000	0.000000	0.000000	0.000000	0.000000	0.000000	-71.104365	0.000000	0.000000	0.000000
1764624079.776643991	0.000000	0.000000	-0.004643	0.000000	0.000000	0.000000	0.000000	0.000000	nan	0.000000	0.000000	0.000000	0.000000	0.000000	0.000000	0.000000	0.000000	0.000000	0.000000	0.000000	-71.104365	0.000000	0.000000	0.000000
1764624079.788360596	0.000000	0.000000	-0.362324	0.000000	0.000000	0.000000	0.000000	0.000000	nan	0.000000	0.000000	0.000000	0.000000	0.000000	0.000000	0.000000	0.000000	0.000000	0.000000	0.000000	-71.104365	0.000000	0.000000	0.000000
1764624079.795868158	0.000000	0.000000	-0.141082	0.000000	0.000000	0.000000	0.000000	0.000000	nan	0.000000	0.000000	0.000000	0.000000	0.000000	0.000000	0.000000	0.000000	0.000000	0.000000	0.000000	-71.104365	0.000000	0.000000	0.000000
1764624079.799010754	0.000000	0.000000	-0.134147	0.000000	0.000000	0.000000	0.000000	0.000000	nan	0.000000	0.000000	0.000000	0.000000	0.000000	0.000000	0.000000	0.000000	0.000000	0.000000	0.000000	-71.104365	0.000000	0.000000	0.000000
1764624079.809972763	0.000000	0.000000	-0.216450	0.000000	0.000000	0.000000	0.000000	0.000000	nan	0.000000	0.000000	0.000000	0.000000	0.000000	0.000000	0.000000	0.000000	0.000000	0.000000	0.000000	-71.104365	0.000000	0.000000	0.000000
1764624079.827685118	0.000000	0.000000	-0.229945	0.000000	0.000000	0.000000	0.000000	0.000000	nan	0.000000	0.000000	0.000000	0.000000	0.000000	0.000000	0.000000	0.000000	0.000000	0.000000	0.000000	-71.104365	0.000000	0.000000	0.000000
1764624079.829559088	0.000000	0.000000	-0.345194	0.000000	0.000000	0.000000	0.000000	0.000000	nan	0.000000	0.000000	0.000000	0.000000	0.000000	0.000000	0.000000	0.000000	0.000000	0.000000	0.000000	-71.104365	0.000000	0.000000	0.000000
1764624079.839651108	0.000000	0.000000	-0.175958	0.000000	0.000000	0.000000	0.000000	0.000000	nan	0.000000	0.000000	0.000000	0.000000	0.000000	0.000000	0.000000	0.000000	0.000000	0.000000	0.000000	-71.104365	0.000000	0.000000	0.000000
1764624079.848701715	0.000000	0.000000	0.003455	0.000000	0.000000	0.000000	0.000000	0.000000	nan	0.000000	0.000000	0.000000	0.000000	0.000000	0.000000	0.000000	0.000000	0.000000	0.000000	0.000000	-71.104365	0.000000	0.000000	0.000000
1764624079.859605074	0.000000	0.000000	-0.368669	0.000000	0.000000	0.000000	0.000000	0.000000	nan	0.000000	0.000000	0.000000	0.000000	0.000000	0.000000	0.000000	0.000000	0.000000	0.000000	0.000000	-71.104365	0.000000	0.000000	0.000000
1764624079.878338575	0.000000	0.000000	-0.145429	0.000000	0.000000	0.000000	0.000000	0.000000	nan	0.000000	0.000000	0.000000	0.000000	0.000000	0.000000	0.000000	0.000000	0.000000	0.000000	0.000000	-71.104365	0.000000	0.000000	0.000000
1764624079.879368782	0.000000	0.000000	-0.137271	0.000000	0.000000	0.000000	0.000000	0.000000	nan	0.000000	0.000000	0.000000	0.000000	0.000000	0.000000	0.000000	0.000000	0.000000	0.000000	0.000000	-71.104365	0.000000	0.000000	0.000000
1764624079.889299631	0.000000	0.000000	-0.344597	0.000000	0.000000	0.000000	0.000000	0.000000	nan	0.000000	0.000000	0.000000	0.000000	0.000000	0.000000	0.000000	0.000000	0.000000	0.000000	0.000000	-71.104365	0.000000	0.000000	0.000000
1764624079.913720131	0.000000	0.000000	-0.149718	0.000000	0.000000	0.000000	0.000000	0.000000	nan	0.000000	0.000000	0.000000	0.000000	0.000000	0.000000	0.000000	0.000000	0.000000	0.000000	0.000000	-71.104365	0.000000	0.000000	0.000000
1764624079.915860891	0.000000	0.000000	-0.407121	0.000000	0.000000	0.000000	0.000000	0.000000	nan	0.000000	0.000000	0.000000	0.000000	0.000000	0.000000	0.000000	0.000000	0.000000	0.000000	0.000000	-71.104365	0.000000	0.000000	0.000000
1764624079.919016600	0.000000	0.000000	-0.149656	0.000000	0.000000	0.000000	0.000000	0.000000	nan	0.000000	0.000000	0.000000	0.000000	0.000000	0.000000	0.000000	0.000000	0.000000	0.000000	0.000000	-71.104365	0.000000	0.000000	0.000000
1764624079.928933859	0.000000	0.000000	-0.100939	0.000000	0.000000	0.000000	0.000000	0.000000	nan	0.000000	0.000000	0.000000	0.000000	0.000000	0.000000	0.000000	0.000000	0.000000	0.000000	0.000000	-71.104365	0.000000	0.000000	0.000000
1764624079.939943790	0.000000	0.000000	-0.354194	0.000000	0.000000	0.000000	0.000000	0.000000	nan	0.000000	0.000000	0.000000	0.000000	0.000000	0.000000	0.000000	0.000000	0.000000	0.000000	0.000000	-71.104365	0.000000	0.000000	0.000000
1764624079.949273825	0.000000	0.000000	-0.083985	0.000000	0.000000	0.000000	0.000000	0.000000	nan	0.000000	0.000000	0.000000	0.000000	0.000000	0.000000	0.000000	0.000000	0.000000	0.000000	0.000000	-71.104365	0.000000	0.000000	0.000000
1764624079.964849472	0.000000	0.000000	-0.165339	0.000000	0.000000	0.000000	0.000000	0.000000	nan	0.000000	0.000000	0.000000	0.000000	0.000000	0.000000	0.000000	0.000000	0.000000	0.000000	0.000000	-71.104365	0.000000	0.000000	0.000000
1764624079.968867540	0.000000	0.000000	-0.243630	0.000000	0.000000	0.000000	0.000000	0.000000	nan	0.000000	0.000000	0.000000	0.000000	0.000000	0.000000	0.000000	0.000000	0.000000	0.000000	0.000000	-71.104365	0.000000	0.000000	0.000000
1764624079.980104923	0.000000	0.000000	-0.156899	0.000000	0.000000	0.000000	0.000000	0.000000	nan	0.000000	0.000000	0.000000	0.000000	0.000000	0.000000	0.000000	0.000000	0.000000	0.000000	0.000000	-71.104365	0.000000	0.000000	0.000000
1764624079.993391752	0.000000	0.000000	-0.300673	0.000000	0.000000	0.000000	0.000000	0.000000	nan	0.000000	0.000000	0.000000	0.000000	0.000000	0.000000	0.000000	0.000000	0.000000	0.000000	0.000000	-71.104365	0.000000	0.000000	0.000000
1764624079.999072790	0.000000	0.000000	-0.280594	0.000000	0.000000	0.000000	0.000000	0.000000	nan	0.000000	0.000000	0.000000	0.000000	0.000000	0.000000	0.000000	0.000000	0.000000	0.000000	0.000000	-71.104365	0.000000	0.000000	0.000000
1764624080.008691788	0.000000	0.000000	-0.051230	0.000000	0.000000	0.000000	0.000000	0.000000	nan	0.000000	0.000000	0.000000	0.000000	0.000000	0.000000	0.000000	0.000000	0.000000	0.000000	0.000000	-71.104365	0.000000	0.000000	0.000000
1764624080.019180298	0.000000	0.000000	-0.428911	0.000000	0.000000	0.000000	0.000000	0.000000	nan	0.000000	0.000000	0.000000	0.000000	0.000000	0.000000	0.000000	0.000000	0.000000	0.000000	0.000000	-71.104365	0.000000	0.000000	0.000000
1764624080.029683113	0.000000	0.000000	-0.157516	0.000000	0.000000	0.000000	0.000000	0.000000	nan	0.000000	0.000000	0.000000	0.000000	0.000000	0.000000	0.000000	0.000000	0.000000	0.000000	0.000000	-71.104365	0.000000	0.000000	0.000000
1764624080.041697979	0.000000	0.000000	-0.231233	0.000000	0.000000	0.000000	0.000000	0.000000	nan	0.000000	0.000000	0.000000	0.000000	0.000000	0.000000	0.000000	0.000000	0.000000	0.000000	0.000000	0.000000	0.000000	0.000000	0.000000
1764624080.049372435	0.000000	0.000000	-0.272907	0.000000	0.000000	0.000000	0.000000	0.000000	nan	0.000000	0.000000	0.000000	0.000000	0.000000	0.000000	0.000000	0.000000	0.000000	0.000000	0.000000	0.000000	0.000000	0.000000	0.000000
1764624080.074792624	0.000000	0.000000	-0.232002	0.000000	0.000000	0.000000	0.000000	0.000000	nan	0.000000	0.000000	0.000000	0.000000	0.000000	0.000000	0.000000	0.000000	0.000000	0.000000	0.000000	0.000000	0.000000	0.000000	0.000000
1764624080.076212406	0.000000	0.000000	-0.288804	0.000000	0.000000	0.000000	0.000000	0.000000	nan	0.000000	0.000000	0.000000	0.000000	0.000000	0.000000	0.000000	0.000000	0.000000	0.000000	0.000000	0.000000	0.000000	0.000000	0.000000
1764624080.079386473	0.000000	0.000000	-0.242718	0.000000	0.000000	0.000000	0.000000	0.000000	nan	0.000000	0.000000	0.000000	0.000000	0.000000	0.000000	0.000000	0.000000	0.000000	0.000000	0.000000	0.000000	0.000000	0.000000	0.000000
1764624080.090810061	0.000000	0.000000	0.024364	0.000000	0.000000	0.000000	0.000000	0.000000	nan	0.000000	0.000000	0.000000	0.000000	0.000000	0.000000	0.000000	0.000000	0.000000	0.000000	0.000000	0.000000	0.000000	0.000000	0.000000
1764624080.098147154	0.000000	0.000000	-0.330790	0.000000	0.000000	0.000000	0.000000	0.000000	nan	0.000000	0.000000	0.000000	0.000000	0.000000	0.000000	0.000000	0.000000	0.000000	0.000000	0.000000	0.000000	0.000000	0.000000	0.000000
1764624080.118043661	0.000000	0.000000	-0.099008	0.000000	0.000000	0.000000	0.000000	0.000000	nan	0.000000	0.000000	0.000000	0.000000	0.000000	0.000000	0.000000	0.000000	0.000000	0.000000	0.000000	0.000000	0.000000	0.000000	0.000000
1764624080.126526356	0.000000	0.000000	-0.187028	0.000000	0.000000	0.000000	0.000000	0.000000	nan	0.000000	0.000000	0.000000	0.000000	0.000000	0.000000	0.000000	0.000000	0.000000	0.000000	0.000000	0.000000	0.000000	0.000000	0.000000
1764624080.129020452	0.000000	0.000000	-0.364656	0.000000	0.000000	0.000000	0.000000	0.000000	nan	0.000000	0.000000	0.000000	0.000000	0.000000	0.000000	0.000000	0.000000	0.000000	0.000000	0.000000	0.000000	0.000000	0.000000	0.000000
1764624080.139344931	0.000000	0.000000	-0.022606	0.000000	0.000000	0.000000	0.000000	0.000000	nan	0.000000	0.000000	0.000000	0.000000	0.000000	0.000000	0.000000	0.000000	0.000000	0.000000	0.000000	0.000000	0.000000	0.000000	0.000000
1764624080.158448219	0.000000	0.000000	0.084288	0.000000	0.000000	0.000000	0.000000	0.000000	nan	0.000000	0.000000	0.000000	0.000000	0.000000	0.000000	0.000000	0.000000	0.000000	0.000000	0.000000	0.000000	0.000000	0.000000	0.000000
1764624080.159712315	0.000000	0.000000	0.154931	0.000000	0.000000	0.000000	0.000000	0.000000	nan	0.000000	0.000000	0.000000	0.000000	0.000000	0.000000	0.000000	0.000000	0.000000	0.000000	0.000000	0.000000	0.000000	0.000000	0.000000
1764624080.170670033	0.000000	0.000000	0.399046	0.000000	0.000000	0.000000	0.000000	0.000000	nan	0.000000	0.000000	0.000000	0.000000	0.000000	0.000000	0.000000	0.000000	0.000000	0.000000	0.000000	0.000000	0.000000	0.000000	0.000000
1764624080.178969383	0.000000	0.000000	0.306613	0.000000	0.000000	0.000000	0.000000	0.000000	nan	0.000000	0.000000	0.000000	0.000000	0.000000	0.000000	0.000000	0.000000	0.000000	0.000000	0.000000	0.000000	0.000000	0.000000	0.000000
1764624080.189696550	0.000000	0.000000	0.454934	0.000000	0.000000	0.000000	0.000000	0.000000	nan	0.000000	0.000000	0.000000	0.000000	0.000000	0.000000	0.000000	0.000000	0.000000	0.000000	0.000000	0.000000	0.000000	0.000000	0.000000
1764624080.203414440	0.000000	0.000000	0.354076	0.000000	0.000000	0.000000	0.000000	0.000000	nan	0.000000	0.000000	0.000000	0.000000	0.000000	0.000000	0.000000	0.000000	0.000000	0.000000	0.000000	0.000000	0.000000	0.000000	0.000000
1764624080.209752798	0.000000	0.000000	0.652700	0.000000	0.000000	0.000000	0.000000	0.000000	nan	0.000000	0.000000	0.000000	0.000000	0.000000	0.000000	0.000000	0.000000	0.000000	0.000000	0.000000	0.000000	0.000000	0.000000	0.000000
1764624080.219231367	0.000000	0.000000	0.561784	0.000000	0.000000	0.000000	0.000000	0.000000	nan	0.000000	0.000000	0.000000	0.000000	0.000000	0.000000	0.000000	0.000000	0.000000	0.000000	0.000000	0.000000	0.000000	0.000000	0.000000
1764624080.237980127	0.000000	0.000000	0.477835	0.000000	0.000000	0.000000	0.000000	0.000000	nan	0.000000	0.000000	0.000000	0.000000	0.000000	0.000000	0.000000	0.000000	0.000000	0.000000	0.000000	0.000000	0.000000	0.000000	0.000000
1764624080.239294767	0.000000	0.000000	0.726972	0.000000	0.000000	0.000000	0.000000	0.000000	nan	0.000000	0.000000	0.000000	0.000000	0.000000	0.000000	0.000000	0.000000	0.000000	0.000000	0.000000	0.000000	0.000000	0.000000	0.000000
1764624080.249668837	0.000000	0.000000	0.438051	0.000000	0.000000	0.000000	0.000000	0.000000	nan	0.000000	0.000000	0.000000	0.000000	0.000000	0.000000	0.000000	0.000000	0.000000	0.000000	0.000000	0.000000	0.000000	0.000000	0.000000
1764624080.259641647	0.000000	0.000000	0.679617	0.000000	0.000000	0.000000	0.000000	0.000000	nan	0.000000	0.000000	0.000000	0.000000	0.000000	0.000000	0.000000	0.000000	0.000000	0.000000	0.000000	0.000000	0.000000	0.000000	0.000000
1764624080.276354313	0.000000	0.000000	0.481775	0.000000	0.000000	0.000000	0.000000	0.000000	nan	0.000000	0.000000	0.000000	0.000000	0.000000	0.000000	0.000000	0.000000	0.000000	0.000000	0.000000	0.000000	0.000000	0.000000	0.000000
1764624080.278852463	0.000000	0.000000	0.578870	0.000000	0.000000	0.000000	0.000000	0.000000	nan	0.000000	0.000000	0.000000	0.000000	0.000000	0.000000	0.000000	0.000000	0.000000	0.000000	0.000000	0.000000	0.000000	0.000000	0.000000
1764624080.288697243	0.000000	0.000000	0.525969	0.000000	0.000000	0.000000	0.000000	0.000000	nan	0.000000	0.000000	0.000000	0.000000	0.000000	0.000000	0.000000	0.000000	0.000000	0.000000	0.000000	0.000000	0.000000	0.000000	0.000000
1764624080.298731089	0.000000	0.000000	0.580145	0.000000	0.000000	0.000000	0.000000	0.000000	nan	0.000000	0.000000	0.000000	0.000000	0.000000	0.000000	0.000000	0.000000	0.000000	0.000000	0.000000	0.000000	0.000000	0.000000	0.000000
1764624080.308535099	0.000000	0.000000	0.524321	0.000000	0.000000	0.000000	0.000000	0.000000	nan	0.000000	0.000000	0.000000	0.000000	0.000000	0.000000	0.000000	0.000000	0.000000	0.000000	0.000000	0.000000	0.000000	0.000000	0.000000
1764624080.323425531	0.000000	0.000000	0.597888	0.000000	0.000000	0.000000	0.000000	0.000000	nan	0.000000	0.000000	0.000000	0.000000	0.000000	0.000000	0.000000	0.000000	0.000000	0.000000	0.000000	0.000000	0.000000	0.000000	0.000000
1764624080.329072714	0.000000	0.000000	0.396727	0.000000	0.000000	0.000000	0.000000	0.000000	nan	0.000000	0.000000	0.000000	0.000000	0.000000	0.000000	0.000000	0.000000	0.000000	0.000000	0.000000	0.000000	0.000000	0.000000	0.000000
1764624080.341352701	0.000000	0.000000	0.655607	0.000000	0.000000	0.000000	0.000000	0.000000	nan	0.000000	0.000000	0.000000	0.000000	0.000000	0.000000	0.000000	0.000000	0.000000	0.000000	0.000000	0.000000	0.000000	0.000000	0.000000
1764624080.353670597	0.000000	0.000000	0.386077	0.000000	0.000000	0.000000	0.000000	0.000000	nan	0.000000	0.000000	0.000000	0.000000	0.000000	0.000000	0.000000	0.000000	0.000000	0.000000	0.000000	0.000000	0.000000	0.000000	0.000000
1764624080.358844280	0.000000	0.000000	0.445750	0.000000	0.000000	0.000000	0.000000	0.000000	nan	0.000000	0.000000	0.000000	0.000000	0.000000	0.000000	0.000000	0.000000	0.000000	0.000000	0.000000	0.000000	0.000000	0.000000	0.000000
1764624080.368912935	0.000000	0.000000	0.429579	0.000000	0.000000	0.000000	0.000000	0.000000	nan	0.000000	0.000000	0.000000	0.000000	0.000000	0.000000	0.000000	0.000000	0.000000	0.000000	0.000000	0.000000	0.000000	0.000000	0.000000
1764624080.380061150	0.000000	0.000000	0.433255	0.000000	0.000000	0.000000	0.000000	0.000000	nan	0.000000	0.000000	0.000000	0.000000	0.000000	0.000000	0.000000	0.000000	0.000000	0.000000	0.000000	88.716760	0.000000	0.000000	0.000000
1764624080.389697313	0.000000	0.000000	0.412865	0.000000	0.000000	0.000000	0.000000	0.000000	nan	0.000000	0.000000	0.000000	0.000000	0.000000	0.000000	0.000000	0.000000	0.000000	0.000000	0.000000	88.716760	0.000000	0.000000	0.000000
1764624080.409141779	0.000000	0.000000	0.400093	0.000000	0.000000	0.000000	0.000000	0.000000	nan	0.000000	0.000000	0.000000	0.000000	0.000000	0.000000	0.000000	0.000000	0.000000	0.000000	0.000000	88.716760	0.000000	0.000000	0.000000
1764624080.409149408	0.000000	0.000000	0.362427	0.000000	0.000000	0.000000	0.000000	0.000000	nan	0.000000	0.000000	0.000000	0.000000	0.000000	0.000000	0.000000	0.000000	0.000000	0.000000	0.000000	88.716760	0.000000	0.000000	0.000000
1764624080.427949429	0.000000	0.000000	0.356845	0.000000	0.000000	0.000000	0.000000	0.000000	nan	0.000000	0.000000	0.000000	0.000000	0.000000	0.000000	0.000000	0.000000	0.000000	0.000000	0.000000	88.716760	0.000000	0.000000	0.000000
1764624080.435593843	0.000000	0.000000	0.352358	0.000000	0.000000	0.000000	0.000000	0.000000	nan	0.000000	0.000000	0.000000	0.000000	0.000000	0.000000	0.000000	0.000000	0.000000	0.000000	0.000000	88.716760	0.000000	0.000000	0.000000
1764624080.438637495	0.000000	0.000000	0.350927	0.000000	0.000000	0.000000	0.000000	0.000000	nan	0.000000	0.000000	0.000000	0.000000	0.000000	0.000000	0.000000	0.000000	0.000000	0.000000	0.000000	88.716760	0.000000	0.000000	0.000000
1764624080.449499846	0.000000	0.000000	0.348721	0.000000	0.000000	0.000000	0.000000	0.000000	nan	0.000000	0.000000	0.000000	0.000000	0.000000	0.000000	0.000000	0.000000	0.000000	0.000000	0.000000	88.716760	0.000000	0.000000	0.000000
1764624080.459476948	0.000000	0.000000	0.301807	0.000000	0.000000	0.000000	0.000000	0.000000	nan	0.000000	0.000000	0.000000	0.000000	0.000000	0.000000	0.000000	0.000000	0.000000	0.000000	0.000000	88.716760	0.000000	0.000000	0.000000
1764624080.469873428	0.000000	0.000000	0.304973	0.000000	0.000000	0.000000	0.000000	0.000000	nan	0.000000	0.000000	0.000000	0.000000	0.000000	0.000000	0.000000	0.000000	0.000000	0.000000	0.000000	88.716760	0.000000	0.000000	0.000000
1764624080.489309788	0.000000	0.000000	0.291654	0.000000	0.000000	0.000000	0.000000	0.000000	nan	0.000000	0.000000	0.000000	0.000000	0.000000	0.000000	0.000000	0.000000	0.000000	0.000000	0.000000	88.716760	0.000000	0.000000	0.000000
1764624080.490851164	0.000000	0.000000	0.300707	0.000000	0.000000	0.000000	0.000000	0.000000	nan	0.000000	0.000000	0.000000	0.000000	0.000000	0.000000	0.000000	0.000000	0.000000	0.000000	0.000000	88.716760	0.000000	0.000000	0.000000
1764624080.498909712	0.000000	0.000000	0.337280	0.000000	0.000000	0.000000	0.000000	0.000000	nan	0.000000	0.000000	0.000000	0.000000	0.000000	0.000000	0.000000	0.000000	0.000000	0.000000	0.000000	88.716760	0.000000	0.000000	0.000000
1764624080.513803482	0.000000	0.000000	0.336921	0.000000	0.000000	0.000000	0.000000	0.000000	nan	0.000000	0.000000	0.000000	0.000000	0.000000	0.000000	0.000000	0.000000	0.000000	0.000000	0.000000	88.716760	0.000000	0.000000	0.000000
1764624080.519688606	0.000000	0.000000	0.382824	0.000000	0.000000	0.000000	0.000000	0.000000	nan	0.000000	0.000000	0.000000	0.000000	0.000000	0.000000	0.000000	0.000000	0.000000	0.000000	0.000000	88.716760	0.000000	0.000000	0.000000
1764624080.531686544	0.000000	0.000000	0.458804	0.000000	0.000000	0.000000	0.000000	0.000000	nan	0.000000	0.000000	0.000000	0.000000	0.000000	0.000000	0.000000	0.000000	0.000000	0.000000	0.000000	88.716760	0.000000	0.000000	0.000000
1764624080.539311886	0.000000	0.000000	0.470622	0.000000	0.000000	0.000000	0.000000	0.000000	nan	0.000000	0.000000	0.000000	0.000000	0.000000	0.000000	0.000000	0.000000	0.000000	0.000000	0.000000	88.716760	0.000000	0.000000	0.000000
1764624080.564827442	0.000000	0.000000	0.511291	0.000000	0.000000	0.000000	0.000000	0.000000	nan	0.000000	0.000000	0.000000	0.000000	0.000000	0.000000	0.000000	0.000000	0.000000	0.000000	0.000000	88.716760	0.000000	0.000000	0.000000
1764624080.564840794	0.000000	0.000000	0.632613	0.000000	0.000000	0.000000	0.000000	0.000000	nan	0.000000	0.000000	0.000000	0.000000	0.000000	0.000000	0.000000	0.000000	0.000000	0.000000	0.000000	88.716760	0.000000	0.000000	0.000000
1764624080.569780827	0.000000	0.000000	0.645011	0.000000	0.000000	0.000000	0.000000	0.000000	nan	0.000000	0.000000	0.000000	0.000000	0.000000	0.000000	0.000000	0.000000	0.000000	0.000000	0.000000	88.716760	0.000000	0.000000	0.000000
1764624080.579155207	0.000000	0.000000	0.726327	0.000000	0.000000	0.000000	0.000000	0.000000	nan	0.000000	0.000000	0.000000	0.000000	0.000000	0.000000	0.000000	0.000000	0.000000	0.000000	0.000000	88.716760	0.000000	0.000000	0.000000
1764624080.595658541	0.000000	0.000000	0.710818	0.000000	0.000000	0.000000	0.000000	0.000000	nan	0.000000	0.000000	0.000000	0.000000	0.000000	0.000000	0.000000	0.000000	0.000000	0.000000	0.000000	88.716760	0.000000	0.000000	0.000000
1764624080.598328590	0.000000	0.000000	0.716978	0.000000	0.000000	0.000000	0.000000	0.000000	nan	0.000000	0.000000	0.000000	0.000000	0.000000	0.000000	0.000000	0.000000	0.000000	0.000000	0.000000	88.716760	0.000000	0.000000	0.000000
1764624080.609128237	0.000000	0.000000	0.857163	0.000000	0.000000	0.000000	0.000000	0.000000	nan	0.000000	0.000000	0.000000	0.000000	0.000000	0.000000	0.000000	0.000000	0.000000	0.000000	0.000000	88.716760	0.000000	0.000000	0.000000
1764624080.619588375	0.000000	0.000000	0.840211	0.000000	0.000000	0.000000	0.000000	0.000000	nan	0.000000	0.000000	0.000000	0.000000	0.000000	0.000000	0.000000	0.000000	0.000000	0.000000	0.000000	88.716760	0.000000	0.000000	0.000000
1764624080.629934549	0.000000	0.000000	0.935979	0.000000	0.000000	0.000000	0.000000	0.000000	nan	0.000000	0.000000	0.000000	0.000000	0.000000	0.000000	0.000000	0.000000	0.000000	0.000000	0.000000	88.716760	0.000000	0.000000	0.000000
1764624080.644503832	0.000000	0.000000	1.013756	0.000000	0.000000	0.000000	0.000000	0.000000	nan	0.000000	0.000000	0.000000	0.000000	0.000000	0.000000	0.000000	0.000000	0.000000	0.000000	0.000000	88.716760	0.000000	0.000000	0.000000
1764624080.652373791	0.000000	0.000000	1.021444	0.000000	0.000000	0.000000	0.000000	0.000000	nan	0.000000	0.000000	0.000000	0.000000	0.000000	0.000000	0.000000	0.000000	0.000000	0.000000	0.000000	88.716760	0.000000	0.000000	0.000000
1764624080.668787003	0.000000	0.000000	1.069965	0.000000	0.000000	0.000000	0.000000	0.000000	nan	0.000000	0.000000	0.000000	0.000000	0.000000	0.000000	0.000000	0.000000	0.000000	0.000000	0.000000	88.716760	0.000000	0.000000	0.000000
1764624080.671267509	0.000000	0.000000	1.017466	0.000000	0.000000	0.000000	0.000000	0.000000	nan	0.000000	0.000000	0.000000	0.000000	0.000000	0.000000	0.000000	0.000000	0.000000	0.000000	0.000000	88.716760	0.000000	0.000000	0.000000
1764624080.679477692	0.000000	0.000000	1.087331	0.000000	0.000000	0.000000	0.000000	0.000000	nan	0.000000	0.000000	0.000000	0.000000	0.000000	0.000000	0.000000	0.000000	0.000000	0.000000	0.000000	88.716760	0.000000	0.000000	0.000000
1764624080.690547705	0.000000	0.000000	1.051025	0.000000	0.000000	0.000000	0.000000	0.000000	nan	0.000000	0.000000	0.000000	0.000000	0.000000	0.000000	0.000000	0.000000	0.000000	0.000000	0.000000	88.716760	0.000000	0.000000	0.000000
1764624080.698679447	0.000000	0.000000	1.040215	0.000000	0.000000	0.000000	0.000000	0.000000	nan	0.000000	0.000000	0.000000	0.000000	0.000000	0.000000	0.000000	0.000000	0.000000	0.000000	0.000000	88.716760	0.000000	0.000000	0.000000
1764624080.712384224	0.000000	0.000000	1.146431	0.000000	0.000000	0.000000	0.000000	0.000000	nan	0.000000	0.000000	0.000000	0.000000	0.000000	0.000000	0.000000	0.000000	0.000000	0.000000	0.000000	88.716760	0.000000	0.000000	0.000000
1764624080.719591379	0.000000	0.000000	1.059023	0.000000	0.000000	0.000000	0.000000	0.000000	nan	0.000000	0.000000	0.000000	0.000000	0.000000	0.000000	0.000000	0.000000	0.000000	0.000000	0.000000	88.716760	0.000000	0.000000	0.000000
1764624080.729704380	0.000000	0.000000	0.965844	0.000000	0.000000	0.000000	0.000000	0.000000	nan	0.000000	0.000000	0.000000	0.000000	0.000000	0.000000	0.000000	0.000000	0.000000	0.000000	0.000000	88.716760	0.000000	0.000000	0.000000
1764624080.738884687	0.000000	0.000000	1.165617	0.000000	0.000000	0.000000	0.000000	0.000000	nan	0.000000	0.000000	0.000000	0.000000	0.000000	0.000000	0.000000	0.000000	0.000000	0.000000	0.000000	88.716760	0.000000	0.000000	0.000000
1764624080.749326229	0.000000	0.000000	1.121183	0.000000	0.000000	0.000000	0.000000	0.000000	nan	0.000000	0.000000	0.000000	0.000000	0.000000	0.000000	0.000000	0.000000	0.000000	0.000000	0.000000	88.716760	0.000000	0.000000	0.000000
1764624080.765097380	0.000000	0.000000	0.922638	0.000000	0.000000	0.000000	0.000000	0.000000	nan	0.000000	0.000000	0.000000	0.000000	0.000000	0.000000	0.000000	0.000000	0.000000	0.000000	0.000000	88.716760	0.000000	0.000000	0.000000
1764624080.768954992	0.000000	0.000000	0.925172	0.000000	0.000000	0.000000	0.000000	0.000000	nan	0.000000	0.000000	0.000000	0.000000	0.000000	0.000000	0.000000	0.000000	0.000000	0.000000	0.000000	88.716760	0.000000	0.000000	0.000000
1764624080.779301405	0.000000	0.000000	0.945101	0.000000	0.000000	0.000000	0.000000	0.000000	nan	0.000000	0.000000	0.000000	0.000000	0.000000	0.000000	0.000000	0.000000	0.000000	0.000000	0.000000	88.716760	0.000000	0.000000	0.000000
1764624080.793508053	0.000000	0.000000	0.840927	0.000000	0.000000	0.000000	0.000000	0.000000	nan	0.000000	0.000000	0.000000	0.000000	0.000000	0.000000	0.000000	0.000000	0.000000	0.000000	0.000000	88.716760	0.000000	0.000000	0.000000
1764624080.798673630	0.000000	0.000000	0.654925	0.000000	0.000000	0.000000	0.000000	0.000000	nan	0.000000	0.000000	0.000000	0.000000	0.000000	0.000000	0.000000	0.000000	0.000000	0.000000	0.000000	88.716760	0.000000	0.000000	0.000000
1764624080.808989525	0.000000	0.000000	0.918442	0.000000	0.000000	0.000000	0.000000	0.000000	nan	0.000000	0.000000	0.000000	0.000000	0.000000	0.000000	0.000000	0.000000	0.000000	0.000000	0.000000	88.716760	0.000000	0.000000	0.000000
1764624080.828886032	0.000000	0.000000	0.579870	0.000000	0.000000	0.000000	0.000000	0.000000	nan	0.000000	0.000000	0.000000	0.000000	0.000000	0.000000	0.000000	0.000000	0.000000	0.000000	0.000000	88.716760	0.000000	0.000000	0.000000
1764624080.836340904	0.000000	0.000000	0.646194	0.000000	0.000000	0.000000	0.000000	0.000000	nan	0.000000	0.000000	0.000000	0.000000	0.000000	0.000000	0.000000	0.000000	0.000000	0.000000	0.000000	88.716760	0.000000	0.000000	0.000000
1764624080.838921547	0.000000	0.000000	0.631607	0.000000	0.000000	0.000000	0.000000	0.000000	nan	0.000000	0.000000	0.000000	0.000000	0.000000	0.000000	0.000000	0.000000	0.000000	0.000000	0.000000	88.716760	0.000000	0.000000	0.000000
1764624080.850686073	0.000000	0.000000	0.734041	0.000000	0.000000	0.000000	0.000000	0.000000	nan	0.000000	0.000000	0.000000	0.000000	0.000000	0.000000	0.000000	0.000000	0.000000	0.000000	0.000000	88.716760	0.000000	0.000000	0.000000
1764624080.858828545	0.000000	0.000000	0.494716	0.000000	0.000000	0.000000	0.000000	0.000000	nan	0.000000	0.000000	0.000000	0.000000	0.000000	0.000000	0.000000	0.000000	0.000000	0.000000	0.000000	88.716760	0.000000	0.000000	0.000000
1764624080.869327307	0.000000	0.000000	0.586429	0.000000	0.000000	0.000000	0.000000	0.000000	nan	0.000000	0.000000	0.000000	0.000000	0.000000	0.000000	0.000000	0.000000	0.000000	0.000000	0.000000	88.716760	0.000000	0.000000	0.000000
1764624080.878921986	0.000000	0.000000	0.743914	0.000000	0.000000	0.000000	0.000000	0.000000	nan	0.000000	0.000000	0.000000	0.000000	0.000000	0.000000	0.000000	0.000000	0.000000	0.000000	0.000000	88.716760	0.000000	0.000000	0.000000
1764624080.889300346	0.000000	0.000000	0.471139	0.000000	0.000000	0.000000	0.000000	0.000000	nan	0.000000	0.000000	0.000000	0.000000	0.000000	0.000000	0.000000	0.000000	0.000000	0.000000	0.000000	88.716760	0.000000	0.000000	0.000000
1764624080.898617744	0.000000	0.000000	0.270983	0.000000	0.000000	0.000000	0.000000	0.000000	nan	0.000000	0.000000	0.000000	0.000000	0.000000	0.000000	0.000000	0.000000	0.000000	0.000000	0.000000	88.716760	0.000000	0.000000	0.000000
1764624080.909023046	0.000000	0.000000	0.717879	0.000000	0.000000	0.000000	0.000000	0.000000	nan	0.000000	0.000000	0.000000	0.000000	0.000000	0.000000	0.000000	0.000000	0.000000	0.000000	0.000000	88.716760	0.000000	0.000000	0.000000
1764624080.931558847	0.000000	0.000000	0.448689	0.000000	0.000000	0.000000	0.000000	0.000000	nan	0.000000	0.000000	0.000000	0.000000	0.000000	0.000000	0.000000	0.000000	0.000000	0.000000	0.000000	88.716760	0.000000	0.000000	0.000000
1764624080.933195591	0.000000	0.000000	0.438111	0.000000	0.000000	0.000000	0.000000	0.000000	nan	0.000000	0.000000	0.000000	0.000000	0.000000	0.000000	0.000000	0.000000	0.000000	0.000000	0.000000	88.716760	0.000000	0.000000	0.000000
1764624080.939007998	0.000000	0.000000	0.543354	0.000000	0.000000	0.000000	0.000000	0.000000	nan	0.000000	0.000000	0.000000	0.000000	0.000000	0.000000	0.000000	0.000000	0.000000	0.000000	0.000000	88.716760	0.000000	0.000000	0.000000
1764624080.956362009	0.000000	0.000000	0.602574	0.000000	0.000000	0.000000	0.000000	0.000000	nan	0.000000	0.000000	0.000000	0.000000	0.000000	0.000000	0.000000	0.000000	0.000000	0.000000	0.000000	88.716760	0.000000	0.000000	0.000000
1764624080.959841490	0.000000	0.000000	0.212646	0.000000	0.000000	0.000000	0.000000	0.000000	nan	0.000000	0.000000	0.000000	0.000000	0.000000	0.000000	0.000000	0.000000	0.000000	0.000000	0.000000	88.716760	0.000000	0.000000	0.000000
1764624080.968954325	0.000000	0.000000	0.753153	0.000000	0.000000	0.000000	0.000000	0.000000	nan	0.000000	0.000000	0.000000	0.000000	0.000000	0.000000	0.000000	0.000000	0.000000	0.000000	0.000000	88.716760	0.000000	0.000000	0.000000
1764624080.989520550	0.000000	0.000000	0.453939	0.000000	0.000000	0.000000	0.000000	0.000000	nan	0.000000	0.000000	0.000000	0.000000	0.000000	0.000000	0.000000	0.000000	0.000000	0.000000	0.000000	88.716760	0.000000	0.000000	0.000000
1764624080.994748592	0.000000	0.000000	0.607388	0.000000	0.000000	0.000000	0.000000	0.000000	nan	0.000000	0.000000	0.000000	0.000000	0.000000	0.000000	0.000000	0.000000	0.000000	0.000000	0.000000	88.716760	0.000000	0.000000	0.000000
1764624080.999158859	0.000000	0.000000	0.494044	0.000000	0.000000	0.000000	0.000000	0.000000	nan	0.000000	0.000000	0.000000	0.000000	0.000000	0.000000	0.000000	0.000000	0.000000	0.000000	0.000000	88.716760	0.000000	0.000000	0.000000
1764624081.010252476	0.000000	0.000000	0.679070	0.000000	0.000000	0.000000	0.000000	0.000000	nan	0.000000	0.000000	0.000000	0.000000	0.000000	0.000000	0.000000	0.000000	0.000000	0.000000	0.000000	88.716760	0.000000	0.000000	0.000000
1764624081.019549608	0.000000	0.000000	0.506111	0.000000	0.000000	0.000000	0.000000	0.000000	nan	0.000000	0.000000	0.000000	0.000000	0.000000	0.000000	0.000000	0.000000	0.000000	0.000000	0.000000	88.716760	0.000000	0.000000	0.000000
1764624081.028802633	0.000000	0.000000	0.618202	0.000000	0.000000	0.000000	0.000000	0.000000	nan	0.000000	0.000000	0.000000	0.000000	0.000000	0.000000	0.000000	0.000000	0.000000	0.000000	0.000000	88.716760	0.000000	0.000000	0.000000
1764624081.050511122	0.000000	0.000000	0.563519	0.000000	0.000000	0.000000	0.000000	0.000000	nan	0.000000	0.000000	0.000000	0.000000	0.000000	0.000000	0.000000	0.000000	0.000000	0.000000	0.000000	88.716760	0.000000	0.000000	0.000000
1764624081.052202702	0.000000	0.000000	0.602679	0.000000	0.000000	0.000000	0.000000	0.000000	nan	0.000000	0.000000	0.000000	0.000000	0.000000	0.000000	0.000000	0.000000	0.000000	0.000000	0.000000	88.716760	0.000000	0.000000	0.000000
1764624081.059260368	0.000000	0.000000	0.538146	0.000000	0.000000	0.000000	0.000000	0.000000	nan	0.000000	0.000000	0.000000	0.000000	0.000000	0.000000	0.000000	0.000000	0.000000	0.000000	0.000000	88.716760	0.000000	0.000000	0.000000
1764624081.077533722	0.000000	0.000000	0.698781	0.000000	0.000000	0.000000	0.000000	0.000000	nan	0.000000	0.000000	0.000000	0.000000	0.000000	0.000000	0.000000	0.000000	0.000000	0.000000	0.000000	88.716760	0.000000	0.000000	0.000000
1764624081.079224825	0.000000	0.000000	0.711853	0.000000	0.000000	0.000000	0.000000	0.000000	nan	0.000000	0.000000	0.000000	0.000000	0.000000	0.000000	0.000000	0.000000	0.000000	0.000000	0.000000	88.716760	0.000000	0.000000	0.000000
1764624081.091870070	0.000000	0.000000	0.410625	0.000000	0.000000	0.000000	0.000000	0.000000	nan	0.000000	0.000000	0.000000	0.000000	0.000000	0.000000	0.000000	0.000000	0.000000	0.000000	0.000000	88.716760	0.000000	0.000000	0.000000
1764624081.099820852	0.000000	0.000000	0.908310	0.000000	0.000000	0.000000	0.000000	0.000000	nan	0.000000	0.000000	0.000000	0.000000	0.000000	0.000000	0.000000	0.000000	0.000000	0.000000	0.000000	88.716760	0.000000	0.000000	0.000000
1764624081.108023643	0.000000	0.000000	0.497571	0.000000	0.000000	0.000000	0.000000	0.000000	nan	0.000000	0.000000	0.000000	0.000000	0.000000	0.000000	0.000000	0.000000	0.000000	0.000000	0.000000	88.716760	0.000000	0.000000	0.000000
1764624081.128350258	0.000000	0.000000	0.504722	0.000000	0.000000	0.000000	0.000000	0.000000	nan	0.000000	0.000000	0.000000	0.000000	0.000000	0.000000	0.000000	0.000000	0.000000	0.000000	0.000000	88.716760	0.000000	0.000000	0.000000
1764624081.129693747	0.000000	0.000000	0.898046	0.000000	0.000000	0.000000	0.000000	0.000000	nan	0.000000	0.000000	0.000000	0.000000	0.000000	0.000000	0.000000	0.000000	0.000000	0.000000	0.000000	88.716760	0.000000	0.000000	0.000000
1764624081.140030146	0.000000	0.000000	0.509479	0.000000	0.000000	0.000000	0.000000	0.000000	nan	0.000000	0.000000	0.000000	0.000000	0.000000	0.000000	0.000000	0.000000	0.000000	0.000000	0.000000	88.716760	0.000000	0.000000	0.000000
1764624081.161294222	0.000000	0.000000	0.634010	0.000000	0.000000	0.000000	0.000000	0.000000	nan	0.000000	0.000000	0.000000	0.000000	0.000000	0.000000	0.000000	0.000000	0.000000	0.000000	0.000000	88.716760	0.000000	0.000000	0.000000
1764624081.161322117	0.000000	0.000000	0.834317	0.000000	0.000000	0.000000	0.000000	0.000000	nan	0.000000	0.000000	0.000000	0.000000	0.000000	0.000000	0.000000	0.000000	0.000000	0.000000	0.000000	88.716760	0.000000	0.000000	0.000000
1764624081.170064688	0.000000	0.000000	0.512495	0.000000	0.000000	0.000000	0.000000	0.000000	nan	0.000000	0.000000	0.000000	0.000000	0.000000	0.000000	0.000000	0.000000	0.000000	0.000000	0.000000	88.716760	0.000000	0.000000	0.000000
1764624081.180230141	0.000000	0.000000	0.732742	0.000000	0.000000	0.000000	0.000000	0.000000	nan	0.000000	0.000000	0.000000	0.000000	0.000000	0.000000	0.000000	0.000000	0.000000	0.000000	0.000000	88.716760	0.000000	0.000000	0.000000
1764624081.189978123	0.000000	0.000000	0.642650	0.000000	0.000000	0.000000	0.000000	0.000000	nan	0.000000	0.000000	0.000000	0.000000	0.000000	0.000000	0.000000	0.000000	0.000000	0.000000	0.000000	88.716760	0.000000	0.000000	0.000000
1764624081.207433701	0.000000	0.000000	0.722719	0.000000	0.000000	0.000000	0.000000	0.000000	nan	0.000000	0.000000	0.000000	0.000000	0.000000	0.000000	0.000000	0.000000	0.000000	0.000000	0.000000	88.716760	0.000000	0.000000	0.000000
1764624081.209011555	0.000000	0.000000	0.621959	0.000000	0.000000	0.000000	0.000000	0.000000	nan	0.000000	0.000000	0.000000	0.000000	0.000000	0.000000	0.000000	0.000000	0.000000	0.000000	0.000000	88.716760	0.000000	0.000000	0.000000
1764624081.220772982	0.000000	0.000000	0.552457	0.000000	0.000000	0.000000	0.000000	0.000000	nan	0.000000	0.000000	0.000000	0.000000	0.000000	0.000000	0.000000	0.000000	0.000000	0.000000	0.000000	88.716760	0.000000	0.000000	0.000000
1764624081.235127926	0.000000	0.000000	0.967403	0.000000	0.000000	0.000000	0.000000	0.000000	nan	0.000000	0.000000	0.000000	0.000000	0.000000	0.000000	0.000000	0.000000	0.000000	0.000000	0.000000	88.716760	0.000000	0.000000	0.000000
1764624081.239875555	0.000000	0.000000	0.567288	0.000000	0.000000	0.000000	0.000000	0.000000	nan	0.000000	0.000000	0.000000	0.000000	0.000000	0.000000	0.000000	0.000000	0.000000	0.000000	0.000000	88.716760	0.000000	0.000000	0.000000
1764624081.250293732	0.000000	0.000000	0.556344	0.000000	0.000000	0.000000	0.000000	0.000000	nan	0.000000	0.000000	0.000000	0.000000	0.000000	0.000000	0.000000	0.000000	0.000000	0.000000	0.000000	88.716760	0.000000	0.000000	0.000000
1764624081.259972811	0.000000	0.000000	0.911972	0.000000	0.000000	0.000000	0.000000	0.000000	nan	0.000000	0.000000	0.000000	0.000000	0.000000	0.000000	0.000000	0.000000	0.000000	0.000000	0.000000	88.716760	0.000000	0.000000	0.000000
1764624081.269439459	0.000000	0.000000	0.413564	0.000000	0.000000	0.000000	0.000000	0.000000	nan	0.000000	0.000000	0.000000	0.000000	0.000000	0.000000	0.000000	0.000000	0.000000	0.000000	0.000000	88.716760	0.000000	0.000000	0.000000
1764624081.291373730	0.000000	0.000000	0.752513	0.000000	0.000000	0.000000	0.000000	0.000000	nan	0.000000	0.000000	0.000000	0.000000	0.000000	0.000000	0.000000	0.000000	0.000000	0.000000	0.000000	88.716760	0.000000	0.000000	0.000000
1764624081.293152332	0.000000	0.000000	0.977020	0.000000	0.000000	0.000000	0.000000	0.000000	nan	0.000000	0.000000	0.000000	0.000000	0.000000	0.000000	0.000000	0.000000	0.000000	0.000000	0.000000	88.716760	0.000000	0.000000	0.000000
1764624081.298919439	0.000000	0.000000	0.317928	0.000000	0.000000	0.000000	0.000000	0.000000	nan	0.000000	0.000000	0.000000	0.000000	0.000000	0.000000	0.000000	0.000000	0.000000	0.000000	0.000000	88.716760	0.000000	0.000000	0.000000
1764624081.313640356	0.000000	0.000000	0.885408	0.000000	0.000000	0.000000	0.000000	0.000000	nan	0.000000	0.000000	0.000000	0.000000	0.000000	0.000000	0.000000	0.000000	0.000000	0.000000	0.000000	88.716760	0.000000	0.000000	0.000000
1764624081.319299459	0.000000	0.000000	0.762244	0.000000	0.000000	0.000000	0.000000	0.000000	nan	0.000000	0.000000	0.000000	0.000000	0.000000	0.000000	0.000000	0.000000	0.000000	0.000000	0.000000	88.716760	0.000000	0.000000	0.000000
1764624081.329544306	0.000000	0.000000	0.591007	0.000000	0.000000	0.000000	0.000000	0.000000	nan	0.000000	0.000000	0.000000	0.000000	0.000000	0.000000	0.000000	0.000000	0.000000	0.000000	0.000000	88.716760	0.000000	0.000000	0.000000
1764624081.339649200	0.000000	0.000000	0.927346	0.000000	0.000000	0.000000	0.000000	0.000000	nan	0.000000	0.000000	0.000000	0.000000	0.000000	0.000000	0.000000	0.000000	0.000000	0.000000	0.000000	88.716760	0.000000	0.000000	0.000000
1764624081.362895727	0.000000	0.000000	0.601850	0.000000	0.000000	0.000000	0.000000	0.000000	nan	0.000000	0.000000	0.000000	0.000000	0.000000	0.000000	0.000000	0.000000	0.000000	0.000000	0.000000	88.716760	0.000000	0.000000	0.000000
1764624081.362926960	0.000000	0.000000	0.661857	0.000000	0.000000	0.000000	0.000000	0.000000	nan	0.000000	0.000000	0.000000	0.000000	0.000000	0.000000	0.000000	0.000000	0.000000	0.000000	0.000000	88.716760	0.000000	0.000000	0.000000
1764624081.369337797	0.000000	0.000000	0.740177	0.000000	0.000000	0.000000	0.000000	0.000000	nan	0.000000	0.000000	0.000000	0.000000	0.000000	0.000000	0.000000	0.000000	0.000000	0.000000	0.000000	88.716760	0.000000	0.000000	0.000000
1764624081.379421234	0.000000	0.000000	0.673961	0.000000	0.000000	0.000000	0.000000	0.000000	nan	0.000000	0.000000	0.000000	0.000000	0.000000	0.000000	0.000000	0.000000	0.000000	0.000000	0.000000	88.716760	0.000000	0.000000	0.000000
1764624081.389449596	0.000000	0.000000	0.684422	0.000000	0.000000	0.000000	0.000000	0.000000	nan	0.000000	0.000000	0.000000	0.000000	0.000000	0.000000	0.000000	0.000000	0.000000	0.000000	0.000000	88.716760	0.000000	0.000000	0.000000
1764624081.413983822	0.000000	0.000000	0.765676	0.000000	0.000000	0.000000	0.000000	0.000000	nan	0.000000	0.000000	0.000000	0.000000	0.000000	0.000000	0.000000	0.000000	0.000000	0.000000	0.000000	0.000000	0.000000	0.000000	0.000000
1764624081.415450335	0.000000	0.000000	0.471999	0.000000	0.000000	0.000000	0.000000	0.000000	nan	0.000000	0.000000	0.000000	0.000000	0.000000	0.000000	0.000000	0.000000	0.000000	0.000000	0.000000	0.000000	0.000000	0.000000	0.000000
1764624081.418785810	0.000000	0.000000	0.753149	0.000000	0.000000	0.000000	0.000000	0.000000	nan	0.000000	0.000000	0.000000	0.000000	0.000000	0.000000	0.000000	0.000000	0.000000	0.000000	0.000000	0.000000	0.000000	0.000000	0.000000
1764624081.435312271	0.000000	0.000000	0.686530	0.000000	0.000000	0.000000	0.000000	0.000000	nan	0.000000	0.000000	0.000000	0.000000	0.000000	0.000000	0.000000	0.000000	0.000000	0.000000	0.000000	0.000000	0.000000	0.000000	0.000000
1764624081.439419031	0.000000	0.000000	0.678782	0.000000	0.000000	0.000000	0.000000	0.000000	nan	0.000000	0.000000	0.000000	0.000000	0.000000	0.000000	0.000000	0.000000	0.000000	0.000000	0.000000	0.000000	0.000000	0.000000	0.000000
1764624081.449565411	0.000000	0.000000	0.666722	0.000000	0.000000	0.000000	0.000000	0.000000	nan	0.000000	0.000000	0.000000	0.000000	0.000000	0.000000	0.000000	0.000000	0.000000	0.000000	0.000000	0.000000	0.000000	0.000000	0.000000
1764624081.459964037	0.000000	0.000000	0.632302	0.000000	0.000000	0.000000	0.000000	0.000000	nan	0.000000	0.000000	0.000000	0.000000	0.000000	0.000000	0.000000	0.000000	0.000000	0.000000	0.000000	0.000000	0.000000	0.000000	0.000000
1764624081.480859280	0.000000	0.000000	0.557812	0.000000	0.000000	0.000000	0.000000	0.000000	0.361610	0.000000	0.000000	0.000000	0.000000	0.000000	0.000000	0.000000	0.000000	0.000000	0.000000	0.000000	0.000000	0.000000	0.000000	0.000000
1764624081.482806206	0.000000	0.000000	0.566104	0.000000	0.000000	0.000000	0.000000	0.000000	0.361610	0.000000	0.000000	0.000000	0.000000	0.000000	0.000000	0.000000	0.000000	0.000000	0.000000	0.000000	0.000000	0.000000	0.000000	0.000000
1764624081.489201546	0.000000	0.000000	0.498799	0.000000	0.000000	0.000000	0.000000	0.000000	0.361610	0.000000	0.000000	0.000000	0.000000	0.000000	0.000000	0.000000	0.000000	0.000000	0.000000	0.000000	0.000000	0.000000	0.000000	0.000000
1764624081.498624086	0.000000	0.000000	0.175845	0.000000	0.000000	0.000000	0.000000	0.000000	0.361610	0.000000	0.000000	0.000000	0.000000	0.000000	0.000000	0.000000	0.000000	0.000000	0.000000	0.000000	0.000000	0.000000	0.000000	0.000000
1764624081.513971806	0.000000	0.000000	0.384088	0.000000	0.000000	0.000000	0.000000	0.000000	0.361610	0.000000	0.000000	0.000000	0.000000	0.000000	0.000000	0.000000	0.000000	0.000000	0.000000	0.000000	0.000000	0.000000	0.000000	0.000000
1764624081.519946575	0.000000	0.000000	-0.017380	0.000000	0.000000	0.000000	0.000000	0.000000	0.361610	0.000000	0.000000	0.000000	0.000000	0.000000	0.000000	0.000000	0.000000	0.000000	0.000000	0.000000	0.000000	0.000000	0.000000	0.000000
1764624081.529552221	0.000000	0.000000	0.084097	0.000000	0.000000	0.000000	0.000000	0.000000	0.361610	0.000000	0.000000	0.000000	0.000000	0.000000	0.000000	0.000000	0.000000	0.000000	0.000000	0.000000	0.000000	0.000000	0.000000	0.000000
1764624081.539285183	0.000000	0.000000	0.102509	0.000000	0.000000	0.000000	0.000000	0.000000	0.361610	0.000000	0.000000	0.000000	0.000000	0.000000	0.000000	0.000000	0.000000	0.000000	0.000000	0.000000	0.000000	0.000000	0.000000	0.000000
1764624081.552078247	0.000000	0.000000	-0.011476	0.000000	0.000000	0.000000	0.000000	0.000000	0.361610	0.000000	0.000000	0.000000	0.000000	0.000000	0.000000	0.000000	0.000000	0.000000	0.000000	0.000000	0.000000	0.000000	0.000000	0.000000
1764624081.558798075	0.000000	0.000000	-0.064125	0.000000	0.000000	0.000000	0.000000	0.000000	0.361610	0.000000	0.000000	0.000000	0.000000	0.000000	0.000000	0.000000	0.000000	0.000000	0.000000	0.000000	0.000000	0.000000	0.000000	0.000000
1764624081.569293022	0.000000	0.000000	-0.105733	0.000000	0.000000	0.000000	0.000000	0.000000	0.361610	0.000000	0.000000	0.000000	0.000000	0.000000	0.000000	0.000000	0.000000	0.000000	0.000000	0.000000	0.000000	0.000000	0.000000	0.000000
1764624081.579408407	0.000000	0.000000	-0.058118	0.000000	0.000000	0.000000	0.000000	0.000000	0.361610	0.000000	0.000000	0.000000	0.000000	0.000000	0.000000	0.000000	0.000000	0.000000	0.000000	0.000000	0.000000	0.000000	0.000000	0.000000
1764624081.589230537	0.000000	0.000000	-0.128626	0.000000	0.000000	0.000000	0.000000	0.000000	0.361610	0.000000	0.000000	0.000000	0.000000	0.000000	0.000000	0.000000	0.000000	0.000000	0.000000	0.000000	0.000000	0.000000	0.000000	0.000000
1764624081.612366438	0.000000	0.000000	-0.232663	0.000000	0.000000	0.000000	0.000000	0.000000	0.361610	0.000000	0.000000	0.000000	0.000000	0.000000	0.000000	0.000000	0.000000	0.000000	0.000000	0.000000	0.000000	0.000000	0.000000	0.000000
1764624081.612375975	0.000000	0.000000	-0.226648	0.000000	0.000000	0.000000	0.000000	0.000000	0.361610	0.000000	0.000000	0.000000	0.000000	0.000000	0.000000	0.000000	0.000000	0.000000	0.000000	0.000000	0.000000	0.000000	0.000000	0.000000
1764624081.618978262	0.000000	0.000000	-0.276225	0.000000	0.000000	0.000000	0.000000	0.000000	0.361610	0.000000	0.000000	0.000000	0.000000	0.000000	0.000000	0.000000	0.000000	0.000000	0.000000	0.000000	0.000000	0.000000	0.000000	0.000000
1764624081.628648996	0.000000	0.000000	-0.240620	0.000000	0.000000	0.000000	0.000000	0.000000	0.361610	0.000000	0.000000	0.000000	0.000000	0.000000	0.000000	0.000000	0.000000	0.000000	0.000000	0.000000	0.000000	0.000000	0.000000	0.000000
1764624081.646968126	0.000000	0.000000	-0.236789	0.000000	0.000000	0.000000	0.000000	0.000000	0.361610	0.000000	0.000000	0.000000	0.000000	0.000000	0.000000	0.000000	0.000000	0.000000	0.000000	0.000000	0.000000	0.000000	0.000000	0.000000
1764624081.649268150	0.000000	0.000000	-0.391877	0.000000	0.000000	0.000000	0.000000	0.000000	0.361610	0.000000	0.000000	0.000000	0.000000	0.000000	0.000000	0.000000	0.000000	0.000000	0.000000	0.000000	0.000000	0.000000	0.000000	0.000000
1764624081.659455538	0.000000	0.000000	-0.291683	0.000000	0.000000	0.000000	0.000000	0.000000	0.361610	0.000000	0.000000	0.000000	0.000000	0.000000	0.000000	0.000000	0.000000	0.000000	0.000000	0.000000	0.000000	0.000000	0.000000	0.000000
1764624081.669024944	0.000000	0.000000	-0.267100	0.000000	0.000000	0.000000	0.000000	0.000000	0.361610	0.000000	0.000000	0.000000	0.000000	0.000000	0.000000	0.000000	0.000000	0.000000	0.000000	0.000000	0.000000	0.000000	0.000000	0.000000
1764624081.683429003	0.000000	0.000000	-0.308680	0.000000	0.000000	0.000000	0.000000	0.000000	0.361610	0.000000	0.000000	0.000000	0.000000	0.000000	0.000000	0.000000	0.000000	0.000000	0.000000	0.000000	0.000000	0.000000	0.000000	0.000000
1764624081.689231634	0.000000	0.000000	-0.306639	0.000000	0.000000	0.000000	0.000000	0.000000	0.361610	0.000000	0.000000	0.000000	0.000000	0.000000	0.000000	0.000000	0.000000	0.000000	0.000000	0.000000	0.000000	0.000000	0.000000	0.000000
1764624081.698595285	0.000000	0.000000	-0.341730	0.000000	0.000000	0.000000	0.000000	0.000000	0.361610	0.000000	0.000000	0.000000	0.000000	0.000000	0.000000	0.000000	0.000000	0.000000	0.000000	0.000000	0.000000	0.000000	0.000000	0.000000
1764624081.716477871	0.000000	0.000000	-0.335110	0.000000	0.000000	0.000000	0.000000	0.000000	0.361610	0.000000	0.000000	0.000000	0.000000	0.000000	0.000000	0.000000	0.000000	0.000000	0.000000	0.000000	0.000000	0.000000	0.000000	0.000000
1764624081.718936920	0.000000	0.000000	-0.286631	0.000000	0.000000	0.000000	0.000000	0.000000	0.257755	0.000000	0.000000	0.000000	0.000000	0.000000	0.000000	0.000000	0.000000	0.000000	0.000000	0.000000	0.000000	0.000000	0.000000	0.000000
1764624081.729459524	0.000000	0.000000	-0.377263	0.000000	0.000000	0.000000	0.000000	0.000000	0.257755	0.000000	0.000000	0.000000	0.000000	0.000000	0.000000	0.000000	0.000000	0.000000	0.000000	0.000000	0.000000	0.000000	0.000000	0.000000
1764624081.738827944	0.000000	0.000000	-0.283102	0.000000	0.000000	0.000000	0.000000	0.000000	0.257755	0.000000	0.000000	0.000000	0.000000	0.000000	0.000000	0.000000	0.000000	0.000000	0.000000	0.000000	0.000000	0.000000	0.000000	0.000000
1764624081.764369965	0.000000	0.000000	-0.326273	0.000000	0.000000	0.000000	0.000000	0.000000	0.257755	0.000000	0.000000	0.000000	0.000000	0.000000	0.000000	0.000000	0.000000	0.000000	0.000000	0.000000	0.000000	0.000000	0.000000	0.000000
1764624081.766894817	0.000000	0.000000	-0.340743	0.000000	0.000000	0.000000	0.000000	0.000000	0.257755	0.000000	0.000000	0.000000	0.000000	0.000000	0.000000	0.000000	0.000000	0.000000	0.000000	0.000000	0.000000	0.000000	0.000000	0.000000
1764624081.769127607	0.000000	0.000000	-0.271900	0.000000	0.000000	0.000000	0.000000	0.000000	0.257755	0.000000	0.000000	0.000000	0.000000	0.000000	0.000000	0.000000	0.000000	0.000000	0.000000	0.000000	0.000000	0.000000	0.000000	0.000000
1764624081.779463768	0.000000	0.000000	-0.279543	0.000000	0.000000	0.000000	0.000000	0.000000	0.257755	0.000000	0.000000	0.000000	0.000000	0.000000	0.000000	0.000000	0.000000	0.000000	0.000000	0.000000	0.000000	0.000000	0.000000	0.000000
1764624081.789217949	0.000000	0.000000	-0.263945	0.000000	0.000000	0.000000	0.000000	0.000000	0.257755	0.000000	0.000000	0.000000	0.000000	0.000000	0.000000	0.000000	0.000000	0.000000	0.000000	0.000000	0.000000	0.000000	0.000000	0.000000
1764624081.813834906	0.000000	0.000000	-0.247772	0.000000	0.000000	0.000000	0.000000	0.000000	0.257755	0.000000	0.000000	0.000000	0.000000	0.000000	0.000000	0.000000	0.000000	0.000000	0.000000	0.000000	0.000000	0.000000	0.000000	0.000000
1764624081.813855886	0.000000	0.000000	-0.230345	0.000000	0.000000	0.000000	0.000000	0.000000	0.257755	0.000000	0.000000	0.000000	0.000000	0.000000	0.000000	0.000000	0.000000	0.000000	0.000000	0.000000	0.000000	0.000000	0.000000	0.000000
1764624081.818819761	0.000000	0.000000	-0.229012	0.000000	0.000000	0.000000	0.000000	0.000000	0.257755	0.000000	0.000000	0.000000	0.000000	0.000000	0.000000	0.000000	0.000000	0.000000	0.000000	0.000000	0.000000	0.000000	0.000000	0.000000
1764624081.836844444	0.000000	0.000000	-0.206500	0.000000	0.000000	0.000000	0.000000	0.000000	0.257755	0.000000	0.000000	0.000000	0.000000	0.000000	0.000000	0.000000	0.000000	0.000000	0.000000	0.000000	0.000000	0.000000	0.000000	0.000000
1764624081.839955807	0.000000	0.000000	-0.177107	0.000000	0.000000	0.000000	0.000000	0.000000	0.257755	0.000000	0.000000	0.000000	0.000000	0.000000	0.000000	0.000000	0.000000	0.000000	0.000000	0.000000	0.000000	0.000000	0.000000	0.000000
1764624081.849759102	0.000000	0.000000	-0.189931	0.000000	0.000000	0.000000	0.000000	0.000000	0.257755	0.000000	0.000000	0.000000	0.000000	0.000000	0.000000	0.000000	0.000000	0.000000	0.000000	0.000000	-71.104365	0.000000	0.000000	0.000000
1764624081.859311819	0.000000	0.000000	-0.170870	0.000000	0.000000	0.000000	0.000000	0.000000	0.257755	0.000000	0.000000	0.000000	0.000000	0.000000	0.000000	0.000000	0.000000	0.000000	0.000000	0.000000	-71.104365	0.000000	0.000000	0.000000
1764624081.879829407	0.000000	0.000000	-0.171217	0.000000	0.000000	0.000000	0.000000	0.000000	0.257755	0.000000	0.000000	0.000000	0.000000	0.000000	0.000000	0.000000	0.000000	0.000000	0.000000	0.000000	-71.104365	0.000000	0.000000	0.000000
1764624081.881481409	0.000000	0.000000	-0.153584	0.000000	0.000000	0.000000	0.000000	0.000000	0.257755	0.000000	0.000000	0.000000	0.000000	0.000000	0.000000	0.000000	0.000000	0.000000	0.000000	0.000000	-71.104365	0.000000	0.000000	0.000000
1764624081.889223814	0.000000	0.000000	-0.153574	0.000000	0.000000	0.000000	0.000000	0.000000	0.257755	0.000000	0.000000	0.000000	0.000000	0.000000	0.000000	0.000000	0.000000	0.000000	0.000000	0.000000	-71.104365	0.000000	0.000000	0.000000
1764624081.898615360	0.000000	0.000000	-0.142885	0.000000	0.000000	0.000000	0.000000	0.000000	0.257755	0.000000	0.000000	0.000000	0.000000	0.000000	0.000000	0.000000	0.000000	0.000000	0.000000	0.000000	-71.104365	0.000000	0.000000	0.000000
1764624081.909044027	0.000000	0.000000	-0.141112	0.000000	0.000000	0.000000	0.000000	0.000000	0.257755	0.000000	0.000000	0.000000	0.000000	0.000000	0.000000	0.000000	0.000000	0.000000	0.000000	0.000000	-71.104365	0.000000	0.000000	0.000000
1764624081.933641434	0.000000	0.000000	-0.135209	0.000000	0.000000	0.000000	0.000000	0.000000	0.257755	0.000000	0.000000	0.000000	0.000000	0.000000	0.000000	0.000000	0.000000	0.000000	0.000000	0.000000	-71.104365	0.000000	0.000000	0.000000
1764624081.935222864	0.000000	0.000000	-0.132861	0.000000	0.000000	0.000000	0.000000	0.000000	0.257755	0.000000	0.000000	0.000000	0.000000	0.000000	0.000000	0.000000	0.000000	0.000000	0.000000	0.000000	-71.104365	0.000000	0.000000	0.000000
1764624081.938762665	0.000000	0.000000	-0.104840	0.000000	0.000000	0.000000	0.000000	0.000000	0.257755	0.000000	0.000000	0.000000	0.000000	0.000000	0.000000	0.000000	0.000000	0.000000	0.000000	0.000000	-71.104365	0.000000	0.000000	0.000000
1764624081.949017763	0.000000	0.000000	-0.172899	0.000000	0.000000	0.000000	0.000000	0.000000	0.257755	0.000000	0.000000	0.000000	0.000000	0.000000	0.000000	0.000000	0.000000	0.000000	0.000000	0.000000	-71.104365	0.000000	0.000000	0.000000
1764624081.968618631	0.000000	0.000000	-0.168719	0.000000	0.000000	0.000000	0.000000	0.000000	0.179062	0.000000	0.000000	0.000000	0.000000	0.000000	0.000000	0.000000	0.000000	0.000000	0.000000	0.000000	-71.104365	0.000000	0.000000	0.000000
1764624081.976191759	0.000000	0.000000	-0.104147	0.000000	0.000000	0.000000	0.000000	0.000000	0.179062	0.000000	0.000000	0.000000	0.000000	0.000000	0.000000	0.000000	0.000000	0.000000	0.000000	0.000000	-71.104365	0.000000	0.000000	0.000000
1764624081.979243994	0.000000	0.000000	-0.145845	0.000000	0.000000	0.000000	0.000000	0.000000	0.179062	0.000000	0.000000	0.000000	0.000000	0.000000	0.000000	0.000000	0.000000	0.000000	0.000000	0.000000	-71.104365	0.000000	0.000000	0.000000
1764624082.001141071	0.000000	0.000000	-0.243282	0.000000	0.000000	0.000000	0.000000	0.000000	0.179062	0.000000	0.000000	0.000000	0.000000	0.000000	0.000000	0.000000	0.000000	0.000000	0.000000	0.000000	-71.104365	0.000000	0.000000	0.000000
1764624082.001163006	0.000000	0.000000	-0.330246	0.000000	0.000000	0.000000	0.000000	0.000000	0.179062	0.000000	0.000000	0.000000	0.000000	0.000000	0.000000	0.000000	0.000000	0.000000	0.000000	0.000000	-71.104365	0.000000	0.000000	0.000000
1764624082.009074688	0.000000	0.000000	-0.455984	0.000000	0.000000	0.000000	0.000000	0.000000	0.179062	0.000000	0.000000	0.000000	0.000000	0.000000	0.000000	0.000000	0.000000	0.000000	0.000000	0.000000	-71.104365	0.000000	0.000000	0.000000
1764624082.019432545	0.000000	0.000000	-0.565184	0.000000	0.000000	0.000000	0.000000	0.000000	0.179062	0.000000	0.000000	0.000000	0.000000	0.000000	0.000000	0.000000	0.000000	0.000000	0.000000	0.000000	-71.104365	0.000000	0.000000	0.000000
1764624082.029187918	0.000000	0.000000	-0.622561	0.000000	0.000000	0.000000	0.000000	0.000000	0.179062	0.000000	0.000000	0.000000	0.000000	0.000000	0.000000	0.000000	0.000000	0.000000	0.000000	0.000000	-71.104365	0.000000	0.000000	0.000000
1764624082.051665545	0.000000	0.000000	-0.718230	0.000000	0.000000	0.000000	0.000000	0.000000	0.179062	0.000000	0.000000	0.000000	0.000000	0.000000	0.000000	0.000000	0.000000	0.000000	0.000000	0.000000	-71.104365	0.000000	0.000000	0.000000
1764624082.051670551	0.000000	0.000000	-0.754540	0.000000	0.000000	0.000000	0.000000	0.000000	0.179062	0.000000	0.000000	0.000000	0.000000	0.000000	0.000000	0.000000	0.000000	0.000000	0.000000	0.000000	-71.104365	0.000000	0.000000	0.000000
1764624082.059205294	0.000000	0.000000	-0.816686	0.000000	0.000000	0.000000	0.000000	0.000000	0.179062	0.000000	0.000000	0.000000	0.000000	0.000000	0.000000	0.000000	0.000000	0.000000	0.000000	0.000000	-71.104365	0.000000	0.000000	0.000000
1764624082.074069977	0.000000	0.000000	-0.896227	0.000000	0.000000	0.000000	0.000000	0.000000	0.179062	0.000000	0.000000	0.000000	0.000000	0.000000	0.000000	0.000000	0.000000	0.000000	0.000000	0.000000	-71.104365	0.000000	0.000000	0.000000
1764624082.079001665	0.000000	0.000000	-1.079384	0.000000	0.000000	0.000000	0.000000	0.000000	0.179062	0.000000	0.000000	0.000000	0.000000	0.000000	0.000000	0.000000	0.000000	0.000000	0.000000	0.000000	-71.104365	0.000000	0.000000	0.000000
1764624082.089389563	0.000000	0.000000	-1.080172	0.000000	0.000000	0.000000	0.000000	0.000000	0.179062	0.000000	0.000000	0.000000	0.000000	0.000000	0.000000	0.000000	0.000000	0.000000	0.000000	0.000000	-71.104365	0.000000	0.000000	0.000000
1764624082.098462105	0.000000	0.000000	-1.171575	0.000000	0.000000	0.000000	0.000000	0.000000	0.179062	0.000000	0.000000	0.000000	0.000000	0.000000	0.000000	0.000000	0.000000	0.000000	0.000000	0.000000	-71.104365	0.000000	0.000000	0.000000
1764624082.108825922	0.000000	0.000000	-1.173576	0.000000	0.000000	0.000000	0.000000	0.000000	0.179062	0.000000	0.000000	0.000000	0.000000	0.000000	0.000000	0.000000	0.000000	0.000000	0.000000	0.000000	-71.104365	0.000000	0.000000	0.000000
1764624082.131878614	0.000000	0.000000	-1.300087	0.000000	0.000000	0.000000	0.000000	0.000000	0.179062	0.000000	0.000000	0.000000	0.000000	0.000000	0.000000	0.000000	0.000000	0.000000	0.000000	0.000000	-71.104365	0.000000	0.000000	0.000000
1764624082.131902933	0.000000	0.000000	-1.253267	0.000000	0.000000	0.000000	0.000000	0.000000	0.179062	0.000000	0.000000	0.000000	0.000000	0.000000	0.000000	0.000000	0.000000	0.000000	0.000000	0.000000	-71.104365	0.000000	0.000000	0.000000
1764624082.139121056	0.000000	0.000000	-1.361083	0.000000	0.000000	0.000000	0.000000	0.000000	0.179062	0.000000	0.000000	0.000000	0.000000	0.000000	0.000000	0.000000	0.000000	0.000000	0.000000	0.000000	-71.104365	0.000000	0.000000	0.000000
1764624082.158931494	0.000000	0.000000	-1.325379	0.000000	0.000000	0.000000	0.000000	0.000000	0.179062	0.000000	0.000000	0.000000	0.000000	0.000000	0.000000	0.000000	0.000000	0.000000	0.000000	0.000000	-71.104365	0.000000	0.000000	0.000000
1764624082.160169125	0.000000	0.000000	-1.143915	0.000000	0.000000	0.000000	0.000000	0.000000	0.179062	0.000000	0.000000	0.000000	0.000000	0.000000	0.000000	0.000000	0.000000	0.000000	0.000000	0.000000	-71.104365	0.000000	0.000000	0.000000
1764624082.169445992	0.000000	0.000000	-1.101128	0.000000	0.000000	0.000000	0.000000	0.000000	0.179062	0.000000	0.000000	0.000000	0.000000	0.000000	0.000000	0.000000	0.000000	0.000000	0.000000	0.000000	-71.104365	0.000000	0.000000	0.000000
1764624082.179370880	0.000000	0.000000	-1.055076	0.000000	0.000000	0.000000	0.000000	0.000000	0.179062	0.000000	0.000000	0.000000	0.000000	0.000000	0.000000	0.000000	0.000000	0.000000	0.000000	0.000000	-71.104365	0.000000	0.000000	0.000000
1764624082.188398361	0.000000	0.000000	-0.887268	0.000000	0.000000	0.000000	0.000000	0.000000	0.179062	0.000000	0.000000	0.000000	0.000000	0.000000	0.000000	0.000000	0.000000	0.000000	0.000000	0.000000	-71.104365	0.000000	0.000000	0.000000
1764624082.198489428	0.000000	0.000000	-0.817841	0.000000	0.000000	0.000000	0.000000	0.000000	0.179062	0.000000	0.000000	0.000000	0.000000	0.000000	0.000000	0.000000	0.000000	0.000000	0.000000	0.000000	-71.104365	0.000000	0.000000	0.000000
1764624082.208919287	0.000000	0.000000	-0.806832	0.000000	0.000000	0.000000	0.000000	0.000000	0.179062	0.000000	0.000000	0.000000	0.000000	0.000000	0.000000	0.000000	0.000000	0.000000	0.000000	0.000000	-71.104365	0.000000	0.000000	0.000000
1764624082.221058369	0.000000	0.000000	-0.696660	0.000000	0.000000	0.000000	0.000000	0.000000	0.009603	0.000000	0.000000	0.000000	0.000000	0.000000	0.000000	0.000000	0.000000	0.000000	0.000000	0.000000	-71.104365	0.000000	0.000000	0.000000
1764624082.243956566	0.000000	0.000000	-0.669322	0.000000	0.000000	0.000000	0.000000	0.000000	0.009603	0.000000	0.000000	0.000000	0.000000	0.000000	0.000000	0.000000	0.000000	0.000000	0.000000	0.000000	-71.104365	0.000000	0.000000	0.000000
1764624082.243969679	0.000000	0.000000	-0.704661	0.000000	0.000000	0.000000	0.000000	0.000000	0.009603	0.000000	0.000000	0.000000	0.000000	0.000000	0.000000	0.000000	0.000000	0.000000	0.000000	0.000000	-71.104365	0.000000	0.000000	0.000000
1764624082.252009392	0.000000	0.000000	-0.741744	0.000000	0.000000	0.000000	0.000000	0.000000	0.009603	0.000000	0.000000	0.000000	0.000000	0.000000	0.000000	0.000000	0.000000	0.000000	0.000000	0.000000	-71.104365	0.000000	0.000000	0.000000
1764624082.259504557	0.000000	0.000000	-0.499439	0.000000	0.000000	0.000000	0.000000	0.000000	0.009603	0.000000	0.000000	0.000000	0.000000	0.000000	0.000000	0.000000	0.000000	0.000000	0.000000	0.000000	-71.104365	0.000000	0.000000	0.000000
1764624082.269610167	0.000000	0.000000	-0.705313	0.000000	0.000000	0.000000	0.000000	0.000000	0.009603	0.000000	0.000000	0.000000	0.000000	0.000000	0.000000	0.000000	0.000000	0.000000	0.000000	0.000000	-71.104365	0.000000	0.000000	0.000000
1764624082.288951159	0.000000	0.000000	-0.456367	0.000000	0.000000	0.000000	0.000000	0.000000	0.009603	0.000000	0.000000	0.000000	0.000000	0.000000	0.000000	0.000000	0.000000	0.000000	0.000000	0.000000	-71.104365	0.000000	0.000000	0.000000
1764624082.295513153	0.000000	0.000000	-0.669160	0.000000	0.000000	0.000000	0.000000	0.000000	0.009603	0.000000	0.000000	0.000000	0.000000	0.000000	0.000000	0.000000	0.000000	0.000000	0.000000	0.000000	-71.104365	0.000000	0.000000	0.000000
1764624082.298638344	0.000000	0.000000	-0.531691	0.000000	0.000000	0.000000	0.000000	0.000000	0.009603	0.000000	0.000000	0.000000	0.000000	0.000000	0.000000	0.000000	0.000000	0.000000	0.000000	0.000000	-71.104365	0.000000	0.000000	0.000000
1764624082.316617489	0.000000	0.000000	-0.700346	0.000000	0.000000	0.000000	0.000000	0.000000	0.009603	0.000000	0.000000	0.000000	0.000000	0.000000	0.000000	0.000000	0.000000	0.000000	0.000000	0.000000	-71.104365	0.000000	0.000000	0.000000
1764624082.321488380	0.000000	0.000000	-0.553811	0.000000	0.000000	0.000000	0.000000	0.000000	0.009603	0.000000	0.000000	0.000000	0.000000	0.000000	0.000000	0.000000	0.000000	0.000000	0.000000	0.000000	-71.104365	0.000000	0.000000	0.000000
1764624082.330649376	0.000000	0.000000	-0.673521	0.000000	0.000000	0.000000	0.000000	0.000000	0.009603	0.000000	0.000000	0.000000	0.000000	0.000000	0.000000	0.000000	0.000000	0.000000	0.000000	0.000000	-71.104365	0.000000	0.000000	0.000000
1764624082.339789391	0.000000	0.000000	-0.576512	0.000000	0.000000	0.000000	0.000000	0.000000	0.009603	0.000000	0.000000	0.000000	0.000000	0.000000	0.000000	0.000000	0.000000	0.000000	0.000000	0.000000	-71.104365	0.000000	0.000000	0.000000
1764624082.350433350	0.000000	0.000000	-0.625900	0.000000	0.000000	0.000000	0.000000	0.000000	0.009603	0.000000	0.000000	0.000000	0.000000	0.000000	0.000000	0.000000	0.000000	0.000000	0.000000	0.000000	-71.104365	0.000000	0.000000	0.000000
1764624082.369280338	0.000000	0.000000	-0.487027	0.000000	0.000000	0.000000	0.000000	0.000000	0.009603	0.000000	0.000000	0.000000	0.000000	0.000000	0.000000	0.000000	0.000000	0.000000	0.000000	0.000000	-71.104365	0.000000	0.000000	0.000000
1764624082.371154547	0.000000	0.000000	-0.623456	0.000000	0.000000	0.000000	0.000000	0.000000	0.009603	0.000000	0.000000	0.000000	0.000000	0.000000	0.000000	0.000000	0.000000	0.000000	0.000000	0.000000	-71.104365	0.000000	0.000000	0.000000
1764624082.379345179	0.000000	0.000000	-0.718950	0.000000	0.000000	0.000000	0.000000	0.000000	0.009603	0.000000	0.000000	0.000000	0.000000	0.000000	0.000000	0.000000	0.000000	0.000000	0.000000	0.000000	-71.104365	0.000000	0.000000	0.000000
1764624082.388339281	0.000000	0.000000	-0.412969	0.000000	0.000000	0.000000	0.000000	0.000000	0.009603	0.000000	0.000000	0.000000	0.000000	0.000000	0.000000	0.000000	0.000000	0.000000	0.000000	0.000000	-71.104365	0.000000	0.000000	0.000000
1764624082.411752462	0.000000	0.000000	-0.702405	0.000000	0.000000	0.000000	0.000000	0.000000	0.009603	0.000000	0.000000	0.000000	0.000000	0.000000	0.000000	0.000000	0.000000	0.000000	0.000000	0.000000	-71.104365	0.000000	0.000000	0.000000
1764624082.411765099	0.000000	0.000000	-0.490952	0.000000	0.000000	0.000000	0.000000	0.000000	0.009603	0.000000	0.000000	0.000000	0.000000	0.000000	0.000000	0.000000	0.000000	0.000000	0.000000	0.000000	-71.104365	0.000000	0.000000	0.000000
1764624082.419686556	0.000000	0.000000	-0.405298	0.000000	0.000000	0.000000	0.000000	0.000000	0.009603	0.000000	0.000000	0.000000	0.000000	0.000000	0.000000	0.000000	0.000000	0.000000	0.000000	0.000000	-71.104365	0.000000	0.000000	0.000000
1764624082.438661814	0.000000	0.000000	-0.682929	0.000000	0.000000	0.000000	0.000000	0.000000	0.009603	0.000000	0.000000	0.000000	0.000000	0.000000	0.000000	0.000000	0.000000	0.000000	0.000000	0.000000	-71.104365	0.000000	0.000000	0.000000
1764624082.438673019	0.000000	0.000000	-0.432129	0.000000	0.000000	0.000000	0.000000	0.000000	0.009603	0.000000	0.000000	0.000000	0.000000	0.000000	0.000000	0.000000	0.000000	0.000000	0.000000	0.000000	-71.104365	0.000000	0.000000	0.000000
1764624082.449741364	0.000000	0.000000	-0.688436	0.000000	0.000000	0.000000	0.000000	0.000000	0.009603	0.000000	0.000000	0.000000	0.000000	0.000000	0.000000	0.000000	0.000000	0.000000	0.000000	0.000000	-71.104365	0.000000	0.000000	0.000000
1764624082.459881306	0.000000	0.000000	-0.505433	0.000000	0.000000	0.000000	0.000000	0.000000	nan	0.000000	0.000000	0.000000	0.000000	0.000000	0.000000	0.000000	0.000000	0.000000	0.000000	0.000000	-71.104365	0.000000	0.000000	0.000000
1764624082.482988834	0.000000	0.000000	-0.474095	0.000000	0.000000	0.000000	0.000000	0.000000	nan	0.000000	0.000000	0.000000	0.000000	0.000000	0.000000	0.000000	0.000000	0.000000	0.000000	0.000000	-71.104365	0.000000	0.000000	0.000000
1764624082.484319925	0.000000	0.000000	-0.542900	0.000000	0.000000	0.000000	0.000000	0.000000	nan	0.000000	0.000000	0.000000	0.000000	0.000000	0.000000	0.000000	0.000000	0.000000	0.000000	0.000000	-71.104365	0.000000	0.000000	0.000000
1764624082.489107370	0.000000	0.000000	-0.548427	0.000000	0.000000	0.000000	0.000000	0.000000	nan	0.000000	0.000000	0.000000	0.000000	0.000000	0.000000	0.000000	0.000000	0.000000	0.000000	0.000000	-71.104365	0.000000	0.000000	0.000000
1764624082.499400854	0.000000	0.000000	-0.413267	0.000000	0.000000	0.000000	0.000000	0.000000	nan	0.000000	0.000000	0.000000	0.000000	0.000000	0.000000	0.000000	0.000000	0.000000	0.000000	0.000000	-71.104365	0.000000	0.000000	0.000000
1764624082.518598557	0.000000	0.000000	-0.519286	0.000000	0.000000	0.000000	0.000000	0.000000	nan	0.000000	0.000000	0.000000	0.000000	0.000000	0.000000	0.000000	0.000000	0.000000	0.000000	0.000000	-71.104365	0.000000	0.000000	0.000000
1764624082.524852753	0.000000	0.000000	-0.459843	0.000000	0.000000	0.000000	0.000000	0.000000	nan	0.000000	0.000000	0.000000	0.000000	0.000000	0.000000	0.000000	0.000000	0.000000	0.000000	0.000000	-71.104365	0.000000	0.000000	0.000000
1764624082.528660774	0.000000	0.000000	-0.530569	0.000000	0.000000	0.000000	0.000000	0.000000	nan	0.000000	0.000000	0.000000	0.000000	0.000000	0.000000	0.000000	0.000000	0.000000	0.000000	0.000000	-71.104365	0.000000	0.000000	0.000000
1764624082.538949490	0.000000	0.000000	-0.435784	0.000000	0.000000	0.000000	0.000000	0.000000	nan	0.000000	0.000000	0.000000	0.000000	0.000000	0.000000	0.000000	0.000000	0.000000	0.000000	0.000000	-71.104365	0.000000	0.000000	0.000000
1764624082.557956219	0.000000	0.000000	-0.345210	0.000000	0.000000	0.000000	0.000000	0.000000	nan	0.000000	0.000000	0.000000	0.000000	0.000000	0.000000	0.000000	0.000000	0.000000	0.000000	0.000000	-71.104365	0.000000	0.000000	0.000000
1764624082.564683676	0.000000	0.000000	-0.657249	0.000000	0.000000	0.000000	0.000000	0.000000	nan	0.000000	0.000000	0.000000	0.000000	0.000000	0.000000	0.000000	0.000000	0.000000	0.000000	0.000000	-71.104365	0.000000	0.000000	0.000000
1764624082.569808245	0.000000	0.000000	-0.428181	0.000000	0.000000	0.000000	0.000000	0.000000	nan	0.000000	0.000000	0.000000	0.000000	0.000000	0.000000	0.000000	0.000000	0.000000	0.000000	0.000000	-71.104365	0.000000	0.000000	0.000000
1764624082.579285860	0.000000	0.000000	-0.489935	0.000000	0.000000	0.000000	0.000000	0.000000	nan	0.000000	0.000000	0.000000	0.000000	0.000000	0.000000	0.000000	0.000000	0.000000	0.000000	0.000000	-71.104365	0.000000	0.000000	0.000000
1764624082.588582754	0.000000	0.000000	-0.402786	0.000000	0.000000	0.000000	0.000000	0.000000	nan	0.000000	0.000000	0.000000	0.000000	0.000000	0.000000	0.000000	0.000000	0.000000	0.000000	0.000000	-71.104365	0.000000	0.000000	0.000000
1764624082.598619938	0.000000	0.000000	-0.510141	0.000000	0.000000	0.000000	0.000000	0.000000	nan	0.000000	0.000000	0.000000	0.000000	0.000000	0.000000	0.000000	0.000000	0.000000	0.000000	0.000000	-71.104365	0.000000	0.000000	0.000000
1764624082.612531424	0.000000	0.000000	-0.487717	0.000000	0.000000	0.000000	0.000000	0.000000	nan	0.000000	0.000000	0.000000	0.000000	0.000000	0.000000	0.000000	0.000000	0.000000	0.000000	0.000000	-71.104365	0.000000	0.000000	0.000000
1764624082.618631601	0.000000	0.000000	-0.373722	0.000000	0.000000	0.000000	0.000000	0.000000	nan	0.000000	0.000000	0.000000	0.000000	0.000000	0.000000	0.000000	0.000000	0.000000	0.000000	0.000000	-71.104365	0.000000	0.000000	0.000000
1764624082.629312992	0.000000	0.000000	-0.258119	0.000000	0.000000	0.000000	0.000000	0.000000	nan	0.000000	0.000000	0.000000	0.000000	0.000000	0.000000	0.000000	0.000000	0.000000	0.000000	0.000000	-71.104365	0.000000	0.000000	0.000000
1764624082.650157213	0.000000	0.000000	-0.653717	0.000000	0.000000	0.000000	0.000000	0.000000	nan	0.000000	0.000000	0.000000	0.000000	0.000000	0.000000	0.000000	0.000000	0.000000	0.000000	0.000000	-71.104365	0.000000	0.000000	0.000000
1764624082.651792765	0.000000	0.000000	-0.330358	0.000000	0.000000	0.000000	0.000000	0.000000	nan	0.000000	0.000000	0.000000	0.000000	0.000000	0.000000	0.000000	0.000000	0.000000	0.000000	0.000000	-71.104365	0.000000	0.000000	0.000000
1764624082.660289764	0.000000	0.000000	-0.344270	0.000000	0.000000	0.000000	0.000000	0.000000	nan	0.000000	0.000000	0.000000	0.000000	0.000000	0.000000	0.000000	0.000000	0.000000	0.000000	0.000000	-71.104365	0.000000	0.000000	0.000000
1764624082.683154345	0.000000	0.000000	-0.523271	0.000000	0.000000	0.000000	0.000000	0.000000	nan	0.000000	0.000000	0.000000	0.000000	0.000000	0.000000	0.000000	0.000000	0.000000	0.000000	0.000000	-71.104365	0.000000	0.000000	0.000000
1764624082.683171272	0.000000	0.000000	-0.428708	0.000000	0.000000	0.000000	0.000000	0.000000	nan	0.000000	0.000000	0.000000	0.000000	0.000000	0.000000	0.000000	0.000000	0.000000	0.000000	0.000000	-71.104365	0.000000	0.000000	0.000000
1764624082.689141273	0.000000	0.000000	-0.428179	0.000000	0.000000	0.000000	0.000000	0.000000	nan	0.000000	0.000000	0.000000	0.000000	0.000000	0.000000	0.000000	0.000000	0.000000	0.000000	0.000000	-71.104365	0.000000	0.000000	0.000000
1764624082.698972464	0.000000	0.000000	-0.383821	0.000000	0.000000	0.000000	0.000000	0.000000	nan	0.000000	0.000000	0.000000	0.000000	0.000000	0.000000	0.000000	0.000000	0.000000	0.000000	0.000000	-71.104365	0.000000	0.000000	0.000000
1764624082.724160671	0.000000	0.000000	-0.260796	0.000000	0.000000	0.000000	0.000000	0.000000	nan	0.000000	0.000000	0.000000	0.000000	0.000000	0.000000	0.000000	0.000000	0.000000	0.000000	0.000000	-71.104365	0.000000	0.000000	0.000000
1764624082.725394011	0.000000	0.000000	-0.590061	0.000000	0.000000	0.000000	0.000000	0.000000	nan	0.000000	0.000000	0.000000	0.000000	0.000000	0.000000	0.000000	0.000000	0.000000	0.000000	0.000000	-71.104365	0.000000	0.000000	0.000000
1764624082.728915215	0.000000	0.000000	-0.337472	0.000000	0.000000	0.000000	0.000000	0.000000	nan	0.000000	0.000000	0.000000	0.000000	0.000000	0.000000	0.000000	0.000000	0.000000	0.000000	0.000000	-71.104365	0.000000	0.000000	0.000000
1764624082.739626169	0.000000	0.000000	-0.264798	0.000000	0.000000	0.000000	0.000000	0.000000	nan	0.000000	0.000000	0.000000	0.000000	0.000000	0.000000	0.000000	0.000000	0.000000	0.000000	0.000000	-71.104365	0.000000	0.000000	0.000000
1764624082.748776674	0.000000	0.000000	-0.460113	0.000000	0.000000	0.000000	0.000000	0.000000	nan	0.000000	0.000000	0.000000	0.000000	0.000000	0.000000	0.000000	0.000000	0.000000	0.000000	0.000000	-71.104365	0.000000	0.000000	0.000000
1764624082.759328604	0.000000	0.000000	-0.225175	0.000000	0.000000	0.000000	0.000000	0.000000	nan	0.000000	0.000000	0.000000	0.000000	0.000000	0.000000	0.000000	0.000000	0.000000	0.000000	0.000000	-71.104365	0.000000	0.000000	0.000000
1764624082.772293091	0.000000	0.000000	-0.525776	0.000000	0.000000	0.000000	0.000000	0.000000	nan	0.000000	0.000000	0.000000	0.000000	0.000000	0.000000	0.000000	0.000000	0.000000	0.000000	0.000000	-71.104365	0.000000	0.000000	0.000000
1764624082.779013634	0.000000	0.000000	-0.329135	0.000000	0.000000	0.000000	0.000000	0.000000	nan	0.000000	0.000000	0.000000	0.000000	0.000000	0.000000	0.000000	0.000000	0.000000	0.000000	0.000000	-71.104365	0.000000	0.000000	0.000000
1764624082.804869652	0.000000	0.000000	-0.225779	0.000000	0.000000	0.000000	0.000000	0.000000	nan	0.000000	0.000000	0.000000	0.000000	0.000000	0.000000	0.000000	0.000000	0.000000	0.000000	0.000000	-71.104365	0.000000	0.000000	0.000000
1764624082.804882526	0.000000	0.000000	-0.400458	0.000000	0.000000	0.000000	0.000000	0.000000	nan	0.000000	0.000000	0.000000	0.000000	0.000000	0.000000	0.000000	0.000000	0.000000	0.000000	0.000000	-71.104365	0.000000	0.000000	0.000000
1764624082.809318304	0.000000	0.000000	-0.381364	0.000000	0.000000	0.000000	0.000000	0.000000	nan	0.000000	0.000000	0.000000	0.000000	0.000000	0.000000	0.000000	0.000000	0.000000	0.000000	0.000000	-71.104365	0.000000	0.000000	0.000000
1764624082.819179296	0.000000	0.000000	-0.333603	0.000000	0.000000	0.000000	0.000000	0.000000	nan	0.000000	0.000000	0.000000	0.000000	0.000000	0.000000	0.000000	0.000000	0.000000	0.000000	0.000000	-71.104365	0.000000	0.000000	0.000000
1764624082.829122066	0.000000	0.000000	-0.441938	0.000000	0.000000	0.000000	0.000000	0.000000	nan	0.000000	0.000000	0.000000	0.000000	0.000000	0.000000	0.000000	0.000000	0.000000	0.000000	0.000000	-71.104365	0.000000	0.000000	0.000000
1764624082.846947193	0.000000	0.000000	-0.236368	0.000000	0.000000	0.000000	0.000000	0.000000	nan	0.000000	0.000000	0.000000	0.000000	0.000000	0.000000	0.000000	0.000000	0.000000	0.000000	0.000000	-71.104365	0.000000	0.000000	0.000000
1764624082.849120617	0.000000	0.000000	-0.472124	0.000000	0.000000	0.000000	0.000000	0.000000	nan	0.000000	0.000000	0.000000	0.000000	0.000000	0.000000	0.000000	0.000000	0.000000	0.000000	0.000000	-71.104365	0.000000	0.000000	0.000000
1764624082.859408379	0.000000	0.000000	-0.207355	0.000000	0.000000	0.000000	0.000000	0.000000	nan	0.000000	0.000000	0.000000	0.000000	0.000000	0.000000	0.000000	0.000000	0.000000	0.000000	0.000000	-71.104365	0.000000	0.000000	0.000000
1764624082.869054079	0.000000	0.000000	-0.233170	0.000000	0.000000	0.000000	0.000000	0.000000	nan	0.000000	0.000000	0.000000	0.000000	0.000000	0.000000	0.000000	0.000000	0.000000	0.000000	0.000000	-71.104365	0.000000	0.000000	0.000000
1764624082.882800817	0.000000	0.000000	-0.490136	0.000000	0.000000	0.000000	0.000000	0.000000	nan	0.000000	0.000000	0.000000	0.000000	0.000000	0.000000	0.000000	0.000000	0.000000	0.000000	0.000000	-71.104365	0.000000	0.000000	0.000000
1764624082.889212847	0.000000	0.000000	-0.223296	0.000000	0.000000	0.000000	0.000000	0.000000	nan	0.000000	0.000000	0.000000	0.000000	0.000000	0.000000	0.000000	0.000000	0.000000	0.000000	0.000000	-71.104365	0.000000	0.000000	0.000000
1764624082.898596525	0.000000	0.000000	-0.366905	0.000000	0.000000	0.000000	0.000000	0.000000	nan	0.000000	0.000000	0.000000	0.000000	0.000000	0.000000	0.000000	0.000000	0.000000	0.000000	0.000000	-71.104365	0.000000	0.000000	0.000000
1764624082.908702374	0.000000	0.000000	-0.318220	0.000000	0.000000	0.000000	0.000000	0.000000	nan	0.000000	0.000000	0.000000	0.000000	0.000000	0.000000	0.000000	0.000000	0.000000	0.000000	0.000000	-71.104365	0.000000	0.000000	0.000000
1764624082.918303013	0.000000	0.000000	-0.213611	0.000000	0.000000	0.000000	0.000000	0.000000	nan	0.000000	0.000000	0.000000	0.000000	0.000000	0.000000	0.000000	0.000000	0.000000	0.000000	0.000000	-71.104365	0.000000	0.000000	0.000000
1764624082.931844234	0.000000	0.000000	-0.368871	0.000000	0.000000	0.000000	0.000000	0.000000	nan	0.000000	0.000000	0.000000	0.000000	0.000000	0.000000	0.000000	0.000000	0.000000	0.000000	0.000000	-71.104365	0.000000	0.000000	0.000000
1764624082.939218283	0.000000	0.000000	-0.270668	0.000000	0.000000	0.000000	0.000000	0.000000	nan	0.000000	0.000000	0.000000	0.000000	0.000000	0.000000	0.000000	0.000000	0.000000	0.000000	0.000000	-71.104365	0.000000	0.000000	0.000000
1764624082.949058771	0.000000	0.000000	-0.276125	0.000000	0.000000	0.000000	0.000000	0.000000	nan	0.000000	0.000000	0.000000	0.000000	0.000000	0.000000	0.000000	0.000000	0.000000	0.000000	0.000000	-71.104365	0.000000	0.000000	0.000000
1764624082.965840578	0.000000	0.000000	-0.328479	0.000000	0.000000	0.000000	0.000000	0.000000	nan	0.000000	0.000000	0.000000	0.000000	0.000000	0.000000	0.000000	0.000000	0.000000	0.000000	0.000000	-71.104365	0.000000	0.000000	0.000000
1764624082.967911005	0.000000	0.000000	-0.320770	0.000000	0.000000	0.000000	0.000000	0.000000	nan	0.000000	0.000000	0.000000	0.000000	0.000000	0.000000	0.000000	0.000000	0.000000	0.000000	0.000000	-71.104365	0.000000	0.000000	0.000000
1764624082.979177952	0.000000	0.000000	-0.247718	0.000000	0.000000	0.000000	0.000000	0.000000	nan	0.000000	0.000000	0.000000	0.000000	0.000000	0.000000	0.000000	0.000000	0.000000	0.000000	0.000000	-71.104365	0.000000	0.000000	0.000000
1764624082.988595247	0.000000	0.000000	-0.376223	0.000000	0.000000	0.000000	0.000000	0.000000	nan	0.000000	0.000000	0.000000	0.000000	0.000000	0.000000	0.000000	0.000000	0.000000	0.000000	0.000000	0.000000	0.000000	0.000000	0.000000
1764624082.999113321	0.000000	0.000000	-0.071435	0.000000	0.000000	0.000000	0.000000	0.000000	nan	0.000000	0.000000	0.000000	0.000000	0.000000	0.000000	0.000000	0.000000	0.000000	0.000000	0.000000	0.000000	0.000000	0.000000	0.000000
1764624083.011717796	0.000000	0.000000	-0.426894	0.000000	0.000000	0.000000	0.000000	0.000000	nan	0.000000	0.000000	0.000000	0.000000	0.000000	0.000000	0.000000	0.000000	0.000000	0.000000	0.000000	0.000000	0.000000	0.000000	0.000000
1764624083.019037485	0.000000	0.000000	-0.137893	0.000000	0.000000	0.000000	0.000000	0.000000	nan	0.000000	0.000000	0.000000	0.000000	0.000000	0.000000	0.000000	0.000000	0.000000	0.000000	0.000000	0.000000	0.000000	0.000000	0.000000
1764624083.028839588	0.000000	0.000000	-0.223187	0.000000	0.000000	0.000000	0.000000	0.000000	nan	0.000000	0.000000	0.000000	0.000000	0.000000	0.000000	0.000000	0.000000	0.000000	0.000000	0.000000	0.000000	0.000000	0.000000	0.000000
1764624083.042042971	0.000000	0.000000	-0.081857	0.000000	0.000000	0.000000	0.000000	0.000000	nan	0.000000	0.000000	0.000000	0.000000	0.000000	0.000000	0.000000	0.000000	0.000000	0.000000	0.000000	0.000000	0.000000	0.000000	0.000000
1764624083.049568415	0.000000	0.000000	0.006358	0.000000	0.000000	0.000000	0.000000	0.000000	nan	0.000000	0.000000	0.000000	0.000000	0.000000	0.000000	0.000000	0.000000	0.000000	0.000000	0.000000	0.000000	0.000000	0.000000	0.000000
1764624083.059306622	0.000000	0.000000	0.116562	0.000000	0.000000	0.000000	0.000000	0.000000	nan	0.000000	0.000000	0.000000	0.000000	0.000000	0.000000	0.000000	0.000000	0.000000	0.000000	0.000000	0.000000	0.000000	0.000000	0.000000
1764624083.069481850	0.000000	0.000000	0.262013	0.000000	0.000000	0.000000	0.000000	0.000000	nan	0.000000	0.000000	0.000000	0.000000	0.000000	0.000000	0.000000	0.000000	0.000000	0.000000	0.000000	0.000000	0.000000	0.000000	0.000000
1764624083.078968287	0.000000	0.000000	0.480191	0.000000	0.000000	0.000000	0.000000	0.000000	nan	0.000000	0.000000	0.000000	0.000000	0.000000	0.000000	0.000000	0.000000	0.000000	0.000000	0.000000	0.000000	0.000000	0.000000	0.000000
1764624083.092835426	0.000000	0.000000	0.351932	0.000000	0.000000	0.000000	0.000000	0.000000	nan	0.000000	0.000000	0.000000	0.000000	0.000000	0.000000	0.000000	0.000000	0.000000	0.000000	0.000000	88.716760	0.000000	0.000000	0.000000
1764624083.099003315	0.000000	0.000000	0.443925	0.000000	0.000000	0.000000	0.000000	0.000000	nan	0.000000	0.000000	0.000000	0.000000	0.000000	0.000000	0.000000	0.000000	0.000000	0.000000	0.000000	88.716760	0.000000	0.000000	0.000000
1764624083.108685017	0.000000	0.000000	0.503913	0.000000	0.000000	0.000000	0.000000	0.000000	nan	0.000000	0.000000	0.000000	0.000000	0.000000	0.000000	0.000000	0.000000	0.000000	0.000000	0.000000	88.716760	0.000000	0.000000	0.000000
1764624083.122940063	0.000000	0.000000	0.717681	0.000000	0.000000	0.000000	0.000000	0.000000	nan	0.000000	0.000000	0.000000	0.000000	0.000000	0.000000	0.000000	0.000000	0.000000	0.000000	0.000000	88.716760	0.000000	0.000000	0.000000
1764624083.130015373	0.000000	0.000000	0.491829	0.000000	0.000000	0.000000	0.000000	0.000000	nan	0.000000	0.000000	0.000000	0.000000	0.000000	0.000000	0.000000	0.000000	0.000000	0.000000	0.000000	88.716760	0.000000	0.000000	0.000000
1764624083.139370441	0.000000	0.000000	0.645717	0.000000	0.000000	0.000000	0.000000	0.000000	nan	0.000000	0.000000	0.000000	0.000000	0.000000	0.000000	0.000000	0.000000	0.000000	0.000000	0.000000	88.716760	0.000000	0.000000	0.000000
1764624083.149099588	0.000000	0.000000	0.637446	0.000000	0.000000	0.000000	0.000000	0.000000	nan	0.000000	0.000000	0.000000	0.000000	0.000000	0.000000	0.000000	0.000000	0.000000	0.000000	0.000000	88.716760	0.000000	0.000000	0.000000
1764624083.159147024	0.000000	0.000000	0.484863	0.000000	0.000000	0.000000	0.000000	0.000000	nan	0.000000	0.000000	0.000000	0.000000	0.000000	0.000000	0.000000	0.000000	0.000000	0.000000	0.000000	88.716760	0.000000	0.000000	0.000000
1764624083.175571918	0.000000	0.000000	0.743979	0.000000	0.000000	0.000000	0.000000	0.000000	nan	0.000000	0.000000	0.000000	0.000000	0.000000	0.000000	0.000000	0.000000	0.000000	0.000000	0.000000	88.716760	0.000000	0.000000	0.000000
1764624083.178603649	0.000000	0.000000	0.473000	0.000000	0.000000	0.000000	0.000000	0.000000	nan	0.000000	0.000000	0.000000	0.000000	0.000000	0.000000	0.000000	0.000000	0.000000	0.000000	0.000000	88.716760	0.000000	0.000000	0.000000
1764624083.189260960	0.000000	0.000000	0.729181	0.000000	0.000000	0.000000	0.000000	0.000000	nan	0.000000	0.000000	0.000000	0.000000	0.000000	0.000000	0.000000	0.000000	0.000000	0.000000	0.000000	88.716760	0.000000	0.000000	0.000000
1764624083.198369503	0.000000	0.000000	0.485753	0.000000	0.000000	0.000000	0.000000	0.000000	nan	0.000000	0.000000	0.000000	0.000000	0.000000	0.000000	0.000000	0.000000	0.000000	0.000000	0.000000	88.716760	0.000000	0.000000	0.000000
1764624083.214200258	0.000000	0.000000	0.742816	0.000000	0.000000	0.000000	0.000000	0.000000	-0.297419	0.000000	0.000000	0.000000	0.000000	0.000000	0.000000	0.000000	0.000000	0.000000	0.000000	0.000000	88.716760	0.000000	0.000000	0.000000
1764624083.218634844	0.000000	0.000000	0.581125	0.000000	0.000000	0.000000	0.000000	0.000000	-0.297419	0.000000	0.000000	0.000000	0.000000	0.000000	0.000000	0.000000	0.000000	0.000000	0.000000	0.000000	88.716760	0.000000	0.000000	0.000000
1764624083.229437351	0.000000	0.000000	0.488530	0.000000	0.000000	0.000000	0.000000	0.000000	-0.297419	0.000000	0.000000	0.000000	0.000000	0.000000	0.000000	0.000000	0.000000	0.000000	0.000000	0.000000	88.716760	0.000000	0.000000	0.000000
1764624083.240160227	0.000000	0.000000	0.565471	0.000000	0.000000	0.000000	0.000000	0.000000	-0.297419	0.000000	0.000000	0.000000	0.000000	0.000000	0.000000	0.000000	0.000000	0.000000	0.000000	0.000000	88.716760	0.000000	0.000000	0.000000
1764624083.251696348	0.000000	0.000000	0.690999	0.000000	0.000000	0.000000	0.000000	0.000000	-0.297419	0.000000	0.000000	0.000000	0.000000	0.000000	0.000000	0.000000	0.000000	0.000000	0.000000	0.000000	88.716760	0.000000	0.000000	0.000000
1764624083.259659290	0.000000	0.000000	0.573096	0.000000	0.000000	0.000000	0.000000	0.000000	-0.297419	0.000000	0.000000	0.000000	0.000000	0.000000	0.000000	0.000000	0.000000	0.000000	0.000000	0.000000	88.716760	0.000000	0.000000	0.000000
1764624083.269143105	0.000000	0.000000	0.663764	0.000000	0.000000	0.000000	0.000000	0.000000	-0.297419	0.000000	0.000000	0.000000	0.000000	0.000000	0.000000	0.000000	0.000000	0.000000	0.000000	0.000000	88.716760	0.000000	0.000000	0.000000
1764624083.282026529	0.000000	0.000000	0.745023	0.000000	0.000000	0.000000	0.000000	0.000000	-0.297419	0.000000	0.000000	0.000000	0.000000	0.000000	0.000000	0.000000	0.000000	0.000000	0.000000	0.000000	88.716760	0.000000	0.000000	0.000000
1764624083.289829969	0.000000	0.000000	0.855131	0.000000	0.000000	0.000000	0.000000	0.000000	-0.297419	0.000000	0.000000	0.000000	0.000000	0.000000	0.000000	0.000000	0.000000	0.000000	0.000000	0.000000	88.716760	0.000000	0.000000	0.000000
1764624083.298998117	0.000000	0.000000	0.889136	0.000000	0.000000	0.000000	0.000000	0.000000	-0.297419	0.000000	0.000000	0.000000	0.000000	0.000000	0.000000	0.000000	0.000000	0.000000	0.000000	0.000000	88.716760	0.000000	0.000000	0.000000
1764624083.309422016	0.000000	0.000000	0.887553	0.000000	0.000000	0.000000	0.000000	0.000000	-0.297419	0.000000	0.000000	0.000000	0.000000	0.000000	0.000000	0.000000	0.000000	0.000000	0.000000	0.000000	88.716760	0.000000	0.000000	0.000000
1764624083.319464207	0.000000	0.000000	0.936445	0.000000	0.000000	0.000000	0.000000	0.000000	-0.297419	0.000000	0.000000	0.000000	0.000000	0.000000	0.000000	0.000000	0.000000	0.000000	0.000000	0.000000	88.716760	0.000000	0.000000	0.000000
1764624083.332235098	0.000000	0.000000	1.007547	0.000000	0.000000	0.000000	0.000000	0.000000	-0.297419	0.000000	0.000000	0.000000	0.000000	0.000000	0.000000	0.000000	0.000000	0.000000	0.000000	0.000000	88.716760	0.000000	0.000000	0.000000
1764624083.338771343	0.000000	0.000000	1.006886	0.000000	0.000000	0.000000	0.000000	0.000000	-0.297419	0.000000	0.000000	0.000000	0.000000	0.000000	0.000000	0.000000	0.000000	0.000000	0.000000	0.000000	88.716760	0.000000	0.000000	0.000000
1764624083.359095573	0.000000	0.000000	0.997438	0.000000	0.000000	0.000000	0.000000	0.000000	-0.297419	0.000000	0.000000	0.000000	0.000000	0.000000	0.000000	0.000000	0.000000	0.000000	0.000000	0.000000	88.716760	0.000000	0.000000	0.000000
1764624083.359122992	0.000000	0.000000	1.075696	0.000000	0.000000	0.000000	0.000000	0.000000	-0.297419	0.000000	0.000000	0.000000	0.000000	0.000000	0.000000	0.000000	0.000000	0.000000	0.000000	0.000000	88.716760	0.000000	0.000000	0.000000
1764624083.373797417	0.000000	0.000000	0.987995	0.000000	0.000000	0.000000	0.000000	0.000000	-0.297419	0.000000	0.000000	0.000000	0.000000	0.000000	0.000000	0.000000	0.000000	0.000000	0.000000	0.000000	88.716760	0.000000	0.000000	0.000000
1764624083.384920597	0.000000	0.000000	1.001821	0.000000	0.000000	0.000000	0.000000	0.000000	-0.297419	0.000000	0.000000	0.000000	0.000000	0.000000	0.000000	0.000000	0.000000	0.000000	0.000000	0.000000	88.716760	0.000000	0.000000	0.000000
1764624083.388007641	0.000000	0.000000	1.040529	0.000000	0.000000	0.000000	0.000000	0.000000	-0.297419	0.000000	0.000000	0.000000	0.000000	0.000000	0.000000	0.000000	0.000000	0.000000	0.000000	0.000000	88.716760	0.000000	0.000000	0.000000
1764624083.400846720	0.000000	0.000000	0.989340	0.000000	0.000000	0.000000	0.000000	0.000000	-0.297419	0.000000	0.000000	0.000000	0.000000	0.000000	0.000000	0.000000	0.000000	0.000000	0.000000	0.000000	88.716760	0.000000	0.000000	0.000000
1764624083.415414095	0.000000	0.000000	0.957848	0.000000	0.000000	0.000000	0.000000	0.000000	-0.297419	0.000000	0.000000	0.000000	0.000000	0.000000	0.000000	0.000000	0.000000	0.000000	0.000000	0.000000	88.716760	0.000000	0.000000	0.000000
1764624083.425420761	0.000000	0.000000	1.046418	0.000000	0.000000	0.000000	0.000000	0.000000	-0.297419	0.000000	0.000000	0.000000	0.000000	0.000000	0.000000	0.000000	0.000000	0.000000	0.000000	0.000000	88.716760	0.000000	0.000000	0.000000
1764624083.429236174	0.000000	0.000000	0.900751	0.000000	0.000000	0.000000	0.000000	0.000000	-0.297419	0.000000	0.000000	0.000000	0.000000	0.000000	0.000000	0.000000	0.000000	0.000000	0.000000	0.000000	88.716760	0.000000	0.000000	0.000000
1764624083.444481850	0.000000	0.000000	0.915715	0.000000	0.000000	0.000000	0.000000	0.000000	-0.297419	0.000000	0.000000	0.000000	0.000000	0.000000	0.000000	0.000000	0.000000	0.000000	0.000000	0.000000	88.716760	0.000000	0.000000	0.000000
1764624083.450188875	0.000000	0.000000	0.918937	0.000000	0.000000	0.000000	0.000000	0.000000	-0.297419	0.000000	0.000000	0.000000	0.000000	0.000000	0.000000	0.000000	0.000000	0.000000	0.000000	0.000000	88.716760	0.000000	0.000000	0.000000
1764624083.460455894	0.000000	0.000000	0.977625	0.000000	0.000000	0.000000	0.000000	0.000000	-0.208648	0.000000	0.000000	0.000000	0.000000	0.000000	0.000000	0.000000	0.000000	0.000000	0.000000	0.000000	88.716760	0.000000	0.000000	0.000000
1764624083.480079889	0.000000	0.000000	0.840254	0.000000	0.000000	0.000000	0.000000	0.000000	-0.208648	0.000000	0.000000	0.000000	0.000000	0.000000	0.000000	0.000000	0.000000	0.000000	0.000000	0.000000	88.716760	0.000000	0.000000	0.000000
1764624083.480098248	0.000000	0.000000	0.777696	0.000000	0.000000	0.000000	0.000000	0.000000	-0.208648	0.000000	0.000000	0.000000	0.000000	0.000000	0.000000	0.000000	0.000000	0.000000	0.000000	0.000000	88.716760	0.000000	0.000000	0.000000
1764624083.488814354	0.000000	0.000000	0.855998	0.000000	0.000000	0.000000	0.000000	0.000000	-0.208648	0.000000	0.000000	0.000000	0.000000	0.000000	0.000000	0.000000	0.000000	0.000000	0.000000	0.000000	88.716760	0.000000	0.000000	0.000000
1764624083.499609947	0.000000	0.000000	0.783961	0.000000	0.000000	0.000000	0.000000	0.000000	-0.208648	0.000000	0.000000	0.000000	0.000000	0.000000	0.000000	0.000000	0.000000	0.000000	0.000000	0.000000	88.716760	0.000000	0.000000	0.000000
1764624083.509150982	0.000000	0.000000	0.677100	0.000000	0.000000	0.000000	0.000000	0.000000	-0.208648	0.000000	0.000000	0.000000	0.000000	0.000000	0.000000	0.000000	0.000000	0.000000	0.000000	0.000000	88.716760	0.000000	0.000000	0.000000
1764624083.520991325	0.000000	0.000000	0.880914	0.000000	0.000000	0.000000	0.000000	0.000000	-0.208648	0.000000	0.000000	0.000000	0.000000	0.000000	0.000000	0.000000	0.000000	0.000000	0.000000	0.000000	88.716760	0.000000	0.000000	0.000000
1764624083.533027411	0.000000	0.000000	0.430416	0.000000	0.000000	0.000000	0.000000	0.000000	-0.208648	0.000000	0.000000	0.000000	0.000000	0.000000	0.000000	0.000000	0.000000	0.000000	0.000000	0.000000	88.716760	0.000000	0.000000	0.000000
1764624083.539013624	0.000000	0.000000	0.649415	0.000000	0.000000	0.000000	0.000000	0.000000	-0.208648	0.000000	0.000000	0.000000	0.000000	0.000000	0.000000	0.000000	0.000000	0.000000	0.000000	0.000000	88.716760	0.000000	0.000000	0.000000
1764624083.559345245	0.000000	0.000000	0.769413	0.000000	0.000000	0.000000	0.000000	0.000000	-0.208648	0.000000	0.000000	0.000000	0.000000	0.000000	0.000000	0.000000	0.000000	0.000000	0.000000	0.000000	88.716760	0.000000	0.000000	0.000000
1764624083.559358120	0.000000	0.000000	0.793231	0.000000	0.000000	0.000000	0.000000	0.000000	-0.208648	0.000000	0.000000	0.000000	0.000000	0.000000	0.000000	0.000000	0.000000	0.000000	0.000000	0.000000	88.716760	0.000000	0.000000	0.000000
1764624083.569790363	0.000000	0.000000	0.666922	0.000000	0.000000	0.000000	0.000000	0.000000	-0.208648	0.000000	0.000000	0.000000	0.000000	0.000000	0.000000	0.000000	0.000000	0.000000	0.000000	0.000000	88.716760	0.000000	0.000000	0.000000
1764624083.579606295	0.000000	0.000000	0.925785	0.000000	0.000000	0.000000	0.000000	0.000000	-0.208648	0.000000	0.000000	0.000000	0.000000	0.000000	0.000000	0.000000	0.000000	0.000000	0.000000	0.000000	88.716760	0.000000	0.000000	0.000000
1764624083.589191675	0.000000	0.000000	0.370130	0.000000	0.000000	0.000000	0.000000	0.000000	-0.208648	0.000000	0.000000	0.000000	0.000000	0.000000	0.000000	0.000000	0.000000	0.000000	0.000000	0.000000	88.716760	0.000000	0.000000	0.000000
1764624083.598756790	0.000000	0.000000	0.868349	0.000000	0.000000	0.000000	0.000000	0.000000	-0.208648	0.000000	0.000000	0.000000	0.000000	0.000000	0.000000	0.000000	0.000000	0.000000	0.000000	0.000000	88.716760	0.000000	0.000000	0.000000
1764624083.610923529	0.000000	0.000000	0.802087	0.000000	0.000000	0.000000	0.000000	0.000000	-0.208648	0.000000	0.000000	0.000000	0.000000	0.000000	0.000000	0.000000	0.000000	0.000000	0.000000	0.000000	88.716760	0.000000	0.000000	0.000000
1764624083.619075775	0.000000	0.000000	0.538885	0.000000	0.000000	0.000000	0.000000	0.000000	-0.208648	0.000000	0.000000	0.000000	0.000000	0.000000	0.000000	0.000000	0.000000	0.000000	0.000000	0.000000	88.716760	0.000000	0.000000	0.000000
1764624083.629326820	0.000000	0.000000	0.843975	0.000000	0.000000	0.000000	0.000000	0.000000	-0.208648	0.000000	0.000000	0.000000	0.000000	0.000000	0.000000	0.000000	0.000000	0.000000	0.000000	0.000000	88.716760	0.000000	0.000000	0.000000
1764624083.648861408	0.000000	0.000000	0.645188	0.000000	0.000000	0.000000	0.000000	0.000000	-0.208648	0.000000	0.000000	0.000000	0.000000	0.000000	0.000000	0.000000	0.000000	0.000000	0.000000	0.000000	88.716760	0.000000	0.000000	0.000000
1764624083.648874283	0.000000	0.000000	0.574689	0.000000	0.000000	0.000000	0.000000	0.000000	-0.208648	0.000000	0.000000	0.000000	0.000000	0.000000	0.000000	0.000000	0.000000	0.000000	0.000000	0.000000	88.716760	0.000000	0.000000	0.000000
1764624083.659235477	0.000000	0.000000	0.734330	0.000000	0.000000	0.000000	0.000000	0.000000	-0.208648	0.000000	0.000000	0.000000	0.000000	0.000000	0.000000	0.000000	0.000000	0.000000	0.000000	0.000000	88.716760	0.000000	0.000000	0.000000
1764624083.678235769	0.000000	0.000000	0.660153	0.000000	0.000000	0.000000	0.000000	0.000000	-0.208648	0.000000	0.000000	0.000000	0.000000	0.000000	0.000000	0.000000	0.000000	0.000000	0.000000	0.000000	88.716760	0.000000	0.000000	0.000000
1764624083.680368185	0.000000	0.000000	0.677522	0.000000	0.000000	0.000000	0.000000	0.000000	-0.208648	0.000000	0.000000	0.000000	0.000000	0.000000	0.000000	0.000000	0.000000	0.000000	0.000000	0.000000	88.716760	0.000000	0.000000	0.000000
1764624083.695080280	0.000000	0.000000	0.531716	0.000000	0.000000	0.000000	0.000000	0.000000	-0.208648	0.000000	0.000000	0.000000	0.000000	0.000000	0.000000	0.000000	0.000000	0.000000	0.000000	0.000000	88.716760	0.000000	0.000000	0.000000
1764624083.702176809	0.000000	0.000000	0.576029	0.000000	0.000000	0.000000	0.000000	0.000000	-0.208648	0.000000	0.000000	0.000000	0.000000	0.000000	0.000000	0.000000	0.000000	0.000000	0.000000	0.000000	88.716760	0.000000	0.000000	0.000000
1764624083.717147827	0.000000	0.000000	0.581470	0.000000	0.000000	0.000000	0.000000	0.000000	-0.051871	0.000000	0.000000	0.000000	0.000000	0.000000	0.000000	0.000000	0.000000	0.000000	0.000000	0.000000	88.716760	0.000000	0.000000	0.000000
1764624083.718717575	0.000000	0.000000	0.593797	0.000000	0.000000	0.000000	0.000000	0.000000	-0.051871	0.000000	0.000000	0.000000	0.000000	0.000000	0.000000	0.000000	0.000000	0.000000	0.000000	0.000000	88.716760	0.000000	0.000000	0.000000
1764624083.728662014	0.000000	0.000000	0.617143	0.000000	0.000000	0.000000	0.000000	0.000000	-0.051871	0.000000	0.000000	0.000000	0.000000	0.000000	0.000000	0.000000	0.000000	0.000000	0.000000	0.000000	88.716760	0.000000	0.000000	0.000000
1764624083.738570452	0.000000	0.000000	0.429819	0.000000	0.000000	0.000000	0.000000	0.000000	-0.051871	0.000000	0.000000	0.000000	0.000000	0.000000	0.000000	0.000000	0.000000	0.000000	0.000000	0.000000	88.716760	0.000000	0.000000	0.000000
1764624083.747934341	0.000000	0.000000	0.503882	0.000000	0.000000	0.000000	0.000000	0.000000	-0.051871	0.000000	0.000000	0.000000	0.000000	0.000000	0.000000	0.000000	0.000000	0.000000	0.000000	0.000000	88.716760	0.000000	0.000000	0.000000
1764624083.767724752	0.000000	0.000000	0.678906	0.000000	0.000000	0.000000	0.000000	0.000000	-0.051871	0.000000	0.000000	0.000000	0.000000	0.000000	0.000000	0.000000	0.000000	0.000000	0.000000	0.000000	88.716760	0.000000	0.000000	0.000000
1764624083.769095182	0.000000	0.000000	0.403423	0.000000	0.000000	0.000000	0.000000	0.000000	-0.051871	0.000000	0.000000	0.000000	0.000000	0.000000	0.000000	0.000000	0.000000	0.000000	0.000000	0.000000	88.716760	0.000000	0.000000	0.000000
1764624083.779369354	0.000000	0.000000	0.278793	0.000000	0.000000	0.000000	0.000000	0.000000	-0.051871	0.000000	0.000000	0.000000	0.000000	0.000000	0.000000	0.000000	0.000000	0.000000	0.000000	0.000000	88.716760	0.000000	0.000000	0.000000
1764624083.789671421	0.000000	0.000000	0.646240	0.000000	0.000000	0.000000	0.000000	0.000000	-0.051871	0.000000	0.000000	0.000000	0.000000	0.000000	0.000000	0.000000	0.000000	0.000000	0.000000	0.000000	88.716760	0.000000	0.000000	0.000000
1764624083.799670219	0.000000	0.000000	0.405037	0.000000	0.000000	0.000000	0.000000	0.000000	-0.051871	0.000000	0.000000	0.000000	0.000000	0.000000	0.000000	0.000000	0.000000	0.000000	0.000000	0.000000	88.716760	0.000000	0.000000	0.000000
1764624083.809808493	0.000000	0.000000	0.177043	0.000000	0.000000	0.000000	0.000000	0.000000	-0.051871	0.000000	0.000000	0.000000	0.000000	0.000000	0.000000	0.000000	0.000000	0.000000	0.000000	0.000000	88.716760	0.000000	0.000000	0.000000
1764624083.819650650	0.000000	0.000000	0.639692	0.000000	0.000000	0.000000	0.000000	0.000000	-0.051871	0.000000	0.000000	0.000000	0.000000	0.000000	0.000000	0.000000	0.000000	0.000000	0.000000	0.000000	88.716760	0.000000	0.000000	0.000000
1764624083.836590767	0.000000	0.000000	0.335435	0.000000	0.000000	0.000000	0.000000	0.000000	-0.051871	0.000000	0.000000	0.000000	0.000000	0.000000	0.000000	0.000000	0.000000	0.000000	0.000000	0.000000	88.716760	0.000000	0.000000	0.000000
1764624083.839037180	0.000000	0.000000	0.313787	0.000000	0.000000	0.000000	0.000000	0.000000	-0.051871	0.000000	0.000000	0.000000	0.000000	0.000000	0.000000	0.000000	0.000000	0.000000	0.000000	0.000000	88.716760	0.000000	0.000000	0.000000
1764624083.849341154	0.000000	0.000000	0.543216	0.000000	0.000000	0.000000	0.000000	0.000000	-0.051871	0.000000	0.000000	0.000000	0.000000	0.000000	0.000000	0.000000	0.000000	0.000000	0.000000	0.000000	88.716760	0.000000	0.000000	0.000000
1764624083.859841347	0.000000	0.000000	0.305047	0.000000	0.000000	0.000000	0.000000	0.000000	-0.051871	0.000000	0.000000	0.000000	0.000000	0.000000	0.000000	0.000000	0.000000	0.000000	0.000000	0.000000	88.716760	0.000000	0.000000	0.000000
1764624083.869358301	0.000000	0.000000	0.311433	0.000000	0.000000	0.000000	0.000000	0.000000	-0.051871	0.000000	0.000000	0.000000	0.000000	0.000000	0.000000	0.000000	0.000000	0.000000	0.000000	0.000000	88.716760	0.000000	0.000000	0.000000
1764624083.881933689	0.000000	0.000000	0.516890	0.000000	0.000000	0.000000	0.000000	0.000000	-0.051871	0.000000	0.000000	0.000000	0.000000	0.000000	0.000000	0.000000	0.000000	0.000000	0.000000	0.000000	88.716760	0.000000	0.000000	0.000000
1764624083.889114618	0.000000	0.000000	0.455990	0.000000	0.000000	0.000000	0.000000	0.000000	-0.051871	0.000000	0.000000	0.000000	0.000000	0.000000	0.000000	0.000000	0.000000	0.000000	0.000000	0.000000	88.716760	0.000000	0.000000	0.000000
1764624083.899331093	0.000000	0.000000	0.431735	0.000000	0.000000	0.000000	0.000000	0.000000	-0.051871	0.000000	0.000000	0.000000	0.000000	0.000000	0.000000	0.000000	0.000000	0.000000	0.000000	0.000000	88.716760	0.000000	0.000000	0.000000
1764624083.909154415	0.000000	0.000000	0.469993	0.000000	0.000000	0.000000	0.000000	0.000000	-0.051871	0.000000	0.000000	0.000000	0.000000	0.000000	0.000000	0.000000	0.000000	0.000000	0.000000	0.000000	88.716760	0.000000	0.000000	0.000000
1764624083.918362617	0.000000	0.000000	0.516797	0.000000	0.000000	0.000000	0.000000	0.000000	-0.051871	0.000000	0.000000	0.000000	0.000000	0.000000	0.000000	0.000000	0.000000	0.000000	0.000000	0.000000	88.716760	0.000000	0.000000	0.000000
1764624083.933638811	0.000000	0.000000	0.425776	0.000000	0.000000	0.000000	0.000000	0.000000	-0.051871	0.000000	0.000000	0.000000	0.000000	0.000000	0.000000	0.000000	0.000000	0.000000	0.000000	0.000000	88.716760	0.000000	0.000000	0.000000
1764624083.940330744	0.000000	0.000000	0.609617	0.000000	0.000000	0.000000	0.000000	0.000000	-0.051871	0.000000	0.000000	0.000000	0.000000	0.000000	0.000000	0.000000	0.000000	0.000000	0.000000	0.000000	88.716760	0.000000	0.000000	0.000000
1764624083.950128555	0.000000	0.000000	0.569532	0.000000	0.000000	0.000000	0.000000	0.000000	-0.051871	0.000000	0.000000	0.000000	0.000000	0.000000	0.000000	0.000000	0.000000	0.000000	0.000000	0.000000	88.716760	0.000000	0.000000	0.000000
1764624083.962567329	0.000000	0.000000	0.489271	0.000000	0.000000	0.000000	0.000000	0.000000	0.112819	0.000000	0.000000	0.000000	0.000000	0.000000	0.000000	0.000000	0.000000	0.000000	0.000000	0.000000	88.716760	0.000000	0.000000	0.000000
1764624083.975090265	0.000000	0.000000	0.648618	0.000000	0.000000	0.000000	0.000000	0.000000	0.112819	0.000000	0.000000	0.000000	0.000000	0.000000	0.000000	0.000000	0.000000	0.000000	0.000000	0.000000	88.716760	0.000000	0.000000	0.000000
1764624083.979934931	0.000000	0.000000	0.601555	0.000000	0.000000	0.000000	0.000000	0.000000	0.112819	0.000000	0.000000	0.000000	0.000000	0.000000	0.000000	0.000000	0.000000	0.000000	0.000000	0.000000	88.716760	0.000000	0.000000	0.000000
1764624083.999570370	0.000000	0.000000	0.642888	0.000000	0.000000	0.000000	0.000000	0.000000	0.112819	0.000000	0.000000	0.000000	0.000000	0.000000	0.000000	0.000000	0.000000	0.000000	0.000000	0.000000	88.716760	0.000000	0.000000	0.000000
1764624083.999582291	0.000000	0.000000	0.465129	0.000000	0.000000	0.000000	0.000000	0.000000	0.112819	0.000000	0.000000	0.000000	0.000000	0.000000	0.000000	0.000000	0.000000	0.000000	0.000000	0.000000	88.716760	0.000000	0.000000	0.000000
1764624084.009836912	0.000000	0.000000	0.763198	0.000000	0.000000	0.000000	0.000000	0.000000	0.112819	0.000000	0.000000	0.000000	0.000000	0.000000	0.000000	0.000000	0.000000	0.000000	0.000000	0.000000	88.716760	0.000000	0.000000	0.000000
1764624084.020816326	0.000000	0.000000	0.623475	0.000000	0.000000	0.000000	0.000000	0.000000	0.112819	0.000000	0.000000	0.000000	0.000000	0.000000	0.000000	0.000000	0.000000	0.000000	0.000000	0.000000	88.716760	0.000000	0.000000	0.000000
1764624084.031047106	0.000000	0.000000	0.499423	0.000000	0.000000	0.000000	0.000000	0.000000	0.112819	0.000000	0.000000	0.000000	0.000000	0.000000	0.000000	0.000000	0.000000	0.000000	0.000000	0.000000	88.716760	0.000000	0.000000	0.000000
1764624084.040549755	0.000000	0.000000	0.809552	0.000000	0.000000	0.000000	0.000000	0.000000	0.112819	0.000000	0.000000	0.000000	0.000000	0.000000	0.000000	0.000000	0.000000	0.000000	0.000000	0.000000	88.716760	0.000000	0.000000	0.000000
1764624084.054500103	0.000000	0.000000	0.717299	0.000000	0.000000	0.000000	0.000000	0.000000	0.112819	0.000000	0.000000	0.000000	0.000000	0.000000	0.000000	0.000000	0.000000	0.000000	0.000000	0.000000	88.716760	0.000000	0.000000	0.000000
1764624084.060502529	0.000000	0.000000	0.593884	0.000000	0.000000	0.000000	0.000000	0.000000	0.112819	0.000000	0.000000	0.000000	0.000000	0.000000	0.000000	0.000000	0.000000	0.000000	0.000000	0.000000	88.716760	0.000000	0.000000	0.000000
1764624084.080267906	0.000000	0.000000	0.817194	0.000000	0.000000	0.000000	0.000000	0.000000	0.112819	0.000000	0.000000	0.000000	0.000000	0.000000	0.000000	0.000000	0.000000	0.000000	0.000000	0.000000	88.716760	0.000000	0.000000	0.000000
1764624084.081377506	0.000000	0.000000	0.696003	0.000000	0.000000	0.000000	0.000000	0.000000	0.112819	0.000000	0.000000	0.000000	0.000000	0.000000	0.000000	0.000000	0.000000	0.000000	0.000000	0.000000	88.716760	0.000000	0.000000	0.000000
1764624084.090324640	0.000000	0.000000	0.522571	0.000000	0.000000	0.000000	0.000000	0.000000	0.112819	0.000000	0.000000	0.000000	0.000000	0.000000	0.000000	0.000000	0.000000	0.000000	0.000000	0.000000	88.716760	0.000000	0.000000	0.000000
1764624084.099500895	0.000000	0.000000	0.934414	0.000000	0.000000	0.000000	0.000000	0.000000	0.112819	0.000000	0.000000	0.000000	0.000000	0.000000	0.000000	0.000000	0.000000	0.000000	0.000000	0.000000	88.716760	0.000000	0.000000	0.000000
1764624084.119340181	0.000000	0.000000	0.637549	0.000000	0.000000	0.000000	0.000000	0.000000	0.112819	0.000000	0.000000	0.000000	0.000000	0.000000	0.000000	0.000000	0.000000	0.000000	0.000000	0.000000	88.716760	0.000000	0.000000	0.000000
1764624084.120578527	0.000000	0.000000	0.786588	0.000000	0.000000	0.000000	0.000000	0.000000	0.112819	0.000000	0.000000	0.000000	0.000000	0.000000	0.000000	0.000000	0.000000	0.000000	0.000000	0.000000	88.716760	0.000000	0.000000	0.000000
1764624084.129992008	0.000000	0.000000	0.875345	0.000000	0.000000	0.000000	0.000000	0.000000	0.112819	0.000000	0.000000	0.000000	0.000000	0.000000	0.000000	0.000000	0.000000	0.000000	0.000000	0.000000	88.716760	0.000000	0.000000	0.000000
1764624084.139641523	0.000000	0.000000	0.810483	0.000000	0.000000	0.000000	0.000000	0.000000	0.112819	0.000000	0.000000	0.000000	0.000000	0.000000	0.000000	0.000000	0.000000	0.000000	0.000000	0.000000	88.716760	0.000000	0.000000	0.000000
1764624084.159802437	0.000000	0.000000	0.680316	0.000000	0.000000	0.000000	0.000000	0.000000	0.112819	0.000000	0.000000	0.000000	0.000000	0.000000	0.000000	0.000000	0.000000	0.000000	0.000000	0.000000	88.716760	0.000000	0.000000	0.000000
1764624084.161185026	0.000000	0.000000	0.953721	0.000000	0.000000	0.000000	0.000000	0.000000	0.112819	0.000000	0.000000	0.000000	0.000000	0.000000	0.000000	0.000000	0.000000	0.000000	0.000000	0.000000	88.716760	0.000000	0.000000	0.000000
1764624084.171466589	0.000000	0.000000	0.801835	0.000000	0.000000	0.000000	0.000000	0.000000	0.112819	0.000000	0.000000	0.000000	0.000000	0.000000	0.000000	0.000000	0.000000	0.000000	0.000000	0.000000	88.716760	0.000000	0.000000	0.000000
1764624084.181355000	0.000000	0.000000	0.633668	0.000000	0.000000	0.000000	0.000000	0.000000	0.112819	0.000000	0.000000	0.000000	0.000000	0.000000	0.000000	0.000000	0.000000	0.000000	0.000000	0.000000	88.716760	0.000000	0.000000	0.000000
1764624084.199626446	0.000000	0.000000	0.962116	0.000000	0.000000	0.000000	0.000000	0.000000	0.112819	0.000000	0.000000	0.000000	0.000000	0.000000	0.000000	0.000000	0.000000	0.000000	0.000000	0.000000	88.716760	0.000000	0.000000	0.000000
1764624084.199654341	0.000000	0.000000	0.767615	0.000000	0.000000	0.000000	0.000000	0.000000	0.112819	0.000000	0.000000	0.000000	0.000000	0.000000	0.000000	0.000000	0.000000	0.000000	0.000000	0.000000	88.716760	0.000000	0.000000	0.000000
1764624084.209768772	0.000000	0.000000	0.602498	0.000000	0.000000	0.000000	0.000000	0.000000	0.112819	0.000000	0.000000	0.000000	0.000000	0.000000	0.000000	0.000000	0.000000	0.000000	0.000000	0.000000	88.716760	0.000000	0.000000	0.000000
1764624084.219893217	0.000000	0.000000	1.165886	0.000000	0.000000	0.000000	0.000000	0.000000	0.305300	0.000000	0.000000	0.000000	0.000000	0.000000	0.000000	0.000000	0.000000	0.000000	0.000000	0.000000	88.716760	0.000000	0.000000	0.000000
1764624084.230332375	0.000000	0.000000	0.723582	0.000000	0.000000	0.000000	0.000000	0.000000	0.305300	0.000000	0.000000	0.000000	0.000000	0.000000	0.000000	0.000000	0.000000	0.000000	0.000000	0.000000	88.716760	0.000000	0.000000	0.000000
1764624084.240188360	0.000000	0.000000	0.636110	0.000000	0.000000	0.000000	0.000000	0.000000	0.305300	0.000000	0.000000	0.000000	0.000000	0.000000	0.000000	0.000000	0.000000	0.000000	0.000000	0.000000	88.716760	0.000000	0.000000	0.000000
1764624084.253234148	0.000000	0.000000	0.997435	0.000000	0.000000	0.000000	0.000000	0.000000	0.305300	0.000000	0.000000	0.000000	0.000000	0.000000	0.000000	0.000000	0.000000	0.000000	0.000000	0.000000	88.716760	0.000000	0.000000	0.000000
1764624084.260235071	0.000000	0.000000	0.660906	0.000000	0.000000	0.000000	0.000000	0.000000	0.305300	0.000000	0.000000	0.000000	0.000000	0.000000	0.000000	0.000000	0.000000	0.000000	0.000000	0.000000	88.716760	0.000000	0.000000	0.000000
1764624084.278936386	0.000000	0.000000	0.814744	0.000000	0.000000	0.000000	0.000000	0.000000	0.305300	0.000000	0.000000	0.000000	0.000000	0.000000	0.000000	0.000000	0.000000	0.000000	0.000000	0.000000	88.716760	0.000000	0.000000	0.000000
1764624084.278949976	0.000000	0.000000	0.849617	0.000000	0.000000	0.000000	0.000000	0.000000	0.305300	0.000000	0.000000	0.000000	0.000000	0.000000	0.000000	0.000000	0.000000	0.000000	0.000000	0.000000	88.716760	0.000000	0.000000	0.000000
1764624084.289996147	0.000000	0.000000	0.924238	0.000000	0.000000	0.000000	0.000000	0.000000	0.305300	0.000000	0.000000	0.000000	0.000000	0.000000	0.000000	0.000000	0.000000	0.000000	0.000000	0.000000	88.716760	0.000000	0.000000	0.000000
1764624084.299450874	0.000000	0.000000	0.710246	0.000000	0.000000	0.000000	0.000000	0.000000	0.305300	0.000000	0.000000	0.000000	0.000000	0.000000	0.000000	0.000000	0.000000	0.000000	0.000000	0.000000	88.716760	0.000000	0.000000	0.000000
1764624084.310056210	0.000000	0.000000	0.810230	0.000000	0.000000	0.000000	0.000000	0.000000	0.305300	0.000000	0.000000	0.000000	0.000000	0.000000	0.000000	0.000000	0.000000	0.000000	0.000000	0.000000	88.716760	0.000000	0.000000	0.000000
1764624084.319513798	0.000000	0.000000	0.867693	0.000000	0.000000	0.000000	0.000000	0.000000	0.305300	0.000000	0.000000	0.000000	0.000000	0.000000	0.000000	0.000000	0.000000	0.000000	0.000000	0.000000	88.716760	0.000000	0.000000	0.000000
1764624084.336733818	0.000000	0.000000	0.776057	0.000000	0.000000	0.000000	0.000000	0.000000	0.305300	0.000000	0.000000	0.000000	0.000000	0.000000	0.000000	0.000000	0.000000	0.000000	0.000000	0.000000	88.716760	0.000000	0.000000	0.000000
1764624084.339908361	0.000000	0.000000	0.736620	0.000000	0.000000	0.000000	0.000000	0.000000	0.305300	0.000000	0.000000	0.000000	0.000000	0.000000	0.000000	0.000000	0.000000	0.000000	0.000000	0.000000	88.716760	0.000000	0.000000	0.000000
1764624084.349969864	0.000000	0.000000	0.816813	0.000000	0.000000	0.000000	0.000000	0.000000	0.305300	0.000000	0.000000	0.000000	0.000000	0.000000	0.000000	0.000000	0.000000	0.000000	0.000000	0.000000	88.716760	0.000000	0.000000	0.000000
1764624084.360472202	0.000000	0.000000	0.908027	0.000000	0.000000	0.000000	0.000000	0.000000	0.305300	0.000000	0.000000	0.000000	0.000000	0.000000	0.000000	0.000000	0.000000	0.000000	0.000000	0.000000	88.716760	0.000000	0.000000	0.000000
1764624084.374251842	0.000000	0.000000	0.747104	0.000000	0.000000	0.000000	0.000000	0.000000	0.305300	0.000000	0.000000	0.000000	0.000000	0.000000	0.000000	0.000000	0.000000	0.000000	0.000000	0.000000	88.716760	0.000000	0.000000	0.000000
1764624084.380144596	0.000000	0.000000	0.669779	0.000000	0.000000	0.000000	0.000000	0.000000	0.305300	0.000000	0.000000	0.000000	0.000000	0.000000	0.000000	0.000000	0.000000	0.000000	0.000000	0.000000	88.716760	0.000000	0.000000	0.000000
1764624084.389915228	0.000000	0.000000	0.856387	0.000000	0.000000	0.000000	0.000000	0.000000	0.305300	0.000000	0.000000	0.000000	0.000000	0.000000	0.000000	0.000000	0.000000	0.000000	0.000000	0.000000	88.716760	0.000000	0.000000	0.000000
1764624084.399232626	0.000000	0.000000	0.763918	0.000000	0.000000	0.000000	0.000000	0.000000	0.305300	0.000000	0.000000	0.000000	0.000000	0.000000	0.000000	0.000000	0.000000	0.000000	0.000000	0.000000	88.716760	0.000000	0.000000	0.000000
1764624084.409942627	0.000000	0.000000	0.771254	0.000000	0.000000	0.000000	0.000000	0.000000	0.305300	0.000000	0.000000	0.000000	0.000000	0.000000	0.000000	0.000000	0.000000	0.000000	0.000000	0.000000	88.716760	0.000000	0.000000	0.000000
1764624084.420655727	0.000000	0.000000	0.694164	0.000000	0.000000	0.000000	0.000000	0.000000	0.305300	0.000000	0.000000	0.000000	0.000000	0.000000	0.000000	0.000000	0.000000	0.000000	0.000000	0.000000	88.716760	0.000000	0.000000	0.000000
1764624084.430086851	0.000000	0.000000	0.883506	0.000000	0.000000	0.000000	0.000000	0.000000	0.305300	0.000000	0.000000	0.000000	0.000000	0.000000	0.000000	0.000000	0.000000	0.000000	0.000000	0.000000	88.716760	0.000000	0.000000	0.000000
1764624084.440603971	0.000000	0.000000	0.661592	0.000000	0.000000	0.000000	0.000000	0.000000	0.305300	0.000000	0.000000	0.000000	0.000000	0.000000	0.000000	0.000000	0.000000	0.000000	0.000000	0.000000	88.716760	0.000000	0.000000	0.000000
1764624084.452975988	0.000000	0.000000	0.758111	0.000000	0.000000	0.000000	0.000000	0.000000	0.305300	0.000000	0.000000	0.000000	0.000000	0.000000	0.000000	0.000000	0.000000	0.000000	0.000000	0.000000	88.716760	0.000000	0.000000	0.000000
1764624084.459117174	0.000000	0.000000	0.729484	0.000000	0.000000	0.000000	0.000000	0.000000	0.305300	0.000000	0.000000	0.000000	0.000000	0.000000	0.000000	0.000000	0.000000	0.000000	0.000000	0.000000	88.716760	0.000000	0.000000	0.000000
1764624084.470284939	0.000000	0.000000	0.646966	0.000000	0.000000	0.000000	0.000000	0.000000	0.446865	0.000000	0.000000	0.000000	0.000000	0.000000	0.000000	0.000000	0.000000	0.000000	0.000000	0.000000	88.716760	0.000000	0.000000	0.000000
1764624084.483572245	0.000000	0.000000	0.823116	0.000000	0.000000	0.000000	0.000000	0.000000	0.446865	0.000000	0.000000	0.000000	0.000000	0.000000	0.000000	0.000000	0.000000	0.000000	0.000000	0.000000	88.716760	0.000000	0.000000	0.000000
1764624084.490110874	0.000000	0.000000	0.707778	0.000000	0.000000	0.000000	0.000000	0.000000	0.446865	0.000000	0.000000	0.000000	0.000000	0.000000	0.000000	0.000000	0.000000	0.000000	0.000000	0.000000	88.716760	0.000000	0.000000	0.000000
1764624084.499577284	0.000000	0.000000	0.650992	0.000000	0.000000	0.000000	0.000000	0.000000	0.446865	0.000000	0.000000	0.000000	0.000000	0.000000	0.000000	0.000000	0.000000	0.000000	0.000000	0.000000	88.716760	0.000000	0.000000	0.000000
1764624084.509457111	0.000000	0.000000	0.815344	0.000000	0.000000	0.000000	0.000000	0.000000	0.446865	0.000000	0.000000	0.000000	0.000000	0.000000	0.000000	0.000000	0.000000	0.000000	0.000000	0.000000	88.716760	0.000000	0.000000	0.000000
1764624084.524491072	0.000000	0.000000	0.561823	0.000000	0.000000	0.000000	0.000000	0.000000	0.446865	0.000000	0.000000	0.000000	0.000000	0.000000	0.000000	0.000000	0.000000	0.000000	0.000000	0.000000	88.716760	0.000000	0.000000	0.000000
1764624084.529989243	0.000000	0.000000	0.596777	0.000000	0.000000	0.000000	0.000000	0.000000	0.446865	0.000000	0.000000	0.000000	0.000000	0.000000	0.000000	0.000000	0.000000	0.000000	0.000000	0.000000	88.716760	0.000000	0.000000	0.000000
1764624084.540065527	0.000000	0.000000	0.864642	0.000000	0.000000	0.000000	0.000000	0.000000	0.446865	0.000000	0.000000	0.000000	0.000000	0.000000	0.000000	0.000000	0.000000	0.000000	0.000000	0.000000	88.716760	0.000000	0.000000	0.000000
1764624084.550298929	0.000000	0.000000	0.496398	0.000000	0.000000	0.000000	0.000000	0.000000	0.446865	0.000000	0.000000	0.000000	0.000000	0.000000	0.000000	0.000000	0.000000	0.000000	0.000000	0.000000	88.716760	0.000000	0.000000	0.000000
1764624084.559919119	0.000000	0.000000	0.744084	0.000000	0.000000	0.000000	0.000000	0.000000	0.446865	0.000000	0.000000	0.000000	0.000000	0.000000	0.000000	0.000000	0.000000	0.000000	0.000000	0.000000	88.716760	0.000000	0.000000	0.000000
1764624084.576137066	0.000000	0.000000	0.718247	0.000000	0.000000	0.000000	0.000000	0.000000	0.446865	0.000000	0.000000	0.000000	0.000000	0.000000	0.000000	0.000000	0.000000	0.000000	0.000000	0.000000	88.716760	0.000000	0.000000	0.000000
1764624084.580004215	0.000000	0.000000	0.720706	0.000000	0.000000	0.000000	0.000000	0.000000	0.446865	0.000000	0.000000	0.000000	0.000000	0.000000	0.000000	0.000000	0.000000	0.000000	0.000000	0.000000	88.716760	0.000000	0.000000	0.000000
1764624084.589962721	0.000000	0.000000	0.596430	0.000000	0.000000	0.000000	0.000000	0.000000	0.446865	0.000000	0.000000	0.000000	0.000000	0.000000	0.000000	0.000000	0.000000	0.000000	0.000000	0.000000	88.716760	0.000000	0.000000	0.000000
1764624084.605037689	0.000000	0.000000	0.507513	0.000000	0.000000	0.000000	0.000000	0.000000	0.446865	0.000000	0.000000	0.000000	0.000000	0.000000	0.000000	0.000000	0.000000	0.000000	0.000000	0.000000	88.716760	0.000000	0.000000	0.000000
1764624084.609158039	0.000000	0.000000	0.723317	0.000000	0.000000	0.000000	0.000000	0.000000	0.446865	0.000000	0.000000	0.000000	0.000000	0.000000	0.000000	0.000000	0.000000	0.000000	0.000000	0.000000	88.716760	0.000000	0.000000	0.000000
1764624084.620495319	0.000000	0.000000	0.608857	0.000000	0.000000	0.000000	0.000000	0.000000	0.446865	0.000000	0.000000	0.000000	0.000000	0.000000	0.000000	0.000000	0.000000	0.000000	0.000000	0.000000	88.716760	0.000000	0.000000	0.000000
1764624084.630115986	0.000000	0.000000	0.613756	0.000000	0.000000	0.000000	0.000000	0.000000	0.446865	0.000000	0.000000	0.000000	0.000000	0.000000	0.000000	0.000000	0.000000	0.000000	0.000000	0.000000	88.716760	0.000000	0.000000	0.000000
1764624084.649688721	0.000000	0.000000	0.651809	0.000000	0.000000	0.000000	0.000000	0.000000	0.446865	0.000000	0.000000	0.000000	0.000000	0.000000	0.000000	0.000000	0.000000	0.000000	0.000000	0.000000	0.000000	0.000000	0.000000	0.000000
1764624084.651229382	0.000000	0.000000	0.567508	0.000000	0.000000	0.000000	0.000000	0.000000	0.446865	0.000000	0.000000	0.000000	0.000000	0.000000	0.000000	0.000000	0.000000	0.000000	0.000000	0.000000	0.000000	0.000000	0.000000	0.000000
1764624084.660314083	0.000000	0.000000	0.603522	0.000000	0.000000	0.000000	0.000000	0.000000	0.446865	0.000000	0.000000	0.000000	0.000000	0.000000	0.000000	0.000000	0.000000	0.000000	0.000000	0.000000	0.000000	0.000000	0.000000	0.000000
1764624084.670082092	0.000000	0.000000	0.506210	0.000000	0.000000	0.000000	0.000000	0.000000	0.446865	0.000000	0.000000	0.000000	0.000000	0.000000	0.000000	0.000000	0.000000	0.000000	0.000000	0.000000	0.000000	0.000000	0.000000	0.000000
1764624084.679893732	0.000000	0.000000	0.584866	0.000000	0.000000	0.000000	0.000000	0.000000	0.446865	0.000000	0.000000	0.000000	0.000000	0.000000	0.000000	0.000000	0.000000	0.000000	0.000000	0.000000	0.000000	0.000000	0.000000	0.000000
1764624084.694912195	0.000000	0.000000	0.604116	0.000000	0.000000	0.000000	0.000000	0.000000	0.446865	0.000000	0.000000	0.000000	0.000000	0.000000	0.000000	0.000000	0.000000	0.000000	0.000000	0.000000	0.000000	0.000000	0.000000	0.000000
1764624084.699604273	0.000000	0.000000	0.455907	0.000000	0.000000	0.000000	0.000000	0.000000	0.446865	0.000000	0.000000	0.000000	0.000000	0.000000	0.000000	0.000000	0.000000	0.000000	0.000000	0.000000	0.000000	0.000000	0.000000	0.000000
1764624084.709527254	0.000000	0.000000	0.492971	0.000000	0.000000	0.000000	0.000000	0.000000	0.446865	0.000000	0.000000	0.000000	0.000000	0.000000	0.000000	0.000000	0.000000	0.000000	0.000000	0.000000	0.000000	0.000000	0.000000	0.000000
1764624084.720489502	0.000000	0.000000	0.290913	0.000000	0.000000	0.000000	0.000000	0.000000	0.511295	0.000000	0.000000	0.000000	0.000000	0.000000	0.000000	0.000000	0.000000	0.000000	0.000000	0.000000	0.000000	0.000000	0.000000	0.000000
1764624084.736789942	0.000000	0.000000	0.225384	0.000000	0.000000	0.000000	0.000000	0.000000	0.511295	0.000000	0.000000	0.000000	0.000000	0.000000	0.000000	0.000000	0.000000	0.000000	0.000000	0.000000	0.000000	0.000000	0.000000	0.000000
1764624084.740113020	0.000000	0.000000	0.203565	0.000000	0.000000	0.000000	0.000000	0.000000	0.511295	0.000000	0.000000	0.000000	0.000000	0.000000	0.000000	0.000000	0.000000	0.000000	0.000000	0.000000	0.000000	0.000000	0.000000	0.000000
1764624084.750103712	0.000000	0.000000	-0.051294	0.000000	0.000000	0.000000	0.000000	0.000000	0.511295	0.000000	0.000000	0.000000	0.000000	0.000000	0.000000	0.000000	0.000000	0.000000	0.000000	0.000000	0.000000	0.000000	0.000000	0.000000
1764624084.766200781	0.000000	0.000000	-0.002564	0.000000	0.000000	0.000000	0.000000	0.000000	0.511295	0.000000	0.000000	0.000000	0.000000	0.000000	0.000000	0.000000	0.000000	0.000000	0.000000	0.000000	0.000000	0.000000	0.000000	0.000000
1764624084.769561768	0.000000	0.000000	0.018607	0.000000	0.000000	0.000000	0.000000	0.000000	0.511295	0.000000	0.000000	0.000000	0.000000	0.000000	0.000000	0.000000	0.000000	0.000000	0.000000	0.000000	0.000000	0.000000	0.000000	0.000000
1764624084.780574799	0.000000	0.000000	-0.159292	0.000000	0.000000	0.000000	0.000000	0.000000	0.511295	0.000000	0.000000	0.000000	0.000000	0.000000	0.000000	0.000000	0.000000	0.000000	0.000000	0.000000	0.000000	0.000000	0.000000	0.000000
1764624084.790253162	0.000000	0.000000	-0.176819	0.000000	0.000000	0.000000	0.000000	0.000000	0.511295	0.000000	0.000000	0.000000	0.000000	0.000000	0.000000	0.000000	0.000000	0.000000	0.000000	0.000000	0.000000	0.000000	0.000000	0.000000
1764624084.799804211	0.000000	0.000000	-0.157332	0.000000	0.000000	0.000000	0.000000	0.000000	0.511295	0.000000	0.000000	0.000000	0.000000	0.000000	0.000000	0.000000	0.000000	0.000000	0.000000	0.000000	0.000000	0.000000	0.000000	0.000000
1764624084.813453436	0.000000	0.000000	-0.286875	0.000000	0.000000	0.000000	0.000000	0.000000	0.511295	0.000000	0.000000	0.000000	0.000000	0.000000	0.000000	0.000000	0.000000	0.000000	0.000000	0.000000	0.000000	0.000000	0.000000	0.000000
1764624084.822552443	0.000000	0.000000	-0.204860	0.000000	0.000000	0.000000	0.000000	0.000000	0.511295	0.000000	0.000000	0.000000	0.000000	0.000000	0.000000	0.000000	0.000000	0.000000	0.000000	0.000000	0.000000	0.000000	0.000000	0.000000
1764624084.842303276	0.000000	0.000000	-0.282629	0.000000	0.000000	0.000000	0.000000	0.000000	0.511295	0.000000	0.000000	0.000000	0.000000	0.000000	0.000000	0.000000	0.000000	0.000000	0.000000	0.000000	0.000000	0.000000	0.000000	0.000000
1764624084.842314959	0.000000	0.000000	-0.326377	0.000000	0.000000	0.000000	0.000000	0.000000	0.511295	0.000000	0.000000	0.000000	0.000000	0.000000	0.000000	0.000000	0.000000	0.000000	0.000000	0.000000	0.000000	0.000000	0.000000	0.000000
1764624084.855973482	0.000000	0.000000	-0.268993	0.000000	0.000000	0.000000	0.000000	0.000000	0.511295	0.000000	0.000000	0.000000	0.000000	0.000000	0.000000	0.000000	0.000000	0.000000	0.000000	0.000000	0.000000	0.000000	0.000000	0.000000
1764624084.861273766	0.000000	0.000000	-0.350277	0.000000	0.000000	0.000000	0.000000	0.000000	0.511295	0.000000	0.000000	0.000000	0.000000	0.000000	0.000000	0.000000	0.000000	0.000000	0.000000	0.000000	0.000000	0.000000	0.000000	0.000000
1764624084.872782469	0.000000	0.000000	-0.347428	0.000000	0.000000	0.000000	0.000000	0.000000	0.511295	0.000000	0.000000	0.000000	0.000000	0.000000	0.000000	0.000000	0.000000	0.000000	0.000000	0.000000	0.000000	0.000000	0.000000	0.000000
1764624084.882054090	0.000000	0.000000	-0.386432	0.000000	0.000000	0.000000	0.000000	0.000000	0.511295	0.000000	0.000000	0.000000	0.000000	0.000000	0.000000	0.000000	0.000000	0.000000	0.000000	0.000000	0.000000	0.000000	0.000000	0.000000
1764624084.896920443	0.000000	0.000000	-0.416030	0.000000	0.000000	0.000000	0.000000	0.000000	0.511295	0.000000	0.000000	0.000000	0.000000	0.000000	0.000000	0.000000	0.000000	0.000000	0.000000	0.000000	0.000000	0.000000	0.000000	0.000000
1764624084.899348736	0.000000	0.000000	-0.358209	0.000000	0.000000	0.000000	0.000000	0.000000	0.511295	0.000000	0.000000	0.000000	0.000000	0.000000	0.000000	0.000000	0.000000	0.000000	0.000000	0.000000	0.000000	0.000000	0.000000	0.000000
1764624084.909597397	0.000000	0.000000	-0.448041	0.000000	0.000000	0.000000	0.000000	0.000000	0.511295	0.000000	0.000000	0.000000	0.000000	0.000000	0.000000	0.000000	0.000000	0.000000	0.000000	0.000000	0.000000	0.000000	0.000000	0.000000
1764624084.919316292	0.000000	0.000000	-0.363843	0.000000	0.000000	0.000000	0.000000	0.000000	0.511295	0.000000	0.000000	0.000000	0.000000	0.000000	0.000000	0.000000	0.000000	0.000000	0.000000	0.000000	0.000000	0.000000	0.000000	0.000000
1764624084.928839445	0.000000	0.000000	-0.393348	0.000000	0.000000	0.000000	0.000000	0.000000	0.511295	0.000000	0.000000	0.000000	0.000000	0.000000	0.000000	0.000000	0.000000	0.000000	0.000000	0.000000	0.000000	0.000000	0.000000	0.000000
1764624084.939137697	0.000000	0.000000	-0.402608	0.000000	0.000000	0.000000	0.000000	0.000000	0.511295	0.000000	0.000000	0.000000	0.000000	0.000000	0.000000	0.000000	0.000000	0.000000	0.000000	0.000000	0.000000	0.000000	0.000000	0.000000
1764624084.949466467	0.000000	0.000000	-0.346412	0.000000	0.000000	0.000000	0.000000	0.000000	0.511295	0.000000	0.000000	0.000000	0.000000	0.000000	0.000000	0.000000	0.000000	0.000000	0.000000	0.000000	0.000000	0.000000	0.000000	0.000000
1764624084.960498333	0.000000	0.000000	-0.425006	0.000000	0.000000	0.000000	0.000000	0.000000	0.511295	0.000000	0.000000	0.000000	0.000000	0.000000	0.000000	0.000000	0.000000	0.000000	0.000000	0.000000	0.000000	0.000000	0.000000	0.000000
1764624084.980435610	0.000000	0.000000	-0.373164	0.000000	0.000000	0.000000	0.000000	0.000000	0.326773	0.000000	0.000000	0.000000	0.000000	0.000000	0.000000	0.000000	0.000000	0.000000	0.000000	0.000000	0.000000	0.000000	0.000000	0.000000
1764624084.980447054	0.000000	0.000000	-0.453969	0.000000	0.000000	0.000000	0.000000	0.000000	0.326773	0.000000	0.000000	0.000000	0.000000	0.000000	0.000000	0.000000	0.000000	0.000000	0.000000	0.000000	0.000000	0.000000	0.000000	0.000000
1764624084.989858150	0.000000	0.000000	-0.325449	0.000000	0.000000	0.000000	0.000000	0.000000	0.326773	0.000000	0.000000	0.000000	0.000000	0.000000	0.000000	0.000000	0.000000	0.000000	0.000000	0.000000	0.000000	0.000000	0.000000	0.000000
1764624085.005100727	0.000000	0.000000	-0.358010	0.000000	0.000000	0.000000	0.000000	0.000000	0.326773	0.000000	0.000000	0.000000	0.000000	0.000000	0.000000	0.000000	0.000000	0.000000	0.000000	0.000000	0.000000	0.000000	0.000000	0.000000
1764624085.009767294	0.000000	0.000000	-0.325083	0.000000	0.000000	0.000000	0.000000	0.000000	0.326773	0.000000	0.000000	0.000000	0.000000	0.000000	0.000000	0.000000	0.000000	0.000000	0.000000	0.000000	0.000000	0.000000	0.000000	0.000000
1764624085.019685984	0.000000	0.000000	-0.319483	0.000000	0.000000	0.000000	0.000000	0.000000	0.326773	0.000000	0.000000	0.000000	0.000000	0.000000	0.000000	0.000000	0.000000	0.000000	0.000000	0.000000	0.000000	0.000000	0.000000	0.000000
1764624085.038848639	0.000000	0.000000	-0.282869	0.000000	0.000000	0.000000	0.000000	0.000000	0.326773	0.000000	0.000000	0.000000	0.000000	0.000000	0.000000	0.000000	0.000000	0.000000	0.000000	0.000000	0.000000	0.000000	0.000000	0.000000
1764624085.041080475	0.000000	0.000000	-0.276611	0.000000	0.000000	0.000000	0.000000	0.000000	0.326773	0.000000	0.000000	0.000000	0.000000	0.000000	0.000000	0.000000	0.000000	0.000000	0.000000	0.000000	0.000000	0.000000	0.000000	0.000000
1764624085.049800634	0.000000	0.000000	-0.239661	0.000000	0.000000	0.000000	0.000000	0.000000	0.326773	0.000000	0.000000	0.000000	0.000000	0.000000	0.000000	0.000000	0.000000	0.000000	0.000000	0.000000	0.000000	0.000000	0.000000	0.000000
1764624085.061029434	0.000000	0.000000	-0.238644	0.000000	0.000000	0.000000	0.000000	0.000000	0.326773	0.000000	0.000000	0.000000	0.000000	0.000000	0.000000	0.000000	0.000000	0.000000	0.000000	0.000000	0.000000	0.000000	0.000000	0.000000
1764624085.070388794	0.000000	0.000000	-0.231680	0.000000	0.000000	0.000000	0.000000	0.000000	0.326773	0.000000	0.000000	0.000000	0.000000	0.000000	0.000000	0.000000	0.000000	0.000000	0.000000	0.000000	0.000000	0.000000	0.000000	0.000000
1764624085.080356359	0.000000	0.000000	-0.206444	0.000000	0.000000	0.000000	0.000000	0.000000	0.326773	0.000000	0.000000	0.000000	0.000000	0.000000	0.000000	0.000000	0.000000	0.000000	0.000000	0.000000	0.000000	0.000000	0.000000	0.000000
1764624085.096088886	0.000000	0.000000	-0.189162	0.000000	0.000000	0.000000	0.000000	0.000000	0.326773	0.000000	0.000000	0.000000	0.000000	0.000000	0.000000	0.000000	0.000000	0.000000	0.000000	0.000000	-71.104365	0.000000	0.000000	0.000000
1764624085.099849224	0.000000	0.000000	-0.187771	0.000000	0.000000	0.000000	0.000000	0.000000	0.326773	0.000000	0.000000	0.000000	0.000000	0.000000	0.000000	0.000000	0.000000	0.000000	0.000000	0.000000	-71.104365	0.000000	0.000000	0.000000
1764624085.110906839	0.000000	0.000000	-0.173331	0.000000	0.000000	0.000000	0.000000	0.000000	0.326773	0.000000	0.000000	0.000000	0.000000	0.000000	0.000000	0.000000	0.000000	0.000000	0.000000	0.000000	-71.104365	0.000000	0.000000	0.000000
1764624085.121148348	0.000000	0.000000	-0.179110	0.000000	0.000000	0.000000	0.000000	0.000000	0.326773	0.000000	0.000000	0.000000	0.000000	0.000000	0.000000	0.000000	0.000000	0.000000	0.000000	0.000000	-71.104365	0.000000	0.000000	0.000000
1764624085.130212307	0.000000	0.000000	-0.168761	0.000000	0.000000	0.000000	0.000000	0.000000	0.326773	0.000000	0.000000	0.000000	0.000000	0.000000	0.000000	0.000000	0.000000	0.000000	0.000000	0.000000	-71.104365	0.000000	0.000000	0.000000
1764624085.140032530	0.000000	0.000000	-0.147642	0.000000	0.000000	0.000000	0.000000	0.000000	0.326773	0.000000	0.000000	0.000000	0.000000	0.000000	0.000000	0.000000	0.000000	0.000000	0.000000	0.000000	-71.104365	0.000000	0.000000	0.000000
1764624085.159405470	0.000000	0.000000	-0.147342	0.000000	0.000000	0.000000	0.000000	0.000000	0.326773	0.000000	0.000000	0.000000	0.000000	0.000000	0.000000	0.000000	0.000000	0.000000	0.000000	0.000000	-71.104365	0.000000	0.000000	0.000000
1764624085.160871983	0.000000	0.000000	-0.143785	0.000000	0.000000	0.000000	0.000000	0.000000	0.326773	0.000000	0.000000	0.000000	0.000000	0.000000	0.000000	0.000000	0.000000	0.000000	0.000000	0.000000	-71.104365	0.000000	0.000000	0.000000
1764624085.169655085	0.000000	0.000000	-0.147657	0.000000	0.000000	0.000000	0.000000	0.000000	0.326773	0.000000	0.000000	0.000000	0.000000	0.000000	0.000000	0.000000	0.000000	0.000000	0.000000	0.000000	-71.104365	0.000000	0.000000	0.000000
1764624085.180296659	0.000000	0.000000	-0.176030	0.000000	0.000000	0.000000	0.000000	0.000000	0.326773	0.000000	0.000000	0.000000	0.000000	0.000000	0.000000	0.000000	0.000000	0.000000	0.000000	0.000000	-71.104365	0.000000	0.000000	0.000000
1764624085.190150261	0.000000	0.000000	-0.155901	0.000000	0.000000	0.000000	0.000000	0.000000	0.326773	0.000000	0.000000	0.000000	0.000000	0.000000	0.000000	0.000000	0.000000	0.000000	0.000000	0.000000	-71.104365	0.000000	0.000000	0.000000
1764624085.199222326	0.000000	0.000000	-0.148026	0.000000	0.000000	0.000000	0.000000	0.000000	0.326773	0.000000	0.000000	0.000000	0.000000	0.000000	0.000000	0.000000	0.000000	0.000000	0.000000	0.000000	-71.104365	0.000000	0.000000	0.000000
1764624085.216270685	0.000000	0.000000	-0.157645	0.000000	0.000000	0.000000	0.000000	0.000000	0.224281	0.000000	0.000000	0.000000	0.000000	0.000000	0.000000	0.000000	0.000000	0.000000	0.000000	0.000000	-71.104365	0.000000	0.000000	0.000000
1764624085.220575809	0.000000	0.000000	-0.186010	0.000000	0.000000	0.000000	0.000000	0.000000	0.224281	0.000000	0.000000	0.000000	0.000000	0.000000	0.000000	0.000000	0.000000	0.000000	0.000000	0.000000	-71.104365	0.000000	0.000000	0.000000
1764624085.229855776	0.000000	0.000000	-0.261205	0.000000	0.000000	0.000000	0.000000	0.000000	0.224281	0.000000	0.000000	0.000000	0.000000	0.000000	0.000000	0.000000	0.000000	0.000000	0.000000	0.000000	-71.104365	0.000000	0.000000	0.000000
1764624085.246322393	0.000000	0.000000	-0.308833	0.000000	0.000000	0.000000	0.000000	0.000000	0.224281	0.000000	0.000000	0.000000	0.000000	0.000000	0.000000	0.000000	0.000000	0.000000	0.000000	0.000000	-71.104365	0.000000	0.000000	0.000000
1764624085.250165939	0.000000	0.000000	-0.432852	0.000000	0.000000	0.000000	0.000000	0.000000	0.224281	0.000000	0.000000	0.000000	0.000000	0.000000	0.000000	0.000000	0.000000	0.000000	0.000000	0.000000	-71.104365	0.000000	0.000000	0.000000
1764624085.260877848	0.000000	0.000000	-0.472499	0.000000	0.000000	0.000000	0.000000	0.000000	0.224281	0.000000	0.000000	0.000000	0.000000	0.000000	0.000000	0.000000	0.000000	0.000000	0.000000	0.000000	-71.104365	0.000000	0.000000	0.000000
1764624085.270385265	0.000000	0.000000	-0.510217	0.000000	0.000000	0.000000	0.000000	0.000000	0.224281	0.000000	0.000000	0.000000	0.000000	0.000000	0.000000	0.000000	0.000000	0.000000	0.000000	0.000000	-71.104365	0.000000	0.000000	0.000000
1764624085.282771826	0.000000	0.000000	-0.551609	0.000000	0.000000	0.000000	0.000000	0.000000	0.224281	0.000000	0.000000	0.000000	0.000000	0.000000	0.000000	0.000000	0.000000	0.000000	0.000000	0.000000	-71.104365	0.000000	0.000000	0.000000
1764624085.289988995	0.000000	0.000000	-0.617586	0.000000	0.000000	0.000000	0.000000	0.000000	0.224281	0.000000	0.000000	0.000000	0.000000	0.000000	0.000000	0.000000	0.000000	0.000000	0.000000	0.000000	-71.104365	0.000000	0.000000	0.000000
1764624085.300022602	0.000000	0.000000	-0.673420	0.000000	0.000000	0.000000	0.000000	0.000000	0.224281	0.000000	0.000000	0.000000	0.000000	0.000000	0.000000	0.000000	0.000000	0.000000	0.000000	0.000000	-71.104365	0.000000	0.000000	0.000000
1764624085.309712172	0.000000	0.000000	-0.696691	0.000000	0.000000	0.000000	0.000000	0.000000	0.224281	0.000000	0.000000	0.000000	0.000000	0.000000	0.000000	0.000000	0.000000	0.000000	0.000000	0.000000	-71.104365	0.000000	0.000000	0.000000
1764624085.324896574	0.000000	0.000000	-0.796064	0.000000	0.000000	0.000000	0.000000	0.000000	0.224281	0.000000	0.000000	0.000000	0.000000	0.000000	0.000000	0.000000	0.000000	0.000000	0.000000	0.000000	-71.104365	0.000000	0.000000	0.000000
1764624085.329555988	0.000000	0.000000	-0.806102	0.000000	0.000000	0.000000	0.000000	0.000000	0.224281	0.000000	0.000000	0.000000	0.000000	0.000000	0.000000	0.000000	0.000000	0.000000	0.000000	0.000000	-71.104365	0.000000	0.000000	0.000000
1764624085.340247393	0.000000	0.000000	-0.869590	0.000000	0.000000	0.000000	0.000000	0.000000	0.224281	0.000000	0.000000	0.000000	0.000000	0.000000	0.000000	0.000000	0.000000	0.000000	0.000000	0.000000	-71.104365	0.000000	0.000000	0.000000
1764624085.349895716	0.000000	0.000000	-0.901680	0.000000	0.000000	0.000000	0.000000	0.000000	0.224281	0.000000	0.000000	0.000000	0.000000	0.000000	0.000000	0.000000	0.000000	0.000000	0.000000	0.000000	-71.104365	0.000000	0.000000	0.000000
1764624085.360055447	0.000000	0.000000	-0.896313	0.000000	0.000000	0.000000	0.000000	0.000000	0.224281	0.000000	0.000000	0.000000	0.000000	0.000000	0.000000	0.000000	0.000000	0.000000	0.000000	0.000000	-71.104365	0.000000	0.000000	0.000000
1764624085.378954172	0.000000	0.000000	-0.939366	0.000000	0.000000	0.000000	0.000000	0.000000	0.224281	0.000000	0.000000	0.000000	0.000000	0.000000	0.000000	0.000000	0.000000	0.000000	0.000000	0.000000	-71.104365	0.000000	0.000000	0.000000
1764624085.378973961	0.000000	0.000000	-0.959672	0.000000	0.000000	0.000000	0.000000	0.000000	0.224281	0.000000	0.000000	0.000000	0.000000	0.000000	0.000000	0.000000	0.000000	0.000000	0.000000	0.000000	-71.104365	0.000000	0.000000	0.000000
1764624085.390017033	0.000000	0.000000	-0.859477	0.000000	0.000000	0.000000	0.000000	0.000000	0.224281	0.000000	0.000000	0.000000	0.000000	0.000000	0.000000	0.000000	0.000000	0.000000	0.000000	0.000000	-71.104365	0.000000	0.000000	0.000000
1764624085.405224562	0.000000	0.000000	-0.907611	0.000000	0.000000	0.000000	0.000000	0.000000	0.224281	0.000000	0.000000	0.000000	0.000000	0.000000	0.000000	0.000000	0.000000	0.000000	0.000000	0.000000	-71.104365	0.000000	0.000000	0.000000
1764624085.410198689	0.000000	0.000000	-0.800274	0.000000	0.000000	0.000000	0.000000	0.000000	0.224281	0.000000	0.000000	0.000000	0.000000	0.000000	0.000000	0.000000	0.000000	0.000000	0.000000	0.000000	-71.104365	0.000000	0.000000	0.000000
1764624085.420520306	0.000000	0.000000	-0.712511	0.000000	0.000000	0.000000	0.000000	0.000000	0.224281	0.000000	0.000000	0.000000	0.000000	0.000000	0.000000	0.000000	0.000000	0.000000	0.000000	0.000000	-71.104365	0.000000	0.000000	0.000000
1764624085.429798841	0.000000	0.000000	-0.686495	0.000000	0.000000	0.000000	0.000000	0.000000	0.224281	0.000000	0.000000	0.000000	0.000000	0.000000	0.000000	0.000000	0.000000	0.000000	0.000000	0.000000	-71.104365	0.000000	0.000000	0.000000
1764624085.446174860	0.000000	0.000000	-0.661614	0.000000	0.000000	0.000000	0.000000	0.000000	0.224281	0.000000	0.000000	0.000000	0.000000	0.000000	0.000000	0.000000	0.000000	0.000000	0.000000	0.000000	-71.104365	0.000000	0.000000	0.000000
1764624085.450125217	0.000000	0.000000	-0.655690	0.000000	0.000000	0.000000	0.000000	0.000000	0.224281	0.000000	0.000000	0.000000	0.000000	0.000000	0.000000	0.000000	0.000000	0.000000	0.000000	0.000000	-71.104365	0.000000	0.000000	0.000000
1764624085.460366964	0.000000	0.000000	-0.582875	0.000000	0.000000	0.000000	0.000000	0.000000	0.015479	0.000000	0.000000	0.000000	0.000000	0.000000	0.000000	0.000000	0.000000	0.000000	0.000000	0.000000	-71.104365	0.000000	0.000000	0.000000
1764624085.469907999	0.000000	0.000000	-0.562644	0.000000	0.000000	0.000000	0.000000	0.000000	0.015479	0.000000	0.000000	0.000000	0.000000	0.000000	0.000000	0.000000	0.000000	0.000000	0.000000	0.000000	-71.104365	0.000000	0.000000	0.000000
1764624085.480056286	0.000000	0.000000	-0.636856	0.000000	0.000000	0.000000	0.000000	0.000000	0.015479	0.000000	0.000000	0.000000	0.000000	0.000000	0.000000	0.000000	0.000000	0.000000	0.000000	0.000000	-71.104365	0.000000	0.000000	0.000000
1764624085.499525785	0.000000	0.000000	-0.583255	0.000000	0.000000	0.000000	0.000000	0.000000	0.015479	0.000000	0.000000	0.000000	0.000000	0.000000	0.000000	0.000000	0.000000	0.000000	0.000000	0.000000	-71.104365	0.000000	0.000000	0.000000
1764624085.499551535	0.000000	0.000000	-0.522099	0.000000	0.000000	0.000000	0.000000	0.000000	0.015479	0.000000	0.000000	0.000000	0.000000	0.000000	0.000000	0.000000	0.000000	0.000000	0.000000	0.000000	-71.104365	0.000000	0.000000	0.000000
1764624085.509360313	0.000000	0.000000	-0.607112	0.000000	0.000000	0.000000	0.000000	0.000000	0.015479	0.000000	0.000000	0.000000	0.000000	0.000000	0.000000	0.000000	0.000000	0.000000	0.000000	0.000000	-71.104365	0.000000	0.000000	0.000000
1764624085.528851748	0.000000	0.000000	-0.465559	0.000000	0.000000	0.000000	0.000000	0.000000	0.015479	0.000000	0.000000	0.000000	0.000000	0.000000	0.000000	0.000000	0.000000	0.000000	0.000000	0.000000	-71.104365	0.000000	0.000000	0.000000
1764624085.528868198	0.000000	0.000000	-0.599878	0.000000	0.000000	0.000000	0.000000	0.000000	0.015479	0.000000	0.000000	0.000000	0.000000	0.000000	0.000000	0.000000	0.000000	0.000000	0.000000	0.000000	-71.104365	0.000000	0.000000	0.000000
1764624085.540031672	0.000000	0.000000	-0.403156	0.000000	0.000000	0.000000	0.000000	0.000000	0.015479	0.000000	0.000000	0.000000	0.000000	0.000000	0.000000	0.000000	0.000000	0.000000	0.000000	0.000000	-71.104365	0.000000	0.000000	0.000000
1764624085.550483227	0.000000	0.000000	-0.607017	0.000000	0.000000	0.000000	0.000000	0.000000	0.015479	0.000000	0.000000	0.000000	0.000000	0.000000	0.000000	0.000000	0.000000	0.000000	0.000000	0.000000	-71.104365	0.000000	0.000000	0.000000
1764624085.568788052	0.000000	0.000000	-0.477807	0.000000	0.000000	0.000000	0.000000	0.000000	0.015479	0.000000	0.000000	0.000000	0.000000	0.000000	0.000000	0.000000	0.000000	0.000000	0.000000	0.000000	-71.104365	0.000000	0.000000	0.000000
1764624085.569929361	0.000000	0.000000	-0.573533	0.000000	0.000000	0.000000	0.000000	0.000000	0.015479	0.000000	0.000000	0.000000	0.000000	0.000000	0.000000	0.000000	0.000000	0.000000	0.000000	0.000000	-71.104365	0.000000	0.000000	0.000000
1764624085.579978704	0.000000	0.000000	-0.490517	0.000000	0.000000	0.000000	0.000000	0.000000	0.015479	0.000000	0.000000	0.000000	0.000000	0.000000	0.000000	0.000000	0.000000	0.000000	0.000000	0.000000	-71.104365	0.000000	0.000000	0.000000
1764624085.589815378	0.000000	0.000000	-0.444588	0.000000	0.000000	0.000000	0.000000	0.000000	0.015479	0.000000	0.000000	0.000000	0.000000	0.000000	0.000000	0.000000	0.000000	0.000000	0.000000	0.000000	-71.104365	0.000000	0.000000	0.000000
1764624085.599386454	0.000000	0.000000	-0.571181	0.000000	0.000000	0.000000	0.000000	0.000000	0.015479	0.000000	0.000000	0.000000	0.000000	0.000000	0.000000	0.000000	0.000000	0.000000	0.000000	0.000000	-71.104365	0.000000	0.000000	0.000000
1764624085.617886543	0.000000	0.000000	-0.538112	0.000000	0.000000	0.000000	0.000000	0.000000	0.015479	0.000000	0.000000	0.000000	0.000000	0.000000	0.000000	0.000000	0.000000	0.000000	0.000000	0.000000	-71.104365	0.000000	0.000000	0.000000
1764624085.619645357	0.000000	0.000000	-0.575139	0.000000	0.000000	0.000000	0.000000	0.000000	0.015479	0.000000	0.000000	0.000000	0.000000	0.000000	0.000000	0.000000	0.000000	0.000000	0.000000	0.000000	-71.104365	0.000000	0.000000	0.000000
1764624085.629492998	0.000000	0.000000	-0.413924	0.000000	0.000000	0.000000	0.000000	0.000000	0.015479	0.000000	0.000000	0.000000	0.000000	0.000000	0.000000	0.000000	0.000000	0.000000	0.000000	0.000000	-71.104365	0.000000	0.000000	0.000000
1764624085.639912367	0.000000	0.000000	-0.507067	0.000000	0.000000	0.000000	0.000000	0.000000	0.015479	0.000000	0.000000	0.000000	0.000000	0.000000	0.000000	0.000000	0.000000	0.000000	0.000000	0.000000	-71.104365	0.000000	0.000000	0.000000
1764624085.657359838	0.000000	0.000000	-0.655614	0.000000	0.000000	0.000000	0.000000	0.000000	0.015479	0.000000	0.000000	0.000000	0.000000	0.000000	0.000000	0.000000	0.000000	0.000000	0.000000	0.000000	-71.104365	0.000000	0.000000	0.000000
1764624085.660516739	0.000000	0.000000	-0.327070	0.000000	0.000000	0.000000	0.000000	0.000000	0.015479	0.000000	0.000000	0.000000	0.000000	0.000000	0.000000	0.000000	0.000000	0.000000	0.000000	0.000000	-71.104365	0.000000	0.000000	0.000000
1764624085.670338154	0.000000	0.000000	-0.568558	0.000000	0.000000	0.000000	0.000000	0.000000	0.015479	0.000000	0.000000	0.000000	0.000000	0.000000	0.000000	0.000000	0.000000	0.000000	0.000000	0.000000	-71.104365	0.000000	0.000000	0.000000
1764624085.681191683	0.000000	0.000000	-0.284951	0.000000	0.000000	0.000000	0.000000	0.000000	0.015479	0.000000	0.000000	0.000000	0.000000	0.000000	0.000000	0.000000	0.000000	0.000000	0.000000	0.000000	-71.104365	0.000000	0.000000	0.000000
1764624085.697981119	0.000000	0.000000	-0.302195	0.000000	0.000000	0.000000	0.000000	0.000000	0.015479	0.000000	0.000000	0.000000	0.000000	0.000000	0.000000	0.000000	0.000000	0.000000	0.000000	0.000000	-71.104365	0.000000	0.000000	0.000000
1764624085.699559689	0.000000	0.000000	-0.455594	0.000000	0.000000	0.000000	0.000000	0.000000	0.015479	0.000000	0.000000	0.000000	0.000000	0.000000	0.000000	0.000000	0.000000	0.000000	0.000000	0.000000	-71.104365	0.000000	0.000000	0.000000
1764624085.710796595	0.000000	0.000000	-0.277734	0.000000	0.000000	0.000000	0.000000	0.000000	nan	0.000000	0.000000	0.000000	0.000000	0.000000	0.000000	0.000000	0.000000	0.000000	0.000000	0.000000	-71.104365	0.000000	0.000000	0.000000
1764624085.729153395	0.000000	0.000000	-0.197923	0.000000	0.000000	0.000000	0.000000	0.000000	nan	0.000000	0.000000	0.000000	0.000000	0.000000	0.000000	0.000000	0.000000	0.000000	0.000000	0.000000	-71.104365	0.000000	0.000000	0.000000
1764624085.729158878	0.000000	0.000000	-0.418329	0.000000	0.000000	0.000000	0.000000	0.000000	nan	0.000000	0.000000	0.000000	0.000000	0.000000	0.000000	0.000000	0.000000	0.000000	0.000000	0.000000	-71.104365	0.000000	0.000000	0.000000
1764624085.740045071	0.000000	0.000000	-0.238133	0.000000	0.000000	0.000000	0.000000	0.000000	nan	0.000000	0.000000	0.000000	0.000000	0.000000	0.000000	0.000000	0.000000	0.000000	0.000000	0.000000	-71.104365	0.000000	0.000000	0.000000
1764624085.750318289	0.000000	0.000000	-0.410621	0.000000	0.000000	0.000000	0.000000	0.000000	nan	0.000000	0.000000	0.000000	0.000000	0.000000	0.000000	0.000000	0.000000	0.000000	0.000000	0.000000	-71.104365	0.000000	0.000000	0.000000
1764624085.760195971	0.000000	0.000000	-0.249133	0.000000	0.000000	0.000000	0.000000	0.000000	nan	0.000000	0.000000	0.000000	0.000000	0.000000	0.000000	0.000000	0.000000	0.000000	0.000000	0.000000	-71.104365	0.000000	0.000000	0.000000
1764624085.778572798	0.000000	0.000000	-0.174250	0.000000	0.000000	0.000000	0.000000	0.000000	nan	0.000000	0.000000	0.000000	0.000000	0.000000	0.000000	0.000000	0.000000	0.000000	0.000000	0.000000	-71.104365	0.000000	0.000000	0.000000
1764624085.778583288	0.000000	0.000000	-0.309226	0.000000	0.000000	0.000000	0.000000	0.000000	nan	0.000000	0.000000	0.000000	0.000000	0.000000	0.000000	0.000000	0.000000	0.000000	0.000000	0.000000	-71.104365	0.000000	0.000000	0.000000
1764624085.789139986	0.000000	0.000000	-0.289633	0.000000	0.000000	0.000000	0.000000	0.000000	nan	0.000000	0.000000	0.000000	0.000000	0.000000	0.000000	0.000000	0.000000	0.000000	0.000000	0.000000	-71.104365	0.000000	0.000000	0.000000
1764624085.799072981	0.000000	0.000000	-0.286771	0.000000	0.000000	0.000000	0.000000	0.000000	nan	0.000000	0.000000	0.000000	0.000000	0.000000	0.000000	0.000000	0.000000	0.000000	0.000000	0.000000	-71.104365	0.000000	0.000000	0.000000
1764624085.816076756	0.000000	0.000000	-0.282517	0.000000	0.000000	0.000000	0.000000	0.000000	nan	0.000000	0.000000	0.000000	0.000000	0.000000	0.000000	0.000000	0.000000	0.000000	0.000000	0.000000	-71.104365	0.000000	0.000000	0.000000
1764624085.818715811	0.000000	0.000000	-0.134584	0.000000	0.000000	0.000000	0.000000	0.000000	nan	0.000000	0.000000	0.000000	0.000000	0.000000	0.000000	0.000000	0.000000	0.000000	0.000000	0.000000	-71.104365	0.000000	0.000000	0.000000
1764624085.829150677	0.000000	0.000000	-0.359653	0.000000	0.000000	0.000000	0.000000	0.000000	nan	0.000000	0.000000	0.000000	0.000000	0.000000	0.000000	0.000000	0.000000	0.000000	0.000000	0.000000	-71.104365	0.000000	0.000000	0.000000
1764624085.846033096	0.000000	0.000000	-0.186568	0.000000	0.000000	0.000000	0.000000	0.000000	nan	0.000000	0.000000	0.000000	0.000000	0.000000	0.000000	0.000000	0.000000	0.000000	0.000000	0.000000	-71.104365	0.000000	0.000000	0.000000
1764624085.849763632	0.000000	0.000000	-0.070384	0.000000	0.000000	0.000000	0.000000	0.000000	nan	0.000000	0.000000	0.000000	0.000000	0.000000	0.000000	0.000000	0.000000	0.000000	0.000000	0.000000	-71.104365	0.000000	0.000000	0.000000
1764624085.859761000	0.000000	0.000000	-0.442977	0.000000	0.000000	0.000000	0.000000	0.000000	nan	0.000000	0.000000	0.000000	0.000000	0.000000	0.000000	0.000000	0.000000	0.000000	0.000000	0.000000	-71.104365	0.000000	0.000000	0.000000
1764624085.869205952	0.000000	0.000000	-0.161437	0.000000	0.000000	0.000000	0.000000	0.000000	nan	0.000000	0.000000	0.000000	0.000000	0.000000	0.000000	0.000000	0.000000	0.000000	0.000000	0.000000	-71.104365	0.000000	0.000000	0.000000
1764624085.887115002	0.000000	0.000000	-0.323637	0.000000	0.000000	0.000000	0.000000	0.000000	nan	0.000000	0.000000	0.000000	0.000000	0.000000	0.000000	0.000000	0.000000	0.000000	0.000000	0.000000	-71.104365	0.000000	0.000000	0.000000
1764624085.889176369	0.000000	0.000000	-0.245290	0.000000	0.000000	0.000000	0.000000	0.000000	nan	0.000000	0.000000	0.000000	0.000000	0.000000	0.000000	0.000000	0.000000	0.000000	0.000000	0.000000	-71.104365	0.000000	0.000000	0.000000
1764624085.899375439	0.000000	0.000000	-0.174800	0.000000	0.000000	0.000000	0.000000	0.000000	nan	0.000000	0.000000	0.000000	0.000000	0.000000	0.000000	0.000000	0.000000	0.000000	0.000000	0.000000	-71.104365	0.000000	0.000000	0.000000
1764624085.909992218	0.000000	0.000000	-0.380372	0.000000	0.000000	0.000000	0.000000	0.000000	nan	0.000000	0.000000	0.000000	0.000000	0.000000	0.000000	0.000000	0.000000	0.000000	0.000000	0.000000	-71.104365	0.000000	0.000000	0.000000
1764624085.923481703	0.000000	0.000000	-0.187309	0.000000	0.000000	0.000000	0.000000	0.000000	nan	0.000000	0.000000	0.000000	0.000000	0.000000	0.000000	0.000000	0.000000	0.000000	0.000000	0.000000	-71.104365	0.000000	0.000000	0.000000
1764624085.928310394	0.000000	0.000000	-0.234643	0.000000	0.000000	0.000000	0.000000	0.000000	nan	0.000000	0.000000	0.000000	0.000000	0.000000	0.000000	0.000000	0.000000	0.000000	0.000000	0.000000	-71.104365	0.000000	0.000000	0.000000
1764624085.939176083	0.000000	0.000000	-0.246494	0.000000	0.000000	0.000000	0.000000	0.000000	nan	0.000000	0.000000	0.000000	0.000000	0.000000	0.000000	0.000000	0.000000	0.000000	0.000000	0.000000	-71.104365	0.000000	0.000000	0.000000
1764624085.948719978	0.000000	0.000000	-0.266740	0.000000	0.000000	0.000000	0.000000	0.000000	nan	0.000000	0.000000	0.000000	0.000000	0.000000	0.000000	0.000000	0.000000	0.000000	0.000000	0.000000	-71.104365	0.000000	0.000000	0.000000
1764624085.964875460	0.000000	0.000000	-0.235463	0.000000	0.000000	0.000000	0.000000	0.000000	nan	0.000000	0.000000	0.000000	0.000000	0.000000	0.000000	0.000000	0.000000	0.000000	0.000000	0.000000	-71.104365	0.000000	0.000000	0.000000
1764624085.969527006	0.000000	0.000000	-0.166944	0.000000	0.000000	0.000000	0.000000	0.000000	nan	0.000000	0.000000	0.000000	0.000000	0.000000	0.000000	0.000000	0.000000	0.000000	0.000000	0.000000	-71.104365	0.000000	0.000000	0.000000
1764624085.977975845	0.000000	0.000000	-0.114128	0.000000	0.000000	0.000000	0.000000	0.000000	nan	0.000000	0.000000	0.000000	0.000000	0.000000	0.000000	0.000000	0.000000	0.000000	0.000000	0.000000	-71.104365	0.000000	0.000000	0.000000
1764624085.988964319	0.000000	0.000000	-0.359167	0.000000	0.000000	0.000000	0.000000	0.000000	nan	0.000000	0.000000	0.000000	0.000000	0.000000	0.000000	0.000000	0.000000	0.000000	0.000000	0.000000	-71.104365	0.000000	0.000000	0.000000
1764624085.998887777	0.000000	0.000000	-0.197720	0.000000	0.000000	0.000000	0.000000	0.000000	nan	0.000000	0.000000	0.000000	0.000000	0.000000	0.000000	0.000000	0.000000	0.000000	0.000000	0.000000	-71.104365	0.000000	0.000000	0.000000
1764624086.018439054	0.000000	0.000000	-0.065998	0.000000	0.000000	0.000000	0.000000	0.000000	nan	0.000000	0.000000	0.000000	0.000000	0.000000	0.000000	0.000000	0.000000	0.000000	0.000000	0.000000	-71.104365	0.000000	0.000000	0.000000
1764624086.018446684	0.000000	0.000000	-0.336666	0.000000	0.000000	0.000000	0.000000	0.000000	nan	0.000000	0.000000	0.000000	0.000000	0.000000	0.000000	0.000000	0.000000	0.000000	0.000000	0.000000	-71.104365	0.000000	0.000000	0.000000
1764624086.029029369	0.000000	0.000000	-0.198519	0.000000	0.000000	0.000000	0.000000	0.000000	nan	0.000000	0.000000	0.000000	0.000000	0.000000	0.000000	0.000000	0.000000	0.000000	0.000000	0.000000	-71.104365	0.000000	0.000000	0.000000
1764624086.044090509	0.000000	0.000000	-0.430303	0.000000	0.000000	0.000000	0.000000	0.000000	nan	0.000000	0.000000	0.000000	0.000000	0.000000	0.000000	0.000000	0.000000	0.000000	0.000000	0.000000	88.716760	0.000000	0.000000	0.000000
1764624086.049038887	0.000000	0.000000	-0.273428	0.000000	0.000000	0.000000	0.000000	0.000000	nan	0.000000	0.000000	0.000000	0.000000	0.000000	0.000000	0.000000	0.000000	0.000000	0.000000	0.000000	88.716760	0.000000	0.000000	0.000000
1764624086.059096098	0.000000	0.000000	-0.119088	0.000000	0.000000	0.000000	0.000000	0.000000	nan	0.000000	0.000000	0.000000	0.000000	0.000000	0.000000	0.000000	0.000000	0.000000	0.000000	0.000000	88.716760	0.000000	0.000000	0.000000
1764624086.068938255	0.000000	0.000000	-0.421850	0.000000	0.000000	0.000000	0.000000	0.000000	nan	0.000000	0.000000	0.000000	0.000000	0.000000	0.000000	0.000000	0.000000	0.000000	0.000000	0.000000	0.000000	0.000000	0.000000	0.000000
1764624086.079097509	0.000000	0.000000	-0.259041	0.000000	0.000000	0.000000	0.000000	0.000000	nan	0.000000	0.000000	0.000000	0.000000	0.000000	0.000000	0.000000	0.000000	0.000000	0.000000	0.000000	0.000000	0.000000	0.000000	0.000000
1764624086.097453833	0.000000	0.000000	-0.032868	0.000000	0.000000	0.000000	0.000000	0.000000	nan	0.000000	0.000000	0.000000	0.000000	0.000000	0.000000	0.000000	0.000000	0.000000	0.000000	0.000000	0.000000	0.000000	0.000000	0.000000
1764624086.099101067	0.000000	0.000000	-0.084341	0.000000	0.000000	0.000000	0.000000	0.000000	nan	0.000000	0.000000	0.000000	0.000000	0.000000	0.000000	0.000000	0.000000	0.000000	0.000000	0.000000	0.000000	0.000000	0.000000	0.000000
1764624086.109108448	0.000000	0.000000	0.019244	0.000000	0.000000	0.000000	0.000000	0.000000	nan	0.000000	0.000000	0.000000	0.000000	0.000000	0.000000	0.000000	0.000000	0.000000	0.000000	0.000000	0.000000	0.000000	0.000000	0.000000
1764624086.125964403	0.000000	0.000000	0.168327	0.000000	0.000000	0.000000	0.000000	0.000000	nan	0.000000	0.000000	0.000000	0.000000	0.000000	0.000000	0.000000	0.000000	0.000000	0.000000	0.000000	0.000000	0.000000	0.000000	0.000000
1764624086.129053116	0.000000	0.000000	0.325328	0.000000	0.000000	0.000000	0.000000	0.000000	nan	0.000000	0.000000	0.000000	0.000000	0.000000	0.000000	0.000000	0.000000	0.000000	0.000000	0.000000	0.000000	0.000000	0.000000	0.000000
1764624086.139035940	0.000000	0.000000	0.361099	0.000000	0.000000	0.000000	0.000000	0.000000	nan	0.000000	0.000000	0.000000	0.000000	0.000000	0.000000	0.000000	0.000000	0.000000	0.000000	0.000000	0.000000	0.000000	0.000000	0.000000
1764624086.148708344	0.000000	0.000000	0.342843	0.000000	0.000000	0.000000	0.000000	0.000000	nan	0.000000	0.000000	0.000000	0.000000	0.000000	0.000000	0.000000	0.000000	0.000000	0.000000	0.000000	0.000000	0.000000	0.000000	0.000000
1764624086.162586212	0.000000	0.000000	0.413144	0.000000	0.000000	0.000000	0.000000	0.000000	nan	0.000000	0.000000	0.000000	0.000000	0.000000	0.000000	0.000000	0.000000	0.000000	0.000000	0.000000	0.000000	0.000000	0.000000	0.000000
1764624086.180203676	0.000000	0.000000	0.501925	0.000000	0.000000	0.000000	0.000000	0.000000	nan	0.000000	0.000000	0.000000	0.000000	0.000000	0.000000	0.000000	0.000000	0.000000	0.000000	0.000000	0.000000	0.000000	0.000000	0.000000
1764624086.180216074	0.000000	0.000000	0.580700	0.000000	0.000000	0.000000	0.000000	0.000000	nan	0.000000	0.000000	0.000000	0.000000	0.000000	0.000000	0.000000	0.000000	0.000000	0.000000	0.000000	0.000000	0.000000	0.000000	0.000000
1764624086.189283848	0.000000	0.000000	0.403535	0.000000	0.000000	0.000000	0.000000	0.000000	nan	0.000000	0.000000	0.000000	0.000000	0.000000	0.000000	0.000000	0.000000	0.000000	0.000000	0.000000	0.000000	0.000000	0.000000	0.000000
1764624086.208162308	0.000000	0.000000	0.658824	0.000000	0.000000	0.000000	0.000000	0.000000	nan	0.000000	0.000000	0.000000	0.000000	0.000000	0.000000	0.000000	0.000000	0.000000	0.000000	0.000000	0.000000	0.000000	0.000000	0.000000
1764624086.208171606	0.000000	0.000000	0.472508	0.000000	0.000000	0.000000	0.000000	0.000000	nan	0.000000	0.000000	0.000000	0.000000	0.000000	0.000000	0.000000	0.000000	0.000000	0.000000	0.000000	0.000000	0.000000	0.000000	0.000000
1764624086.219513893	0.000000	0.000000	0.512426	0.000000	0.000000	0.000000	0.000000	0.000000	-0.244821	0.000000	0.000000	0.000000	0.000000	0.000000	0.000000	0.000000	0.000000	0.000000	0.000000	0.000000	0.000000	0.000000	0.000000	0.000000
1764624086.228778362	0.000000	0.000000	0.538367	0.000000	0.000000	0.000000	0.000000	0.000000	-0.244821	0.000000	0.000000	0.000000	0.000000	0.000000	0.000000	0.000000	0.000000	0.000000	0.000000	0.000000	0.000000	0.000000	0.000000	0.000000
1764624086.246252060	0.000000	0.000000	0.500097	0.000000	0.000000	0.000000	0.000000	0.000000	-0.244821	0.000000	0.000000	0.000000	0.000000	0.000000	0.000000	0.000000	0.000000	0.000000	0.000000	0.000000	0.000000	0.000000	0.000000	0.000000
1764624086.249309063	0.000000	0.000000	0.521809	0.000000	0.000000	0.000000	0.000000	0.000000	-0.244821	0.000000	0.000000	0.000000	0.000000	0.000000	0.000000	0.000000	0.000000	0.000000	0.000000	0.000000	0.000000	0.000000	0.000000	0.000000
1764624086.259500980	0.000000	0.000000	0.560969	0.000000	0.000000	0.000000	0.000000	0.000000	-0.244821	0.000000	0.000000	0.000000	0.000000	0.000000	0.000000	0.000000	0.000000	0.000000	0.000000	0.000000	0.000000	0.000000	0.000000	0.000000
1764624086.269326687	0.000000	0.000000	0.432955	0.000000	0.000000	0.000000	0.000000	0.000000	-0.244821	0.000000	0.000000	0.000000	0.000000	0.000000	0.000000	0.000000	0.000000	0.000000	0.000000	0.000000	0.000000	0.000000	0.000000	0.000000
1764624086.290175438	0.000000	0.000000	0.638381	0.000000	0.000000	0.000000	0.000000	0.000000	-0.244821	0.000000	0.000000	0.000000	0.000000	0.000000	0.000000	0.000000	0.000000	0.000000	0.000000	0.000000	0.000000	0.000000	0.000000	0.000000
1764624086.295876503	0.000000	0.000000	0.440350	0.000000	0.000000	0.000000	0.000000	0.000000	-0.244821	0.000000	0.000000	0.000000	0.000000	0.000000	0.000000	0.000000	0.000000	0.000000	0.000000	0.000000	0.000000	0.000000	0.000000	0.000000
1764624086.299206018	0.000000	0.000000	0.426764	0.000000	0.000000	0.000000	0.000000	0.000000	-0.244821	0.000000	0.000000	0.000000	0.000000	0.000000	0.000000	0.000000	0.000000	0.000000	0.000000	0.000000	0.000000	0.000000	0.000000	0.000000
1764624086.309321642	0.000000	0.000000	0.419277	0.000000	0.000000	0.000000	0.000000	0.000000	-0.244821	0.000000	0.000000	0.000000	0.000000	0.000000	0.000000	0.000000	0.000000	0.000000	0.000000	0.000000	0.000000	0.000000	0.000000	0.000000
1764624086.320136309	0.000000	0.000000	0.495107	0.000000	0.000000	0.000000	0.000000	0.000000	-0.244821	0.000000	0.000000	0.000000	0.000000	0.000000	0.000000	0.000000	0.000000	0.000000	0.000000	0.000000	0.000000	0.000000	0.000000	0.000000
1764624086.338774204	0.000000	0.000000	0.412947	0.000000	0.000000	0.000000	0.000000	0.000000	-0.244821	0.000000	0.000000	0.000000	0.000000	0.000000	0.000000	0.000000	0.000000	0.000000	0.000000	0.000000	0.000000	0.000000	0.000000	0.000000
1764624086.340840340	0.000000	0.000000	0.401475	0.000000	0.000000	0.000000	0.000000	0.000000	-0.244821	0.000000	0.000000	0.000000	0.000000	0.000000	0.000000	0.000000	0.000000	0.000000	0.000000	0.000000	0.000000	0.000000	0.000000	0.000000
1764624086.349766016	0.000000	0.000000	0.383176	0.000000	0.000000	0.000000	0.000000	0.000000	-0.244821	0.000000	0.000000	0.000000	0.000000	0.000000	0.000000	0.000000	0.000000	0.000000	0.000000	0.000000	0.000000	0.000000	0.000000	0.000000
1764624086.370005131	0.000000	0.000000	0.379379	0.000000	0.000000	0.000000	0.000000	0.000000	-0.244821	0.000000	0.000000	0.000000	0.000000	0.000000	0.000000	0.000000	0.000000	0.000000	0.000000	0.000000	0.000000	0.000000	0.000000	0.000000
1764624086.371674776	0.000000	0.000000	0.382685	0.000000	0.000000	0.000000	0.000000	0.000000	-0.244821	0.000000	0.000000	0.000000	0.000000	0.000000	0.000000	0.000000	0.000000	0.000000	0.000000	0.000000	0.000000	0.000000	0.000000	0.000000
1764624086.379522562	0.000000	0.000000	0.384695	0.000000	0.000000	0.000000	0.000000	0.000000	-0.244821	0.000000	0.000000	0.000000	0.000000	0.000000	0.000000	0.000000	0.000000	0.000000	0.000000	0.000000	0.000000	0.000000	0.000000	0.000000
1764624086.389925718	0.000000	0.000000	0.320708	0.000000	0.000000	0.000000	0.000000	0.000000	-0.244821	0.000000	0.000000	0.000000	0.000000	0.000000	0.000000	0.000000	0.000000	0.000000	0.000000	0.000000	88.716760	0.000000	0.000000	0.000000
1764624086.399633408	0.000000	0.000000	0.330748	0.000000	0.000000	0.000000	0.000000	0.000000	-0.244821	0.000000	0.000000	0.000000	0.000000	0.000000	0.000000	0.000000	0.000000	0.000000	0.000000	0.000000	88.716760	0.000000	0.000000	0.000000
1764624086.409454584	0.000000	0.000000	0.345145	0.000000	0.000000	0.000000	0.000000	0.000000	-0.244821	0.000000	0.000000	0.000000	0.000000	0.000000	0.000000	0.000000	0.000000	0.000000	0.000000	0.000000	88.716760	0.000000	0.000000	0.000000
1764624086.427119732	0.000000	0.000000	0.328033	0.000000	0.000000	0.000000	0.000000	0.000000	-0.244821	0.000000	0.000000	0.000000	0.000000	0.000000	0.000000	0.000000	0.000000	0.000000	0.000000	0.000000	88.716760	0.000000	0.000000	0.000000
1764624086.430032969	0.000000	0.000000	0.285551	0.000000	0.000000	0.000000	0.000000	0.000000	-0.244821	0.000000	0.000000	0.000000	0.000000	0.000000	0.000000	0.000000	0.000000	0.000000	0.000000	0.000000	88.716760	0.000000	0.000000	0.000000
1764624086.449160337	0.000000	0.000000	0.329873	0.000000	0.000000	0.000000	0.000000	0.000000	-0.244821	0.000000	0.000000	0.000000	0.000000	0.000000	0.000000	0.000000	0.000000	0.000000	0.000000	0.000000	88.716760	0.000000	0.000000	0.000000
1764624086.450779200	0.000000	0.000000	0.314088	0.000000	0.000000	0.000000	0.000000	0.000000	-0.244821	0.000000	0.000000	0.000000	0.000000	0.000000	0.000000	0.000000	0.000000	0.000000	0.000000	0.000000	88.716760	0.000000	0.000000	0.000000
1764624086.459991932	0.000000	0.000000	0.278724	0.000000	0.000000	0.000000	0.000000	0.000000	-0.244821	0.000000	0.000000	0.000000	0.000000	0.000000	0.000000	0.000000	0.000000	0.000000	0.000000	0.000000	88.716760	0.000000	0.000000	0.000000
1764624086.469486237	0.000000	0.000000	0.304135	0.000000	0.000000	0.000000	0.000000	0.000000	-0.139940	0.000000	0.000000	0.000000	0.000000	0.000000	0.000000	0.000000	0.000000	0.000000	0.000000	0.000000	88.716760	0.000000	0.000000	0.000000
1764624086.480000019	0.000000	0.000000	0.272666	0.000000	0.000000	0.000000	0.000000	0.000000	-0.139940	0.000000	0.000000	0.000000	0.000000	0.000000	0.000000	0.000000	0.000000	0.000000	0.000000	0.000000	88.716760	0.000000	0.000000	0.000000
1764624086.499090195	0.000000	0.000000	0.278790	0.000000	0.000000	0.000000	0.000000	0.000000	-0.139940	0.000000	0.000000	0.000000	0.000000	0.000000	0.000000	0.000000	0.000000	0.000000	0.000000	0.000000	88.716760	0.000000	0.000000	0.000000
1764624086.500844479	0.000000	0.000000	0.254853	0.000000	0.000000	0.000000	0.000000	0.000000	-0.139940	0.000000	0.000000	0.000000	0.000000	0.000000	0.000000	0.000000	0.000000	0.000000	0.000000	0.000000	88.716760	0.000000	0.000000	0.000000
1764624086.509336948	0.000000	0.000000	0.307741	0.000000	0.000000	0.000000	0.000000	0.000000	-0.139940	0.000000	0.000000	0.000000	0.000000	0.000000	0.000000	0.000000	0.000000	0.000000	0.000000	0.000000	88.716760	0.000000	0.000000	0.000000
1764624086.520152330	0.000000	0.000000	0.366763	0.000000	0.000000	0.000000	0.000000	0.000000	-0.139940	0.000000	0.000000	0.000000	0.000000	0.000000	0.000000	0.000000	0.000000	0.000000	0.000000	0.000000	88.716760	0.000000	0.000000	0.000000
1764624086.534531116	0.000000	0.000000	0.423824	0.000000	0.000000	0.000000	0.000000	0.000000	-0.139940	0.000000	0.000000	0.000000	0.000000	0.000000	0.000000	0.000000	0.000000	0.000000	0.000000	0.000000	88.716760	0.000000	0.000000	0.000000
1764624086.539951324	0.000000	0.000000	0.441351	0.000000	0.000000	0.000000	0.000000	0.000000	-0.139940	0.000000	0.000000	0.000000	0.000000	0.000000	0.000000	0.000000	0.000000	0.000000	0.000000	0.000000	88.716760	0.000000	0.000000	0.000000
1764624086.549742460	0.000000	0.000000	0.543591	0.000000	0.000000	0.000000	0.000000	0.000000	-0.139940	0.000000	0.000000	0.000000	0.000000	0.000000	0.000000	0.000000	0.000000	0.000000	0.000000	0.000000	88.716760	0.000000	0.000000	0.000000
1764624086.560308218	0.000000	0.000000	0.568247	0.000000	0.000000	0.000000	0.000000	0.000000	-0.139940	0.000000	0.000000	0.000000	0.000000	0.000000	0.000000	0.000000	0.000000	0.000000	0.000000	0.000000	88.716760	0.000000	0.000000	0.000000
1764624086.579146385	0.000000	0.000000	0.672646	0.000000	0.000000	0.000000	0.000000	0.000000	-0.139940	0.000000	0.000000	0.000000	0.000000	0.000000	0.000000	0.000000	0.000000	0.000000	0.000000	0.000000	88.716760	0.000000	0.000000	0.000000
1764624086.587383747	0.000000	0.000000	0.774224	0.000000	0.000000	0.000000	0.000000	0.000000	-0.139940	0.000000	0.000000	0.000000	0.000000	0.000000	0.000000	0.000000	0.000000	0.000000	0.000000	0.000000	88.716760	0.000000	0.000000	0.000000
1764624086.590655327	0.000000	0.000000	0.783733	0.000000	0.000000	0.000000	0.000000	0.000000	-0.139940	0.000000	0.000000	0.000000	0.000000	0.000000	0.000000	0.000000	0.000000	0.000000	0.000000	0.000000	88.716760	0.000000	0.000000	0.000000
1764624086.609068632	0.000000	0.000000	0.885706	0.000000	0.000000	0.000000	0.000000	0.000000	-0.139940	0.000000	0.000000	0.000000	0.000000	0.000000	0.000000	0.000000	0.000000	0.000000	0.000000	0.000000	88.716760	0.000000	0.000000	0.000000
1764624086.610626698	0.000000	0.000000	0.951312	0.000000	0.000000	0.000000	0.000000	0.000000	-0.139940	0.000000	0.000000	0.000000	0.000000	0.000000	0.000000	0.000000	0.000000	0.000000	0.000000	0.000000	88.716760	0.000000	0.000000	0.000000
1764624086.620115519	0.000000	0.000000	0.897521	0.000000	0.000000	0.000000	0.000000	0.000000	-0.139940	0.000000	0.000000	0.000000	0.000000	0.000000	0.000000	0.000000	0.000000	0.000000	0.000000	0.000000	88.716760	0.000000	0.000000	0.000000
1764624086.629853487	0.000000	0.000000	1.064788	0.000000	0.000000	0.000000	0.000000	0.000000	-0.139940	0.000000	0.000000	0.000000	0.000000	0.000000	0.000000	0.000000	0.000000	0.000000	0.000000	0.000000	88.716760	0.000000	0.000000	0.000000
1764624086.639803171	0.000000	0.000000	0.958856	0.000000	0.000000	0.000000	0.000000	0.000000	-0.139940	0.000000	0.000000	0.000000	0.000000	0.000000	0.000000	0.000000	0.000000	0.000000	0.000000	0.000000	88.716760	0.000000	0.000000	0.000000
1764624086.650088310	0.000000	0.000000	1.005493	0.000000	0.000000	0.000000	0.000000	0.000000	-0.139940	0.000000	0.000000	0.000000	0.000000	0.000000	0.000000	0.000000	0.000000	0.000000	0.000000	0.000000	88.716760	0.000000	0.000000	0.000000
1764624086.662436962	0.000000	0.000000	1.102002	0.000000	0.000000	0.000000	0.000000	0.000000	-0.139940	0.000000	0.000000	0.000000	0.000000	0.000000	0.000000	0.000000	0.000000	0.000000	0.000000	0.000000	88.716760	0.000000	0.000000	0.000000
1764624086.669729710	0.000000	0.000000	1.017020	0.000000	0.000000	0.000000	0.000000	0.000000	-0.139940	0.000000	0.000000	0.000000	0.000000	0.000000	0.000000	0.000000	0.000000	0.000000	0.000000	0.000000	88.716760	0.000000	0.000000	0.000000
1764624086.689816713	0.000000	0.000000	1.150823	0.000000	0.000000	0.000000	0.000000	0.000000	-0.139940	0.000000	0.000000	0.000000	0.000000	0.000000	0.000000	0.000000	0.000000	0.000000	0.000000	0.000000	88.716760	0.000000	0.000000	0.000000
1764624086.691790342	0.000000	0.000000	1.174163	0.000000	0.000000	0.000000	0.000000	0.000000	-0.139940	0.000000	0.000000	0.000000	0.000000	0.000000	0.000000	0.000000	0.000000	0.000000	0.000000	0.000000	88.716760	0.000000	0.000000	0.000000
1764624086.699564219	0.000000	0.000000	1.086711	0.000000	0.000000	0.000000	0.000000	0.000000	-0.139940	0.000000	0.000000	0.000000	0.000000	0.000000	0.000000	0.000000	0.000000	0.000000	0.000000	0.000000	88.716760	0.000000	0.000000	0.000000
1764624086.709143400	0.000000	0.000000	1.116468	0.000000	0.000000	0.000000	0.000000	0.000000	-0.139940	0.000000	0.000000	0.000000	0.000000	0.000000	0.000000	0.000000	0.000000	0.000000	0.000000	0.000000	88.716760	0.000000	0.000000	0.000000
1764624086.719441175	0.000000	0.000000	1.176903	0.000000	0.000000	0.000000	0.000000	0.000000	0.039503	0.000000	0.000000	0.000000	0.000000	0.000000	0.000000	0.000000	0.000000	0.000000	0.000000	0.000000	88.716760	0.000000	0.000000	0.000000
1764624086.730291128	0.000000	0.000000	1.089673	0.000000	0.000000	0.000000	0.000000	0.000000	0.039503	0.000000	0.000000	0.000000	0.000000	0.000000	0.000000	0.000000	0.000000	0.000000	0.000000	0.000000	88.716760	0.000000	0.000000	0.000000
1764624086.742472649	0.000000	0.000000	0.990099	0.000000	0.000000	0.000000	0.000000	0.000000	0.039503	0.000000	0.000000	0.000000	0.000000	0.000000	0.000000	0.000000	0.000000	0.000000	0.000000	0.000000	88.716760	0.000000	0.000000	0.000000
1764624086.749138594	0.000000	0.000000	1.140521	0.000000	0.000000	0.000000	0.000000	0.000000	0.039503	0.000000	0.000000	0.000000	0.000000	0.000000	0.000000	0.000000	0.000000	0.000000	0.000000	0.000000	88.716760	0.000000	0.000000	0.000000
1764624086.769215584	0.000000	0.000000	1.054009	0.000000	0.000000	0.000000	0.000000	0.000000	0.039503	0.000000	0.000000	0.000000	0.000000	0.000000	0.000000	0.000000	0.000000	0.000000	0.000000	0.000000	88.716760	0.000000	0.000000	0.000000
1764624086.769222498	0.000000	0.000000	0.778251	0.000000	0.000000	0.000000	0.000000	0.000000	0.039503	0.000000	0.000000	0.000000	0.000000	0.000000	0.000000	0.000000	0.000000	0.000000	0.000000	0.000000	88.716760	0.000000	0.000000	0.000000
1764624086.779685020	0.000000	0.000000	0.939096	0.000000	0.000000	0.000000	0.000000	0.000000	0.039503	0.000000	0.000000	0.000000	0.000000	0.000000	0.000000	0.000000	0.000000	0.000000	0.000000	0.000000	88.716760	0.000000	0.000000	0.000000
1764624086.789675713	0.000000	0.000000	0.634300	0.000000	0.000000	0.000000	0.000000	0.000000	0.039503	0.000000	0.000000	0.000000	0.000000	0.000000	0.000000	0.000000	0.000000	0.000000	0.000000	0.000000	88.716760	0.000000	0.000000	0.000000
1764624086.809917688	0.000000	0.000000	0.679632	0.000000	0.000000	0.000000	0.000000	0.000000	0.039503	0.000000	0.000000	0.000000	0.000000	0.000000	0.000000	0.000000	0.000000	0.000000	0.000000	0.000000	88.716760	0.000000	0.000000	0.000000
1764624086.809926748	0.000000	0.000000	0.767310	0.000000	0.000000	0.000000	0.000000	0.000000	0.039503	0.000000	0.000000	0.000000	0.000000	0.000000	0.000000	0.000000	0.000000	0.000000	0.000000	0.000000	88.716760	0.000000	0.000000	0.000000
1764624086.820299387	0.000000	0.000000	0.533597	0.000000	0.000000	0.000000	0.000000	0.000000	0.039503	0.000000	0.000000	0.000000	0.000000	0.000000	0.000000	0.000000	0.000000	0.000000	0.000000	0.000000	88.716760	0.000000	0.000000	0.000000
1764624086.829489946	0.000000	0.000000	0.768434	0.000000	0.000000	0.000000	0.000000	0.000000	0.039503	0.000000	0.000000	0.000000	0.000000	0.000000	0.000000	0.000000	0.000000	0.000000	0.000000	0.000000	88.716760	0.000000	0.000000	0.000000
1764624086.840214968	0.000000	0.000000	0.538130	0.000000	0.000000	0.000000	0.000000	0.000000	0.039503	0.000000	0.000000	0.000000	0.000000	0.000000	0.000000	0.000000	0.000000	0.000000	0.000000	0.000000	88.716760	0.000000	0.000000	0.000000
1764624086.850604296	0.000000	0.000000	0.583414	0.000000	0.000000	0.000000	0.000000	0.000000	0.039503	0.000000	0.000000	0.000000	0.000000	0.000000	0.000000	0.000000	0.000000	0.000000	0.000000	0.000000	88.716760	0.000000	0.000000	0.000000
1764624086.862307787	0.000000	0.000000	0.641544	0.000000	0.000000	0.000000	0.000000	0.000000	0.039503	0.000000	0.000000	0.000000	0.000000	0.000000	0.000000	0.000000	0.000000	0.000000	0.000000	0.000000	88.716760	0.000000	0.000000	0.000000
1764624086.870355844	0.000000	0.000000	0.512610	0.000000	0.000000	0.000000	0.000000	0.000000	0.039503	0.000000	0.000000	0.000000	0.000000	0.000000	0.000000	0.000000	0.000000	0.000000	0.000000	0.000000	88.716760	0.000000	0.000000	0.000000
1764624086.881261349	0.000000	0.000000	0.490593	0.000000	0.000000	0.000000	0.000000	0.000000	0.039503	0.000000	0.000000	0.000000	0.000000	0.000000	0.000000	0.000000	0.000000	0.000000	0.000000	0.000000	88.716760	0.000000	0.000000	0.000000
1764624086.895113468	0.000000	0.000000	0.708900	0.000000	0.000000	0.000000	0.000000	0.000000	0.039503	0.000000	0.000000	0.000000	0.000000	0.000000	0.000000	0.000000	0.000000	0.000000	0.000000	0.000000	88.716760	0.000000	0.000000	0.000000
1764624086.899780750	0.000000	0.000000	0.442445	0.000000	0.000000	0.000000	0.000000	0.000000	0.039503	0.000000	0.000000	0.000000	0.000000	0.000000	0.000000	0.000000	0.000000	0.000000	0.000000	0.000000	88.716760	0.000000	0.000000	0.000000
1764624086.909574032	0.000000	0.000000	0.667290	0.000000	0.000000	0.000000	0.000000	0.000000	0.039503	0.000000	0.000000	0.000000	0.000000	0.000000	0.000000	0.000000	0.000000	0.000000	0.000000	0.000000	88.716760	0.000000	0.000000	0.000000
1764624086.919624329	0.000000	0.000000	0.508959	0.000000	0.000000	0.000000	0.000000	0.000000	0.039503	0.000000	0.000000	0.000000	0.000000	0.000000	0.000000	0.000000	0.000000	0.000000	0.000000	0.000000	88.716760	0.000000	0.000000	0.000000
1764624086.933582544	0.000000	0.000000	0.676723	0.000000	0.000000	0.000000	0.000000	0.000000	0.039503	0.000000	0.000000	0.000000	0.000000	0.000000	0.000000	0.000000	0.000000	0.000000	0.000000	0.000000	88.716760	0.000000	0.000000	0.000000
1764624086.939510584	0.000000	0.000000	0.611644	0.000000	0.000000	0.000000	0.000000	0.000000	0.039503	0.000000	0.000000	0.000000	0.000000	0.000000	0.000000	0.000000	0.000000	0.000000	0.000000	0.000000	88.716760	0.000000	0.000000	0.000000
1764624086.949667931	0.000000	0.000000	0.486748	0.000000	0.000000	0.000000	0.000000	0.000000	0.039503	0.000000	0.000000	0.000000	0.000000	0.000000	0.000000	0.000000	0.000000	0.000000	0.000000	0.000000	88.716760	0.000000	0.000000	0.000000
1764624086.960921526	0.000000	0.000000	0.582962	0.000000	0.000000	0.000000	0.000000	0.000000	0.039503	0.000000	0.000000	0.000000	0.000000	0.000000	0.000000	0.000000	0.000000	0.000000	0.000000	0.000000	88.716760	0.000000	0.000000	0.000000
1764624086.980317593	0.000000	0.000000	0.667741	0.000000	0.000000	0.000000	0.000000	0.000000	0.194093	0.000000	0.000000	0.000000	0.000000	0.000000	0.000000	0.000000	0.000000	0.000000	0.000000	0.000000	88.716760	0.000000	0.000000	0.000000
1764624086.980330467	0.000000	0.000000	0.516826	0.000000	0.000000	0.000000	0.000000	0.000000	0.194093	0.000000	0.000000	0.000000	0.000000	0.000000	0.000000	0.000000	0.000000	0.000000	0.000000	0.000000	88.716760	0.000000	0.000000	0.000000
1764624086.990507364	0.000000	0.000000	0.586192	0.000000	0.000000	0.000000	0.000000	0.000000	0.194093	0.000000	0.000000	0.000000	0.000000	0.000000	0.000000	0.000000	0.000000	0.000000	0.000000	0.000000	88.716760	0.000000	0.000000	0.000000
1764624086.999542475	0.000000	0.000000	0.878658	0.000000	0.000000	0.000000	0.000000	0.000000	0.194093	0.000000	0.000000	0.000000	0.000000	0.000000	0.000000	0.000000	0.000000	0.000000	0.000000	0.000000	88.716760	0.000000	0.000000	0.000000
1764624087.008839130	0.000000	0.000000	0.355444	0.000000	0.000000	0.000000	0.000000	0.000000	0.194093	0.000000	0.000000	0.000000	0.000000	0.000000	0.000000	0.000000	0.000000	0.000000	0.000000	0.000000	88.716760	0.000000	0.000000	0.000000
1764624087.023798466	0.000000	0.000000	0.730128	0.000000	0.000000	0.000000	0.000000	0.000000	0.194093	0.000000	0.000000	0.000000	0.000000	0.000000	0.000000	0.000000	0.000000	0.000000	0.000000	0.000000	88.716760	0.000000	0.000000	0.000000
1764624087.030020952	0.000000	0.000000	0.775938	0.000000	0.000000	0.000000	0.000000	0.000000	0.194093	0.000000	0.000000	0.000000	0.000000	0.000000	0.000000	0.000000	0.000000	0.000000	0.000000	0.000000	88.716760	0.000000	0.000000	0.000000
1764624087.048069239	0.000000	0.000000	0.559935	0.000000	0.000000	0.000000	0.000000	0.000000	0.194093	0.000000	0.000000	0.000000	0.000000	0.000000	0.000000	0.000000	0.000000	0.000000	0.000000	0.000000	88.716760	0.000000	0.000000	0.000000
1764624087.052127600	0.000000	0.000000	0.609932	0.000000	0.000000	0.000000	0.000000	0.000000	0.194093	0.000000	0.000000	0.000000	0.000000	0.000000	0.000000	0.000000	0.000000	0.000000	0.000000	0.000000	88.716760	0.000000	0.000000	0.000000
1764624087.058991432	0.000000	0.000000	0.739939	0.000000	0.000000	0.000000	0.000000	0.000000	0.194093	0.000000	0.000000	0.000000	0.000000	0.000000	0.000000	0.000000	0.000000	0.000000	0.000000	0.000000	88.716760	0.000000	0.000000	0.000000
1764624087.069724560	0.000000	0.000000	0.465347	0.000000	0.000000	0.000000	0.000000	0.000000	0.194093	0.000000	0.000000	0.000000	0.000000	0.000000	0.000000	0.000000	0.000000	0.000000	0.000000	0.000000	88.716760	0.000000	0.000000	0.000000
1764624087.092180014	0.000000	0.000000	0.716140	0.000000	0.000000	0.000000	0.000000	0.000000	0.194093	0.000000	0.000000	0.000000	0.000000	0.000000	0.000000	0.000000	0.000000	0.000000	0.000000	0.000000	88.716760	0.000000	0.000000	0.000000
1764624087.092185497	0.000000	0.000000	0.678188	0.000000	0.000000	0.000000	0.000000	0.000000	0.194093	0.000000	0.000000	0.000000	0.000000	0.000000	0.000000	0.000000	0.000000	0.000000	0.000000	0.000000	88.716760	0.000000	0.000000	0.000000
1764624087.099346876	0.000000	0.000000	0.580669	0.000000	0.000000	0.000000	0.000000	0.000000	0.194093	0.000000	0.000000	0.000000	0.000000	0.000000	0.000000	0.000000	0.000000	0.000000	0.000000	0.000000	88.716760	0.000000	0.000000	0.000000
1764624087.109335661	0.000000	0.000000	0.679135	0.000000	0.000000	0.000000	0.000000	0.000000	0.194093	0.000000	0.000000	0.000000	0.000000	0.000000	0.000000	0.000000	0.000000	0.000000	0.000000	0.000000	88.716760	0.000000	0.000000	0.000000
1764624087.119451284	0.000000	0.000000	0.720672	0.000000	0.000000	0.000000	0.000000	0.000000	0.194093	0.000000	0.000000	0.000000	0.000000	0.000000	0.000000	0.000000	0.000000	0.000000	0.000000	0.000000	88.716760	0.000000	0.000000	0.000000
1764624087.130335569	0.000000	0.000000	0.484520	0.000000	0.000000	0.000000	0.000000	0.000000	0.194093	0.000000	0.000000	0.000000	0.000000	0.000000	0.000000	0.000000	0.000000	0.000000	0.000000	0.000000	88.716760	0.000000	0.000000	0.000000
1764624087.140357018	0.000000	0.000000	0.809980	0.000000	0.000000	0.000000	0.000000	0.000000	0.194093	0.000000	0.000000	0.000000	0.000000	0.000000	0.000000	0.000000	0.000000	0.000000	0.000000	0.000000	88.716760	0.000000	0.000000	0.000000
1764624087.149851084	0.000000	0.000000	0.661111	0.000000	0.000000	0.000000	0.000000	0.000000	0.194093	0.000000	0.000000	0.000000	0.000000	0.000000	0.000000	0.000000	0.000000	0.000000	0.000000	0.000000	88.716760	0.000000	0.000000	0.000000
1764624087.169380426	0.000000	0.000000	0.523838	0.000000	0.000000	0.000000	0.000000	0.000000	0.194093	0.000000	0.000000	0.000000	0.000000	0.000000	0.000000	0.000000	0.000000	0.000000	0.000000	0.000000	88.716760	0.000000	0.000000	0.000000
1764624087.175569296	0.000000	0.000000	0.882197	0.000000	0.000000	0.000000	0.000000	0.000000	0.194093	0.000000	0.000000	0.000000	0.000000	0.000000	0.000000	0.000000	0.000000	0.000000	0.000000	0.000000	88.716760	0.000000	0.000000	0.000000
1764624087.179449081	0.000000	0.000000	0.518470	0.000000	0.000000	0.000000	0.000000	0.000000	0.194093	0.000000	0.000000	0.000000	0.000000	0.000000	0.000000	0.000000	0.000000	0.000000	0.000000	0.000000	88.716760	0.000000	0.000000	0.000000
1764624087.191293001	0.000000	0.000000	0.672929	0.000000	0.000000	0.000000	0.000000	0.000000	0.194093	0.000000	0.000000	0.000000	0.000000	0.000000	0.000000	0.000000	0.000000	0.000000	0.000000	0.000000	88.716760	0.000000	0.000000	0.000000
1764624087.199618816	0.000000	0.000000	0.685413	0.000000	0.000000	0.000000	0.000000	0.000000	0.194093	0.000000	0.000000	0.000000	0.000000	0.000000	0.000000	0.000000	0.000000	0.000000	0.000000	0.000000	88.716760	0.000000	0.000000	0.000000
1764624087.209360123	0.000000	0.000000	0.576808	0.000000	0.000000	0.000000	0.000000	0.000000	0.194093	0.000000	0.000000	0.000000	0.000000	0.000000	0.000000	0.000000	0.000000	0.000000	0.000000	0.000000	88.716760	0.000000	0.000000	0.000000
1764624087.230010033	0.000000	0.000000	0.570401	0.000000	0.000000	0.000000	0.000000	0.000000	0.365041	0.000000	0.000000	0.000000	0.000000	0.000000	0.000000	0.000000	0.000000	0.000000	0.000000	0.000000	88.716760	0.000000	0.000000	0.000000
1764624087.230035067	0.000000	0.000000	0.645457	0.000000	0.000000	0.000000	0.000000	0.000000	0.365041	0.000000	0.000000	0.000000	0.000000	0.000000	0.000000	0.000000	0.000000	0.000000	0.000000	0.000000	88.716760	0.000000	0.000000	0.000000
1764624087.240100145	0.000000	0.000000	0.667448	0.000000	0.000000	0.000000	0.000000	0.000000	0.365041	0.000000	0.000000	0.000000	0.000000	0.000000	0.000000	0.000000	0.000000	0.000000	0.000000	0.000000	88.716760	0.000000	0.000000	0.000000
1764624087.257620096	0.000000	0.000000	0.740849	0.000000	0.000000	0.000000	0.000000	0.000000	0.365041	0.000000	0.000000	0.000000	0.000000	0.000000	0.000000	0.000000	0.000000	0.000000	0.000000	0.000000	88.716760	0.000000	0.000000	0.000000
1764624087.259865761	0.000000	0.000000	0.573393	0.000000	0.000000	0.000000	0.000000	0.000000	0.365041	0.000000	0.000000	0.000000	0.000000	0.000000	0.000000	0.000000	0.000000	0.000000	0.000000	0.000000	88.716760	0.000000	0.000000	0.000000
1764624087.269743681	0.000000	0.000000	0.645526	0.000000	0.000000	0.000000	0.000000	0.000000	0.365041	0.000000	0.000000	0.000000	0.000000	0.000000	0.000000	0.000000	0.000000	0.000000	0.000000	0.000000	88.716760	0.000000	0.000000	0.000000
1764624087.289943457	0.000000	0.000000	0.601733	0.000000	0.000000	0.000000	0.000000	0.000000	0.365041	0.000000	0.000000	0.000000	0.000000	0.000000	0.000000	0.000000	0.000000	0.000000	0.000000	0.000000	88.716760	0.000000	0.000000	0.000000
1764624087.289953232	0.000000	0.000000	0.726257	0.000000	0.000000	0.000000	0.000000	0.000000	0.365041	0.000000	0.000000	0.000000	0.000000	0.000000	0.000000	0.000000	0.000000	0.000000	0.000000	0.000000	88.716760	0.000000	0.000000	0.000000
1764624087.299705267	0.000000	0.000000	0.576619	0.000000	0.000000	0.000000	0.000000	0.000000	0.365041	0.000000	0.000000	0.000000	0.000000	0.000000	0.000000	0.000000	0.000000	0.000000	0.000000	0.000000	88.716760	0.000000	0.000000	0.000000
1764624087.309416771	0.000000	0.000000	0.535031	0.000000	0.000000	0.000000	0.000000	0.000000	0.365041	0.000000	0.000000	0.000000	0.000000	0.000000	0.000000	0.000000	0.000000	0.000000	0.000000	0.000000	88.716760	0.000000	0.000000	0.000000
1764624087.334859371	0.000000	0.000000	0.694314	0.000000	0.000000	0.000000	0.000000	0.000000	0.365041	0.000000	0.000000	0.000000	0.000000	0.000000	0.000000	0.000000	0.000000	0.000000	0.000000	0.000000	88.716760	0.000000	0.000000	0.000000
1764624087.338354111	0.000000	0.000000	0.574030	0.000000	0.000000	0.000000	0.000000	0.000000	0.365041	0.000000	0.000000	0.000000	0.000000	0.000000	0.000000	0.000000	0.000000	0.000000	0.000000	0.000000	88.716760	0.000000	0.000000	0.000000
1764624087.338374138	0.000000	0.000000	0.709655	0.000000	0.000000	0.000000	0.000000	0.000000	0.365041	0.000000	0.000000	0.000000	0.000000	0.000000	0.000000	0.000000	0.000000	0.000000	0.000000	0.000000	88.716760	0.000000	0.000000	0.000000
1764624087.349471092	0.000000	0.000000	0.435547	0.000000	0.000000	0.000000	0.000000	0.000000	0.365041	0.000000	0.000000	0.000000	0.000000	0.000000	0.000000	0.000000	0.000000	0.000000	0.000000	0.000000	88.716760	0.000000	0.000000	0.000000
1764624087.360315561	0.000000	0.000000	0.674821	0.000000	0.000000	0.000000	0.000000	0.000000	0.365041	0.000000	0.000000	0.000000	0.000000	0.000000	0.000000	0.000000	0.000000	0.000000	0.000000	0.000000	88.716760	0.000000	0.000000	0.000000
1764624087.370047808	0.000000	0.000000	0.688757	0.000000	0.000000	0.000000	0.000000	0.000000	0.365041	0.000000	0.000000	0.000000	0.000000	0.000000	0.000000	0.000000	0.000000	0.000000	0.000000	0.000000	88.716760	0.000000	0.000000	0.000000
1764624087.389598370	0.000000	0.000000	0.503796	0.000000	0.000000	0.000000	0.000000	0.000000	0.365041	0.000000	0.000000	0.000000	0.000000	0.000000	0.000000	0.000000	0.000000	0.000000	0.000000	0.000000	88.716760	0.000000	0.000000	0.000000
1764624087.389612913	0.000000	0.000000	0.649827	0.000000	0.000000	0.000000	0.000000	0.000000	0.365041	0.000000	0.000000	0.000000	0.000000	0.000000	0.000000	0.000000	0.000000	0.000000	0.000000	0.000000	88.716760	0.000000	0.000000	0.000000
1764624087.399009228	0.000000	0.000000	0.600439	0.000000	0.000000	0.000000	0.000000	0.000000	0.365041	0.000000	0.000000	0.000000	0.000000	0.000000	0.000000	0.000000	0.000000	0.000000	0.000000	0.000000	88.716760	0.000000	0.000000	0.000000
1764624087.409536600	0.000000	0.000000	0.476762	0.000000	0.000000	0.000000	0.000000	0.000000	0.365041	0.000000	0.000000	0.000000	0.000000	0.000000	0.000000	0.000000	0.000000	0.000000	0.000000	0.000000	88.716760	0.000000	0.000000	0.000000
1764624087.419382095	0.000000	0.000000	0.573908	0.000000	0.000000	0.000000	0.000000	0.000000	0.365041	0.000000	0.000000	0.000000	0.000000	0.000000	0.000000	0.000000	0.000000	0.000000	0.000000	0.000000	0.000000	0.000000	0.000000	0.000000
1764624087.430091143	0.000000	0.000000	0.683237	0.000000	0.000000	0.000000	0.000000	0.000000	0.365041	0.000000	0.000000	0.000000	0.000000	0.000000	0.000000	0.000000	0.000000	0.000000	0.000000	0.000000	0.000000	0.000000	0.000000	0.000000
1764624087.439673662	0.000000	0.000000	0.418238	0.000000	0.000000	0.000000	0.000000	0.000000	0.365041	0.000000	0.000000	0.000000	0.000000	0.000000	0.000000	0.000000	0.000000	0.000000	0.000000	0.000000	0.000000	0.000000	0.000000	0.000000
1764624087.449810266	0.000000	0.000000	0.632859	0.000000	0.000000	0.000000	0.000000	0.000000	0.365041	0.000000	0.000000	0.000000	0.000000	0.000000	0.000000	0.000000	0.000000	0.000000	0.000000	0.000000	0.000000	0.000000	0.000000	0.000000
1764624087.460138798	0.000000	0.000000	0.546188	0.000000	0.000000	0.000000	0.000000	0.000000	nan	0.000000	0.000000	0.000000	0.000000	0.000000	0.000000	0.000000	0.000000	0.000000	0.000000	0.000000	0.000000	0.000000	0.000000	0.000000
1764624087.469583035	0.000000	0.000000	0.447053	0.000000	0.000000	0.000000	0.000000	0.000000	nan	0.000000	0.000000	0.000000	0.000000	0.000000	0.000000	0.000000	0.000000	0.000000	0.000000	0.000000	0.000000	0.000000	0.000000	0.000000
1764624087.479973316	0.000000	0.000000	0.373453	0.000000	0.000000	0.000000	0.000000	0.000000	nan	0.000000	0.000000	0.000000	0.000000	0.000000	0.000000	0.000000	0.000000	0.000000	0.000000	0.000000	0.000000	0.000000	0.000000	0.000000
1764624087.493673563	0.000000	0.000000	0.195013	0.000000	0.000000	0.000000	0.000000	0.000000	nan	0.000000	0.000000	0.000000	0.000000	0.000000	0.000000	0.000000	0.000000	0.000000	0.000000	0.000000	0.000000	0.000000	0.000000	0.000000
1764624087.499456406	0.000000	0.000000	0.160939	0.000000	0.000000	0.000000	0.000000	0.000000	nan	0.000000	0.000000	0.000000	0.000000	0.000000	0.000000	0.000000	0.000000	0.000000	0.000000	0.000000	0.000000	0.000000	0.000000	0.000000
1764624087.509713173	0.000000	0.000000	-0.109217	0.000000	0.000000	0.000000	0.000000	0.000000	nan	0.000000	0.000000	0.000000	0.000000	0.000000	0.000000	0.000000	0.000000	0.000000	0.000000	0.000000	0.000000	0.000000	0.000000	0.000000
1764624087.519308567	0.000000	0.000000	0.108862	0.000000	0.000000	0.000000	0.000000	0.000000	nan	0.000000	0.000000	0.000000	0.000000	0.000000	0.000000	0.000000	0.000000	0.000000	0.000000	0.000000	0.000000	0.000000	0.000000	0.000000
1764624087.529926777	0.000000	0.000000	-0.085875	0.000000	0.000000	0.000000	0.000000	0.000000	nan	0.000000	0.000000	0.000000	0.000000	0.000000	0.000000	0.000000	0.000000	0.000000	0.000000	0.000000	0.000000	0.000000	0.000000	0.000000
1764624087.544840336	0.000000	0.000000	-0.131914	0.000000	0.000000	0.000000	0.000000	0.000000	nan	0.000000	0.000000	0.000000	0.000000	0.000000	0.000000	0.000000	0.000000	0.000000	0.000000	0.000000	0.000000	0.000000	0.000000	0.000000
1764624087.549574137	0.000000	0.000000	-0.173230	0.000000	0.000000	0.000000	0.000000	0.000000	nan	0.000000	0.000000	0.000000	0.000000	0.000000	0.000000	0.000000	0.000000	0.000000	0.000000	0.000000	0.000000	0.000000	0.000000	0.000000
1764624087.569687843	0.000000	0.000000	-0.233177	0.000000	0.000000	0.000000	0.000000	0.000000	nan	0.000000	0.000000	0.000000	0.000000	0.000000	0.000000	0.000000	0.000000	0.000000	0.000000	0.000000	0.000000	0.000000	0.000000	0.000000
1764624087.575931311	0.000000	0.000000	-0.140531	0.000000	0.000000	0.000000	0.000000	0.000000	nan	0.000000	0.000000	0.000000	0.000000	0.000000	0.000000	0.000000	0.000000	0.000000	0.000000	0.000000	0.000000	0.000000	0.000000	0.000000
1764624087.580813408	0.000000	0.000000	-0.195793	0.000000	0.000000	0.000000	0.000000	0.000000	nan	0.000000	0.000000	0.000000	0.000000	0.000000	0.000000	0.000000	0.000000	0.000000	0.000000	0.000000	0.000000	0.000000	0.000000	0.000000
1764624087.589749336	0.000000	0.000000	-0.306547	0.000000	0.000000	0.000000	0.000000	0.000000	nan	0.000000	0.000000	0.000000	0.000000	0.000000	0.000000	0.000000	0.000000	0.000000	0.000000	0.000000	0.000000	0.000000	0.000000	0.000000
1764624087.599500179	0.000000	0.000000	-0.329075	0.000000	0.000000	0.000000	0.000000	0.000000	nan	0.000000	0.000000	0.000000	0.000000	0.000000	0.000000	0.000000	0.000000	0.000000	0.000000	0.000000	0.000000	0.000000	0.000000	0.000000
1764624087.609250069	0.000000	0.000000	-0.269048	0.000000	0.000000	0.000000	0.000000	0.000000	nan	0.000000	0.000000	0.000000	0.000000	0.000000	0.000000	0.000000	0.000000	0.000000	0.000000	0.000000	0.000000	0.000000	0.000000	0.000000
1764624087.626300335	0.000000	0.000000	-0.363443	0.000000	0.000000	0.000000	0.000000	0.000000	nan	0.000000	0.000000	0.000000	0.000000	0.000000	0.000000	0.000000	0.000000	0.000000	0.000000	0.000000	0.000000	0.000000	0.000000	0.000000
1764624087.629774332	0.000000	0.000000	-0.332020	0.000000	0.000000	0.000000	0.000000	0.000000	nan	0.000000	0.000000	0.000000	0.000000	0.000000	0.000000	0.000000	0.000000	0.000000	0.000000	0.000000	0.000000	0.000000	0.000000	0.000000
1764624087.640854836	0.000000	0.000000	-0.393535	0.000000	0.000000	0.000000	0.000000	0.000000	nan	0.000000	0.000000	0.000000	0.000000	0.000000	0.000000	0.000000	0.000000	0.000000	0.000000	0.000000	0.000000	0.000000	0.000000	0.000000
1764624087.649994612	0.000000	0.000000	-0.404370	0.000000	0.000000	0.000000	0.000000	0.000000	nan	0.000000	0.000000	0.000000	0.000000	0.000000	0.000000	0.000000	0.000000	0.000000	0.000000	0.000000	0.000000	0.000000	0.000000	0.000000
1764624087.663902760	0.000000	0.000000	-0.382863	0.000000	0.000000	0.000000	0.000000	0.000000	nan	0.000000	0.000000	0.000000	0.000000	0.000000	0.000000	0.000000	0.000000	0.000000	0.000000	0.000000	0.000000	0.000000	0.000000	0.000000
1764624087.669610977	0.000000	0.000000	-0.437996	0.000000	0.000000	0.000000	0.000000	0.000000	nan	0.000000	0.000000	0.000000	0.000000	0.000000	0.000000	0.000000	0.000000	0.000000	0.000000	0.000000	0.000000	0.000000	0.000000	0.000000
1764624087.679518223	0.000000	0.000000	-0.384747	0.000000	0.000000	0.000000	0.000000	0.000000	nan	0.000000	0.000000	0.000000	0.000000	0.000000	0.000000	0.000000	0.000000	0.000000	0.000000	0.000000	0.000000	0.000000	0.000000	0.000000
1764624087.690117121	0.000000	0.000000	-0.415209	0.000000	0.000000	0.000000	0.000000	0.000000	nan	0.000000	0.000000	0.000000	0.000000	0.000000	0.000000	0.000000	0.000000	0.000000	0.000000	0.000000	0.000000	0.000000	0.000000	0.000000
1764624087.702535629	0.000000	0.000000	-0.414479	0.000000	0.000000	0.000000	0.000000	0.000000	nan	0.000000	0.000000	0.000000	0.000000	0.000000	0.000000	0.000000	0.000000	0.000000	0.000000	0.000000	0.000000	0.000000	0.000000	0.000000
1764624087.709420204	0.000000	0.000000	-0.363884	0.000000	0.000000	0.000000	0.000000	0.000000	nan	0.000000	0.000000	0.000000	0.000000	0.000000	0.000000	0.000000	0.000000	0.000000	0.000000	0.000000	0.000000	0.000000	0.000000	0.000000
1764624087.719919682	0.000000	0.000000	-0.440729	0.000000	0.000000	0.000000	0.000000	0.000000	nan	0.000000	0.000000	0.000000	0.000000	0.000000	0.000000	0.000000	0.000000	0.000000	0.000000	0.000000	0.000000	0.000000	0.000000	0.000000
1764624087.740397215	0.000000	0.000000	-0.401195	0.000000	0.000000	0.000000	0.000000	0.000000	nan	0.000000	0.000000	0.000000	0.000000	0.000000	0.000000	0.000000	0.000000	0.000000	0.000000	0.000000	0.000000	0.000000	0.000000	0.000000
1764624087.740410566	0.000000	0.000000	-0.368270	0.000000	0.000000	0.000000	0.000000	0.000000	nan	0.000000	0.000000	0.000000	0.000000	0.000000	0.000000	0.000000	0.000000	0.000000	0.000000	0.000000	0.000000	0.000000	0.000000	0.000000
1764624087.749434710	0.000000	0.000000	-0.418271	0.000000	0.000000	0.000000	0.000000	0.000000	nan	0.000000	0.000000	0.000000	0.000000	0.000000	0.000000	0.000000	0.000000	0.000000	0.000000	0.000000	0.000000	0.000000	0.000000	0.000000
1764624087.759483814	0.000000	0.000000	-0.377672	0.000000	0.000000	0.000000	0.000000	0.000000	nan	0.000000	0.000000	0.000000	0.000000	0.000000	0.000000	0.000000	0.000000	0.000000	0.000000	0.000000	0.000000	0.000000	0.000000	0.000000
1764624087.775554419	0.000000	0.000000	-0.319346	0.000000	0.000000	0.000000	0.000000	0.000000	nan	0.000000	0.000000	0.000000	0.000000	0.000000	0.000000	0.000000	0.000000	0.000000	0.000000	0.000000	0.000000	0.000000	0.000000	0.000000
1764624087.780815840	0.000000	0.000000	-0.331755	0.000000	0.000000	0.000000	0.000000	0.000000	nan	0.000000	0.000000	0.000000	0.000000	0.000000	0.000000	0.000000	0.000000	0.000000	0.000000	0.000000	0.000000	0.000000	0.000000	0.000000
1764624087.789835691	0.000000	0.000000	-0.326534	0.000000	0.000000	0.000000	0.000000	0.000000	nan	0.000000	0.000000	0.000000	0.000000	0.000000	0.000000	0.000000	0.000000	0.000000	0.000000	0.000000	0.000000	0.000000	0.000000	0.000000
1764624087.799953461	0.000000	0.000000	-0.303346	0.000000	0.000000	0.000000	0.000000	0.000000	nan	0.000000	0.000000	0.000000	0.000000	0.000000	0.000000	0.000000	0.000000	0.000000	0.000000	0.000000	0.000000	0.000000	0.000000	0.000000
1764624087.811811686	0.000000	0.000000	-0.267497	0.000000	0.000000	0.000000	0.000000	0.000000	nan	0.000000	0.000000	0.000000	0.000000	0.000000	0.000000	0.000000	0.000000	0.000000	0.000000	0.000000	-71.104365	0.000000	0.000000	0.000000
1764624087.819449186	0.000000	0.000000	-0.256995	0.000000	0.000000	0.000000	0.000000	0.000000	nan	0.000000	0.000000	0.000000	0.000000	0.000000	0.000000	0.000000	0.000000	0.000000	0.000000	0.000000	-71.104365	0.000000	0.000000	0.000000
1764624087.829614639	0.000000	0.000000	-0.247730	0.000000	0.000000	0.000000	0.000000	0.000000	nan	0.000000	0.000000	0.000000	0.000000	0.000000	0.000000	0.000000	0.000000	0.000000	0.000000	0.000000	-71.104365	0.000000	0.000000	0.000000
1764624087.839941263	0.000000	0.000000	-0.222891	0.000000	0.000000	0.000000	0.000000	0.000000	nan	0.000000	0.000000	0.000000	0.000000	0.000000	0.000000	0.000000	0.000000	0.000000	0.000000	0.000000	-71.104365	0.000000	0.000000	0.000000
1764624087.861966372	0.000000	0.000000	-0.230854	0.000000	0.000000	0.000000	0.000000	0.000000	nan	0.000000	0.000000	0.000000	0.000000	0.000000	0.000000	0.000000	0.000000	0.000000	0.000000	0.000000	-71.104365	0.000000	0.000000	0.000000
1764624087.861979008	0.000000	0.000000	-0.196968	0.000000	0.000000	0.000000	0.000000	0.000000	nan	0.000000	0.000000	0.000000	0.000000	0.000000	0.000000	0.000000	0.000000	0.000000	0.000000	0.000000	-71.104365	0.000000	0.000000	0.000000
1764624087.869759798	0.000000	0.000000	-0.205966	0.000000	0.000000	0.000000	0.000000	0.000000	nan	0.000000	0.000000	0.000000	0.000000	0.000000	0.000000	0.000000	0.000000	0.000000	0.000000	0.000000	-71.104365	0.000000	0.000000	0.000000
1764624087.879767895	0.000000	0.000000	-0.206006	0.000000	0.000000	0.000000	0.000000	0.000000	nan	0.000000	0.000000	0.000000	0.000000	0.000000	0.000000	0.000000	0.000000	0.000000	0.000000	0.000000	-71.104365	0.000000	0.000000	0.000000
1764624087.896365404	0.000000	0.000000	-0.212533	0.000000	0.000000	0.000000	0.000000	0.000000	nan	0.000000	0.000000	0.000000	0.000000	0.000000	0.000000	0.000000	0.000000	0.000000	0.000000	0.000000	-71.104365	0.000000	0.000000	0.000000
1764624087.899963140	0.000000	0.000000	-0.166288	0.000000	0.000000	0.000000	0.000000	0.000000	nan	0.000000	0.000000	0.000000	0.000000	0.000000	0.000000	0.000000	0.000000	0.000000	0.000000	0.000000	-71.104365	0.000000	0.000000	0.000000
1764624087.909705400	0.000000	0.000000	-0.171812	0.000000	0.000000	0.000000	0.000000	0.000000	nan	0.000000	0.000000	0.000000	0.000000	0.000000	0.000000	0.000000	0.000000	0.000000	0.000000	0.000000	-71.104365	0.000000	0.000000	0.000000
1764624087.919746161	0.000000	0.000000	-0.197956	0.000000	0.000000	0.000000	0.000000	0.000000	nan	0.000000	0.000000	0.000000	0.000000	0.000000	0.000000	0.000000	0.000000	0.000000	0.000000	0.000000	-71.104365	0.000000	0.000000	0.000000
1764624087.928210020	0.000000	0.000000	-0.223666	0.000000	0.000000	0.000000	0.000000	0.000000	nan	0.000000	0.000000	0.000000	0.000000	0.000000	0.000000	0.000000	0.000000	0.000000	0.000000	0.000000	-71.104365	0.000000	0.000000	0.000000
1764624087.946460247	0.000000	0.000000	-0.264355	0.000000	0.000000	0.000000	0.000000	0.000000	nan	0.000000	0.000000	0.000000	0.000000	0.000000	0.000000	0.000000	0.000000	0.000000	0.000000	0.000000	-71.104365	0.000000	0.000000	0.000000
1764624087.949412823	0.000000	0.000000	-0.286820	0.000000	0.000000	0.000000	0.000000	0.000000	nan	0.000000	0.000000	0.000000	0.000000	0.000000	0.000000	0.000000	0.000000	0.000000	0.000000	0.000000	-71.104365	0.000000	0.000000	0.000000
1764624087.959574699	0.000000	0.000000	-0.404858	0.000000	0.000000	0.000000	0.000000	0.000000	nan	0.000000	0.000000	0.000000	0.000000	0.000000	0.000000	0.000000	0.000000	0.000000	0.000000	0.000000	-71.104365	0.000000	0.000000	0.000000
1764624087.976362944	0.000000	0.000000	-0.520313	0.000000	0.000000	0.000000	0.000000	0.000000	nan	0.000000	0.000000	0.000000	0.000000	0.000000	0.000000	0.000000	0.000000	0.000000	0.000000	0.000000	-71.104365	0.000000	0.000000	0.000000
1764624087.979573250	0.000000	0.000000	-0.643255	0.000000	0.000000	0.000000	0.000000	0.000000	nan	0.000000	0.000000	0.000000	0.000000	0.000000	0.000000	0.000000	0.000000	0.000000	0.000000	0.000000	-71.104365	0.000000	0.000000	0.000000
1764624087.989660263	0.000000	0.000000	-0.683761	0.000000	0.000000	0.000000	0.000000	0.000000	nan	0.000000	0.000000	0.000000	0.000000	0.000000	0.000000	0.000000	0.000000	0.000000	0.000000	0.000000	-71.104365	0.000000	0.000000	0.000000
1764624088.000185251	0.000000	0.000000	-0.789165	0.000000	0.000000	0.000000	0.000000	0.000000	nan	0.000000	0.000000	0.000000	0.000000	0.000000	0.000000	0.000000	0.000000	0.000000	0.000000	0.000000	-71.104365	0.000000	0.000000	0.000000
1764624088.009438038	0.000000	0.000000	-0.811226	0.000000	0.000000	0.000000	0.000000	0.000000	nan	0.000000	0.000000	0.000000	0.000000	0.000000	0.000000	0.000000	0.000000	0.000000	0.000000	0.000000	-71.104365	0.000000	0.000000	0.000000
1764624088.032871962	0.000000	0.000000	-0.881047	0.000000	0.000000	0.000000	0.000000	0.000000	nan	0.000000	0.000000	0.000000	0.000000	0.000000	0.000000	0.000000	0.000000	0.000000	0.000000	0.000000	-71.104365	0.000000	0.000000	0.000000
1764624088.032884836	0.000000	0.000000	-0.971322	0.000000	0.000000	0.000000	0.000000	0.000000	nan	0.000000	0.000000	0.000000	0.000000	0.000000	0.000000	0.000000	0.000000	0.000000	0.000000	0.000000	-71.104365	0.000000	0.000000	0.000000
1764624088.039535522	0.000000	0.000000	-1.007696	0.000000	0.000000	0.000000	0.000000	0.000000	nan	0.000000	0.000000	0.000000	0.000000	0.000000	0.000000	0.000000	0.000000	0.000000	0.000000	0.000000	-71.104365	0.000000	0.000000	0.000000
1764624088.054910421	0.000000	0.000000	-1.146125	0.000000	0.000000	0.000000	0.000000	0.000000	nan	0.000000	0.000000	0.000000	0.000000	0.000000	0.000000	0.000000	0.000000	0.000000	0.000000	0.000000	-71.104365	0.000000	0.000000	0.000000
1764624088.060304403	0.000000	0.000000	-1.141751	0.000000	0.000000	0.000000	0.000000	0.000000	nan	0.000000	0.000000	0.000000	0.000000	0.000000	0.000000	0.000000	0.000000	0.000000	0.000000	0.000000	-71.104365	0.000000	0.000000	0.000000
1764624088.070059776	0.000000	0.000000	-1.195891	0.000000	0.000000	0.000000	0.000000	0.000000	nan	0.000000	0.000000	0.000000	0.000000	0.000000	0.000000	0.000000	0.000000	0.000000	0.000000	0.000000	-71.104365	0.000000	0.000000	0.000000
1764624088.080167055	0.000000	0.000000	-1.196968	0.000000	0.000000	0.000000	0.000000	0.000000	nan	0.000000	0.000000	0.000000	0.000000	0.000000	0.000000	0.000000	0.000000	0.000000	0.000000	0.000000	-71.104365	0.000000	0.000000	0.000000
1764624088.091297150	0.000000	0.000000	-1.225767	0.000000	0.000000	0.000000	0.000000	0.000000	nan	0.000000	0.000000	0.000000	0.000000	0.000000	0.000000	0.000000	0.000000	0.000000	0.000000	0.000000	-71.104365	0.000000	0.000000	0.000000
1764624088.108102798	0.000000	0.000000	-1.122551	0.000000	0.000000	0.000000	0.000000	0.000000	nan	0.000000	0.000000	0.000000	0.000000	0.000000	0.000000	0.000000	0.000000	0.000000	0.000000	0.000000	-71.104365	0.000000	0.000000	0.000000
1764624088.109485626	0.000000	0.000000	-1.170652	0.000000	0.000000	0.000000	0.000000	0.000000	nan	0.000000	0.000000	0.000000	0.000000	0.000000	0.000000	0.000000	0.000000	0.000000	0.000000	0.000000	-71.104365	0.000000	0.000000	0.000000
1764624088.120198488	0.000000	0.000000	-1.031978	0.000000	0.000000	0.000000	0.000000	0.000000	nan	0.000000	0.000000	0.000000	0.000000	0.000000	0.000000	0.000000	0.000000	0.000000	0.000000	0.000000	-71.104365	0.000000	0.000000	0.000000
1764624088.130171776	0.000000	0.000000	-1.030399	0.000000	0.000000	0.000000	0.000000	0.000000	nan	0.000000	0.000000	0.000000	0.000000	0.000000	0.000000	0.000000	0.000000	0.000000	0.000000	0.000000	-71.104365	0.000000	0.000000	0.000000
1764624088.144680977	0.000000	0.000000	-0.975059	0.000000	0.000000	0.000000	0.000000	0.000000	nan	0.000000	0.000000	0.000000	0.000000	0.000000	0.000000	0.000000	0.000000	0.000000	0.000000	0.000000	-71.104365	0.000000	0.000000	0.000000
1764624088.149600506	0.000000	0.000000	-0.882442	0.000000	0.000000	0.000000	0.000000	0.000000	nan	0.000000	0.000000	0.000000	0.000000	0.000000	0.000000	0.000000	0.000000	0.000000	0.000000	0.000000	-71.104365	0.000000	0.000000	0.000000
1764624088.160304546	0.000000	0.000000	-0.935403	0.000000	0.000000	0.000000	0.000000	0.000000	nan	0.000000	0.000000	0.000000	0.000000	0.000000	0.000000	0.000000	0.000000	0.000000	0.000000	0.000000	-71.104365	0.000000	0.000000	0.000000
1764624088.170145988	0.000000	0.000000	-0.901475	0.000000	0.000000	0.000000	0.000000	0.000000	nan	0.000000	0.000000	0.000000	0.000000	0.000000	0.000000	0.000000	0.000000	0.000000	0.000000	0.000000	-71.104365	0.000000	0.000000	0.000000
1764624088.189908504	0.000000	0.000000	-0.886342	0.000000	0.000000	0.000000	0.000000	0.000000	nan	0.000000	0.000000	0.000000	0.000000	0.000000	0.000000	0.000000	0.000000	0.000000	0.000000	0.000000	-71.104365	0.000000	0.000000	0.000000
1764624088.191414595	0.000000	0.000000	-0.806816	0.000000	0.000000	0.000000	0.000000	0.000000	nan	0.000000	0.000000	0.000000	0.000000	0.000000	0.000000	0.000000	0.000000	0.000000	0.000000	0.000000	-71.104365	0.000000	0.000000	0.000000
1764624088.199716568	0.000000	0.000000	-0.856770	0.000000	0.000000	0.000000	0.000000	0.000000	nan	0.000000	0.000000	0.000000	0.000000	0.000000	0.000000	0.000000	0.000000	0.000000	0.000000	0.000000	-71.104365	0.000000	0.000000	0.000000
1764624088.221564293	0.000000	0.000000	-0.732392	0.000000	0.000000	0.000000	0.000000	0.000000	nan	0.000000	0.000000	0.000000	0.000000	0.000000	0.000000	0.000000	0.000000	0.000000	0.000000	0.000000	-71.104365	0.000000	0.000000	0.000000
1764624088.221585512	0.000000	0.000000	-0.847482	0.000000	0.000000	0.000000	0.000000	0.000000	nan	0.000000	0.000000	0.000000	0.000000	0.000000	0.000000	0.000000	0.000000	0.000000	0.000000	0.000000	-71.104365	0.000000	0.000000	0.000000
1764624088.230360270	0.000000	0.000000	-0.681140	0.000000	0.000000	0.000000	0.000000	0.000000	nan	0.000000	0.000000	0.000000	0.000000	0.000000	0.000000	0.000000	0.000000	0.000000	0.000000	0.000000	-71.104365	0.000000	0.000000	0.000000
1764624088.239915609	0.000000	0.000000	-0.780492	0.000000	0.000000	0.000000	0.000000	0.000000	nan	0.000000	0.000000	0.000000	0.000000	0.000000	0.000000	0.000000	0.000000	0.000000	0.000000	0.000000	-71.104365	0.000000	0.000000	0.000000
1764624088.250022173	0.000000	0.000000	-0.610185	0.000000	0.000000	0.000000	0.000000	0.000000	nan	0.000000	0.000000	0.000000	0.000000	0.000000	0.000000	0.000000	0.000000	0.000000	0.000000	0.000000	-71.104365	0.000000	0.000000	0.000000
1764624088.272321224	0.000000	0.000000	-0.794270	0.000000	0.000000	0.000000	0.000000	0.000000	nan	0.000000	0.000000	0.000000	0.000000	0.000000	0.000000	0.000000	0.000000	0.000000	0.000000	0.000000	-71.104365	0.000000	0.000000	0.000000
1764624088.272332907	0.000000	0.000000	-0.695381	0.000000	0.000000	0.000000	0.000000	0.000000	nan	0.000000	0.000000	0.000000	0.000000	0.000000	0.000000	0.000000	0.000000	0.000000	0.000000	0.000000	-71.104365	0.000000	0.000000	0.000000
1764624088.279581785	0.000000	0.000000	-0.550089	0.000000	0.000000	0.000000	0.000000	0.000000	nan	0.000000	0.000000	0.000000	0.000000	0.000000	0.000000	0.000000	0.000000	0.000000	0.000000	0.000000	-71.104365	0.000000	0.000000	0.000000
1764624088.298084736	0.000000	0.000000	-0.754014	0.000000	0.000000	0.000000	0.000000	0.000000	nan	0.000000	0.000000	0.000000	0.000000	0.000000	0.000000	0.000000	0.000000	0.000000	0.000000	0.000000	-71.104365	0.000000	0.000000	0.000000
1764624088.299504757	0.000000	0.000000	-0.774200	0.000000	0.000000	0.000000	0.000000	0.000000	nan	0.000000	0.000000	0.000000	0.000000	0.000000	0.000000	0.000000	0.000000	0.000000	0.000000	0.000000	-71.104365	0.000000	0.000000	0.000000
1764624088.309168100	0.000000	0.000000	-0.502630	0.000000	0.000000	0.000000	0.000000	0.000000	nan	0.000000	0.000000	0.000000	0.000000	0.000000	0.000000	0.000000	0.000000	0.000000	0.000000	0.000000	-71.104365	0.000000	0.000000	0.000000
1764624088.322276354	0.000000	0.000000	-0.619235	0.000000	0.000000	0.000000	0.000000	0.000000	nan	0.000000	0.000000	0.000000	0.000000	0.000000	0.000000	0.000000	0.000000	0.000000	0.000000	0.000000	-71.104365	0.000000	0.000000	0.000000
1764624088.329974413	0.000000	0.000000	-0.666755	0.000000	0.000000	0.000000	0.000000	0.000000	nan	0.000000	0.000000	0.000000	0.000000	0.000000	0.000000	0.000000	0.000000	0.000000	0.000000	0.000000	-71.104365	0.000000	0.000000	0.000000
1764624088.353961229	0.000000	0.000000	-0.650289	0.000000	0.000000	0.000000	0.000000	0.000000	nan	0.000000	0.000000	0.000000	0.000000	0.000000	0.000000	0.000000	0.000000	0.000000	0.000000	0.000000	-71.104365	0.000000	0.000000	0.000000
1764624088.353973389	0.000000	0.000000	-0.747844	0.000000	0.000000	0.000000	0.000000	0.000000	nan	0.000000	0.000000	0.000000	0.000000	0.000000	0.000000	0.000000	0.000000	0.000000	0.000000	0.000000	-71.104365	0.000000	0.000000	0.000000
1764624088.359532118	0.000000	0.000000	-0.517725	0.000000	0.000000	0.000000	0.000000	0.000000	nan	0.000000	0.000000	0.000000	0.000000	0.000000	0.000000	0.000000	0.000000	0.000000	0.000000	0.000000	-71.104365	0.000000	0.000000	0.000000
1764624088.370121956	0.000000	0.000000	-0.487773	0.000000	0.000000	0.000000	0.000000	0.000000	nan	0.000000	0.000000	0.000000	0.000000	0.000000	0.000000	0.000000	0.000000	0.000000	0.000000	0.000000	-71.104365	0.000000	0.000000	0.000000
1764624088.383632183	0.000000	0.000000	-0.675564	0.000000	0.000000	0.000000	0.000000	0.000000	nan	0.000000	0.000000	0.000000	0.000000	0.000000	0.000000	0.000000	0.000000	0.000000	0.000000	0.000000	-71.104365	0.000000	0.000000	0.000000
1764624088.389370680	0.000000	0.000000	-0.447187	0.000000	0.000000	0.000000	0.000000	0.000000	nan	0.000000	0.000000	0.000000	0.000000	0.000000	0.000000	0.000000	0.000000	0.000000	0.000000	0.000000	-71.104365	0.000000	0.000000	0.000000
1764624088.399684429	0.000000	0.000000	-0.713190	0.000000	0.000000	0.000000	0.000000	0.000000	nan	0.000000	0.000000	0.000000	0.000000	0.000000	0.000000	0.000000	0.000000	0.000000	0.000000	0.000000	-71.104365	0.000000	0.000000	0.000000
1764624088.412385702	0.000000	0.000000	-0.593659	0.000000	0.000000	0.000000	0.000000	0.000000	nan	0.000000	0.000000	0.000000	0.000000	0.000000	0.000000	0.000000	0.000000	0.000000	0.000000	0.000000	-71.104365	0.000000	0.000000	0.000000
1764624088.419658184	0.000000	0.000000	-0.437651	0.000000	0.000000	0.000000	0.000000	0.000000	nan	0.000000	0.000000	0.000000	0.000000	0.000000	0.000000	0.000000	0.000000	0.000000	0.000000	0.000000	-71.104365	0.000000	0.000000	0.000000
1764624088.430182457	0.000000	0.000000	-0.619374	0.000000	0.000000	0.000000	0.000000	0.000000	nan	0.000000	0.000000	0.000000	0.000000	0.000000	0.000000	0.000000	0.000000	0.000000	0.000000	0.000000	-71.104365	0.000000	0.000000	0.000000
1764624088.440389633	0.000000	0.000000	-0.638869	0.000000	0.000000	0.000000	0.000000	0.000000	nan	0.000000	0.000000	0.000000	0.000000	0.000000	0.000000	0.000000	0.000000	0.000000	0.000000	0.000000	-71.104365	0.000000	0.000000	0.000000
1764624088.450121641	0.000000	0.000000	-0.616900	0.000000	0.000000	0.000000	0.000000	0.000000	nan	0.000000	0.000000	0.000000	0.000000	0.000000	0.000000	0.000000	0.000000	0.000000	0.000000	0.000000	-71.104365	0.000000	0.000000	0.000000
1764624088.459537506	0.000000	0.000000	-0.578471	0.000000	0.000000	0.000000	0.000000	0.000000	nan	0.000000	0.000000	0.000000	0.000000	0.000000	0.000000	0.000000	0.000000	0.000000	0.000000	0.000000	-71.104365	0.000000	0.000000	0.000000
1764624088.469363213	0.000000	0.000000	-0.483760	0.000000	0.000000	0.000000	0.000000	0.000000	nan	0.000000	0.000000	0.000000	0.000000	0.000000	0.000000	0.000000	0.000000	0.000000	0.000000	0.000000	-71.104365	0.000000	0.000000	0.000000
1764624088.479168892	0.000000	0.000000	-0.717292	0.000000	0.000000	0.000000	0.000000	0.000000	nan	0.000000	0.000000	0.000000	0.000000	0.000000	0.000000	0.000000	0.000000	0.000000	0.000000	0.000000	-71.104365	0.000000	0.000000	0.000000
1764624088.489181757	0.000000	0.000000	-0.489270	0.000000	0.000000	0.000000	0.000000	0.000000	nan	0.000000	0.000000	0.000000	0.000000	0.000000	0.000000	0.000000	0.000000	0.000000	0.000000	0.000000	-71.104365	0.000000	0.000000	0.000000
1764624088.510686398	0.000000	0.000000	-0.407414	0.000000	0.000000	0.000000	0.000000	0.000000	nan	0.000000	0.000000	0.000000	0.000000	0.000000	0.000000	0.000000	0.000000	0.000000	0.000000	0.000000	-71.104365	0.000000	0.000000	0.000000
1764624088.510697365	0.000000	0.000000	-0.588284	0.000000	0.000000	0.000000	0.000000	0.000000	nan	0.000000	0.000000	0.000000	0.000000	0.000000	0.000000	0.000000	0.000000	0.000000	0.000000	0.000000	-71.104365	0.000000	0.000000	0.000000
1764624088.519631147	0.000000	0.000000	-0.555230	0.000000	0.000000	0.000000	0.000000	0.000000	nan	0.000000	0.000000	0.000000	0.000000	0.000000	0.000000	0.000000	0.000000	0.000000	0.000000	0.000000	-71.104365	0.000000	0.000000	0.000000
1764624088.529753447	0.000000	0.000000	-0.617535	0.000000	0.000000	0.000000	0.000000	0.000000	nan	0.000000	0.000000	0.000000	0.000000	0.000000	0.000000	0.000000	0.000000	0.000000	0.000000	0.000000	-71.104365	0.000000	0.000000	0.000000
1764624088.547770262	0.000000	0.000000	-0.636465	0.000000	0.000000	0.000000	0.000000	0.000000	nan	0.000000	0.000000	0.000000	0.000000	0.000000	0.000000	0.000000	0.000000	0.000000	0.000000	0.000000	-71.104365	0.000000	0.000000	0.000000
1764624088.549526453	0.000000	0.000000	-0.347306	0.000000	0.000000	0.000000	0.000000	0.000000	nan	0.000000	0.000000	0.000000	0.000000	0.000000	0.000000	0.000000	0.000000	0.000000	0.000000	0.000000	-71.104365	0.000000	0.000000	0.000000
1764624088.560053110	0.000000	0.000000	-0.699179	0.000000	0.000000	0.000000	0.000000	0.000000	nan	0.000000	0.000000	0.000000	0.000000	0.000000	0.000000	0.000000	0.000000	0.000000	0.000000	0.000000	-71.104365	0.000000	0.000000	0.000000
1764624088.580890417	0.000000	0.000000	-0.476782	0.000000	0.000000	0.000000	0.000000	0.000000	nan	0.000000	0.000000	0.000000	0.000000	0.000000	0.000000	0.000000	0.000000	0.000000	0.000000	0.000000	-71.104365	0.000000	0.000000	0.000000
1764624088.580916882	0.000000	0.000000	-0.471995	0.000000	0.000000	0.000000	0.000000	0.000000	nan	0.000000	0.000000	0.000000	0.000000	0.000000	0.000000	0.000000	0.000000	0.000000	0.000000	0.000000	-71.104365	0.000000	0.000000	0.000000
1764624088.590656042	0.000000	0.000000	-0.622854	0.000000	0.000000	0.000000	0.000000	0.000000	nan	0.000000	0.000000	0.000000	0.000000	0.000000	0.000000	0.000000	0.000000	0.000000	0.000000	0.000000	-71.104365	0.000000	0.000000	0.000000
1764624088.599836826	0.000000	0.000000	-0.546474	0.000000	0.000000	0.000000	0.000000	0.000000	nan	0.000000	0.000000	0.000000	0.000000	0.000000	0.000000	0.000000	0.000000	0.000000	0.000000	0.000000	-71.104365	0.000000	0.000000	0.000000
1764624088.610544443	0.000000	0.000000	-0.670436	0.000000	0.000000	0.000000	0.000000	0.000000	nan	0.000000	0.000000	0.000000	0.000000	0.000000	0.000000	0.000000	0.000000	0.000000	0.000000	0.000000	-71.104365	0.000000	0.000000	0.000000
1764624088.629822493	0.000000	0.000000	-0.432921	0.000000	0.000000	0.000000	0.000000	0.000000	nan	0.000000	0.000000	0.000000	0.000000	0.000000	0.000000	0.000000	0.000000	0.000000	0.000000	0.000000	-71.104365	0.000000	0.000000	0.000000
1764624088.631079197	0.000000	0.000000	-0.351798	0.000000	0.000000	0.000000	0.000000	0.000000	nan	0.000000	0.000000	0.000000	0.000000	0.000000	0.000000	0.000000	0.000000	0.000000	0.000000	0.000000	-71.104365	0.000000	0.000000	0.000000
1764624088.640069723	0.000000	0.000000	-0.715148	0.000000	0.000000	0.000000	0.000000	0.000000	nan	0.000000	0.000000	0.000000	0.000000	0.000000	0.000000	0.000000	0.000000	0.000000	0.000000	0.000000	-71.104365	0.000000	0.000000	0.000000
1764624088.651059389	0.000000	0.000000	-0.452687	0.000000	0.000000	0.000000	0.000000	0.000000	nan	0.000000	0.000000	0.000000	0.000000	0.000000	0.000000	0.000000	0.000000	0.000000	0.000000	0.000000	-71.104365	0.000000	0.000000	0.000000
1764624088.669789791	0.000000	0.000000	-0.384753	0.000000	0.000000	0.000000	0.000000	0.000000	nan	0.000000	0.000000	0.000000	0.000000	0.000000	0.000000	0.000000	0.000000	0.000000	0.000000	0.000000	-71.104365	0.000000	0.000000	0.000000
1764624088.672531843	0.000000	0.000000	-0.604791	0.000000	0.000000	0.000000	0.000000	0.000000	nan	0.000000	0.000000	0.000000	0.000000	0.000000	0.000000	0.000000	0.000000	0.000000	0.000000	0.000000	-71.104365	0.000000	0.000000	0.000000
1764624088.680321932	0.000000	0.000000	-0.556898	0.000000	0.000000	0.000000	0.000000	0.000000	nan	0.000000	0.000000	0.000000	0.000000	0.000000	0.000000	0.000000	0.000000	0.000000	0.000000	0.000000	-71.104365	0.000000	0.000000	0.000000
1764624088.698219538	0.000000	0.000000	-0.535637	0.000000	0.000000	0.000000	0.000000	0.000000	nan	0.000000	0.000000	0.000000	0.000000	0.000000	0.000000	0.000000	0.000000	0.000000	0.000000	0.000000	-71.104365	0.000000	0.000000	0.000000
1764624088.698229551	0.000000	0.000000	-0.554434	0.000000	0.000000	0.000000	0.000000	0.000000	nan	0.000000	0.000000	0.000000	0.000000	0.000000	0.000000	0.000000	0.000000	0.000000	0.000000	0.000000	-71.104365	0.000000	0.000000	0.000000
1764624088.709379196	0.000000	0.000000	-0.337883	0.000000	0.000000	0.000000	0.000000	0.000000	nan	0.000000	0.000000	0.000000	0.000000	0.000000	0.000000	0.000000	0.000000	0.000000	0.000000	0.000000	-71.104365	0.000000	0.000000	0.000000
1764624088.720931530	0.000000	0.000000	-0.630099	0.000000	0.000000	0.000000	0.000000	0.000000	nan	0.000000	0.000000	0.000000	0.000000	0.000000	0.000000	0.000000	0.000000	0.000000	0.000000	0.000000	-71.104365	0.000000	0.000000	0.000000
1764624088.730781794	0.000000	0.000000	-0.447679	0.000000	0.000000	0.000000	0.000000	0.000000	nan	0.000000	0.000000	0.000000	0.000000	0.000000	0.000000	0.000000	0.000000	0.000000	0.000000	0.000000	-71.104365	0.000000	0.000000	0.000000
1764624088.751220942	0.000000	0.000000	-0.580958	0.000000	0.000000	0.000000	0.000000	0.000000	nan	0.000000	0.000000	0.000000	0.000000	0.000000	0.000000	0.000000	0.000000	0.000000	0.000000	0.000000	-71.104365	0.000000	0.000000	0.000000
1764624088.753244162	0.000000	0.000000	-0.446279	0.000000	0.000000	0.000000	0.000000	0.000000	nan	0.000000	0.000000	0.000000	0.000000	0.000000	0.000000	0.000000	0.000000	0.000000	0.000000	0.000000	-71.104365	0.000000	0.000000	0.000000
1764624088.759664536	0.000000	0.000000	-0.458174	0.000000	0.000000	0.000000	0.000000	0.000000	nan	0.000000	0.000000	0.000000	0.000000	0.000000	0.000000	0.000000	0.000000	0.000000	0.000000	0.000000	-71.104365	0.000000	0.000000	0.000000
1764624088.777394772	0.000000	0.000000	-0.531499	0.000000	0.000000	0.000000	0.000000	0.000000	nan	0.000000	0.000000	0.000000	0.000000	0.000000	0.000000	0.000000	0.000000	0.000000	0.000000	0.000000	-71.104365	0.000000	0.000000	0.000000
1764624088.779609680	0.000000	0.000000	-0.402477	0.000000	0.000000	0.000000	0.000000	0.000000	nan	0.000000	0.000000	0.000000	0.000000	0.000000	0.000000	0.000000	0.000000	0.000000	0.000000	0.000000	-71.104365	0.000000	0.000000	0.000000
1764624088.789787054	0.000000	0.000000	-0.358440	0.000000	0.000000	0.000000	0.000000	0.000000	nan	0.000000	0.000000	0.000000	0.000000	0.000000	0.000000	0.000000	0.000000	0.000000	0.000000	0.000000	-71.104365	0.000000	0.000000	0.000000
1764624088.799784660	0.000000	0.000000	-0.464616	0.000000	0.000000	0.000000	0.000000	0.000000	nan	0.000000	0.000000	0.000000	0.000000	0.000000	0.000000	0.000000	0.000000	0.000000	0.000000	0.000000	-71.104365	0.000000	0.000000	0.000000
1764624088.809380054	0.000000	0.000000	-0.508843	0.000000	0.000000	0.000000	0.000000	0.000000	nan	0.000000	0.000000	0.000000	0.000000	0.000000	0.000000	0.000000	0.000000	0.000000	0.000000	0.000000	-71.104365	0.000000	0.000000	0.000000
1764624088.831174135	0.000000	0.000000	-0.494045	0.000000	0.000000	0.000000	0.000000	0.000000	nan	0.000000	0.000000	0.000000	0.000000	0.000000	0.000000	0.000000	0.000000	0.000000	0.000000	0.000000	-71.104365	0.000000	0.000000	0.000000
1764624088.833364248	0.000000	0.000000	-0.563273	0.000000	0.000000	0.000000	0.000000	0.000000	nan	0.000000	0.000000	0.000000	0.000000	0.000000	0.000000	0.000000	0.000000	0.000000	0.000000	0.000000	-71.104365	0.000000	0.000000	0.000000
1764624088.839987516	0.000000	0.000000	-0.315029	0.000000	0.000000	0.000000	0.000000	0.000000	nan	0.000000	0.000000	0.000000	0.000000	0.000000	0.000000	0.000000	0.000000	0.000000	0.000000	0.000000	-71.104365	0.000000	0.000000	0.000000
1764624088.860088825	0.000000	0.000000	-0.604867	0.000000	0.000000	0.000000	0.000000	0.000000	nan	0.000000	0.000000	0.000000	0.000000	0.000000	0.000000	0.000000	0.000000	0.000000	0.000000	0.000000	-71.104365	0.000000	0.000000	0.000000
1764624088.860096693	0.000000	0.000000	-0.440154	0.000000	0.000000	0.000000	0.000000	0.000000	nan	0.000000	0.000000	0.000000	0.000000	0.000000	0.000000	0.000000	0.000000	0.000000	0.000000	0.000000	-71.104365	0.000000	0.000000	0.000000
1764624088.869797230	0.000000	0.000000	-0.327979	0.000000	0.000000	0.000000	0.000000	0.000000	nan	0.000000	0.000000	0.000000	0.000000	0.000000	0.000000	0.000000	0.000000	0.000000	0.000000	0.000000	-71.104365	0.000000	0.000000	0.000000
1764624088.880689144	0.000000	0.000000	-0.490932	0.000000	0.000000	0.000000	0.000000	0.000000	nan	0.000000	0.000000	0.000000	0.000000	0.000000	0.000000	0.000000	0.000000	0.000000	0.000000	0.000000	-71.104365	0.000000	0.000000	0.000000
1764624088.890189886	0.000000	0.000000	-0.334713	0.000000	0.000000	0.000000	0.000000	0.000000	nan	0.000000	0.000000	0.000000	0.000000	0.000000	0.000000	0.000000	0.000000	0.000000	0.000000	0.000000	-71.104365	0.000000	0.000000	0.000000
1764624088.907631397	0.000000	0.000000	-0.567074	0.000000	0.000000	0.000000	0.000000	0.000000	nan	0.000000	0.000000	0.000000	0.000000	0.000000	0.000000	0.000000	0.000000	0.000000	0.000000	0.000000	-71.104365	0.000000	0.000000	0.000000
1764624088.909072638	0.000000	0.000000	-0.323104	0.000000	0.000000	0.000000	0.000000	0.000000	nan	0.000000	0.000000	0.000000	0.000000	0.000000	0.000000	0.000000	0.000000	0.000000	0.000000	0.000000	-71.104365	0.000000	0.000000	0.000000
1764624088.920152187	0.000000	0.000000	-0.373230	0.000000	0.000000	0.000000	0.000000	0.000000	nan	0.000000	0.000000	0.000000	0.000000	0.000000	0.000000	0.000000	0.000000	0.000000	0.000000	0.000000	-71.104365	0.000000	0.000000	0.000000
1764624088.943292379	0.000000	0.000000	-0.573468	0.000000	0.000000	0.000000	0.000000	0.000000	nan	0.000000	0.000000	0.000000	0.000000	0.000000	0.000000	0.000000	0.000000	0.000000	0.000000	0.000000	-71.104365	0.000000	0.000000	0.000000
1764624088.943303823	0.000000	0.000000	-0.373745	0.000000	0.000000	0.000000	0.000000	0.000000	nan	0.000000	0.000000	0.000000	0.000000	0.000000	0.000000	0.000000	0.000000	0.000000	0.000000	0.000000	-71.104365	0.000000	0.000000	0.000000
1764624088.949214458	0.000000	0.000000	-0.391239	0.000000	0.000000	0.000000	0.000000	0.000000	nan	0.000000	0.000000	0.000000	0.000000	0.000000	0.000000	0.000000	0.000000	0.000000	0.000000	0.000000	-71.104365	0.000000	0.000000	0.000000
1764624088.960190773	0.000000	0.000000	-0.444645	0.000000	0.000000	0.000000	0.000000	0.000000	nan	0.000000	0.000000	0.000000	0.000000	0.000000	0.000000	0.000000	0.000000	0.000000	0.000000	0.000000	-71.104365	0.000000	0.000000	0.000000
1764624088.978994846	0.000000	0.000000	-0.308313	0.000000	0.000000	0.000000	0.000000	0.000000	nan	0.000000	0.000000	0.000000	0.000000	0.000000	0.000000	0.000000	0.000000	0.000000	0.000000	0.000000	-71.104365	0.000000	0.000000	0.000000
1764624088.979002714	0.000000	0.000000	-0.546804	0.000000	0.000000	0.000000	0.000000	0.000000	nan	0.000000	0.000000	0.000000	0.000000	0.000000	0.000000	0.000000	0.000000	0.000000	0.000000	0.000000	-71.104365	0.000000	0.000000	0.000000
1764624088.989722490	0.000000	0.000000	-0.284398	0.000000	0.000000	0.000000	0.000000	0.000000	nan	0.000000	0.000000	0.000000	0.000000	0.000000	0.000000	0.000000	0.000000	0.000000	0.000000	0.000000	-71.104365	0.000000	0.000000	0.000000
1764624089.000206709	0.000000	0.000000	-0.281476	0.000000	0.000000	0.000000	0.000000	0.000000	nan	0.000000	0.000000	0.000000	0.000000	0.000000	0.000000	0.000000	0.000000	0.000000	0.000000	0.000000	-71.104365	0.000000	0.000000	0.000000
1764624089.019803524	0.000000	0.000000	-0.518483	0.000000	0.000000	0.000000	0.000000	0.000000	nan	0.000000	0.000000	0.000000	0.000000	0.000000	0.000000	0.000000	0.000000	0.000000	0.000000	0.000000	-71.104365	0.000000	0.000000	0.000000
1764624089.021238327	0.000000	0.000000	-0.320549	0.000000	0.000000	0.000000	0.000000	0.000000	nan	0.000000	0.000000	0.000000	0.000000	0.000000	0.000000	0.000000	0.000000	0.000000	0.000000	0.000000	-71.104365	0.000000	0.000000	0.000000
1764624089.029818058	0.000000	0.000000	-0.334730	0.000000	0.000000	0.000000	0.000000	0.000000	nan	0.000000	0.000000	0.000000	0.000000	0.000000	0.000000	0.000000	0.000000	0.000000	0.000000	0.000000	-71.104365	0.000000	0.000000	0.000000
1764624089.040205240	0.000000	0.000000	-0.467885	0.000000	0.000000	0.000000	0.000000	0.000000	nan	0.000000	0.000000	0.000000	0.000000	0.000000	0.000000	0.000000	0.000000	0.000000	0.000000	0.000000	-71.104365	0.000000	0.000000	0.000000
1764624089.049612761	0.000000	0.000000	-0.287032	0.000000	0.000000	0.000000	0.000000	0.000000	nan	0.000000	0.000000	0.000000	0.000000	0.000000	0.000000	0.000000	0.000000	0.000000	0.000000	0.000000	-71.104365	0.000000	0.000000	0.000000
1764624089.069203615	0.000000	0.000000	-0.553607	0.000000	0.000000	0.000000	0.000000	0.000000	nan	0.000000	0.000000	0.000000	0.000000	0.000000	0.000000	0.000000	0.000000	0.000000	0.000000	0.000000	0.000000	0.000000	0.000000	0.000000
1764624089.070701838	0.000000	0.000000	-0.430767	0.000000	0.000000	0.000000	0.000000	0.000000	nan	0.000000	0.000000	0.000000	0.000000	0.000000	0.000000	0.000000	0.000000	0.000000	0.000000	0.000000	0.000000	0.000000	0.000000	0.000000
1764624089.079609632	0.000000	0.000000	-0.243277	0.000000	0.000000	0.000000	0.000000	0.000000	nan	0.000000	0.000000	0.000000	0.000000	0.000000	0.000000	0.000000	0.000000	0.000000	0.000000	0.000000	0.000000	0.000000	0.000000	0.000000
1764624089.096538544	0.000000	0.000000	-0.461567	0.000000	0.000000	0.000000	0.000000	0.000000	nan	0.000000	0.000000	0.000000	0.000000	0.000000	0.000000	0.000000	0.000000	0.000000	0.000000	0.000000	0.000000	0.000000	0.000000	0.000000
1764624089.099239349	0.000000	0.000000	-0.318404	0.000000	0.000000	0.000000	0.000000	0.000000	nan	0.000000	0.000000	0.000000	0.000000	0.000000	0.000000	0.000000	0.000000	0.000000	0.000000	0.000000	0.000000	0.000000	0.000000	0.000000
1764624089.109516621	0.000000	0.000000	-0.359278	0.000000	0.000000	0.000000	0.000000	0.000000	nan	0.000000	0.000000	0.000000	0.000000	0.000000	0.000000	0.000000	0.000000	0.000000	0.000000	0.000000	0.000000	0.000000	0.000000	0.000000
1764624089.120044231	0.000000	0.000000	-0.250429	0.000000	0.000000	0.000000	0.000000	0.000000	nan	0.000000	0.000000	0.000000	0.000000	0.000000	0.000000	0.000000	0.000000	0.000000	0.000000	0.000000	0.000000	0.000000	0.000000	0.000000
1764624089.136056423	0.000000	0.000000	-0.039506	0.000000	0.000000	0.000000	0.000000	0.000000	nan	0.000000	0.000000	0.000000	0.000000	0.000000	0.000000	0.000000	0.000000	0.000000	0.000000	0.000000	0.000000	0.000000	0.000000	0.000000
1764624089.139164925	0.000000	0.000000	0.016243	0.000000	0.000000	0.000000	0.000000	0.000000	nan	0.000000	0.000000	0.000000	0.000000	0.000000	0.000000	0.000000	0.000000	0.000000	0.000000	0.000000	0.000000	0.000000	0.000000	0.000000
1764624089.149726391	0.000000	0.000000	0.221094	0.000000	0.000000	0.000000	0.000000	0.000000	nan	0.000000	0.000000	0.000000	0.000000	0.000000	0.000000	0.000000	0.000000	0.000000	0.000000	0.000000	0.000000	0.000000	0.000000	0.000000
1764624089.160006046	0.000000	0.000000	0.284131	0.000000	0.000000	0.000000	0.000000	0.000000	nan	0.000000	0.000000	0.000000	0.000000	0.000000	0.000000	0.000000	0.000000	0.000000	0.000000	0.000000	0.000000	0.000000	0.000000	0.000000
1764624089.184296846	0.000000	0.000000	0.233155	0.000000	0.000000	0.000000	0.000000	0.000000	nan	0.000000	0.000000	0.000000	0.000000	0.000000	0.000000	0.000000	0.000000	0.000000	0.000000	0.000000	0.000000	0.000000	0.000000	0.000000
1764624089.186757803	0.000000	0.000000	0.273753	0.000000	0.000000	0.000000	0.000000	0.000000	nan	0.000000	0.000000	0.000000	0.000000	0.000000	0.000000	0.000000	0.000000	0.000000	0.000000	0.000000	0.000000	0.000000	0.000000	0.000000
1764624089.189934969	0.000000	0.000000	0.588769	0.000000	0.000000	0.000000	0.000000	0.000000	nan	0.000000	0.000000	0.000000	0.000000	0.000000	0.000000	0.000000	0.000000	0.000000	0.000000	0.000000	0.000000	0.000000	0.000000	0.000000
1764624089.199930429	0.000000	0.000000	0.341038	0.000000	0.000000	0.000000	0.000000	0.000000	nan	0.000000	0.000000	0.000000	0.000000	0.000000	0.000000	0.000000	0.000000	0.000000	0.000000	0.000000	0.000000	0.000000	0.000000	0.000000
1764624089.227041245	0.000000	0.000000	0.375179	0.000000	0.000000	0.000000	0.000000	0.000000	nan	0.000000	0.000000	0.000000	0.000000	0.000000	0.000000	0.000000	0.000000	0.000000	0.000000	0.000000	88.716760	0.000000	0.000000	0.000000
1764624089.227063894	0.000000	0.000000	0.601459	0.000000	0.000000	0.000000	0.000000	0.000000	nan	0.000000	0.000000	0.000000	0.000000	0.000000	0.000000	0.000000	0.000000	0.000000	0.000000	0.000000	88.716760	0.000000	0.000000	0.000000
1764624089.231206179	0.000000	0.000000	0.416586	0.000000	0.000000	0.000000	0.000000	0.000000	nan	0.000000	0.000000	0.000000	0.000000	0.000000	0.000000	0.000000	0.000000	0.000000	0.000000	0.000000	88.716760	0.000000	0.000000	0.000000
1764624089.241021633	0.000000	0.000000	0.379351	0.000000	0.000000	0.000000	0.000000	0.000000	nan	0.000000	0.000000	0.000000	0.000000	0.000000	0.000000	0.000000	0.000000	0.000000	0.000000	0.000000	88.716760	0.000000	0.000000	0.000000
1764624089.250023127	0.000000	0.000000	0.624302	0.000000	0.000000	0.000000	0.000000	0.000000	nan	0.000000	0.000000	0.000000	0.000000	0.000000	0.000000	0.000000	0.000000	0.000000	0.000000	0.000000	88.716760	0.000000	0.000000	0.000000
1764624089.270699263	0.000000	0.000000	0.245739	0.000000	0.000000	0.000000	0.000000	0.000000	nan	0.000000	0.000000	0.000000	0.000000	0.000000	0.000000	0.000000	0.000000	0.000000	0.000000	0.000000	88.716760	0.000000	0.000000	0.000000
1764624089.270728350	0.000000	0.000000	0.685832	0.000000	0.000000	0.000000	0.000000	0.000000	nan	0.000000	0.000000	0.000000	0.000000	0.000000	0.000000	0.000000	0.000000	0.000000	0.000000	0.000000	88.716760	0.000000	0.000000	0.000000
1764624089.279792786	0.000000	0.000000	0.343413	0.000000	0.000000	0.000000	0.000000	0.000000	nan	0.000000	0.000000	0.000000	0.000000	0.000000	0.000000	0.000000	0.000000	0.000000	0.000000	0.000000	88.716760	0.000000	0.000000	0.000000
1764624089.298916101	0.000000	0.000000	0.513206	0.000000	0.000000	0.000000	0.000000	0.000000	nan	0.000000	0.000000	0.000000	0.000000	0.000000	0.000000	0.000000	0.000000	0.000000	0.000000	0.000000	88.716760	0.000000	0.000000	0.000000
1764624089.298945189	0.000000	0.000000	0.546888	0.000000	0.000000	0.000000	0.000000	0.000000	nan	0.000000	0.000000	0.000000	0.000000	0.000000	0.000000	0.000000	0.000000	0.000000	0.000000	0.000000	88.716760	0.000000	0.000000	0.000000
1764624089.309267282	0.000000	0.000000	0.346613	0.000000	0.000000	0.000000	0.000000	0.000000	nan	0.000000	0.000000	0.000000	0.000000	0.000000	0.000000	0.000000	0.000000	0.000000	0.000000	0.000000	88.716760	0.000000	0.000000	0.000000
1764624089.320127964	0.000000	0.000000	0.396587	0.000000	0.000000	0.000000	0.000000	0.000000	nan	0.000000	0.000000	0.000000	0.000000	0.000000	0.000000	0.000000	0.000000	0.000000	0.000000	0.000000	88.716760	0.000000	0.000000	0.000000
1764624089.330107450	0.000000	0.000000	0.597158	0.000000	0.000000	0.000000	0.000000	0.000000	nan	0.000000	0.000000	0.000000	0.000000	0.000000	0.000000	0.000000	0.000000	0.000000	0.000000	0.000000	88.716760	0.000000	0.000000	0.000000
1764624089.353566408	0.000000	0.000000	0.516398	0.000000	0.000000	0.000000	0.000000	0.000000	nan	0.000000	0.000000	0.000000	0.000000	0.000000	0.000000	0.000000	0.000000	0.000000	0.000000	0.000000	88.716760	0.000000	0.000000	0.000000
1764624089.354861736	0.000000	0.000000	0.483162	0.000000	0.000000	0.000000	0.000000	0.000000	nan	0.000000	0.000000	0.000000	0.000000	0.000000	0.000000	0.000000	0.000000	0.000000	0.000000	0.000000	88.716760	0.000000	0.000000	0.000000
1764624089.359747410	0.000000	0.000000	0.714330	0.000000	0.000000	0.000000	0.000000	0.000000	nan	0.000000	0.000000	0.000000	0.000000	0.000000	0.000000	0.000000	0.000000	0.000000	0.000000	0.000000	88.716760	0.000000	0.000000	0.000000
1764624089.384823322	0.000000	0.000000	0.747768	0.000000	0.000000	0.000000	0.000000	0.000000	nan	0.000000	0.000000	0.000000	0.000000	0.000000	0.000000	0.000000	0.000000	0.000000	0.000000	0.000000	88.716760	0.000000	0.000000	0.000000
1764624089.386598349	0.000000	0.000000	0.771199	0.000000	0.000000	0.000000	0.000000	0.000000	nan	0.000000	0.000000	0.000000	0.000000	0.000000	0.000000	0.000000	0.000000	0.000000	0.000000	0.000000	88.716760	0.000000	0.000000	0.000000
1764624089.389515638	0.000000	0.000000	0.732922	0.000000	0.000000	0.000000	0.000000	0.000000	nan	0.000000	0.000000	0.000000	0.000000	0.000000	0.000000	0.000000	0.000000	0.000000	0.000000	0.000000	88.716760	0.000000	0.000000	0.000000
1764624089.399615049	0.000000	0.000000	0.806349	0.000000	0.000000	0.000000	0.000000	0.000000	nan	0.000000	0.000000	0.000000	0.000000	0.000000	0.000000	0.000000	0.000000	0.000000	0.000000	0.000000	88.716760	0.000000	0.000000	0.000000
1764624089.418868542	0.000000	0.000000	0.785865	0.000000	0.000000	0.000000	0.000000	0.000000	nan	0.000000	0.000000	0.000000	0.000000	0.000000	0.000000	0.000000	0.000000	0.000000	0.000000	0.000000	88.716760	0.000000	0.000000	0.000000
1764624089.427820444	0.000000	0.000000	0.831137	0.000000	0.000000	0.000000	0.000000	0.000000	nan	0.000000	0.000000	0.000000	0.000000	0.000000	0.000000	0.000000	0.000000	0.000000	0.000000	0.000000	88.716760	0.000000	0.000000	0.000000
1764624089.430259705	0.000000	0.000000	0.804342	0.000000	0.000000	0.000000	0.000000	0.000000	nan	0.000000	0.000000	0.000000	0.000000	0.000000	0.000000	0.000000	0.000000	0.000000	0.000000	0.000000	88.716760	0.000000	0.000000	0.000000
1764624089.439864397	0.000000	0.000000	0.872133	0.000000	0.000000	0.000000	0.000000	0.000000	nan	0.000000	0.000000	0.000000	0.000000	0.000000	0.000000	0.000000	0.000000	0.000000	0.000000	0.000000	88.716760	0.000000	0.000000	0.000000
1764624089.449569941	0.000000	0.000000	0.723069	0.000000	0.000000	0.000000	0.000000	0.000000	nan	0.000000	0.000000	0.000000	0.000000	0.000000	0.000000	0.000000	0.000000	0.000000	0.000000	0.000000	88.716760	0.000000	0.000000	0.000000
1764624089.460117340	0.000000	0.000000	0.809142	0.000000	0.000000	0.000000	0.000000	0.000000	nan	0.000000	0.000000	0.000000	0.000000	0.000000	0.000000	0.000000	0.000000	0.000000	0.000000	0.000000	88.716760	0.000000	0.000000	0.000000
1764624089.472913027	0.000000	0.000000	0.904000	0.000000	0.000000	0.000000	0.000000	0.000000	nan	0.000000	0.000000	0.000000	0.000000	0.000000	0.000000	0.000000	0.000000	0.000000	0.000000	0.000000	88.716760	0.000000	0.000000	0.000000
1764624089.479986429	0.000000	0.000000	0.818646	0.000000	0.000000	0.000000	0.000000	0.000000	nan	0.000000	0.000000	0.000000	0.000000	0.000000	0.000000	0.000000	0.000000	0.000000	0.000000	0.000000	88.716760	0.000000	0.000000	0.000000
1764624089.497317314	0.000000	0.000000	0.783125	0.000000	0.000000	0.000000	0.000000	0.000000	nan	0.000000	0.000000	0.000000	0.000000	0.000000	0.000000	0.000000	0.000000	0.000000	0.000000	0.000000	88.716760	0.000000	0.000000	0.000000
1764624089.499287844	0.000000	0.000000	0.819569	0.000000	0.000000	0.000000	0.000000	0.000000	nan	0.000000	0.000000	0.000000	0.000000	0.000000	0.000000	0.000000	0.000000	0.000000	0.000000	0.000000	88.716760	0.000000	0.000000	0.000000
1764624089.508954048	0.000000	0.000000	0.800889	0.000000	0.000000	0.000000	0.000000	0.000000	nan	0.000000	0.000000	0.000000	0.000000	0.000000	0.000000	0.000000	0.000000	0.000000	0.000000	0.000000	88.716760	0.000000	0.000000	0.000000
1764624089.519533157	0.000000	0.000000	0.773761	0.000000	0.000000	0.000000	0.000000	0.000000	nan	0.000000	0.000000	0.000000	0.000000	0.000000	0.000000	0.000000	0.000000	0.000000	0.000000	0.000000	88.716760	0.000000	0.000000	0.000000
1764624089.539709806	0.000000	0.000000	0.830535	0.000000	0.000000	0.000000	0.000000	0.000000	nan	0.000000	0.000000	0.000000	0.000000	0.000000	0.000000	0.000000	0.000000	0.000000	0.000000	0.000000	88.716760	0.000000	0.000000	0.000000
1764624089.539748907	0.000000	0.000000	0.738273	0.000000	0.000000	0.000000	0.000000	0.000000	nan	0.000000	0.000000	0.000000	0.000000	0.000000	0.000000	0.000000	0.000000	0.000000	0.000000	0.000000	88.716760	0.000000	0.000000	0.000000
1764624089.549638033	0.000000	0.000000	0.707323	0.000000	0.000000	0.000000	0.000000	0.000000	nan	0.000000	0.000000	0.000000	0.000000	0.000000	0.000000	0.000000	0.000000	0.000000	0.000000	0.000000	88.716760	0.000000	0.000000	0.000000
1764624089.559844732	0.000000	0.000000	0.721781	0.000000	0.000000	0.000000	0.000000	0.000000	nan	0.000000	0.000000	0.000000	0.000000	0.000000	0.000000	0.000000	0.000000	0.000000	0.000000	0.000000	88.716760	0.000000	0.000000	0.000000
1764624089.578990698	0.000000	0.000000	0.800580	0.000000	0.000000	0.000000	0.000000	0.000000	nan	0.000000	0.000000	0.000000	0.000000	0.000000	0.000000	0.000000	0.000000	0.000000	0.000000	0.000000	88.716760	0.000000	0.000000	0.000000
1764624089.585308790	0.000000	0.000000	0.669435	0.000000	0.000000	0.000000	0.000000	0.000000	nan	0.000000	0.000000	0.000000	0.000000	0.000000	0.000000	0.000000	0.000000	0.000000	0.000000	0.000000	88.716760	0.000000	0.000000	0.000000
1764624089.589440107	0.000000	0.000000	0.628012	0.000000	0.000000	0.000000	0.000000	0.000000	nan	0.000000	0.000000	0.000000	0.000000	0.000000	0.000000	0.000000	0.000000	0.000000	0.000000	0.000000	88.716760	0.000000	0.000000	0.000000
1764624089.599516630	0.000000	0.000000	0.626158	0.000000	0.000000	0.000000	0.000000	0.000000	nan	0.000000	0.000000	0.000000	0.000000	0.000000	0.000000	0.000000	0.000000	0.000000	0.000000	0.000000	88.716760	0.000000	0.000000	0.000000
1764624089.624233484	0.000000	0.000000	0.681100	0.000000	0.000000	0.000000	0.000000	0.000000	nan	0.000000	0.000000	0.000000	0.000000	0.000000	0.000000	0.000000	0.000000	0.000000	0.000000	0.000000	88.716760	0.000000	0.000000	0.000000
1764624089.625902176	0.000000	0.000000	0.721623	0.000000	0.000000	0.000000	0.000000	0.000000	nan	0.000000	0.000000	0.000000	0.000000	0.000000	0.000000	0.000000	0.000000	0.000000	0.000000	0.000000	88.716760	0.000000	0.000000	0.000000
1764624089.629448891	0.000000	0.000000	0.537118	0.000000	0.000000	0.000000	0.000000	0.000000	nan	0.000000	0.000000	0.000000	0.000000	0.000000	0.000000	0.000000	0.000000	0.000000	0.000000	0.000000	88.716760	0.000000	0.000000	0.000000
1764624089.639633656	0.000000	0.000000	0.628602	0.000000	0.000000	0.000000	0.000000	0.000000	nan	0.000000	0.000000	0.000000	0.000000	0.000000	0.000000	0.000000	0.000000	0.000000	0.000000	0.000000	88.716760	0.000000	0.000000	0.000000
1764624089.649483919	0.000000	0.000000	0.685153	0.000000	0.000000	0.000000	0.000000	0.000000	nan	0.000000	0.000000	0.000000	0.000000	0.000000	0.000000	0.000000	0.000000	0.000000	0.000000	0.000000	88.716760	0.000000	0.000000	0.000000
1764624089.662606955	0.000000	0.000000	0.909224	0.000000	0.000000	0.000000	0.000000	0.000000	nan	0.000000	0.000000	0.000000	0.000000	0.000000	0.000000	0.000000	0.000000	0.000000	0.000000	0.000000	88.716760	0.000000	0.000000	0.000000
1764624089.669743776	0.000000	0.000000	0.591651	0.000000	0.000000	0.000000	0.000000	0.000000	nan	0.000000	0.000000	0.000000	0.000000	0.000000	0.000000	0.000000	0.000000	0.000000	0.000000	0.000000	88.716760	0.000000	0.000000	0.000000
1764624089.680679083	0.000000	0.000000	0.767905	0.000000	0.000000	0.000000	0.000000	0.000000	nan	0.000000	0.000000	0.000000	0.000000	0.000000	0.000000	0.000000	0.000000	0.000000	0.000000	0.000000	88.716760	0.000000	0.000000	0.000000
1764624089.690040827	0.000000	0.000000	0.765950	0.000000	0.000000	0.000000	0.000000	0.000000	nan	0.000000	0.000000	0.000000	0.000000	0.000000	0.000000	0.000000	0.000000	0.000000	0.000000	0.000000	88.716760	0.000000	0.000000	0.000000
1764624089.712715864	0.000000	0.000000	0.546121	0.000000	0.000000	0.000000	0.000000	0.000000	nan	0.000000	0.000000	0.000000	0.000000	0.000000	0.000000	0.000000	0.000000	0.000000	0.000000	0.000000	88.716760	0.000000	0.000000	0.000000
1764624089.712726831	0.000000	0.000000	0.981447	0.000000	0.000000	0.000000	0.000000	0.000000	nan	0.000000	0.000000	0.000000	0.000000	0.000000	0.000000	0.000000	0.000000	0.000000	0.000000	0.000000	88.716760	0.000000	0.000000	0.000000
1764624089.719752789	0.000000	0.000000	0.694020	0.000000	0.000000	0.000000	0.000000	0.000000	nan	0.000000	0.000000	0.000000	0.000000	0.000000	0.000000	0.000000	0.000000	0.000000	0.000000	0.000000	88.716760	0.000000	0.000000	0.000000
1764624089.737336397	0.000000	0.000000	0.833513	0.000000	0.000000	0.000000	0.000000	0.000000	nan	0.000000	0.000000	0.000000	0.000000	0.000000	0.000000	0.000000	0.000000	0.000000	0.000000	0.000000	88.716760	0.000000	0.000000	0.000000
1764624089.739519358	0.000000	0.000000	0.823730	0.000000	0.000000	0.000000	0.000000	0.000000	nan	0.000000	0.000000	0.000000	0.000000	0.000000	0.000000	0.000000	0.000000	0.000000	0.000000	0.000000	88.716760	0.000000	0.000000	0.000000
1764624089.749399185	0.000000	0.000000	0.837560	0.000000	0.000000	0.000000	0.000000	0.000000	nan	0.000000	0.000000	0.000000	0.000000	0.000000	0.000000	0.000000	0.000000	0.000000	0.000000	0.000000	88.716760	0.000000	0.000000	0.000000
1764624089.760130167	0.000000	0.000000	0.734827	0.000000	0.000000	0.000000	0.000000	0.000000	nan	0.000000	0.000000	0.000000	0.000000	0.000000	0.000000	0.000000	0.000000	0.000000	0.000000	0.000000	88.716760	0.000000	0.000000	0.000000
1764624089.784377813	0.000000	0.000000	0.586802	0.000000	0.000000	0.000000	0.000000	0.000000	nan	0.000000	0.000000	0.000000	0.000000	0.000000	0.000000	0.000000	0.000000	0.000000	0.000000	0.000000	88.716760	0.000000	0.000000	0.000000
1764624089.785918236	0.000000	0.000000	0.960230	0.000000	0.000000	0.000000	0.000000	0.000000	nan	0.000000	0.000000	0.000000	0.000000	0.000000	0.000000	0.000000	0.000000	0.000000	0.000000	0.000000	88.716760	0.000000	0.000000	0.000000
1764624089.789403200	0.000000	0.000000	0.611164	0.000000	0.000000	0.000000	0.000000	0.000000	nan	0.000000	0.000000	0.000000	0.000000	0.000000	0.000000	0.000000	0.000000	0.000000	0.000000	0.000000	88.716760	0.000000	0.000000	0.000000
1764624089.799120188	0.000000	0.000000	0.416610	0.000000	0.000000	0.000000	0.000000	0.000000	nan	0.000000	0.000000	0.000000	0.000000	0.000000	0.000000	0.000000	0.000000	0.000000	0.000000	0.000000	88.716760	0.000000	0.000000	0.000000
1764624089.808916569	0.000000	0.000000	0.895763	0.000000	0.000000	0.000000	0.000000	0.000000	nan	0.000000	0.000000	0.000000	0.000000	0.000000	0.000000	0.000000	0.000000	0.000000	0.000000	0.000000	88.716760	0.000000	0.000000	0.000000
1764624089.826506138	0.000000	0.000000	0.569511	0.000000	0.000000	0.000000	0.000000	0.000000	nan	0.000000	0.000000	0.000000	0.000000	0.000000	0.000000	0.000000	0.000000	0.000000	0.000000	0.000000	88.716760	0.000000	0.000000	0.000000
1764624089.829166889	0.000000	0.000000	0.394255	0.000000	0.000000	0.000000	0.000000	0.000000	nan	0.000000	0.000000	0.000000	0.000000	0.000000	0.000000	0.000000	0.000000	0.000000	0.000000	0.000000	88.716760	0.000000	0.000000	0.000000
1764624089.838899612	0.000000	0.000000	0.925003	0.000000	0.000000	0.000000	0.000000	0.000000	nan	0.000000	0.000000	0.000000	0.000000	0.000000	0.000000	0.000000	0.000000	0.000000	0.000000	0.000000	88.716760	0.000000	0.000000	0.000000
1764624089.848946810	0.000000	0.000000	0.474591	0.000000	0.000000	0.000000	0.000000	0.000000	nan	0.000000	0.000000	0.000000	0.000000	0.000000	0.000000	0.000000	0.000000	0.000000	0.000000	0.000000	88.716760	0.000000	0.000000	0.000000
1764624089.859287977	0.000000	0.000000	0.567230	0.000000	0.000000	0.000000	0.000000	0.000000	nan	0.000000	0.000000	0.000000	0.000000	0.000000	0.000000	0.000000	0.000000	0.000000	0.000000	0.000000	88.716760	0.000000	0.000000	0.000000
1764624089.877465725	0.000000	0.000000	0.617341	0.000000	0.000000	0.000000	0.000000	0.000000	nan	0.000000	0.000000	0.000000	0.000000	0.000000	0.000000	0.000000	0.000000	0.000000	0.000000	0.000000	88.716760	0.000000	0.000000	0.000000
1764624089.881990910	0.000000	0.000000	0.529337	0.000000	0.000000	0.000000	0.000000	0.000000	nan	0.000000	0.000000	0.000000	0.000000	0.000000	0.000000	0.000000	0.000000	0.000000	0.000000	0.000000	88.716760	0.000000	0.000000	0.000000
1764624089.898575544	0.000000	0.000000	0.392359	0.000000	0.000000	0.000000	0.000000	0.000000	nan	0.000000	0.000000	0.000000	0.000000	0.000000	0.000000	0.000000	0.000000	0.000000	0.000000	0.000000	88.716760	0.000000	0.000000	0.000000
1764624089.905093670	0.000000	0.000000	0.783784	0.000000	0.000000	0.000000	0.000000	0.000000	nan	0.000000	0.000000	0.000000	0.000000	0.000000	0.000000	0.000000	0.000000	0.000000	0.000000	0.000000	88.716760	0.000000	0.000000	0.000000
1764624089.909081221	0.000000	0.000000	0.559176	0.000000	0.000000	0.000000	0.000000	0.000000	nan	0.000000	0.000000	0.000000	0.000000	0.000000	0.000000	0.000000	0.000000	0.000000	0.000000	0.000000	88.716760	0.000000	0.000000	0.000000
1764624089.919082165	0.000000	0.000000	0.454535	0.000000	0.000000	0.000000	0.000000	0.000000	nan	0.000000	0.000000	0.000000	0.000000	0.000000	0.000000	0.000000	0.000000	0.000000	0.000000	0.000000	88.716760	0.000000	0.000000	0.000000
1764624089.939500809	0.000000	0.000000	0.798463	0.000000	0.000000	0.000000	0.000000	0.000000	nan	0.000000	0.000000	0.000000	0.000000	0.000000	0.000000	0.000000	0.000000	0.000000	0.000000	0.000000	88.716760	0.000000	0.000000	0.000000
1764624089.945509434	0.000000	0.000000	0.549066	0.000000	0.000000	0.000000	0.000000	0.000000	nan	0.000000	0.000000	0.000000	0.000000	0.000000	0.000000	0.000000	0.000000	0.000000	0.000000	0.000000	88.716760	0.000000	0.000000	0.000000
1764624089.949595213	0.000000	0.000000	0.474507	0.000000	0.000000	0.000000	0.000000	0.000000	nan	0.000000	0.000000	0.000000	0.000000	0.000000	0.000000	0.000000	0.000000	0.000000	0.000000	0.000000	88.716760	0.000000	0.000000	0.000000
1764624089.960932493	0.000000	0.000000	0.745964	0.000000	0.000000	0.000000	0.000000	0.000000	nan	0.000000	0.000000	0.000000	0.000000	0.000000	0.000000	0.000000	0.000000	0.000000	0.000000	0.000000	88.716760	0.000000	0.000000	0.000000
1764624089.970040321	0.000000	0.000000	0.568148	0.000000	0.000000	0.000000	0.000000	0.000000	nan	0.000000	0.000000	0.000000	0.000000	0.000000	0.000000	0.000000	0.000000	0.000000	0.000000	0.000000	88.716760	0.000000	0.000000	0.000000
1764624089.980043888	0.000000	0.000000	0.517203	0.000000	0.000000	0.000000	0.000000	0.000000	nan	0.000000	0.000000	0.000000	0.000000	0.000000	0.000000	0.000000	0.000000	0.000000	0.000000	0.000000	88.716760	0.000000	0.000000	0.000000
1764624089.996672630	0.000000	0.000000	0.619957	0.000000	0.000000	0.000000	0.000000	0.000000	nan	0.000000	0.000000	0.000000	0.000000	0.000000	0.000000	0.000000	0.000000	0.000000	0.000000	0.000000	88.716760	0.000000	0.000000	0.000000
1764624089.999391556	0.000000	0.000000	0.609994	0.000000	0.000000	0.000000	0.000000	0.000000	nan	0.000000	0.000000	0.000000	0.000000	0.000000	0.000000	0.000000	0.000000	0.000000	0.000000	0.000000	88.716760	0.000000	0.000000	0.000000
1764624090.020047665	0.000000	0.000000	0.669038	0.000000	0.000000	0.000000	0.000000	0.000000	nan	0.000000	0.000000	0.000000	0.000000	0.000000	0.000000	0.000000	0.000000	0.000000	0.000000	0.000000	88.716760	0.000000	0.000000	0.000000
1764624090.021208525	0.000000	0.000000	0.673618	0.000000	0.000000	0.000000	0.000000	0.000000	nan	0.000000	0.000000	0.000000	0.000000	0.000000	0.000000	0.000000	0.000000	0.000000	0.000000	0.000000	88.716760	0.000000	0.000000	0.000000
1764624090.029551029	0.000000	0.000000	0.794522	0.000000	0.000000	0.000000	0.000000	0.000000	nan	0.000000	0.000000	0.000000	0.000000	0.000000	0.000000	0.000000	0.000000	0.000000	0.000000	0.000000	88.716760	0.000000	0.000000	0.000000
1764624090.039842129	0.000000	0.000000	0.544307	0.000000	0.000000	0.000000	0.000000	0.000000	nan	0.000000	0.000000	0.000000	0.000000	0.000000	0.000000	0.000000	0.000000	0.000000	0.000000	0.000000	88.716760	0.000000	0.000000	0.000000
1764624090.050142527	0.000000	0.000000	0.754214	0.000000	0.000000	0.000000	0.000000	0.000000	nan	0.000000	0.000000	0.000000	0.000000	0.000000	0.000000	0.000000	0.000000	0.000000	0.000000	0.000000	88.716760	0.000000	0.000000	0.000000
1764624090.069073677	0.000000	0.000000	0.662502	0.000000	0.000000	0.000000	0.000000	0.000000	nan	0.000000	0.000000	0.000000	0.000000	0.000000	0.000000	0.000000	0.000000	0.000000	0.000000	0.000000	88.716760	0.000000	0.000000	0.000000
1764624090.075641870	0.000000	0.000000	0.759777	0.000000	0.000000	0.000000	0.000000	0.000000	nan	0.000000	0.000000	0.000000	0.000000	0.000000	0.000000	0.000000	0.000000	0.000000	0.000000	0.000000	88.716760	0.000000	0.000000	0.000000
1764624090.079743624	0.000000	0.000000	0.771991	0.000000	0.000000	0.000000	0.000000	0.000000	nan	0.000000	0.000000	0.000000	0.000000	0.000000	0.000000	0.000000	0.000000	0.000000	0.000000	0.000000	88.716760	0.000000	0.000000	0.000000
1764624090.089205265	0.000000	0.000000	0.691302	0.000000	0.000000	0.000000	0.000000	0.000000	nan	0.000000	0.000000	0.000000	0.000000	0.000000	0.000000	0.000000	0.000000	0.000000	0.000000	0.000000	88.716760	0.000000	0.000000	0.000000
1764624090.106516600	0.000000	0.000000	0.720878	0.000000	0.000000	0.000000	0.000000	0.000000	nan	0.000000	0.000000	0.000000	0.000000	0.000000	0.000000	0.000000	0.000000	0.000000	0.000000	0.000000	88.716760	0.000000	0.000000	0.000000
1764624090.109272957	0.000000	0.000000	0.897761	0.000000	0.000000	0.000000	0.000000	0.000000	nan	0.000000	0.000000	0.000000	0.000000	0.000000	0.000000	0.000000	0.000000	0.000000	0.000000	0.000000	88.716760	0.000000	0.000000	0.000000
1764624090.119944096	0.000000	0.000000	0.853371	0.000000	0.000000	0.000000	0.000000	0.000000	nan	0.000000	0.000000	0.000000	0.000000	0.000000	0.000000	0.000000	0.000000	0.000000	0.000000	0.000000	88.716760	0.000000	0.000000	0.000000
1764624090.130414486	0.000000	0.000000	0.766656	0.000000	0.000000	0.000000	0.000000	0.000000	nan	0.000000	0.000000	0.000000	0.000000	0.000000	0.000000	0.000000	0.000000	0.000000	0.000000	0.000000	88.716760	0.000000	0.000000	0.000000
1764624090.146842480	0.000000	0.000000	0.806124	0.000000	0.000000	0.000000	0.000000	0.000000	nan	0.000000	0.000000	0.000000	0.000000	0.000000	0.000000	0.000000	0.000000	0.000000	0.000000	0.000000	88.716760	0.000000	0.000000	0.000000
1764624090.149231911	0.000000	0.000000	0.885965	0.000000	0.000000	0.000000	0.000000	0.000000	nan	0.000000	0.000000	0.000000	0.000000	0.000000	0.000000	0.000000	0.000000	0.000000	0.000000	0.000000	88.716760	0.000000	0.000000	0.000000
1764624090.159699917	0.000000	0.000000	0.795637	0.000000	0.000000	0.000000	0.000000	0.000000	nan	0.000000	0.000000	0.000000	0.000000	0.000000	0.000000	0.000000	0.000000	0.000000	0.000000	0.000000	88.716760	0.000000	0.000000	0.000000
1764624090.169899702	0.000000	0.000000	0.786567	0.000000	0.000000	0.000000	0.000000	0.000000	nan	0.000000	0.000000	0.000000	0.000000	0.000000	0.000000	0.000000	0.000000	0.000000	0.000000	0.000000	88.716760	0.000000	0.000000	0.000000
1764624090.179744959	0.000000	0.000000	1.000159	0.000000	0.000000	0.000000	0.000000	0.000000	nan	0.000000	0.000000	0.000000	0.000000	0.000000	0.000000	0.000000	0.000000	0.000000	0.000000	0.000000	88.716760	0.000000	0.000000	0.000000
1764624090.194170237	0.000000	0.000000	0.741710	0.000000	0.000000	0.000000	0.000000	0.000000	nan	0.000000	0.000000	0.000000	0.000000	0.000000	0.000000	0.000000	0.000000	0.000000	0.000000	0.000000	88.716760	0.000000	0.000000	0.000000
1764624090.198882818	0.000000	0.000000	0.905157	0.000000	0.000000	0.000000	0.000000	0.000000	nan	0.000000	0.000000	0.000000	0.000000	0.000000	0.000000	0.000000	0.000000	0.000000	0.000000	0.000000	88.716760	0.000000	0.000000	0.000000
1764624090.218933344	0.000000	0.000000	0.873699	0.000000	0.000000	0.000000	0.000000	0.000000	nan	0.000000	0.000000	0.000000	0.000000	0.000000	0.000000	0.000000	0.000000	0.000000	0.000000	0.000000	88.716760	0.000000	0.000000	0.000000
1764624090.226220131	0.000000	0.000000	0.835014	0.000000	0.000000	0.000000	0.000000	0.000000	nan	0.000000	0.000000	0.000000	0.000000	0.000000	0.000000	0.000000	0.000000	0.000000	0.000000	0.000000	88.716760	0.000000	0.000000	0.000000
1764624090.229798079	0.000000	0.000000	0.913173	0.000000	0.000000	0.000000	0.000000	0.000000	nan	0.000000	0.000000	0.000000	0.000000	0.000000	0.000000	0.000000	0.000000	0.000000	0.000000	0.000000	88.716760	0.000000	0.000000	0.000000
1764624090.240117311	0.000000	0.000000	0.966915	0.000000	0.000000	0.000000	0.000000	0.000000	nan	0.000000	0.000000	0.000000	0.000000	0.000000	0.000000	0.000000	0.000000	0.000000	0.000000	0.000000	88.716760	0.000000	0.000000	0.000000
1764624090.258967161	0.000000	0.000000	0.881872	0.000000	0.000000	0.000000	0.000000	0.000000	nan	0.000000	0.000000	0.000000	0.000000	0.000000	0.000000	0.000000	0.000000	0.000000	0.000000	0.000000	88.716760	0.000000	0.000000	0.000000
1764624090.267001390	0.000000	0.000000	0.938301	0.000000	0.000000	0.000000	0.000000	0.000000	nan	0.000000	0.000000	0.000000	0.000000	0.000000	0.000000	0.000000	0.000000	0.000000	0.000000	0.000000	88.716760	0.000000	0.000000	0.000000
1764624090.269273758	0.000000	0.000000	0.883092	0.000000	0.000000	0.000000	0.000000	0.000000	nan	0.000000	0.000000	0.000000	0.000000	0.000000	0.000000	0.000000	0.000000	0.000000	0.000000	0.000000	88.716760	0.000000	0.000000	0.000000
1764624090.279498816	0.000000	0.000000	0.901822	0.000000	0.000000	0.000000	0.000000	0.000000	nan	0.000000	0.000000	0.000000	0.000000	0.000000	0.000000	0.000000	0.000000	0.000000	0.000000	0.000000	88.716760	0.000000	0.000000	0.000000
1764624090.289757729	0.000000	0.000000	0.967421	0.000000	0.000000	0.000000	0.000000	0.000000	nan	0.000000	0.000000	0.000000	0.000000	0.000000	0.000000	0.000000	0.000000	0.000000	0.000000	0.000000	88.716760	0.000000	0.000000	0.000000
1764624090.303419352	0.000000	0.000000	0.847159	0.000000	0.000000	0.000000	0.000000	0.000000	nan	0.000000	0.000000	0.000000	0.000000	0.000000	0.000000	0.000000	0.000000	0.000000	0.000000	0.000000	88.716760	0.000000	0.000000	0.000000
1764624090.308924198	0.000000	0.000000	1.063357	0.000000	0.000000	0.000000	0.000000	0.000000	nan	0.000000	0.000000	0.000000	0.000000	0.000000	0.000000	0.000000	0.000000	0.000000	0.000000	0.000000	88.716760	0.000000	0.000000	0.000000
1764624090.320563316	0.000000	0.000000	0.854353	0.000000	0.000000	0.000000	0.000000	0.000000	nan	0.000000	0.000000	0.000000	0.000000	0.000000	0.000000	0.000000	0.000000	0.000000	0.000000	0.000000	88.716760	0.000000	0.000000	0.000000
1764624090.329839945	0.000000	0.000000	0.991495	0.000000	0.000000	0.000000	0.000000	0.000000	nan	0.000000	0.000000	0.000000	0.000000	0.000000	0.000000	0.000000	0.000000	0.000000	0.000000	0.000000	88.716760	0.000000	0.000000	0.000000
1764624090.353210211	0.000000	0.000000	0.968038	0.000000	0.000000	0.000000	0.000000	0.000000	nan	0.000000	0.000000	0.000000	0.000000	0.000000	0.000000	0.000000	0.000000	0.000000	0.000000	0.000000	88.716760	0.000000	0.000000	0.000000
1764624090.353223085	0.000000	0.000000	0.784912	0.000000	0.000000	0.000000	0.000000	0.000000	nan	0.000000	0.000000	0.000000	0.000000	0.000000	0.000000	0.000000	0.000000	0.000000	0.000000	0.000000	88.716760	0.000000	0.000000	0.000000
1764624090.359261990	0.000000	0.000000	0.999474	0.000000	0.000000	0.000000	0.000000	0.000000	nan	0.000000	0.000000	0.000000	0.000000	0.000000	0.000000	0.000000	0.000000	0.000000	0.000000	0.000000	88.716760	0.000000	0.000000	0.000000
1764624090.369408131	0.000000	0.000000	0.919764	0.000000	0.000000	0.000000	0.000000	0.000000	nan	0.000000	0.000000	0.000000	0.000000	0.000000	0.000000	0.000000	0.000000	0.000000	0.000000	0.000000	88.716760	0.000000	0.000000	0.000000
1764624090.379876614	0.000000	0.000000	0.943958	0.000000	0.000000	0.000000	0.000000	0.000000	nan	0.000000	0.000000	0.000000	0.000000	0.000000	0.000000	0.000000	0.000000	0.000000	0.000000	0.000000	88.716760	0.000000	0.000000	0.000000
1764624090.390283346	0.000000	0.000000	0.911814	0.000000	0.000000	0.000000	0.000000	0.000000	nan	0.000000	0.000000	0.000000	0.000000	0.000000	0.000000	0.000000	0.000000	0.000000	0.000000	0.000000	88.716760	0.000000	0.000000	0.000000
1764624090.399037838	0.000000	0.000000	0.900701	0.000000	0.000000	0.000000	0.000000	0.000000	nan	0.000000	0.000000	0.000000	0.000000	0.000000	0.000000	0.000000	0.000000	0.000000	0.000000	0.000000	88.716760	0.000000	0.000000	0.000000
1764624090.415156603	0.000000	0.000000	0.910317	0.000000	0.000000	0.000000	0.000000	0.000000	nan	0.000000	0.000000	0.000000	0.000000	0.000000	0.000000	0.000000	0.000000	0.000000	0.000000	0.000000	88.716760	0.000000	0.000000	0.000000
1764624090.418988943	0.000000	0.000000	0.800563	0.000000	0.000000	0.000000	0.000000	0.000000	nan	0.000000	0.000000	0.000000	0.000000	0.000000	0.000000	0.000000	0.000000	0.000000	0.000000	0.000000	88.716760	0.000000	0.000000	0.000000
1764624090.429708481	0.000000	0.000000	1.081238	0.000000	0.000000	0.000000	0.000000	0.000000	nan	0.000000	0.000000	0.000000	0.000000	0.000000	0.000000	0.000000	0.000000	0.000000	0.000000	0.000000	88.716760	0.000000	0.000000	0.000000
1764624090.439756393	0.000000	0.000000	0.832284	0.000000	0.000000	0.000000	0.000000	0.000000	nan	0.000000	0.000000	0.000000	0.000000	0.000000	0.000000	0.000000	0.000000	0.000000	0.000000	0.000000	88.716760	0.000000	0.000000	0.000000
1764624090.459675074	0.000000	0.000000	0.897108	0.000000	0.000000	0.000000	0.000000	0.000000	nan	0.000000	0.000000	0.000000	0.000000	0.000000	0.000000	0.000000	0.000000	0.000000	0.000000	0.000000	88.716760	0.000000	0.000000	0.000000
1764624090.459688902	0.000000	0.000000	0.834880	0.000000	0.000000	0.000000	0.000000	0.000000	nan	0.000000	0.000000	0.000000	0.000000	0.000000	0.000000	0.000000	0.000000	0.000000	0.000000	0.000000	88.716760	0.000000	0.000000	0.000000
1764624090.470083714	0.000000	0.000000	0.761128	0.000000	0.000000	0.000000	0.000000	0.000000	nan	0.000000	0.000000	0.000000	0.000000	0.000000	0.000000	0.000000	0.000000	0.000000	0.000000	0.000000	88.716760	0.000000	0.000000	0.000000
1764624090.479652882	0.000000	0.000000	1.007814	0.000000	0.000000	0.000000	0.000000	0.000000	nan	0.000000	0.000000	0.000000	0.000000	0.000000	0.000000	0.000000	0.000000	0.000000	0.000000	0.000000	88.716760	0.000000	0.000000	0.000000
1764624090.489826202	0.000000	0.000000	0.843491	0.000000	0.000000	0.000000	0.000000	0.000000	nan	0.000000	0.000000	0.000000	0.000000	0.000000	0.000000	0.000000	0.000000	0.000000	0.000000	0.000000	88.716760	0.000000	0.000000	0.000000
1764624090.499750853	0.000000	0.000000	0.769592	0.000000	0.000000	0.000000	0.000000	0.000000	nan	0.000000	0.000000	0.000000	0.000000	0.000000	0.000000	0.000000	0.000000	0.000000	0.000000	0.000000	88.716760	0.000000	0.000000	0.000000
1764624090.511431217	0.000000	0.000000	1.029893	0.000000	0.000000	0.000000	0.000000	0.000000	nan	0.000000	0.000000	0.000000	0.000000	0.000000	0.000000	0.000000	0.000000	0.000000	0.000000	0.000000	0.000000	0.000000	0.000000	0.000000
1764624090.519007444	0.000000	0.000000	0.720574	0.000000	0.000000	0.000000	0.000000	0.000000	nan	0.000000	0.000000	0.000000	0.000000	0.000000	0.000000	0.000000	0.000000	0.000000	0.000000	0.000000	0.000000	0.000000	0.000000	0.000000
1764624090.538942814	0.000000	0.000000	0.740981	0.000000	0.000000	0.000000	0.000000	0.000000	nan	0.000000	0.000000	0.000000	0.000000	0.000000	0.000000	0.000000	0.000000	0.000000	0.000000	0.000000	0.000000	0.000000	0.000000	0.000000
1764624090.549626589	0.000000	0.000000	1.009476	0.000000	0.000000	0.000000	0.000000	0.000000	nan	0.000000	0.000000	0.000000	0.000000	0.000000	0.000000	0.000000	0.000000	0.000000	0.000000	0.000000	0.000000	0.000000	0.000000	0.000000
1764624090.550898790	0.000000	0.000000	0.811249	0.000000	0.000000	0.000000	0.000000	0.000000	nan	0.000000	0.000000	0.000000	0.000000	0.000000	0.000000	0.000000	0.000000	0.000000	0.000000	0.000000	0.000000	0.000000	0.000000	0.000000
1764624090.559472084	0.000000	0.000000	0.611108	0.000000	0.000000	0.000000	0.000000	0.000000	nan	0.000000	0.000000	0.000000	0.000000	0.000000	0.000000	0.000000	0.000000	0.000000	0.000000	0.000000	0.000000	0.000000	0.000000	0.000000
1764624090.569705486	0.000000	0.000000	0.839278	0.000000	0.000000	0.000000	0.000000	0.000000	nan	0.000000	0.000000	0.000000	0.000000	0.000000	0.000000	0.000000	0.000000	0.000000	0.000000	0.000000	0.000000	0.000000	0.000000	0.000000
1764624090.587408543	0.000000	0.000000	0.545846	0.000000	0.000000	0.000000	0.000000	0.000000	nan	0.000000	0.000000	0.000000	0.000000	0.000000	0.000000	0.000000	0.000000	0.000000	0.000000	0.000000	0.000000	0.000000	0.000000	0.000000
1764624090.590893745	0.000000	0.000000	0.628818	0.000000	0.000000	0.000000	0.000000	0.000000	nan	0.000000	0.000000	0.000000	0.000000	0.000000	0.000000	0.000000	0.000000	0.000000	0.000000	0.000000	0.000000	0.000000	0.000000	0.000000
1764624090.599425316	0.000000	0.000000	0.418339	0.000000	0.000000	0.000000	0.000000	0.000000	nan	0.000000	0.000000	0.000000	0.000000	0.000000	0.000000	0.000000	0.000000	0.000000	0.000000	0.000000	0.000000	0.000000	0.000000	0.000000
1764624090.609141827	0.000000	0.000000	0.214911	0.000000	0.000000	0.000000	0.000000	0.000000	nan	0.000000	0.000000	0.000000	0.000000	0.000000	0.000000	0.000000	0.000000	0.000000	0.000000	0.000000	0.000000	0.000000	0.000000	0.000000
1764624090.623523712	0.000000	0.000000	0.312887	0.000000	0.000000	0.000000	0.000000	0.000000	nan	0.000000	0.000000	0.000000	0.000000	0.000000	0.000000	0.000000	0.000000	0.000000	0.000000	0.000000	0.000000	0.000000	0.000000	0.000000
1764624090.629712582	0.000000	0.000000	0.122496	0.000000	0.000000	0.000000	0.000000	0.000000	nan	0.000000	0.000000	0.000000	0.000000	0.000000	0.000000	0.000000	0.000000	0.000000	0.000000	0.000000	0.000000	0.000000	0.000000	0.000000
1764624090.639863729	0.000000	0.000000	0.232259	0.000000	0.000000	0.000000	0.000000	0.000000	nan	0.000000	0.000000	0.000000	0.000000	0.000000	0.000000	0.000000	0.000000	0.000000	0.000000	0.000000	0.000000	0.000000	0.000000	0.000000
1764624090.648756266	0.000000	0.000000	-0.011970	0.000000	0.000000	0.000000	0.000000	0.000000	nan	0.000000	0.000000	0.000000	0.000000	0.000000	0.000000	0.000000	0.000000	0.000000	0.000000	0.000000	0.000000	0.000000	0.000000	0.000000
1764624090.659659147	0.000000	0.000000	0.015625	0.000000	0.000000	0.000000	0.000000	0.000000	nan	0.000000	0.000000	0.000000	0.000000	0.000000	0.000000	0.000000	0.000000	0.000000	0.000000	0.000000	0.000000	0.000000	0.000000	0.000000
1764624090.672673941	0.000000	0.000000	0.044932	0.000000	0.000000	0.000000	0.000000	0.000000	nan	0.000000	0.000000	0.000000	0.000000	0.000000	0.000000	0.000000	0.000000	0.000000	0.000000	0.000000	0.000000	0.000000	0.000000	0.000000
1764624090.680012703	0.000000	0.000000	-0.080713	0.000000	0.000000	0.000000	0.000000	0.000000	nan	0.000000	0.000000	0.000000	0.000000	0.000000	0.000000	0.000000	0.000000	0.000000	0.000000	0.000000	0.000000	0.000000	0.000000	0.000000
1764624090.690039158	0.000000	0.000000	-0.047734	0.000000	0.000000	0.000000	0.000000	0.000000	nan	0.000000	0.000000	0.000000	0.000000	0.000000	0.000000	0.000000	0.000000	0.000000	0.000000	0.000000	0.000000	0.000000	0.000000	0.000000
1764624090.701947689	0.000000	0.000000	-0.091998	0.000000	0.000000	0.000000	0.000000	0.000000	nan	0.000000	0.000000	0.000000	0.000000	0.000000	0.000000	0.000000	0.000000	0.000000	0.000000	0.000000	0.000000	0.000000	0.000000	0.000000
1764624090.709050179	0.000000	0.000000	-0.086299	0.000000	0.000000	0.000000	0.000000	0.000000	nan	0.000000	0.000000	0.000000	0.000000	0.000000	0.000000	0.000000	0.000000	0.000000	0.000000	0.000000	0.000000	0.000000	0.000000	0.000000
1764624090.718986511	0.000000	0.000000	-0.184974	0.000000	0.000000	0.000000	0.000000	0.000000	nan	0.000000	0.000000	0.000000	0.000000	0.000000	0.000000	0.000000	0.000000	0.000000	0.000000	0.000000	0.000000	0.000000	0.000000	0.000000
1764624090.729771376	0.000000	0.000000	-0.163364	0.000000	0.000000	0.000000	0.000000	0.000000	nan	0.000000	0.000000	0.000000	0.000000	0.000000	0.000000	0.000000	0.000000	0.000000	0.000000	0.000000	0.000000	0.000000	0.000000	0.000000
1764624090.747428179	0.000000	0.000000	-0.200674	0.000000	0.000000	0.000000	0.000000	0.000000	nan	0.000000	0.000000	0.000000	0.000000	0.000000	0.000000	0.000000	0.000000	0.000000	0.000000	0.000000	0.000000	0.000000	0.000000	0.000000
1764624090.749741316	0.000000	0.000000	-0.223005	0.000000	0.000000	0.000000	0.000000	0.000000	nan	0.000000	0.000000	0.000000	0.000000	0.000000	0.000000	0.000000	0.000000	0.000000	0.000000	0.000000	0.000000	0.000000	0.000000	0.000000
1764624090.759900093	0.000000	0.000000	-0.232974	0.000000	0.000000	0.000000	0.000000	0.000000	nan	0.000000	0.000000	0.000000	0.000000	0.000000	0.000000	0.000000	0.000000	0.000000	0.000000	0.000000	0.000000	0.000000	0.000000	0.000000
1764624090.769070864	0.000000	0.000000	-0.201910	0.000000	0.000000	0.000000	0.000000	0.000000	nan	0.000000	0.000000	0.000000	0.000000	0.000000	0.000000	0.000000	0.000000	0.000000	0.000000	0.000000	0.000000	0.000000	0.000000	0.000000
1764624090.785572529	0.000000	0.000000	-0.282587	0.000000	0.000000	0.000000	0.000000	0.000000	nan	0.000000	0.000000	0.000000	0.000000	0.000000	0.000000	0.000000	0.000000	0.000000	0.000000	0.000000	0.000000	0.000000	0.000000	0.000000
1764624090.788916349	0.000000	0.000000	-0.197573	0.000000	0.000000	0.000000	0.000000	0.000000	nan	0.000000	0.000000	0.000000	0.000000	0.000000	0.000000	0.000000	0.000000	0.000000	0.000000	0.000000	0.000000	0.000000	0.000000	0.000000
1764624090.798880100	0.000000	0.000000	-0.255945	0.000000	0.000000	0.000000	0.000000	0.000000	nan	0.000000	0.000000	0.000000	0.000000	0.000000	0.000000	0.000000	0.000000	0.000000	0.000000	0.000000	0.000000	0.000000	0.000000	0.000000
1764624090.808668375	0.000000	0.000000	-0.260015	0.000000	0.000000	0.000000	0.000000	0.000000	nan	0.000000	0.000000	0.000000	0.000000	0.000000	0.000000	0.000000	0.000000	0.000000	0.000000	0.000000	0.000000	0.000000	0.000000	0.000000
1764624090.819316864	0.000000	0.000000	-0.230577	0.000000	0.000000	0.000000	0.000000	0.000000	nan	0.000000	0.000000	0.000000	0.000000	0.000000	0.000000	0.000000	0.000000	0.000000	0.000000	0.000000	0.000000	0.000000	0.000000	0.000000
1764624090.834487438	0.000000	0.000000	-0.284743	0.000000	0.000000	0.000000	0.000000	0.000000	nan	0.000000	0.000000	0.000000	0.000000	0.000000	0.000000	0.000000	0.000000	0.000000	0.000000	0.000000	0.000000	0.000000	0.000000	0.000000
1764624090.839176655	0.000000	0.000000	-0.255648	0.000000	0.000000	0.000000	0.000000	0.000000	nan	0.000000	0.000000	0.000000	0.000000	0.000000	0.000000	0.000000	0.000000	0.000000	0.000000	0.000000	0.000000	0.000000	0.000000	0.000000
1764624090.863880634	0.000000	0.000000	-0.276782	0.000000	0.000000	0.000000	0.000000	0.000000	nan	0.000000	0.000000	0.000000	0.000000	0.000000	0.000000	0.000000	0.000000	0.000000	0.000000	0.000000	0.000000	0.000000	0.000000	0.000000
1764624090.863897085	0.000000	0.000000	-0.246616	0.000000	0.000000	0.000000	0.000000	0.000000	nan	0.000000	0.000000	0.000000	0.000000	0.000000	0.000000	0.000000	0.000000	0.000000	0.000000	0.000000	0.000000	0.000000	0.000000	0.000000
1764624090.869005919	0.000000	0.000000	-0.228950	0.000000	0.000000	0.000000	0.000000	0.000000	nan	0.000000	0.000000	0.000000	0.000000	0.000000	0.000000	0.000000	0.000000	0.000000	0.000000	0.000000	0.000000	0.000000	0.000000	0.000000
1764624090.879181862	0.000000	0.000000	-0.207485	0.000000	0.000000	0.000000	0.000000	0.000000	nan	0.000000	0.000000	0.000000	0.000000	0.000000	0.000000	0.000000	0.000000	0.000000	0.000000	0.000000	0.000000	0.000000	0.000000	0.000000
1764624090.888781309	0.000000	0.000000	-0.192186	0.000000	0.000000	0.000000	0.000000	0.000000	nan	0.000000	0.000000	0.000000	0.000000	0.000000	0.000000	0.000000	0.000000	0.000000	0.000000	0.000000	0.000000	0.000000	0.000000	0.000000
1764624090.902369738	0.000000	0.000000	-0.172178	0.000000	0.000000	0.000000	0.000000	0.000000	nan	0.000000	0.000000	0.000000	0.000000	0.000000	0.000000	0.000000	0.000000	0.000000	0.000000	0.000000	0.000000	0.000000	0.000000	0.000000
1764624090.908821344	0.000000	0.000000	-0.153511	0.000000	0.000000	0.000000	0.000000	0.000000	nan	0.000000	0.000000	0.000000	0.000000	0.000000	0.000000	0.000000	0.000000	0.000000	0.000000	0.000000	0.000000	0.000000	0.000000	0.000000
1764624090.919117928	0.000000	0.000000	-0.173708	0.000000	0.000000	0.000000	0.000000	0.000000	nan	0.000000	0.000000	0.000000	0.000000	0.000000	0.000000	0.000000	0.000000	0.000000	0.000000	0.000000	0.000000	0.000000	0.000000	0.000000
1764624090.928816557	0.000000	0.000000	-0.134757	0.000000	0.000000	0.000000	0.000000	0.000000	nan	0.000000	0.000000	0.000000	0.000000	0.000000	0.000000	0.000000	0.000000	0.000000	0.000000	0.000000	0.000000	0.000000	0.000000	0.000000
1764624090.938936234	0.000000	0.000000	-0.133231	0.000000	0.000000	0.000000	0.000000	0.000000	nan	0.000000	0.000000	0.000000	0.000000	0.000000	0.000000	0.000000	0.000000	0.000000	0.000000	0.000000	0.000000	0.000000	0.000000	0.000000
1764624090.957114697	0.000000	0.000000	-0.111174	0.000000	0.000000	0.000000	0.000000	0.000000	nan	0.000000	0.000000	0.000000	0.000000	0.000000	0.000000	0.000000	0.000000	0.000000	0.000000	0.000000	0.000000	0.000000	0.000000	0.000000
1764624090.959529161	0.000000	0.000000	-0.123150	0.000000	0.000000	0.000000	0.000000	0.000000	nan	0.000000	0.000000	0.000000	0.000000	0.000000	0.000000	0.000000	0.000000	0.000000	0.000000	0.000000	0.000000	0.000000	0.000000	0.000000
1764624090.969947100	0.000000	0.000000	-0.104214	0.000000	0.000000	0.000000	0.000000	0.000000	nan	0.000000	0.000000	0.000000	0.000000	0.000000	0.000000	0.000000	0.000000	0.000000	0.000000	0.000000	0.000000	0.000000	0.000000	0.000000
1764624090.987448215	0.000000	0.000000	-0.096254	0.000000	0.000000	0.000000	0.000000	0.000000	nan	0.000000	0.000000	0.000000	0.000000	0.000000	0.000000	0.000000	0.000000	0.000000	0.000000	0.000000	0.000000	0.000000	0.000000	0.000000
1764624090.991592646	0.000000	0.000000	-0.101147	0.000000	0.000000	0.000000	0.000000	0.000000	nan	0.000000	0.000000	0.000000	0.000000	0.000000	0.000000	0.000000	0.000000	0.000000	0.000000	0.000000	0.000000	0.000000	0.000000	0.000000
1764624090.999727488	0.000000	0.000000	-0.093095	0.000000	0.000000	0.000000	0.000000	0.000000	nan	0.000000	0.000000	0.000000	0.000000	0.000000	0.000000	0.000000	0.000000	0.000000	0.000000	0.000000	0.000000	0.000000	0.000000	0.000000
1764624091.009438753	0.000000	0.000000	-0.094553	0.000000	0.000000	0.000000	0.000000	0.000000	nan	0.000000	0.000000	0.000000	0.000000	0.000000	0.000000	0.000000	0.000000	0.000000	0.000000	0.000000	0.000000	0.000000	0.000000	0.000000
1764624091.033061743	0.000000	0.000000	-0.088196	0.000000	0.000000	0.000000	0.000000	0.000000	nan	0.000000	0.000000	0.000000	0.000000	0.000000	0.000000	0.000000	0.000000	0.000000	0.000000	0.000000	0.000000	0.000000	0.000000	0.000000
1764624091.033071518	0.000000	0.000000	-0.098264	0.000000	0.000000	0.000000	0.000000	0.000000	nan	0.000000	0.000000	0.000000	0.000000	0.000000	0.000000	0.000000	0.000000	0.000000	0.000000	0.000000	0.000000	0.000000	0.000000	0.000000
1764624091.039538860	0.000000	0.000000	-0.084091	0.000000	0.000000	0.000000	0.000000	0.000000	nan	0.000000	0.000000	0.000000	0.000000	0.000000	0.000000	0.000000	0.000000	0.000000	0.000000	0.000000	0.000000	0.000000	0.000000	0.000000
1764624091.049310923	0.000000	0.000000	-0.086493	0.000000	0.000000	0.000000	0.000000	0.000000	nan	0.000000	0.000000	0.000000	0.000000	0.000000	0.000000	0.000000	0.000000	0.000000	0.000000	0.000000	0.000000	0.000000	0.000000	0.000000
1764624091.059658051	0.000000	0.000000	-0.085060	0.000000	0.000000	0.000000	0.000000	0.000000	nan	0.000000	0.000000	0.000000	0.000000	0.000000	0.000000	0.000000	0.000000	0.000000	0.000000	0.000000	-71.104365	0.000000	0.000000	0.000000
1764624091.082219601	0.000000	0.000000	-0.075402	0.000000	0.000000	0.000000	0.000000	0.000000	nan	0.000000	0.000000	0.000000	0.000000	0.000000	0.000000	0.000000	0.000000	0.000000	0.000000	0.000000	-71.104365	0.000000	0.000000	0.000000
1764624091.083553076	0.000000	0.000000	-0.078834	0.000000	0.000000	0.000000	0.000000	0.000000	nan	0.000000	0.000000	0.000000	0.000000	0.000000	0.000000	0.000000	0.000000	0.000000	0.000000	0.000000	-71.104365	0.000000	0.000000	0.000000
1764624091.089495420	0.000000	0.000000	-0.081940	0.000000	0.000000	0.000000	0.000000	0.000000	nan	0.000000	0.000000	0.000000	0.000000	0.000000	0.000000	0.000000	0.000000	0.000000	0.000000	0.000000	-71.104365	0.000000	0.000000	0.000000
1764624091.112233400	0.000000	0.000000	-0.081158	0.000000	0.000000	0.000000	0.000000	0.000000	nan	0.000000	0.000000	0.000000	0.000000	0.000000	0.000000	0.000000	0.000000	0.000000	0.000000	0.000000	-71.104365	0.000000	0.000000	0.000000
1764624091.112247467	0.000000	0.000000	-0.043949	0.000000	0.000000	0.000000	0.000000	0.000000	nan	0.000000	0.000000	0.000000	0.000000	0.000000	0.000000	0.000000	0.000000	0.000000	0.000000	0.000000	-71.104365	0.000000	0.000000	0.000000
1764624091.120779514	0.000000	0.000000	-0.089232	0.000000	0.000000	0.000000	0.000000	0.000000	nan	0.000000	0.000000	0.000000	0.000000	0.000000	0.000000	0.000000	0.000000	0.000000	0.000000	0.000000	-71.104365	0.000000	0.000000	0.000000
1764624091.129391432	0.000000	0.000000	-0.063607	0.000000	0.000000	0.000000	0.000000	0.000000	nan	0.000000	0.000000	0.000000	0.000000	0.000000	0.000000	0.000000	0.000000	0.000000	0.000000	0.000000	-71.104365	0.000000	0.000000	0.000000
1764624091.140557766	0.000000	0.000000	-0.124708	0.000000	0.000000	0.000000	0.000000	0.000000	nan	0.000000	0.000000	0.000000	0.000000	0.000000	0.000000	0.000000	0.000000	0.000000	0.000000	0.000000	-71.104365	0.000000	0.000000	0.000000
1764624091.162674189	0.000000	0.000000	-0.076730	0.000000	0.000000	0.000000	0.000000	0.000000	nan	0.000000	0.000000	0.000000	0.000000	0.000000	0.000000	0.000000	0.000000	0.000000	0.000000	0.000000	-71.104365	0.000000	0.000000	0.000000
1764624091.162698030	0.000000	0.000000	-0.131668	0.000000	0.000000	0.000000	0.000000	0.000000	nan	0.000000	0.000000	0.000000	0.000000	0.000000	0.000000	0.000000	0.000000	0.000000	0.000000	0.000000	-71.104365	0.000000	0.000000	0.000000
1764624091.169800043	0.000000	0.000000	-0.131251	0.000000	0.000000	0.000000	0.000000	0.000000	nan	0.000000	0.000000	0.000000	0.000000	0.000000	0.000000	0.000000	0.000000	0.000000	0.000000	0.000000	-71.104365	0.000000	0.000000	0.000000
1764624091.179857969	0.000000	0.000000	-0.260386	0.000000	0.000000	0.000000	0.000000	0.000000	nan	0.000000	0.000000	0.000000	0.000000	0.000000	0.000000	0.000000	0.000000	0.000000	0.000000	0.000000	-71.104365	0.000000	0.000000	0.000000
1764624091.189786673	0.000000	0.000000	-0.321199	0.000000	0.000000	0.000000	0.000000	0.000000	nan	0.000000	0.000000	0.000000	0.000000	0.000000	0.000000	0.000000	0.000000	0.000000	0.000000	0.000000	-71.104365	0.000000	0.000000	0.000000
1764624091.199755192	0.000000	0.000000	-0.482876	0.000000	0.000000	0.000000	0.000000	0.000000	nan	0.000000	0.000000	0.000000	0.000000	0.000000	0.000000	0.000000	0.000000	0.000000	0.000000	0.000000	-71.104365	0.000000	0.000000	0.000000
1764624091.209148884	0.000000	0.000000	-0.515646	0.000000	0.000000	0.000000	0.000000	0.000000	nan	0.000000	0.000000	0.000000	0.000000	0.000000	0.000000	0.000000	0.000000	0.000000	0.000000	0.000000	-71.104365	0.000000	0.000000	0.000000
1764624091.224869251	0.000000	0.000000	-0.561629	0.000000	0.000000	0.000000	0.000000	0.000000	nan	0.000000	0.000000	0.000000	0.000000	0.000000	0.000000	0.000000	0.000000	0.000000	0.000000	0.000000	-71.104365	0.000000	0.000000	0.000000
1764624091.229534149	0.000000	0.000000	-0.653552	0.000000	0.000000	0.000000	0.000000	0.000000	nan	0.000000	0.000000	0.000000	0.000000	0.000000	0.000000	0.000000	0.000000	0.000000	0.000000	0.000000	-71.104365	0.000000	0.000000	0.000000
1764624091.240037680	0.000000	0.000000	-0.722346	0.000000	0.000000	0.000000	0.000000	0.000000	nan	0.000000	0.000000	0.000000	0.000000	0.000000	0.000000	0.000000	0.000000	0.000000	0.000000	0.000000	-71.104365	0.000000	0.000000	0.000000
1764624091.249699831	0.000000	0.000000	-0.780439	0.000000	0.000000	0.000000	0.000000	0.000000	nan	0.000000	0.000000	0.000000	0.000000	0.000000	0.000000	0.000000	0.000000	0.000000	0.000000	0.000000	-71.104365	0.000000	0.000000	0.000000
1764624091.259840250	0.000000	0.000000	-0.944646	0.000000	0.000000	0.000000	0.000000	0.000000	nan	0.000000	0.000000	0.000000	0.000000	0.000000	0.000000	0.000000	0.000000	0.000000	0.000000	0.000000	-71.104365	0.000000	0.000000	0.000000
1764624091.283837557	0.000000	0.000000	-0.987181	0.000000	0.000000	0.000000	0.000000	0.000000	nan	0.000000	0.000000	0.000000	0.000000	0.000000	0.000000	0.000000	0.000000	0.000000	0.000000	0.000000	-71.104365	0.000000	0.000000	0.000000
1764624091.283872128	0.000000	0.000000	-1.106278	0.000000	0.000000	0.000000	0.000000	0.000000	nan	0.000000	0.000000	0.000000	0.000000	0.000000	0.000000	0.000000	0.000000	0.000000	0.000000	0.000000	-71.104365	0.000000	0.000000	0.000000
1764624091.289433718	0.000000	0.000000	-1.163421	0.000000	0.000000	0.000000	0.000000	0.000000	nan	0.000000	0.000000	0.000000	0.000000	0.000000	0.000000	0.000000	0.000000	0.000000	0.000000	0.000000	-71.104365	0.000000	0.000000	0.000000
1764624091.299748898	0.000000	0.000000	-1.223269	0.000000	0.000000	0.000000	0.000000	0.000000	nan	0.000000	0.000000	0.000000	0.000000	0.000000	0.000000	0.000000	0.000000	0.000000	0.000000	0.000000	-71.104365	0.000000	0.000000	0.000000
1764624091.315231085	0.000000	0.000000	-1.179289	0.000000	0.000000	0.000000	0.000000	0.000000	nan	0.000000	0.000000	0.000000	0.000000	0.000000	0.000000	0.000000	0.000000	0.000000	0.000000	0.000000	-71.104365	0.000000	0.000000	0.000000
1764624091.322493315	0.000000	0.000000	-1.297340	0.000000	0.000000	0.000000	0.000000	0.000000	nan	0.000000	0.000000	0.000000	0.000000	0.000000	0.000000	0.000000	0.000000	0.000000	0.000000	0.000000	-71.104365	0.000000	0.000000	0.000000
1764624091.330191374	0.000000	0.000000	-1.325964	0.000000	0.000000	0.000000	0.000000	0.000000	nan	0.000000	0.000000	0.000000	0.000000	0.000000	0.000000	0.000000	0.000000	0.000000	0.000000	0.000000	-71.104365	0.000000	0.000000	0.000000
1764624091.349025726	0.000000	0.000000	-1.202230	0.000000	0.000000	0.000000	0.000000	0.000000	nan	0.000000	0.000000	0.000000	0.000000	0.000000	0.000000	0.000000	0.000000	0.000000	0.000000	0.000000	-71.104365	0.000000	0.000000	0.000000
1764624091.350878239	0.000000	0.000000	-1.098554	0.000000	0.000000	0.000000	0.000000	0.000000	nan	0.000000	0.000000	0.000000	0.000000	0.000000	0.000000	0.000000	0.000000	0.000000	0.000000	0.000000	-71.104365	0.000000	0.000000	0.000000
1764624091.359725952	0.000000	0.000000	-1.015747	0.000000	0.000000	0.000000	0.000000	0.000000	nan	0.000000	0.000000	0.000000	0.000000	0.000000	0.000000	0.000000	0.000000	0.000000	0.000000	0.000000	-71.104365	0.000000	0.000000	0.000000
1764624091.370000601	0.000000	0.000000	-0.935545	0.000000	0.000000	0.000000	0.000000	0.000000	nan	0.000000	0.000000	0.000000	0.000000	0.000000	0.000000	0.000000	0.000000	0.000000	0.000000	0.000000	-71.104365	0.000000	0.000000	0.000000
1764624091.382366896	0.000000	0.000000	-0.813018	0.000000	0.000000	0.000000	0.000000	0.000000	nan	0.000000	0.000000	0.000000	0.000000	0.000000	0.000000	0.000000	0.000000	0.000000	0.000000	0.000000	-71.104365	0.000000	0.000000	0.000000
1764624091.399632692	0.000000	0.000000	-0.740399	0.000000	0.000000	0.000000	0.000000	0.000000	nan	0.000000	0.000000	0.000000	0.000000	0.000000	0.000000	0.000000	0.000000	0.000000	0.000000	0.000000	-71.104365	0.000000	0.000000	0.000000
1764624091.401039124	0.000000	0.000000	-0.678470	0.000000	0.000000	0.000000	0.000000	0.000000	nan	0.000000	0.000000	0.000000	0.000000	0.000000	0.000000	0.000000	0.000000	0.000000	0.000000	0.000000	-71.104365	0.000000	0.000000	0.000000
1764624091.408952951	0.000000	0.000000	-0.662726	0.000000	0.000000	0.000000	0.000000	0.000000	nan	0.000000	0.000000	0.000000	0.000000	0.000000	0.000000	0.000000	0.000000	0.000000	0.000000	0.000000	-71.104365	0.000000	0.000000	0.000000
1764624091.427438498	0.000000	0.000000	-0.610471	0.000000	0.000000	0.000000	0.000000	0.000000	nan	0.000000	0.000000	0.000000	0.000000	0.000000	0.000000	0.000000	0.000000	0.000000	0.000000	0.000000	-71.104365	0.000000	0.000000	0.000000
1764624091.429328442	0.000000	0.000000	-0.592592	0.000000	0.000000	0.000000	0.000000	0.000000	nan	0.000000	0.000000	0.000000	0.000000	0.000000	0.000000	0.000000	0.000000	0.000000	0.000000	0.000000	-71.104365	0.000000	0.000000	0.000000
1764624091.439736605	0.000000	0.000000	-0.492762	0.000000	0.000000	0.000000	0.000000	0.000000	nan	0.000000	0.000000	0.000000	0.000000	0.000000	0.000000	0.000000	0.000000	0.000000	0.000000	0.000000	-71.104365	0.000000	0.000000	0.000000
1764624091.449867487	0.000000	0.000000	-0.642843	0.000000	0.000000	0.000000	0.000000	0.000000	nan	0.000000	0.000000	0.000000	0.000000	0.000000	0.000000	0.000000	0.000000	0.000000	0.000000	0.000000	-71.104365	0.000000	0.000000	0.000000
1764624091.467930794	0.000000	0.000000	-0.475250	0.000000	0.000000	0.000000	0.000000	0.000000	nan	0.000000	0.000000	0.000000	0.000000	0.000000	0.000000	0.000000	0.000000	0.000000	0.000000	0.000000	-71.104365	0.000000	0.000000	0.000000
1764624091.469470978	0.000000	0.000000	-0.656949	0.000000	0.000000	0.000000	0.000000	0.000000	nan	0.000000	0.000000	0.000000	0.000000	0.000000	0.000000	0.000000	0.000000	0.000000	0.000000	0.000000	-71.104365	0.000000	0.000000	0.000000
1764624091.479627609	0.000000	0.000000	-0.570829	0.000000	0.000000	0.000000	0.000000	0.000000	nan	0.000000	0.000000	0.000000	0.000000	0.000000	0.000000	0.000000	0.000000	0.000000	0.000000	0.000000	-71.104365	0.000000	0.000000	0.000000
1764624091.489924908	0.000000	0.000000	-0.628399	0.000000	0.000000	0.000000	0.000000	0.000000	nan	0.000000	0.000000	0.000000	0.000000	0.000000	0.000000	0.000000	0.000000	0.000000	0.000000	0.000000	-71.104365	0.000000	0.000000	0.000000
1764624091.506700516	0.000000	0.000000	-0.581807	0.000000	0.000000	0.000000	0.000000	0.000000	nan	0.000000	0.000000	0.000000	0.000000	0.000000	0.000000	0.000000	0.000000	0.000000	0.000000	0.000000	-71.104365	0.000000	0.000000	0.000000
1764624091.509131432	0.000000	0.000000	-0.429282	0.000000	0.000000	0.000000	0.000000	0.000000	nan	0.000000	0.000000	0.000000	0.000000	0.000000	0.000000	0.000000	0.000000	0.000000	0.000000	0.000000	-71.104365	0.000000	0.000000	0.000000
1764624091.518653631	0.000000	0.000000	-0.790153	0.000000	0.000000	0.000000	0.000000	0.000000	nan	0.000000	0.000000	0.000000	0.000000	0.000000	0.000000	0.000000	0.000000	0.000000	0.000000	0.000000	-71.104365	0.000000	0.000000	0.000000
1764624091.529925823	0.000000	0.000000	-0.384840	0.000000	0.000000	0.000000	0.000000	0.000000	nan	0.000000	0.000000	0.000000	0.000000	0.000000	0.000000	0.000000	0.000000	0.000000	0.000000	0.000000	-71.104365	0.000000	0.000000	0.000000
1764624091.543469906	0.000000	0.000000	-0.701326	0.000000	0.000000	0.000000	0.000000	0.000000	nan	0.000000	0.000000	0.000000	0.000000	0.000000	0.000000	0.000000	0.000000	0.000000	0.000000	0.000000	-71.104365	0.000000	0.000000	0.000000
1764624091.549350500	0.000000	0.000000	-0.591643	0.000000	0.000000	0.000000	0.000000	0.000000	nan	0.000000	0.000000	0.000000	0.000000	0.000000	0.000000	0.000000	0.000000	0.000000	0.000000	0.000000	-71.104365	0.000000	0.000000	0.000000
1764624091.559823275	0.000000	0.000000	-0.654449	0.000000	0.000000	0.000000	0.000000	0.000000	nan	0.000000	0.000000	0.000000	0.000000	0.000000	0.000000	0.000000	0.000000	0.000000	0.000000	0.000000	-71.104365	0.000000	0.000000	0.000000
1764624091.579532623	0.000000	0.000000	-0.500270	0.000000	0.000000	0.000000	0.000000	0.000000	nan	0.000000	0.000000	0.000000	0.000000	0.000000	0.000000	0.000000	0.000000	0.000000	0.000000	0.000000	-71.104365	0.000000	0.000000	0.000000
1764624091.585617065	0.000000	0.000000	-0.569208	0.000000	0.000000	0.000000	0.000000	0.000000	nan	0.000000	0.000000	0.000000	0.000000	0.000000	0.000000	0.000000	0.000000	0.000000	0.000000	0.000000	-71.104365	0.000000	0.000000	0.000000
1764624091.589911938	0.000000	0.000000	-0.701631	0.000000	0.000000	0.000000	0.000000	0.000000	nan	0.000000	0.000000	0.000000	0.000000	0.000000	0.000000	0.000000	0.000000	0.000000	0.000000	0.000000	-71.104365	0.000000	0.000000	0.000000
1764624091.599519491	0.000000	0.000000	-0.518415	0.000000	0.000000	0.000000	0.000000	0.000000	nan	0.000000	0.000000	0.000000	0.000000	0.000000	0.000000	0.000000	0.000000	0.000000	0.000000	0.000000	-71.104365	0.000000	0.000000	0.000000
1764624091.608945370	0.000000	0.000000	-0.461954	0.000000	0.000000	0.000000	0.000000	0.000000	nan	0.000000	0.000000	0.000000	0.000000	0.000000	0.000000	0.000000	0.000000	0.000000	0.000000	0.000000	-71.104365	0.000000	0.000000	0.000000
1764624091.619397402	0.000000	0.000000	-0.616425	0.000000	0.000000	0.000000	0.000000	0.000000	nan	0.000000	0.000000	0.000000	0.000000	0.000000	0.000000	0.000000	0.000000	0.000000	0.000000	0.000000	-71.104365	0.000000	0.000000	0.000000
1764624091.636412382	0.000000	0.000000	-0.388378	0.000000	0.000000	0.000000	0.000000	0.000000	nan	0.000000	0.000000	0.000000	0.000000	0.000000	0.000000	0.000000	0.000000	0.000000	0.000000	0.000000	-71.104365	0.000000	0.000000	0.000000
1764624091.638917446	0.000000	0.000000	-0.650379	0.000000	0.000000	0.000000	0.000000	0.000000	nan	0.000000	0.000000	0.000000	0.000000	0.000000	0.000000	0.000000	0.000000	0.000000	0.000000	0.000000	-71.104365	0.000000	0.000000	0.000000
1764624091.652770758	0.000000	0.000000	-0.478144	0.000000	0.000000	0.000000	0.000000	0.000000	nan	0.000000	0.000000	0.000000	0.000000	0.000000	0.000000	0.000000	0.000000	0.000000	0.000000	0.000000	-71.104365	0.000000	0.000000	0.000000
1764624091.659874916	0.000000	0.000000	-0.383172	0.000000	0.000000	0.000000	0.000000	0.000000	nan	0.000000	0.000000	0.000000	0.000000	0.000000	0.000000	0.000000	0.000000	0.000000	0.000000	0.000000	-71.104365	0.000000	0.000000	0.000000
1764624091.681498289	0.000000	0.000000	-0.650208	0.000000	0.000000	0.000000	0.000000	0.000000	nan	0.000000	0.000000	0.000000	0.000000	0.000000	0.000000	0.000000	0.000000	0.000000	0.000000	0.000000	-71.104365	0.000000	0.000000	0.000000
1764624091.681510925	0.000000	0.000000	-0.489063	0.000000	0.000000	0.000000	0.000000	0.000000	nan	0.000000	0.000000	0.000000	0.000000	0.000000	0.000000	0.000000	0.000000	0.000000	0.000000	0.000000	-71.104365	0.000000	0.000000	0.000000
1764624091.689687967	0.000000	0.000000	-0.369071	0.000000	0.000000	0.000000	0.000000	0.000000	nan	0.000000	0.000000	0.000000	0.000000	0.000000	0.000000	0.000000	0.000000	0.000000	0.000000	0.000000	-71.104365	0.000000	0.000000	0.000000
1764624091.706914902	0.000000	0.000000	-0.605249	0.000000	0.000000	0.000000	0.000000	0.000000	nan	0.000000	0.000000	0.000000	0.000000	0.000000	0.000000	0.000000	0.000000	0.000000	0.000000	0.000000	-71.104365	0.000000	0.000000	0.000000
1764624091.709306479	0.000000	0.000000	-0.475069	0.000000	0.000000	0.000000	0.000000	0.000000	nan	0.000000	0.000000	0.000000	0.000000	0.000000	0.000000	0.000000	0.000000	0.000000	0.000000	0.000000	-71.104365	0.000000	0.000000	0.000000
1764624091.719379425	0.000000	0.000000	-0.621610	0.000000	0.000000	0.000000	0.000000	0.000000	nan	0.000000	0.000000	0.000000	0.000000	0.000000	0.000000	0.000000	0.000000	0.000000	0.000000	0.000000	-71.104365	0.000000	0.000000	0.000000
1764624091.729601622	0.000000	0.000000	-0.337748	0.000000	0.000000	0.000000	0.000000	0.000000	nan	0.000000	0.000000	0.000000	0.000000	0.000000	0.000000	0.000000	0.000000	0.000000	0.000000	0.000000	-71.104365	0.000000	0.000000	0.000000
1764624091.739908218	0.000000	0.000000	-0.364580	0.000000	0.000000	0.000000	0.000000	0.000000	nan	0.000000	0.000000	0.000000	0.000000	0.000000	0.000000	0.000000	0.000000	0.000000	0.000000	0.000000	-71.104365	0.000000	0.000000	0.000000
1764624091.761807680	0.000000	0.000000	-0.536887	0.000000	0.000000	0.000000	0.000000	0.000000	nan	0.000000	0.000000	0.000000	0.000000	0.000000	0.000000	0.000000	0.000000	0.000000	0.000000	0.000000	-71.104365	0.000000	0.000000	0.000000
1764624091.763004780	0.000000	0.000000	-0.537536	0.000000	0.000000	0.000000	0.000000	0.000000	nan	0.000000	0.000000	0.000000	0.000000	0.000000	0.000000	0.000000	0.000000	0.000000	0.000000	0.000000	-71.104365	0.000000	0.000000	0.000000
1764624091.770291805	0.000000	0.000000	-0.370426	0.000000	0.000000	0.000000	0.000000	0.000000	nan	0.000000	0.000000	0.000000	0.000000	0.000000	0.000000	0.000000	0.000000	0.000000	0.000000	0.000000	-71.104365	0.000000	0.000000	0.000000
1764624091.779483318	0.000000	0.000000	-0.612527	0.000000	0.000000	0.000000	0.000000	0.000000	nan	0.000000	0.000000	0.000000	0.000000	0.000000	0.000000	0.000000	0.000000	0.000000	0.000000	0.000000	-71.104365	0.000000	0.000000	0.000000
1764624091.802785158	0.000000	0.000000	-0.273662	0.000000	0.000000	0.000000	0.000000	0.000000	nan	0.000000	0.000000	0.000000	0.000000	0.000000	0.000000	0.000000	0.000000	0.000000	0.000000	0.000000	-71.104365	0.000000	0.000000	0.000000
1764624091.802796841	0.000000	0.000000	-0.662132	0.000000	0.000000	0.000000	0.000000	0.000000	nan	0.000000	0.000000	0.000000	0.000000	0.000000	0.000000	0.000000	0.000000	0.000000	0.000000	0.000000	-71.104365	0.000000	0.000000	0.000000
1764624091.809118986	0.000000	0.000000	-0.389796	0.000000	0.000000	0.000000	0.000000	0.000000	nan	0.000000	0.000000	0.000000	0.000000	0.000000	0.000000	0.000000	0.000000	0.000000	0.000000	0.000000	-71.104365	0.000000	0.000000	0.000000
1764624091.822581768	0.000000	0.000000	-0.390639	0.000000	0.000000	0.000000	0.000000	0.000000	nan	0.000000	0.000000	0.000000	0.000000	0.000000	0.000000	0.000000	0.000000	0.000000	0.000000	0.000000	-71.104365	0.000000	0.000000	0.000000
1764624091.830157518	0.000000	0.000000	-0.567330	0.000000	0.000000	0.000000	0.000000	0.000000	nan	0.000000	0.000000	0.000000	0.000000	0.000000	0.000000	0.000000	0.000000	0.000000	0.000000	0.000000	-71.104365	0.000000	0.000000	0.000000
1764624091.840405464	0.000000	0.000000	-0.445212	0.000000	0.000000	0.000000	0.000000	0.000000	nan	0.000000	0.000000	0.000000	0.000000	0.000000	0.000000	0.000000	0.000000	0.000000	0.000000	0.000000	-71.104365	0.000000	0.000000	0.000000
1764624091.849839449	0.000000	0.000000	-0.356667	0.000000	0.000000	0.000000	0.000000	0.000000	nan	0.000000	0.000000	0.000000	0.000000	0.000000	0.000000	0.000000	0.000000	0.000000	0.000000	0.000000	-71.104365	0.000000	0.000000	0.000000
1764624091.860246897	0.000000	0.000000	-0.603131	0.000000	0.000000	0.000000	0.000000	0.000000	nan	0.000000	0.000000	0.000000	0.000000	0.000000	0.000000	0.000000	0.000000	0.000000	0.000000	0.000000	-71.104365	0.000000	0.000000	0.000000
1764624091.879037619	0.000000	0.000000	-0.294770	0.000000	0.000000	0.000000	0.000000	0.000000	nan	0.000000	0.000000	0.000000	0.000000	0.000000	0.000000	0.000000	0.000000	0.000000	0.000000	0.000000	-71.104365	0.000000	0.000000	0.000000
1764624091.879049063	0.000000	0.000000	-0.596184	0.000000	0.000000	0.000000	0.000000	0.000000	nan	0.000000	0.000000	0.000000	0.000000	0.000000	0.000000	0.000000	0.000000	0.000000	0.000000	0.000000	-71.104365	0.000000	0.000000	0.000000
1764624091.889227867	0.000000	0.000000	-0.497181	0.000000	0.000000	0.000000	0.000000	0.000000	nan	0.000000	0.000000	0.000000	0.000000	0.000000	0.000000	0.000000	0.000000	0.000000	0.000000	0.000000	-71.104365	0.000000	0.000000	0.000000
1764624091.900099754	0.000000	0.000000	-0.359438	0.000000	0.000000	0.000000	0.000000	0.000000	nan	0.000000	0.000000	0.000000	0.000000	0.000000	0.000000	0.000000	0.000000	0.000000	0.000000	0.000000	-71.104365	0.000000	0.000000	0.000000
1764624091.923833132	0.000000	0.000000	-0.568743	0.000000	0.000000	0.000000	0.000000	0.000000	nan	0.000000	0.000000	0.000000	0.000000	0.000000	0.000000	0.000000	0.000000	0.000000	0.000000	0.000000	-71.104365	0.000000	0.000000	0.000000
1764624091.924963236	0.000000	0.000000	-0.452410	0.000000	0.000000	0.000000	0.000000	0.000000	nan	0.000000	0.000000	0.000000	0.000000	0.000000	0.000000	0.000000	0.000000	0.000000	0.000000	0.000000	-71.104365	0.000000	0.000000	0.000000
1764624091.929059982	0.000000	0.000000	-0.357233	0.000000	0.000000	0.000000	0.000000	0.000000	nan	0.000000	0.000000	0.000000	0.000000	0.000000	0.000000	0.000000	0.000000	0.000000	0.000000	0.000000	-71.104365	0.000000	0.000000	0.000000
1764624091.951817274	0.000000	0.000000	-0.480171	0.000000	0.000000	0.000000	0.000000	0.000000	nan	0.000000	0.000000	0.000000	0.000000	0.000000	0.000000	0.000000	0.000000	0.000000	0.000000	0.000000	-71.104365	0.000000	0.000000	0.000000
1764624091.953103542	0.000000	0.000000	-0.309495	0.000000	0.000000	0.000000	0.000000	0.000000	nan	0.000000	0.000000	0.000000	0.000000	0.000000	0.000000	0.000000	0.000000	0.000000	0.000000	0.000000	-71.104365	0.000000	0.000000	0.000000
1764624091.960028410	0.000000	0.000000	-0.499720	0.000000	0.000000	0.000000	0.000000	0.000000	nan	0.000000	0.000000	0.000000	0.000000	0.000000	0.000000	0.000000	0.000000	0.000000	0.000000	0.000000	-71.104365	0.000000	0.000000	0.000000
1764624091.969054461	0.000000	0.000000	-0.423284	0.000000	0.000000	0.000000	0.000000	0.000000	nan	0.000000	0.000000	0.000000	0.000000	0.000000	0.000000	0.000000	0.000000	0.000000	0.000000	0.000000	-71.104365	0.000000	0.000000	0.000000
1764624091.994954824	0.000000	0.000000	-0.302206	0.000000	0.000000	0.000000	0.000000	0.000000	nan	0.000000	0.000000	0.000000	0.000000	0.000000	0.000000	0.000000	0.000000	0.000000	0.000000	0.000000	-71.104365	0.000000	0.000000	0.000000
1764624091.994967461	0.000000	0.000000	-0.554224	0.000000	0.000000	0.000000	0.000000	0.000000	nan	0.000000	0.000000	0.000000	0.000000	0.000000	0.000000	0.000000	0.000000	0.000000	0.000000	0.000000	-71.104365	0.000000	0.000000	0.000000
1764624091.999759912	0.000000	0.000000	-0.385189	0.000000	0.000000	0.000000	0.000000	0.000000	nan	0.000000	0.000000	0.000000	0.000000	0.000000	0.000000	0.000000	0.000000	0.000000	0.000000	0.000000	-71.104365	0.000000	0.000000	0.000000
1764624092.009537935	0.000000	0.000000	-0.499858	0.000000	0.000000	0.000000	0.000000	0.000000	nan	0.000000	0.000000	0.000000	0.000000	0.000000	0.000000	0.000000	0.000000	0.000000	0.000000	0.000000	-71.104365	0.000000	0.000000	0.000000
1764624092.028267860	0.000000	0.000000	-0.494782	0.000000	0.000000	0.000000	0.000000	0.000000	nan	0.000000	0.000000	0.000000	0.000000	0.000000	0.000000	0.000000	0.000000	0.000000	0.000000	0.000000	-71.104365	0.000000	0.000000	0.000000
1764624092.029662371	0.000000	0.000000	-0.309936	0.000000	0.000000	0.000000	0.000000	0.000000	nan	0.000000	0.000000	0.000000	0.000000	0.000000	0.000000	0.000000	0.000000	0.000000	0.000000	0.000000	-71.104365	0.000000	0.000000	0.000000
1764624092.039527178	0.000000	0.000000	-0.534701	0.000000	0.000000	0.000000	0.000000	0.000000	nan	0.000000	0.000000	0.000000	0.000000	0.000000	0.000000	0.000000	0.000000	0.000000	0.000000	0.000000	-71.104365	0.000000	0.000000	0.000000
1764624092.049869537	0.000000	0.000000	-0.369631	0.000000	0.000000	0.000000	0.000000	0.000000	nan	0.000000	0.000000	0.000000	0.000000	0.000000	0.000000	0.000000	0.000000	0.000000	0.000000	0.000000	-71.104365	0.000000	0.000000	0.000000
1764624092.069869757	0.000000	0.000000	-0.277732	0.000000	0.000000	0.000000	0.000000	0.000000	nan	0.000000	0.000000	0.000000	0.000000	0.000000	0.000000	0.000000	0.000000	0.000000	0.000000	0.000000	-71.104365	0.000000	0.000000	0.000000
1764624092.069894075	0.000000	0.000000	-0.483252	0.000000	0.000000	0.000000	0.000000	0.000000	nan	0.000000	0.000000	0.000000	0.000000	0.000000	0.000000	0.000000	0.000000	0.000000	0.000000	0.000000	-71.104365	0.000000	0.000000	0.000000
1764624092.079503059	0.000000	0.000000	-0.333332	0.000000	0.000000	0.000000	0.000000	0.000000	nan	0.000000	0.000000	0.000000	0.000000	0.000000	0.000000	0.000000	0.000000	0.000000	0.000000	0.000000	-71.104365	0.000000	0.000000	0.000000
1764624092.091586113	0.000000	0.000000	-0.428155	0.000000	0.000000	0.000000	0.000000	0.000000	nan	0.000000	0.000000	0.000000	0.000000	0.000000	0.000000	0.000000	0.000000	0.000000	0.000000	0.000000	-71.104365	0.000000	0.000000	0.000000
1764624092.099989176	0.000000	0.000000	-0.390162	0.000000	0.000000	0.000000	0.000000	0.000000	nan	0.000000	0.000000	0.000000	0.000000	0.000000	0.000000	0.000000	0.000000	0.000000	0.000000	0.000000	-71.104365	0.000000	0.000000	0.000000
1764624092.119574785	0.000000	0.000000	-0.229714	0.000000	0.000000	0.000000	0.000000	0.000000	nan	0.000000	0.000000	0.000000	0.000000	0.000000	0.000000	0.000000	0.000000	0.000000	0.000000	0.000000	-71.104365	0.000000	0.000000	0.000000
1764624092.119597673	0.000000	0.000000	-0.581183	0.000000	0.000000	0.000000	0.000000	0.000000	nan	0.000000	0.000000	0.000000	0.000000	0.000000	0.000000	0.000000	0.000000	0.000000	0.000000	0.000000	-71.104365	0.000000	0.000000	0.000000
1764624092.129922152	0.000000	0.000000	-0.317383	0.000000	0.000000	0.000000	0.000000	0.000000	nan	0.000000	0.000000	0.000000	0.000000	0.000000	0.000000	0.000000	0.000000	0.000000	0.000000	0.000000	-71.104365	0.000000	0.000000	0.000000
1764624092.147425175	0.000000	0.000000	-0.366365	0.000000	0.000000	0.000000	0.000000	0.000000	nan	0.000000	0.000000	0.000000	0.000000	0.000000	0.000000	0.000000	0.000000	0.000000	0.000000	0.000000	-71.104365	0.000000	0.000000	0.000000
1764624092.149118900	0.000000	0.000000	-0.435744	0.000000	0.000000	0.000000	0.000000	0.000000	nan	0.000000	0.000000	0.000000	0.000000	0.000000	0.000000	0.000000	0.000000	0.000000	0.000000	0.000000	-71.104365	0.000000	0.000000	0.000000
1764624092.161078691	0.000000	0.000000	-0.359300	0.000000	0.000000	0.000000	0.000000	0.000000	nan	0.000000	0.000000	0.000000	0.000000	0.000000	0.000000	0.000000	0.000000	0.000000	0.000000	0.000000	-71.104365	0.000000	0.000000	0.000000
1764624092.169707537	0.000000	0.000000	-0.370062	0.000000	0.000000	0.000000	0.000000	0.000000	nan	0.000000	0.000000	0.000000	0.000000	0.000000	0.000000	0.000000	0.000000	0.000000	0.000000	0.000000	-71.104365	0.000000	0.000000	0.000000
1764624092.179863691	0.000000	0.000000	-0.367498	0.000000	0.000000	0.000000	0.000000	0.000000	nan	0.000000	0.000000	0.000000	0.000000	0.000000	0.000000	0.000000	0.000000	0.000000	0.000000	0.000000	-71.104365	0.000000	0.000000	0.000000
1764624092.190000296	0.000000	0.000000	-0.243510	0.000000	0.000000	0.000000	0.000000	0.000000	nan	0.000000	0.000000	0.000000	0.000000	0.000000	0.000000	0.000000	0.000000	0.000000	0.000000	0.000000	-71.104365	0.000000	0.000000	0.000000
1764624092.200128794	0.000000	0.000000	-0.478918	0.000000	0.000000	0.000000	0.000000	0.000000	nan	0.000000	0.000000	0.000000	0.000000	0.000000	0.000000	0.000000	0.000000	0.000000	0.000000	0.000000	-71.104365	0.000000	0.000000	0.000000
1764624092.209072828	0.000000	0.000000	-0.273850	0.000000	0.000000	0.000000	0.000000	0.000000	nan	0.000000	0.000000	0.000000	0.000000	0.000000	0.000000	0.000000	0.000000	0.000000	0.000000	0.000000	-71.104365	0.000000	0.000000	0.000000
1764624092.233455658	0.000000	0.000000	-0.333479	0.000000	0.000000	0.000000	0.000000	0.000000	nan	0.000000	0.000000	0.000000	0.000000	0.000000	0.000000	0.000000	0.000000	0.000000	0.000000	0.000000	-71.104365	0.000000	0.000000	0.000000
1764624092.233465910	0.000000	0.000000	-0.343568	0.000000	0.000000	0.000000	0.000000	0.000000	nan	0.000000	0.000000	0.000000	0.000000	0.000000	0.000000	0.000000	0.000000	0.000000	0.000000	0.000000	-71.104365	0.000000	0.000000	0.000000
1764624092.239655018	0.000000	0.000000	-0.346531	0.000000	0.000000	0.000000	0.000000	0.000000	nan	0.000000	0.000000	0.000000	0.000000	0.000000	0.000000	0.000000	0.000000	0.000000	0.000000	0.000000	-71.104365	0.000000	0.000000	0.000000
1764624092.250427008	0.000000	0.000000	-0.388928	0.000000	0.000000	0.000000	0.000000	0.000000	nan	0.000000	0.000000	0.000000	0.000000	0.000000	0.000000	0.000000	0.000000	0.000000	0.000000	0.000000	-71.104365	0.000000	0.000000	0.000000
1764624092.260298491	0.000000	0.000000	-0.366394	0.000000	0.000000	0.000000	0.000000	0.000000	nan	0.000000	0.000000	0.000000	0.000000	0.000000	0.000000	0.000000	0.000000	0.000000	0.000000	0.000000	-71.104365	0.000000	0.000000	0.000000
1764624092.279866457	0.000000	0.000000	-0.129050	0.000000	0.000000	0.000000	0.000000	0.000000	nan	0.000000	0.000000	0.000000	0.000000	0.000000	0.000000	0.000000	0.000000	0.000000	0.000000	0.000000	88.716760	0.000000	0.000000	0.000000
1764624092.281833887	0.000000	0.000000	-0.471283	0.000000	0.000000	0.000000	0.000000	0.000000	nan	0.000000	0.000000	0.000000	0.000000	0.000000	0.000000	0.000000	0.000000	0.000000	0.000000	0.000000	88.716760	0.000000	0.000000	0.000000
1764624092.290026188	0.000000	0.000000	-0.135445	0.000000	0.000000	0.000000	0.000000	0.000000	nan	0.000000	0.000000	0.000000	0.000000	0.000000	0.000000	0.000000	0.000000	0.000000	0.000000	0.000000	88.716760	0.000000	0.000000	0.000000
1764624092.306914568	0.000000	0.000000	-0.241794	0.000000	0.000000	0.000000	0.000000	0.000000	nan	0.000000	0.000000	0.000000	0.000000	0.000000	0.000000	0.000000	0.000000	0.000000	0.000000	0.000000	0.000000	0.000000	0.000000	0.000000
1764624092.309270859	0.000000	0.000000	-0.317920	0.000000	0.000000	0.000000	0.000000	0.000000	nan	0.000000	0.000000	0.000000	0.000000	0.000000	0.000000	0.000000	0.000000	0.000000	0.000000	0.000000	0.000000	0.000000	0.000000	0.000000
1764624092.319667101	0.000000	0.000000	-0.277610	0.000000	0.000000	0.000000	0.000000	0.000000	nan	0.000000	0.000000	0.000000	0.000000	0.000000	0.000000	0.000000	0.000000	0.000000	0.000000	0.000000	0.000000	0.000000	0.000000	0.000000
1764624092.329690456	0.000000	0.000000	-0.363970	0.000000	0.000000	0.000000	0.000000	0.000000	nan	0.000000	0.000000	0.000000	0.000000	0.000000	0.000000	0.000000	0.000000	0.000000	0.000000	0.000000	0.000000	0.000000	0.000000	0.000000
1764624092.348557234	0.000000	0.000000	-0.190820	0.000000	0.000000	0.000000	0.000000	0.000000	nan	0.000000	0.000000	0.000000	0.000000	0.000000	0.000000	0.000000	0.000000	0.000000	0.000000	0.000000	0.000000	0.000000	0.000000	0.000000
1764624092.349948883	0.000000	0.000000	0.251353	0.000000	0.000000	0.000000	0.000000	0.000000	nan	0.000000	0.000000	0.000000	0.000000	0.000000	0.000000	0.000000	0.000000	0.000000	0.000000	0.000000	0.000000	0.000000	0.000000	0.000000
1764624092.359081030	0.000000	0.000000	-0.023509	0.000000	0.000000	0.000000	0.000000	0.000000	nan	0.000000	0.000000	0.000000	0.000000	0.000000	0.000000	0.000000	0.000000	0.000000	0.000000	0.000000	0.000000	0.000000	0.000000	0.000000
1764624092.369471073	0.000000	0.000000	0.217062	0.000000	0.000000	0.000000	0.000000	0.000000	nan	0.000000	0.000000	0.000000	0.000000	0.000000	0.000000	0.000000	0.000000	0.000000	0.000000	0.000000	0.000000	0.000000	0.000000	0.000000
1764624092.379865885	0.000000	0.000000	0.319801	0.000000	0.000000	0.000000	0.000000	0.000000	nan	0.000000	0.000000	0.000000	0.000000	0.000000	0.000000	0.000000	0.000000	0.000000	0.000000	0.000000	0.000000	0.000000	0.000000	0.000000
1764624092.389946938	0.000000	0.000000	0.293173	0.000000	0.000000	0.000000	0.000000	0.000000	nan	0.000000	0.000000	0.000000	0.000000	0.000000	0.000000	0.000000	0.000000	0.000000	0.000000	0.000000	0.000000	0.000000	0.000000	0.000000
1764624092.399167299	0.000000	0.000000	0.610033	0.000000	0.000000	0.000000	0.000000	0.000000	nan	0.000000	0.000000	0.000000	0.000000	0.000000	0.000000	0.000000	0.000000	0.000000	0.000000	0.000000	0.000000	0.000000	0.000000	0.000000
1764624092.408927441	0.000000	0.000000	0.385211	0.000000	0.000000	0.000000	0.000000	0.000000	nan	0.000000	0.000000	0.000000	0.000000	0.000000	0.000000	0.000000	0.000000	0.000000	0.000000	0.000000	0.000000	0.000000	0.000000	0.000000
1764624092.429265261	0.000000	0.000000	0.529224	0.000000	0.000000	0.000000	0.000000	0.000000	nan	0.000000	0.000000	0.000000	0.000000	0.000000	0.000000	0.000000	0.000000	0.000000	0.000000	0.000000	0.000000	0.000000	0.000000	0.000000
1764624092.429285765	0.000000	0.000000	0.607715	0.000000	0.000000	0.000000	0.000000	0.000000	nan	0.000000	0.000000	0.000000	0.000000	0.000000	0.000000	0.000000	0.000000	0.000000	0.000000	0.000000	0.000000	0.000000	0.000000	0.000000
1764624092.440520287	0.000000	0.000000	0.640059	0.000000	0.000000	0.000000	0.000000	0.000000	nan	0.000000	0.000000	0.000000	0.000000	0.000000	0.000000	0.000000	0.000000	0.000000	0.000000	0.000000	0.000000	0.000000	0.000000	0.000000
1764624092.449424744	0.000000	0.000000	0.492434	0.000000	0.000000	0.000000	0.000000	0.000000	nan	0.000000	0.000000	0.000000	0.000000	0.000000	0.000000	0.000000	0.000000	0.000000	0.000000	0.000000	0.000000	0.000000	0.000000	0.000000
1764624092.472258091	0.000000	0.000000	0.717549	0.000000	0.000000	0.000000	0.000000	0.000000	nan	0.000000	0.000000	0.000000	0.000000	0.000000	0.000000	0.000000	0.000000	0.000000	0.000000	0.000000	0.000000	0.000000	0.000000	0.000000
1764624092.472273588	0.000000	0.000000	0.462071	0.000000	0.000000	0.000000	0.000000	0.000000	nan	0.000000	0.000000	0.000000	0.000000	0.000000	0.000000	0.000000	0.000000	0.000000	0.000000	0.000000	0.000000	0.000000	0.000000	0.000000
1764624092.479617357	0.000000	0.000000	0.629810	0.000000	0.000000	0.000000	0.000000	0.000000	nan	0.000000	0.000000	0.000000	0.000000	0.000000	0.000000	0.000000	0.000000	0.000000	0.000000	0.000000	0.000000	0.000000	0.000000	0.000000
1764624092.489611626	0.000000	0.000000	0.459172	0.000000	0.000000	0.000000	0.000000	0.000000	nan	0.000000	0.000000	0.000000	0.000000	0.000000	0.000000	0.000000	0.000000	0.000000	0.000000	0.000000	0.000000	0.000000	0.000000	0.000000
1764624092.499000311	0.000000	0.000000	0.766435	0.000000	0.000000	0.000000	0.000000	0.000000	nan	0.000000	0.000000	0.000000	0.000000	0.000000	0.000000	0.000000	0.000000	0.000000	0.000000	0.000000	0.000000	0.000000	0.000000	0.000000
1764624092.518903255	0.000000	0.000000	0.425932	0.000000	0.000000	0.000000	0.000000	0.000000	nan	0.000000	0.000000	0.000000	0.000000	0.000000	0.000000	0.000000	0.000000	0.000000	0.000000	0.000000	0.000000	0.000000	0.000000	0.000000
1764624092.518935919	0.000000	0.000000	0.751760	0.000000	0.000000	0.000000	0.000000	0.000000	nan	0.000000	0.000000	0.000000	0.000000	0.000000	0.000000	0.000000	0.000000	0.000000	0.000000	0.000000	0.000000	0.000000	0.000000	0.000000
1764624092.529244184	0.000000	0.000000	0.429410	0.000000	0.000000	0.000000	0.000000	0.000000	nan	0.000000	0.000000	0.000000	0.000000	0.000000	0.000000	0.000000	0.000000	0.000000	0.000000	0.000000	88.716760	0.000000	0.000000	0.000000
1764624092.549222946	0.000000	0.000000	0.432324	0.000000	0.000000	0.000000	0.000000	0.000000	nan	0.000000	0.000000	0.000000	0.000000	0.000000	0.000000	0.000000	0.000000	0.000000	0.000000	0.000000	88.716760	0.000000	0.000000	0.000000
1764624092.556629181	0.000000	0.000000	0.514927	0.000000	0.000000	0.000000	0.000000	0.000000	nan	0.000000	0.000000	0.000000	0.000000	0.000000	0.000000	0.000000	0.000000	0.000000	0.000000	0.000000	88.716760	0.000000	0.000000	0.000000
1764624092.559125185	0.000000	0.000000	0.541688	0.000000	0.000000	0.000000	0.000000	0.000000	nan	0.000000	0.000000	0.000000	0.000000	0.000000	0.000000	0.000000	0.000000	0.000000	0.000000	0.000000	88.716760	0.000000	0.000000	0.000000
1764624092.569471836	0.000000	0.000000	0.383516	0.000000	0.000000	0.000000	0.000000	0.000000	nan	0.000000	0.000000	0.000000	0.000000	0.000000	0.000000	0.000000	0.000000	0.000000	0.000000	0.000000	88.716760	0.000000	0.000000	0.000000
1764624092.579675913	0.000000	0.000000	0.453205	0.000000	0.000000	0.000000	0.000000	0.000000	nan	0.000000	0.000000	0.000000	0.000000	0.000000	0.000000	0.000000	0.000000	0.000000	0.000000	0.000000	88.716760	0.000000	0.000000	0.000000
1764624092.599077225	0.000000	0.000000	0.387962	0.000000	0.000000	0.000000	0.000000	0.000000	nan	0.000000	0.000000	0.000000	0.000000	0.000000	0.000000	0.000000	0.000000	0.000000	0.000000	0.000000	88.716760	0.000000	0.000000	0.000000
1764624092.602428675	0.000000	0.000000	0.420849	0.000000	0.000000	0.000000	0.000000	0.000000	nan	0.000000	0.000000	0.000000	0.000000	0.000000	0.000000	0.000000	0.000000	0.000000	0.000000	0.000000	88.716760	0.000000	0.000000	0.000000
1764624092.608746052	0.000000	0.000000	0.393115	0.000000	0.000000	0.000000	0.000000	0.000000	nan	0.000000	0.000000	0.000000	0.000000	0.000000	0.000000	0.000000	0.000000	0.000000	0.000000	0.000000	88.716760	0.000000	0.000000	0.000000
1764624092.635034561	0.000000	0.000000	0.433651	0.000000	0.000000	0.000000	0.000000	0.000000	nan	0.000000	0.000000	0.000000	0.000000	0.000000	0.000000	0.000000	0.000000	0.000000	0.000000	0.000000	88.716760	0.000000	0.000000	0.000000
1764624092.635042667	0.000000	0.000000	0.449544	0.000000	0.000000	0.000000	0.000000	0.000000	nan	0.000000	0.000000	0.000000	0.000000	0.000000	0.000000	0.000000	0.000000	0.000000	0.000000	0.000000	88.716760	0.000000	0.000000	0.000000
1764624092.638781309	0.000000	0.000000	0.473269	0.000000	0.000000	0.000000	0.000000	0.000000	nan	0.000000	0.000000	0.000000	0.000000	0.000000	0.000000	0.000000	0.000000	0.000000	0.000000	0.000000	88.716760	0.000000	0.000000	0.000000
1764624092.649327040	0.000000	0.000000	0.479351	0.000000	0.000000	0.000000	0.000000	0.000000	nan	0.000000	0.000000	0.000000	0.000000	0.000000	0.000000	0.000000	0.000000	0.000000	0.000000	0.000000	88.716760	0.000000	0.000000	0.000000
1764624092.660120249	0.000000	0.000000	0.538642	0.000000	0.000000	0.000000	0.000000	0.000000	nan	0.000000	0.000000	0.000000	0.000000	0.000000	0.000000	0.000000	0.000000	0.000000	0.000000	0.000000	88.716760	0.000000	0.000000	0.000000
1764624092.674538136	0.000000	0.000000	0.623905	0.000000	0.000000	0.000000	0.000000	0.000000	nan	0.000000	0.000000	0.000000	0.000000	0.000000	0.000000	0.000000	0.000000	0.000000	0.000000	0.000000	88.716760	0.000000	0.000000	0.000000
1764624092.679988861	0.000000	0.000000	0.557385	0.000000	0.000000	0.000000	0.000000	0.000000	nan	0.000000	0.000000	0.000000	0.000000	0.000000	0.000000	0.000000	0.000000	0.000000	0.000000	0.000000	88.716760	0.000000	0.000000	0.000000
1764624092.688947678	0.000000	0.000000	0.668214	0.000000	0.000000	0.000000	0.000000	0.000000	nan	0.000000	0.000000	0.000000	0.000000	0.000000	0.000000	0.000000	0.000000	0.000000	0.000000	0.000000	88.716760	0.000000	0.000000	0.000000
1764624092.699197531	0.000000	0.000000	0.688324	0.000000	0.000000	0.000000	0.000000	0.000000	nan	0.000000	0.000000	0.000000	0.000000	0.000000	0.000000	0.000000	0.000000	0.000000	0.000000	0.000000	88.716760	0.000000	0.000000	0.000000
1764624092.708898067	0.000000	0.000000	0.727126	0.000000	0.000000	0.000000	0.000000	0.000000	nan	0.000000	0.000000	0.000000	0.000000	0.000000	0.000000	0.000000	0.000000	0.000000	0.000000	0.000000	88.716760	0.000000	0.000000	0.000000
1764624092.719155788	0.000000	0.000000	0.782099	0.000000	0.000000	0.000000	0.000000	0.000000	nan	0.000000	0.000000	0.000000	0.000000	0.000000	0.000000	0.000000	0.000000	0.000000	0.000000	0.000000	88.716760	0.000000	0.000000	0.000000
1764624092.729759693	0.000000	0.000000	0.825669	0.000000	0.000000	0.000000	0.000000	0.000000	nan	0.000000	0.000000	0.000000	0.000000	0.000000	0.000000	0.000000	0.000000	0.000000	0.000000	0.000000	88.716760	0.000000	0.000000	0.000000
1764624092.748938322	0.000000	0.000000	0.809418	0.000000	0.000000	0.000000	0.000000	0.000000	nan	0.000000	0.000000	0.000000	0.000000	0.000000	0.000000	0.000000	0.000000	0.000000	0.000000	0.000000	88.716760	0.000000	0.000000	0.000000
1764624092.750683784	0.000000	0.000000	0.916009	0.000000	0.000000	0.000000	0.000000	0.000000	nan	0.000000	0.000000	0.000000	0.000000	0.000000	0.000000	0.000000	0.000000	0.000000	0.000000	0.000000	88.716760	0.000000	0.000000	0.000000
1764624092.760183334	0.000000	0.000000	0.945630	0.000000	0.000000	0.000000	0.000000	0.000000	nan	0.000000	0.000000	0.000000	0.000000	0.000000	0.000000	0.000000	0.000000	0.000000	0.000000	0.000000	88.716760	0.000000	0.000000	0.000000
1764624092.769580364	0.000000	0.000000	0.852020	0.000000	0.000000	0.000000	0.000000	0.000000	nan	0.000000	0.000000	0.000000	0.000000	0.000000	0.000000	0.000000	0.000000	0.000000	0.000000	0.000000	88.716760	0.000000	0.000000	0.000000
1764624092.793781281	0.000000	0.000000	0.984821	0.000000	0.000000	0.000000	0.000000	0.000000	nan	0.000000	0.000000	0.000000	0.000000	0.000000	0.000000	0.000000	0.000000	0.000000	0.000000	0.000000	88.716760	0.000000	0.000000	0.000000
1764624092.793793917	0.000000	0.000000	0.841573	0.000000	0.000000	0.000000	0.000000	0.000000	nan	0.000000	0.000000	0.000000	0.000000	0.000000	0.000000	0.000000	0.000000	0.000000	0.000000	0.000000	88.716760	0.000000	0.000000	0.000000
1764624092.799150467	0.000000	0.000000	1.021364	0.000000	0.000000	0.000000	0.000000	0.000000	nan	0.000000	0.000000	0.000000	0.000000	0.000000	0.000000	0.000000	0.000000	0.000000	0.000000	0.000000	88.716760	0.000000	0.000000	0.000000
1764624092.809266329	0.000000	0.000000	0.962181	0.000000	0.000000	0.000000	0.000000	0.000000	nan	0.000000	0.000000	0.000000	0.000000	0.000000	0.000000	0.000000	0.000000	0.000000	0.000000	0.000000	88.716760	0.000000	0.000000	0.000000
1764624092.829757214	0.000000	0.000000	0.921232	0.000000	0.000000	0.000000	0.000000	0.000000	nan	0.000000	0.000000	0.000000	0.000000	0.000000	0.000000	0.000000	0.000000	0.000000	0.000000	0.000000	88.716760	0.000000	0.000000	0.000000
1764624092.831379414	0.000000	0.000000	0.963498	0.000000	0.000000	0.000000	0.000000	0.000000	nan	0.000000	0.000000	0.000000	0.000000	0.000000	0.000000	0.000000	0.000000	0.000000	0.000000	0.000000	88.716760	0.000000	0.000000	0.000000
1764624092.839688540	0.000000	0.000000	0.994909	0.000000	0.000000	0.000000	0.000000	0.000000	nan	0.000000	0.000000	0.000000	0.000000	0.000000	0.000000	0.000000	0.000000	0.000000	0.000000	0.000000	88.716760	0.000000	0.000000	0.000000
1764624092.849512577	0.000000	0.000000	1.150725	0.000000	0.000000	0.000000	0.000000	0.000000	nan	0.000000	0.000000	0.000000	0.000000	0.000000	0.000000	0.000000	0.000000	0.000000	0.000000	0.000000	88.716760	0.000000	0.000000	0.000000
1764624092.859904528	0.000000	0.000000	0.907431	0.000000	0.000000	0.000000	0.000000	0.000000	nan	0.000000	0.000000	0.000000	0.000000	0.000000	0.000000	0.000000	0.000000	0.000000	0.000000	0.000000	88.716760	0.000000	0.000000	0.000000
1764624092.880804539	0.000000	0.000000	1.257878	0.000000	0.000000	0.000000	0.000000	0.000000	nan	0.000000	0.000000	0.000000	0.000000	0.000000	0.000000	0.000000	0.000000	0.000000	0.000000	0.000000	88.716760	0.000000	0.000000	0.000000
1764624092.880821943	0.000000	0.000000	0.706854	0.000000	0.000000	0.000000	0.000000	0.000000	nan	0.000000	0.000000	0.000000	0.000000	0.000000	0.000000	0.000000	0.000000	0.000000	0.000000	0.000000	88.716760	0.000000	0.000000	0.000000
1764624092.890430927	0.000000	0.000000	0.980595	0.000000	0.000000	0.000000	0.000000	0.000000	nan	0.000000	0.000000	0.000000	0.000000	0.000000	0.000000	0.000000	0.000000	0.000000	0.000000	0.000000	88.716760	0.000000	0.000000	0.000000
1764624092.900158644	0.000000	0.000000	0.832468	0.000000	0.000000	0.000000	0.000000	0.000000	nan	0.000000	0.000000	0.000000	0.000000	0.000000	0.000000	0.000000	0.000000	0.000000	0.000000	0.000000	88.716760	0.000000	0.000000	0.000000
1764624092.909174442	0.000000	0.000000	0.674207	0.000000	0.000000	0.000000	0.000000	0.000000	nan	0.000000	0.000000	0.000000	0.000000	0.000000	0.000000	0.000000	0.000000	0.000000	0.000000	0.000000	88.716760	0.000000	0.000000	0.000000
1764624092.919077635	0.000000	0.000000	1.099675	0.000000	0.000000	0.000000	0.000000	0.000000	nan	0.000000	0.000000	0.000000	0.000000	0.000000	0.000000	0.000000	0.000000	0.000000	0.000000	0.000000	88.716760	0.000000	0.000000	0.000000
1764624092.930112362	0.000000	0.000000	0.571443	0.000000	0.000000	0.000000	0.000000	0.000000	nan	0.000000	0.000000	0.000000	0.000000	0.000000	0.000000	0.000000	0.000000	0.000000	0.000000	0.000000	88.716760	0.000000	0.000000	0.000000
1764624092.939189672	0.000000	0.000000	0.851407	0.000000	0.000000	0.000000	0.000000	0.000000	nan	0.000000	0.000000	0.000000	0.000000	0.000000	0.000000	0.000000	0.000000	0.000000	0.000000	0.000000	88.716760	0.000000	0.000000	0.000000
1764624092.951920271	0.000000	0.000000	0.827550	0.000000	0.000000	0.000000	0.000000	0.000000	nan	0.000000	0.000000	0.000000	0.000000	0.000000	0.000000	0.000000	0.000000	0.000000	0.000000	0.000000	88.716760	0.000000	0.000000	0.000000
1764624092.959914207	0.000000	0.000000	0.534738	0.000000	0.000000	0.000000	0.000000	0.000000	nan	0.000000	0.000000	0.000000	0.000000	0.000000	0.000000	0.000000	0.000000	0.000000	0.000000	0.000000	88.716760	0.000000	0.000000	0.000000
1764624092.969743490	0.000000	0.000000	0.759489	0.000000	0.000000	0.000000	0.000000	0.000000	nan	0.000000	0.000000	0.000000	0.000000	0.000000	0.000000	0.000000	0.000000	0.000000	0.000000	0.000000	88.716760	0.000000	0.000000	0.000000
1764624092.979679823	0.000000	0.000000	0.749437	0.000000	0.000000	0.000000	0.000000	0.000000	nan	0.000000	0.000000	0.000000	0.000000	0.000000	0.000000	0.000000	0.000000	0.000000	0.000000	0.000000	88.716760	0.000000	0.000000	0.000000
1764624092.999093771	0.000000	0.000000	0.436677	0.000000	0.000000	0.000000	0.000000	0.000000	nan	0.000000	0.000000	0.000000	0.000000	0.000000	0.000000	0.000000	0.000000	0.000000	0.000000	0.000000	88.716760	0.000000	0.000000	0.000000
1764624093.004753351	0.000000	0.000000	0.723475	0.000000	0.000000	0.000000	0.000000	0.000000	nan	0.000000	0.000000	0.000000	0.000000	0.000000	0.000000	0.000000	0.000000	0.000000	0.000000	0.000000	88.716760	0.000000	0.000000	0.000000
1764624093.009245634	0.000000	0.000000	0.764297	0.000000	0.000000	0.000000	0.000000	0.000000	nan	0.000000	0.000000	0.000000	0.000000	0.000000	0.000000	0.000000	0.000000	0.000000	0.000000	0.000000	88.716760	0.000000	0.000000	0.000000
1764624093.018891096	0.000000	0.000000	0.301395	0.000000	0.000000	0.000000	0.000000	0.000000	nan	0.000000	0.000000	0.000000	0.000000	0.000000	0.000000	0.000000	0.000000	0.000000	0.000000	0.000000	88.716760	0.000000	0.000000	0.000000
1764624093.036257505	0.000000	0.000000	0.708338	0.000000	0.000000	0.000000	0.000000	0.000000	nan	0.000000	0.000000	0.000000	0.000000	0.000000	0.000000	0.000000	0.000000	0.000000	0.000000	0.000000	88.716760	0.000000	0.000000	0.000000
1764624093.039011478	0.000000	0.000000	0.574899	0.000000	0.000000	0.000000	0.000000	0.000000	nan	0.000000	0.000000	0.000000	0.000000	0.000000	0.000000	0.000000	0.000000	0.000000	0.000000	0.000000	88.716760	0.000000	0.000000	0.000000
1764624093.049377441	0.000000	0.000000	0.344889	0.000000	0.000000	0.000000	0.000000	0.000000	nan	0.000000	0.000000	0.000000	0.000000	0.000000	0.000000	0.000000	0.000000	0.000000	0.000000	0.000000	88.716760	0.000000	0.000000	0.000000
1764624093.059645891	0.000000	0.000000	0.683686	0.000000	0.000000	0.000000	0.000000	0.000000	nan	0.000000	0.000000	0.000000	0.000000	0.000000	0.000000	0.000000	0.000000	0.000000	0.000000	0.000000	88.716760	0.000000	0.000000	0.000000
1764624093.069324493	0.000000	0.000000	0.488785	0.000000	0.000000	0.000000	0.000000	0.000000	nan	0.000000	0.000000	0.000000	0.000000	0.000000	0.000000	0.000000	0.000000	0.000000	0.000000	0.000000	88.716760	0.000000	0.000000	0.000000
1764624093.082458019	0.000000	0.000000	0.478185	0.000000	0.000000	0.000000	0.000000	0.000000	nan	0.000000	0.000000	0.000000	0.000000	0.000000	0.000000	0.000000	0.000000	0.000000	0.000000	0.000000	88.716760	0.000000	0.000000	0.000000
1764624093.089271069	0.000000	0.000000	0.542284	0.000000	0.000000	0.000000	0.000000	0.000000	nan	0.000000	0.000000	0.000000	0.000000	0.000000	0.000000	0.000000	0.000000	0.000000	0.000000	0.000000	88.716760	0.000000	0.000000	0.000000
1764624093.099349976	0.000000	0.000000	0.455858	0.000000	0.000000	0.000000	0.000000	0.000000	nan	0.000000	0.000000	0.000000	0.000000	0.000000	0.000000	0.000000	0.000000	0.000000	0.000000	0.000000	88.716760	0.000000	0.000000	0.000000
1764624093.108706236	0.000000	0.000000	0.358628	0.000000	0.000000	0.000000	0.000000	0.000000	nan	0.000000	0.000000	0.000000	0.000000	0.000000	0.000000	0.000000	0.000000	0.000000	0.000000	0.000000	88.716760	0.000000	0.000000	0.000000
1764624093.121488571	0.000000	0.000000	0.632924	0.000000	0.000000	0.000000	0.000000	0.000000	nan	0.000000	0.000000	0.000000	0.000000	0.000000	0.000000	0.000000	0.000000	0.000000	0.000000	0.000000	88.716760	0.000000	0.000000	0.000000
1764624093.129480362	0.000000	0.000000	0.147067	0.000000	0.000000	0.000000	0.000000	0.000000	nan	0.000000	0.000000	0.000000	0.000000	0.000000	0.000000	0.000000	0.000000	0.000000	0.000000	0.000000	88.716760	0.000000	0.000000	0.000000
1764624093.138797998	0.000000	0.000000	0.495379	0.000000	0.000000	0.000000	0.000000	0.000000	nan	0.000000	0.000000	0.000000	0.000000	0.000000	0.000000	0.000000	0.000000	0.000000	0.000000	0.000000	88.716760	0.000000	0.000000	0.000000
1764624093.156385183	0.000000	0.000000	0.340542	0.000000	0.000000	0.000000	0.000000	0.000000	nan	0.000000	0.000000	0.000000	0.000000	0.000000	0.000000	0.000000	0.000000	0.000000	0.000000	0.000000	88.716760	0.000000	0.000000	0.000000
1764624093.159122467	0.000000	0.000000	0.448964	0.000000	0.000000	0.000000	0.000000	0.000000	nan	0.000000	0.000000	0.000000	0.000000	0.000000	0.000000	0.000000	0.000000	0.000000	0.000000	0.000000	88.716760	0.000000	0.000000	0.000000
1764624093.169292927	0.000000	0.000000	0.436874	0.000000	0.000000	0.000000	0.000000	0.000000	nan	0.000000	0.000000	0.000000	0.000000	0.000000	0.000000	0.000000	0.000000	0.000000	0.000000	0.000000	88.716760	0.000000	0.000000	0.000000
1764624093.179409981	0.000000	0.000000	0.447352	0.000000	0.000000	0.000000	0.000000	0.000000	nan	0.000000	0.000000	0.000000	0.000000	0.000000	0.000000	0.000000	0.000000	0.000000	0.000000	0.000000	88.716760	0.000000	0.000000	0.000000
1764624093.189813375	0.000000	0.000000	0.458769	0.000000	0.000000	0.000000	0.000000	0.000000	nan	0.000000	0.000000	0.000000	0.000000	0.000000	0.000000	0.000000	0.000000	0.000000	0.000000	0.000000	88.716760	0.000000	0.000000	0.000000
1764624093.199619532	0.000000	0.000000	0.524576	0.000000	0.000000	0.000000	0.000000	0.000000	nan	0.000000	0.000000	0.000000	0.000000	0.000000	0.000000	0.000000	0.000000	0.000000	0.000000	0.000000	88.716760	0.000000	0.000000	0.000000
1764624093.208889008	0.000000	0.000000	0.253588	0.000000	0.000000	0.000000	0.000000	0.000000	nan	0.000000	0.000000	0.000000	0.000000	0.000000	0.000000	0.000000	0.000000	0.000000	0.000000	0.000000	88.716760	0.000000	0.000000	0.000000
1764624093.219382286	0.000000	0.000000	0.634306	0.000000	0.000000	0.000000	0.000000	0.000000	nan	0.000000	0.000000	0.000000	0.000000	0.000000	0.000000	0.000000	0.000000	0.000000	0.000000	0.000000	88.716760	0.000000	0.000000	0.000000
1764624093.238500357	0.000000	0.000000	0.415187	0.000000	0.000000	0.000000	0.000000	0.000000	nan	0.000000	0.000000	0.000000	0.000000	0.000000	0.000000	0.000000	0.000000	0.000000	0.000000	0.000000	88.716760	0.000000	0.000000	0.000000
1764624093.245775461	0.000000	0.000000	0.547934	0.000000	0.000000	0.000000	0.000000	0.000000	nan	0.000000	0.000000	0.000000	0.000000	0.000000	0.000000	0.000000	0.000000	0.000000	0.000000	0.000000	88.716760	0.000000	0.000000	0.000000
1764624093.249742985	0.000000	0.000000	0.465437	0.000000	0.000000	0.000000	0.000000	0.000000	nan	0.000000	0.000000	0.000000	0.000000	0.000000	0.000000	0.000000	0.000000	0.000000	0.000000	0.000000	88.716760	0.000000	0.000000	0.000000
1764624093.269429922	0.000000	0.000000	0.467657	0.000000	0.000000	0.000000	0.000000	0.000000	nan	0.000000	0.000000	0.000000	0.000000	0.000000	0.000000	0.000000	0.000000	0.000000	0.000000	0.000000	88.716760	0.000000	0.000000	0.000000
1764624093.276356459	0.000000	0.000000	0.678340	0.000000	0.000000	0.000000	0.000000	0.000000	nan	0.000000	0.000000	0.000000	0.000000	0.000000	0.000000	0.000000	0.000000	0.000000	0.000000	0.000000	88.716760	0.000000	0.000000	0.000000
1764624093.279237032	0.000000	0.000000	0.488090	0.000000	0.000000	0.000000	0.000000	0.000000	nan	0.000000	0.000000	0.000000	0.000000	0.000000	0.000000	0.000000	0.000000	0.000000	0.000000	0.000000	88.716760	0.000000	0.000000	0.000000
1764624093.289383650	0.000000	0.000000	0.605979	0.000000	0.000000	0.000000	0.000000	0.000000	nan	0.000000	0.000000	0.000000	0.000000	0.000000	0.000000	0.000000	0.000000	0.000000	0.000000	0.000000	88.716760	0.000000	0.000000	0.000000
1764624093.299223423	0.000000	0.000000	0.511259	0.000000	0.000000	0.000000	0.000000	0.000000	nan	0.000000	0.000000	0.000000	0.000000	0.000000	0.000000	0.000000	0.000000	0.000000	0.000000	0.000000	88.716760	0.000000	0.000000	0.000000
1764624093.309377432	0.000000	0.000000	0.693190	0.000000	0.000000	0.000000	0.000000	0.000000	nan	0.000000	0.000000	0.000000	0.000000	0.000000	0.000000	0.000000	0.000000	0.000000	0.000000	0.000000	88.716760	0.000000	0.000000	0.000000
1764624093.329262018	0.000000	0.000000	0.620471	0.000000	0.000000	0.000000	0.000000	0.000000	nan	0.000000	0.000000	0.000000	0.000000	0.000000	0.000000	0.000000	0.000000	0.000000	0.000000	0.000000	88.716760	0.000000	0.000000	0.000000
1764624093.329277277	0.000000	0.000000	0.637867	0.000000	0.000000	0.000000	0.000000	0.000000	nan	0.000000	0.000000	0.000000	0.000000	0.000000	0.000000	0.000000	0.000000	0.000000	0.000000	0.000000	88.716760	0.000000	0.000000	0.000000
1764624093.339375973	0.000000	0.000000	0.696883	0.000000	0.000000	0.000000	0.000000	0.000000	nan	0.000000	0.000000	0.000000	0.000000	0.000000	0.000000	0.000000	0.000000	0.000000	0.000000	0.000000	88.716760	0.000000	0.000000	0.000000
1764624093.364148140	0.000000	0.000000	0.535706	0.000000	0.000000	0.000000	0.000000	0.000000	nan	0.000000	0.000000	0.000000	0.000000	0.000000	0.000000	0.000000	0.000000	0.000000	0.000000	0.000000	88.716760	0.000000	0.000000	0.000000
1764624093.365399599	0.000000	0.000000	0.656534	0.000000	0.000000	0.000000	0.000000	0.000000	nan	0.000000	0.000000	0.000000	0.000000	0.000000	0.000000	0.000000	0.000000	0.000000	0.000000	0.000000	88.716760	0.000000	0.000000	0.000000
1764624093.368815660	0.000000	0.000000	0.673567	0.000000	0.000000	0.000000	0.000000	0.000000	nan	0.000000	0.000000	0.000000	0.000000	0.000000	0.000000	0.000000	0.000000	0.000000	0.000000	0.000000	88.716760	0.000000	0.000000	0.000000
1764624093.388192415	0.000000	0.000000	0.669452	0.000000	0.000000	0.000000	0.000000	0.000000	nan	0.000000	0.000000	0.000000	0.000000	0.000000	0.000000	0.000000	0.000000	0.000000	0.000000	0.000000	88.716760	0.000000	0.000000	0.000000
1764624093.388202429	0.000000	0.000000	0.667850	0.000000	0.000000	0.000000	0.000000	0.000000	nan	0.000000	0.000000	0.000000	0.000000	0.000000	0.000000	0.000000	0.000000	0.000000	0.000000	0.000000	88.716760	0.000000	0.000000	0.000000
1764624093.398885012	0.000000	0.000000	0.658790	0.000000	0.000000	0.000000	0.000000	0.000000	nan	0.000000	0.000000	0.000000	0.000000	0.000000	0.000000	0.000000	0.000000	0.000000	0.000000	0.000000	88.716760	0.000000	0.000000	0.000000
1764624093.408714533	0.000000	0.000000	0.604307	0.000000	0.000000	0.000000	0.000000	0.000000	nan	0.000000	0.000000	0.000000	0.000000	0.000000	0.000000	0.000000	0.000000	0.000000	0.000000	0.000000	88.716760	0.000000	0.000000	0.000000
1764624093.428653717	0.000000	0.000000	0.862021	0.000000	0.000000	0.000000	0.000000	0.000000	nan	0.000000	0.000000	0.000000	0.000000	0.000000	0.000000	0.000000	0.000000	0.000000	0.000000	0.000000	88.716760	0.000000	0.000000	0.000000
1764624093.430192232	0.000000	0.000000	0.511926	0.000000	0.000000	0.000000	0.000000	0.000000	nan	0.000000	0.000000	0.000000	0.000000	0.000000	0.000000	0.000000	0.000000	0.000000	0.000000	0.000000	88.716760	0.000000	0.000000	0.000000
1764624093.439066172	0.000000	0.000000	0.856143	0.000000	0.000000	0.000000	0.000000	0.000000	nan	0.000000	0.000000	0.000000	0.000000	0.000000	0.000000	0.000000	0.000000	0.000000	0.000000	0.000000	88.716760	0.000000	0.000000	0.000000
1764624093.449394464	0.000000	0.000000	0.698996	0.000000	0.000000	0.000000	0.000000	0.000000	nan	0.000000	0.000000	0.000000	0.000000	0.000000	0.000000	0.000000	0.000000	0.000000	0.000000	0.000000	88.716760	0.000000	0.000000	0.000000
1764624093.470077991	0.000000	0.000000	0.599668	0.000000	0.000000	0.000000	0.000000	0.000000	nan	0.000000	0.000000	0.000000	0.000000	0.000000	0.000000	0.000000	0.000000	0.000000	0.000000	0.000000	88.716760	0.000000	0.000000	0.000000
1764624093.470092297	0.000000	0.000000	0.761940	0.000000	0.000000	0.000000	0.000000	0.000000	nan	0.000000	0.000000	0.000000	0.000000	0.000000	0.000000	0.000000	0.000000	0.000000	0.000000	0.000000	88.716760	0.000000	0.000000	0.000000
1764624093.480481148	0.000000	0.000000	0.718768	0.000000	0.000000	0.000000	0.000000	0.000000	nan	0.000000	0.000000	0.000000	0.000000	0.000000	0.000000	0.000000	0.000000	0.000000	0.000000	0.000000	88.716760	0.000000	0.000000	0.000000
1764624093.489232779	0.000000	0.000000	0.661081	0.000000	0.000000	0.000000	0.000000	0.000000	nan	0.000000	0.000000	0.000000	0.000000	0.000000	0.000000	0.000000	0.000000	0.000000	0.000000	0.000000	88.716760	0.000000	0.000000	0.000000
1764624093.499394417	0.000000	0.000000	0.730859	0.000000	0.000000	0.000000	0.000000	0.000000	nan	0.000000	0.000000	0.000000	0.000000	0.000000	0.000000	0.000000	0.000000	0.000000	0.000000	0.000000	88.716760	0.000000	0.000000	0.000000
1764624093.508807898	0.000000	0.000000	0.810710	0.000000	0.000000	0.000000	0.000000	0.000000	nan	0.000000	0.000000	0.000000	0.000000	0.000000	0.000000	0.000000	0.000000	0.000000	0.000000	0.000000	88.716760	0.000000	0.000000	0.000000
1764624093.522589445	0.000000	0.000000	0.736908	0.000000	0.000000	0.000000	0.000000	0.000000	nan	0.000000	0.000000	0.000000	0.000000	0.000000	0.000000	0.000000	0.000000	0.000000	0.000000	0.000000	88.716760	0.000000	0.000000	0.000000
1764624093.529520273	0.000000	0.000000	0.815511	0.000000	0.000000	0.000000	0.000000	0.000000	nan	0.000000	0.000000	0.000000	0.000000	0.000000	0.000000	0.000000	0.000000	0.000000	0.000000	0.000000	88.716760	0.000000	0.000000	0.000000
1764624093.539626837	0.000000	0.000000	0.593490	0.000000	0.000000	0.000000	0.000000	0.000000	nan	0.000000	0.000000	0.000000	0.000000	0.000000	0.000000	0.000000	0.000000	0.000000	0.000000	0.000000	88.716760	0.000000	0.000000	0.000000
1764624093.556458235	0.000000	0.000000	0.744653	0.000000	0.000000	0.000000	0.000000	0.000000	nan	0.000000	0.000000	0.000000	0.000000	0.000000	0.000000	0.000000	0.000000	0.000000	0.000000	0.000000	88.716760	0.000000	0.000000	0.000000
1764624093.558429718	0.000000	0.000000	0.876144	0.000000	0.000000	0.000000	0.000000	0.000000	nan	0.000000	0.000000	0.000000	0.000000	0.000000	0.000000	0.000000	0.000000	0.000000	0.000000	0.000000	88.716760	0.000000	0.000000	0.000000
1764624093.569576025	0.000000	0.000000	0.634998	0.000000	0.000000	0.000000	0.000000	0.000000	nan	0.000000	0.000000	0.000000	0.000000	0.000000	0.000000	0.000000	0.000000	0.000000	0.000000	0.000000	88.716760	0.000000	0.000000	0.000000
1764624093.579581738	0.000000	0.000000	0.862451	0.000000	0.000000	0.000000	0.000000	0.000000	nan	0.000000	0.000000	0.000000	0.000000	0.000000	0.000000	0.000000	0.000000	0.000000	0.000000	0.000000	88.716760	0.000000	0.000000	0.000000
1764624093.596872568	0.000000	0.000000	0.611540	0.000000	0.000000	0.000000	0.000000	0.000000	nan	0.000000	0.000000	0.000000	0.000000	0.000000	0.000000	0.000000	0.000000	0.000000	0.000000	0.000000	88.716760	0.000000	0.000000	0.000000
1764624093.599832535	0.000000	0.000000	0.883072	0.000000	0.000000	0.000000	0.000000	0.000000	nan	0.000000	0.000000	0.000000	0.000000	0.000000	0.000000	0.000000	0.000000	0.000000	0.000000	0.000000	88.716760	0.000000	0.000000	0.000000
1764624093.608754396	0.000000	0.000000	0.827895	0.000000	0.000000	0.000000	0.000000	0.000000	nan	0.000000	0.000000	0.000000	0.000000	0.000000	0.000000	0.000000	0.000000	0.000000	0.000000	0.000000	88.716760	0.000000	0.000000	0.000000
1764624093.629346371	0.000000	0.000000	0.605320	0.000000	0.000000	0.000000	0.000000	0.000000	nan	0.000000	0.000000	0.000000	0.000000	0.000000	0.000000	0.000000	0.000000	0.000000	0.000000	0.000000	88.716760	0.000000	0.000000	0.000000
1764624093.636796236	0.000000	0.000000	0.811463	0.000000	0.000000	0.000000	0.000000	0.000000	nan	0.000000	0.000000	0.000000	0.000000	0.000000	0.000000	0.000000	0.000000	0.000000	0.000000	0.000000	88.716760	0.000000	0.000000	0.000000
1764624093.639024258	0.000000	0.000000	0.842317	0.000000	0.000000	0.000000	0.000000	0.000000	nan	0.000000	0.000000	0.000000	0.000000	0.000000	0.000000	0.000000	0.000000	0.000000	0.000000	0.000000	88.716760	0.000000	0.000000	0.000000
1764624093.649415016	0.000000	0.000000	0.669922	0.000000	0.000000	0.000000	0.000000	0.000000	nan	0.000000	0.000000	0.000000	0.000000	0.000000	0.000000	0.000000	0.000000	0.000000	0.000000	0.000000	88.716760	0.000000	0.000000	0.000000
1764624093.659353971	0.000000	0.000000	0.816172	0.000000	0.000000	0.000000	0.000000	0.000000	nan	0.000000	0.000000	0.000000	0.000000	0.000000	0.000000	0.000000	0.000000	0.000000	0.000000	0.000000	88.716760	0.000000	0.000000	0.000000
1764624093.681745052	0.000000	0.000000	0.798003	0.000000	0.000000	0.000000	0.000000	0.000000	nan	0.000000	0.000000	0.000000	0.000000	0.000000	0.000000	0.000000	0.000000	0.000000	0.000000	0.000000	88.716760	0.000000	0.000000	0.000000
1764624093.681766987	0.000000	0.000000	0.660556	0.000000	0.000000	0.000000	0.000000	0.000000	nan	0.000000	0.000000	0.000000	0.000000	0.000000	0.000000	0.000000	0.000000	0.000000	0.000000	0.000000	88.716760	0.000000	0.000000	0.000000
1764624093.688749790	0.000000	0.000000	0.783308	0.000000	0.000000	0.000000	0.000000	0.000000	nan	0.000000	0.000000	0.000000	0.000000	0.000000	0.000000	0.000000	0.000000	0.000000	0.000000	0.000000	88.716760	0.000000	0.000000	0.000000
1764624093.706041098	0.000000	0.000000	0.771217	0.000000	0.000000	0.000000	0.000000	0.000000	nan	0.000000	0.000000	0.000000	0.000000	0.000000	0.000000	0.000000	0.000000	0.000000	0.000000	0.000000	88.716760	0.000000	0.000000	0.000000
1764624093.709180355	0.000000	0.000000	0.574647	0.000000	0.000000	0.000000	0.000000	0.000000	nan	0.000000	0.000000	0.000000	0.000000	0.000000	0.000000	0.000000	0.000000	0.000000	0.000000	0.000000	88.716760	0.000000	0.000000	0.000000
1764624093.718905449	0.000000	0.000000	0.917973	0.000000	0.000000	0.000000	0.000000	0.000000	nan	0.000000	0.000000	0.000000	0.000000	0.000000	0.000000	0.000000	0.000000	0.000000	0.000000	0.000000	88.716760	0.000000	0.000000	0.000000
1764624093.729449272	0.000000	0.000000	0.645789	0.000000	0.000000	0.000000	0.000000	0.000000	nan	0.000000	0.000000	0.000000	0.000000	0.000000	0.000000	0.000000	0.000000	0.000000	0.000000	0.000000	88.716760	0.000000	0.000000	0.000000
1764624093.739071369	0.000000	0.000000	0.758898	0.000000	0.000000	0.000000	0.000000	0.000000	nan	0.000000	0.000000	0.000000	0.000000	0.000000	0.000000	0.000000	0.000000	0.000000	0.000000	0.000000	88.716760	0.000000	0.000000	0.000000
1764624093.749356508	0.000000	0.000000	0.763712	0.000000	0.000000	0.000000	0.000000	0.000000	nan	0.000000	0.000000	0.000000	0.000000	0.000000	0.000000	0.000000	0.000000	0.000000	0.000000	0.000000	88.716760	0.000000	0.000000	0.000000
1764624093.769990206	0.000000	0.000000	0.661434	0.000000	0.000000	0.000000	0.000000	0.000000	nan	0.000000	0.000000	0.000000	0.000000	0.000000	0.000000	0.000000	0.000000	0.000000	0.000000	0.000000	88.716760	0.000000	0.000000	0.000000
1764624093.771574736	0.000000	0.000000	0.698172	0.000000	0.000000	0.000000	0.000000	0.000000	nan	0.000000	0.000000	0.000000	0.000000	0.000000	0.000000	0.000000	0.000000	0.000000	0.000000	0.000000	88.716760	0.000000	0.000000	0.000000
1764624093.780048132	0.000000	0.000000	0.827985	0.000000	0.000000	0.000000	0.000000	0.000000	nan	0.000000	0.000000	0.000000	0.000000	0.000000	0.000000	0.000000	0.000000	0.000000	0.000000	0.000000	88.716760	0.000000	0.000000	0.000000
1764624093.789307594	0.000000	0.000000	0.615094	0.000000	0.000000	0.000000	0.000000	0.000000	nan	0.000000	0.000000	0.000000	0.000000	0.000000	0.000000	0.000000	0.000000	0.000000	0.000000	0.000000	88.716760	0.000000	0.000000	0.000000
1764624093.805238008	0.000000	0.000000	0.632682	0.000000	0.000000	0.000000	0.000000	0.000000	nan	0.000000	0.000000	0.000000	0.000000	0.000000	0.000000	0.000000	0.000000	0.000000	0.000000	0.000000	88.716760	0.000000	0.000000	0.000000
1764624093.809290648	0.000000	0.000000	0.777132	0.000000	0.000000	0.000000	0.000000	0.000000	nan	0.000000	0.000000	0.000000	0.000000	0.000000	0.000000	0.000000	0.000000	0.000000	0.000000	0.000000	88.716760	0.000000	0.000000	0.000000
1764624093.819187880	0.000000	0.000000	0.809369	0.000000	0.000000	0.000000	0.000000	0.000000	nan	0.000000	0.000000	0.000000	0.000000	0.000000	0.000000	0.000000	0.000000	0.000000	0.000000	0.000000	88.716760	0.000000	0.000000	0.000000
1764624093.836055994	0.000000	0.000000	0.563586	0.000000	0.000000	0.000000	0.000000	0.000000	nan	0.000000	0.000000	0.000000	0.000000	0.000000	0.000000	0.000000	0.000000	0.000000	0.000000	0.000000	88.716760	0.000000	0.000000	0.000000
1764624093.838883638	0.000000	0.000000	0.705246	0.000000	0.000000	0.000000	0.000000	0.000000	nan	0.000000	0.000000	0.000000	0.000000	0.000000	0.000000	0.000000	0.000000	0.000000	0.000000	0.000000	88.716760	0.000000	0.000000	0.000000
1764624093.848729134	0.000000	0.000000	0.710311	0.000000	0.000000	0.000000	0.000000	0.000000	nan	0.000000	0.000000	0.000000	0.000000	0.000000	0.000000	0.000000	0.000000	0.000000	0.000000	0.000000	88.716760	0.000000	0.000000	0.000000
1764624093.858866215	0.000000	0.000000	0.610270	0.000000	0.000000	0.000000	0.000000	0.000000	nan	0.000000	0.000000	0.000000	0.000000	0.000000	0.000000	0.000000	0.000000	0.000000	0.000000	0.000000	88.716760	0.000000	0.000000	0.000000
1764624093.872359991	0.000000	0.000000	0.749610	0.000000	0.000000	0.000000	0.000000	0.000000	nan	0.000000	0.000000	0.000000	0.000000	0.000000	0.000000	0.000000	0.000000	0.000000	0.000000	0.000000	88.716760	0.000000	0.000000	0.000000
1764624093.879349947	0.000000	0.000000	0.700745	0.000000	0.000000	0.000000	0.000000	0.000000	nan	0.000000	0.000000	0.000000	0.000000	0.000000	0.000000	0.000000	0.000000	0.000000	0.000000	0.000000	88.716760	0.000000	0.000000	0.000000
1764624093.889335155	0.000000	0.000000	0.648568	0.000000	0.000000	0.000000	0.000000	0.000000	nan	0.000000	0.000000	0.000000	0.000000	0.000000	0.000000	0.000000	0.000000	0.000000	0.000000	0.000000	88.716760	0.000000	0.000000	0.000000
1764624093.899787903	0.000000	0.000000	0.543435	0.000000	0.000000	0.000000	0.000000	0.000000	nan	0.000000	0.000000	0.000000	0.000000	0.000000	0.000000	0.000000	0.000000	0.000000	0.000000	0.000000	88.716760	0.000000	0.000000	0.000000
1764624093.908807993	0.000000	0.000000	0.667385	0.000000	0.000000	0.000000	0.000000	0.000000	nan	0.000000	0.000000	0.000000	0.000000	0.000000	0.000000	0.000000	0.000000	0.000000	0.000000	0.000000	88.716760	0.000000	0.000000	0.000000
1764624093.923780918	0.000000	0.000000	0.741874	0.000000	0.000000	0.000000	0.000000	0.000000	nan	0.000000	0.000000	0.000000	0.000000	0.000000	0.000000	0.000000	0.000000	0.000000	0.000000	0.000000	88.716760	0.000000	0.000000	0.000000
1764624093.929604769	0.000000	0.000000	0.581490	0.000000	0.000000	0.000000	0.000000	0.000000	nan	0.000000	0.000000	0.000000	0.000000	0.000000	0.000000	0.000000	0.000000	0.000000	0.000000	0.000000	88.716760	0.000000	0.000000	0.000000
1764624093.949461699	0.000000	0.000000	0.630904	0.000000	0.000000	0.000000	0.000000	0.000000	nan	0.000000	0.000000	0.000000	0.000000	0.000000	0.000000	0.000000	0.000000	0.000000	0.000000	0.000000	88.716760	0.000000	0.000000	0.000000
1764624093.951310396	0.000000	0.000000	0.658564	0.000000	0.000000	0.000000	0.000000	0.000000	nan	0.000000	0.000000	0.000000	0.000000	0.000000	0.000000	0.000000	0.000000	0.000000	0.000000	0.000000	88.716760	0.000000	0.000000	0.000000
1764624093.959795713	0.000000	0.000000	0.553765	0.000000	0.000000	0.000000	0.000000	0.000000	nan	0.000000	0.000000	0.000000	0.000000	0.000000	0.000000	0.000000	0.000000	0.000000	0.000000	0.000000	88.716760	0.000000	0.000000	0.000000
1764624093.969631910	0.000000	0.000000	0.680825	0.000000	0.000000	0.000000	0.000000	0.000000	nan	0.000000	0.000000	0.000000	0.000000	0.000000	0.000000	0.000000	0.000000	0.000000	0.000000	0.000000	88.716760	0.000000	0.000000	0.000000
1764624093.980098963	0.000000	0.000000	0.603839	0.000000	0.000000	0.000000	0.000000	0.000000	nan	0.000000	0.000000	0.000000	0.000000	0.000000	0.000000	0.000000	0.000000	0.000000	0.000000	0.000000	88.716760	0.000000	0.000000	0.000000
1764624093.989247084	0.000000	0.000000	0.631128	0.000000	0.000000	0.000000	0.000000	0.000000	nan	0.000000	0.000000	0.000000	0.000000	0.000000	0.000000	0.000000	0.000000	0.000000	0.000000	0.000000	88.716760	0.000000	0.000000	0.000000
1764624094.011044025	0.000000	0.000000	0.419806	0.000000	0.000000	0.000000	0.000000	0.000000	nan	0.000000	0.000000	0.000000	0.000000	0.000000	0.000000	0.000000	0.000000	0.000000	0.000000	0.000000	0.000000	0.000000	0.000000	0.000000
1764624094.011053324	0.000000	0.000000	0.556489	0.000000	0.000000	0.000000	0.000000	0.000000	nan	0.000000	0.000000	0.000000	0.000000	0.000000	0.000000	0.000000	0.000000	0.000000	0.000000	0.000000	0.000000	0.000000	0.000000	0.000000
1764624094.019351244	0.000000	0.000000	0.708696	0.000000	0.000000	0.000000	0.000000	0.000000	nan	0.000000	0.000000	0.000000	0.000000	0.000000	0.000000	0.000000	0.000000	0.000000	0.000000	0.000000	0.000000	0.000000	0.000000	0.000000
1764624094.039805412	0.000000	0.000000	0.548177	0.000000	0.000000	0.000000	0.000000	0.000000	nan	0.000000	0.000000	0.000000	0.000000	0.000000	0.000000	0.000000	0.000000	0.000000	0.000000	0.000000	0.000000	0.000000	0.000000	0.000000
1764624094.039820910	0.000000	0.000000	0.505337	0.000000	0.000000	0.000000	0.000000	0.000000	nan	0.000000	0.000000	0.000000	0.000000	0.000000	0.000000	0.000000	0.000000	0.000000	0.000000	0.000000	0.000000	0.000000	0.000000	0.000000
1764624094.049279928	0.000000	0.000000	0.569088	0.000000	0.000000	0.000000	0.000000	0.000000	nan	0.000000	0.000000	0.000000	0.000000	0.000000	0.000000	0.000000	0.000000	0.000000	0.000000	0.000000	0.000000	0.000000	0.000000	0.000000
1764624094.070946932	0.000000	0.000000	0.583666	0.000000	0.000000	0.000000	0.000000	0.000000	nan	0.000000	0.000000	0.000000	0.000000	0.000000	0.000000	0.000000	0.000000	0.000000	0.000000	0.000000	0.000000	0.000000	0.000000	0.000000
1764624094.070964336	0.000000	0.000000	0.403268	0.000000	0.000000	0.000000	0.000000	0.000000	nan	0.000000	0.000000	0.000000	0.000000	0.000000	0.000000	0.000000	0.000000	0.000000	0.000000	0.000000	0.000000	0.000000	0.000000	0.000000
1764624094.080045223	0.000000	0.000000	0.340407	0.000000	0.000000	0.000000	0.000000	0.000000	nan	0.000000	0.000000	0.000000	0.000000	0.000000	0.000000	0.000000	0.000000	0.000000	0.000000	0.000000	0.000000	0.000000	0.000000	0.000000
1764624094.089289665	0.000000	0.000000	0.189473	0.000000	0.000000	0.000000	0.000000	0.000000	nan	0.000000	0.000000	0.000000	0.000000	0.000000	0.000000	0.000000	0.000000	0.000000	0.000000	0.000000	0.000000	0.000000	0.000000	0.000000
1764624094.099259853	0.000000	0.000000	0.129570	0.000000	0.000000	0.000000	0.000000	0.000000	nan	0.000000	0.000000	0.000000	0.000000	0.000000	0.000000	0.000000	0.000000	0.000000	0.000000	0.000000	0.000000	0.000000	0.000000	0.000000
1764624094.108655214	0.000000	0.000000	0.035089	0.000000	0.000000	0.000000	0.000000	0.000000	nan	0.000000	0.000000	0.000000	0.000000	0.000000	0.000000	0.000000	0.000000	0.000000	0.000000	0.000000	0.000000	0.000000	0.000000	0.000000
1764624094.118680239	0.000000	0.000000	-0.035246	0.000000	0.000000	0.000000	0.000000	0.000000	nan	0.000000	0.000000	0.000000	0.000000	0.000000	0.000000	0.000000	0.000000	0.000000	0.000000	0.000000	0.000000	0.000000	0.000000	0.000000
1764624094.129401922	0.000000	0.000000	-0.032477	0.000000	0.000000	0.000000	0.000000	0.000000	nan	0.000000	0.000000	0.000000	0.000000	0.000000	0.000000	0.000000	0.000000	0.000000	0.000000	0.000000	0.000000	0.000000	0.000000	0.000000
1764624094.139587164	0.000000	0.000000	-0.142385	0.000000	0.000000	0.000000	0.000000	0.000000	nan	0.000000	0.000000	0.000000	0.000000	0.000000	0.000000	0.000000	0.000000	0.000000	0.000000	0.000000	0.000000	0.000000	0.000000	0.000000
1764624094.149544716	0.000000	0.000000	-0.113940	0.000000	0.000000	0.000000	0.000000	0.000000	nan	0.000000	0.000000	0.000000	0.000000	0.000000	0.000000	0.000000	0.000000	0.000000	0.000000	0.000000	0.000000	0.000000	0.000000	0.000000
1764624094.165936708	0.000000	0.000000	-0.107933	0.000000	0.000000	0.000000	0.000000	0.000000	nan	0.000000	0.000000	0.000000	0.000000	0.000000	0.000000	0.000000	0.000000	0.000000	0.000000	0.000000	0.000000	0.000000	0.000000	0.000000
1764624094.169361115	0.000000	0.000000	-0.222761	0.000000	0.000000	0.000000	0.000000	0.000000	nan	0.000000	0.000000	0.000000	0.000000	0.000000	0.000000	0.000000	0.000000	0.000000	0.000000	0.000000	0.000000	0.000000	0.000000	0.000000
1764624094.179829121	0.000000	0.000000	-0.201549	0.000000	0.000000	0.000000	0.000000	0.000000	nan	0.000000	0.000000	0.000000	0.000000	0.000000	0.000000	0.000000	0.000000	0.000000	0.000000	0.000000	0.000000	0.000000	0.000000	0.000000
1764624094.200868368	0.000000	0.000000	-0.314356	0.000000	0.000000	0.000000	0.000000	0.000000	nan	0.000000	0.000000	0.000000	0.000000	0.000000	0.000000	0.000000	0.000000	0.000000	0.000000	0.000000	0.000000	0.000000	0.000000	0.000000
1764624094.202111483	0.000000	0.000000	-0.219612	0.000000	0.000000	0.000000	0.000000	0.000000	nan	0.000000	0.000000	0.000000	0.000000	0.000000	0.000000	0.000000	0.000000	0.000000	0.000000	0.000000	0.000000	0.000000	0.000000	0.000000
1764624094.209341764	0.000000	0.000000	-0.380803	0.000000	0.000000	0.000000	0.000000	0.000000	nan	0.000000	0.000000	0.000000	0.000000	0.000000	0.000000	0.000000	0.000000	0.000000	0.000000	0.000000	0.000000	0.000000	0.000000	0.000000
1764624094.218854666	0.000000	0.000000	-0.386393	0.000000	0.000000	0.000000	0.000000	0.000000	nan	0.000000	0.000000	0.000000	0.000000	0.000000	0.000000	0.000000	0.000000	0.000000	0.000000	0.000000	0.000000	0.000000	0.000000	0.000000
1764624094.230074644	0.000000	0.000000	-0.312436	0.000000	0.000000	0.000000	0.000000	0.000000	nan	0.000000	0.000000	0.000000	0.000000	0.000000	0.000000	0.000000	0.000000	0.000000	0.000000	0.000000	0.000000	0.000000	0.000000	0.000000
1764624094.248430729	0.000000	0.000000	-0.364840	0.000000	0.000000	0.000000	0.000000	0.000000	nan	0.000000	0.000000	0.000000	0.000000	0.000000	0.000000	0.000000	0.000000	0.000000	0.000000	0.000000	0.000000	0.000000	0.000000	0.000000
1764624094.249577522	0.000000	0.000000	-0.348922	0.000000	0.000000	0.000000	0.000000	0.000000	nan	0.000000	0.000000	0.000000	0.000000	0.000000	0.000000	0.000000	0.000000	0.000000	0.000000	0.000000	0.000000	0.000000	0.000000	0.000000
1764624094.260128975	0.000000	0.000000	-0.386636	0.000000	0.000000	0.000000	0.000000	0.000000	nan	0.000000	0.000000	0.000000	0.000000	0.000000	0.000000	0.000000	0.000000	0.000000	0.000000	0.000000	0.000000	0.000000	0.000000	0.000000
1764624094.279128790	0.000000	0.000000	-0.401395	0.000000	0.000000	0.000000	0.000000	0.000000	nan	0.000000	0.000000	0.000000	0.000000	0.000000	0.000000	0.000000	0.000000	0.000000	0.000000	0.000000	0.000000	0.000000	0.000000	0.000000
1764624094.279133797	0.000000	0.000000	-0.341400	0.000000	0.000000	0.000000	0.000000	0.000000	nan	0.000000	0.000000	0.000000	0.000000	0.000000	0.000000	0.000000	0.000000	0.000000	0.000000	0.000000	0.000000	0.000000	0.000000	0.000000
1764624094.289468765	0.000000	0.000000	-0.397352	0.000000	0.000000	0.000000	0.000000	0.000000	nan	0.000000	0.000000	0.000000	0.000000	0.000000	0.000000	0.000000	0.000000	0.000000	0.000000	0.000000	0.000000	0.000000	0.000000	0.000000
1764624094.299338102	0.000000	0.000000	-0.411790	0.000000	0.000000	0.000000	0.000000	0.000000	nan	0.000000	0.000000	0.000000	0.000000	0.000000	0.000000	0.000000	0.000000	0.000000	0.000000	0.000000	0.000000	0.000000	0.000000	0.000000
1764624094.313482523	0.000000	0.000000	-0.402567	0.000000	0.000000	0.000000	0.000000	0.000000	nan	0.000000	0.000000	0.000000	0.000000	0.000000	0.000000	0.000000	0.000000	0.000000	0.000000	0.000000	0.000000	0.000000	0.000000	0.000000
1764624094.321457863	0.000000	0.000000	-0.385955	0.000000	0.000000	0.000000	0.000000	0.000000	nan	0.000000	0.000000	0.000000	0.000000	0.000000	0.000000	0.000000	0.000000	0.000000	0.000000	0.000000	0.000000	0.000000	0.000000	0.000000
1764624094.329086065	0.000000	0.000000	-0.429562	0.000000	0.000000	0.000000	0.000000	0.000000	nan	0.000000	0.000000	0.000000	0.000000	0.000000	0.000000	0.000000	0.000000	0.000000	0.000000	0.000000	0.000000	0.000000	0.000000	0.000000
1764624094.339018583	0.000000	0.000000	-0.314063	0.000000	0.000000	0.000000	0.000000	0.000000	nan	0.000000	0.000000	0.000000	0.000000	0.000000	0.000000	0.000000	0.000000	0.000000	0.000000	0.000000	0.000000	0.000000	0.000000	0.000000
1764624094.354592323	0.000000	0.000000	-0.381219	0.000000	0.000000	0.000000	0.000000	0.000000	nan	0.000000	0.000000	0.000000	0.000000	0.000000	0.000000	0.000000	0.000000	0.000000	0.000000	0.000000	0.000000	0.000000	0.000000	0.000000
1764624094.359172344	0.000000	0.000000	-0.367088	0.000000	0.000000	0.000000	0.000000	0.000000	nan	0.000000	0.000000	0.000000	0.000000	0.000000	0.000000	0.000000	0.000000	0.000000	0.000000	0.000000	0.000000	0.000000	0.000000	0.000000
1764624094.369422674	0.000000	0.000000	-0.352203	0.000000	0.000000	0.000000	0.000000	0.000000	nan	0.000000	0.000000	0.000000	0.000000	0.000000	0.000000	0.000000	0.000000	0.000000	0.000000	0.000000	0.000000	0.000000	0.000000	0.000000
1764624094.379982471	0.000000	0.000000	-0.317994	0.000000	0.000000	0.000000	0.000000	0.000000	nan	0.000000	0.000000	0.000000	0.000000	0.000000	0.000000	0.000000	0.000000	0.000000	0.000000	0.000000	0.000000	0.000000	0.000000	0.000000
1764624094.389333725	0.000000	0.000000	-0.296310	0.000000	0.000000	0.000000	0.000000	0.000000	nan	0.000000	0.000000	0.000000	0.000000	0.000000	0.000000	0.000000	0.000000	0.000000	0.000000	0.000000	0.000000	0.000000	0.000000	0.000000
1764624094.409841061	0.000000	0.000000	-0.266542	0.000000	0.000000	0.000000	0.000000	0.000000	nan	0.000000	0.000000	0.000000	0.000000	0.000000	0.000000	0.000000	0.000000	0.000000	0.000000	0.000000	0.000000	0.000000	0.000000	0.000000
1764624094.409849167	0.000000	0.000000	-0.274178	0.000000	0.000000	0.000000	0.000000	0.000000	nan	0.000000	0.000000	0.000000	0.000000	0.000000	0.000000	0.000000	0.000000	0.000000	0.000000	0.000000	0.000000	0.000000	0.000000	0.000000
1764624094.419033289	0.000000	0.000000	-0.255863	0.000000	0.000000	0.000000	0.000000	0.000000	nan	0.000000	0.000000	0.000000	0.000000	0.000000	0.000000	0.000000	0.000000	0.000000	0.000000	0.000000	0.000000	0.000000	0.000000	0.000000
1764624094.435453892	0.000000	0.000000	-0.255268	0.000000	0.000000	0.000000	0.000000	0.000000	nan	0.000000	0.000000	0.000000	0.000000	0.000000	0.000000	0.000000	0.000000	0.000000	0.000000	0.000000	0.000000	0.000000	0.000000	0.000000
1764624094.439267159	0.000000	0.000000	-0.231415	0.000000	0.000000	0.000000	0.000000	0.000000	nan	0.000000	0.000000	0.000000	0.000000	0.000000	0.000000	0.000000	0.000000	0.000000	0.000000	0.000000	0.000000	0.000000	0.000000	0.000000
1764624094.449605942	0.000000	0.000000	-0.219620	0.000000	0.000000	0.000000	0.000000	0.000000	nan	0.000000	0.000000	0.000000	0.000000	0.000000	0.000000	0.000000	0.000000	0.000000	0.000000	0.000000	0.000000	0.000000	0.000000	0.000000
1764624094.469984770	0.000000	0.000000	-0.221725	0.000000	0.000000	0.000000	0.000000	0.000000	nan	0.000000	0.000000	0.000000	0.000000	0.000000	0.000000	0.000000	0.000000	0.000000	0.000000	0.000000	0.000000	0.000000	0.000000	0.000000
1764624094.471809864	0.000000	0.000000	-0.214848	0.000000	0.000000	0.000000	0.000000	0.000000	nan	0.000000	0.000000	0.000000	0.000000	0.000000	0.000000	0.000000	0.000000	0.000000	0.000000	0.000000	0.000000	0.000000	0.000000	0.000000
1764624094.480064392	0.000000	0.000000	-0.199679	0.000000	0.000000	0.000000	0.000000	0.000000	nan	0.000000	0.000000	0.000000	0.000000	0.000000	0.000000	0.000000	0.000000	0.000000	0.000000	0.000000	0.000000	0.000000	0.000000	0.000000
1764624094.489849091	0.000000	0.000000	-0.200318	0.000000	0.000000	0.000000	0.000000	0.000000	nan	0.000000	0.000000	0.000000	0.000000	0.000000	0.000000	0.000000	0.000000	0.000000	0.000000	0.000000	0.000000	0.000000	0.000000	0.000000
1764624094.499789238	0.000000	0.000000	-0.177190	0.000000	0.000000	0.000000	0.000000	0.000000	nan	0.000000	0.000000	0.000000	0.000000	0.000000	0.000000	0.000000	0.000000	0.000000	0.000000	0.000000	0.000000	0.000000	0.000000	0.000000
1764624094.513321161	0.000000	0.000000	-0.185137	0.000000	0.000000	0.000000	0.000000	0.000000	nan	0.000000	0.000000	0.000000	0.000000	0.000000	0.000000	0.000000	0.000000	0.000000	0.000000	0.000000	0.000000	0.000000	0.000000	0.000000
1764624094.518855572	0.000000	0.000000	-0.183116	0.000000	0.000000	0.000000	0.000000	0.000000	nan	0.000000	0.000000	0.000000	0.000000	0.000000	0.000000	0.000000	0.000000	0.000000	0.000000	0.000000	0.000000	0.000000	0.000000	0.000000
1764624094.529441357	0.000000	0.000000	-0.176520	0.000000	0.000000	0.000000	0.000000	0.000000	nan	0.000000	0.000000	0.000000	0.000000	0.000000	0.000000	0.000000	0.000000	0.000000	0.000000	0.000000	0.000000	0.000000	0.000000	0.000000
1764624094.540048122	0.000000	0.000000	-0.177565	0.000000	0.000000	0.000000	0.000000	0.000000	nan	0.000000	0.000000	0.000000	0.000000	0.000000	0.000000	0.000000	0.000000	0.000000	0.000000	0.000000	0.000000	0.000000	0.000000	0.000000
1764624094.560051918	0.000000	0.000000	-0.188610	0.000000	0.000000	0.000000	0.000000	0.000000	nan	0.000000	0.000000	0.000000	0.000000	0.000000	0.000000	0.000000	0.000000	0.000000	0.000000	0.000000	0.000000	0.000000	0.000000	0.000000
1764624094.560062647	0.000000	0.000000	-0.176167	0.000000	0.000000	0.000000	0.000000	0.000000	nan	0.000000	0.000000	0.000000	0.000000	0.000000	0.000000	0.000000	0.000000	0.000000	0.000000	0.000000	0.000000	0.000000	0.000000	0.000000
1764624094.568953037	0.000000	0.000000	-0.171395	0.000000	0.000000	0.000000	0.000000	0.000000	nan	0.000000	0.000000	0.000000	0.000000	0.000000	0.000000	0.000000	0.000000	0.000000	0.000000	0.000000	0.000000	0.000000	0.000000	0.000000
1764624094.579616308	0.000000	0.000000	-0.171001	0.000000	0.000000	0.000000	0.000000	0.000000	nan	0.000000	0.000000	0.000000	0.000000	0.000000	0.000000	0.000000	0.000000	0.000000	0.000000	0.000000	0.000000	0.000000	0.000000	0.000000
1764624094.597444296	0.000000	0.000000	-0.161407	0.000000	0.000000	0.000000	0.000000	0.000000	nan	0.000000	0.000000	0.000000	0.000000	0.000000	0.000000	0.000000	0.000000	0.000000	0.000000	0.000000	0.000000	0.000000	0.000000	0.000000
1764624094.601119280	0.000000	0.000000	-0.160658	0.000000	0.000000	0.000000	0.000000	0.000000	nan	0.000000	0.000000	0.000000	0.000000	0.000000	0.000000	0.000000	0.000000	0.000000	0.000000	0.000000	0.000000	0.000000	0.000000	0.000000
1764624094.609651566	0.000000	0.000000	-0.174858	0.000000	0.000000	0.000000	0.000000	0.000000	nan	0.000000	0.000000	0.000000	0.000000	0.000000	0.000000	0.000000	0.000000	0.000000	0.000000	0.000000	0.000000	0.000000	0.000000	0.000000
1764624094.619432926	0.000000	0.000000	-0.173788	0.000000	0.000000	0.000000	0.000000	0.000000	nan	0.000000	0.000000	0.000000	0.000000	0.000000	0.000000	0.000000	0.000000	0.000000	0.000000	0.000000	0.000000	0.000000	0.000000	0.000000
1764624094.640047312	0.000000	0.000000	-0.156570	0.000000	0.000000	0.000000	0.000000	0.000000	nan	0.000000	0.000000	0.000000	0.000000	0.000000	0.000000	0.000000	0.000000	0.000000	0.000000	0.000000	0.000000	0.000000	0.000000	0.000000
1764624094.640061140	0.000000	0.000000	-0.170732	0.000000	0.000000	0.000000	0.000000	0.000000	nan	0.000000	0.000000	0.000000	0.000000	0.000000	0.000000	0.000000	0.000000	0.000000	0.000000	0.000000	0.000000	0.000000	0.000000	0.000000
1764624094.650213003	0.000000	0.000000	-0.167673	0.000000	0.000000	0.000000	0.000000	0.000000	nan	0.000000	0.000000	0.000000	0.000000	0.000000	0.000000	0.000000	0.000000	0.000000	0.000000	0.000000	0.000000	0.000000	0.000000	0.000000
1764624094.659436464	0.000000	0.000000	-0.166192	0.000000	0.000000	0.000000	0.000000	0.000000	nan	0.000000	0.000000	0.000000	0.000000	0.000000	0.000000	0.000000	0.000000	0.000000	0.000000	0.000000	0.000000	0.000000	0.000000	0.000000
1764624094.669498205	0.000000	0.000000	-0.174526	0.000000	0.000000	0.000000	0.000000	0.000000	nan	0.000000	0.000000	0.000000	0.000000	0.000000	0.000000	0.000000	0.000000	0.000000	0.000000	0.000000	0.000000	0.000000	0.000000	0.000000
1764624094.684653759	0.000000	0.000000	-0.172088	0.000000	0.000000	0.000000	0.000000	0.000000	nan	0.000000	0.000000	0.000000	0.000000	0.000000	0.000000	0.000000	0.000000	0.000000	0.000000	0.000000	0.000000	0.000000	0.000000	0.000000
1764624094.689411163	0.000000	0.000000	-0.166896	0.000000	0.000000	0.000000	0.000000	0.000000	nan	0.000000	0.000000	0.000000	0.000000	0.000000	0.000000	0.000000	0.000000	0.000000	0.000000	0.000000	0.000000	0.000000	0.000000	0.000000
1764624094.699311018	0.000000	0.000000	-0.175548	0.000000	0.000000	0.000000	0.000000	0.000000	nan	0.000000	0.000000	0.000000	0.000000	0.000000	0.000000	0.000000	0.000000	0.000000	0.000000	0.000000	0.000000	0.000000	0.000000	0.000000
1764624094.711646557	0.000000	0.000000	-0.164121	0.000000	0.000000	0.000000	0.000000	0.000000	nan	0.000000	0.000000	0.000000	0.000000	0.000000	0.000000	0.000000	0.000000	0.000000	0.000000	0.000000	0.000000	0.000000	0.000000	0.000000
1764624094.718704700	0.000000	0.000000	-0.163463	0.000000	0.000000	0.000000	0.000000	0.000000	nan	0.000000	0.000000	0.000000	0.000000	0.000000	0.000000	0.000000	0.000000	0.000000	0.000000	0.000000	0.000000	0.000000	0.000000	0.000000
1764624094.729293585	0.000000	0.000000	-0.174480	0.000000	0.000000	0.000000	0.000000	0.000000	0.188300	0.000000	0.000000	0.000000	0.000000	0.000000	0.000000	0.000000	0.000000	0.000000	0.000000	0.000000	0.000000	0.000000	0.000000	0.000000
1764624094.739497900	0.000000	0.000000	-0.164467	0.000000	0.000000	0.000000	0.000000	0.000000	0.188300	0.000000	0.000000	0.000000	0.000000	0.000000	0.000000	0.000000	0.000000	0.000000	0.000000	0.000000	0.000000	0.000000	0.000000	0.000000
1764624094.749341249	0.000000	0.000000	-0.167152	0.000000	0.000000	0.000000	0.000000	0.000000	0.188300	0.000000	0.000000	0.000000	0.000000	0.000000	0.000000	0.000000	0.000000	0.000000	0.000000	0.000000	0.000000	0.000000	0.000000	0.000000
1764624094.765203238	0.000000	0.000000	-0.161327	0.000000	0.000000	0.000000	0.000000	0.000000	0.188300	0.000000	0.000000	0.000000	0.000000	0.000000	0.000000	0.000000	0.000000	0.000000	0.000000	0.000000	0.000000	0.000000	0.000000	0.000000
1764624094.775365829	0.000000	0.000000	-0.177537	0.000000	0.000000	0.000000	0.000000	0.000000	0.188300	0.000000	0.000000	0.000000	0.000000	0.000000	0.000000	0.000000	0.000000	0.000000	0.000000	0.000000	0.000000	0.000000	0.000000	0.000000
1764624094.779319525	0.000000	0.000000	-0.174745	0.000000	0.000000	0.000000	0.000000	0.000000	0.188300	0.000000	0.000000	0.000000	0.000000	0.000000	0.000000	0.000000	0.000000	0.000000	0.000000	0.000000	0.000000	0.000000	0.000000	0.000000
1764624094.789426565	0.000000	0.000000	-0.164450	0.000000	0.000000	0.000000	0.000000	0.000000	0.188300	0.000000	0.000000	0.000000	0.000000	0.000000	0.000000	0.000000	0.000000	0.000000	0.000000	0.000000	0.000000	0.000000	0.000000	0.000000
1764624094.812331676	0.000000	0.000000	-0.155046	0.000000	0.000000	0.000000	0.000000	0.000000	0.188300	0.000000	0.000000	0.000000	0.000000	0.000000	0.000000	0.000000	0.000000	0.000000	0.000000	0.000000	0.000000	0.000000	0.000000	0.000000
1764624094.812343359	0.000000	0.000000	-0.154732	0.000000	0.000000	0.000000	0.000000	0.000000	0.188300	0.000000	0.000000	0.000000	0.000000	0.000000	0.000000	0.000000	0.000000	0.000000	0.000000	0.000000	0.000000	0.000000	0.000000	0.000000
1764624094.819046259	0.000000	0.000000	-0.161964	0.000000	0.000000	0.000000	0.000000	0.000000	0.188300	0.000000	0.000000	0.000000	0.000000	0.000000	0.000000	0.000000	0.000000	0.000000	0.000000	0.000000	0.000000	0.000000	0.000000	0.000000
1764624094.828905106	0.000000	0.000000	-0.140564	0.000000	0.000000	0.000000	0.000000	0.000000	0.188300	0.000000	0.000000	0.000000	0.000000	0.000000	0.000000	0.000000	0.000000	0.000000	0.000000	0.000000	0.000000	0.000000	0.000000	0.000000
1764624094.849905968	0.000000	0.000000	-0.165011	0.000000	0.000000	0.000000	0.000000	0.000000	0.188300	0.000000	0.000000	0.000000	0.000000	0.000000	0.000000	0.000000	0.000000	0.000000	0.000000	0.000000	0.000000	0.000000	0.000000	0.000000
1764624094.849918365	0.000000	0.000000	-0.149504	0.000000	0.000000	0.000000	0.000000	0.000000	0.188300	0.000000	0.000000	0.000000	0.000000	0.000000	0.000000	0.000000	0.000000	0.000000	0.000000	0.000000	0.000000	0.000000	0.000000	0.000000
1764624094.860003471	0.000000	0.000000	-0.150885	0.000000	0.000000	0.000000	0.000000	0.000000	0.188300	0.000000	0.000000	0.000000	0.000000	0.000000	0.000000	0.000000	0.000000	0.000000	0.000000	0.000000	0.000000	0.000000	0.000000	0.000000
1764624094.876082182	0.000000	0.000000	-0.154325	0.000000	0.000000	0.000000	0.000000	0.000000	0.188300	0.000000	0.000000	0.000000	0.000000	0.000000	0.000000	0.000000	0.000000	0.000000	0.000000	0.000000	0.000000	0.000000	0.000000	0.000000
1764624094.879139185	0.000000	0.000000	-0.152305	0.000000	0.000000	0.000000	0.000000	0.000000	0.188300	0.000000	0.000000	0.000000	0.000000	0.000000	0.000000	0.000000	0.000000	0.000000	0.000000	0.000000	0.000000	0.000000	0.000000	0.000000
1764624094.889882565	0.000000	0.000000	-0.159872	0.000000	0.000000	0.000000	0.000000	0.000000	0.188300	0.000000	0.000000	0.000000	0.000000	0.000000	0.000000	0.000000	0.000000	0.000000	0.000000	0.000000	0.000000	0.000000	0.000000	0.000000
1764624094.900151968	0.000000	0.000000	-0.152536	0.000000	0.000000	0.000000	0.000000	0.000000	0.188300	0.000000	0.000000	0.000000	0.000000	0.000000	0.000000	0.000000	0.000000	0.000000	0.000000	0.000000	0.000000	0.000000	0.000000	0.000000
1764624094.913634062	0.000000	0.000000	-0.154297	0.000000	0.000000	0.000000	0.000000	0.000000	0.188300	0.000000	0.000000	0.000000	0.000000	0.000000	0.000000	0.000000	0.000000	0.000000	0.000000	0.000000	0.000000	0.000000	0.000000	0.000000
1764624094.919035912	0.000000	0.000000	-0.150497	0.000000	0.000000	0.000000	0.000000	0.000000	0.188300	0.000000	0.000000	0.000000	0.000000	0.000000	0.000000	0.000000	0.000000	0.000000	0.000000	0.000000	0.000000	0.000000	0.000000	0.000000
1764624094.929654598	0.000000	0.000000	-0.145647	0.000000	0.000000	0.000000	0.000000	0.000000	0.188300	0.000000	0.000000	0.000000	0.000000	0.000000	0.000000	0.000000	0.000000	0.000000	0.000000	0.000000	0.000000	0.000000	0.000000	0.000000
1764624094.939088821	0.000000	0.000000	-0.138317	0.000000	0.000000	0.000000	0.000000	0.000000	0.188300	0.000000	0.000000	0.000000	0.000000	0.000000	0.000000	0.000000	0.000000	0.000000	0.000000	0.000000	0.000000	0.000000	0.000000	0.000000
1764624094.958925962	0.000000	0.000000	-0.147708	0.000000	0.000000	0.000000	0.000000	0.000000	0.188300	0.000000	0.000000	0.000000	0.000000	0.000000	0.000000	0.000000	0.000000	0.000000	0.000000	0.000000	0.000000	0.000000	0.000000	0.000000
1764624094.960108995	0.000000	0.000000	-0.150793	0.000000	0.000000	0.000000	0.000000	0.000000	0.188300	0.000000	0.000000	0.000000	0.000000	0.000000	0.000000	0.000000	0.000000	0.000000	0.000000	0.000000	0.000000	0.000000	0.000000	0.000000
1764624094.969807148	0.000000	0.000000	-0.143811	0.000000	0.000000	0.000000	0.000000	0.000000	0.135859	0.000000	0.000000	0.000000	0.000000	0.000000	0.000000	0.000000	0.000000	0.000000	0.000000	0.000000	0.000000	0.000000	0.000000	0.000000
1764624094.979393959	0.000000	0.000000	-0.135902	0.000000	0.000000	0.000000	0.000000	0.000000	0.135859	0.000000	0.000000	0.000000	0.000000	0.000000	0.000000	0.000000	0.000000	0.000000	0.000000	0.000000	0.000000	0.000000	0.000000	0.000000
1764624094.990206003	0.000000	0.000000	-0.143210	0.000000	0.000000	0.000000	0.000000	0.000000	0.135859	0.000000	0.000000	0.000000	0.000000	0.000000	0.000000	0.000000	0.000000	0.000000	0.000000	0.000000	0.000000	0.000000	0.000000	0.000000
1764624095.008586407	0.000000	0.000000	-0.132795	0.000000	0.000000	0.000000	0.000000	0.000000	0.135859	0.000000	0.000000	0.000000	0.000000	0.000000	0.000000	0.000000	0.000000	0.000000	0.000000	0.000000	0.000000	0.000000	0.000000	0.000000
1764624095.010138035	0.000000	0.000000	-0.134509	0.000000	0.000000	0.000000	0.000000	0.000000	0.135859	0.000000	0.000000	0.000000	0.000000	0.000000	0.000000	0.000000	0.000000	0.000000	0.000000	0.000000	0.000000	0.000000	0.000000	0.000000
1764624095.019118786	0.000000	0.000000	-0.127931	0.000000	0.000000	0.000000	0.000000	0.000000	0.135859	0.000000	0.000000	0.000000	0.000000	0.000000	0.000000	0.000000	0.000000	0.000000	0.000000	0.000000	0.000000	0.000000	0.000000	0.000000
1764624095.029680014	0.000000	0.000000	-0.143497	0.000000	0.000000	0.000000	0.000000	0.000000	0.135859	0.000000	0.000000	0.000000	0.000000	0.000000	0.000000	0.000000	0.000000	0.000000	0.000000	0.000000	0.000000	0.000000	0.000000	0.000000
1764624095.054758787	0.000000	0.000000	-0.135899	0.000000	0.000000	0.000000	0.000000	0.000000	0.135859	0.000000	0.000000	0.000000	0.000000	0.000000	0.000000	0.000000	0.000000	0.000000	0.000000	0.000000	0.000000	0.000000	0.000000	0.000000
1764624095.054771900	0.000000	0.000000	-0.127594	0.000000	0.000000	0.000000	0.000000	0.000000	0.135859	0.000000	0.000000	0.000000	0.000000	0.000000	0.000000	0.000000	0.000000	0.000000	0.000000	0.000000	0.000000	0.000000	0.000000	0.000000
1764624095.058687925	0.000000	0.000000	-0.123059	0.000000	0.000000	0.000000	0.000000	0.000000	0.135859	0.000000	0.000000	0.000000	0.000000	0.000000	0.000000	0.000000	0.000000	0.000000	0.000000	0.000000	0.000000	0.000000	0.000000	0.000000
1764624095.074607372	0.000000	0.000000	-0.129307	0.000000	0.000000	0.000000	0.000000	0.000000	0.135859	0.000000	0.000000	0.000000	0.000000	0.000000	0.000000	0.000000	0.000000	0.000000	0.000000	0.000000	0.000000	0.000000	0.000000	0.000000
1764624095.079032660	0.000000	0.000000	-0.126213	0.000000	0.000000	0.000000	0.000000	0.000000	0.135859	0.000000	0.000000	0.000000	0.000000	0.000000	0.000000	0.000000	0.000000	0.000000	0.000000	0.000000	0.000000	0.000000	0.000000	0.000000
1764624095.088771105	0.000000	0.000000	-0.136547	0.000000	0.000000	0.000000	0.000000	0.000000	0.135859	0.000000	0.000000	0.000000	0.000000	0.000000	0.000000	0.000000	0.000000	0.000000	0.000000	0.000000	0.000000	0.000000	0.000000	0.000000
1764624095.099621534	0.000000	0.000000	-0.115781	0.000000	0.000000	0.000000	0.000000	0.000000	0.135859	0.000000	0.000000	0.000000	0.000000	0.000000	0.000000	0.000000	0.000000	0.000000	0.000000	0.000000	0.000000	0.000000	0.000000	0.000000
1764624095.109502077	0.000000	0.000000	-0.116525	0.000000	0.000000	0.000000	0.000000	0.000000	0.135859	0.000000	0.000000	0.000000	0.000000	0.000000	0.000000	0.000000	0.000000	0.000000	0.000000	0.000000	0.000000	0.000000	0.000000	0.000000
1764624095.119778872	0.000000	0.000000	-0.122377	0.000000	0.000000	0.000000	0.000000	0.000000	0.135859	0.000000	0.000000	0.000000	0.000000	0.000000	0.000000	0.000000	0.000000	0.000000	0.000000	0.000000	0.000000	0.000000	0.000000	0.000000
1764624095.129284143	0.000000	0.000000	-0.132347	0.000000	0.000000	0.000000	0.000000	0.000000	0.135859	0.000000	0.000000	0.000000	0.000000	0.000000	0.000000	0.000000	0.000000	0.000000	0.000000	0.000000	0.000000	0.000000	0.000000	0.000000
