time	u_dot	v_dot	w_dot	p_dot	q_dot	r_dot	u	v	w	p	q	r	x	y	z	phi	theta	psi	X	Y	Z	K	M	N
1764624623.702171087	0.000000	0.000000	-0.048326	0.000000	0.000000	0.000000	0.000000	0.000000	0.030124	0.000000	0.000000	0.000000	0.000000	0.000000	0.000000	0.000000	0.000000	0.000000	0.000000	0.000000	0.000000	0.000000	0.000000	0.000000
1764624623.703685999	0.000000	0.000000	-0.054162	0.000000	0.000000	0.000000	0.000000	0.000000	0.030124	0.000000	0.000000	0.000000	0.000000	0.000000	0.000000	0.000000	0.000000	0.000000	0.000000	0.000000	0.000000	0.000000	0.000000	0.000000
1764624623.711768627	0.000000	0.000000	-0.065606	0.000000	0.000000	0.000000	0.000000	0.000000	0.030124	0.000000	0.000000	0.000000	0.000000	0.000000	0.000000	0.000000	0.000000	0.000000	0.000000	0.000000	0.000000	0.000000	0.000000	0.000000
1764624623.730248213	0.000000	0.000000	-0.051419	0.000000	0.000000	0.000000	0.000000	0.000000	0.030124	0.000000	0.000000	0.000000	0.000000	0.000000	0.000000	0.000000	0.000000	0.000000	0.000000	0.000000	0.000000	0.000000	0.000000	0.000000
1764624623.739842653	0.000000	0.000000	-0.063537	0.000000	0.000000	0.000000	0.000000	0.000000	0.030124	0.000000	0.000000	0.000000	0.000000	0.000000	0.000000	0.000000	0.000000	0.000000	0.000000	0.000000	0.000000	0.000000	0.000000	0.000000
1764624623.739854097	0.000000	0.000000	-0.060787	0.000000	0.000000	0.000000	0.000000	0.000000	0.030124	0.000000	0.000000	0.000000	0.000000	0.000000	0.000000	0.000000	0.000000	0.000000	0.000000	0.000000	0.000000	0.000000	0.000000	0.000000
1764624623.749478817	0.000000	0.000000	-0.052100	0.000000	0.000000	0.000000	0.000000	0.000000	0.030124	0.000000	0.000000	0.000000	0.000000	0.000000	0.000000	0.000000	0.000000	0.000000	0.000000	0.000000	0.000000	0.000000	0.000000	0.000000
1764624623.758760214	0.000000	0.000000	-0.061497	0.000000	0.000000	0.000000	0.000000	0.000000	0.030124	0.000000	0.000000	0.000000	0.000000	0.000000	0.000000	0.000000	0.000000	0.000000	0.000000	0.000000	0.000000	0.000000	0.000000	0.000000
1764624623.774568319	0.000000	0.000000	-0.062465	0.000000	0.000000	0.000000	0.000000	0.000000	0.030124	0.000000	0.000000	0.000000	0.000000	0.000000	0.000000	0.000000	0.000000	0.000000	0.000000	0.000000	0.000000	0.000000	0.000000	0.000000
1764624623.778953314	0.000000	0.000000	-0.059764	0.000000	0.000000	0.000000	0.000000	0.000000	0.030124	0.000000	0.000000	0.000000	0.000000	0.000000	0.000000	0.000000	0.000000	0.000000	0.000000	0.000000	0.000000	0.000000	0.000000	0.000000
1764624623.788329840	0.000000	0.000000	-0.051176	0.000000	0.000000	0.000000	0.000000	0.000000	0.030124	0.000000	0.000000	0.000000	0.000000	0.000000	0.000000	0.000000	0.000000	0.000000	0.000000	0.000000	0.000000	0.000000	0.000000	0.000000
1764624623.798320293	0.000000	0.000000	-0.048669	0.000000	0.000000	0.000000	0.000000	0.000000	0.030124	0.000000	0.000000	0.000000	0.000000	0.000000	0.000000	0.000000	0.000000	0.000000	0.000000	0.000000	0.000000	0.000000	0.000000	0.000000
1764624623.812740088	0.000000	0.000000	-0.048722	0.000000	0.000000	0.000000	0.000000	0.000000	0.030124	0.000000	0.000000	0.000000	0.000000	0.000000	0.000000	0.000000	0.000000	0.000000	0.000000	0.000000	0.000000	0.000000	0.000000	0.000000
1764624623.818341970	0.000000	0.000000	-0.057956	0.000000	0.000000	0.000000	0.000000	0.000000	0.030124	0.000000	0.000000	0.000000	0.000000	0.000000	0.000000	0.000000	0.000000	0.000000	0.000000	0.000000	0.000000	0.000000	0.000000	0.000000
1764624623.837666273	0.000000	0.000000	-0.055199	0.000000	0.000000	0.000000	0.000000	0.000000	0.030124	0.000000	0.000000	0.000000	0.000000	0.000000	0.000000	0.000000	0.000000	0.000000	0.000000	0.000000	0.000000	0.000000	0.000000	0.000000
1764624623.840001106	0.000000	0.000000	-0.055610	0.000000	0.000000	0.000000	0.000000	0.000000	0.030124	0.000000	0.000000	0.000000	0.000000	0.000000	0.000000	0.000000	0.000000	0.000000	0.000000	0.000000	0.000000	0.000000	0.000000	0.000000
1764624623.848560333	0.000000	0.000000	-0.045266	0.000000	0.000000	0.000000	0.000000	0.000000	0.030124	0.000000	0.000000	0.000000	0.000000	0.000000	0.000000	0.000000	0.000000	0.000000	0.000000	0.000000	0.000000	0.000000	0.000000	0.000000
1764624623.864243269	0.000000	0.000000	-0.054571	0.000000	0.000000	0.000000	0.000000	0.000000	0.030124	0.000000	0.000000	0.000000	0.000000	0.000000	0.000000	0.000000	0.000000	0.000000	0.000000	0.000000	0.000000	0.000000	0.000000	0.000000
1764624623.868239641	0.000000	0.000000	-0.052837	0.000000	0.000000	0.000000	0.000000	0.000000	0.030124	0.000000	0.000000	0.000000	0.000000	0.000000	0.000000	0.000000	0.000000	0.000000	0.000000	0.000000	0.000000	0.000000	0.000000	0.000000
1764624623.878270864	0.000000	0.000000	-0.062520	0.000000	0.000000	0.000000	0.000000	0.000000	0.030124	0.000000	0.000000	0.000000	0.000000	0.000000	0.000000	0.000000	0.000000	0.000000	0.000000	0.000000	0.000000	0.000000	0.000000	0.000000
1764624623.892824411	0.000000	0.000000	-0.045628	0.000000	0.000000	0.000000	0.000000	0.000000	0.030124	0.000000	0.000000	0.000000	0.000000	0.000000	0.000000	0.000000	0.000000	0.000000	0.000000	0.000000	0.000000	0.000000	0.000000	0.000000
1764624623.898740530	0.000000	0.000000	-0.045188	0.000000	0.000000	0.000000	0.000000	0.000000	0.030124	0.000000	0.000000	0.000000	0.000000	0.000000	0.000000	0.000000	0.000000	0.000000	0.000000	0.000000	0.000000	0.000000	0.000000	0.000000
1764624623.907694817	0.000000	0.000000	-0.045950	0.000000	0.000000	0.000000	0.000000	0.000000	0.030124	0.000000	0.000000	0.000000	0.000000	0.000000	0.000000	0.000000	0.000000	0.000000	0.000000	0.000000	0.000000	0.000000	0.000000	0.000000
1764624623.928478718	0.000000	0.000000	-0.053605	0.000000	0.000000	0.000000	0.000000	0.000000	0.030124	0.000000	0.000000	0.000000	0.000000	0.000000	0.000000	0.000000	0.000000	0.000000	0.000000	0.000000	0.000000	0.000000	0.000000	0.000000
1764624623.929713249	0.000000	0.000000	-0.039764	0.000000	0.000000	0.000000	0.000000	0.000000	0.030124	0.000000	0.000000	0.000000	0.000000	0.000000	0.000000	0.000000	0.000000	0.000000	0.000000	0.000000	0.000000	0.000000	0.000000	0.000000
1764624623.939765930	0.000000	0.000000	-0.048368	0.000000	0.000000	0.000000	0.000000	0.000000	0.030124	0.000000	0.000000	0.000000	0.000000	0.000000	0.000000	0.000000	0.000000	0.000000	0.000000	0.000000	0.000000	0.000000	0.000000	0.000000
1764624623.949955702	0.000000	0.000000	-0.053562	0.000000	0.000000	0.000000	0.000000	0.000000	0.030124	0.000000	0.000000	0.000000	0.000000	0.000000	0.000000	0.000000	0.000000	0.000000	0.000000	0.000000	0.000000	0.000000	0.000000	0.000000
1764624623.959097147	0.000000	0.000000	-0.051442	0.000000	0.000000	0.000000	0.000000	0.000000	0.030124	0.000000	0.000000	0.000000	0.000000	0.000000	0.000000	0.000000	0.000000	0.000000	0.000000	0.000000	0.000000	0.000000	0.000000	0.000000
1764624623.972704411	0.000000	0.000000	-0.056306	0.000000	0.000000	0.000000	0.000000	0.000000	0.015236	0.000000	0.000000	0.000000	0.000000	0.000000	0.000000	0.000000	0.000000	0.000000	0.000000	0.000000	17.593857	0.000000	0.000000	0.000000
1764624623.979182243	0.000000	0.000000	-0.035891	0.000000	0.000000	0.000000	0.000000	0.000000	0.015236	0.000000	0.000000	0.000000	0.000000	0.000000	0.000000	0.000000	0.000000	0.000000	0.000000	0.000000	17.593857	0.000000	0.000000	0.000000
1764624623.989211559	0.000000	0.000000	-0.055289	0.000000	0.000000	0.000000	0.000000	0.000000	0.015236	0.000000	0.000000	0.000000	0.000000	0.000000	0.000000	0.000000	0.000000	0.000000	0.000000	0.000000	17.593857	0.000000	0.000000	0.000000
1764624623.999247551	0.000000	0.000000	-0.044868	0.000000	0.000000	0.000000	0.000000	0.000000	0.015236	0.000000	0.000000	0.000000	0.000000	0.000000	0.000000	0.000000	0.000000	0.000000	0.000000	0.000000	17.593857	0.000000	0.000000	0.000000
1764624624.013463497	0.000000	0.000000	-0.043183	0.000000	0.000000	0.000000	0.000000	0.000000	0.015236	0.000000	0.000000	0.000000	0.000000	0.000000	0.000000	0.000000	0.000000	0.000000	0.000000	0.000000	17.593857	0.000000	0.000000	0.000000
1764624624.018980742	0.000000	0.000000	-0.041829	0.000000	0.000000	0.000000	0.000000	0.000000	0.015236	0.000000	0.000000	0.000000	0.000000	0.000000	0.000000	0.000000	0.000000	0.000000	0.000000	0.000000	17.593857	0.000000	0.000000	0.000000
1764624624.031639099	0.000000	0.000000	-0.040433	0.000000	0.000000	0.000000	0.000000	0.000000	0.015236	0.000000	0.000000	0.000000	0.000000	0.000000	0.000000	0.000000	0.000000	0.000000	0.000000	0.000000	17.593857	0.000000	0.000000	0.000000
1764624624.039201498	0.000000	0.000000	-0.042200	0.000000	0.000000	0.000000	0.000000	0.000000	0.015236	0.000000	0.000000	0.000000	0.000000	0.000000	0.000000	0.000000	0.000000	0.000000	0.000000	0.000000	17.593857	0.000000	0.000000	0.000000
1764624624.057554245	0.000000	0.000000	-0.053900	0.000000	0.000000	0.000000	0.000000	0.000000	0.015236	0.000000	0.000000	0.000000	0.000000	0.000000	0.000000	0.000000	0.000000	0.000000	0.000000	0.000000	17.593857	0.000000	0.000000	0.000000
1764624624.057561398	0.000000	0.000000	-0.049760	0.000000	0.000000	0.000000	0.000000	0.000000	0.015236	0.000000	0.000000	0.000000	0.000000	0.000000	0.000000	0.000000	0.000000	0.000000	0.000000	0.000000	17.593857	0.000000	0.000000	0.000000
1764624624.068542480	0.000000	0.000000	-0.036012	0.000000	0.000000	0.000000	0.000000	0.000000	0.015236	0.000000	0.000000	0.000000	0.000000	0.000000	0.000000	0.000000	0.000000	0.000000	0.000000	0.000000	17.593857	0.000000	0.000000	0.000000
1764624624.080687761	0.000000	0.000000	-0.064215	0.000000	0.000000	0.000000	0.000000	0.000000	0.015236	0.000000	0.000000	0.000000	0.000000	0.000000	0.000000	0.000000	0.000000	0.000000	0.000000	0.000000	17.593857	0.000000	0.000000	0.000000
1764624624.094284058	0.000000	0.000000	-0.049770	0.000000	0.000000	0.000000	0.000000	0.000000	0.015236	0.000000	0.000000	0.000000	0.000000	0.000000	0.000000	0.000000	0.000000	0.000000	0.000000	0.000000	17.593857	0.000000	0.000000	0.000000
1764624624.098832607	0.000000	0.000000	-0.025490	0.000000	0.000000	0.000000	0.000000	0.000000	0.015236	0.000000	0.000000	0.000000	0.000000	0.000000	0.000000	0.000000	0.000000	0.000000	0.000000	0.000000	17.593857	0.000000	0.000000	0.000000
1764624624.108937979	0.000000	0.000000	-0.029483	0.000000	0.000000	0.000000	0.000000	0.000000	0.015236	0.000000	0.000000	0.000000	0.000000	0.000000	0.000000	0.000000	0.000000	0.000000	0.000000	0.000000	17.593857	0.000000	0.000000	0.000000
1764624624.118914366	0.000000	0.000000	0.022131	0.000000	0.000000	0.000000	0.000000	0.000000	0.015236	0.000000	0.000000	0.000000	0.000000	0.000000	0.000000	0.000000	0.000000	0.000000	0.000000	0.000000	17.593857	0.000000	0.000000	0.000000
1764624624.134633780	0.000000	0.000000	0.005179	0.000000	0.000000	0.000000	0.000000	0.000000	0.015236	0.000000	0.000000	0.000000	0.000000	0.000000	0.000000	0.000000	0.000000	0.000000	0.000000	0.000000	17.593857	0.000000	0.000000	0.000000
1764624624.139898539	0.000000	0.000000	0.078414	0.000000	0.000000	0.000000	0.000000	0.000000	0.015236	0.000000	0.000000	0.000000	0.000000	0.000000	0.000000	0.000000	0.000000	0.000000	0.000000	0.000000	17.593857	0.000000	0.000000	0.000000
1764624624.148811817	0.000000	0.000000	0.114973	0.000000	0.000000	0.000000	0.000000	0.000000	0.015236	0.000000	0.000000	0.000000	0.000000	0.000000	0.000000	0.000000	0.000000	0.000000	0.000000	0.000000	17.593857	0.000000	0.000000	0.000000
1764624624.158555984	0.000000	0.000000	0.217509	0.000000	0.000000	0.000000	0.000000	0.000000	0.015236	0.000000	0.000000	0.000000	0.000000	0.000000	0.000000	0.000000	0.000000	0.000000	0.000000	0.000000	17.593857	0.000000	0.000000	0.000000
1764624624.170422316	0.000000	0.000000	0.314212	0.000000	0.000000	0.000000	0.000000	0.000000	0.015236	0.000000	0.000000	0.000000	0.000000	0.000000	0.000000	0.000000	0.000000	0.000000	0.000000	0.000000	17.593857	0.000000	0.000000	0.000000
1764624624.191809416	0.000000	0.000000	0.373630	0.000000	0.000000	0.000000	0.000000	0.000000	0.015236	0.000000	0.000000	0.000000	0.000000	0.000000	0.000000	0.000000	0.000000	0.000000	0.000000	0.000000	17.593857	0.000000	0.000000	0.000000
1764624624.193519115	0.000000	0.000000	0.421229	0.000000	0.000000	0.000000	0.000000	0.000000	0.015236	0.000000	0.000000	0.000000	0.000000	0.000000	0.000000	0.000000	0.000000	0.000000	0.000000	0.000000	17.593857	0.000000	0.000000	0.000000
1764624624.199298382	0.000000	0.000000	0.507230	0.000000	0.000000	0.000000	0.000000	0.000000	0.015236	0.000000	0.000000	0.000000	0.000000	0.000000	0.000000	0.000000	0.000000	0.000000	0.000000	0.000000	17.593857	0.000000	0.000000	0.000000
1764624624.220676661	0.000000	0.000000	0.641456	0.000000	0.000000	0.000000	0.000000	0.000000	0.074893	0.000000	0.000000	0.000000	0.000000	0.000000	0.000000	0.000000	0.000000	0.000000	0.000000	0.000000	17.593857	0.000000	0.000000	0.000000
1764624624.220698118	0.000000	0.000000	0.588382	0.000000	0.000000	0.000000	0.000000	0.000000	0.074893	0.000000	0.000000	0.000000	0.000000	0.000000	0.000000	0.000000	0.000000	0.000000	0.000000	0.000000	17.593857	0.000000	0.000000	0.000000
1764624624.229218006	0.000000	0.000000	0.603011	0.000000	0.000000	0.000000	0.000000	0.000000	0.074893	0.000000	0.000000	0.000000	0.000000	0.000000	0.000000	0.000000	0.000000	0.000000	0.000000	0.000000	17.593857	0.000000	0.000000	0.000000
1764624624.239425182	0.000000	0.000000	0.499593	0.000000	0.000000	0.000000	0.000000	0.000000	0.074893	0.000000	0.000000	0.000000	0.000000	0.000000	0.000000	0.000000	0.000000	0.000000	0.000000	0.000000	17.593857	0.000000	0.000000	0.000000
1764624624.259352922	0.000000	0.000000	0.460029	0.000000	0.000000	0.000000	0.000000	0.000000	0.074893	0.000000	0.000000	0.000000	0.000000	0.000000	0.000000	0.000000	0.000000	0.000000	0.000000	0.000000	17.593857	0.000000	0.000000	0.000000
1764624624.259360790	0.000000	0.000000	0.470014	0.000000	0.000000	0.000000	0.000000	0.000000	0.074893	0.000000	0.000000	0.000000	0.000000	0.000000	0.000000	0.000000	0.000000	0.000000	0.000000	0.000000	17.593857	0.000000	0.000000	0.000000
1764624624.268418789	0.000000	0.000000	0.385754	0.000000	0.000000	0.000000	0.000000	0.000000	0.074893	0.000000	0.000000	0.000000	0.000000	0.000000	0.000000	0.000000	0.000000	0.000000	0.000000	0.000000	17.593857	0.000000	0.000000	0.000000
1764624624.279841900	0.000000	0.000000	0.345877	0.000000	0.000000	0.000000	0.000000	0.000000	0.074893	0.000000	0.000000	0.000000	0.000000	0.000000	0.000000	0.000000	0.000000	0.000000	0.000000	0.000000	17.593857	0.000000	0.000000	0.000000
1764624624.299094915	0.000000	0.000000	0.338020	0.000000	0.000000	0.000000	0.000000	0.000000	0.074893	0.000000	0.000000	0.000000	0.000000	0.000000	0.000000	0.000000	0.000000	0.000000	0.000000	0.000000	17.593857	0.000000	0.000000	0.000000
1764624624.299103022	0.000000	0.000000	0.304916	0.000000	0.000000	0.000000	0.000000	0.000000	0.074893	0.000000	0.000000	0.000000	0.000000	0.000000	0.000000	0.000000	0.000000	0.000000	0.000000	0.000000	17.593857	0.000000	0.000000	0.000000
1764624624.308314800	0.000000	0.000000	0.218507	0.000000	0.000000	0.000000	0.000000	0.000000	0.074893	0.000000	0.000000	0.000000	0.000000	0.000000	0.000000	0.000000	0.000000	0.000000	0.000000	0.000000	17.593857	0.000000	0.000000	0.000000
1764624624.318143368	0.000000	0.000000	0.195523	0.000000	0.000000	0.000000	0.000000	0.000000	0.074893	0.000000	0.000000	0.000000	0.000000	0.000000	0.000000	0.000000	0.000000	0.000000	0.000000	0.000000	17.593857	0.000000	0.000000	0.000000
1764624624.329478741	0.000000	0.000000	0.222949	0.000000	0.000000	0.000000	0.000000	0.000000	0.074893	0.000000	0.000000	0.000000	0.000000	0.000000	0.000000	0.000000	0.000000	0.000000	0.000000	0.000000	17.593857	0.000000	0.000000	0.000000
1764624624.349786758	0.000000	0.000000	0.140934	0.000000	0.000000	0.000000	0.000000	0.000000	0.074893	0.000000	0.000000	0.000000	0.000000	0.000000	0.000000	0.000000	0.000000	0.000000	0.000000	0.000000	17.593857	0.000000	0.000000	0.000000
1764624624.351162672	0.000000	0.000000	0.168104	0.000000	0.000000	0.000000	0.000000	0.000000	0.074893	0.000000	0.000000	0.000000	0.000000	0.000000	0.000000	0.000000	0.000000	0.000000	0.000000	0.000000	17.593857	0.000000	0.000000	0.000000
1764624624.358586788	0.000000	0.000000	0.062228	0.000000	0.000000	0.000000	0.000000	0.000000	0.074893	0.000000	0.000000	0.000000	0.000000	0.000000	0.000000	0.000000	0.000000	0.000000	0.000000	0.000000	17.593857	0.000000	0.000000	0.000000
1764624624.376821041	0.000000	0.000000	0.135231	0.000000	0.000000	0.000000	0.000000	0.000000	0.074893	0.000000	0.000000	0.000000	0.000000	0.000000	0.000000	0.000000	0.000000	0.000000	0.000000	0.000000	17.593857	0.000000	0.000000	0.000000
1764624624.378607035	0.000000	0.000000	0.088690	0.000000	0.000000	0.000000	0.000000	0.000000	0.074893	0.000000	0.000000	0.000000	0.000000	0.000000	0.000000	0.000000	0.000000	0.000000	0.000000	0.000000	17.593857	0.000000	0.000000	0.000000
1764624624.391780376	0.000000	0.000000	0.046108	0.000000	0.000000	0.000000	0.000000	0.000000	0.074893	0.000000	0.000000	0.000000	0.000000	0.000000	0.000000	0.000000	0.000000	0.000000	0.000000	0.000000	17.593857	0.000000	0.000000	0.000000
1764624624.398205996	0.000000	0.000000	0.101815	0.000000	0.000000	0.000000	0.000000	0.000000	0.074893	0.000000	0.000000	0.000000	0.000000	0.000000	0.000000	0.000000	0.000000	0.000000	0.000000	0.000000	17.593857	0.000000	0.000000	0.000000
1764624624.419563532	0.000000	0.000000	0.043319	0.000000	0.000000	0.000000	0.000000	0.000000	0.074893	0.000000	0.000000	0.000000	0.000000	0.000000	0.000000	0.000000	0.000000	0.000000	0.000000	0.000000	17.593857	0.000000	0.000000	0.000000
1764624624.419587374	0.000000	0.000000	0.015054	0.000000	0.000000	0.000000	0.000000	0.000000	0.074893	0.000000	0.000000	0.000000	0.000000	0.000000	0.000000	0.000000	0.000000	0.000000	0.000000	0.000000	17.593857	0.000000	0.000000	0.000000
1764624624.429182291	0.000000	0.000000	0.136619	0.000000	0.000000	0.000000	0.000000	0.000000	0.074893	0.000000	0.000000	0.000000	0.000000	0.000000	0.000000	0.000000	0.000000	0.000000	0.000000	0.000000	17.593857	0.000000	0.000000	0.000000
1764624624.438369036	0.000000	0.000000	0.005711	0.000000	0.000000	0.000000	0.000000	0.000000	0.074893	0.000000	0.000000	0.000000	0.000000	0.000000	0.000000	0.000000	0.000000	0.000000	0.000000	0.000000	17.593857	0.000000	0.000000	0.000000
1764624624.455606461	0.000000	0.000000	0.037902	0.000000	0.000000	0.000000	0.000000	0.000000	0.074893	0.000000	0.000000	0.000000	0.000000	0.000000	0.000000	0.000000	0.000000	0.000000	0.000000	0.000000	17.593857	0.000000	0.000000	0.000000
1764624624.458528042	0.000000	0.000000	0.046792	0.000000	0.000000	0.000000	0.000000	0.000000	0.074893	0.000000	0.000000	0.000000	0.000000	0.000000	0.000000	0.000000	0.000000	0.000000	0.000000	0.000000	17.593857	0.000000	0.000000	0.000000
1764624624.468577862	0.000000	0.000000	0.029911	0.000000	0.000000	0.000000	0.000000	0.000000	0.089293	0.000000	0.000000	0.000000	0.000000	0.000000	0.000000	0.000000	0.000000	0.000000	0.000000	0.000000	17.593857	0.000000	0.000000	0.000000
1764624624.478353500	0.000000	0.000000	0.071145	0.000000	0.000000	0.000000	0.000000	0.000000	0.089293	0.000000	0.000000	0.000000	0.000000	0.000000	0.000000	0.000000	0.000000	0.000000	0.000000	0.000000	17.593857	0.000000	0.000000	0.000000
1764624624.501792192	0.000000	0.000000	0.109400	0.000000	0.000000	0.000000	0.000000	0.000000	0.089293	0.000000	0.000000	0.000000	0.000000	0.000000	0.000000	0.000000	0.000000	0.000000	0.000000	0.000000	17.593857	0.000000	0.000000	0.000000
1764624624.503859758	0.000000	0.000000	-0.007447	0.000000	0.000000	0.000000	0.000000	0.000000	0.089293	0.000000	0.000000	0.000000	0.000000	0.000000	0.000000	0.000000	0.000000	0.000000	0.000000	0.000000	17.593857	0.000000	0.000000	0.000000
1764624624.508823156	0.000000	0.000000	0.104216	0.000000	0.000000	0.000000	0.000000	0.000000	0.089293	0.000000	0.000000	0.000000	0.000000	0.000000	0.000000	0.000000	0.000000	0.000000	0.000000	0.000000	17.593857	0.000000	0.000000	0.000000
1764624624.519303322	0.000000	0.000000	-0.014992	0.000000	0.000000	0.000000	0.000000	0.000000	0.089293	0.000000	0.000000	0.000000	0.000000	0.000000	0.000000	0.000000	0.000000	0.000000	0.000000	0.000000	17.593857	0.000000	0.000000	0.000000
1764624624.528507471	0.000000	0.000000	0.091466	0.000000	0.000000	0.000000	0.000000	0.000000	0.089293	0.000000	0.000000	0.000000	0.000000	0.000000	0.000000	0.000000	0.000000	0.000000	0.000000	0.000000	17.593857	0.000000	0.000000	0.000000
1764624624.544747114	0.000000	0.000000	0.083453	0.000000	0.000000	0.000000	0.000000	0.000000	0.089293	0.000000	0.000000	0.000000	0.000000	0.000000	0.000000	0.000000	0.000000	0.000000	0.000000	0.000000	17.593857	0.000000	0.000000	0.000000
1764624624.548018694	0.000000	0.000000	0.059370	0.000000	0.000000	0.000000	0.000000	0.000000	0.089293	0.000000	0.000000	0.000000	0.000000	0.000000	0.000000	0.000000	0.000000	0.000000	0.000000	0.000000	17.593857	0.000000	0.000000	0.000000
1764624624.558066845	0.000000	0.000000	0.103541	0.000000	0.000000	0.000000	0.000000	0.000000	0.089293	0.000000	0.000000	0.000000	0.000000	0.000000	0.000000	0.000000	0.000000	0.000000	0.000000	0.000000	17.593857	0.000000	0.000000	0.000000
1764624624.568056583	0.000000	0.000000	0.035837	0.000000	0.000000	0.000000	0.000000	0.000000	0.089293	0.000000	0.000000	0.000000	0.000000	0.000000	0.000000	0.000000	0.000000	0.000000	0.000000	0.000000	17.593857	0.000000	0.000000	0.000000
1764624624.590285778	0.000000	0.000000	0.061483	0.000000	0.000000	0.000000	0.000000	0.000000	0.089293	0.000000	0.000000	0.000000	0.000000	0.000000	0.000000	0.000000	0.000000	0.000000	0.000000	0.000000	17.593857	0.000000	0.000000	0.000000
1764624624.590297222	0.000000	0.000000	0.052799	0.000000	0.000000	0.000000	0.000000	0.000000	0.089293	0.000000	0.000000	0.000000	0.000000	0.000000	0.000000	0.000000	0.000000	0.000000	0.000000	0.000000	17.593857	0.000000	0.000000	0.000000
1764624624.598052263	0.000000	0.000000	0.052187	0.000000	0.000000	0.000000	0.000000	0.000000	0.089293	0.000000	0.000000	0.000000	0.000000	0.000000	0.000000	0.000000	0.000000	0.000000	0.000000	0.000000	17.593857	0.000000	0.000000	0.000000
1764624624.615282059	0.000000	0.000000	0.084207	0.000000	0.000000	0.000000	0.000000	0.000000	0.089293	0.000000	0.000000	0.000000	0.000000	0.000000	0.000000	0.000000	0.000000	0.000000	0.000000	0.000000	17.593857	0.000000	0.000000	0.000000
1764624624.618058920	0.000000	0.000000	0.046664	0.000000	0.000000	0.000000	0.000000	0.000000	0.089293	0.000000	0.000000	0.000000	0.000000	0.000000	0.000000	0.000000	0.000000	0.000000	0.000000	0.000000	17.593857	0.000000	0.000000	0.000000
1764624624.628451586	0.000000	0.000000	0.085343	0.000000	0.000000	0.000000	0.000000	0.000000	0.089293	0.000000	0.000000	0.000000	0.000000	0.000000	0.000000	0.000000	0.000000	0.000000	0.000000	0.000000	17.593857	0.000000	0.000000	0.000000
1764624624.638281345	0.000000	0.000000	0.063161	0.000000	0.000000	0.000000	0.000000	0.000000	0.089293	0.000000	0.000000	0.000000	0.000000	0.000000	0.000000	0.000000	0.000000	0.000000	0.000000	0.000000	17.593857	0.000000	0.000000	0.000000
1764624624.648287296	0.000000	0.000000	0.096345	0.000000	0.000000	0.000000	0.000000	0.000000	0.089293	0.000000	0.000000	0.000000	0.000000	0.000000	0.000000	0.000000	0.000000	0.000000	0.000000	0.000000	17.593857	0.000000	0.000000	0.000000
1764624624.666745186	0.000000	0.000000	0.063852	0.000000	0.000000	0.000000	0.000000	0.000000	0.089293	0.000000	0.000000	0.000000	0.000000	0.000000	0.000000	0.000000	0.000000	0.000000	0.000000	0.000000	17.593857	0.000000	0.000000	0.000000
1764624624.668066740	0.000000	0.000000	0.104656	0.000000	0.000000	0.000000	0.000000	0.000000	0.089293	0.000000	0.000000	0.000000	0.000000	0.000000	0.000000	0.000000	0.000000	0.000000	0.000000	0.000000	17.593857	0.000000	0.000000	0.000000
1764624624.678009987	0.000000	0.000000	0.038559	0.000000	0.000000	0.000000	0.000000	0.000000	0.089293	0.000000	0.000000	0.000000	0.000000	0.000000	0.000000	0.000000	0.000000	0.000000	0.000000	0.000000	17.593857	0.000000	0.000000	0.000000
1764624624.688327312	0.000000	0.000000	0.132782	0.000000	0.000000	0.000000	0.000000	0.000000	0.089293	0.000000	0.000000	0.000000	0.000000	0.000000	0.000000	0.000000	0.000000	0.000000	0.000000	0.000000	17.593857	0.000000	0.000000	0.000000
1764624624.702449322	0.000000	0.000000	0.066284	0.000000	0.000000	0.000000	0.000000	0.000000	0.089293	0.000000	0.000000	0.000000	0.000000	0.000000	0.000000	0.000000	0.000000	0.000000	0.000000	0.000000	17.593857	0.000000	0.000000	0.000000
1764624624.708122015	0.000000	0.000000	0.059482	0.000000	0.000000	0.000000	0.000000	0.000000	0.089293	0.000000	0.000000	0.000000	0.000000	0.000000	0.000000	0.000000	0.000000	0.000000	0.000000	0.000000	17.593857	0.000000	0.000000	0.000000
1764624624.718208313	0.000000	0.000000	0.102019	0.000000	0.000000	0.000000	0.000000	0.000000	0.102530	0.000000	0.000000	0.000000	0.000000	0.000000	0.000000	0.000000	0.000000	0.000000	0.000000	0.000000	17.593857	0.000000	0.000000	0.000000
1764624624.740048647	0.000000	0.000000	0.112329	0.000000	0.000000	0.000000	0.000000	0.000000	0.102530	0.000000	0.000000	0.000000	0.000000	0.000000	0.000000	0.000000	0.000000	0.000000	0.000000	0.000000	17.593857	0.000000	0.000000	0.000000
1764624624.740061522	0.000000	0.000000	0.046955	0.000000	0.000000	0.000000	0.000000	0.000000	0.102530	0.000000	0.000000	0.000000	0.000000	0.000000	0.000000	0.000000	0.000000	0.000000	0.000000	0.000000	17.593857	0.000000	0.000000	0.000000
1764624624.748084784	0.000000	0.000000	0.115756	0.000000	0.000000	0.000000	0.000000	0.000000	0.102530	0.000000	0.000000	0.000000	0.000000	0.000000	0.000000	0.000000	0.000000	0.000000	0.000000	0.000000	17.593857	0.000000	0.000000	0.000000
1764624624.758146524	0.000000	0.000000	0.053566	0.000000	0.000000	0.000000	0.000000	0.000000	0.102530	0.000000	0.000000	0.000000	0.000000	0.000000	0.000000	0.000000	0.000000	0.000000	0.000000	0.000000	17.593857	0.000000	0.000000	0.000000
1764624624.768301964	0.000000	0.000000	0.090544	0.000000	0.000000	0.000000	0.000000	0.000000	0.102530	0.000000	0.000000	0.000000	0.000000	0.000000	0.000000	0.000000	0.000000	0.000000	0.000000	0.000000	17.593857	0.000000	0.000000	0.000000
1764624624.787881374	0.000000	0.000000	0.113384	0.000000	0.000000	0.000000	0.000000	0.000000	0.102530	0.000000	0.000000	0.000000	0.000000	0.000000	0.000000	0.000000	0.000000	0.000000	0.000000	0.000000	17.593857	0.000000	0.000000	0.000000
1764624624.787905455	0.000000	0.000000	0.105422	0.000000	0.000000	0.000000	0.000000	0.000000	0.102530	0.000000	0.000000	0.000000	0.000000	0.000000	0.000000	0.000000	0.000000	0.000000	0.000000	0.000000	17.593857	0.000000	0.000000	0.000000
1764624624.798359632	0.000000	0.000000	0.076930	0.000000	0.000000	0.000000	0.000000	0.000000	0.102530	0.000000	0.000000	0.000000	0.000000	0.000000	0.000000	0.000000	0.000000	0.000000	0.000000	0.000000	17.593857	0.000000	0.000000	0.000000
1764624624.808661461	0.000000	0.000000	0.114473	0.000000	0.000000	0.000000	0.000000	0.000000	0.102530	0.000000	0.000000	0.000000	0.000000	0.000000	0.000000	0.000000	0.000000	0.000000	0.000000	0.000000	17.593857	0.000000	0.000000	0.000000
1764624624.833029270	0.000000	0.000000	0.060806	0.000000	0.000000	0.000000	0.000000	0.000000	0.102530	0.000000	0.000000	0.000000	0.000000	0.000000	0.000000	0.000000	0.000000	0.000000	0.000000	0.000000	17.593857	0.000000	0.000000	0.000000
1764624624.833037138	0.000000	0.000000	0.121975	0.000000	0.000000	0.000000	0.000000	0.000000	0.102530	0.000000	0.000000	0.000000	0.000000	0.000000	0.000000	0.000000	0.000000	0.000000	0.000000	0.000000	17.593857	0.000000	0.000000	0.000000
1764624624.838569164	0.000000	0.000000	0.066090	0.000000	0.000000	0.000000	0.000000	0.000000	0.102530	0.000000	0.000000	0.000000	0.000000	0.000000	0.000000	0.000000	0.000000	0.000000	0.000000	0.000000	17.593857	0.000000	0.000000	0.000000
1764624624.848625183	0.000000	0.000000	0.104954	0.000000	0.000000	0.000000	0.000000	0.000000	0.102530	0.000000	0.000000	0.000000	0.000000	0.000000	0.000000	0.000000	0.000000	0.000000	0.000000	0.000000	17.593857	0.000000	0.000000	0.000000
1764624624.867585421	0.000000	0.000000	0.105726	0.000000	0.000000	0.000000	0.000000	0.000000	0.102530	0.000000	0.000000	0.000000	0.000000	0.000000	0.000000	0.000000	0.000000	0.000000	0.000000	0.000000	17.593857	0.000000	0.000000	0.000000
1764624624.867617607	0.000000	0.000000	0.083277	0.000000	0.000000	0.000000	0.000000	0.000000	0.102530	0.000000	0.000000	0.000000	0.000000	0.000000	0.000000	0.000000	0.000000	0.000000	0.000000	0.000000	17.593857	0.000000	0.000000	0.000000
1764624624.878721237	0.000000	0.000000	0.118179	0.000000	0.000000	0.000000	0.000000	0.000000	0.102530	0.000000	0.000000	0.000000	0.000000	0.000000	0.000000	0.000000	0.000000	0.000000	0.000000	0.000000	17.593857	0.000000	0.000000	0.000000
1764624624.896979809	0.000000	0.000000	0.098904	0.000000	0.000000	0.000000	0.000000	0.000000	0.102530	0.000000	0.000000	0.000000	0.000000	0.000000	0.000000	0.000000	0.000000	0.000000	0.000000	0.000000	17.593857	0.000000	0.000000	0.000000
1764624624.900046110	0.000000	0.000000	0.065973	0.000000	0.000000	0.000000	0.000000	0.000000	0.102530	0.000000	0.000000	0.000000	0.000000	0.000000	0.000000	0.000000	0.000000	0.000000	0.000000	0.000000	17.593857	0.000000	0.000000	0.000000
1764624624.909759045	0.000000	0.000000	0.140963	0.000000	0.000000	0.000000	0.000000	0.000000	0.102530	0.000000	0.000000	0.000000	0.000000	0.000000	0.000000	0.000000	0.000000	0.000000	0.000000	0.000000	17.593857	0.000000	0.000000	0.000000
1764624624.918906689	0.000000	0.000000	0.053310	0.000000	0.000000	0.000000	0.000000	0.000000	0.102530	0.000000	0.000000	0.000000	0.000000	0.000000	0.000000	0.000000	0.000000	0.000000	0.000000	0.000000	17.593857	0.000000	0.000000	0.000000
1764624624.941674232	0.000000	0.000000	0.100115	0.000000	0.000000	0.000000	0.000000	0.000000	0.102530	0.000000	0.000000	0.000000	0.000000	0.000000	0.000000	0.000000	0.000000	0.000000	0.000000	0.000000	17.593857	0.000000	0.000000	0.000000
1764624624.941689491	0.000000	0.000000	0.076939	0.000000	0.000000	0.000000	0.000000	0.000000	0.102530	0.000000	0.000000	0.000000	0.000000	0.000000	0.000000	0.000000	0.000000	0.000000	0.000000	0.000000	17.593857	0.000000	0.000000	0.000000
1764624624.948845625	0.000000	0.000000	0.089520	0.000000	0.000000	0.000000	0.000000	0.000000	0.102530	0.000000	0.000000	0.000000	0.000000	0.000000	0.000000	0.000000	0.000000	0.000000	0.000000	0.000000	17.593857	0.000000	0.000000	0.000000
1764624624.959897757	0.000000	0.000000	0.133814	0.000000	0.000000	0.000000	0.000000	0.000000	0.118660	0.000000	0.000000	0.000000	0.000000	0.000000	0.000000	0.000000	0.000000	0.000000	0.000000	0.000000	17.593857	0.000000	0.000000	0.000000
1764624624.971869469	0.000000	0.000000	0.109913	0.000000	0.000000	0.000000	0.000000	0.000000	0.118660	0.000000	0.000000	0.000000	0.000000	0.000000	0.000000	0.000000	0.000000	0.000000	0.000000	0.000000	17.593857	0.000000	0.000000	0.000000
1764624624.994682789	0.000000	0.000000	0.069758	0.000000	0.000000	0.000000	0.000000	0.000000	0.118660	0.000000	0.000000	0.000000	0.000000	0.000000	0.000000	0.000000	0.000000	0.000000	0.000000	0.000000	17.593857	0.000000	0.000000	0.000000
1764624624.996501923	0.000000	0.000000	0.136732	0.000000	0.000000	0.000000	0.000000	0.000000	0.118660	0.000000	0.000000	0.000000	0.000000	0.000000	0.000000	0.000000	0.000000	0.000000	0.000000	0.000000	17.593857	0.000000	0.000000	0.000000
1764624624.998605728	0.000000	0.000000	0.025926	0.000000	0.000000	0.000000	0.000000	0.000000	0.118660	0.000000	0.000000	0.000000	0.000000	0.000000	0.000000	0.000000	0.000000	0.000000	0.000000	0.000000	17.593857	0.000000	0.000000	0.000000
1764624625.022021294	0.000000	0.000000	0.152708	0.000000	0.000000	0.000000	0.000000	0.000000	0.118660	0.000000	0.000000	0.000000	0.000000	0.000000	0.000000	0.000000	0.000000	0.000000	0.000000	0.000000	0.000000	0.000000	0.000000	0.000000
1764624625.022035360	0.000000	0.000000	0.034164	0.000000	0.000000	0.000000	0.000000	0.000000	0.118660	0.000000	0.000000	0.000000	0.000000	0.000000	0.000000	0.000000	0.000000	0.000000	0.000000	0.000000	0.000000	0.000000	0.000000	0.000000
1764624625.028754950	0.000000	0.000000	0.142632	0.000000	0.000000	0.000000	0.000000	0.000000	0.118660	0.000000	0.000000	0.000000	0.000000	0.000000	0.000000	0.000000	0.000000	0.000000	0.000000	0.000000	0.000000	0.000000	0.000000	0.000000
1764624625.039283752	0.000000	0.000000	0.088059	0.000000	0.000000	0.000000	0.000000	0.000000	0.118660	0.000000	0.000000	0.000000	0.000000	0.000000	0.000000	0.000000	0.000000	0.000000	0.000000	0.000000	0.000000	0.000000	0.000000	0.000000
1764624625.062636614	0.000000	0.000000	0.054095	0.000000	0.000000	0.000000	0.000000	0.000000	0.118660	0.000000	0.000000	0.000000	0.000000	0.000000	0.000000	0.000000	0.000000	0.000000	0.000000	0.000000	0.000000	0.000000	0.000000	0.000000
1764624625.064161301	0.000000	0.000000	0.093298	0.000000	0.000000	0.000000	0.000000	0.000000	0.118660	0.000000	0.000000	0.000000	0.000000	0.000000	0.000000	0.000000	0.000000	0.000000	0.000000	0.000000	0.000000	0.000000	0.000000	0.000000
1764624625.068728924	0.000000	0.000000	0.124320	0.000000	0.000000	0.000000	0.000000	0.000000	0.118660	0.000000	0.000000	0.000000	0.000000	0.000000	0.000000	0.000000	0.000000	0.000000	0.000000	0.000000	0.000000	0.000000	0.000000	0.000000
1764624625.080293894	0.000000	0.000000	0.066546	0.000000	0.000000	0.000000	0.000000	0.000000	0.118660	0.000000	0.000000	0.000000	0.000000	0.000000	0.000000	0.000000	0.000000	0.000000	0.000000	0.000000	0.000000	0.000000	0.000000	0.000000
1764624625.088958025	0.000000	0.000000	0.081055	0.000000	0.000000	0.000000	0.000000	0.000000	0.118660	0.000000	0.000000	0.000000	0.000000	0.000000	0.000000	0.000000	0.000000	0.000000	0.000000	0.000000	0.000000	0.000000	0.000000	0.000000
1764624625.107936144	0.000000	0.000000	-0.051891	0.000000	0.000000	0.000000	0.000000	0.000000	0.118660	0.000000	0.000000	0.000000	0.000000	0.000000	0.000000	0.000000	0.000000	0.000000	0.000000	0.000000	0.000000	0.000000	0.000000	0.000000
1764624625.109802961	0.000000	0.000000	-0.043470	0.000000	0.000000	0.000000	0.000000	0.000000	0.118660	0.000000	0.000000	0.000000	0.000000	0.000000	0.000000	0.000000	0.000000	0.000000	0.000000	0.000000	0.000000	0.000000	0.000000	0.000000
1764624625.118659735	0.000000	0.000000	-0.186266	0.000000	0.000000	0.000000	0.000000	0.000000	0.118660	0.000000	0.000000	0.000000	0.000000	0.000000	0.000000	0.000000	0.000000	0.000000	0.000000	0.000000	0.000000	0.000000	0.000000	0.000000
1764624625.139833212	0.000000	0.000000	-0.135756	0.000000	0.000000	0.000000	0.000000	0.000000	0.118660	0.000000	0.000000	0.000000	0.000000	0.000000	0.000000	0.000000	0.000000	0.000000	0.000000	0.000000	0.000000	0.000000	0.000000	0.000000
1764624625.139853477	0.000000	0.000000	-0.236586	0.000000	0.000000	0.000000	0.000000	0.000000	0.118660	0.000000	0.000000	0.000000	0.000000	0.000000	0.000000	0.000000	0.000000	0.000000	0.000000	0.000000	0.000000	0.000000	0.000000	0.000000
1764624625.148844481	0.000000	0.000000	-0.220046	0.000000	0.000000	0.000000	0.000000	0.000000	0.118660	0.000000	0.000000	0.000000	0.000000	0.000000	0.000000	0.000000	0.000000	0.000000	0.000000	0.000000	0.000000	0.000000	0.000000	0.000000
1764624625.158664703	0.000000	0.000000	-0.291855	0.000000	0.000000	0.000000	0.000000	0.000000	0.118660	0.000000	0.000000	0.000000	0.000000	0.000000	0.000000	0.000000	0.000000	0.000000	0.000000	0.000000	0.000000	0.000000	0.000000	0.000000
1764624625.169352770	0.000000	0.000000	-0.222445	0.000000	0.000000	0.000000	0.000000	0.000000	0.118660	0.000000	0.000000	0.000000	0.000000	0.000000	0.000000	0.000000	0.000000	0.000000	0.000000	0.000000	0.000000	0.000000	0.000000	0.000000
1764624625.188826323	0.000000	0.000000	-0.300546	0.000000	0.000000	0.000000	0.000000	0.000000	0.118660	0.000000	0.000000	0.000000	0.000000	0.000000	0.000000	0.000000	0.000000	0.000000	0.000000	0.000000	0.000000	0.000000	0.000000	0.000000
1764624625.190373421	0.000000	0.000000	-0.259982	0.000000	0.000000	0.000000	0.000000	0.000000	0.118660	0.000000	0.000000	0.000000	0.000000	0.000000	0.000000	0.000000	0.000000	0.000000	0.000000	0.000000	0.000000	0.000000	0.000000	0.000000
1764624625.198420286	0.000000	0.000000	-0.216270	0.000000	0.000000	0.000000	0.000000	0.000000	0.118660	0.000000	0.000000	0.000000	0.000000	0.000000	0.000000	0.000000	0.000000	0.000000	0.000000	0.000000	0.000000	0.000000	0.000000	0.000000
1764624625.209497452	0.000000	0.000000	-0.259726	0.000000	0.000000	0.000000	0.000000	0.000000	0.118660	0.000000	0.000000	0.000000	0.000000	0.000000	0.000000	0.000000	0.000000	0.000000	0.000000	0.000000	0.000000	0.000000	0.000000	0.000000
1764624625.218352795	0.000000	0.000000	-0.234811	0.000000	0.000000	0.000000	0.000000	0.000000	0.077540	0.000000	0.000000	0.000000	0.000000	0.000000	0.000000	0.000000	0.000000	0.000000	0.000000	0.000000	0.000000	0.000000	0.000000	0.000000
1764624625.228511810	0.000000	0.000000	-0.206129	0.000000	0.000000	0.000000	0.000000	0.000000	0.077540	0.000000	0.000000	0.000000	0.000000	0.000000	0.000000	0.000000	0.000000	0.000000	0.000000	0.000000	0.000000	0.000000	0.000000	0.000000
1764624625.238861561	0.000000	0.000000	-0.204086	0.000000	0.000000	0.000000	0.000000	0.000000	0.077540	0.000000	0.000000	0.000000	0.000000	0.000000	0.000000	0.000000	0.000000	0.000000	0.000000	0.000000	0.000000	0.000000	0.000000	0.000000
1764624625.248952627	0.000000	0.000000	-0.163344	0.000000	0.000000	0.000000	0.000000	0.000000	0.077540	0.000000	0.000000	0.000000	0.000000	0.000000	0.000000	0.000000	0.000000	0.000000	0.000000	0.000000	0.000000	0.000000	0.000000	0.000000
1764624625.268051863	0.000000	0.000000	-0.184431	0.000000	0.000000	0.000000	0.000000	0.000000	0.077540	0.000000	0.000000	0.000000	0.000000	0.000000	0.000000	0.000000	0.000000	0.000000	0.000000	0.000000	0.000000	0.000000	0.000000	0.000000
1764624625.269764900	0.000000	0.000000	-0.152976	0.000000	0.000000	0.000000	0.000000	0.000000	0.077540	0.000000	0.000000	0.000000	0.000000	0.000000	0.000000	0.000000	0.000000	0.000000	0.000000	0.000000	0.000000	0.000000	0.000000	0.000000
1764624625.278859615	0.000000	0.000000	-0.169656	0.000000	0.000000	0.000000	0.000000	0.000000	0.077540	0.000000	0.000000	0.000000	0.000000	0.000000	0.000000	0.000000	0.000000	0.000000	0.000000	0.000000	0.000000	0.000000	0.000000	0.000000
1764624625.296583652	0.000000	0.000000	-0.132000	0.000000	0.000000	0.000000	0.000000	0.000000	0.077540	0.000000	0.000000	0.000000	0.000000	0.000000	0.000000	0.000000	0.000000	0.000000	0.000000	0.000000	0.000000	0.000000	0.000000	0.000000
1764624625.297916174	0.000000	0.000000	-0.129270	0.000000	0.000000	0.000000	0.000000	0.000000	0.077540	0.000000	0.000000	0.000000	0.000000	0.000000	0.000000	0.000000	0.000000	0.000000	0.000000	0.000000	0.000000	0.000000	0.000000	0.000000
1764624625.308532953	0.000000	0.000000	-0.103692	0.000000	0.000000	0.000000	0.000000	0.000000	0.077540	0.000000	0.000000	0.000000	0.000000	0.000000	0.000000	0.000000	0.000000	0.000000	0.000000	0.000000	0.000000	0.000000	0.000000	0.000000
1764624625.320932388	0.000000	0.000000	-0.109912	0.000000	0.000000	0.000000	0.000000	0.000000	0.077540	0.000000	0.000000	0.000000	0.000000	0.000000	0.000000	0.000000	0.000000	0.000000	0.000000	0.000000	0.000000	0.000000	0.000000	0.000000
1764624625.345681429	0.000000	0.000000	-0.093445	0.000000	0.000000	0.000000	0.000000	0.000000	0.077540	0.000000	0.000000	0.000000	0.000000	0.000000	0.000000	0.000000	0.000000	0.000000	0.000000	0.000000	0.000000	0.000000	0.000000	0.000000
1764624625.345699787	0.000000	0.000000	-0.091716	0.000000	0.000000	0.000000	0.000000	0.000000	0.077540	0.000000	0.000000	0.000000	0.000000	0.000000	0.000000	0.000000	0.000000	0.000000	0.000000	0.000000	0.000000	0.000000	0.000000	0.000000
1764624625.348335505	0.000000	0.000000	-0.080616	0.000000	0.000000	0.000000	0.000000	0.000000	0.077540	0.000000	0.000000	0.000000	0.000000	0.000000	0.000000	0.000000	0.000000	0.000000	0.000000	0.000000	0.000000	0.000000	0.000000	0.000000
1764624625.359781742	0.000000	0.000000	-0.080325	0.000000	0.000000	0.000000	0.000000	0.000000	0.077540	0.000000	0.000000	0.000000	0.000000	0.000000	0.000000	0.000000	0.000000	0.000000	0.000000	0.000000	0.000000	0.000000	0.000000	0.000000
1764624625.378010273	0.000000	0.000000	-0.077550	0.000000	0.000000	0.000000	0.000000	0.000000	0.077540	0.000000	0.000000	0.000000	0.000000	0.000000	0.000000	0.000000	0.000000	0.000000	0.000000	0.000000	0.000000	0.000000	0.000000	0.000000
1764624625.384402275	0.000000	0.000000	-0.077199	0.000000	0.000000	0.000000	0.000000	0.000000	0.077540	0.000000	0.000000	0.000000	0.000000	0.000000	0.000000	0.000000	0.000000	0.000000	0.000000	0.000000	0.000000	0.000000	0.000000	0.000000
1764624625.388553381	0.000000	0.000000	-0.072365	0.000000	0.000000	0.000000	0.000000	0.000000	0.077540	0.000000	0.000000	0.000000	0.000000	0.000000	0.000000	0.000000	0.000000	0.000000	0.000000	0.000000	0.000000	0.000000	0.000000	0.000000
1764624625.399116039	0.000000	0.000000	-0.064475	0.000000	0.000000	0.000000	0.000000	0.000000	0.077540	0.000000	0.000000	0.000000	0.000000	0.000000	0.000000	0.000000	0.000000	0.000000	0.000000	0.000000	0.000000	0.000000	0.000000	0.000000
1764624625.408303499	0.000000	0.000000	-0.064113	0.000000	0.000000	0.000000	0.000000	0.000000	0.077540	0.000000	0.000000	0.000000	0.000000	0.000000	0.000000	0.000000	0.000000	0.000000	0.000000	0.000000	0.000000	0.000000	0.000000	0.000000
1764624625.428473473	0.000000	0.000000	-0.066552	0.000000	0.000000	0.000000	0.000000	0.000000	0.077540	0.000000	0.000000	0.000000	0.000000	0.000000	0.000000	0.000000	0.000000	0.000000	0.000000	0.000000	0.000000	0.000000	0.000000	0.000000
1764624625.428489208	0.000000	0.000000	-0.068955	0.000000	0.000000	0.000000	0.000000	0.000000	0.077540	0.000000	0.000000	0.000000	0.000000	0.000000	0.000000	0.000000	0.000000	0.000000	0.000000	0.000000	0.000000	0.000000	0.000000	0.000000
1764624625.438535929	0.000000	0.000000	-0.067917	0.000000	0.000000	0.000000	0.000000	0.000000	0.077540	0.000000	0.000000	0.000000	0.000000	0.000000	0.000000	0.000000	0.000000	0.000000	0.000000	0.000000	0.000000	0.000000	0.000000	0.000000
1764624625.462197542	0.000000	0.000000	-0.066239	0.000000	0.000000	0.000000	0.000000	0.000000	0.077540	0.000000	0.000000	0.000000	0.000000	0.000000	0.000000	0.000000	0.000000	0.000000	0.000000	0.000000	0.000000	0.000000	0.000000	0.000000
1764624625.462217093	0.000000	0.000000	-0.057616	0.000000	0.000000	0.000000	0.000000	0.000000	0.077540	0.000000	0.000000	0.000000	0.000000	0.000000	0.000000	0.000000	0.000000	0.000000	0.000000	0.000000	0.000000	0.000000	0.000000	0.000000
1764624625.468028069	0.000000	0.000000	-0.050034	0.000000	0.000000	0.000000	0.000000	0.000000	0.054381	0.000000	0.000000	0.000000	0.000000	0.000000	0.000000	0.000000	0.000000	0.000000	0.000000	0.000000	0.000000	0.000000	0.000000	0.000000
1764624625.477876186	0.000000	0.000000	-0.061327	0.000000	0.000000	0.000000	0.000000	0.000000	0.054381	0.000000	0.000000	0.000000	0.000000	0.000000	0.000000	0.000000	0.000000	0.000000	0.000000	0.000000	0.000000	0.000000	0.000000	0.000000
1764624625.496991634	0.000000	0.000000	-0.065272	0.000000	0.000000	0.000000	0.000000	0.000000	0.054381	0.000000	0.000000	0.000000	0.000000	0.000000	0.000000	0.000000	0.000000	0.000000	0.000000	0.000000	0.000000	0.000000	0.000000	0.000000
1764624625.497001648	0.000000	0.000000	-0.054174	0.000000	0.000000	0.000000	0.000000	0.000000	0.054381	0.000000	0.000000	0.000000	0.000000	0.000000	0.000000	0.000000	0.000000	0.000000	0.000000	0.000000	0.000000	0.000000	0.000000	0.000000
1764624625.508773327	0.000000	0.000000	-0.056279	0.000000	0.000000	0.000000	0.000000	0.000000	0.054381	0.000000	0.000000	0.000000	0.000000	0.000000	0.000000	0.000000	0.000000	0.000000	0.000000	0.000000	0.000000	0.000000	0.000000	0.000000
1764624625.518046856	0.000000	0.000000	-0.049374	0.000000	0.000000	0.000000	0.000000	0.000000	0.054381	0.000000	0.000000	0.000000	0.000000	0.000000	0.000000	0.000000	0.000000	0.000000	0.000000	0.000000	0.000000	0.000000	0.000000	0.000000
1764624625.538389444	0.000000	0.000000	-0.063886	0.000000	0.000000	0.000000	0.000000	0.000000	0.054381	0.000000	0.000000	0.000000	0.000000	0.000000	0.000000	0.000000	0.000000	0.000000	0.000000	0.000000	0.000000	0.000000	0.000000	0.000000
1764624625.538407087	0.000000	0.000000	-0.055872	0.000000	0.000000	0.000000	0.000000	0.000000	0.054381	0.000000	0.000000	0.000000	0.000000	0.000000	0.000000	0.000000	0.000000	0.000000	0.000000	0.000000	0.000000	0.000000	0.000000	0.000000
1764624625.547936201	0.000000	0.000000	-0.053804	0.000000	0.000000	0.000000	0.000000	0.000000	0.054381	0.000000	0.000000	0.000000	0.000000	0.000000	0.000000	0.000000	0.000000	0.000000	0.000000	0.000000	0.000000	0.000000	0.000000	0.000000
1764624625.558204889	0.000000	0.000000	-0.056320	0.000000	0.000000	0.000000	0.000000	0.000000	0.054381	0.000000	0.000000	0.000000	0.000000	0.000000	0.000000	0.000000	0.000000	0.000000	0.000000	0.000000	0.000000	0.000000	0.000000	0.000000
1764624625.568246603	0.000000	0.000000	-0.057718	0.000000	0.000000	0.000000	0.000000	0.000000	0.054381	0.000000	0.000000	0.000000	0.000000	0.000000	0.000000	0.000000	0.000000	0.000000	0.000000	0.000000	0.000000	0.000000	0.000000	0.000000
1764624625.587407112	0.000000	0.000000	-0.052199	0.000000	0.000000	0.000000	0.000000	0.000000	0.054381	0.000000	0.000000	0.000000	0.000000	0.000000	0.000000	0.000000	0.000000	0.000000	0.000000	0.000000	0.000000	0.000000	0.000000	0.000000
1764624625.587430000	0.000000	0.000000	-0.050808	0.000000	0.000000	0.000000	0.000000	0.000000	0.054381	0.000000	0.000000	0.000000	0.000000	0.000000	0.000000	0.000000	0.000000	0.000000	0.000000	0.000000	0.000000	0.000000	0.000000	0.000000
1764624625.597853661	0.000000	0.000000	-0.060484	0.000000	0.000000	0.000000	0.000000	0.000000	0.054381	0.000000	0.000000	0.000000	0.000000	0.000000	0.000000	0.000000	0.000000	0.000000	0.000000	0.000000	0.000000	0.000000	0.000000	0.000000
1764624625.611869335	0.000000	0.000000	-0.054324	0.000000	0.000000	0.000000	0.000000	0.000000	0.054381	0.000000	0.000000	0.000000	0.000000	0.000000	0.000000	0.000000	0.000000	0.000000	0.000000	0.000000	0.000000	0.000000	0.000000	0.000000
1764624625.617896557	0.000000	0.000000	-0.062248	0.000000	0.000000	0.000000	0.000000	0.000000	0.054381	0.000000	0.000000	0.000000	0.000000	0.000000	0.000000	0.000000	0.000000	0.000000	0.000000	0.000000	-16.008848	0.000000	0.000000	0.000000
1764624625.628109217	0.000000	0.000000	-0.054568	0.000000	0.000000	0.000000	0.000000	0.000000	0.054381	0.000000	0.000000	0.000000	0.000000	0.000000	0.000000	0.000000	0.000000	0.000000	0.000000	0.000000	-16.008848	0.000000	0.000000	0.000000
1764624625.638235331	0.000000	0.000000	-0.050177	0.000000	0.000000	0.000000	0.000000	0.000000	0.054381	0.000000	0.000000	0.000000	0.000000	0.000000	0.000000	0.000000	0.000000	0.000000	0.000000	0.000000	-16.008848	0.000000	0.000000	0.000000
1764624625.647933006	0.000000	0.000000	-0.043615	0.000000	0.000000	0.000000	0.000000	0.000000	0.054381	0.000000	0.000000	0.000000	0.000000	0.000000	0.000000	0.000000	0.000000	0.000000	0.000000	0.000000	-16.008848	0.000000	0.000000	0.000000
1764624625.667003870	0.000000	0.000000	-0.046351	0.000000	0.000000	0.000000	0.000000	0.000000	0.054381	0.000000	0.000000	0.000000	0.000000	0.000000	0.000000	0.000000	0.000000	0.000000	0.000000	0.000000	-16.008848	0.000000	0.000000	0.000000
1764624625.667010069	0.000000	0.000000	-0.076484	0.000000	0.000000	0.000000	0.000000	0.000000	0.054381	0.000000	0.000000	0.000000	0.000000	0.000000	0.000000	0.000000	0.000000	0.000000	0.000000	0.000000	-16.008848	0.000000	0.000000	0.000000
1764624625.677784443	0.000000	0.000000	-0.012846	0.000000	0.000000	0.000000	0.000000	0.000000	0.054381	0.000000	0.000000	0.000000	0.000000	0.000000	0.000000	0.000000	0.000000	0.000000	0.000000	0.000000	-16.008848	0.000000	0.000000	0.000000
1764624625.704476118	0.000000	0.000000	-0.066052	0.000000	0.000000	0.000000	0.000000	0.000000	0.054381	0.000000	0.000000	0.000000	0.000000	0.000000	0.000000	0.000000	0.000000	0.000000	0.000000	0.000000	-16.008848	0.000000	0.000000	0.000000
1764624625.704488039	0.000000	0.000000	-0.078273	0.000000	0.000000	0.000000	0.000000	0.000000	0.054381	0.000000	0.000000	0.000000	0.000000	0.000000	0.000000	0.000000	0.000000	0.000000	0.000000	0.000000	-16.008848	0.000000	0.000000	0.000000
1764624625.708375454	0.000000	0.000000	-0.082324	0.000000	0.000000	0.000000	0.000000	0.000000	0.012557	0.000000	0.000000	0.000000	0.000000	0.000000	0.000000	0.000000	0.000000	0.000000	0.000000	0.000000	-16.008848	0.000000	0.000000	0.000000
1764624625.719717026	0.000000	0.000000	-0.143844	0.000000	0.000000	0.000000	0.000000	0.000000	0.012557	0.000000	0.000000	0.000000	0.000000	0.000000	0.000000	0.000000	0.000000	0.000000	0.000000	0.000000	-16.008848	0.000000	0.000000	0.000000
1764624625.742865324	0.000000	0.000000	-0.201837	0.000000	0.000000	0.000000	0.000000	0.000000	0.012557	0.000000	0.000000	0.000000	0.000000	0.000000	0.000000	0.000000	0.000000	0.000000	0.000000	0.000000	-16.008848	0.000000	0.000000	0.000000
1764624625.742888927	0.000000	0.000000	-0.267141	0.000000	0.000000	0.000000	0.000000	0.000000	0.012557	0.000000	0.000000	0.000000	0.000000	0.000000	0.000000	0.000000	0.000000	0.000000	0.000000	0.000000	-16.008848	0.000000	0.000000	0.000000
1764624625.748539209	0.000000	0.000000	-0.362155	0.000000	0.000000	0.000000	0.000000	0.000000	0.012557	0.000000	0.000000	0.000000	0.000000	0.000000	0.000000	0.000000	0.000000	0.000000	0.000000	0.000000	-16.008848	0.000000	0.000000	0.000000
1764624625.759006977	0.000000	0.000000	-0.468210	0.000000	0.000000	0.000000	0.000000	0.000000	0.012557	0.000000	0.000000	0.000000	0.000000	0.000000	0.000000	0.000000	0.000000	0.000000	0.000000	0.000000	-16.008848	0.000000	0.000000	0.000000
1764624625.769676208	0.000000	0.000000	-0.528362	0.000000	0.000000	0.000000	0.000000	0.000000	0.012557	0.000000	0.000000	0.000000	0.000000	0.000000	0.000000	0.000000	0.000000	0.000000	0.000000	0.000000	-16.008848	0.000000	0.000000	0.000000
1764624625.778654099	0.000000	0.000000	-0.512050	0.000000	0.000000	0.000000	0.000000	0.000000	0.012557	0.000000	0.000000	0.000000	0.000000	0.000000	0.000000	0.000000	0.000000	0.000000	0.000000	0.000000	-16.008848	0.000000	0.000000	0.000000
1764624625.796309710	0.000000	0.000000	-0.530462	0.000000	0.000000	0.000000	0.000000	0.000000	0.012557	0.000000	0.000000	0.000000	0.000000	0.000000	0.000000	0.000000	0.000000	0.000000	0.000000	0.000000	-16.008848	0.000000	0.000000	0.000000
1764624625.798891783	0.000000	0.000000	-0.485194	0.000000	0.000000	0.000000	0.000000	0.000000	0.012557	0.000000	0.000000	0.000000	0.000000	0.000000	0.000000	0.000000	0.000000	0.000000	0.000000	0.000000	-16.008848	0.000000	0.000000	0.000000
1764624625.817484617	0.000000	0.000000	-0.525680	0.000000	0.000000	0.000000	0.000000	0.000000	0.012557	0.000000	0.000000	0.000000	0.000000	0.000000	0.000000	0.000000	0.000000	0.000000	0.000000	0.000000	-16.008848	0.000000	0.000000	0.000000
1764624625.823646545	0.000000	0.000000	-0.459547	0.000000	0.000000	0.000000	0.000000	0.000000	0.012557	0.000000	0.000000	0.000000	0.000000	0.000000	0.000000	0.000000	0.000000	0.000000	0.000000	0.000000	-16.008848	0.000000	0.000000	0.000000
1764624625.828958988	0.000000	0.000000	-0.489014	0.000000	0.000000	0.000000	0.000000	0.000000	0.012557	0.000000	0.000000	0.000000	0.000000	0.000000	0.000000	0.000000	0.000000	0.000000	0.000000	0.000000	-16.008848	0.000000	0.000000	0.000000
1764624625.838861704	0.000000	0.000000	-0.457188	0.000000	0.000000	0.000000	0.000000	0.000000	0.012557	0.000000	0.000000	0.000000	0.000000	0.000000	0.000000	0.000000	0.000000	0.000000	0.000000	0.000000	-16.008848	0.000000	0.000000	0.000000
1764624625.849561691	0.000000	0.000000	-0.461997	0.000000	0.000000	0.000000	0.000000	0.000000	0.012557	0.000000	0.000000	0.000000	0.000000	0.000000	0.000000	0.000000	0.000000	0.000000	0.000000	0.000000	-16.008848	0.000000	0.000000	0.000000
1764624625.872634888	0.000000	0.000000	-0.429480	0.000000	0.000000	0.000000	0.000000	0.000000	0.012557	0.000000	0.000000	0.000000	0.000000	0.000000	0.000000	0.000000	0.000000	0.000000	0.000000	0.000000	-16.008848	0.000000	0.000000	0.000000
1764624625.872654676	0.000000	0.000000	-0.380651	0.000000	0.000000	0.000000	0.000000	0.000000	0.012557	0.000000	0.000000	0.000000	0.000000	0.000000	0.000000	0.000000	0.000000	0.000000	0.000000	0.000000	-16.008848	0.000000	0.000000	0.000000
1764624625.879500866	0.000000	0.000000	-0.428400	0.000000	0.000000	0.000000	0.000000	0.000000	0.012557	0.000000	0.000000	0.000000	0.000000	0.000000	0.000000	0.000000	0.000000	0.000000	0.000000	0.000000	-16.008848	0.000000	0.000000	0.000000
1764624625.889536381	0.000000	0.000000	-0.347910	0.000000	0.000000	0.000000	0.000000	0.000000	0.012557	0.000000	0.000000	0.000000	0.000000	0.000000	0.000000	0.000000	0.000000	0.000000	0.000000	0.000000	-16.008848	0.000000	0.000000	0.000000
1764624625.908444166	0.000000	0.000000	-0.308419	0.000000	0.000000	0.000000	0.000000	0.000000	0.012557	0.000000	0.000000	0.000000	0.000000	0.000000	0.000000	0.000000	0.000000	0.000000	0.000000	0.000000	-16.008848	0.000000	0.000000	0.000000
1764624625.909820795	0.000000	0.000000	-0.290549	0.000000	0.000000	0.000000	0.000000	0.000000	0.012557	0.000000	0.000000	0.000000	0.000000	0.000000	0.000000	0.000000	0.000000	0.000000	0.000000	0.000000	-16.008848	0.000000	0.000000	0.000000
1764624625.918152332	0.000000	0.000000	-0.269904	0.000000	0.000000	0.000000	0.000000	0.000000	0.012557	0.000000	0.000000	0.000000	0.000000	0.000000	0.000000	0.000000	0.000000	0.000000	0.000000	0.000000	-16.008848	0.000000	0.000000	0.000000
1764624625.943078995	0.000000	0.000000	-0.204277	0.000000	0.000000	0.000000	0.000000	0.000000	0.012557	0.000000	0.000000	0.000000	0.000000	0.000000	0.000000	0.000000	0.000000	0.000000	0.000000	0.000000	-16.008848	0.000000	0.000000	0.000000
1764624625.943089247	0.000000	0.000000	-0.235086	0.000000	0.000000	0.000000	0.000000	0.000000	0.012557	0.000000	0.000000	0.000000	0.000000	0.000000	0.000000	0.000000	0.000000	0.000000	0.000000	0.000000	-16.008848	0.000000	0.000000	0.000000
1764624625.948554039	0.000000	0.000000	-0.194054	0.000000	0.000000	0.000000	0.000000	0.000000	0.012557	0.000000	0.000000	0.000000	0.000000	0.000000	0.000000	0.000000	0.000000	0.000000	0.000000	0.000000	-16.008848	0.000000	0.000000	0.000000
1764624625.959018946	0.000000	0.000000	-0.226910	0.000000	0.000000	0.000000	0.000000	0.000000	-0.068024	0.000000	0.000000	0.000000	0.000000	0.000000	0.000000	0.000000	0.000000	0.000000	0.000000	0.000000	-16.008848	0.000000	0.000000	0.000000
1764624625.969005108	0.000000	0.000000	-0.219245	0.000000	0.000000	0.000000	0.000000	0.000000	-0.068024	0.000000	0.000000	0.000000	0.000000	0.000000	0.000000	0.000000	0.000000	0.000000	0.000000	0.000000	-16.008848	0.000000	0.000000	0.000000
1764624625.988666773	0.000000	0.000000	-0.178967	0.000000	0.000000	0.000000	0.000000	0.000000	-0.068024	0.000000	0.000000	0.000000	0.000000	0.000000	0.000000	0.000000	0.000000	0.000000	0.000000	0.000000	-16.008848	0.000000	0.000000	0.000000
1764624625.990016460	0.000000	0.000000	-0.190360	0.000000	0.000000	0.000000	0.000000	0.000000	-0.068024	0.000000	0.000000	0.000000	0.000000	0.000000	0.000000	0.000000	0.000000	0.000000	0.000000	0.000000	-16.008848	0.000000	0.000000	0.000000
1764624625.998628855	0.000000	0.000000	-0.168899	0.000000	0.000000	0.000000	0.000000	0.000000	-0.068024	0.000000	0.000000	0.000000	0.000000	0.000000	0.000000	0.000000	0.000000	0.000000	0.000000	0.000000	-16.008848	0.000000	0.000000	0.000000
1764624626.017605543	0.000000	0.000000	-0.155162	0.000000	0.000000	0.000000	0.000000	0.000000	-0.068024	0.000000	0.000000	0.000000	0.000000	0.000000	0.000000	0.000000	0.000000	0.000000	0.000000	0.000000	-16.008848	0.000000	0.000000	0.000000
1764624626.024362326	0.000000	0.000000	-0.140899	0.000000	0.000000	0.000000	0.000000	0.000000	-0.068024	0.000000	0.000000	0.000000	0.000000	0.000000	0.000000	0.000000	0.000000	0.000000	0.000000	0.000000	-16.008848	0.000000	0.000000	0.000000
1764624626.028055191	0.000000	0.000000	-0.122239	0.000000	0.000000	0.000000	0.000000	0.000000	-0.068024	0.000000	0.000000	0.000000	0.000000	0.000000	0.000000	0.000000	0.000000	0.000000	0.000000	0.000000	-16.008848	0.000000	0.000000	0.000000
1764624626.038773298	0.000000	0.000000	-0.152044	0.000000	0.000000	0.000000	0.000000	0.000000	-0.068024	0.000000	0.000000	0.000000	0.000000	0.000000	0.000000	0.000000	0.000000	0.000000	0.000000	0.000000	-16.008848	0.000000	0.000000	0.000000
1764624626.049378395	0.000000	0.000000	-0.148592	0.000000	0.000000	0.000000	0.000000	0.000000	-0.068024	0.000000	0.000000	0.000000	0.000000	0.000000	0.000000	0.000000	0.000000	0.000000	0.000000	0.000000	-16.008848	0.000000	0.000000	0.000000
1764624626.069542408	0.000000	0.000000	-0.119516	0.000000	0.000000	0.000000	0.000000	0.000000	-0.068024	0.000000	0.000000	0.000000	0.000000	0.000000	0.000000	0.000000	0.000000	0.000000	0.000000	0.000000	-16.008848	0.000000	0.000000	0.000000
1764624626.069556952	0.000000	0.000000	-0.177632	0.000000	0.000000	0.000000	0.000000	0.000000	-0.068024	0.000000	0.000000	0.000000	0.000000	0.000000	0.000000	0.000000	0.000000	0.000000	0.000000	0.000000	-16.008848	0.000000	0.000000	0.000000
1764624626.078358412	0.000000	0.000000	-0.128301	0.000000	0.000000	0.000000	0.000000	0.000000	-0.068024	0.000000	0.000000	0.000000	0.000000	0.000000	0.000000	0.000000	0.000000	0.000000	0.000000	0.000000	-16.008848	0.000000	0.000000	0.000000
1764624626.088870287	0.000000	0.000000	-0.162348	0.000000	0.000000	0.000000	0.000000	0.000000	-0.068024	0.000000	0.000000	0.000000	0.000000	0.000000	0.000000	0.000000	0.000000	0.000000	0.000000	0.000000	-16.008848	0.000000	0.000000	0.000000
1764624626.106482744	0.000000	0.000000	-0.149086	0.000000	0.000000	0.000000	0.000000	0.000000	-0.068024	0.000000	0.000000	0.000000	0.000000	0.000000	0.000000	0.000000	0.000000	0.000000	0.000000	0.000000	-16.008848	0.000000	0.000000	0.000000
1764624626.108385563	0.000000	0.000000	-0.148972	0.000000	0.000000	0.000000	0.000000	0.000000	-0.068024	0.000000	0.000000	0.000000	0.000000	0.000000	0.000000	0.000000	0.000000	0.000000	0.000000	0.000000	-16.008848	0.000000	0.000000	0.000000
1764624626.118505478	0.000000	0.000000	-0.119898	0.000000	0.000000	0.000000	0.000000	0.000000	-0.068024	0.000000	0.000000	0.000000	0.000000	0.000000	0.000000	0.000000	0.000000	0.000000	0.000000	0.000000	-16.008848	0.000000	0.000000	0.000000
1764624626.128342628	0.000000	0.000000	-0.159008	0.000000	0.000000	0.000000	0.000000	0.000000	-0.068024	0.000000	0.000000	0.000000	0.000000	0.000000	0.000000	0.000000	0.000000	0.000000	0.000000	0.000000	-16.008848	0.000000	0.000000	0.000000
1764624626.137742281	0.000000	0.000000	-0.136824	0.000000	0.000000	0.000000	0.000000	0.000000	-0.068024	0.000000	0.000000	0.000000	0.000000	0.000000	0.000000	0.000000	0.000000	0.000000	0.000000	0.000000	-16.008848	0.000000	0.000000	0.000000
1764624626.156159163	0.000000	0.000000	-0.119218	0.000000	0.000000	0.000000	0.000000	0.000000	-0.068024	0.000000	0.000000	0.000000	0.000000	0.000000	0.000000	0.000000	0.000000	0.000000	0.000000	0.000000	-16.008848	0.000000	0.000000	0.000000
1764624626.158653975	0.000000	0.000000	-0.157558	0.000000	0.000000	0.000000	0.000000	0.000000	-0.068024	0.000000	0.000000	0.000000	0.000000	0.000000	0.000000	0.000000	0.000000	0.000000	0.000000	0.000000	-16.008848	0.000000	0.000000	0.000000
1764624626.178320408	0.000000	0.000000	-0.085693	0.000000	0.000000	0.000000	0.000000	0.000000	-0.068024	0.000000	0.000000	0.000000	0.000000	0.000000	0.000000	0.000000	0.000000	0.000000	0.000000	0.000000	-16.008848	0.000000	0.000000	0.000000
1764624626.184528351	0.000000	0.000000	-0.099223	0.000000	0.000000	0.000000	0.000000	0.000000	-0.068024	0.000000	0.000000	0.000000	0.000000	0.000000	0.000000	0.000000	0.000000	0.000000	0.000000	0.000000	-16.008848	0.000000	0.000000	0.000000
1764624626.188368559	0.000000	0.000000	-0.145062	0.000000	0.000000	0.000000	0.000000	0.000000	-0.068024	0.000000	0.000000	0.000000	0.000000	0.000000	0.000000	0.000000	0.000000	0.000000	0.000000	0.000000	-16.008848	0.000000	0.000000	0.000000
1764624626.199030638	0.000000	0.000000	-0.095718	0.000000	0.000000	0.000000	0.000000	0.000000	-0.068024	0.000000	0.000000	0.000000	0.000000	0.000000	0.000000	0.000000	0.000000	0.000000	0.000000	0.000000	-16.008848	0.000000	0.000000	0.000000
1764624626.221817017	0.000000	0.000000	-0.133776	0.000000	0.000000	0.000000	0.000000	0.000000	-0.103539	0.000000	0.000000	0.000000	0.000000	0.000000	0.000000	0.000000	0.000000	0.000000	0.000000	0.000000	-16.008848	0.000000	0.000000	0.000000
1764624626.221836567	0.000000	0.000000	-0.128848	0.000000	0.000000	0.000000	0.000000	0.000000	-0.103539	0.000000	0.000000	0.000000	0.000000	0.000000	0.000000	0.000000	0.000000	0.000000	0.000000	0.000000	-16.008848	0.000000	0.000000	0.000000
1764624626.228314638	0.000000	0.000000	-0.126146	0.000000	0.000000	0.000000	0.000000	0.000000	-0.103539	0.000000	0.000000	0.000000	0.000000	0.000000	0.000000	0.000000	0.000000	0.000000	0.000000	0.000000	-16.008848	0.000000	0.000000	0.000000
1764624626.238700628	0.000000	0.000000	-0.134043	0.000000	0.000000	0.000000	0.000000	0.000000	-0.103539	0.000000	0.000000	0.000000	0.000000	0.000000	0.000000	0.000000	0.000000	0.000000	0.000000	0.000000	-16.008848	0.000000	0.000000	0.000000
1764624626.248785496	0.000000	0.000000	-0.159325	0.000000	0.000000	0.000000	0.000000	0.000000	-0.103539	0.000000	0.000000	0.000000	0.000000	0.000000	0.000000	0.000000	0.000000	0.000000	0.000000	0.000000	-16.008848	0.000000	0.000000	0.000000
1764624626.259061575	0.000000	0.000000	-0.137784	0.000000	0.000000	0.000000	0.000000	0.000000	-0.103539	0.000000	0.000000	0.000000	0.000000	0.000000	0.000000	0.000000	0.000000	0.000000	0.000000	0.000000	-16.008848	0.000000	0.000000	0.000000
1764624626.272396564	0.000000	0.000000	-0.115813	0.000000	0.000000	0.000000	0.000000	0.000000	-0.103539	0.000000	0.000000	0.000000	0.000000	0.000000	0.000000	0.000000	0.000000	0.000000	0.000000	0.000000	-16.008848	0.000000	0.000000	0.000000
1764624626.278373957	0.000000	0.000000	-0.145801	0.000000	0.000000	0.000000	0.000000	0.000000	-0.103539	0.000000	0.000000	0.000000	0.000000	0.000000	0.000000	0.000000	0.000000	0.000000	0.000000	0.000000	-16.008848	0.000000	0.000000	0.000000
1764624626.287901402	0.000000	0.000000	-0.115386	0.000000	0.000000	0.000000	0.000000	0.000000	-0.103539	0.000000	0.000000	0.000000	0.000000	0.000000	0.000000	0.000000	0.000000	0.000000	0.000000	0.000000	-16.008848	0.000000	0.000000	0.000000
1764624626.298320532	0.000000	0.000000	-0.148018	0.000000	0.000000	0.000000	0.000000	0.000000	-0.103539	0.000000	0.000000	0.000000	0.000000	0.000000	0.000000	0.000000	0.000000	0.000000	0.000000	0.000000	-16.008848	0.000000	0.000000	0.000000
1764624626.316746712	0.000000	0.000000	-0.116436	0.000000	0.000000	0.000000	0.000000	0.000000	-0.103539	0.000000	0.000000	0.000000	0.000000	0.000000	0.000000	0.000000	0.000000	0.000000	0.000000	0.000000	-16.008848	0.000000	0.000000	0.000000
1764624626.316762924	0.000000	0.000000	-0.118493	0.000000	0.000000	0.000000	0.000000	0.000000	-0.103539	0.000000	0.000000	0.000000	0.000000	0.000000	0.000000	0.000000	0.000000	0.000000	0.000000	0.000000	-16.008848	0.000000	0.000000	0.000000
1764624626.328567743	0.000000	0.000000	-0.141752	0.000000	0.000000	0.000000	0.000000	0.000000	-0.103539	0.000000	0.000000	0.000000	0.000000	0.000000	0.000000	0.000000	0.000000	0.000000	0.000000	0.000000	-16.008848	0.000000	0.000000	0.000000
1764624626.345964909	0.000000	0.000000	-0.130649	0.000000	0.000000	0.000000	0.000000	0.000000	-0.103539	0.000000	0.000000	0.000000	0.000000	0.000000	0.000000	0.000000	0.000000	0.000000	0.000000	0.000000	-16.008848	0.000000	0.000000	0.000000
1764624626.348738909	0.000000	0.000000	-0.125069	0.000000	0.000000	0.000000	0.000000	0.000000	-0.103539	0.000000	0.000000	0.000000	0.000000	0.000000	0.000000	0.000000	0.000000	0.000000	0.000000	0.000000	-16.008848	0.000000	0.000000	0.000000
1764624626.358397722	0.000000	0.000000	-0.132018	0.000000	0.000000	0.000000	0.000000	0.000000	-0.103539	0.000000	0.000000	0.000000	0.000000	0.000000	0.000000	0.000000	0.000000	0.000000	0.000000	0.000000	-16.008848	0.000000	0.000000	0.000000
1764624626.369876146	0.000000	0.000000	-0.115369	0.000000	0.000000	0.000000	0.000000	0.000000	-0.103539	0.000000	0.000000	0.000000	0.000000	0.000000	0.000000	0.000000	0.000000	0.000000	0.000000	0.000000	-16.008848	0.000000	0.000000	0.000000
1764624626.386224270	0.000000	0.000000	-0.127047	0.000000	0.000000	0.000000	0.000000	0.000000	-0.103539	0.000000	0.000000	0.000000	0.000000	0.000000	0.000000	0.000000	0.000000	0.000000	0.000000	0.000000	-16.008848	0.000000	0.000000	0.000000
1764624626.388792992	0.000000	0.000000	-0.146402	0.000000	0.000000	0.000000	0.000000	0.000000	-0.103539	0.000000	0.000000	0.000000	0.000000	0.000000	0.000000	0.000000	0.000000	0.000000	0.000000	0.000000	-16.008848	0.000000	0.000000	0.000000
1764624626.399795771	0.000000	0.000000	-0.117788	0.000000	0.000000	0.000000	0.000000	0.000000	-0.103539	0.000000	0.000000	0.000000	0.000000	0.000000	0.000000	0.000000	0.000000	0.000000	0.000000	0.000000	-16.008848	0.000000	0.000000	0.000000
1764624626.409216642	0.000000	0.000000	-0.130173	0.000000	0.000000	0.000000	0.000000	0.000000	-0.103539	0.000000	0.000000	0.000000	0.000000	0.000000	0.000000	0.000000	0.000000	0.000000	0.000000	0.000000	-16.008848	0.000000	0.000000	0.000000
1764624626.417924881	0.000000	0.000000	-0.149950	0.000000	0.000000	0.000000	0.000000	0.000000	-0.103539	0.000000	0.000000	0.000000	0.000000	0.000000	0.000000	0.000000	0.000000	0.000000	0.000000	0.000000	-16.008848	0.000000	0.000000	0.000000
1764624626.440446138	0.000000	0.000000	-0.131500	0.000000	0.000000	0.000000	0.000000	0.000000	-0.103539	0.000000	0.000000	0.000000	0.000000	0.000000	0.000000	0.000000	0.000000	0.000000	0.000000	0.000000	-16.008848	0.000000	0.000000	0.000000
1764624626.440463781	0.000000	0.000000	-0.148899	0.000000	0.000000	0.000000	0.000000	0.000000	-0.103539	0.000000	0.000000	0.000000	0.000000	0.000000	0.000000	0.000000	0.000000	0.000000	0.000000	0.000000	-16.008848	0.000000	0.000000	0.000000
1764624626.458089352	0.000000	0.000000	-0.151634	0.000000	0.000000	0.000000	0.000000	0.000000	-0.136571	0.000000	0.000000	0.000000	0.000000	0.000000	0.000000	0.000000	0.000000	0.000000	0.000000	0.000000	-16.008848	0.000000	0.000000	0.000000
1764624626.459410906	0.000000	0.000000	-0.105653	0.000000	0.000000	0.000000	0.000000	0.000000	-0.136571	0.000000	0.000000	0.000000	0.000000	0.000000	0.000000	0.000000	0.000000	0.000000	0.000000	0.000000	-16.008848	0.000000	0.000000	0.000000
1764624626.468568087	0.000000	0.000000	-0.176179	0.000000	0.000000	0.000000	0.000000	0.000000	-0.136571	0.000000	0.000000	0.000000	0.000000	0.000000	0.000000	0.000000	0.000000	0.000000	0.000000	0.000000	-16.008848	0.000000	0.000000	0.000000
1764624626.489772320	0.000000	0.000000	-0.139150	0.000000	0.000000	0.000000	0.000000	0.000000	-0.136571	0.000000	0.000000	0.000000	0.000000	0.000000	0.000000	0.000000	0.000000	0.000000	0.000000	0.000000	-16.008848	0.000000	0.000000	0.000000
1764624626.506838799	0.000000	0.000000	-0.120952	0.000000	0.000000	0.000000	0.000000	0.000000	-0.136571	0.000000	0.000000	0.000000	0.000000	0.000000	0.000000	0.000000	0.000000	0.000000	0.000000	0.000000	-16.008848	0.000000	0.000000	0.000000
1764624626.509262562	0.000000	0.000000	-0.133670	0.000000	0.000000	0.000000	0.000000	0.000000	-0.136571	0.000000	0.000000	0.000000	0.000000	0.000000	0.000000	0.000000	0.000000	0.000000	0.000000	0.000000	-16.008848	0.000000	0.000000	0.000000
1764624626.509274960	0.000000	0.000000	-0.140518	0.000000	0.000000	0.000000	0.000000	0.000000	-0.136571	0.000000	0.000000	0.000000	0.000000	0.000000	0.000000	0.000000	0.000000	0.000000	0.000000	0.000000	-16.008848	0.000000	0.000000	0.000000
1764624626.518087626	0.000000	0.000000	-0.102845	0.000000	0.000000	0.000000	0.000000	0.000000	-0.136571	0.000000	0.000000	0.000000	0.000000	0.000000	0.000000	0.000000	0.000000	0.000000	0.000000	0.000000	-16.008848	0.000000	0.000000	0.000000
1764624626.529252768	0.000000	0.000000	-0.135657	0.000000	0.000000	0.000000	0.000000	0.000000	-0.136571	0.000000	0.000000	0.000000	0.000000	0.000000	0.000000	0.000000	0.000000	0.000000	0.000000	0.000000	-16.008848	0.000000	0.000000	0.000000
1764624626.548448086	0.000000	0.000000	-0.126906	0.000000	0.000000	0.000000	0.000000	0.000000	-0.136571	0.000000	0.000000	0.000000	0.000000	0.000000	0.000000	0.000000	0.000000	0.000000	0.000000	0.000000	-16.008848	0.000000	0.000000	0.000000
1764624626.548459530	0.000000	0.000000	-0.105918	0.000000	0.000000	0.000000	0.000000	0.000000	-0.136571	0.000000	0.000000	0.000000	0.000000	0.000000	0.000000	0.000000	0.000000	0.000000	0.000000	0.000000	-16.008848	0.000000	0.000000	0.000000
1764624626.558984995	0.000000	0.000000	-0.137322	0.000000	0.000000	0.000000	0.000000	0.000000	-0.136571	0.000000	0.000000	0.000000	0.000000	0.000000	0.000000	0.000000	0.000000	0.000000	0.000000	0.000000	-16.008848	0.000000	0.000000	0.000000
1764624626.568997860	0.000000	0.000000	-0.125771	0.000000	0.000000	0.000000	0.000000	0.000000	-0.136571	0.000000	0.000000	0.000000	0.000000	0.000000	0.000000	0.000000	0.000000	0.000000	0.000000	0.000000	-16.008848	0.000000	0.000000	0.000000
1764624626.578666687	0.000000	0.000000	-0.109310	0.000000	0.000000	0.000000	0.000000	0.000000	-0.136571	0.000000	0.000000	0.000000	0.000000	0.000000	0.000000	0.000000	0.000000	0.000000	0.000000	0.000000	-16.008848	0.000000	0.000000	0.000000
1764624626.593375921	0.000000	0.000000	-0.137628	0.000000	0.000000	0.000000	0.000000	0.000000	-0.136571	0.000000	0.000000	0.000000	0.000000	0.000000	0.000000	0.000000	0.000000	0.000000	0.000000	0.000000	-16.008848	0.000000	0.000000	0.000000
1764624626.598941565	0.000000	0.000000	-0.134706	0.000000	0.000000	0.000000	0.000000	0.000000	-0.136571	0.000000	0.000000	0.000000	0.000000	0.000000	0.000000	0.000000	0.000000	0.000000	0.000000	0.000000	-16.008848	0.000000	0.000000	0.000000
1764624626.608701229	0.000000	0.000000	-0.143432	0.000000	0.000000	0.000000	0.000000	0.000000	-0.136571	0.000000	0.000000	0.000000	0.000000	0.000000	0.000000	0.000000	0.000000	0.000000	0.000000	0.000000	-16.008848	0.000000	0.000000	0.000000
1764624626.622391462	0.000000	0.000000	-0.168436	0.000000	0.000000	0.000000	0.000000	0.000000	-0.136571	0.000000	0.000000	0.000000	0.000000	0.000000	0.000000	0.000000	0.000000	0.000000	0.000000	0.000000	-16.008848	0.000000	0.000000	0.000000
1764624626.628551006	0.000000	0.000000	-0.119469	0.000000	0.000000	0.000000	0.000000	0.000000	-0.136571	0.000000	0.000000	0.000000	0.000000	0.000000	0.000000	0.000000	0.000000	0.000000	0.000000	0.000000	-16.008848	0.000000	0.000000	0.000000
1764624626.639860868	0.000000	0.000000	-0.159393	0.000000	0.000000	0.000000	0.000000	0.000000	-0.136571	0.000000	0.000000	0.000000	0.000000	0.000000	0.000000	0.000000	0.000000	0.000000	0.000000	0.000000	-16.008848	0.000000	0.000000	0.000000
1764624626.649172306	0.000000	0.000000	-0.151120	0.000000	0.000000	0.000000	0.000000	0.000000	-0.136571	0.000000	0.000000	0.000000	0.000000	0.000000	0.000000	0.000000	0.000000	0.000000	0.000000	0.000000	-16.008848	0.000000	0.000000	0.000000
1764624626.658827782	0.000000	0.000000	-0.112664	0.000000	0.000000	0.000000	0.000000	0.000000	-0.136571	0.000000	0.000000	0.000000	0.000000	0.000000	0.000000	0.000000	0.000000	0.000000	0.000000	0.000000	-16.008848	0.000000	0.000000	0.000000
1764624626.676485062	0.000000	0.000000	-0.124053	0.000000	0.000000	0.000000	0.000000	0.000000	-0.136571	0.000000	0.000000	0.000000	0.000000	0.000000	0.000000	0.000000	0.000000	0.000000	0.000000	0.000000	-16.008848	0.000000	0.000000	0.000000
1764624626.678121805	0.000000	0.000000	-0.131744	0.000000	0.000000	0.000000	0.000000	0.000000	-0.136571	0.000000	0.000000	0.000000	0.000000	0.000000	0.000000	0.000000	0.000000	0.000000	0.000000	0.000000	-16.008848	0.000000	0.000000	0.000000
1764624626.689193487	0.000000	0.000000	-0.095046	0.000000	0.000000	0.000000	0.000000	0.000000	-0.136571	0.000000	0.000000	0.000000	0.000000	0.000000	0.000000	0.000000	0.000000	0.000000	0.000000	0.000000	-16.008848	0.000000	0.000000	0.000000
1764624626.703564167	0.000000	0.000000	-0.120892	0.000000	0.000000	0.000000	0.000000	0.000000	-0.136571	0.000000	0.000000	0.000000	0.000000	0.000000	0.000000	0.000000	0.000000	0.000000	0.000000	0.000000	-16.008848	0.000000	0.000000	0.000000
1764624626.709062099	0.000000	0.000000	-0.133739	0.000000	0.000000	0.000000	0.000000	0.000000	-0.166734	0.000000	0.000000	0.000000	0.000000	0.000000	0.000000	0.000000	0.000000	0.000000	0.000000	0.000000	-16.008848	0.000000	0.000000	0.000000
1764624626.716741562	0.000000	0.000000	-0.090478	0.000000	0.000000	0.000000	0.000000	0.000000	-0.166734	0.000000	0.000000	0.000000	0.000000	0.000000	0.000000	0.000000	0.000000	0.000000	0.000000	0.000000	-16.008848	0.000000	0.000000	0.000000
1764624626.728626966	0.000000	0.000000	-0.124260	0.000000	0.000000	0.000000	0.000000	0.000000	-0.166734	0.000000	0.000000	0.000000	0.000000	0.000000	0.000000	0.000000	0.000000	0.000000	0.000000	0.000000	-16.008848	0.000000	0.000000	0.000000
1764624626.748291016	0.000000	0.000000	-0.112162	0.000000	0.000000	0.000000	0.000000	0.000000	-0.166734	0.000000	0.000000	0.000000	0.000000	0.000000	0.000000	0.000000	0.000000	0.000000	0.000000	0.000000	-16.008848	0.000000	0.000000	0.000000
1764624626.749722004	0.000000	0.000000	-0.118678	0.000000	0.000000	0.000000	0.000000	0.000000	-0.166734	0.000000	0.000000	0.000000	0.000000	0.000000	0.000000	0.000000	0.000000	0.000000	0.000000	0.000000	-16.008848	0.000000	0.000000	0.000000
1764624626.758876562	0.000000	0.000000	-0.151818	0.000000	0.000000	0.000000	0.000000	0.000000	-0.166734	0.000000	0.000000	0.000000	0.000000	0.000000	0.000000	0.000000	0.000000	0.000000	0.000000	0.000000	-16.008848	0.000000	0.000000	0.000000
1764624626.768951893	0.000000	0.000000	-0.125955	0.000000	0.000000	0.000000	0.000000	0.000000	-0.166734	0.000000	0.000000	0.000000	0.000000	0.000000	0.000000	0.000000	0.000000	0.000000	0.000000	0.000000	-16.008848	0.000000	0.000000	0.000000
1764624626.778625488	0.000000	0.000000	-0.120068	0.000000	0.000000	0.000000	0.000000	0.000000	-0.166734	0.000000	0.000000	0.000000	0.000000	0.000000	0.000000	0.000000	0.000000	0.000000	0.000000	0.000000	-16.008848	0.000000	0.000000	0.000000
1764624626.794397593	0.000000	0.000000	-0.149723	0.000000	0.000000	0.000000	0.000000	0.000000	-0.166734	0.000000	0.000000	0.000000	0.000000	0.000000	0.000000	0.000000	0.000000	0.000000	0.000000	0.000000	-16.008848	0.000000	0.000000	0.000000
1764624626.798521280	0.000000	0.000000	-0.142498	0.000000	0.000000	0.000000	0.000000	0.000000	-0.166734	0.000000	0.000000	0.000000	0.000000	0.000000	0.000000	0.000000	0.000000	0.000000	0.000000	0.000000	-16.008848	0.000000	0.000000	0.000000
1764624626.809186459	0.000000	0.000000	-0.095198	0.000000	0.000000	0.000000	0.000000	0.000000	-0.166734	0.000000	0.000000	0.000000	0.000000	0.000000	0.000000	0.000000	0.000000	0.000000	0.000000	0.000000	-16.008848	0.000000	0.000000	0.000000
1764624626.826249599	0.000000	0.000000	-0.142735	0.000000	0.000000	0.000000	0.000000	0.000000	-0.166734	0.000000	0.000000	0.000000	0.000000	0.000000	0.000000	0.000000	0.000000	0.000000	0.000000	0.000000	-16.008848	0.000000	0.000000	0.000000
1764624626.828768730	0.000000	0.000000	-0.116184	0.000000	0.000000	0.000000	0.000000	0.000000	-0.166734	0.000000	0.000000	0.000000	0.000000	0.000000	0.000000	0.000000	0.000000	0.000000	0.000000	0.000000	-16.008848	0.000000	0.000000	0.000000
1764624626.839038610	0.000000	0.000000	-0.109778	0.000000	0.000000	0.000000	0.000000	0.000000	-0.166734	0.000000	0.000000	0.000000	0.000000	0.000000	0.000000	0.000000	0.000000	0.000000	0.000000	0.000000	-16.008848	0.000000	0.000000	0.000000
1764624626.849307537	0.000000	0.000000	-0.137227	0.000000	0.000000	0.000000	0.000000	0.000000	-0.166734	0.000000	0.000000	0.000000	0.000000	0.000000	0.000000	0.000000	0.000000	0.000000	0.000000	0.000000	-16.008848	0.000000	0.000000	0.000000
1764624626.868401527	0.000000	0.000000	-0.086833	0.000000	0.000000	0.000000	0.000000	0.000000	-0.166734	0.000000	0.000000	0.000000	0.000000	0.000000	0.000000	0.000000	0.000000	0.000000	0.000000	0.000000	-16.008848	0.000000	0.000000	0.000000
1764624626.869808197	0.000000	0.000000	-0.103456	0.000000	0.000000	0.000000	0.000000	0.000000	-0.166734	0.000000	0.000000	0.000000	0.000000	0.000000	0.000000	0.000000	0.000000	0.000000	0.000000	0.000000	-16.008848	0.000000	0.000000	0.000000
1764624626.878745079	0.000000	0.000000	-0.133148	0.000000	0.000000	0.000000	0.000000	0.000000	-0.166734	0.000000	0.000000	0.000000	0.000000	0.000000	0.000000	0.000000	0.000000	0.000000	0.000000	0.000000	-16.008848	0.000000	0.000000	0.000000
1764624626.888795137	0.000000	0.000000	-0.082010	0.000000	0.000000	0.000000	0.000000	0.000000	-0.166734	0.000000	0.000000	0.000000	0.000000	0.000000	0.000000	0.000000	0.000000	0.000000	0.000000	0.000000	-16.008848	0.000000	0.000000	0.000000
1764624626.908745050	0.000000	0.000000	-0.125295	0.000000	0.000000	0.000000	0.000000	0.000000	-0.166734	0.000000	0.000000	0.000000	0.000000	0.000000	0.000000	0.000000	0.000000	0.000000	0.000000	0.000000	-16.008848	0.000000	0.000000	0.000000
1764624626.910290480	0.000000	0.000000	-0.110654	0.000000	0.000000	0.000000	0.000000	0.000000	-0.166734	0.000000	0.000000	0.000000	0.000000	0.000000	0.000000	0.000000	0.000000	0.000000	0.000000	0.000000	-16.008848	0.000000	0.000000	0.000000
1764624626.918024540	0.000000	0.000000	-0.105079	0.000000	0.000000	0.000000	0.000000	0.000000	-0.166734	0.000000	0.000000	0.000000	0.000000	0.000000	0.000000	0.000000	0.000000	0.000000	0.000000	0.000000	-16.008848	0.000000	0.000000	0.000000
1764624626.928975105	0.000000	0.000000	-0.138354	0.000000	0.000000	0.000000	0.000000	0.000000	-0.166734	0.000000	0.000000	0.000000	0.000000	0.000000	0.000000	0.000000	0.000000	0.000000	0.000000	0.000000	-16.008848	0.000000	0.000000	0.000000
1764624626.943630457	0.000000	0.000000	-0.122683	0.000000	0.000000	0.000000	0.000000	0.000000	-0.166734	0.000000	0.000000	0.000000	0.000000	0.000000	0.000000	0.000000	0.000000	0.000000	0.000000	0.000000	-16.008848	0.000000	0.000000	0.000000
1764624626.948555231	0.000000	0.000000	-0.093602	0.000000	0.000000	0.000000	0.000000	0.000000	-0.166734	0.000000	0.000000	0.000000	0.000000	0.000000	0.000000	0.000000	0.000000	0.000000	0.000000	0.000000	-16.008848	0.000000	0.000000	0.000000
1764624626.959286690	0.000000	0.000000	-0.105425	0.000000	0.000000	0.000000	0.000000	0.000000	-0.191787	0.000000	0.000000	0.000000	0.000000	0.000000	0.000000	0.000000	0.000000	0.000000	0.000000	0.000000	-16.008848	0.000000	0.000000	0.000000
1764624626.969229698	0.000000	0.000000	-0.122629	0.000000	0.000000	0.000000	0.000000	0.000000	-0.191787	0.000000	0.000000	0.000000	0.000000	0.000000	0.000000	0.000000	0.000000	0.000000	0.000000	0.000000	-16.008848	0.000000	0.000000	0.000000
1764624626.978248596	0.000000	0.000000	-0.080546	0.000000	0.000000	0.000000	0.000000	0.000000	-0.191787	0.000000	0.000000	0.000000	0.000000	0.000000	0.000000	0.000000	0.000000	0.000000	0.000000	0.000000	-16.008848	0.000000	0.000000	0.000000
1764624627.000319958	0.000000	0.000000	-0.131674	0.000000	0.000000	0.000000	0.000000	0.000000	-0.191787	0.000000	0.000000	0.000000	0.000000	0.000000	0.000000	0.000000	0.000000	0.000000	0.000000	0.000000	-16.008848	0.000000	0.000000	0.000000
1764624627.000332594	0.000000	0.000000	-0.101921	0.000000	0.000000	0.000000	0.000000	0.000000	-0.191787	0.000000	0.000000	0.000000	0.000000	0.000000	0.000000	0.000000	0.000000	0.000000	0.000000	0.000000	-16.008848	0.000000	0.000000	0.000000
1764624627.008925438	0.000000	0.000000	-0.080408	0.000000	0.000000	0.000000	0.000000	0.000000	-0.191787	0.000000	0.000000	0.000000	0.000000	0.000000	0.000000	0.000000	0.000000	0.000000	0.000000	0.000000	-16.008848	0.000000	0.000000	0.000000
1764624627.031779766	0.000000	0.000000	-0.151678	0.000000	0.000000	0.000000	0.000000	0.000000	-0.191787	0.000000	0.000000	0.000000	0.000000	0.000000	0.000000	0.000000	0.000000	0.000000	0.000000	0.000000	-16.008848	0.000000	0.000000	0.000000
1764624627.031795740	0.000000	0.000000	-0.092942	0.000000	0.000000	0.000000	0.000000	0.000000	-0.191787	0.000000	0.000000	0.000000	0.000000	0.000000	0.000000	0.000000	0.000000	0.000000	0.000000	0.000000	-16.008848	0.000000	0.000000	0.000000
1764624627.038525820	0.000000	0.000000	-0.119490	0.000000	0.000000	0.000000	0.000000	0.000000	-0.191787	0.000000	0.000000	0.000000	0.000000	0.000000	0.000000	0.000000	0.000000	0.000000	0.000000	0.000000	-16.008848	0.000000	0.000000	0.000000
1764624627.048863173	0.000000	0.000000	-0.118920	0.000000	0.000000	0.000000	0.000000	0.000000	-0.191787	0.000000	0.000000	0.000000	0.000000	0.000000	0.000000	0.000000	0.000000	0.000000	0.000000	0.000000	-16.008848	0.000000	0.000000	0.000000
1764624627.063193083	0.000000	0.000000	-0.107829	0.000000	0.000000	0.000000	0.000000	0.000000	-0.191787	0.000000	0.000000	0.000000	0.000000	0.000000	0.000000	0.000000	0.000000	0.000000	0.000000	0.000000	-16.008848	0.000000	0.000000	0.000000
1764624627.068290234	0.000000	0.000000	-0.097799	0.000000	0.000000	0.000000	0.000000	0.000000	-0.191787	0.000000	0.000000	0.000000	0.000000	0.000000	0.000000	0.000000	0.000000	0.000000	0.000000	0.000000	-16.008848	0.000000	0.000000	0.000000
1764624627.080660343	0.000000	0.000000	-0.127189	0.000000	0.000000	0.000000	0.000000	0.000000	-0.191787	0.000000	0.000000	0.000000	0.000000	0.000000	0.000000	0.000000	0.000000	0.000000	0.000000	0.000000	-16.008848	0.000000	0.000000	0.000000
1764624627.088888168	0.000000	0.000000	-0.109189	0.000000	0.000000	0.000000	0.000000	0.000000	-0.191787	0.000000	0.000000	0.000000	0.000000	0.000000	0.000000	0.000000	0.000000	0.000000	0.000000	0.000000	-16.008848	0.000000	0.000000	0.000000
1764624627.099191666	0.000000	0.000000	-0.080524	0.000000	0.000000	0.000000	0.000000	0.000000	-0.191787	0.000000	0.000000	0.000000	0.000000	0.000000	0.000000	0.000000	0.000000	0.000000	0.000000	0.000000	-16.008848	0.000000	0.000000	0.000000
1764624627.114132166	0.000000	0.000000	-0.128903	0.000000	0.000000	0.000000	0.000000	0.000000	-0.191787	0.000000	0.000000	0.000000	0.000000	0.000000	0.000000	0.000000	0.000000	0.000000	0.000000	0.000000	-16.008848	0.000000	0.000000	0.000000
1764624627.118540764	0.000000	0.000000	-0.076401	0.000000	0.000000	0.000000	0.000000	0.000000	-0.191787	0.000000	0.000000	0.000000	0.000000	0.000000	0.000000	0.000000	0.000000	0.000000	0.000000	0.000000	-16.008848	0.000000	0.000000	0.000000
1764624627.128748178	0.000000	0.000000	-0.120630	0.000000	0.000000	0.000000	0.000000	0.000000	-0.191787	0.000000	0.000000	0.000000	0.000000	0.000000	0.000000	0.000000	0.000000	0.000000	0.000000	0.000000	-16.008848	0.000000	0.000000	0.000000
1764624627.142917633	0.000000	0.000000	-0.098824	0.000000	0.000000	0.000000	0.000000	0.000000	-0.191787	0.000000	0.000000	0.000000	0.000000	0.000000	0.000000	0.000000	0.000000	0.000000	0.000000	0.000000	-16.008848	0.000000	0.000000	0.000000
1764624627.148149729	0.000000	0.000000	-0.098430	0.000000	0.000000	0.000000	0.000000	0.000000	-0.191787	0.000000	0.000000	0.000000	0.000000	0.000000	0.000000	0.000000	0.000000	0.000000	0.000000	0.000000	-16.008848	0.000000	0.000000	0.000000
1764624627.158007145	0.000000	0.000000	-0.129644	0.000000	0.000000	0.000000	0.000000	0.000000	-0.191787	0.000000	0.000000	0.000000	0.000000	0.000000	0.000000	0.000000	0.000000	0.000000	0.000000	0.000000	-16.008848	0.000000	0.000000	0.000000
1764624627.169394255	0.000000	0.000000	-0.098467	0.000000	0.000000	0.000000	0.000000	0.000000	-0.191787	0.000000	0.000000	0.000000	0.000000	0.000000	0.000000	0.000000	0.000000	0.000000	0.000000	0.000000	-16.008848	0.000000	0.000000	0.000000
1764624627.178874016	0.000000	0.000000	-0.105038	0.000000	0.000000	0.000000	0.000000	0.000000	-0.191787	0.000000	0.000000	0.000000	0.000000	0.000000	0.000000	0.000000	0.000000	0.000000	0.000000	0.000000	-16.008848	0.000000	0.000000	0.000000
1764624627.196345091	0.000000	0.000000	-0.111388	0.000000	0.000000	0.000000	0.000000	0.000000	-0.191787	0.000000	0.000000	0.000000	0.000000	0.000000	0.000000	0.000000	0.000000	0.000000	0.000000	0.000000	-16.008848	0.000000	0.000000	0.000000
1764624627.199087143	0.000000	0.000000	-0.107409	0.000000	0.000000	0.000000	0.000000	0.000000	-0.191787	0.000000	0.000000	0.000000	0.000000	0.000000	0.000000	0.000000	0.000000	0.000000	0.000000	0.000000	-16.008848	0.000000	0.000000	0.000000
1764624627.208894014	0.000000	0.000000	-0.095350	0.000000	0.000000	0.000000	0.000000	0.000000	-0.219533	0.000000	0.000000	0.000000	0.000000	0.000000	0.000000	0.000000	0.000000	0.000000	0.000000	0.000000	-16.008848	0.000000	0.000000	0.000000
1764624627.230900049	0.000000	0.000000	-0.084697	0.000000	0.000000	0.000000	0.000000	0.000000	-0.219533	0.000000	0.000000	0.000000	0.000000	0.000000	0.000000	0.000000	0.000000	0.000000	0.000000	0.000000	-16.008848	0.000000	0.000000	0.000000
1764624627.232543707	0.000000	0.000000	-0.111876	0.000000	0.000000	0.000000	0.000000	0.000000	-0.219533	0.000000	0.000000	0.000000	0.000000	0.000000	0.000000	0.000000	0.000000	0.000000	0.000000	0.000000	-16.008848	0.000000	0.000000	0.000000
1764624627.238223076	0.000000	0.000000	-0.058745	0.000000	0.000000	0.000000	0.000000	0.000000	-0.219533	0.000000	0.000000	0.000000	0.000000	0.000000	0.000000	0.000000	0.000000	0.000000	0.000000	0.000000	-16.008848	0.000000	0.000000	0.000000
1764624627.249798775	0.000000	0.000000	-0.110589	0.000000	0.000000	0.000000	0.000000	0.000000	-0.219533	0.000000	0.000000	0.000000	0.000000	0.000000	0.000000	0.000000	0.000000	0.000000	0.000000	0.000000	-16.008848	0.000000	0.000000	0.000000
1764624627.262512207	0.000000	0.000000	-0.089445	0.000000	0.000000	0.000000	0.000000	0.000000	-0.219533	0.000000	0.000000	0.000000	0.000000	0.000000	0.000000	0.000000	0.000000	0.000000	0.000000	0.000000	-16.008848	0.000000	0.000000	0.000000
1764624627.268487930	0.000000	0.000000	-0.079503	0.000000	0.000000	0.000000	0.000000	0.000000	-0.219533	0.000000	0.000000	0.000000	0.000000	0.000000	0.000000	0.000000	0.000000	0.000000	0.000000	0.000000	-16.008848	0.000000	0.000000	0.000000
1764624627.277881622	0.000000	0.000000	-0.112976	0.000000	0.000000	0.000000	0.000000	0.000000	-0.219533	0.000000	0.000000	0.000000	0.000000	0.000000	0.000000	0.000000	0.000000	0.000000	0.000000	0.000000	-16.008848	0.000000	0.000000	0.000000
1764624627.289002180	0.000000	0.000000	-0.099879	0.000000	0.000000	0.000000	0.000000	0.000000	-0.219533	0.000000	0.000000	0.000000	0.000000	0.000000	0.000000	0.000000	0.000000	0.000000	0.000000	0.000000	-16.008848	0.000000	0.000000	0.000000
1764624627.307764530	0.000000	0.000000	-0.107409	0.000000	0.000000	0.000000	0.000000	0.000000	-0.219533	0.000000	0.000000	0.000000	0.000000	0.000000	0.000000	0.000000	0.000000	0.000000	0.000000	0.000000	-16.008848	0.000000	0.000000	0.000000
1764624627.307780027	0.000000	0.000000	-0.145887	0.000000	0.000000	0.000000	0.000000	0.000000	-0.219533	0.000000	0.000000	0.000000	0.000000	0.000000	0.000000	0.000000	0.000000	0.000000	0.000000	0.000000	-16.008848	0.000000	0.000000	0.000000
1764624627.318142653	0.000000	0.000000	-0.097460	0.000000	0.000000	0.000000	0.000000	0.000000	-0.219533	0.000000	0.000000	0.000000	0.000000	0.000000	0.000000	0.000000	0.000000	0.000000	0.000000	0.000000	-16.008848	0.000000	0.000000	0.000000
1764624627.328596354	0.000000	0.000000	-0.128555	0.000000	0.000000	0.000000	0.000000	0.000000	-0.219533	0.000000	0.000000	0.000000	0.000000	0.000000	0.000000	0.000000	0.000000	0.000000	0.000000	0.000000	-16.008848	0.000000	0.000000	0.000000
1764624627.347212076	0.000000	0.000000	-0.123084	0.000000	0.000000	0.000000	0.000000	0.000000	-0.219533	0.000000	0.000000	0.000000	0.000000	0.000000	0.000000	0.000000	0.000000	0.000000	0.000000	0.000000	-16.008848	0.000000	0.000000	0.000000
1764624627.348901510	0.000000	0.000000	-0.104725	0.000000	0.000000	0.000000	0.000000	0.000000	-0.219533	0.000000	0.000000	0.000000	0.000000	0.000000	0.000000	0.000000	0.000000	0.000000	0.000000	0.000000	-16.008848	0.000000	0.000000	0.000000
1764624627.358866215	0.000000	0.000000	-0.082251	0.000000	0.000000	0.000000	0.000000	0.000000	-0.219533	0.000000	0.000000	0.000000	0.000000	0.000000	0.000000	0.000000	0.000000	0.000000	0.000000	0.000000	-16.008848	0.000000	0.000000	0.000000
1764624627.368921757	0.000000	0.000000	-0.134471	0.000000	0.000000	0.000000	0.000000	0.000000	-0.219533	0.000000	0.000000	0.000000	0.000000	0.000000	0.000000	0.000000	0.000000	0.000000	0.000000	0.000000	-16.008848	0.000000	0.000000	0.000000
1764624627.378477573	0.000000	0.000000	-0.083343	0.000000	0.000000	0.000000	0.000000	0.000000	-0.219533	0.000000	0.000000	0.000000	0.000000	0.000000	0.000000	0.000000	0.000000	0.000000	0.000000	0.000000	-16.008848	0.000000	0.000000	0.000000
1764624627.401491165	0.000000	0.000000	-0.091952	0.000000	0.000000	0.000000	0.000000	0.000000	-0.219533	0.000000	0.000000	0.000000	0.000000	0.000000	0.000000	0.000000	0.000000	0.000000	0.000000	0.000000	-16.008848	0.000000	0.000000	0.000000
1764624627.401502609	0.000000	0.000000	-0.120993	0.000000	0.000000	0.000000	0.000000	0.000000	-0.219533	0.000000	0.000000	0.000000	0.000000	0.000000	0.000000	0.000000	0.000000	0.000000	0.000000	0.000000	-16.008848	0.000000	0.000000	0.000000
1764624627.408871174	0.000000	0.000000	-0.054349	0.000000	0.000000	0.000000	0.000000	0.000000	-0.219533	0.000000	0.000000	0.000000	0.000000	0.000000	0.000000	0.000000	0.000000	0.000000	0.000000	0.000000	-16.008848	0.000000	0.000000	0.000000
1764624627.430646896	0.000000	0.000000	-0.098500	0.000000	0.000000	0.000000	0.000000	0.000000	-0.219533	0.000000	0.000000	0.000000	0.000000	0.000000	0.000000	0.000000	0.000000	0.000000	0.000000	0.000000	-16.008848	0.000000	0.000000	0.000000
1764624627.430668831	0.000000	0.000000	-0.100608	0.000000	0.000000	0.000000	0.000000	0.000000	-0.219533	0.000000	0.000000	0.000000	0.000000	0.000000	0.000000	0.000000	0.000000	0.000000	0.000000	0.000000	-16.008848	0.000000	0.000000	0.000000
1764624627.438230038	0.000000	0.000000	-0.088477	0.000000	0.000000	0.000000	0.000000	0.000000	-0.219533	0.000000	0.000000	0.000000	0.000000	0.000000	0.000000	0.000000	0.000000	0.000000	0.000000	0.000000	-16.008848	0.000000	0.000000	0.000000
1764624627.449670792	0.000000	0.000000	-0.122428	0.000000	0.000000	0.000000	0.000000	0.000000	-0.219533	0.000000	0.000000	0.000000	0.000000	0.000000	0.000000	0.000000	0.000000	0.000000	0.000000	0.000000	-16.008848	0.000000	0.000000	0.000000
1764624627.459898710	0.000000	0.000000	-0.123357	0.000000	0.000000	0.000000	0.000000	0.000000	-0.230514	0.000000	0.000000	0.000000	0.000000	0.000000	0.000000	0.000000	0.000000	0.000000	0.000000	0.000000	-16.008848	0.000000	0.000000	0.000000
1764624627.481781721	0.000000	0.000000	-0.098565	0.000000	0.000000	0.000000	0.000000	0.000000	-0.230514	0.000000	0.000000	0.000000	0.000000	0.000000	0.000000	0.000000	0.000000	0.000000	0.000000	0.000000	-16.008848	0.000000	0.000000	0.000000
1764624627.481801510	0.000000	0.000000	-0.123418	0.000000	0.000000	0.000000	0.000000	0.000000	-0.230514	0.000000	0.000000	0.000000	0.000000	0.000000	0.000000	0.000000	0.000000	0.000000	0.000000	0.000000	-16.008848	0.000000	0.000000	0.000000
1764624627.489743471	0.000000	0.000000	-0.142027	0.000000	0.000000	0.000000	0.000000	0.000000	-0.230514	0.000000	0.000000	0.000000	0.000000	0.000000	0.000000	0.000000	0.000000	0.000000	0.000000	0.000000	-16.008848	0.000000	0.000000	0.000000
1764624627.511194229	0.000000	0.000000	-0.106858	0.000000	0.000000	0.000000	0.000000	0.000000	-0.230514	0.000000	0.000000	0.000000	0.000000	0.000000	0.000000	0.000000	0.000000	0.000000	0.000000	0.000000	-16.008848	0.000000	0.000000	0.000000
1764624627.511219978	0.000000	0.000000	-0.127645	0.000000	0.000000	0.000000	0.000000	0.000000	-0.230514	0.000000	0.000000	0.000000	0.000000	0.000000	0.000000	0.000000	0.000000	0.000000	0.000000	0.000000	-16.008848	0.000000	0.000000	0.000000
1764624627.519274950	0.000000	0.000000	-0.108554	0.000000	0.000000	0.000000	0.000000	0.000000	-0.230514	0.000000	0.000000	0.000000	0.000000	0.000000	0.000000	0.000000	0.000000	0.000000	0.000000	0.000000	-16.008848	0.000000	0.000000	0.000000
1764624627.529829979	0.000000	0.000000	-0.091695	0.000000	0.000000	0.000000	0.000000	0.000000	-0.230514	0.000000	0.000000	0.000000	0.000000	0.000000	0.000000	0.000000	0.000000	0.000000	0.000000	0.000000	-16.008848	0.000000	0.000000	0.000000
1764624627.538747072	0.000000	0.000000	-0.105188	0.000000	0.000000	0.000000	0.000000	0.000000	-0.230514	0.000000	0.000000	0.000000	0.000000	0.000000	0.000000	0.000000	0.000000	0.000000	0.000000	0.000000	-16.008848	0.000000	0.000000	0.000000
1764624627.560865879	0.000000	0.000000	-0.075056	0.000000	0.000000	0.000000	0.000000	0.000000	-0.230514	0.000000	0.000000	0.000000	0.000000	0.000000	0.000000	0.000000	0.000000	0.000000	0.000000	0.000000	-16.008848	0.000000	0.000000	0.000000
1764624627.560889244	0.000000	0.000000	-0.122790	0.000000	0.000000	0.000000	0.000000	0.000000	-0.230514	0.000000	0.000000	0.000000	0.000000	0.000000	0.000000	0.000000	0.000000	0.000000	0.000000	0.000000	-16.008848	0.000000	0.000000	0.000000
1764624627.569883108	0.000000	0.000000	-0.119417	0.000000	0.000000	0.000000	0.000000	0.000000	-0.230514	0.000000	0.000000	0.000000	0.000000	0.000000	0.000000	0.000000	0.000000	0.000000	0.000000	0.000000	-16.008848	0.000000	0.000000	0.000000
1764624627.585699081	0.000000	0.000000	-0.091021	0.000000	0.000000	0.000000	0.000000	0.000000	-0.230514	0.000000	0.000000	0.000000	0.000000	0.000000	0.000000	0.000000	0.000000	0.000000	0.000000	0.000000	-16.008848	0.000000	0.000000	0.000000
1764624627.589374304	0.000000	0.000000	-0.101428	0.000000	0.000000	0.000000	0.000000	0.000000	-0.230514	0.000000	0.000000	0.000000	0.000000	0.000000	0.000000	0.000000	0.000000	0.000000	0.000000	0.000000	-16.008848	0.000000	0.000000	0.000000
1764624627.599612951	0.000000	0.000000	-0.097360	0.000000	0.000000	0.000000	0.000000	0.000000	-0.230514	0.000000	0.000000	0.000000	0.000000	0.000000	0.000000	0.000000	0.000000	0.000000	0.000000	0.000000	-16.008848	0.000000	0.000000	0.000000
1764624627.610231638	0.000000	0.000000	-0.117996	0.000000	0.000000	0.000000	0.000000	0.000000	-0.230514	0.000000	0.000000	0.000000	0.000000	0.000000	0.000000	0.000000	0.000000	0.000000	0.000000	0.000000	-16.008848	0.000000	0.000000	0.000000
1764624627.619354963	0.000000	0.000000	-0.094866	0.000000	0.000000	0.000000	0.000000	0.000000	-0.230514	0.000000	0.000000	0.000000	0.000000	0.000000	0.000000	0.000000	0.000000	0.000000	0.000000	0.000000	-16.008848	0.000000	0.000000	0.000000
1764624627.633689404	0.000000	0.000000	-0.115641	0.000000	0.000000	0.000000	0.000000	0.000000	-0.230514	0.000000	0.000000	0.000000	0.000000	0.000000	0.000000	0.000000	0.000000	0.000000	0.000000	0.000000	-16.008848	0.000000	0.000000	0.000000
1764624627.641842842	0.000000	0.000000	-0.088270	0.000000	0.000000	0.000000	0.000000	0.000000	-0.230514	0.000000	0.000000	0.000000	0.000000	0.000000	0.000000	0.000000	0.000000	0.000000	0.000000	0.000000	0.000000	0.000000	0.000000	0.000000
1764624627.659089565	0.000000	0.000000	-0.103480	0.000000	0.000000	0.000000	0.000000	0.000000	-0.230514	0.000000	0.000000	0.000000	0.000000	0.000000	0.000000	0.000000	0.000000	0.000000	0.000000	0.000000	0.000000	0.000000	0.000000	0.000000
1764624627.666832685	0.000000	0.000000	-0.114310	0.000000	0.000000	0.000000	0.000000	0.000000	-0.230514	0.000000	0.000000	0.000000	0.000000	0.000000	0.000000	0.000000	0.000000	0.000000	0.000000	0.000000	0.000000	0.000000	0.000000	0.000000
1764624627.669602633	0.000000	0.000000	-0.091742	0.000000	0.000000	0.000000	0.000000	0.000000	-0.230514	0.000000	0.000000	0.000000	0.000000	0.000000	0.000000	0.000000	0.000000	0.000000	0.000000	0.000000	0.000000	0.000000	0.000000	0.000000
1764624627.679346085	0.000000	0.000000	-0.125262	0.000000	0.000000	0.000000	0.000000	0.000000	-0.230514	0.000000	0.000000	0.000000	0.000000	0.000000	0.000000	0.000000	0.000000	0.000000	0.000000	0.000000	0.000000	0.000000	0.000000	0.000000
1764624627.689688206	0.000000	0.000000	-0.121139	0.000000	0.000000	0.000000	0.000000	0.000000	-0.230514	0.000000	0.000000	0.000000	0.000000	0.000000	0.000000	0.000000	0.000000	0.000000	0.000000	0.000000	0.000000	0.000000	0.000000	0.000000
1764624627.700695515	0.000000	0.000000	-0.019889	0.000000	0.000000	0.000000	0.000000	0.000000	-0.230514	0.000000	0.000000	0.000000	0.000000	0.000000	0.000000	0.000000	0.000000	0.000000	0.000000	0.000000	0.000000	0.000000	0.000000	0.000000
1764624627.709109545	0.000000	0.000000	0.006605	0.000000	0.000000	0.000000	0.000000	0.000000	-0.230514	0.000000	0.000000	0.000000	0.000000	0.000000	0.000000	0.000000	0.000000	0.000000	0.000000	0.000000	0.000000	0.000000	0.000000	0.000000
1764624627.719241381	0.000000	0.000000	0.103612	0.000000	0.000000	0.000000	0.000000	0.000000	-0.215163	0.000000	0.000000	0.000000	0.000000	0.000000	0.000000	0.000000	0.000000	0.000000	0.000000	0.000000	0.000000	0.000000	0.000000	0.000000
1764624627.728593588	0.000000	0.000000	0.146093	0.000000	0.000000	0.000000	0.000000	0.000000	-0.215163	0.000000	0.000000	0.000000	0.000000	0.000000	0.000000	0.000000	0.000000	0.000000	0.000000	0.000000	0.000000	0.000000	0.000000	0.000000
1764624627.738889217	0.000000	0.000000	0.189929	0.000000	0.000000	0.000000	0.000000	0.000000	-0.215163	0.000000	0.000000	0.000000	0.000000	0.000000	0.000000	0.000000	0.000000	0.000000	0.000000	0.000000	0.000000	0.000000	0.000000	0.000000
1764624627.760055780	0.000000	0.000000	0.232428	0.000000	0.000000	0.000000	0.000000	0.000000	-0.215163	0.000000	0.000000	0.000000	0.000000	0.000000	0.000000	0.000000	0.000000	0.000000	0.000000	0.000000	0.000000	0.000000	0.000000	0.000000
1764624627.760067225	0.000000	0.000000	0.200344	0.000000	0.000000	0.000000	0.000000	0.000000	-0.215163	0.000000	0.000000	0.000000	0.000000	0.000000	0.000000	0.000000	0.000000	0.000000	0.000000	0.000000	0.000000	0.000000	0.000000	0.000000
1764624627.769172668	0.000000	0.000000	0.238861	0.000000	0.000000	0.000000	0.000000	0.000000	-0.215163	0.000000	0.000000	0.000000	0.000000	0.000000	0.000000	0.000000	0.000000	0.000000	0.000000	0.000000	0.000000	0.000000	0.000000	0.000000
1764624627.791752815	0.000000	0.000000	0.244862	0.000000	0.000000	0.000000	0.000000	0.000000	-0.215163	0.000000	0.000000	0.000000	0.000000	0.000000	0.000000	0.000000	0.000000	0.000000	0.000000	0.000000	0.000000	0.000000	0.000000	0.000000
1764624627.791769028	0.000000	0.000000	0.230268	0.000000	0.000000	0.000000	0.000000	0.000000	-0.215163	0.000000	0.000000	0.000000	0.000000	0.000000	0.000000	0.000000	0.000000	0.000000	0.000000	0.000000	0.000000	0.000000	0.000000	0.000000
1764624627.799601555	0.000000	0.000000	0.174329	0.000000	0.000000	0.000000	0.000000	0.000000	-0.215163	0.000000	0.000000	0.000000	0.000000	0.000000	0.000000	0.000000	0.000000	0.000000	0.000000	0.000000	0.000000	0.000000	0.000000	0.000000
1764624627.810528278	0.000000	0.000000	0.187783	0.000000	0.000000	0.000000	0.000000	0.000000	-0.215163	0.000000	0.000000	0.000000	0.000000	0.000000	0.000000	0.000000	0.000000	0.000000	0.000000	0.000000	0.000000	0.000000	0.000000	0.000000
1764624627.830521107	0.000000	0.000000	0.148746	0.000000	0.000000	0.000000	0.000000	0.000000	-0.215163	0.000000	0.000000	0.000000	0.000000	0.000000	0.000000	0.000000	0.000000	0.000000	0.000000	0.000000	0.000000	0.000000	0.000000	0.000000
1764624627.832963943	0.000000	0.000000	0.155664	0.000000	0.000000	0.000000	0.000000	0.000000	-0.215163	0.000000	0.000000	0.000000	0.000000	0.000000	0.000000	0.000000	0.000000	0.000000	0.000000	0.000000	0.000000	0.000000	0.000000	0.000000
1764624627.839952469	0.000000	0.000000	0.162924	0.000000	0.000000	0.000000	0.000000	0.000000	-0.215163	0.000000	0.000000	0.000000	0.000000	0.000000	0.000000	0.000000	0.000000	0.000000	0.000000	0.000000	0.000000	0.000000	0.000000	0.000000
1764624627.849557877	0.000000	0.000000	0.143185	0.000000	0.000000	0.000000	0.000000	0.000000	-0.215163	0.000000	0.000000	0.000000	0.000000	0.000000	0.000000	0.000000	0.000000	0.000000	0.000000	0.000000	0.000000	0.000000	0.000000	0.000000
1764624627.858974457	0.000000	0.000000	0.125561	0.000000	0.000000	0.000000	0.000000	0.000000	-0.215163	0.000000	0.000000	0.000000	0.000000	0.000000	0.000000	0.000000	0.000000	0.000000	0.000000	0.000000	0.000000	0.000000	0.000000	0.000000
1764624627.883582592	0.000000	0.000000	0.136301	0.000000	0.000000	0.000000	0.000000	0.000000	-0.215163	0.000000	0.000000	0.000000	0.000000	0.000000	0.000000	0.000000	0.000000	0.000000	0.000000	0.000000	0.000000	0.000000	0.000000	0.000000
1764624627.883604050	0.000000	0.000000	0.097574	0.000000	0.000000	0.000000	0.000000	0.000000	-0.215163	0.000000	0.000000	0.000000	0.000000	0.000000	0.000000	0.000000	0.000000	0.000000	0.000000	0.000000	0.000000	0.000000	0.000000	0.000000
1764624627.889845133	0.000000	0.000000	0.109676	0.000000	0.000000	0.000000	0.000000	0.000000	-0.215163	0.000000	0.000000	0.000000	0.000000	0.000000	0.000000	0.000000	0.000000	0.000000	0.000000	0.000000	0.000000	0.000000	0.000000	0.000000
1764624627.914360285	0.000000	0.000000	0.072327	0.000000	0.000000	0.000000	0.000000	0.000000	-0.215163	0.000000	0.000000	0.000000	0.000000	0.000000	0.000000	0.000000	0.000000	0.000000	0.000000	0.000000	0.000000	0.000000	0.000000	0.000000
1764624627.914380074	0.000000	0.000000	0.070629	0.000000	0.000000	0.000000	0.000000	0.000000	-0.215163	0.000000	0.000000	0.000000	0.000000	0.000000	0.000000	0.000000	0.000000	0.000000	0.000000	0.000000	0.000000	0.000000	0.000000	0.000000
1764624627.918493271	0.000000	0.000000	0.068876	0.000000	0.000000	0.000000	0.000000	0.000000	-0.215163	0.000000	0.000000	0.000000	0.000000	0.000000	0.000000	0.000000	0.000000	0.000000	0.000000	0.000000	0.000000	0.000000	0.000000	0.000000
1764624627.929847240	0.000000	0.000000	0.079262	0.000000	0.000000	0.000000	0.000000	0.000000	-0.215163	0.000000	0.000000	0.000000	0.000000	0.000000	0.000000	0.000000	0.000000	0.000000	0.000000	0.000000	17.593857	0.000000	0.000000	0.000000
1764624627.939973831	0.000000	0.000000	0.050932	0.000000	0.000000	0.000000	0.000000	0.000000	-0.215163	0.000000	0.000000	0.000000	0.000000	0.000000	0.000000	0.000000	0.000000	0.000000	0.000000	0.000000	17.593857	0.000000	0.000000	0.000000
1764624627.950045824	0.000000	0.000000	0.056450	0.000000	0.000000	0.000000	0.000000	0.000000	-0.215163	0.000000	0.000000	0.000000	0.000000	0.000000	0.000000	0.000000	0.000000	0.000000	0.000000	0.000000	17.593857	0.000000	0.000000	0.000000
1764624627.959866762	0.000000	0.000000	0.037095	0.000000	0.000000	0.000000	0.000000	0.000000	-0.177995	0.000000	0.000000	0.000000	0.000000	0.000000	0.000000	0.000000	0.000000	0.000000	0.000000	0.000000	17.593857	0.000000	0.000000	0.000000
1764624627.969759226	0.000000	0.000000	0.041264	0.000000	0.000000	0.000000	0.000000	0.000000	-0.177995	0.000000	0.000000	0.000000	0.000000	0.000000	0.000000	0.000000	0.000000	0.000000	0.000000	0.000000	17.593857	0.000000	0.000000	0.000000
1764624627.995699406	0.000000	0.000000	0.039141	0.000000	0.000000	0.000000	0.000000	0.000000	-0.177995	0.000000	0.000000	0.000000	0.000000	0.000000	0.000000	0.000000	0.000000	0.000000	0.000000	0.000000	17.593857	0.000000	0.000000	0.000000
1764624627.995720625	0.000000	0.000000	0.025020	0.000000	0.000000	0.000000	0.000000	0.000000	-0.177995	0.000000	0.000000	0.000000	0.000000	0.000000	0.000000	0.000000	0.000000	0.000000	0.000000	0.000000	17.593857	0.000000	0.000000	0.000000
1764624627.998445511	0.000000	0.000000	0.041890	0.000000	0.000000	0.000000	0.000000	0.000000	-0.177995	0.000000	0.000000	0.000000	0.000000	0.000000	0.000000	0.000000	0.000000	0.000000	0.000000	0.000000	17.593857	0.000000	0.000000	0.000000
1764624628.010125875	0.000000	0.000000	0.054715	0.000000	0.000000	0.000000	0.000000	0.000000	-0.177995	0.000000	0.000000	0.000000	0.000000	0.000000	0.000000	0.000000	0.000000	0.000000	0.000000	0.000000	17.593857	0.000000	0.000000	0.000000
1764624628.019198179	0.000000	0.000000	-0.000236	0.000000	0.000000	0.000000	0.000000	0.000000	-0.177995	0.000000	0.000000	0.000000	0.000000	0.000000	0.000000	0.000000	0.000000	0.000000	0.000000	0.000000	17.593857	0.000000	0.000000	0.000000
1764624628.041715860	0.000000	0.000000	0.046762	0.000000	0.000000	0.000000	0.000000	0.000000	-0.177995	0.000000	0.000000	0.000000	0.000000	0.000000	0.000000	0.000000	0.000000	0.000000	0.000000	0.000000	17.593857	0.000000	0.000000	0.000000
1764624628.041750193	0.000000	0.000000	0.046712	0.000000	0.000000	0.000000	0.000000	0.000000	-0.177995	0.000000	0.000000	0.000000	0.000000	0.000000	0.000000	0.000000	0.000000	0.000000	0.000000	0.000000	17.593857	0.000000	0.000000	0.000000
1764624628.049965143	0.000000	0.000000	0.082660	0.000000	0.000000	0.000000	0.000000	0.000000	-0.177995	0.000000	0.000000	0.000000	0.000000	0.000000	0.000000	0.000000	0.000000	0.000000	0.000000	0.000000	17.593857	0.000000	0.000000	0.000000
1764624628.072427511	0.000000	0.000000	0.169674	0.000000	0.000000	0.000000	0.000000	0.000000	-0.177995	0.000000	0.000000	0.000000	0.000000	0.000000	0.000000	0.000000	0.000000	0.000000	0.000000	0.000000	17.593857	0.000000	0.000000	0.000000
1764624628.074264288	0.000000	0.000000	0.262209	0.000000	0.000000	0.000000	0.000000	0.000000	-0.177995	0.000000	0.000000	0.000000	0.000000	0.000000	0.000000	0.000000	0.000000	0.000000	0.000000	0.000000	17.593857	0.000000	0.000000	0.000000
1764624628.081194639	0.000000	0.000000	0.257718	0.000000	0.000000	0.000000	0.000000	0.000000	-0.177995	0.000000	0.000000	0.000000	0.000000	0.000000	0.000000	0.000000	0.000000	0.000000	0.000000	0.000000	17.593857	0.000000	0.000000	0.000000
1764624628.090455294	0.000000	0.000000	0.466004	0.000000	0.000000	0.000000	0.000000	0.000000	-0.177995	0.000000	0.000000	0.000000	0.000000	0.000000	0.000000	0.000000	0.000000	0.000000	0.000000	0.000000	17.593857	0.000000	0.000000	0.000000
1764624628.111855745	0.000000	0.000000	0.441402	0.000000	0.000000	0.000000	0.000000	0.000000	-0.177995	0.000000	0.000000	0.000000	0.000000	0.000000	0.000000	0.000000	0.000000	0.000000	0.000000	0.000000	17.593857	0.000000	0.000000	0.000000
1764624628.113638401	0.000000	0.000000	0.569914	0.000000	0.000000	0.000000	0.000000	0.000000	-0.177995	0.000000	0.000000	0.000000	0.000000	0.000000	0.000000	0.000000	0.000000	0.000000	0.000000	0.000000	17.593857	0.000000	0.000000	0.000000
1764624628.119176865	0.000000	0.000000	0.639693	0.000000	0.000000	0.000000	0.000000	0.000000	-0.177995	0.000000	0.000000	0.000000	0.000000	0.000000	0.000000	0.000000	0.000000	0.000000	0.000000	0.000000	17.593857	0.000000	0.000000	0.000000
1764624628.129528284	0.000000	0.000000	0.640620	0.000000	0.000000	0.000000	0.000000	0.000000	-0.177995	0.000000	0.000000	0.000000	0.000000	0.000000	0.000000	0.000000	0.000000	0.000000	0.000000	0.000000	17.593857	0.000000	0.000000	0.000000
1764624628.139814854	0.000000	0.000000	0.749196	0.000000	0.000000	0.000000	0.000000	0.000000	-0.177995	0.000000	0.000000	0.000000	0.000000	0.000000	0.000000	0.000000	0.000000	0.000000	0.000000	0.000000	17.593857	0.000000	0.000000	0.000000
1764624628.150018930	0.000000	0.000000	0.597170	0.000000	0.000000	0.000000	0.000000	0.000000	-0.177995	0.000000	0.000000	0.000000	0.000000	0.000000	0.000000	0.000000	0.000000	0.000000	0.000000	0.000000	17.593857	0.000000	0.000000	0.000000
1764624628.160388231	0.000000	0.000000	0.620986	0.000000	0.000000	0.000000	0.000000	0.000000	-0.177995	0.000000	0.000000	0.000000	0.000000	0.000000	0.000000	0.000000	0.000000	0.000000	0.000000	0.000000	17.593857	0.000000	0.000000	0.000000
1764624628.170681238	0.000000	0.000000	0.516476	0.000000	0.000000	0.000000	0.000000	0.000000	-0.177995	0.000000	0.000000	0.000000	0.000000	0.000000	0.000000	0.000000	0.000000	0.000000	0.000000	0.000000	17.593857	0.000000	0.000000	0.000000
1764624628.179593801	0.000000	0.000000	0.426539	0.000000	0.000000	0.000000	0.000000	0.000000	-0.177995	0.000000	0.000000	0.000000	0.000000	0.000000	0.000000	0.000000	0.000000	0.000000	0.000000	0.000000	17.593857	0.000000	0.000000	0.000000
1764624628.200175047	0.000000	0.000000	0.446754	0.000000	0.000000	0.000000	0.000000	0.000000	-0.177995	0.000000	0.000000	0.000000	0.000000	0.000000	0.000000	0.000000	0.000000	0.000000	0.000000	0.000000	17.593857	0.000000	0.000000	0.000000
1764624628.201845646	0.000000	0.000000	0.308381	0.000000	0.000000	0.000000	0.000000	0.000000	-0.177995	0.000000	0.000000	0.000000	0.000000	0.000000	0.000000	0.000000	0.000000	0.000000	0.000000	0.000000	17.593857	0.000000	0.000000	0.000000
1764624628.210143566	0.000000	0.000000	0.369690	0.000000	0.000000	0.000000	0.000000	0.000000	-0.103740	0.000000	0.000000	0.000000	0.000000	0.000000	0.000000	0.000000	0.000000	0.000000	0.000000	0.000000	17.593857	0.000000	0.000000	0.000000
1764624628.219261885	0.000000	0.000000	0.237382	0.000000	0.000000	0.000000	0.000000	0.000000	-0.103740	0.000000	0.000000	0.000000	0.000000	0.000000	0.000000	0.000000	0.000000	0.000000	0.000000	0.000000	17.593857	0.000000	0.000000	0.000000
1764624628.239382267	0.000000	0.000000	0.254952	0.000000	0.000000	0.000000	0.000000	0.000000	-0.103740	0.000000	0.000000	0.000000	0.000000	0.000000	0.000000	0.000000	0.000000	0.000000	0.000000	0.000000	17.593857	0.000000	0.000000	0.000000
1764624628.239398718	0.000000	0.000000	0.232842	0.000000	0.000000	0.000000	0.000000	0.000000	-0.103740	0.000000	0.000000	0.000000	0.000000	0.000000	0.000000	0.000000	0.000000	0.000000	0.000000	0.000000	17.593857	0.000000	0.000000	0.000000
1764624628.249929667	0.000000	0.000000	0.125777	0.000000	0.000000	0.000000	0.000000	0.000000	-0.103740	0.000000	0.000000	0.000000	0.000000	0.000000	0.000000	0.000000	0.000000	0.000000	0.000000	0.000000	17.593857	0.000000	0.000000	0.000000
1764624628.271952152	0.000000	0.000000	0.197642	0.000000	0.000000	0.000000	0.000000	0.000000	-0.103740	0.000000	0.000000	0.000000	0.000000	0.000000	0.000000	0.000000	0.000000	0.000000	0.000000	0.000000	17.593857	0.000000	0.000000	0.000000
1764624628.273583889	0.000000	0.000000	0.136222	0.000000	0.000000	0.000000	0.000000	0.000000	-0.103740	0.000000	0.000000	0.000000	0.000000	0.000000	0.000000	0.000000	0.000000	0.000000	0.000000	0.000000	17.593857	0.000000	0.000000	0.000000
1764624628.279377222	0.000000	0.000000	0.030424	0.000000	0.000000	0.000000	0.000000	0.000000	-0.103740	0.000000	0.000000	0.000000	0.000000	0.000000	0.000000	0.000000	0.000000	0.000000	0.000000	0.000000	17.593857	0.000000	0.000000	0.000000
1764624628.289637566	0.000000	0.000000	0.150779	0.000000	0.000000	0.000000	0.000000	0.000000	-0.103740	0.000000	0.000000	0.000000	0.000000	0.000000	0.000000	0.000000	0.000000	0.000000	0.000000	0.000000	17.593857	0.000000	0.000000	0.000000
1764624628.302805185	0.000000	0.000000	0.064371	0.000000	0.000000	0.000000	0.000000	0.000000	-0.103740	0.000000	0.000000	0.000000	0.000000	0.000000	0.000000	0.000000	0.000000	0.000000	0.000000	0.000000	17.593857	0.000000	0.000000	0.000000
1764624628.309729099	0.000000	0.000000	-0.002683	0.000000	0.000000	0.000000	0.000000	0.000000	-0.103740	0.000000	0.000000	0.000000	0.000000	0.000000	0.000000	0.000000	0.000000	0.000000	0.000000	0.000000	17.593857	0.000000	0.000000	0.000000
1764624628.319074392	0.000000	0.000000	0.095184	0.000000	0.000000	0.000000	0.000000	0.000000	-0.103740	0.000000	0.000000	0.000000	0.000000	0.000000	0.000000	0.000000	0.000000	0.000000	0.000000	0.000000	17.593857	0.000000	0.000000	0.000000
1764624628.330986977	0.000000	0.000000	0.007327	0.000000	0.000000	0.000000	0.000000	0.000000	-0.103740	0.000000	0.000000	0.000000	0.000000	0.000000	0.000000	0.000000	0.000000	0.000000	0.000000	0.000000	17.593857	0.000000	0.000000	0.000000
1764624628.339733839	0.000000	0.000000	0.055430	0.000000	0.000000	0.000000	0.000000	0.000000	-0.103740	0.000000	0.000000	0.000000	0.000000	0.000000	0.000000	0.000000	0.000000	0.000000	0.000000	0.000000	17.593857	0.000000	0.000000	0.000000
1764624628.364016056	0.000000	0.000000	0.011902	0.000000	0.000000	0.000000	0.000000	0.000000	-0.103740	0.000000	0.000000	0.000000	0.000000	0.000000	0.000000	0.000000	0.000000	0.000000	0.000000	0.000000	17.593857	0.000000	0.000000	0.000000
1764624628.365437031	0.000000	0.000000	0.004221	0.000000	0.000000	0.000000	0.000000	0.000000	-0.103740	0.000000	0.000000	0.000000	0.000000	0.000000	0.000000	0.000000	0.000000	0.000000	0.000000	0.000000	17.593857	0.000000	0.000000	0.000000
1764624628.369156361	0.000000	0.000000	-0.007448	0.000000	0.000000	0.000000	0.000000	0.000000	-0.103740	0.000000	0.000000	0.000000	0.000000	0.000000	0.000000	0.000000	0.000000	0.000000	0.000000	0.000000	17.593857	0.000000	0.000000	0.000000
1764624628.388105392	0.000000	0.000000	0.055412	0.000000	0.000000	0.000000	0.000000	0.000000	-0.103740	0.000000	0.000000	0.000000	0.000000	0.000000	0.000000	0.000000	0.000000	0.000000	0.000000	0.000000	17.593857	0.000000	0.000000	0.000000
1764624628.389899969	0.000000	0.000000	-0.017813	0.000000	0.000000	0.000000	0.000000	0.000000	-0.103740	0.000000	0.000000	0.000000	0.000000	0.000000	0.000000	0.000000	0.000000	0.000000	0.000000	0.000000	17.593857	0.000000	0.000000	0.000000
1764624628.399652481	0.000000	0.000000	0.017681	0.000000	0.000000	0.000000	0.000000	0.000000	-0.103740	0.000000	0.000000	0.000000	0.000000	0.000000	0.000000	0.000000	0.000000	0.000000	0.000000	0.000000	17.593857	0.000000	0.000000	0.000000
1764624628.409848690	0.000000	0.000000	0.009471	0.000000	0.000000	0.000000	0.000000	0.000000	-0.103740	0.000000	0.000000	0.000000	0.000000	0.000000	0.000000	0.000000	0.000000	0.000000	0.000000	0.000000	17.593857	0.000000	0.000000	0.000000
1764624628.432581186	0.000000	0.000000	-0.003233	0.000000	0.000000	0.000000	0.000000	0.000000	-0.103740	0.000000	0.000000	0.000000	0.000000	0.000000	0.000000	0.000000	0.000000	0.000000	0.000000	0.000000	17.593857	0.000000	0.000000	0.000000
1764624628.432595015	0.000000	0.000000	-0.003047	0.000000	0.000000	0.000000	0.000000	0.000000	-0.103740	0.000000	0.000000	0.000000	0.000000	0.000000	0.000000	0.000000	0.000000	0.000000	0.000000	0.000000	17.593857	0.000000	0.000000	0.000000
1764624628.439283133	0.000000	0.000000	0.012512	0.000000	0.000000	0.000000	0.000000	0.000000	-0.103740	0.000000	0.000000	0.000000	0.000000	0.000000	0.000000	0.000000	0.000000	0.000000	0.000000	0.000000	17.593857	0.000000	0.000000	0.000000
1764624628.450076580	0.000000	0.000000	0.018482	0.000000	0.000000	0.000000	0.000000	0.000000	-0.103740	0.000000	0.000000	0.000000	0.000000	0.000000	0.000000	0.000000	0.000000	0.000000	0.000000	0.000000	17.593857	0.000000	0.000000	0.000000
1764624628.459625244	0.000000	0.000000	0.075097	0.000000	0.000000	0.000000	0.000000	0.000000	-0.099641	0.000000	0.000000	0.000000	0.000000	0.000000	0.000000	0.000000	0.000000	0.000000	0.000000	0.000000	17.593857	0.000000	0.000000	0.000000
1764624628.480230808	0.000000	0.000000	-0.030328	0.000000	0.000000	0.000000	0.000000	0.000000	-0.099641	0.000000	0.000000	0.000000	0.000000	0.000000	0.000000	0.000000	0.000000	0.000000	0.000000	0.000000	17.593857	0.000000	0.000000	0.000000
1764624628.482099056	0.000000	0.000000	0.018880	0.000000	0.000000	0.000000	0.000000	0.000000	-0.099641	0.000000	0.000000	0.000000	0.000000	0.000000	0.000000	0.000000	0.000000	0.000000	0.000000	0.000000	17.593857	0.000000	0.000000	0.000000
1764624628.489592075	0.000000	0.000000	0.003217	0.000000	0.000000	0.000000	0.000000	0.000000	-0.099641	0.000000	0.000000	0.000000	0.000000	0.000000	0.000000	0.000000	0.000000	0.000000	0.000000	0.000000	17.593857	0.000000	0.000000	0.000000
1764624628.506479979	0.000000	0.000000	0.031281	0.000000	0.000000	0.000000	0.000000	0.000000	-0.099641	0.000000	0.000000	0.000000	0.000000	0.000000	0.000000	0.000000	0.000000	0.000000	0.000000	0.000000	17.593857	0.000000	0.000000	0.000000
1764624628.509512186	0.000000	0.000000	-0.013017	0.000000	0.000000	0.000000	0.000000	0.000000	-0.099641	0.000000	0.000000	0.000000	0.000000	0.000000	0.000000	0.000000	0.000000	0.000000	0.000000	0.000000	17.593857	0.000000	0.000000	0.000000
1764624628.519267321	0.000000	0.000000	0.012241	0.000000	0.000000	0.000000	0.000000	0.000000	-0.099641	0.000000	0.000000	0.000000	0.000000	0.000000	0.000000	0.000000	0.000000	0.000000	0.000000	0.000000	17.593857	0.000000	0.000000	0.000000
1764624628.530019283	0.000000	0.000000	0.042093	0.000000	0.000000	0.000000	0.000000	0.000000	-0.099641	0.000000	0.000000	0.000000	0.000000	0.000000	0.000000	0.000000	0.000000	0.000000	0.000000	0.000000	17.593857	0.000000	0.000000	0.000000
1764624628.549841166	0.000000	0.000000	0.007709	0.000000	0.000000	0.000000	0.000000	0.000000	-0.099641	0.000000	0.000000	0.000000	0.000000	0.000000	0.000000	0.000000	0.000000	0.000000	0.000000	0.000000	17.593857	0.000000	0.000000	0.000000
1764624628.549849033	0.000000	0.000000	0.049282	0.000000	0.000000	0.000000	0.000000	0.000000	-0.099641	0.000000	0.000000	0.000000	0.000000	0.000000	0.000000	0.000000	0.000000	0.000000	0.000000	0.000000	17.593857	0.000000	0.000000	0.000000
1764624628.559854269	0.000000	0.000000	-0.003554	0.000000	0.000000	0.000000	0.000000	0.000000	-0.099641	0.000000	0.000000	0.000000	0.000000	0.000000	0.000000	0.000000	0.000000	0.000000	0.000000	0.000000	17.593857	0.000000	0.000000	0.000000
1764624628.570149183	0.000000	0.000000	0.003747	0.000000	0.000000	0.000000	0.000000	0.000000	-0.099641	0.000000	0.000000	0.000000	0.000000	0.000000	0.000000	0.000000	0.000000	0.000000	0.000000	0.000000	17.593857	0.000000	0.000000	0.000000
1764624628.581115246	0.000000	0.000000	0.035803	0.000000	0.000000	0.000000	0.000000	0.000000	-0.099641	0.000000	0.000000	0.000000	0.000000	0.000000	0.000000	0.000000	0.000000	0.000000	0.000000	0.000000	17.593857	0.000000	0.000000	0.000000
1764624628.605002880	0.000000	0.000000	-0.012526	0.000000	0.000000	0.000000	0.000000	0.000000	-0.099641	0.000000	0.000000	0.000000	0.000000	0.000000	0.000000	0.000000	0.000000	0.000000	0.000000	0.000000	17.593857	0.000000	0.000000	0.000000
1764624628.607546568	0.000000	0.000000	0.024417	0.000000	0.000000	0.000000	0.000000	0.000000	-0.099641	0.000000	0.000000	0.000000	0.000000	0.000000	0.000000	0.000000	0.000000	0.000000	0.000000	0.000000	17.593857	0.000000	0.000000	0.000000
1764624628.609709024	0.000000	0.000000	0.023538	0.000000	0.000000	0.000000	0.000000	0.000000	-0.099641	0.000000	0.000000	0.000000	0.000000	0.000000	0.000000	0.000000	0.000000	0.000000	0.000000	0.000000	17.593857	0.000000	0.000000	0.000000
1764624628.631872177	0.000000	0.000000	-0.006685	0.000000	0.000000	0.000000	0.000000	0.000000	-0.099641	0.000000	0.000000	0.000000	0.000000	0.000000	0.000000	0.000000	0.000000	0.000000	0.000000	0.000000	17.593857	0.000000	0.000000	0.000000
1764624628.631885052	0.000000	0.000000	0.080708	0.000000	0.000000	0.000000	0.000000	0.000000	-0.099641	0.000000	0.000000	0.000000	0.000000	0.000000	0.000000	0.000000	0.000000	0.000000	0.000000	0.000000	17.593857	0.000000	0.000000	0.000000
1764624628.640326023	0.000000	0.000000	0.025676	0.000000	0.000000	0.000000	0.000000	0.000000	-0.099641	0.000000	0.000000	0.000000	0.000000	0.000000	0.000000	0.000000	0.000000	0.000000	0.000000	0.000000	17.593857	0.000000	0.000000	0.000000
1764624628.649578094	0.000000	0.000000	-0.008586	0.000000	0.000000	0.000000	0.000000	0.000000	-0.099641	0.000000	0.000000	0.000000	0.000000	0.000000	0.000000	0.000000	0.000000	0.000000	0.000000	0.000000	17.593857	0.000000	0.000000	0.000000
1764624628.659563065	0.000000	0.000000	0.045217	0.000000	0.000000	0.000000	0.000000	0.000000	-0.099641	0.000000	0.000000	0.000000	0.000000	0.000000	0.000000	0.000000	0.000000	0.000000	0.000000	0.000000	17.593857	0.000000	0.000000	0.000000
1764624628.683699608	0.000000	0.000000	-0.015881	0.000000	0.000000	0.000000	0.000000	0.000000	-0.099641	0.000000	0.000000	0.000000	0.000000	0.000000	0.000000	0.000000	0.000000	0.000000	0.000000	0.000000	17.593857	0.000000	0.000000	0.000000
1764624628.683707952	0.000000	0.000000	0.056830	0.000000	0.000000	0.000000	0.000000	0.000000	-0.099641	0.000000	0.000000	0.000000	0.000000	0.000000	0.000000	0.000000	0.000000	0.000000	0.000000	0.000000	17.593857	0.000000	0.000000	0.000000
1764624628.690086842	0.000000	0.000000	0.035333	0.000000	0.000000	0.000000	0.000000	0.000000	-0.099641	0.000000	0.000000	0.000000	0.000000	0.000000	0.000000	0.000000	0.000000	0.000000	0.000000	0.000000	17.593857	0.000000	0.000000	0.000000
1764624628.707827330	0.000000	0.000000	0.041533	0.000000	0.000000	0.000000	0.000000	0.000000	-0.099641	0.000000	0.000000	0.000000	0.000000	0.000000	0.000000	0.000000	0.000000	0.000000	0.000000	0.000000	17.593857	0.000000	0.000000	0.000000
1764624628.709729433	0.000000	0.000000	0.036655	0.000000	0.000000	0.000000	0.000000	0.000000	-0.099641	0.000000	0.000000	0.000000	0.000000	0.000000	0.000000	0.000000	0.000000	0.000000	0.000000	0.000000	17.593857	0.000000	0.000000	0.000000
1764624628.719327688	0.000000	0.000000	0.022685	0.000000	0.000000	0.000000	0.000000	0.000000	-0.077982	0.000000	0.000000	0.000000	0.000000	0.000000	0.000000	0.000000	0.000000	0.000000	0.000000	0.000000	17.593857	0.000000	0.000000	0.000000
1764624628.730108976	0.000000	0.000000	0.068862	0.000000	0.000000	0.000000	0.000000	0.000000	-0.077982	0.000000	0.000000	0.000000	0.000000	0.000000	0.000000	0.000000	0.000000	0.000000	0.000000	0.000000	17.593857	0.000000	0.000000	0.000000
1764624628.748527765	0.000000	0.000000	0.009106	0.000000	0.000000	0.000000	0.000000	0.000000	-0.077982	0.000000	0.000000	0.000000	0.000000	0.000000	0.000000	0.000000	0.000000	0.000000	0.000000	0.000000	17.593857	0.000000	0.000000	0.000000
1764624628.748538494	0.000000	0.000000	0.050261	0.000000	0.000000	0.000000	0.000000	0.000000	-0.077982	0.000000	0.000000	0.000000	0.000000	0.000000	0.000000	0.000000	0.000000	0.000000	0.000000	0.000000	17.593857	0.000000	0.000000	0.000000
1764624628.760147810	0.000000	0.000000	0.069636	0.000000	0.000000	0.000000	0.000000	0.000000	-0.077982	0.000000	0.000000	0.000000	0.000000	0.000000	0.000000	0.000000	0.000000	0.000000	0.000000	0.000000	17.593857	0.000000	0.000000	0.000000
1764624628.770266294	0.000000	0.000000	0.058707	0.000000	0.000000	0.000000	0.000000	0.000000	-0.077982	0.000000	0.000000	0.000000	0.000000	0.000000	0.000000	0.000000	0.000000	0.000000	0.000000	0.000000	17.593857	0.000000	0.000000	0.000000
1764624628.791333199	0.000000	0.000000	0.011177	0.000000	0.000000	0.000000	0.000000	0.000000	-0.077982	0.000000	0.000000	0.000000	0.000000	0.000000	0.000000	0.000000	0.000000	0.000000	0.000000	0.000000	17.593857	0.000000	0.000000	0.000000
1764624628.791350842	0.000000	0.000000	0.029837	0.000000	0.000000	0.000000	0.000000	0.000000	-0.077982	0.000000	0.000000	0.000000	0.000000	0.000000	0.000000	0.000000	0.000000	0.000000	0.000000	0.000000	17.593857	0.000000	0.000000	0.000000
1764624628.799469233	0.000000	0.000000	0.069742	0.000000	0.000000	0.000000	0.000000	0.000000	-0.077982	0.000000	0.000000	0.000000	0.000000	0.000000	0.000000	0.000000	0.000000	0.000000	0.000000	0.000000	17.593857	0.000000	0.000000	0.000000
1764624628.809417725	0.000000	0.000000	0.037260	0.000000	0.000000	0.000000	0.000000	0.000000	-0.077982	0.000000	0.000000	0.000000	0.000000	0.000000	0.000000	0.000000	0.000000	0.000000	0.000000	0.000000	17.593857	0.000000	0.000000	0.000000
1764624628.834850788	0.000000	0.000000	0.074834	0.000000	0.000000	0.000000	0.000000	0.000000	-0.077982	0.000000	0.000000	0.000000	0.000000	0.000000	0.000000	0.000000	0.000000	0.000000	0.000000	0.000000	17.593857	0.000000	0.000000	0.000000
1764624628.838724375	0.000000	0.000000	0.064449	0.000000	0.000000	0.000000	0.000000	0.000000	-0.077982	0.000000	0.000000	0.000000	0.000000	0.000000	0.000000	0.000000	0.000000	0.000000	0.000000	0.000000	17.593857	0.000000	0.000000	0.000000
1764624628.838742733	0.000000	0.000000	0.094534	0.000000	0.000000	0.000000	0.000000	0.000000	-0.077982	0.000000	0.000000	0.000000	0.000000	0.000000	0.000000	0.000000	0.000000	0.000000	0.000000	0.000000	17.593857	0.000000	0.000000	0.000000
1764624628.849877834	0.000000	0.000000	0.036222	0.000000	0.000000	0.000000	0.000000	0.000000	-0.077982	0.000000	0.000000	0.000000	0.000000	0.000000	0.000000	0.000000	0.000000	0.000000	0.000000	0.000000	17.593857	0.000000	0.000000	0.000000
1764624628.859072685	0.000000	0.000000	0.040665	0.000000	0.000000	0.000000	0.000000	0.000000	-0.077982	0.000000	0.000000	0.000000	0.000000	0.000000	0.000000	0.000000	0.000000	0.000000	0.000000	0.000000	17.593857	0.000000	0.000000	0.000000
1764624628.879168987	0.000000	0.000000	0.079423	0.000000	0.000000	0.000000	0.000000	0.000000	-0.077982	0.000000	0.000000	0.000000	0.000000	0.000000	0.000000	0.000000	0.000000	0.000000	0.000000	0.000000	17.593857	0.000000	0.000000	0.000000
1764624628.885261774	0.000000	0.000000	0.034019	0.000000	0.000000	0.000000	0.000000	0.000000	-0.077982	0.000000	0.000000	0.000000	0.000000	0.000000	0.000000	0.000000	0.000000	0.000000	0.000000	0.000000	17.593857	0.000000	0.000000	0.000000
1764624628.890054703	0.000000	0.000000	0.071199	0.000000	0.000000	0.000000	0.000000	0.000000	-0.077982	0.000000	0.000000	0.000000	0.000000	0.000000	0.000000	0.000000	0.000000	0.000000	0.000000	0.000000	17.593857	0.000000	0.000000	0.000000
1764624628.909096956	0.000000	0.000000	0.021360	0.000000	0.000000	0.000000	0.000000	0.000000	-0.077982	0.000000	0.000000	0.000000	0.000000	0.000000	0.000000	0.000000	0.000000	0.000000	0.000000	0.000000	17.593857	0.000000	0.000000	0.000000
1764624628.914836407	0.000000	0.000000	0.069346	0.000000	0.000000	0.000000	0.000000	0.000000	-0.077982	0.000000	0.000000	0.000000	0.000000	0.000000	0.000000	0.000000	0.000000	0.000000	0.000000	0.000000	17.593857	0.000000	0.000000	0.000000
1764624628.919010162	0.000000	0.000000	0.073126	0.000000	0.000000	0.000000	0.000000	0.000000	-0.077982	0.000000	0.000000	0.000000	0.000000	0.000000	0.000000	0.000000	0.000000	0.000000	0.000000	0.000000	17.593857	0.000000	0.000000	0.000000
1764624628.929164648	0.000000	0.000000	0.075352	0.000000	0.000000	0.000000	0.000000	0.000000	-0.077982	0.000000	0.000000	0.000000	0.000000	0.000000	0.000000	0.000000	0.000000	0.000000	0.000000	0.000000	17.593857	0.000000	0.000000	0.000000
1764624628.939877272	0.000000	0.000000	0.067624	0.000000	0.000000	0.000000	0.000000	0.000000	-0.077982	0.000000	0.000000	0.000000	0.000000	0.000000	0.000000	0.000000	0.000000	0.000000	0.000000	0.000000	17.593857	0.000000	0.000000	0.000000
1764624628.949853897	0.000000	0.000000	0.041987	0.000000	0.000000	0.000000	0.000000	0.000000	-0.077982	0.000000	0.000000	0.000000	0.000000	0.000000	0.000000	0.000000	0.000000	0.000000	0.000000	0.000000	17.593857	0.000000	0.000000	0.000000
1764624628.966446877	0.000000	0.000000	0.061103	0.000000	0.000000	0.000000	0.000000	0.000000	-0.058322	0.000000	0.000000	0.000000	0.000000	0.000000	0.000000	0.000000	0.000000	0.000000	0.000000	0.000000	17.593857	0.000000	0.000000	0.000000
1764624628.969486237	0.000000	0.000000	0.086321	0.000000	0.000000	0.000000	0.000000	0.000000	-0.058322	0.000000	0.000000	0.000000	0.000000	0.000000	0.000000	0.000000	0.000000	0.000000	0.000000	0.000000	17.593857	0.000000	0.000000	0.000000
1764624628.979480743	0.000000	0.000000	0.057579	0.000000	0.000000	0.000000	0.000000	0.000000	-0.058322	0.000000	0.000000	0.000000	0.000000	0.000000	0.000000	0.000000	0.000000	0.000000	0.000000	0.000000	17.593857	0.000000	0.000000	0.000000
1764624629.004819870	0.000000	0.000000	0.089066	0.000000	0.000000	0.000000	0.000000	0.000000	-0.058322	0.000000	0.000000	0.000000	0.000000	0.000000	0.000000	0.000000	0.000000	0.000000	0.000000	0.000000	17.593857	0.000000	0.000000	0.000000
1764624629.006525517	0.000000	0.000000	0.018594	0.000000	0.000000	0.000000	0.000000	0.000000	-0.058322	0.000000	0.000000	0.000000	0.000000	0.000000	0.000000	0.000000	0.000000	0.000000	0.000000	0.000000	17.593857	0.000000	0.000000	0.000000
1764624629.009302616	0.000000	0.000000	0.070720	0.000000	0.000000	0.000000	0.000000	0.000000	-0.058322	0.000000	0.000000	0.000000	0.000000	0.000000	0.000000	0.000000	0.000000	0.000000	0.000000	0.000000	17.593857	0.000000	0.000000	0.000000
1764624629.032222748	0.000000	0.000000	0.055433	0.000000	0.000000	0.000000	0.000000	0.000000	-0.058322	0.000000	0.000000	0.000000	0.000000	0.000000	0.000000	0.000000	0.000000	0.000000	0.000000	0.000000	17.593857	0.000000	0.000000	0.000000
1764624629.032241106	0.000000	0.000000	0.104243	0.000000	0.000000	0.000000	0.000000	0.000000	-0.058322	0.000000	0.000000	0.000000	0.000000	0.000000	0.000000	0.000000	0.000000	0.000000	0.000000	0.000000	17.593857	0.000000	0.000000	0.000000
1764624629.039174557	0.000000	0.000000	0.018905	0.000000	0.000000	0.000000	0.000000	0.000000	-0.058322	0.000000	0.000000	0.000000	0.000000	0.000000	0.000000	0.000000	0.000000	0.000000	0.000000	0.000000	17.593857	0.000000	0.000000	0.000000
1764624629.049757242	0.000000	0.000000	0.087643	0.000000	0.000000	0.000000	0.000000	0.000000	-0.058322	0.000000	0.000000	0.000000	0.000000	0.000000	0.000000	0.000000	0.000000	0.000000	0.000000	0.000000	17.593857	0.000000	0.000000	0.000000
1764624629.059743881	0.000000	0.000000	0.090293	0.000000	0.000000	0.000000	0.000000	0.000000	-0.058322	0.000000	0.000000	0.000000	0.000000	0.000000	0.000000	0.000000	0.000000	0.000000	0.000000	0.000000	17.593857	0.000000	0.000000	0.000000
1764624629.087636471	0.000000	0.000000	0.082513	0.000000	0.000000	0.000000	0.000000	0.000000	-0.058322	0.000000	0.000000	0.000000	0.000000	0.000000	0.000000	0.000000	0.000000	0.000000	0.000000	0.000000	17.593857	0.000000	0.000000	0.000000
1764624629.087667465	0.000000	0.000000	0.061428	0.000000	0.000000	0.000000	0.000000	0.000000	-0.058322	0.000000	0.000000	0.000000	0.000000	0.000000	0.000000	0.000000	0.000000	0.000000	0.000000	0.000000	17.593857	0.000000	0.000000	0.000000
1764624629.089473963	0.000000	0.000000	0.073769	0.000000	0.000000	0.000000	0.000000	0.000000	-0.058322	0.000000	0.000000	0.000000	0.000000	0.000000	0.000000	0.000000	0.000000	0.000000	0.000000	0.000000	17.593857	0.000000	0.000000	0.000000
1764624629.098940372	0.000000	0.000000	0.056211	0.000000	0.000000	0.000000	0.000000	0.000000	-0.058322	0.000000	0.000000	0.000000	0.000000	0.000000	0.000000	0.000000	0.000000	0.000000	0.000000	0.000000	17.593857	0.000000	0.000000	0.000000
1764624629.115490198	0.000000	0.000000	0.080759	0.000000	0.000000	0.000000	0.000000	0.000000	-0.058322	0.000000	0.000000	0.000000	0.000000	0.000000	0.000000	0.000000	0.000000	0.000000	0.000000	0.000000	17.593857	0.000000	0.000000	0.000000
1764624629.119219065	0.000000	0.000000	0.038142	0.000000	0.000000	0.000000	0.000000	0.000000	-0.058322	0.000000	0.000000	0.000000	0.000000	0.000000	0.000000	0.000000	0.000000	0.000000	0.000000	0.000000	17.593857	0.000000	0.000000	0.000000
1764624629.129054308	0.000000	0.000000	0.074543	0.000000	0.000000	0.000000	0.000000	0.000000	-0.058322	0.000000	0.000000	0.000000	0.000000	0.000000	0.000000	0.000000	0.000000	0.000000	0.000000	0.000000	17.593857	0.000000	0.000000	0.000000
1764624629.147098303	0.000000	0.000000	0.042673	0.000000	0.000000	0.000000	0.000000	0.000000	-0.058322	0.000000	0.000000	0.000000	0.000000	0.000000	0.000000	0.000000	0.000000	0.000000	0.000000	0.000000	17.593857	0.000000	0.000000	0.000000
1764624629.148860455	0.000000	0.000000	0.080250	0.000000	0.000000	0.000000	0.000000	0.000000	-0.058322	0.000000	0.000000	0.000000	0.000000	0.000000	0.000000	0.000000	0.000000	0.000000	0.000000	0.000000	17.593857	0.000000	0.000000	0.000000
1764624629.158969879	0.000000	0.000000	0.067612	0.000000	0.000000	0.000000	0.000000	0.000000	-0.058322	0.000000	0.000000	0.000000	0.000000	0.000000	0.000000	0.000000	0.000000	0.000000	0.000000	0.000000	17.593857	0.000000	0.000000	0.000000
1764624629.169056177	0.000000	0.000000	0.063360	0.000000	0.000000	0.000000	0.000000	0.000000	-0.058322	0.000000	0.000000	0.000000	0.000000	0.000000	0.000000	0.000000	0.000000	0.000000	0.000000	0.000000	17.593857	0.000000	0.000000	0.000000
1764624629.190827847	0.000000	0.000000	0.098663	0.000000	0.000000	0.000000	0.000000	0.000000	-0.058322	0.000000	0.000000	0.000000	0.000000	0.000000	0.000000	0.000000	0.000000	0.000000	0.000000	0.000000	17.593857	0.000000	0.000000	0.000000
1764624629.190836430	0.000000	0.000000	0.050285	0.000000	0.000000	0.000000	0.000000	0.000000	-0.058322	0.000000	0.000000	0.000000	0.000000	0.000000	0.000000	0.000000	0.000000	0.000000	0.000000	0.000000	17.593857	0.000000	0.000000	0.000000
1764624629.199033022	0.000000	0.000000	0.027763	0.000000	0.000000	0.000000	0.000000	0.000000	-0.058322	0.000000	0.000000	0.000000	0.000000	0.000000	0.000000	0.000000	0.000000	0.000000	0.000000	0.000000	17.593857	0.000000	0.000000	0.000000
1764624629.209143639	0.000000	0.000000	0.082387	0.000000	0.000000	0.000000	0.000000	0.000000	-0.010521	0.000000	0.000000	0.000000	0.000000	0.000000	0.000000	0.000000	0.000000	0.000000	0.000000	0.000000	17.593857	0.000000	0.000000	0.000000
1764624629.219347239	0.000000	0.000000	0.064055	0.000000	0.000000	0.000000	0.000000	0.000000	-0.010521	0.000000	0.000000	0.000000	0.000000	0.000000	0.000000	0.000000	0.000000	0.000000	0.000000	0.000000	17.593857	0.000000	0.000000	0.000000
1764624629.238913536	0.000000	0.000000	0.058614	0.000000	0.000000	0.000000	0.000000	0.000000	-0.010521	0.000000	0.000000	0.000000	0.000000	0.000000	0.000000	0.000000	0.000000	0.000000	0.000000	0.000000	17.593857	0.000000	0.000000	0.000000
1764624629.242394686	0.000000	0.000000	0.066409	0.000000	0.000000	0.000000	0.000000	0.000000	-0.010521	0.000000	0.000000	0.000000	0.000000	0.000000	0.000000	0.000000	0.000000	0.000000	0.000000	0.000000	17.593857	0.000000	0.000000	0.000000
1764624629.248705864	0.000000	0.000000	0.066194	0.000000	0.000000	0.000000	0.000000	0.000000	-0.010521	0.000000	0.000000	0.000000	0.000000	0.000000	0.000000	0.000000	0.000000	0.000000	0.000000	0.000000	17.593857	0.000000	0.000000	0.000000
1764624629.267396688	0.000000	0.000000	0.101320	0.000000	0.000000	0.000000	0.000000	0.000000	-0.010521	0.000000	0.000000	0.000000	0.000000	0.000000	0.000000	0.000000	0.000000	0.000000	0.000000	0.000000	17.593857	0.000000	0.000000	0.000000
1764624629.268823147	0.000000	0.000000	0.080063	0.000000	0.000000	0.000000	0.000000	0.000000	-0.010521	0.000000	0.000000	0.000000	0.000000	0.000000	0.000000	0.000000	0.000000	0.000000	0.000000	0.000000	17.593857	0.000000	0.000000	0.000000
1764624629.278908014	0.000000	0.000000	0.037943	0.000000	0.000000	0.000000	0.000000	0.000000	-0.010521	0.000000	0.000000	0.000000	0.000000	0.000000	0.000000	0.000000	0.000000	0.000000	0.000000	0.000000	17.593857	0.000000	0.000000	0.000000
1764624629.288918495	0.000000	0.000000	0.096897	0.000000	0.000000	0.000000	0.000000	0.000000	-0.010521	0.000000	0.000000	0.000000	0.000000	0.000000	0.000000	0.000000	0.000000	0.000000	0.000000	0.000000	17.593857	0.000000	0.000000	0.000000
1764624629.298804045	0.000000	0.000000	0.059876	0.000000	0.000000	0.000000	0.000000	0.000000	-0.010521	0.000000	0.000000	0.000000	0.000000	0.000000	0.000000	0.000000	0.000000	0.000000	0.000000	0.000000	17.593857	0.000000	0.000000	0.000000
1764624629.318629503	0.000000	0.000000	0.096519	0.000000	0.000000	0.000000	0.000000	0.000000	-0.010521	0.000000	0.000000	0.000000	0.000000	0.000000	0.000000	0.000000	0.000000	0.000000	0.000000	0.000000	17.593857	0.000000	0.000000	0.000000
1764624629.318645239	0.000000	0.000000	0.026216	0.000000	0.000000	0.000000	0.000000	0.000000	-0.010521	0.000000	0.000000	0.000000	0.000000	0.000000	0.000000	0.000000	0.000000	0.000000	0.000000	0.000000	17.593857	0.000000	0.000000	0.000000
1764624629.328909159	0.000000	0.000000	0.051972	0.000000	0.000000	0.000000	0.000000	0.000000	-0.010521	0.000000	0.000000	0.000000	0.000000	0.000000	0.000000	0.000000	0.000000	0.000000	0.000000	0.000000	17.593857	0.000000	0.000000	0.000000
1764624629.344311237	0.000000	0.000000	0.115168	0.000000	0.000000	0.000000	0.000000	0.000000	-0.010521	0.000000	0.000000	0.000000	0.000000	0.000000	0.000000	0.000000	0.000000	0.000000	0.000000	0.000000	17.593857	0.000000	0.000000	0.000000
1764624629.349075556	0.000000	0.000000	0.026331	0.000000	0.000000	0.000000	0.000000	0.000000	-0.010521	0.000000	0.000000	0.000000	0.000000	0.000000	0.000000	0.000000	0.000000	0.000000	0.000000	0.000000	17.593857	0.000000	0.000000	0.000000
1764624629.358827591	0.000000	0.000000	0.042517	0.000000	0.000000	0.000000	0.000000	0.000000	-0.010521	0.000000	0.000000	0.000000	0.000000	0.000000	0.000000	0.000000	0.000000	0.000000	0.000000	0.000000	17.593857	0.000000	0.000000	0.000000
1764624629.368886709	0.000000	0.000000	0.090205	0.000000	0.000000	0.000000	0.000000	0.000000	-0.010521	0.000000	0.000000	0.000000	0.000000	0.000000	0.000000	0.000000	0.000000	0.000000	0.000000	0.000000	17.593857	0.000000	0.000000	0.000000
1764624629.378553629	0.000000	0.000000	0.050512	0.000000	0.000000	0.000000	0.000000	0.000000	-0.010521	0.000000	0.000000	0.000000	0.000000	0.000000	0.000000	0.000000	0.000000	0.000000	0.000000	0.000000	17.593857	0.000000	0.000000	0.000000
1764624629.398043871	0.000000	0.000000	0.051208	0.000000	0.000000	0.000000	0.000000	0.000000	-0.010521	0.000000	0.000000	0.000000	0.000000	0.000000	0.000000	0.000000	0.000000	0.000000	0.000000	0.000000	17.593857	0.000000	0.000000	0.000000
1764624629.404087543	0.000000	0.000000	0.070824	0.000000	0.000000	0.000000	0.000000	0.000000	-0.010521	0.000000	0.000000	0.000000	0.000000	0.000000	0.000000	0.000000	0.000000	0.000000	0.000000	0.000000	17.593857	0.000000	0.000000	0.000000
1764624629.408656836	0.000000	0.000000	0.026326	0.000000	0.000000	0.000000	0.000000	0.000000	-0.010521	0.000000	0.000000	0.000000	0.000000	0.000000	0.000000	0.000000	0.000000	0.000000	0.000000	0.000000	17.593857	0.000000	0.000000	0.000000
1764624629.428416729	0.000000	0.000000	0.058488	0.000000	0.000000	0.000000	0.000000	0.000000	-0.010521	0.000000	0.000000	0.000000	0.000000	0.000000	0.000000	0.000000	0.000000	0.000000	0.000000	0.000000	17.593857	0.000000	0.000000	0.000000
1764624629.428431511	0.000000	0.000000	0.054220	0.000000	0.000000	0.000000	0.000000	0.000000	-0.010521	0.000000	0.000000	0.000000	0.000000	0.000000	0.000000	0.000000	0.000000	0.000000	0.000000	0.000000	17.593857	0.000000	0.000000	0.000000
1764624629.438768148	0.000000	0.000000	0.051516	0.000000	0.000000	0.000000	0.000000	0.000000	-0.010521	0.000000	0.000000	0.000000	0.000000	0.000000	0.000000	0.000000	0.000000	0.000000	0.000000	0.000000	17.593857	0.000000	0.000000	0.000000
1764624629.450098038	0.000000	0.000000	0.083996	0.000000	0.000000	0.000000	0.000000	0.000000	-0.010521	0.000000	0.000000	0.000000	0.000000	0.000000	0.000000	0.000000	0.000000	0.000000	0.000000	0.000000	17.593857	0.000000	0.000000	0.000000
1764624629.468483210	0.000000	0.000000	0.055348	0.000000	0.000000	0.000000	0.000000	0.000000	0.011645	0.000000	0.000000	0.000000	0.000000	0.000000	0.000000	0.000000	0.000000	0.000000	0.000000	0.000000	17.593857	0.000000	0.000000	0.000000
1764624629.473853111	0.000000	0.000000	0.052534	0.000000	0.000000	0.000000	0.000000	0.000000	0.011645	0.000000	0.000000	0.000000	0.000000	0.000000	0.000000	0.000000	0.000000	0.000000	0.000000	0.000000	17.593857	0.000000	0.000000	0.000000
1764624629.478817463	0.000000	0.000000	0.074938	0.000000	0.000000	0.000000	0.000000	0.000000	0.011645	0.000000	0.000000	0.000000	0.000000	0.000000	0.000000	0.000000	0.000000	0.000000	0.000000	0.000000	17.593857	0.000000	0.000000	0.000000
1764624629.488935947	0.000000	0.000000	0.034900	0.000000	0.000000	0.000000	0.000000	0.000000	0.011645	0.000000	0.000000	0.000000	0.000000	0.000000	0.000000	0.000000	0.000000	0.000000	0.000000	0.000000	17.593857	0.000000	0.000000	0.000000
1764624629.513983965	0.000000	0.000000	0.011084	0.000000	0.000000	0.000000	0.000000	0.000000	0.011645	0.000000	0.000000	0.000000	0.000000	0.000000	0.000000	0.000000	0.000000	0.000000	0.000000	0.000000	17.593857	0.000000	0.000000	0.000000
1764624629.514003515	0.000000	0.000000	0.098406	0.000000	0.000000	0.000000	0.000000	0.000000	0.011645	0.000000	0.000000	0.000000	0.000000	0.000000	0.000000	0.000000	0.000000	0.000000	0.000000	0.000000	17.593857	0.000000	0.000000	0.000000
1764624629.518923283	0.000000	0.000000	0.077324	0.000000	0.000000	0.000000	0.000000	0.000000	0.011645	0.000000	0.000000	0.000000	0.000000	0.000000	0.000000	0.000000	0.000000	0.000000	0.000000	0.000000	17.593857	0.000000	0.000000	0.000000
1764624629.529194593	0.000000	0.000000	0.032515	0.000000	0.000000	0.000000	0.000000	0.000000	0.011645	0.000000	0.000000	0.000000	0.000000	0.000000	0.000000	0.000000	0.000000	0.000000	0.000000	0.000000	17.593857	0.000000	0.000000	0.000000
1764624629.539599657	0.000000	0.000000	0.035187	0.000000	0.000000	0.000000	0.000000	0.000000	0.011645	0.000000	0.000000	0.000000	0.000000	0.000000	0.000000	0.000000	0.000000	0.000000	0.000000	0.000000	17.593857	0.000000	0.000000	0.000000
1764624629.557688951	0.000000	0.000000	0.054210	0.000000	0.000000	0.000000	0.000000	0.000000	0.011645	0.000000	0.000000	0.000000	0.000000	0.000000	0.000000	0.000000	0.000000	0.000000	0.000000	0.000000	17.593857	0.000000	0.000000	0.000000
1764624629.559599400	0.000000	0.000000	0.075677	0.000000	0.000000	0.000000	0.000000	0.000000	0.011645	0.000000	0.000000	0.000000	0.000000	0.000000	0.000000	0.000000	0.000000	0.000000	0.000000	0.000000	17.593857	0.000000	0.000000	0.000000
1764624629.569973946	0.000000	0.000000	0.047957	0.000000	0.000000	0.000000	0.000000	0.000000	0.011645	0.000000	0.000000	0.000000	0.000000	0.000000	0.000000	0.000000	0.000000	0.000000	0.000000	0.000000	17.593857	0.000000	0.000000	0.000000
1764624629.597031116	0.000000	0.000000	0.048383	0.000000	0.000000	0.000000	0.000000	0.000000	0.011645	0.000000	0.000000	0.000000	0.000000	0.000000	0.000000	0.000000	0.000000	0.000000	0.000000	0.000000	17.593857	0.000000	0.000000	0.000000
1764624629.597037077	0.000000	0.000000	0.104944	0.000000	0.000000	0.000000	0.000000	0.000000	0.011645	0.000000	0.000000	0.000000	0.000000	0.000000	0.000000	0.000000	0.000000	0.000000	0.000000	0.000000	17.593857	0.000000	0.000000	0.000000
1764624629.599341631	0.000000	0.000000	0.028246	0.000000	0.000000	0.000000	0.000000	0.000000	0.011645	0.000000	0.000000	0.000000	0.000000	0.000000	0.000000	0.000000	0.000000	0.000000	0.000000	0.000000	17.593857	0.000000	0.000000	0.000000
1764624629.610003471	0.000000	0.000000	0.076993	0.000000	0.000000	0.000000	0.000000	0.000000	0.011645	0.000000	0.000000	0.000000	0.000000	0.000000	0.000000	0.000000	0.000000	0.000000	0.000000	0.000000	17.593857	0.000000	0.000000	0.000000
1764624629.618854761	0.000000	0.000000	0.045539	0.000000	0.000000	0.000000	0.000000	0.000000	0.011645	0.000000	0.000000	0.000000	0.000000	0.000000	0.000000	0.000000	0.000000	0.000000	0.000000	0.000000	17.593857	0.000000	0.000000	0.000000
1764624629.629797459	0.000000	0.000000	0.044908	0.000000	0.000000	0.000000	0.000000	0.000000	0.011645	0.000000	0.000000	0.000000	0.000000	0.000000	0.000000	0.000000	0.000000	0.000000	0.000000	0.000000	17.593857	0.000000	0.000000	0.000000
1764624629.648770809	0.000000	0.000000	0.044135	0.000000	0.000000	0.000000	0.000000	0.000000	0.011645	0.000000	0.000000	0.000000	0.000000	0.000000	0.000000	0.000000	0.000000	0.000000	0.000000	0.000000	17.593857	0.000000	0.000000	0.000000
1764624629.650832176	0.000000	0.000000	0.066641	0.000000	0.000000	0.000000	0.000000	0.000000	0.011645	0.000000	0.000000	0.000000	0.000000	0.000000	0.000000	0.000000	0.000000	0.000000	0.000000	0.000000	17.593857	0.000000	0.000000	0.000000
1764624629.659347296	0.000000	0.000000	0.016180	0.000000	0.000000	0.000000	0.000000	0.000000	0.011645	0.000000	0.000000	0.000000	0.000000	0.000000	0.000000	0.000000	0.000000	0.000000	0.000000	0.000000	17.593857	0.000000	0.000000	0.000000
1764624629.669792652	0.000000	0.000000	0.062770	0.000000	0.000000	0.000000	0.000000	0.000000	0.011645	0.000000	0.000000	0.000000	0.000000	0.000000	0.000000	0.000000	0.000000	0.000000	0.000000	0.000000	17.593857	0.000000	0.000000	0.000000
1764624629.692854404	0.000000	0.000000	0.037561	0.000000	0.000000	0.000000	0.000000	0.000000	0.011645	0.000000	0.000000	0.000000	0.000000	0.000000	0.000000	0.000000	0.000000	0.000000	0.000000	0.000000	17.593857	0.000000	0.000000	0.000000
1764624629.692871571	0.000000	0.000000	0.071379	0.000000	0.000000	0.000000	0.000000	0.000000	0.011645	0.000000	0.000000	0.000000	0.000000	0.000000	0.000000	0.000000	0.000000	0.000000	0.000000	0.000000	17.593857	0.000000	0.000000	0.000000
1764624629.708819151	0.000000	0.000000	0.020623	0.000000	0.000000	0.000000	0.000000	0.000000	0.011645	0.000000	0.000000	0.000000	0.000000	0.000000	0.000000	0.000000	0.000000	0.000000	0.000000	0.000000	17.593857	0.000000	0.000000	0.000000
1764624629.717835665	0.000000	0.000000	0.080392	0.000000	0.000000	0.000000	0.000000	0.000000	0.033299	0.000000	0.000000	0.000000	0.000000	0.000000	0.000000	0.000000	0.000000	0.000000	0.000000	0.000000	17.593857	0.000000	0.000000	0.000000
1764624629.717849016	0.000000	0.000000	0.033689	0.000000	0.000000	0.000000	0.000000	0.000000	0.033299	0.000000	0.000000	0.000000	0.000000	0.000000	0.000000	0.000000	0.000000	0.000000	0.000000	0.000000	17.593857	0.000000	0.000000	0.000000
1764624629.729135513	0.000000	0.000000	0.060335	0.000000	0.000000	0.000000	0.000000	0.000000	0.033299	0.000000	0.000000	0.000000	0.000000	0.000000	0.000000	0.000000	0.000000	0.000000	0.000000	0.000000	17.593857	0.000000	0.000000	0.000000
1764624629.740513086	0.000000	0.000000	-0.007747	0.000000	0.000000	0.000000	0.000000	0.000000	0.033299	0.000000	0.000000	0.000000	0.000000	0.000000	0.000000	0.000000	0.000000	0.000000	0.000000	0.000000	17.593857	0.000000	0.000000	0.000000
1764624629.751031399	0.000000	0.000000	0.103209	0.000000	0.000000	0.000000	0.000000	0.000000	0.033299	0.000000	0.000000	0.000000	0.000000	0.000000	0.000000	0.000000	0.000000	0.000000	0.000000	0.000000	17.593857	0.000000	0.000000	0.000000
1764624629.768706083	0.000000	0.000000	0.048254	0.000000	0.000000	0.000000	0.000000	0.000000	0.033299	0.000000	0.000000	0.000000	0.000000	0.000000	0.000000	0.000000	0.000000	0.000000	0.000000	0.000000	17.593857	0.000000	0.000000	0.000000
1764624629.768737793	0.000000	0.000000	0.030917	0.000000	0.000000	0.000000	0.000000	0.000000	0.033299	0.000000	0.000000	0.000000	0.000000	0.000000	0.000000	0.000000	0.000000	0.000000	0.000000	0.000000	17.593857	0.000000	0.000000	0.000000
1764624629.792130709	0.000000	0.000000	0.100437	0.000000	0.000000	0.000000	0.000000	0.000000	0.033299	0.000000	0.000000	0.000000	0.000000	0.000000	0.000000	0.000000	0.000000	0.000000	0.000000	0.000000	17.593857	0.000000	0.000000	0.000000
1764624629.792150021	0.000000	0.000000	0.018457	0.000000	0.000000	0.000000	0.000000	0.000000	0.033299	0.000000	0.000000	0.000000	0.000000	0.000000	0.000000	0.000000	0.000000	0.000000	0.000000	0.000000	17.593857	0.000000	0.000000	0.000000
1764624629.799075127	0.000000	0.000000	0.081771	0.000000	0.000000	0.000000	0.000000	0.000000	0.033299	0.000000	0.000000	0.000000	0.000000	0.000000	0.000000	0.000000	0.000000	0.000000	0.000000	0.000000	17.593857	0.000000	0.000000	0.000000
1764624629.809123516	0.000000	0.000000	0.021941	0.000000	0.000000	0.000000	0.000000	0.000000	0.033299	0.000000	0.000000	0.000000	0.000000	0.000000	0.000000	0.000000	0.000000	0.000000	0.000000	0.000000	17.593857	0.000000	0.000000	0.000000
1764624629.819257259	0.000000	0.000000	0.011246	0.000000	0.000000	0.000000	0.000000	0.000000	0.033299	0.000000	0.000000	0.000000	0.000000	0.000000	0.000000	0.000000	0.000000	0.000000	0.000000	0.000000	17.593857	0.000000	0.000000	0.000000
1764624629.828674078	0.000000	0.000000	0.069993	0.000000	0.000000	0.000000	0.000000	0.000000	0.033299	0.000000	0.000000	0.000000	0.000000	0.000000	0.000000	0.000000	0.000000	0.000000	0.000000	0.000000	17.593857	0.000000	0.000000	0.000000
1764624629.842348576	0.000000	0.000000	0.073484	0.000000	0.000000	0.000000	0.000000	0.000000	0.033299	0.000000	0.000000	0.000000	0.000000	0.000000	0.000000	0.000000	0.000000	0.000000	0.000000	0.000000	17.593857	0.000000	0.000000	0.000000
1764624629.848951578	0.000000	0.000000	0.026043	0.000000	0.000000	0.000000	0.000000	0.000000	0.033299	0.000000	0.000000	0.000000	0.000000	0.000000	0.000000	0.000000	0.000000	0.000000	0.000000	0.000000	17.593857	0.000000	0.000000	0.000000
1764624629.859295368	0.000000	0.000000	0.073675	0.000000	0.000000	0.000000	0.000000	0.000000	0.033299	0.000000	0.000000	0.000000	0.000000	0.000000	0.000000	0.000000	0.000000	0.000000	0.000000	0.000000	17.593857	0.000000	0.000000	0.000000
1764624629.869503021	0.000000	0.000000	0.052350	0.000000	0.000000	0.000000	0.000000	0.000000	0.033299	0.000000	0.000000	0.000000	0.000000	0.000000	0.000000	0.000000	0.000000	0.000000	0.000000	0.000000	17.593857	0.000000	0.000000	0.000000
1764624629.882055998	0.000000	0.000000	0.055071	0.000000	0.000000	0.000000	0.000000	0.000000	0.033299	0.000000	0.000000	0.000000	0.000000	0.000000	0.000000	0.000000	0.000000	0.000000	0.000000	0.000000	17.593857	0.000000	0.000000	0.000000
1764624629.889046669	0.000000	0.000000	0.070313	0.000000	0.000000	0.000000	0.000000	0.000000	0.033299	0.000000	0.000000	0.000000	0.000000	0.000000	0.000000	0.000000	0.000000	0.000000	0.000000	0.000000	17.593857	0.000000	0.000000	0.000000
1764624629.898993492	0.000000	0.000000	0.007025	0.000000	0.000000	0.000000	0.000000	0.000000	0.033299	0.000000	0.000000	0.000000	0.000000	0.000000	0.000000	0.000000	0.000000	0.000000	0.000000	0.000000	17.593857	0.000000	0.000000	0.000000
1764624629.917393684	0.000000	0.000000	0.085838	0.000000	0.000000	0.000000	0.000000	0.000000	0.033299	0.000000	0.000000	0.000000	0.000000	0.000000	0.000000	0.000000	0.000000	0.000000	0.000000	0.000000	17.593857	0.000000	0.000000	0.000000
1764624629.919342995	0.000000	0.000000	0.019064	0.000000	0.000000	0.000000	0.000000	0.000000	0.033299	0.000000	0.000000	0.000000	0.000000	0.000000	0.000000	0.000000	0.000000	0.000000	0.000000	0.000000	17.593857	0.000000	0.000000	0.000000
1764624629.930254459	0.000000	0.000000	0.063783	0.000000	0.000000	0.000000	0.000000	0.000000	0.033299	0.000000	0.000000	0.000000	0.000000	0.000000	0.000000	0.000000	0.000000	0.000000	0.000000	0.000000	17.593857	0.000000	0.000000	0.000000
1764624629.939881325	0.000000	0.000000	0.060521	0.000000	0.000000	0.000000	0.000000	0.000000	0.033299	0.000000	0.000000	0.000000	0.000000	0.000000	0.000000	0.000000	0.000000	0.000000	0.000000	0.000000	17.593857	0.000000	0.000000	0.000000
1764624629.956177473	0.000000	0.000000	0.013627	0.000000	0.000000	0.000000	0.000000	0.000000	0.055412	0.000000	0.000000	0.000000	0.000000	0.000000	0.000000	0.000000	0.000000	0.000000	0.000000	0.000000	17.593857	0.000000	0.000000	0.000000
1764624629.960059166	0.000000	0.000000	0.031213	0.000000	0.000000	0.000000	0.000000	0.000000	0.055412	0.000000	0.000000	0.000000	0.000000	0.000000	0.000000	0.000000	0.000000	0.000000	0.000000	0.000000	17.593857	0.000000	0.000000	0.000000
1764624629.969965696	0.000000	0.000000	0.062955	0.000000	0.000000	0.000000	0.000000	0.000000	0.055412	0.000000	0.000000	0.000000	0.000000	0.000000	0.000000	0.000000	0.000000	0.000000	0.000000	0.000000	17.593857	0.000000	0.000000	0.000000
1764624629.979602814	0.000000	0.000000	0.011188	0.000000	0.000000	0.000000	0.000000	0.000000	0.055412	0.000000	0.000000	0.000000	0.000000	0.000000	0.000000	0.000000	0.000000	0.000000	0.000000	0.000000	17.593857	0.000000	0.000000	0.000000
1764624629.990348101	0.000000	0.000000	0.078199	0.000000	0.000000	0.000000	0.000000	0.000000	0.055412	0.000000	0.000000	0.000000	0.000000	0.000000	0.000000	0.000000	0.000000	0.000000	0.000000	0.000000	17.593857	0.000000	0.000000	0.000000
1764624630.008959770	0.000000	0.000000	0.070891	0.000000	0.000000	0.000000	0.000000	0.000000	0.055412	0.000000	0.000000	0.000000	0.000000	0.000000	0.000000	0.000000	0.000000	0.000000	0.000000	0.000000	17.593857	0.000000	0.000000	0.000000
1764624630.008990526	0.000000	0.000000	0.026693	0.000000	0.000000	0.000000	0.000000	0.000000	0.055412	0.000000	0.000000	0.000000	0.000000	0.000000	0.000000	0.000000	0.000000	0.000000	0.000000	0.000000	17.593857	0.000000	0.000000	0.000000
1764624630.019065857	0.000000	0.000000	0.084090	0.000000	0.000000	0.000000	0.000000	0.000000	0.055412	0.000000	0.000000	0.000000	0.000000	0.000000	0.000000	0.000000	0.000000	0.000000	0.000000	0.000000	17.593857	0.000000	0.000000	0.000000
1764624630.039917469	0.000000	0.000000	0.030132	0.000000	0.000000	0.000000	0.000000	0.000000	0.055412	0.000000	0.000000	0.000000	0.000000	0.000000	0.000000	0.000000	0.000000	0.000000	0.000000	0.000000	17.593857	0.000000	0.000000	0.000000
1764624630.041664124	0.000000	0.000000	0.065058	0.000000	0.000000	0.000000	0.000000	0.000000	0.055412	0.000000	0.000000	0.000000	0.000000	0.000000	0.000000	0.000000	0.000000	0.000000	0.000000	0.000000	17.593857	0.000000	0.000000	0.000000
1764624630.049713612	0.000000	0.000000	0.048688	0.000000	0.000000	0.000000	0.000000	0.000000	0.055412	0.000000	0.000000	0.000000	0.000000	0.000000	0.000000	0.000000	0.000000	0.000000	0.000000	0.000000	17.593857	0.000000	0.000000	0.000000
1764624630.059801817	0.000000	0.000000	0.038425	0.000000	0.000000	0.000000	0.000000	0.000000	0.055412	0.000000	0.000000	0.000000	0.000000	0.000000	0.000000	0.000000	0.000000	0.000000	0.000000	0.000000	17.593857	0.000000	0.000000	0.000000
1764624630.078769684	0.000000	0.000000	0.022783	0.000000	0.000000	0.000000	0.000000	0.000000	0.055412	0.000000	0.000000	0.000000	0.000000	0.000000	0.000000	0.000000	0.000000	0.000000	0.000000	0.000000	17.593857	0.000000	0.000000	0.000000
1764624630.078779459	0.000000	0.000000	0.070223	0.000000	0.000000	0.000000	0.000000	0.000000	0.055412	0.000000	0.000000	0.000000	0.000000	0.000000	0.000000	0.000000	0.000000	0.000000	0.000000	0.000000	17.593857	0.000000	0.000000	0.000000
1764624630.090028286	0.000000	0.000000	0.019421	0.000000	0.000000	0.000000	0.000000	0.000000	0.055412	0.000000	0.000000	0.000000	0.000000	0.000000	0.000000	0.000000	0.000000	0.000000	0.000000	0.000000	17.593857	0.000000	0.000000	0.000000
1764624630.099531412	0.000000	0.000000	0.058817	0.000000	0.000000	0.000000	0.000000	0.000000	0.055412	0.000000	0.000000	0.000000	0.000000	0.000000	0.000000	0.000000	0.000000	0.000000	0.000000	0.000000	17.593857	0.000000	0.000000	0.000000
1764624630.115476131	0.000000	0.000000	0.035568	0.000000	0.000000	0.000000	0.000000	0.000000	0.055412	0.000000	0.000000	0.000000	0.000000	0.000000	0.000000	0.000000	0.000000	0.000000	0.000000	0.000000	17.593857	0.000000	0.000000	0.000000
1764624630.118826628	0.000000	0.000000	0.029727	0.000000	0.000000	0.000000	0.000000	0.000000	0.055412	0.000000	0.000000	0.000000	0.000000	0.000000	0.000000	0.000000	0.000000	0.000000	0.000000	0.000000	17.593857	0.000000	0.000000	0.000000
1764624630.129234314	0.000000	0.000000	0.095061	0.000000	0.000000	0.000000	0.000000	0.000000	0.055412	0.000000	0.000000	0.000000	0.000000	0.000000	0.000000	0.000000	0.000000	0.000000	0.000000	0.000000	17.593857	0.000000	0.000000	0.000000
1764624630.152389526	0.000000	0.000000	0.007301	0.000000	0.000000	0.000000	0.000000	0.000000	0.055412	0.000000	0.000000	0.000000	0.000000	0.000000	0.000000	0.000000	0.000000	0.000000	0.000000	0.000000	17.593857	0.000000	0.000000	0.000000
1764624630.153975964	0.000000	0.000000	0.062228	0.000000	0.000000	0.000000	0.000000	0.000000	0.055412	0.000000	0.000000	0.000000	0.000000	0.000000	0.000000	0.000000	0.000000	0.000000	0.000000	0.000000	17.593857	0.000000	0.000000	0.000000
1764624630.159438848	0.000000	0.000000	0.038741	0.000000	0.000000	0.000000	0.000000	0.000000	0.055412	0.000000	0.000000	0.000000	0.000000	0.000000	0.000000	0.000000	0.000000	0.000000	0.000000	0.000000	17.593857	0.000000	0.000000	0.000000
1764624630.170021296	0.000000	0.000000	0.031803	0.000000	0.000000	0.000000	0.000000	0.000000	0.055412	0.000000	0.000000	0.000000	0.000000	0.000000	0.000000	0.000000	0.000000	0.000000	0.000000	0.000000	17.593857	0.000000	0.000000	0.000000
1764624630.179689646	0.000000	0.000000	0.051195	0.000000	0.000000	0.000000	0.000000	0.000000	0.055412	0.000000	0.000000	0.000000	0.000000	0.000000	0.000000	0.000000	0.000000	0.000000	0.000000	0.000000	17.593857	0.000000	0.000000	0.000000
1764624630.200132370	0.000000	0.000000	0.016884	0.000000	0.000000	0.000000	0.000000	0.000000	0.055412	0.000000	0.000000	0.000000	0.000000	0.000000	0.000000	0.000000	0.000000	0.000000	0.000000	0.000000	17.593857	0.000000	0.000000	0.000000
1764624630.202098846	0.000000	0.000000	0.030767	0.000000	0.000000	0.000000	0.000000	0.000000	0.055412	0.000000	0.000000	0.000000	0.000000	0.000000	0.000000	0.000000	0.000000	0.000000	0.000000	0.000000	17.593857	0.000000	0.000000	0.000000
1764624630.209367990	0.000000	0.000000	0.086740	0.000000	0.000000	0.000000	0.000000	0.000000	0.072262	0.000000	0.000000	0.000000	0.000000	0.000000	0.000000	0.000000	0.000000	0.000000	0.000000	0.000000	17.593857	0.000000	0.000000	0.000000
1764624630.230193615	0.000000	0.000000	-0.012080	0.000000	0.000000	0.000000	0.000000	0.000000	0.072262	0.000000	0.000000	0.000000	0.000000	0.000000	0.000000	0.000000	0.000000	0.000000	0.000000	0.000000	17.593857	0.000000	0.000000	0.000000
1764624630.231655121	0.000000	0.000000	0.054597	0.000000	0.000000	0.000000	0.000000	0.000000	0.072262	0.000000	0.000000	0.000000	0.000000	0.000000	0.000000	0.000000	0.000000	0.000000	0.000000	0.000000	17.593857	0.000000	0.000000	0.000000
1764624630.240285397	0.000000	0.000000	0.062520	0.000000	0.000000	0.000000	0.000000	0.000000	0.072262	0.000000	0.000000	0.000000	0.000000	0.000000	0.000000	0.000000	0.000000	0.000000	0.000000	0.000000	17.593857	0.000000	0.000000	0.000000
1764624630.249763727	0.000000	0.000000	0.004471	0.000000	0.000000	0.000000	0.000000	0.000000	0.072262	0.000000	0.000000	0.000000	0.000000	0.000000	0.000000	0.000000	0.000000	0.000000	0.000000	0.000000	17.593857	0.000000	0.000000	0.000000
1764624630.259339333	0.000000	0.000000	0.062172	0.000000	0.000000	0.000000	0.000000	0.000000	0.072262	0.000000	0.000000	0.000000	0.000000	0.000000	0.000000	0.000000	0.000000	0.000000	0.000000	0.000000	17.593857	0.000000	0.000000	0.000000
1764624630.269419432	0.000000	0.000000	0.042864	0.000000	0.000000	0.000000	0.000000	0.000000	0.072262	0.000000	0.000000	0.000000	0.000000	0.000000	0.000000	0.000000	0.000000	0.000000	0.000000	0.000000	17.593857	0.000000	0.000000	0.000000
1764624630.287847996	0.000000	0.000000	0.008287	0.000000	0.000000	0.000000	0.000000	0.000000	0.072262	0.000000	0.000000	0.000000	0.000000	0.000000	0.000000	0.000000	0.000000	0.000000	0.000000	0.000000	17.593857	0.000000	0.000000	0.000000
1764624630.290108204	0.000000	0.000000	0.075627	0.000000	0.000000	0.000000	0.000000	0.000000	0.072262	0.000000	0.000000	0.000000	0.000000	0.000000	0.000000	0.000000	0.000000	0.000000	0.000000	0.000000	17.593857	0.000000	0.000000	0.000000
1764624630.300703287	0.000000	0.000000	0.001337	0.000000	0.000000	0.000000	0.000000	0.000000	0.072262	0.000000	0.000000	0.000000	0.000000	0.000000	0.000000	0.000000	0.000000	0.000000	0.000000	0.000000	17.593857	0.000000	0.000000	0.000000
1764624630.319303751	0.000000	0.000000	0.036590	0.000000	0.000000	0.000000	0.000000	0.000000	0.072262	0.000000	0.000000	0.000000	0.000000	0.000000	0.000000	0.000000	0.000000	0.000000	0.000000	0.000000	17.593857	0.000000	0.000000	0.000000
1764624630.319310665	0.000000	0.000000	0.045243	0.000000	0.000000	0.000000	0.000000	0.000000	0.072262	0.000000	0.000000	0.000000	0.000000	0.000000	0.000000	0.000000	0.000000	0.000000	0.000000	0.000000	17.593857	0.000000	0.000000	0.000000
1764624630.328656912	0.000000	0.000000	0.071572	0.000000	0.000000	0.000000	0.000000	0.000000	0.072262	0.000000	0.000000	0.000000	0.000000	0.000000	0.000000	0.000000	0.000000	0.000000	0.000000	0.000000	17.593857	0.000000	0.000000	0.000000
1764624630.340105772	0.000000	0.000000	0.012666	0.000000	0.000000	0.000000	0.000000	0.000000	0.072262	0.000000	0.000000	0.000000	0.000000	0.000000	0.000000	0.000000	0.000000	0.000000	0.000000	0.000000	17.593857	0.000000	0.000000	0.000000
1764624630.349850178	0.000000	0.000000	0.076682	0.000000	0.000000	0.000000	0.000000	0.000000	0.072262	0.000000	0.000000	0.000000	0.000000	0.000000	0.000000	0.000000	0.000000	0.000000	0.000000	0.000000	17.593857	0.000000	0.000000	0.000000
1764624630.362291574	0.000000	0.000000	0.002747	0.000000	0.000000	0.000000	0.000000	0.000000	0.072262	0.000000	0.000000	0.000000	0.000000	0.000000	0.000000	0.000000	0.000000	0.000000	0.000000	0.000000	17.593857	0.000000	0.000000	0.000000
1764624630.371694803	0.000000	0.000000	0.034169	0.000000	0.000000	0.000000	0.000000	0.000000	0.072262	0.000000	0.000000	0.000000	0.000000	0.000000	0.000000	0.000000	0.000000	0.000000	0.000000	0.000000	17.593857	0.000000	0.000000	0.000000
1764624630.379367828	0.000000	0.000000	0.051132	0.000000	0.000000	0.000000	0.000000	0.000000	0.072262	0.000000	0.000000	0.000000	0.000000	0.000000	0.000000	0.000000	0.000000	0.000000	0.000000	0.000000	17.593857	0.000000	0.000000	0.000000
1764624630.388903618	0.000000	0.000000	0.037242	0.000000	0.000000	0.000000	0.000000	0.000000	0.072262	0.000000	0.000000	0.000000	0.000000	0.000000	0.000000	0.000000	0.000000	0.000000	0.000000	0.000000	17.593857	0.000000	0.000000	0.000000
1764624630.407039404	0.000000	0.000000	0.059722	0.000000	0.000000	0.000000	0.000000	0.000000	0.072262	0.000000	0.000000	0.000000	0.000000	0.000000	0.000000	0.000000	0.000000	0.000000	0.000000	0.000000	17.593857	0.000000	0.000000	0.000000
1764624630.409349442	0.000000	0.000000	0.000005	0.000000	0.000000	0.000000	0.000000	0.000000	0.072262	0.000000	0.000000	0.000000	0.000000	0.000000	0.000000	0.000000	0.000000	0.000000	0.000000	0.000000	17.593857	0.000000	0.000000	0.000000
1764624630.434835911	0.000000	0.000000	0.058002	0.000000	0.000000	0.000000	0.000000	0.000000	0.072262	0.000000	0.000000	0.000000	0.000000	0.000000	0.000000	0.000000	0.000000	0.000000	0.000000	0.000000	17.593857	0.000000	0.000000	0.000000
1764624630.436174154	0.000000	0.000000	0.077006	0.000000	0.000000	0.000000	0.000000	0.000000	0.072262	0.000000	0.000000	0.000000	0.000000	0.000000	0.000000	0.000000	0.000000	0.000000	0.000000	0.000000	17.593857	0.000000	0.000000	0.000000
1764624630.439569950	0.000000	0.000000	-0.015584	0.000000	0.000000	0.000000	0.000000	0.000000	0.072262	0.000000	0.000000	0.000000	0.000000	0.000000	0.000000	0.000000	0.000000	0.000000	0.000000	0.000000	17.593857	0.000000	0.000000	0.000000
1764624630.450241804	0.000000	0.000000	0.061795	0.000000	0.000000	0.000000	0.000000	0.000000	0.072262	0.000000	0.000000	0.000000	0.000000	0.000000	0.000000	0.000000	0.000000	0.000000	0.000000	0.000000	17.593857	0.000000	0.000000	0.000000
1764624630.460128784	0.000000	0.000000	0.035532	0.000000	0.000000	0.000000	0.000000	0.000000	0.091453	0.000000	0.000000	0.000000	0.000000	0.000000	0.000000	0.000000	0.000000	0.000000	0.000000	0.000000	17.593857	0.000000	0.000000	0.000000
1764624630.469895601	0.000000	0.000000	0.034476	0.000000	0.000000	0.000000	0.000000	0.000000	0.091453	0.000000	0.000000	0.000000	0.000000	0.000000	0.000000	0.000000	0.000000	0.000000	0.000000	0.000000	17.593857	0.000000	0.000000	0.000000
1764624630.488702774	0.000000	0.000000	0.049408	0.000000	0.000000	0.000000	0.000000	0.000000	0.091453	0.000000	0.000000	0.000000	0.000000	0.000000	0.000000	0.000000	0.000000	0.000000	0.000000	0.000000	17.593857	0.000000	0.000000	0.000000
1764624630.489793301	0.000000	0.000000	0.040665	0.000000	0.000000	0.000000	0.000000	0.000000	0.091453	0.000000	0.000000	0.000000	0.000000	0.000000	0.000000	0.000000	0.000000	0.000000	0.000000	0.000000	17.593857	0.000000	0.000000	0.000000
1764624630.499491453	0.000000	0.000000	0.054802	0.000000	0.000000	0.000000	0.000000	0.000000	0.091453	0.000000	0.000000	0.000000	0.000000	0.000000	0.000000	0.000000	0.000000	0.000000	0.000000	0.000000	17.593857	0.000000	0.000000	0.000000
1764624630.518602848	0.000000	0.000000	0.044957	0.000000	0.000000	0.000000	0.000000	0.000000	0.091453	0.000000	0.000000	0.000000	0.000000	0.000000	0.000000	0.000000	0.000000	0.000000	0.000000	0.000000	17.593857	0.000000	0.000000	0.000000
1764624630.518615246	0.000000	0.000000	0.007872	0.000000	0.000000	0.000000	0.000000	0.000000	0.091453	0.000000	0.000000	0.000000	0.000000	0.000000	0.000000	0.000000	0.000000	0.000000	0.000000	0.000000	17.593857	0.000000	0.000000	0.000000
1764624630.529523849	0.000000	0.000000	0.062172	0.000000	0.000000	0.000000	0.000000	0.000000	0.091453	0.000000	0.000000	0.000000	0.000000	0.000000	0.000000	0.000000	0.000000	0.000000	0.000000	0.000000	17.593857	0.000000	0.000000	0.000000
1764624630.539516211	0.000000	0.000000	0.046210	0.000000	0.000000	0.000000	0.000000	0.000000	0.091453	0.000000	0.000000	0.000000	0.000000	0.000000	0.000000	0.000000	0.000000	0.000000	0.000000	0.000000	17.593857	0.000000	0.000000	0.000000
1764624630.549450874	0.000000	0.000000	0.017232	0.000000	0.000000	0.000000	0.000000	0.000000	0.091453	0.000000	0.000000	0.000000	0.000000	0.000000	0.000000	0.000000	0.000000	0.000000	0.000000	0.000000	17.593857	0.000000	0.000000	0.000000
1764624630.568916082	0.000000	0.000000	0.075264	0.000000	0.000000	0.000000	0.000000	0.000000	0.091453	0.000000	0.000000	0.000000	0.000000	0.000000	0.000000	0.000000	0.000000	0.000000	0.000000	0.000000	17.593857	0.000000	0.000000	0.000000
1764624630.570392370	0.000000	0.000000	0.038300	0.000000	0.000000	0.000000	0.000000	0.000000	0.091453	0.000000	0.000000	0.000000	0.000000	0.000000	0.000000	0.000000	0.000000	0.000000	0.000000	0.000000	17.593857	0.000000	0.000000	0.000000
1764624630.578436375	0.000000	0.000000	0.073188	0.000000	0.000000	0.000000	0.000000	0.000000	0.091453	0.000000	0.000000	0.000000	0.000000	0.000000	0.000000	0.000000	0.000000	0.000000	0.000000	0.000000	17.593857	0.000000	0.000000	0.000000
1764624630.589649200	0.000000	0.000000	0.036170	0.000000	0.000000	0.000000	0.000000	0.000000	0.091453	0.000000	0.000000	0.000000	0.000000	0.000000	0.000000	0.000000	0.000000	0.000000	0.000000	0.000000	17.593857	0.000000	0.000000	0.000000
1764624630.602566481	0.000000	0.000000	0.014515	0.000000	0.000000	0.000000	0.000000	0.000000	0.091453	0.000000	0.000000	0.000000	0.000000	0.000000	0.000000	0.000000	0.000000	0.000000	0.000000	0.000000	17.593857	0.000000	0.000000	0.000000
1764624630.608984470	0.000000	0.000000	0.022023	0.000000	0.000000	0.000000	0.000000	0.000000	0.091453	0.000000	0.000000	0.000000	0.000000	0.000000	0.000000	0.000000	0.000000	0.000000	0.000000	0.000000	17.593857	0.000000	0.000000	0.000000
1764624630.622132063	0.000000	0.000000	0.065185	0.000000	0.000000	0.000000	0.000000	0.000000	0.091453	0.000000	0.000000	0.000000	0.000000	0.000000	0.000000	0.000000	0.000000	0.000000	0.000000	0.000000	17.593857	0.000000	0.000000	0.000000
1764624630.641599178	0.000000	0.000000	0.023478	0.000000	0.000000	0.000000	0.000000	0.000000	0.091453	0.000000	0.000000	0.000000	0.000000	0.000000	0.000000	0.000000	0.000000	0.000000	0.000000	0.000000	17.593857	0.000000	0.000000	0.000000
1764624630.641613245	0.000000	0.000000	0.054547	0.000000	0.000000	0.000000	0.000000	0.000000	0.091453	0.000000	0.000000	0.000000	0.000000	0.000000	0.000000	0.000000	0.000000	0.000000	0.000000	0.000000	17.593857	0.000000	0.000000	0.000000
1764624630.649495602	0.000000	0.000000	0.007877	0.000000	0.000000	0.000000	0.000000	0.000000	0.091453	0.000000	0.000000	0.000000	0.000000	0.000000	0.000000	0.000000	0.000000	0.000000	0.000000	0.000000	17.593857	0.000000	0.000000	0.000000
1764624630.659693241	0.000000	0.000000	0.073561	0.000000	0.000000	0.000000	0.000000	0.000000	0.091453	0.000000	0.000000	0.000000	0.000000	0.000000	0.000000	0.000000	0.000000	0.000000	0.000000	0.000000	17.593857	0.000000	0.000000	0.000000
1764624630.670100927	0.000000	0.000000	0.006139	0.000000	0.000000	0.000000	0.000000	0.000000	0.091453	0.000000	0.000000	0.000000	0.000000	0.000000	0.000000	0.000000	0.000000	0.000000	0.000000	0.000000	17.593857	0.000000	0.000000	0.000000
1764624630.691195250	0.000000	0.000000	0.036885	0.000000	0.000000	0.000000	0.000000	0.000000	0.091453	0.000000	0.000000	0.000000	0.000000	0.000000	0.000000	0.000000	0.000000	0.000000	0.000000	0.000000	17.593857	0.000000	0.000000	0.000000
1764624630.693078041	0.000000	0.000000	0.028930	0.000000	0.000000	0.000000	0.000000	0.000000	0.091453	0.000000	0.000000	0.000000	0.000000	0.000000	0.000000	0.000000	0.000000	0.000000	0.000000	0.000000	17.593857	0.000000	0.000000	0.000000
1764624630.699874163	0.000000	0.000000	0.042132	0.000000	0.000000	0.000000	0.000000	0.000000	0.091453	0.000000	0.000000	0.000000	0.000000	0.000000	0.000000	0.000000	0.000000	0.000000	0.000000	0.000000	17.593857	0.000000	0.000000	0.000000
1764624630.720906019	0.000000	0.000000	0.024137	0.000000	0.000000	0.000000	0.000000	0.000000	0.110169	0.000000	0.000000	0.000000	0.000000	0.000000	0.000000	0.000000	0.000000	0.000000	0.000000	0.000000	17.593857	0.000000	0.000000	0.000000
1764624630.720916033	0.000000	0.000000	0.038593	0.000000	0.000000	0.000000	0.000000	0.000000	0.110169	0.000000	0.000000	0.000000	0.000000	0.000000	0.000000	0.000000	0.000000	0.000000	0.000000	0.000000	17.593857	0.000000	0.000000	0.000000
1764624630.729541540	0.000000	0.000000	0.037237	0.000000	0.000000	0.000000	0.000000	0.000000	0.110169	0.000000	0.000000	0.000000	0.000000	0.000000	0.000000	0.000000	0.000000	0.000000	0.000000	0.000000	17.593857	0.000000	0.000000	0.000000
1764624630.740336180	0.000000	0.000000	0.043817	0.000000	0.000000	0.000000	0.000000	0.000000	0.110169	0.000000	0.000000	0.000000	0.000000	0.000000	0.000000	0.000000	0.000000	0.000000	0.000000	0.000000	17.593857	0.000000	0.000000	0.000000
1764624630.750097513	0.000000	0.000000	0.028339	0.000000	0.000000	0.000000	0.000000	0.000000	0.110169	0.000000	0.000000	0.000000	0.000000	0.000000	0.000000	0.000000	0.000000	0.000000	0.000000	0.000000	17.593857	0.000000	0.000000	0.000000
1764624630.770782471	0.000000	0.000000	0.030024	0.000000	0.000000	0.000000	0.000000	0.000000	0.110169	0.000000	0.000000	0.000000	0.000000	0.000000	0.000000	0.000000	0.000000	0.000000	0.000000	0.000000	17.593857	0.000000	0.000000	0.000000
1764624630.772116899	0.000000	0.000000	0.029544	0.000000	0.000000	0.000000	0.000000	0.000000	0.110169	0.000000	0.000000	0.000000	0.000000	0.000000	0.000000	0.000000	0.000000	0.000000	0.000000	0.000000	17.593857	0.000000	0.000000	0.000000
1764624630.780285597	0.000000	0.000000	0.037256	0.000000	0.000000	0.000000	0.000000	0.000000	0.110169	0.000000	0.000000	0.000000	0.000000	0.000000	0.000000	0.000000	0.000000	0.000000	0.000000	0.000000	17.593857	0.000000	0.000000	0.000000
1764624630.797933578	0.000000	0.000000	0.042864	0.000000	0.000000	0.000000	0.000000	0.000000	0.110169	0.000000	0.000000	0.000000	0.000000	0.000000	0.000000	0.000000	0.000000	0.000000	0.000000	0.000000	17.593857	0.000000	0.000000	0.000000
1764624630.797949553	0.000000	0.000000	0.008920	0.000000	0.000000	0.000000	0.000000	0.000000	0.110169	0.000000	0.000000	0.000000	0.000000	0.000000	0.000000	0.000000	0.000000	0.000000	0.000000	0.000000	17.593857	0.000000	0.000000	0.000000
1764624630.809081554	0.000000	0.000000	0.087275	0.000000	0.000000	0.000000	0.000000	0.000000	0.110169	0.000000	0.000000	0.000000	0.000000	0.000000	0.000000	0.000000	0.000000	0.000000	0.000000	0.000000	17.593857	0.000000	0.000000	0.000000
1764624630.828650951	0.000000	0.000000	0.001998	0.000000	0.000000	0.000000	0.000000	0.000000	0.110169	0.000000	0.000000	0.000000	0.000000	0.000000	0.000000	0.000000	0.000000	0.000000	0.000000	0.000000	17.593857	0.000000	0.000000	0.000000
1764624630.834921598	0.000000	0.000000	0.047382	0.000000	0.000000	0.000000	0.000000	0.000000	0.110169	0.000000	0.000000	0.000000	0.000000	0.000000	0.000000	0.000000	0.000000	0.000000	0.000000	0.000000	17.593857	0.000000	0.000000	0.000000
1764624630.839461803	0.000000	0.000000	0.044486	0.000000	0.000000	0.000000	0.000000	0.000000	0.110169	0.000000	0.000000	0.000000	0.000000	0.000000	0.000000	0.000000	0.000000	0.000000	0.000000	0.000000	17.593857	0.000000	0.000000	0.000000
1764624630.849087715	0.000000	0.000000	0.025764	0.000000	0.000000	0.000000	0.000000	0.000000	0.110169	0.000000	0.000000	0.000000	0.000000	0.000000	0.000000	0.000000	0.000000	0.000000	0.000000	0.000000	17.593857	0.000000	0.000000	0.000000
1764624630.859391928	0.000000	0.000000	0.046663	0.000000	0.000000	0.000000	0.000000	0.000000	0.110169	0.000000	0.000000	0.000000	0.000000	0.000000	0.000000	0.000000	0.000000	0.000000	0.000000	0.000000	17.593857	0.000000	0.000000	0.000000
1764624630.868942976	0.000000	0.000000	0.041073	0.000000	0.000000	0.000000	0.000000	0.000000	0.110169	0.000000	0.000000	0.000000	0.000000	0.000000	0.000000	0.000000	0.000000	0.000000	0.000000	0.000000	17.593857	0.000000	0.000000	0.000000
1764624630.890052795	0.000000	0.000000	-0.037128	0.000000	0.000000	0.000000	0.000000	0.000000	0.110169	0.000000	0.000000	0.000000	0.000000	0.000000	0.000000	0.000000	0.000000	0.000000	0.000000	0.000000	17.593857	0.000000	0.000000	0.000000
1764624630.890066385	0.000000	0.000000	0.082228	0.000000	0.000000	0.000000	0.000000	0.000000	0.110169	0.000000	0.000000	0.000000	0.000000	0.000000	0.000000	0.000000	0.000000	0.000000	0.000000	0.000000	17.593857	0.000000	0.000000	0.000000
1764624630.898874998	0.000000	0.000000	0.006530	0.000000	0.000000	0.000000	0.000000	0.000000	0.110169	0.000000	0.000000	0.000000	0.000000	0.000000	0.000000	0.000000	0.000000	0.000000	0.000000	0.000000	17.593857	0.000000	0.000000	0.000000
1764624630.908837795	0.000000	0.000000	0.029762	0.000000	0.000000	0.000000	0.000000	0.000000	0.110169	0.000000	0.000000	0.000000	0.000000	0.000000	0.000000	0.000000	0.000000	0.000000	0.000000	0.000000	17.593857	0.000000	0.000000	0.000000
1764624630.933754444	0.000000	0.000000	0.042036	0.000000	0.000000	0.000000	0.000000	0.000000	0.110169	0.000000	0.000000	0.000000	0.000000	0.000000	0.000000	0.000000	0.000000	0.000000	0.000000	0.000000	17.593857	0.000000	0.000000	0.000000
1764624630.933765173	0.000000	0.000000	0.004426	0.000000	0.000000	0.000000	0.000000	0.000000	0.110169	0.000000	0.000000	0.000000	0.000000	0.000000	0.000000	0.000000	0.000000	0.000000	0.000000	0.000000	17.593857	0.000000	0.000000	0.000000
1764624630.939390421	0.000000	0.000000	0.014942	0.000000	0.000000	0.000000	0.000000	0.000000	0.110169	0.000000	0.000000	0.000000	0.000000	0.000000	0.000000	0.000000	0.000000	0.000000	0.000000	0.000000	17.593857	0.000000	0.000000	0.000000
1764624630.961687565	0.000000	0.000000	0.070085	0.000000	0.000000	0.000000	0.000000	0.000000	0.110169	0.000000	0.000000	0.000000	0.000000	0.000000	0.000000	0.000000	0.000000	0.000000	0.000000	0.000000	17.593857	0.000000	0.000000	0.000000
1764624630.961698532	0.000000	0.000000	-0.029799	0.000000	0.000000	0.000000	0.000000	0.000000	0.110169	0.000000	0.000000	0.000000	0.000000	0.000000	0.000000	0.000000	0.000000	0.000000	0.000000	0.000000	17.593857	0.000000	0.000000	0.000000
1764624630.970117807	0.000000	0.000000	0.056992	0.000000	0.000000	0.000000	0.000000	0.000000	0.123454	0.000000	0.000000	0.000000	0.000000	0.000000	0.000000	0.000000	0.000000	0.000000	0.000000	0.000000	17.593857	0.000000	0.000000	0.000000
1764624630.980467319	0.000000	0.000000	0.005176	0.000000	0.000000	0.000000	0.000000	0.000000	0.123454	0.000000	0.000000	0.000000	0.000000	0.000000	0.000000	0.000000	0.000000	0.000000	0.000000	0.000000	17.593857	0.000000	0.000000	0.000000
1764624630.990548849	0.000000	0.000000	0.014496	0.000000	0.000000	0.000000	0.000000	0.000000	0.123454	0.000000	0.000000	0.000000	0.000000	0.000000	0.000000	0.000000	0.000000	0.000000	0.000000	0.000000	17.593857	0.000000	0.000000	0.000000
1764624631.012719870	0.000000	0.000000	0.059068	0.000000	0.000000	0.000000	0.000000	0.000000	0.123454	0.000000	0.000000	0.000000	0.000000	0.000000	0.000000	0.000000	0.000000	0.000000	0.000000	0.000000	17.593857	0.000000	0.000000	0.000000
1764624631.012735605	0.000000	0.000000	-0.022171	0.000000	0.000000	0.000000	0.000000	0.000000	0.123454	0.000000	0.000000	0.000000	0.000000	0.000000	0.000000	0.000000	0.000000	0.000000	0.000000	0.000000	17.593857	0.000000	0.000000	0.000000
1764624631.019580126	0.000000	0.000000	0.021804	0.000000	0.000000	0.000000	0.000000	0.000000	0.123454	0.000000	0.000000	0.000000	0.000000	0.000000	0.000000	0.000000	0.000000	0.000000	0.000000	0.000000	17.593857	0.000000	0.000000	0.000000
1764624631.042275429	0.000000	0.000000	0.028677	0.000000	0.000000	0.000000	0.000000	0.000000	0.123454	0.000000	0.000000	0.000000	0.000000	0.000000	0.000000	0.000000	0.000000	0.000000	0.000000	0.000000	17.593857	0.000000	0.000000	0.000000
1764624631.042308807	0.000000	0.000000	0.013826	0.000000	0.000000	0.000000	0.000000	0.000000	0.123454	0.000000	0.000000	0.000000	0.000000	0.000000	0.000000	0.000000	0.000000	0.000000	0.000000	0.000000	17.593857	0.000000	0.000000	0.000000
1764624631.049992323	0.000000	0.000000	0.034254	0.000000	0.000000	0.000000	0.000000	0.000000	0.123454	0.000000	0.000000	0.000000	0.000000	0.000000	0.000000	0.000000	0.000000	0.000000	0.000000	0.000000	17.593857	0.000000	0.000000	0.000000
1764624631.059872627	0.000000	0.000000	0.005137	0.000000	0.000000	0.000000	0.000000	0.000000	0.123454	0.000000	0.000000	0.000000	0.000000	0.000000	0.000000	0.000000	0.000000	0.000000	0.000000	0.000000	17.593857	0.000000	0.000000	0.000000
1764624631.069862843	0.000000	0.000000	-0.022828	0.000000	0.000000	0.000000	0.000000	0.000000	0.123454	0.000000	0.000000	0.000000	0.000000	0.000000	0.000000	0.000000	0.000000	0.000000	0.000000	0.000000	17.593857	0.000000	0.000000	0.000000
1764624631.095885277	0.000000	0.000000	0.080565	0.000000	0.000000	0.000000	0.000000	0.000000	0.123454	0.000000	0.000000	0.000000	0.000000	0.000000	0.000000	0.000000	0.000000	0.000000	0.000000	0.000000	17.593857	0.000000	0.000000	0.000000
1764624631.095906019	0.000000	0.000000	0.013210	0.000000	0.000000	0.000000	0.000000	0.000000	0.123454	0.000000	0.000000	0.000000	0.000000	0.000000	0.000000	0.000000	0.000000	0.000000	0.000000	0.000000	17.593857	0.000000	0.000000	0.000000
1764624631.099008560	0.000000	0.000000	-0.006582	0.000000	0.000000	0.000000	0.000000	0.000000	0.123454	0.000000	0.000000	0.000000	0.000000	0.000000	0.000000	0.000000	0.000000	0.000000	0.000000	0.000000	17.593857	0.000000	0.000000	0.000000
1764624631.130728960	0.000000	0.000000	0.033580	0.000000	0.000000	0.000000	0.000000	0.000000	0.123454	0.000000	0.000000	0.000000	0.000000	0.000000	0.000000	0.000000	0.000000	0.000000	0.000000	0.000000	17.593857	0.000000	0.000000	0.000000
1764624631.130747318	0.000000	0.000000	-0.013853	0.000000	0.000000	0.000000	0.000000	0.000000	0.123454	0.000000	0.000000	0.000000	0.000000	0.000000	0.000000	0.000000	0.000000	0.000000	0.000000	0.000000	17.593857	0.000000	0.000000	0.000000
1764624631.131984711	0.000000	0.000000	0.018021	0.000000	0.000000	0.000000	0.000000	0.000000	0.123454	0.000000	0.000000	0.000000	0.000000	0.000000	0.000000	0.000000	0.000000	0.000000	0.000000	0.000000	17.593857	0.000000	0.000000	0.000000
1764624631.139398575	0.000000	0.000000	0.049815	0.000000	0.000000	0.000000	0.000000	0.000000	0.123454	0.000000	0.000000	0.000000	0.000000	0.000000	0.000000	0.000000	0.000000	0.000000	0.000000	0.000000	17.593857	0.000000	0.000000	0.000000
1764624631.156988859	0.000000	0.000000	-0.021114	0.000000	0.000000	0.000000	0.000000	0.000000	0.123454	0.000000	0.000000	0.000000	0.000000	0.000000	0.000000	0.000000	0.000000	0.000000	0.000000	0.000000	17.593857	0.000000	0.000000	0.000000
1764624631.158932447	0.000000	0.000000	0.048410	0.000000	0.000000	0.000000	0.000000	0.000000	0.123454	0.000000	0.000000	0.000000	0.000000	0.000000	0.000000	0.000000	0.000000	0.000000	0.000000	0.000000	17.593857	0.000000	0.000000	0.000000
1764624631.169526815	0.000000	0.000000	0.005204	0.000000	0.000000	0.000000	0.000000	0.000000	0.123454	0.000000	0.000000	0.000000	0.000000	0.000000	0.000000	0.000000	0.000000	0.000000	0.000000	0.000000	17.593857	0.000000	0.000000	0.000000
1764624631.179544687	0.000000	0.000000	0.023925	0.000000	0.000000	0.000000	0.000000	0.000000	0.123454	0.000000	0.000000	0.000000	0.000000	0.000000	0.000000	0.000000	0.000000	0.000000	0.000000	0.000000	17.593857	0.000000	0.000000	0.000000
1764624631.198453665	0.000000	0.000000	0.015958	0.000000	0.000000	0.000000	0.000000	0.000000	0.123454	0.000000	0.000000	0.000000	0.000000	0.000000	0.000000	0.000000	0.000000	0.000000	0.000000	0.000000	17.593857	0.000000	0.000000	0.000000
1764624631.198478699	0.000000	0.000000	0.029697	0.000000	0.000000	0.000000	0.000000	0.000000	0.123454	0.000000	0.000000	0.000000	0.000000	0.000000	0.000000	0.000000	0.000000	0.000000	0.000000	0.000000	17.593857	0.000000	0.000000	0.000000
1764624631.209604502	0.000000	0.000000	-0.014159	0.000000	0.000000	0.000000	0.000000	0.000000	0.123454	0.000000	0.000000	0.000000	0.000000	0.000000	0.000000	0.000000	0.000000	0.000000	0.000000	0.000000	17.593857	0.000000	0.000000	0.000000
1764624631.218977451	0.000000	0.000000	0.055392	0.000000	0.000000	0.000000	0.000000	0.000000	0.130563	0.000000	0.000000	0.000000	0.000000	0.000000	0.000000	0.000000	0.000000	0.000000	0.000000	0.000000	17.593857	0.000000	0.000000	0.000000
1764624631.246218920	0.000000	0.000000	0.000385	0.000000	0.000000	0.000000	0.000000	0.000000	0.130563	0.000000	0.000000	0.000000	0.000000	0.000000	0.000000	0.000000	0.000000	0.000000	0.000000	0.000000	17.593857	0.000000	0.000000	0.000000
1764624631.246249676	0.000000	0.000000	0.009395	0.000000	0.000000	0.000000	0.000000	0.000000	0.130563	0.000000	0.000000	0.000000	0.000000	0.000000	0.000000	0.000000	0.000000	0.000000	0.000000	0.000000	17.593857	0.000000	0.000000	0.000000
1764624631.249601126	0.000000	0.000000	0.026598	0.000000	0.000000	0.000000	0.000000	0.000000	0.130563	0.000000	0.000000	0.000000	0.000000	0.000000	0.000000	0.000000	0.000000	0.000000	0.000000	0.000000	17.593857	0.000000	0.000000	0.000000
1764624631.259086132	0.000000	0.000000	-0.000255	0.000000	0.000000	0.000000	0.000000	0.000000	0.130563	0.000000	0.000000	0.000000	0.000000	0.000000	0.000000	0.000000	0.000000	0.000000	0.000000	0.000000	17.593857	0.000000	0.000000	0.000000
1764624631.270050049	0.000000	0.000000	0.012847	0.000000	0.000000	0.000000	0.000000	0.000000	0.130563	0.000000	0.000000	0.000000	0.000000	0.000000	0.000000	0.000000	0.000000	0.000000	0.000000	0.000000	17.593857	0.000000	0.000000	0.000000
1764624631.291795492	0.000000	0.000000	0.022886	0.000000	0.000000	0.000000	0.000000	0.000000	0.130563	0.000000	0.000000	0.000000	0.000000	0.000000	0.000000	0.000000	0.000000	0.000000	0.000000	0.000000	17.593857	0.000000	0.000000	0.000000
1764624631.293569803	0.000000	0.000000	0.020858	0.000000	0.000000	0.000000	0.000000	0.000000	0.130563	0.000000	0.000000	0.000000	0.000000	0.000000	0.000000	0.000000	0.000000	0.000000	0.000000	0.000000	17.593857	0.000000	0.000000	0.000000
1764624631.299536705	0.000000	0.000000	0.012459	0.000000	0.000000	0.000000	0.000000	0.000000	0.130563	0.000000	0.000000	0.000000	0.000000	0.000000	0.000000	0.000000	0.000000	0.000000	0.000000	0.000000	17.593857	0.000000	0.000000	0.000000
1764624631.322048664	0.000000	0.000000	-0.009227	0.000000	0.000000	0.000000	0.000000	0.000000	0.130563	0.000000	0.000000	0.000000	0.000000	0.000000	0.000000	0.000000	0.000000	0.000000	0.000000	0.000000	17.593857	0.000000	0.000000	0.000000
1764624631.322062016	0.000000	0.000000	0.022558	0.000000	0.000000	0.000000	0.000000	0.000000	0.130563	0.000000	0.000000	0.000000	0.000000	0.000000	0.000000	0.000000	0.000000	0.000000	0.000000	0.000000	17.593857	0.000000	0.000000	0.000000
1764624631.329496145	0.000000	0.000000	-0.000573	0.000000	0.000000	0.000000	0.000000	0.000000	0.130563	0.000000	0.000000	0.000000	0.000000	0.000000	0.000000	0.000000	0.000000	0.000000	0.000000	0.000000	17.593857	0.000000	0.000000	0.000000
1764624631.339804173	0.000000	0.000000	-0.023762	0.000000	0.000000	0.000000	0.000000	0.000000	0.130563	0.000000	0.000000	0.000000	0.000000	0.000000	0.000000	0.000000	0.000000	0.000000	0.000000	0.000000	17.593857	0.000000	0.000000	0.000000
1764624631.349304438	0.000000	0.000000	0.006577	0.000000	0.000000	0.000000	0.000000	0.000000	0.130563	0.000000	0.000000	0.000000	0.000000	0.000000	0.000000	0.000000	0.000000	0.000000	0.000000	0.000000	17.593857	0.000000	0.000000	0.000000
1764624631.368793488	0.000000	0.000000	0.037458	0.000000	0.000000	0.000000	0.000000	0.000000	0.130563	0.000000	0.000000	0.000000	0.000000	0.000000	0.000000	0.000000	0.000000	0.000000	0.000000	0.000000	17.593857	0.000000	0.000000	0.000000
1764624631.370090961	0.000000	0.000000	0.051275	0.000000	0.000000	0.000000	0.000000	0.000000	0.130563	0.000000	0.000000	0.000000	0.000000	0.000000	0.000000	0.000000	0.000000	0.000000	0.000000	0.000000	17.593857	0.000000	0.000000	0.000000
1764624631.379581213	0.000000	0.000000	0.009821	0.000000	0.000000	0.000000	0.000000	0.000000	0.130563	0.000000	0.000000	0.000000	0.000000	0.000000	0.000000	0.000000	0.000000	0.000000	0.000000	0.000000	17.593857	0.000000	0.000000	0.000000
1764624631.401294470	0.000000	0.000000	-0.006808	0.000000	0.000000	0.000000	0.000000	0.000000	0.130563	0.000000	0.000000	0.000000	0.000000	0.000000	0.000000	0.000000	0.000000	0.000000	0.000000	0.000000	17.593857	0.000000	0.000000	0.000000
1764624631.401317120	0.000000	0.000000	-0.000589	0.000000	0.000000	0.000000	0.000000	0.000000	0.130563	0.000000	0.000000	0.000000	0.000000	0.000000	0.000000	0.000000	0.000000	0.000000	0.000000	0.000000	17.593857	0.000000	0.000000	0.000000
1764624631.409114838	0.000000	0.000000	0.019125	0.000000	0.000000	0.000000	0.000000	0.000000	0.130563	0.000000	0.000000	0.000000	0.000000	0.000000	0.000000	0.000000	0.000000	0.000000	0.000000	0.000000	17.593857	0.000000	0.000000	0.000000
1764624631.418987274	0.000000	0.000000	0.018141	0.000000	0.000000	0.000000	0.000000	0.000000	0.130563	0.000000	0.000000	0.000000	0.000000	0.000000	0.000000	0.000000	0.000000	0.000000	0.000000	0.000000	17.593857	0.000000	0.000000	0.000000
1764624631.429690838	0.000000	0.000000	0.032563	0.000000	0.000000	0.000000	0.000000	0.000000	0.130563	0.000000	0.000000	0.000000	0.000000	0.000000	0.000000	0.000000	0.000000	0.000000	0.000000	0.000000	17.593857	0.000000	0.000000	0.000000
1764624631.451908112	0.000000	0.000000	-0.006096	0.000000	0.000000	0.000000	0.000000	0.000000	0.130563	0.000000	0.000000	0.000000	0.000000	0.000000	0.000000	0.000000	0.000000	0.000000	0.000000	0.000000	17.593857	0.000000	0.000000	0.000000
1764624631.454176664	0.000000	0.000000	-0.012351	0.000000	0.000000	0.000000	0.000000	0.000000	0.130563	0.000000	0.000000	0.000000	0.000000	0.000000	0.000000	0.000000	0.000000	0.000000	0.000000	0.000000	17.593857	0.000000	0.000000	0.000000
1764624631.459128380	0.000000	0.000000	-0.017870	0.000000	0.000000	0.000000	0.000000	0.000000	0.152585	0.000000	0.000000	0.000000	0.000000	0.000000	0.000000	0.000000	0.000000	0.000000	0.000000	0.000000	17.593857	0.000000	0.000000	0.000000
1764624631.469464779	0.000000	0.000000	0.061696	0.000000	0.000000	0.000000	0.000000	0.000000	0.152585	0.000000	0.000000	0.000000	0.000000	0.000000	0.000000	0.000000	0.000000	0.000000	0.000000	0.000000	17.593857	0.000000	0.000000	0.000000
1764624631.488024950	0.000000	0.000000	0.017406	0.000000	0.000000	0.000000	0.000000	0.000000	0.152585	0.000000	0.000000	0.000000	0.000000	0.000000	0.000000	0.000000	0.000000	0.000000	0.000000	0.000000	17.593857	0.000000	0.000000	0.000000
1764624631.490121365	0.000000	0.000000	0.024005	0.000000	0.000000	0.000000	0.000000	0.000000	0.152585	0.000000	0.000000	0.000000	0.000000	0.000000	0.000000	0.000000	0.000000	0.000000	0.000000	0.000000	17.593857	0.000000	0.000000	0.000000
1764624631.499936819	0.000000	0.000000	-0.014069	0.000000	0.000000	0.000000	0.000000	0.000000	0.152585	0.000000	0.000000	0.000000	0.000000	0.000000	0.000000	0.000000	0.000000	0.000000	0.000000	0.000000	17.593857	0.000000	0.000000	0.000000
1764624631.519788504	0.000000	0.000000	-0.004712	0.000000	0.000000	0.000000	0.000000	0.000000	0.152585	0.000000	0.000000	0.000000	0.000000	0.000000	0.000000	0.000000	0.000000	0.000000	0.000000	0.000000	17.593857	0.000000	0.000000	0.000000
1764624631.519801378	0.000000	0.000000	0.023698	0.000000	0.000000	0.000000	0.000000	0.000000	0.152585	0.000000	0.000000	0.000000	0.000000	0.000000	0.000000	0.000000	0.000000	0.000000	0.000000	0.000000	17.593857	0.000000	0.000000	0.000000
1764624631.528892517	0.000000	0.000000	0.024359	0.000000	0.000000	0.000000	0.000000	0.000000	0.152585	0.000000	0.000000	0.000000	0.000000	0.000000	0.000000	0.000000	0.000000	0.000000	0.000000	0.000000	17.593857	0.000000	0.000000	0.000000
1764624631.539911747	0.000000	0.000000	-0.028570	0.000000	0.000000	0.000000	0.000000	0.000000	0.152585	0.000000	0.000000	0.000000	0.000000	0.000000	0.000000	0.000000	0.000000	0.000000	0.000000	0.000000	17.593857	0.000000	0.000000	0.000000
1764624631.556734324	0.000000	0.000000	0.025420	0.000000	0.000000	0.000000	0.000000	0.000000	0.152585	0.000000	0.000000	0.000000	0.000000	0.000000	0.000000	0.000000	0.000000	0.000000	0.000000	0.000000	17.593857	0.000000	0.000000	0.000000
1764624631.559164286	0.000000	0.000000	-0.028163	0.000000	0.000000	0.000000	0.000000	0.000000	0.152585	0.000000	0.000000	0.000000	0.000000	0.000000	0.000000	0.000000	0.000000	0.000000	0.000000	0.000000	17.593857	0.000000	0.000000	0.000000
1764624631.569790602	0.000000	0.000000	0.050310	0.000000	0.000000	0.000000	0.000000	0.000000	0.152585	0.000000	0.000000	0.000000	0.000000	0.000000	0.000000	0.000000	0.000000	0.000000	0.000000	0.000000	17.593857	0.000000	0.000000	0.000000
1764624631.580085516	0.000000	0.000000	0.006321	0.000000	0.000000	0.000000	0.000000	0.000000	0.152585	0.000000	0.000000	0.000000	0.000000	0.000000	0.000000	0.000000	0.000000	0.000000	0.000000	0.000000	17.593857	0.000000	0.000000	0.000000
1764624631.590085268	0.000000	0.000000	-0.001595	0.000000	0.000000	0.000000	0.000000	0.000000	0.152585	0.000000	0.000000	0.000000	0.000000	0.000000	0.000000	0.000000	0.000000	0.000000	0.000000	0.000000	17.593857	0.000000	0.000000	0.000000
1764624631.608939409	0.000000	0.000000	0.010856	0.000000	0.000000	0.000000	0.000000	0.000000	0.152585	0.000000	0.000000	0.000000	0.000000	0.000000	0.000000	0.000000	0.000000	0.000000	0.000000	0.000000	17.593857	0.000000	0.000000	0.000000
1764624631.610177994	0.000000	0.000000	0.004686	0.000000	0.000000	0.000000	0.000000	0.000000	0.152585	0.000000	0.000000	0.000000	0.000000	0.000000	0.000000	0.000000	0.000000	0.000000	0.000000	0.000000	17.593857	0.000000	0.000000	0.000000
1764624631.618767500	0.000000	0.000000	0.005683	0.000000	0.000000	0.000000	0.000000	0.000000	0.152585	0.000000	0.000000	0.000000	0.000000	0.000000	0.000000	0.000000	0.000000	0.000000	0.000000	0.000000	17.593857	0.000000	0.000000	0.000000
1764624631.641758204	0.000000	0.000000	0.027752	0.000000	0.000000	0.000000	0.000000	0.000000	0.152585	0.000000	0.000000	0.000000	0.000000	0.000000	0.000000	0.000000	0.000000	0.000000	0.000000	0.000000	17.593857	0.000000	0.000000	0.000000
1764624631.641769648	0.000000	0.000000	0.000885	0.000000	0.000000	0.000000	0.000000	0.000000	0.152585	0.000000	0.000000	0.000000	0.000000	0.000000	0.000000	0.000000	0.000000	0.000000	0.000000	0.000000	17.593857	0.000000	0.000000	0.000000
1764624631.649665833	0.000000	0.000000	-0.003285	0.000000	0.000000	0.000000	0.000000	0.000000	0.152585	0.000000	0.000000	0.000000	0.000000	0.000000	0.000000	0.000000	0.000000	0.000000	0.000000	0.000000	17.593857	0.000000	0.000000	0.000000
1764624631.660300970	0.000000	0.000000	0.007129	0.000000	0.000000	0.000000	0.000000	0.000000	0.152585	0.000000	0.000000	0.000000	0.000000	0.000000	0.000000	0.000000	0.000000	0.000000	0.000000	0.000000	17.593857	0.000000	0.000000	0.000000
1764624631.674032927	0.000000	0.000000	0.033676	0.000000	0.000000	0.000000	0.000000	0.000000	0.152585	0.000000	0.000000	0.000000	0.000000	0.000000	0.000000	0.000000	0.000000	0.000000	0.000000	0.000000	17.593857	0.000000	0.000000	0.000000
1764624631.679599762	0.000000	0.000000	0.011172	0.000000	0.000000	0.000000	0.000000	0.000000	0.152585	0.000000	0.000000	0.000000	0.000000	0.000000	0.000000	0.000000	0.000000	0.000000	0.000000	0.000000	17.593857	0.000000	0.000000	0.000000
1764624631.689060688	0.000000	0.000000	-0.008048	0.000000	0.000000	0.000000	0.000000	0.000000	0.152585	0.000000	0.000000	0.000000	0.000000	0.000000	0.000000	0.000000	0.000000	0.000000	0.000000	0.000000	17.593857	0.000000	0.000000	0.000000
1764624631.699252129	0.000000	0.000000	-0.026053	0.000000	0.000000	0.000000	0.000000	0.000000	0.152585	0.000000	0.000000	0.000000	0.000000	0.000000	0.000000	0.000000	0.000000	0.000000	0.000000	0.000000	17.593857	0.000000	0.000000	0.000000
1764624631.723083973	0.000000	0.000000	0.024051	0.000000	0.000000	0.000000	0.000000	0.000000	0.167824	0.000000	0.000000	0.000000	0.000000	0.000000	0.000000	0.000000	0.000000	0.000000	0.000000	0.000000	17.593857	0.000000	0.000000	0.000000
1764624631.723097801	0.000000	0.000000	0.023058	0.000000	0.000000	0.000000	0.000000	0.000000	0.167824	0.000000	0.000000	0.000000	0.000000	0.000000	0.000000	0.000000	0.000000	0.000000	0.000000	0.000000	17.593857	0.000000	0.000000	0.000000
1764624631.729358435	0.000000	0.000000	0.017741	0.000000	0.000000	0.000000	0.000000	0.000000	0.167824	0.000000	0.000000	0.000000	0.000000	0.000000	0.000000	0.000000	0.000000	0.000000	0.000000	0.000000	17.593857	0.000000	0.000000	0.000000
1764624631.739784479	0.000000	0.000000	0.024357	0.000000	0.000000	0.000000	0.000000	0.000000	0.167824	0.000000	0.000000	0.000000	0.000000	0.000000	0.000000	0.000000	0.000000	0.000000	0.000000	0.000000	17.593857	0.000000	0.000000	0.000000
1764624631.750226021	0.000000	0.000000	-0.018792	0.000000	0.000000	0.000000	0.000000	0.000000	0.167824	0.000000	0.000000	0.000000	0.000000	0.000000	0.000000	0.000000	0.000000	0.000000	0.000000	0.000000	17.593857	0.000000	0.000000	0.000000
1764624631.766632557	0.000000	0.000000	0.035726	0.000000	0.000000	0.000000	0.000000	0.000000	0.167824	0.000000	0.000000	0.000000	0.000000	0.000000	0.000000	0.000000	0.000000	0.000000	0.000000	0.000000	17.593857	0.000000	0.000000	0.000000
1764624631.768948793	0.000000	0.000000	-0.003580	0.000000	0.000000	0.000000	0.000000	0.000000	0.167824	0.000000	0.000000	0.000000	0.000000	0.000000	0.000000	0.000000	0.000000	0.000000	0.000000	0.000000	17.593857	0.000000	0.000000	0.000000
1764624631.779258013	0.000000	0.000000	-0.017138	0.000000	0.000000	0.000000	0.000000	0.000000	0.167824	0.000000	0.000000	0.000000	0.000000	0.000000	0.000000	0.000000	0.000000	0.000000	0.000000	0.000000	17.593857	0.000000	0.000000	0.000000
1764624631.800338745	0.000000	0.000000	0.020575	0.000000	0.000000	0.000000	0.000000	0.000000	0.167824	0.000000	0.000000	0.000000	0.000000	0.000000	0.000000	0.000000	0.000000	0.000000	0.000000	0.000000	17.593857	0.000000	0.000000	0.000000
1764624631.800352812	0.000000	0.000000	0.023043	0.000000	0.000000	0.000000	0.000000	0.000000	0.167824	0.000000	0.000000	0.000000	0.000000	0.000000	0.000000	0.000000	0.000000	0.000000	0.000000	0.000000	17.593857	0.000000	0.000000	0.000000
1764624631.809689999	0.000000	0.000000	0.030984	0.000000	0.000000	0.000000	0.000000	0.000000	0.167824	0.000000	0.000000	0.000000	0.000000	0.000000	0.000000	0.000000	0.000000	0.000000	0.000000	0.000000	17.593857	0.000000	0.000000	0.000000
1764624631.818790197	0.000000	0.000000	0.002538	0.000000	0.000000	0.000000	0.000000	0.000000	0.167824	0.000000	0.000000	0.000000	0.000000	0.000000	0.000000	0.000000	0.000000	0.000000	0.000000	0.000000	17.593857	0.000000	0.000000	0.000000
1764624631.828655005	0.000000	0.000000	0.000586	0.000000	0.000000	0.000000	0.000000	0.000000	0.167824	0.000000	0.000000	0.000000	0.000000	0.000000	0.000000	0.000000	0.000000	0.000000	0.000000	0.000000	17.593857	0.000000	0.000000	0.000000
1764624631.854399920	0.000000	0.000000	0.032630	0.000000	0.000000	0.000000	0.000000	0.000000	0.167824	0.000000	0.000000	0.000000	0.000000	0.000000	0.000000	0.000000	0.000000	0.000000	0.000000	0.000000	17.593857	0.000000	0.000000	0.000000
1764624631.856266975	0.000000	0.000000	-0.021522	0.000000	0.000000	0.000000	0.000000	0.000000	0.167824	0.000000	0.000000	0.000000	0.000000	0.000000	0.000000	0.000000	0.000000	0.000000	0.000000	0.000000	17.593857	0.000000	0.000000	0.000000
1764624631.859218836	0.000000	0.000000	0.020584	0.000000	0.000000	0.000000	0.000000	0.000000	0.167824	0.000000	0.000000	0.000000	0.000000	0.000000	0.000000	0.000000	0.000000	0.000000	0.000000	0.000000	17.593857	0.000000	0.000000	0.000000
1764624631.870209455	0.000000	0.000000	0.009850	0.000000	0.000000	0.000000	0.000000	0.000000	0.167824	0.000000	0.000000	0.000000	0.000000	0.000000	0.000000	0.000000	0.000000	0.000000	0.000000	0.000000	17.593857	0.000000	0.000000	0.000000
1764624631.890394926	0.000000	0.000000	-0.014974	0.000000	0.000000	0.000000	0.000000	0.000000	0.167824	0.000000	0.000000	0.000000	0.000000	0.000000	0.000000	0.000000	0.000000	0.000000	0.000000	0.000000	17.593857	0.000000	0.000000	0.000000
1764624631.891674757	0.000000	0.000000	0.006067	0.000000	0.000000	0.000000	0.000000	0.000000	0.167824	0.000000	0.000000	0.000000	0.000000	0.000000	0.000000	0.000000	0.000000	0.000000	0.000000	0.000000	17.593857	0.000000	0.000000	0.000000
1764624631.899478674	0.000000	0.000000	0.027592	0.000000	0.000000	0.000000	0.000000	0.000000	0.167824	0.000000	0.000000	0.000000	0.000000	0.000000	0.000000	0.000000	0.000000	0.000000	0.000000	0.000000	17.593857	0.000000	0.000000	0.000000
1764624631.918649912	0.000000	0.000000	-0.019088	0.000000	0.000000	0.000000	0.000000	0.000000	0.167824	0.000000	0.000000	0.000000	0.000000	0.000000	0.000000	0.000000	0.000000	0.000000	0.000000	0.000000	17.593857	0.000000	0.000000	0.000000
1764624631.918665886	0.000000	0.000000	0.027913	0.000000	0.000000	0.000000	0.000000	0.000000	0.167824	0.000000	0.000000	0.000000	0.000000	0.000000	0.000000	0.000000	0.000000	0.000000	0.000000	0.000000	17.593857	0.000000	0.000000	0.000000
1764624631.929438353	0.000000	0.000000	-0.022973	0.000000	0.000000	0.000000	0.000000	0.000000	0.167824	0.000000	0.000000	0.000000	0.000000	0.000000	0.000000	0.000000	0.000000	0.000000	0.000000	0.000000	17.593857	0.000000	0.000000	0.000000
1764624631.939666033	0.000000	0.000000	-0.025294	0.000000	0.000000	0.000000	0.000000	0.000000	0.167824	0.000000	0.000000	0.000000	0.000000	0.000000	0.000000	0.000000	0.000000	0.000000	0.000000	0.000000	17.593857	0.000000	0.000000	0.000000
1764624631.949440479	0.000000	0.000000	0.005065	0.000000	0.000000	0.000000	0.000000	0.000000	0.167824	0.000000	0.000000	0.000000	0.000000	0.000000	0.000000	0.000000	0.000000	0.000000	0.000000	0.000000	17.593857	0.000000	0.000000	0.000000
1764624631.969136000	0.000000	0.000000	0.019631	0.000000	0.000000	0.000000	0.000000	0.000000	0.180357	0.000000	0.000000	0.000000	0.000000	0.000000	0.000000	0.000000	0.000000	0.000000	0.000000	0.000000	17.593857	0.000000	0.000000	0.000000
1764624631.970546246	0.000000	0.000000	0.023683	0.000000	0.000000	0.000000	0.000000	0.000000	0.180357	0.000000	0.000000	0.000000	0.000000	0.000000	0.000000	0.000000	0.000000	0.000000	0.000000	0.000000	17.593857	0.000000	0.000000	0.000000
1764624631.979580879	0.000000	0.000000	0.016891	0.000000	0.000000	0.000000	0.000000	0.000000	0.180357	0.000000	0.000000	0.000000	0.000000	0.000000	0.000000	0.000000	0.000000	0.000000	0.000000	0.000000	17.593857	0.000000	0.000000	0.000000
1764624631.999219418	0.000000	0.000000	-0.024250	0.000000	0.000000	0.000000	0.000000	0.000000	0.180357	0.000000	0.000000	0.000000	0.000000	0.000000	0.000000	0.000000	0.000000	0.000000	0.000000	0.000000	17.593857	0.000000	0.000000	0.000000
1764624632.004491806	0.000000	0.000000	0.046231	0.000000	0.000000	0.000000	0.000000	0.000000	0.180357	0.000000	0.000000	0.000000	0.000000	0.000000	0.000000	0.000000	0.000000	0.000000	0.000000	0.000000	17.593857	0.000000	0.000000	0.000000
1764624632.009156466	0.000000	0.000000	0.009576	0.000000	0.000000	0.000000	0.000000	0.000000	0.180357	0.000000	0.000000	0.000000	0.000000	0.000000	0.000000	0.000000	0.000000	0.000000	0.000000	0.000000	17.593857	0.000000	0.000000	0.000000
1764624632.018165350	0.000000	0.000000	-0.005615	0.000000	0.000000	0.000000	0.000000	0.000000	0.180357	0.000000	0.000000	0.000000	0.000000	0.000000	0.000000	0.000000	0.000000	0.000000	0.000000	0.000000	17.593857	0.000000	0.000000	0.000000
1764624632.037874460	0.000000	0.000000	0.021641	0.000000	0.000000	0.000000	0.000000	0.000000	0.180357	0.000000	0.000000	0.000000	0.000000	0.000000	0.000000	0.000000	0.000000	0.000000	0.000000	0.000000	17.593857	0.000000	0.000000	0.000000
1764624632.039439678	0.000000	0.000000	0.015151	0.000000	0.000000	0.000000	0.000000	0.000000	0.180357	0.000000	0.000000	0.000000	0.000000	0.000000	0.000000	0.000000	0.000000	0.000000	0.000000	0.000000	17.593857	0.000000	0.000000	0.000000
1764624632.050049543	0.000000	0.000000	-0.033234	0.000000	0.000000	0.000000	0.000000	0.000000	0.180357	0.000000	0.000000	0.000000	0.000000	0.000000	0.000000	0.000000	0.000000	0.000000	0.000000	0.000000	17.593857	0.000000	0.000000	0.000000
1764624632.059343100	0.000000	0.000000	0.035506	0.000000	0.000000	0.000000	0.000000	0.000000	0.180357	0.000000	0.000000	0.000000	0.000000	0.000000	0.000000	0.000000	0.000000	0.000000	0.000000	0.000000	17.593857	0.000000	0.000000	0.000000
1764624632.069591045	0.000000	0.000000	-0.035935	0.000000	0.000000	0.000000	0.000000	0.000000	0.180357	0.000000	0.000000	0.000000	0.000000	0.000000	0.000000	0.000000	0.000000	0.000000	0.000000	0.000000	17.593857	0.000000	0.000000	0.000000
1764624632.088818550	0.000000	0.000000	-0.003519	0.000000	0.000000	0.000000	0.000000	0.000000	0.180357	0.000000	0.000000	0.000000	0.000000	0.000000	0.000000	0.000000	0.000000	0.000000	0.000000	0.000000	17.593857	0.000000	0.000000	0.000000
1764624632.090073109	0.000000	0.000000	0.022293	0.000000	0.000000	0.000000	0.000000	0.000000	0.180357	0.000000	0.000000	0.000000	0.000000	0.000000	0.000000	0.000000	0.000000	0.000000	0.000000	0.000000	17.593857	0.000000	0.000000	0.000000
1764624632.099325180	0.000000	0.000000	0.001348	0.000000	0.000000	0.000000	0.000000	0.000000	0.180357	0.000000	0.000000	0.000000	0.000000	0.000000	0.000000	0.000000	0.000000	0.000000	0.000000	0.000000	17.593857	0.000000	0.000000	0.000000
1764624632.116351604	0.000000	0.000000	0.033502	0.000000	0.000000	0.000000	0.000000	0.000000	0.180357	0.000000	0.000000	0.000000	0.000000	0.000000	0.000000	0.000000	0.000000	0.000000	0.000000	0.000000	17.593857	0.000000	0.000000	0.000000
1764624632.118354797	0.000000	0.000000	-0.020827	0.000000	0.000000	0.000000	0.000000	0.000000	0.180357	0.000000	0.000000	0.000000	0.000000	0.000000	0.000000	0.000000	0.000000	0.000000	0.000000	0.000000	17.593857	0.000000	0.000000	0.000000
1764624632.129262924	0.000000	0.000000	-0.024557	0.000000	0.000000	0.000000	0.000000	0.000000	0.180357	0.000000	0.000000	0.000000	0.000000	0.000000	0.000000	0.000000	0.000000	0.000000	0.000000	0.000000	17.593857	0.000000	0.000000	0.000000
1764624632.139757156	0.000000	0.000000	0.041471	0.000000	0.000000	0.000000	0.000000	0.000000	0.180357	0.000000	0.000000	0.000000	0.000000	0.000000	0.000000	0.000000	0.000000	0.000000	0.000000	0.000000	17.593857	0.000000	0.000000	0.000000
1764624632.154648066	0.000000	0.000000	-0.026368	0.000000	0.000000	0.000000	0.000000	0.000000	0.180357	0.000000	0.000000	0.000000	0.000000	0.000000	0.000000	0.000000	0.000000	0.000000	0.000000	0.000000	0.000000	0.000000	0.000000	0.000000
1764624632.159569263	0.000000	0.000000	-0.017647	0.000000	0.000000	0.000000	0.000000	0.000000	0.180357	0.000000	0.000000	0.000000	0.000000	0.000000	0.000000	0.000000	0.000000	0.000000	0.000000	0.000000	0.000000	0.000000	0.000000	0.000000
1764624632.169687033	0.000000	0.000000	0.035879	0.000000	0.000000	0.000000	0.000000	0.000000	0.180357	0.000000	0.000000	0.000000	0.000000	0.000000	0.000000	0.000000	0.000000	0.000000	0.000000	0.000000	0.000000	0.000000	0.000000	0.000000
1764624632.182417631	0.000000	0.000000	-0.020369	0.000000	0.000000	0.000000	0.000000	0.000000	0.180357	0.000000	0.000000	0.000000	0.000000	0.000000	0.000000	0.000000	0.000000	0.000000	0.000000	0.000000	0.000000	0.000000	0.000000	0.000000
1764624632.189822912	0.000000	0.000000	0.030440	0.000000	0.000000	0.000000	0.000000	0.000000	0.180357	0.000000	0.000000	0.000000	0.000000	0.000000	0.000000	0.000000	0.000000	0.000000	0.000000	0.000000	0.000000	0.000000	0.000000	0.000000
1764624632.199593544	0.000000	0.000000	0.011747	0.000000	0.000000	0.000000	0.000000	0.000000	0.180357	0.000000	0.000000	0.000000	0.000000	0.000000	0.000000	0.000000	0.000000	0.000000	0.000000	0.000000	0.000000	0.000000	0.000000	0.000000
1764624632.216761112	0.000000	0.000000	-0.020359	0.000000	0.000000	0.000000	0.000000	0.000000	0.174467	0.000000	0.000000	0.000000	0.000000	0.000000	0.000000	0.000000	0.000000	0.000000	0.000000	0.000000	0.000000	0.000000	0.000000	0.000000
1764624632.218795300	0.000000	0.000000	0.001680	0.000000	0.000000	0.000000	0.000000	0.000000	0.174467	0.000000	0.000000	0.000000	0.000000	0.000000	0.000000	0.000000	0.000000	0.000000	0.000000	0.000000	0.000000	0.000000	0.000000	0.000000
1764624632.239851713	0.000000	0.000000	0.015862	0.000000	0.000000	0.000000	0.000000	0.000000	0.174467	0.000000	0.000000	0.000000	0.000000	0.000000	0.000000	0.000000	0.000000	0.000000	0.000000	0.000000	0.000000	0.000000	0.000000	0.000000
1764624632.246986866	0.000000	0.000000	-0.046252	0.000000	0.000000	0.000000	0.000000	0.000000	0.174467	0.000000	0.000000	0.000000	0.000000	0.000000	0.000000	0.000000	0.000000	0.000000	0.000000	0.000000	0.000000	0.000000	0.000000	0.000000
1764624632.249272585	0.000000	0.000000	-0.089808	0.000000	0.000000	0.000000	0.000000	0.000000	0.174467	0.000000	0.000000	0.000000	0.000000	0.000000	0.000000	0.000000	0.000000	0.000000	0.000000	0.000000	0.000000	0.000000	0.000000	0.000000
1764624632.259676933	0.000000	0.000000	-0.186100	0.000000	0.000000	0.000000	0.000000	0.000000	0.174467	0.000000	0.000000	0.000000	0.000000	0.000000	0.000000	0.000000	0.000000	0.000000	0.000000	0.000000	0.000000	0.000000	0.000000	0.000000
1764624632.270440817	0.000000	0.000000	-0.273466	0.000000	0.000000	0.000000	0.000000	0.000000	0.174467	0.000000	0.000000	0.000000	0.000000	0.000000	0.000000	0.000000	0.000000	0.000000	0.000000	0.000000	0.000000	0.000000	0.000000	0.000000
1764624632.289655924	0.000000	0.000000	-0.284888	0.000000	0.000000	0.000000	0.000000	0.000000	0.174467	0.000000	0.000000	0.000000	0.000000	0.000000	0.000000	0.000000	0.000000	0.000000	0.000000	0.000000	0.000000	0.000000	0.000000	0.000000
1764624632.297556162	0.000000	0.000000	-0.272386	0.000000	0.000000	0.000000	0.000000	0.000000	0.174467	0.000000	0.000000	0.000000	0.000000	0.000000	0.000000	0.000000	0.000000	0.000000	0.000000	0.000000	0.000000	0.000000	0.000000	0.000000
1764624632.298768044	0.000000	0.000000	-0.332146	0.000000	0.000000	0.000000	0.000000	0.000000	0.174467	0.000000	0.000000	0.000000	0.000000	0.000000	0.000000	0.000000	0.000000	0.000000	0.000000	0.000000	0.000000	0.000000	0.000000	0.000000
1764624632.318155289	0.000000	0.000000	-0.353959	0.000000	0.000000	0.000000	0.000000	0.000000	0.174467	0.000000	0.000000	0.000000	0.000000	0.000000	0.000000	0.000000	0.000000	0.000000	0.000000	0.000000	0.000000	0.000000	0.000000	0.000000
1764624632.319504738	0.000000	0.000000	-0.318067	0.000000	0.000000	0.000000	0.000000	0.000000	0.174467	0.000000	0.000000	0.000000	0.000000	0.000000	0.000000	0.000000	0.000000	0.000000	0.000000	0.000000	0.000000	0.000000	0.000000	0.000000
1764624632.329663277	0.000000	0.000000	-0.369436	0.000000	0.000000	0.000000	0.000000	0.000000	0.174467	0.000000	0.000000	0.000000	0.000000	0.000000	0.000000	0.000000	0.000000	0.000000	0.000000	0.000000	0.000000	0.000000	0.000000	0.000000
1764624632.339772940	0.000000	0.000000	-0.342098	0.000000	0.000000	0.000000	0.000000	0.000000	0.174467	0.000000	0.000000	0.000000	0.000000	0.000000	0.000000	0.000000	0.000000	0.000000	0.000000	0.000000	0.000000	0.000000	0.000000	0.000000
1764624632.358989477	0.000000	0.000000	-0.347701	0.000000	0.000000	0.000000	0.000000	0.000000	0.174467	0.000000	0.000000	0.000000	0.000000	0.000000	0.000000	0.000000	0.000000	0.000000	0.000000	0.000000	0.000000	0.000000	0.000000	0.000000
1764624632.360289574	0.000000	0.000000	-0.316090	0.000000	0.000000	0.000000	0.000000	0.000000	0.174467	0.000000	0.000000	0.000000	0.000000	0.000000	0.000000	0.000000	0.000000	0.000000	0.000000	0.000000	0.000000	0.000000	0.000000	0.000000
1764624632.369516611	0.000000	0.000000	-0.304834	0.000000	0.000000	0.000000	0.000000	0.000000	0.174467	0.000000	0.000000	0.000000	0.000000	0.000000	0.000000	0.000000	0.000000	0.000000	0.000000	0.000000	0.000000	0.000000	0.000000	0.000000
1764624632.379372835	0.000000	0.000000	-0.291325	0.000000	0.000000	0.000000	0.000000	0.000000	0.174467	0.000000	0.000000	0.000000	0.000000	0.000000	0.000000	0.000000	0.000000	0.000000	0.000000	0.000000	0.000000	0.000000	0.000000	0.000000
1764624632.400081873	0.000000	0.000000	-0.287856	0.000000	0.000000	0.000000	0.000000	0.000000	0.174467	0.000000	0.000000	0.000000	0.000000	0.000000	0.000000	0.000000	0.000000	0.000000	0.000000	0.000000	0.000000	0.000000	0.000000	0.000000
1764624632.400086880	0.000000	0.000000	-0.264330	0.000000	0.000000	0.000000	0.000000	0.000000	0.174467	0.000000	0.000000	0.000000	0.000000	0.000000	0.000000	0.000000	0.000000	0.000000	0.000000	0.000000	0.000000	0.000000	0.000000	0.000000
1764624632.409327030	0.000000	0.000000	-0.236688	0.000000	0.000000	0.000000	0.000000	0.000000	0.174467	0.000000	0.000000	0.000000	0.000000	0.000000	0.000000	0.000000	0.000000	0.000000	0.000000	0.000000	0.000000	0.000000	0.000000	0.000000
1764624632.418802977	0.000000	0.000000	-0.255003	0.000000	0.000000	0.000000	0.000000	0.000000	0.174467	0.000000	0.000000	0.000000	0.000000	0.000000	0.000000	0.000000	0.000000	0.000000	0.000000	0.000000	0.000000	0.000000	0.000000	0.000000
1764624632.428239822	0.000000	0.000000	-0.219796	0.000000	0.000000	0.000000	0.000000	0.000000	0.174467	0.000000	0.000000	0.000000	0.000000	0.000000	0.000000	0.000000	0.000000	0.000000	0.000000	0.000000	0.000000	0.000000	0.000000	0.000000
1764624632.449295521	0.000000	0.000000	-0.208784	0.000000	0.000000	0.000000	0.000000	0.000000	0.174467	0.000000	0.000000	0.000000	0.000000	0.000000	0.000000	0.000000	0.000000	0.000000	0.000000	0.000000	0.000000	0.000000	0.000000	0.000000
1764624632.451130390	0.000000	0.000000	-0.198000	0.000000	0.000000	0.000000	0.000000	0.000000	0.174467	0.000000	0.000000	0.000000	0.000000	0.000000	0.000000	0.000000	0.000000	0.000000	0.000000	0.000000	0.000000	0.000000	0.000000	0.000000
1764624632.460004807	0.000000	0.000000	-0.180717	0.000000	0.000000	0.000000	0.000000	0.000000	0.114608	0.000000	0.000000	0.000000	0.000000	0.000000	0.000000	0.000000	0.000000	0.000000	0.000000	0.000000	0.000000	0.000000	0.000000	0.000000
1764624632.469578743	0.000000	0.000000	-0.186924	0.000000	0.000000	0.000000	0.000000	0.000000	0.114608	0.000000	0.000000	0.000000	0.000000	0.000000	0.000000	0.000000	0.000000	0.000000	0.000000	0.000000	0.000000	0.000000	0.000000	0.000000
1764624632.482352972	0.000000	0.000000	-0.176228	0.000000	0.000000	0.000000	0.000000	0.000000	0.114608	0.000000	0.000000	0.000000	0.000000	0.000000	0.000000	0.000000	0.000000	0.000000	0.000000	0.000000	0.000000	0.000000	0.000000	0.000000
1764624632.489715338	0.000000	0.000000	-0.183126	0.000000	0.000000	0.000000	0.000000	0.000000	0.114608	0.000000	0.000000	0.000000	0.000000	0.000000	0.000000	0.000000	0.000000	0.000000	0.000000	0.000000	0.000000	0.000000	0.000000	0.000000
1764624632.499544621	0.000000	0.000000	-0.170338	0.000000	0.000000	0.000000	0.000000	0.000000	0.114608	0.000000	0.000000	0.000000	0.000000	0.000000	0.000000	0.000000	0.000000	0.000000	0.000000	0.000000	0.000000	0.000000	0.000000	0.000000
1764624632.509791136	0.000000	0.000000	-0.158276	0.000000	0.000000	0.000000	0.000000	0.000000	0.114608	0.000000	0.000000	0.000000	0.000000	0.000000	0.000000	0.000000	0.000000	0.000000	0.000000	0.000000	0.000000	0.000000	0.000000	0.000000
1764624632.528764009	0.000000	0.000000	-0.163065	0.000000	0.000000	0.000000	0.000000	0.000000	0.114608	0.000000	0.000000	0.000000	0.000000	0.000000	0.000000	0.000000	0.000000	0.000000	0.000000	0.000000	0.000000	0.000000	0.000000	0.000000
1764624632.535214186	0.000000	0.000000	-0.156142	0.000000	0.000000	0.000000	0.000000	0.000000	0.114608	0.000000	0.000000	0.000000	0.000000	0.000000	0.000000	0.000000	0.000000	0.000000	0.000000	0.000000	0.000000	0.000000	0.000000	0.000000
1764624632.539468050	0.000000	0.000000	-0.163044	0.000000	0.000000	0.000000	0.000000	0.000000	0.114608	0.000000	0.000000	0.000000	0.000000	0.000000	0.000000	0.000000	0.000000	0.000000	0.000000	0.000000	0.000000	0.000000	0.000000	0.000000
1764624632.562120914	0.000000	0.000000	-0.148885	0.000000	0.000000	0.000000	0.000000	0.000000	0.114608	0.000000	0.000000	0.000000	0.000000	0.000000	0.000000	0.000000	0.000000	0.000000	0.000000	0.000000	0.000000	0.000000	0.000000	0.000000
1764624632.563601971	0.000000	0.000000	-0.143313	0.000000	0.000000	0.000000	0.000000	0.000000	0.114608	0.000000	0.000000	0.000000	0.000000	0.000000	0.000000	0.000000	0.000000	0.000000	0.000000	0.000000	0.000000	0.000000	0.000000	0.000000
1764624632.569426298	0.000000	0.000000	-0.141644	0.000000	0.000000	0.000000	0.000000	0.000000	0.114608	0.000000	0.000000	0.000000	0.000000	0.000000	0.000000	0.000000	0.000000	0.000000	0.000000	0.000000	0.000000	0.000000	0.000000	0.000000
1764624632.580024719	0.000000	0.000000	-0.135047	0.000000	0.000000	0.000000	0.000000	0.000000	0.114608	0.000000	0.000000	0.000000	0.000000	0.000000	0.000000	0.000000	0.000000	0.000000	0.000000	0.000000	0.000000	0.000000	0.000000	0.000000
1764624632.590022564	0.000000	0.000000	-0.135020	0.000000	0.000000	0.000000	0.000000	0.000000	0.114608	0.000000	0.000000	0.000000	0.000000	0.000000	0.000000	0.000000	0.000000	0.000000	0.000000	0.000000	0.000000	0.000000	0.000000	0.000000
1764624632.608796835	0.000000	0.000000	-0.140891	0.000000	0.000000	0.000000	0.000000	0.000000	0.114608	0.000000	0.000000	0.000000	0.000000	0.000000	0.000000	0.000000	0.000000	0.000000	0.000000	0.000000	0.000000	0.000000	0.000000	0.000000
1764624632.610109568	0.000000	0.000000	-0.123266	0.000000	0.000000	0.000000	0.000000	0.000000	0.114608	0.000000	0.000000	0.000000	0.000000	0.000000	0.000000	0.000000	0.000000	0.000000	0.000000	0.000000	0.000000	0.000000	0.000000	0.000000
1764624632.618896246	0.000000	0.000000	-0.133993	0.000000	0.000000	0.000000	0.000000	0.000000	0.114608	0.000000	0.000000	0.000000	0.000000	0.000000	0.000000	0.000000	0.000000	0.000000	0.000000	0.000000	0.000000	0.000000	0.000000	0.000000
1764624632.644910097	0.000000	0.000000	-0.128153	0.000000	0.000000	0.000000	0.000000	0.000000	0.114608	0.000000	0.000000	0.000000	0.000000	0.000000	0.000000	0.000000	0.000000	0.000000	0.000000	0.000000	0.000000	0.000000	0.000000	0.000000
1764624632.646831036	0.000000	0.000000	-0.118085	0.000000	0.000000	0.000000	0.000000	0.000000	0.114608	0.000000	0.000000	0.000000	0.000000	0.000000	0.000000	0.000000	0.000000	0.000000	0.000000	0.000000	0.000000	0.000000	0.000000	0.000000
1764624632.649353027	0.000000	0.000000	-0.117701	0.000000	0.000000	0.000000	0.000000	0.000000	0.114608	0.000000	0.000000	0.000000	0.000000	0.000000	0.000000	0.000000	0.000000	0.000000	0.000000	0.000000	0.000000	0.000000	0.000000	0.000000
1764624632.660048008	0.000000	0.000000	-0.114979	0.000000	0.000000	0.000000	0.000000	0.000000	0.114608	0.000000	0.000000	0.000000	0.000000	0.000000	0.000000	0.000000	0.000000	0.000000	0.000000	0.000000	0.000000	0.000000	0.000000	0.000000
1764624632.682390213	0.000000	0.000000	-0.106327	0.000000	0.000000	0.000000	0.000000	0.000000	0.114608	0.000000	0.000000	0.000000	0.000000	0.000000	0.000000	0.000000	0.000000	0.000000	0.000000	0.000000	-16.008848	0.000000	0.000000	0.000000
1764624632.684022427	0.000000	0.000000	-0.130177	0.000000	0.000000	0.000000	0.000000	0.000000	0.114608	0.000000	0.000000	0.000000	0.000000	0.000000	0.000000	0.000000	0.000000	0.000000	0.000000	0.000000	-16.008848	0.000000	0.000000	0.000000
1764624632.689399242	0.000000	0.000000	-0.122867	0.000000	0.000000	0.000000	0.000000	0.000000	0.114608	0.000000	0.000000	0.000000	0.000000	0.000000	0.000000	0.000000	0.000000	0.000000	0.000000	0.000000	-16.008848	0.000000	0.000000	0.000000
1764624632.699664831	0.000000	0.000000	-0.106280	0.000000	0.000000	0.000000	0.000000	0.000000	0.114608	0.000000	0.000000	0.000000	0.000000	0.000000	0.000000	0.000000	0.000000	0.000000	0.000000	0.000000	-16.008848	0.000000	0.000000	0.000000
1764624632.710027456	0.000000	0.000000	-0.126635	0.000000	0.000000	0.000000	0.000000	0.000000	0.082097	0.000000	0.000000	0.000000	0.000000	0.000000	0.000000	0.000000	0.000000	0.000000	0.000000	0.000000	-16.008848	0.000000	0.000000	0.000000
1764624632.724204063	0.000000	0.000000	-0.121219	0.000000	0.000000	0.000000	0.000000	0.000000	0.082097	0.000000	0.000000	0.000000	0.000000	0.000000	0.000000	0.000000	0.000000	0.000000	0.000000	0.000000	-16.008848	0.000000	0.000000	0.000000
1764624632.728885412	0.000000	0.000000	-0.094500	0.000000	0.000000	0.000000	0.000000	0.000000	0.082097	0.000000	0.000000	0.000000	0.000000	0.000000	0.000000	0.000000	0.000000	0.000000	0.000000	0.000000	-16.008848	0.000000	0.000000	0.000000
1764624632.738224745	0.000000	0.000000	-0.181889	0.000000	0.000000	0.000000	0.000000	0.000000	0.082097	0.000000	0.000000	0.000000	0.000000	0.000000	0.000000	0.000000	0.000000	0.000000	0.000000	0.000000	-16.008848	0.000000	0.000000	0.000000
1764624632.750112534	0.000000	0.000000	-0.103602	0.000000	0.000000	0.000000	0.000000	0.000000	0.082097	0.000000	0.000000	0.000000	0.000000	0.000000	0.000000	0.000000	0.000000	0.000000	0.000000	0.000000	-16.008848	0.000000	0.000000	0.000000
1764624632.759230137	0.000000	0.000000	-0.158709	0.000000	0.000000	0.000000	0.000000	0.000000	0.082097	0.000000	0.000000	0.000000	0.000000	0.000000	0.000000	0.000000	0.000000	0.000000	0.000000	0.000000	-16.008848	0.000000	0.000000	0.000000
1764624632.777329206	0.000000	0.000000	-0.211845	0.000000	0.000000	0.000000	0.000000	0.000000	0.082097	0.000000	0.000000	0.000000	0.000000	0.000000	0.000000	0.000000	0.000000	0.000000	0.000000	0.000000	-16.008848	0.000000	0.000000	0.000000
1764624632.778863907	0.000000	0.000000	-0.244716	0.000000	0.000000	0.000000	0.000000	0.000000	0.082097	0.000000	0.000000	0.000000	0.000000	0.000000	0.000000	0.000000	0.000000	0.000000	0.000000	0.000000	-16.008848	0.000000	0.000000	0.000000
1764624632.799895048	0.000000	0.000000	-0.316110	0.000000	0.000000	0.000000	0.000000	0.000000	0.082097	0.000000	0.000000	0.000000	0.000000	0.000000	0.000000	0.000000	0.000000	0.000000	0.000000	0.000000	-16.008848	0.000000	0.000000	0.000000
1764624632.805696964	0.000000	0.000000	-0.372081	0.000000	0.000000	0.000000	0.000000	0.000000	0.082097	0.000000	0.000000	0.000000	0.000000	0.000000	0.000000	0.000000	0.000000	0.000000	0.000000	0.000000	-16.008848	0.000000	0.000000	0.000000
1764624632.809695244	0.000000	0.000000	-0.398333	0.000000	0.000000	0.000000	0.000000	0.000000	0.082097	0.000000	0.000000	0.000000	0.000000	0.000000	0.000000	0.000000	0.000000	0.000000	0.000000	0.000000	-16.008848	0.000000	0.000000	0.000000
1764624632.818283319	0.000000	0.000000	-0.440116	0.000000	0.000000	0.000000	0.000000	0.000000	0.082097	0.000000	0.000000	0.000000	0.000000	0.000000	0.000000	0.000000	0.000000	0.000000	0.000000	0.000000	-16.008848	0.000000	0.000000	0.000000
1764624632.829197884	0.000000	0.000000	-0.412780	0.000000	0.000000	0.000000	0.000000	0.000000	0.082097	0.000000	0.000000	0.000000	0.000000	0.000000	0.000000	0.000000	0.000000	0.000000	0.000000	0.000000	-16.008848	0.000000	0.000000	0.000000
1764624632.846249819	0.000000	0.000000	-0.412884	0.000000	0.000000	0.000000	0.000000	0.000000	0.082097	0.000000	0.000000	0.000000	0.000000	0.000000	0.000000	0.000000	0.000000	0.000000	0.000000	0.000000	-16.008848	0.000000	0.000000	0.000000
1764624632.849454641	0.000000	0.000000	-0.401745	0.000000	0.000000	0.000000	0.000000	0.000000	0.082097	0.000000	0.000000	0.000000	0.000000	0.000000	0.000000	0.000000	0.000000	0.000000	0.000000	0.000000	-16.008848	0.000000	0.000000	0.000000
1764624632.860695601	0.000000	0.000000	-0.402399	0.000000	0.000000	0.000000	0.000000	0.000000	0.082097	0.000000	0.000000	0.000000	0.000000	0.000000	0.000000	0.000000	0.000000	0.000000	0.000000	0.000000	-16.008848	0.000000	0.000000	0.000000
1764624632.869610786	0.000000	0.000000	-0.414100	0.000000	0.000000	0.000000	0.000000	0.000000	0.082097	0.000000	0.000000	0.000000	0.000000	0.000000	0.000000	0.000000	0.000000	0.000000	0.000000	0.000000	-16.008848	0.000000	0.000000	0.000000
1764624632.879747629	0.000000	0.000000	-0.408222	0.000000	0.000000	0.000000	0.000000	0.000000	0.082097	0.000000	0.000000	0.000000	0.000000	0.000000	0.000000	0.000000	0.000000	0.000000	0.000000	0.000000	-16.008848	0.000000	0.000000	0.000000
1764624632.890050888	0.000000	0.000000	-0.412313	0.000000	0.000000	0.000000	0.000000	0.000000	0.082097	0.000000	0.000000	0.000000	0.000000	0.000000	0.000000	0.000000	0.000000	0.000000	0.000000	0.000000	-16.008848	0.000000	0.000000	0.000000
1764624632.899681091	0.000000	0.000000	-0.420284	0.000000	0.000000	0.000000	0.000000	0.000000	0.082097	0.000000	0.000000	0.000000	0.000000	0.000000	0.000000	0.000000	0.000000	0.000000	0.000000	0.000000	-16.008848	0.000000	0.000000	0.000000
1764624632.918629408	0.000000	0.000000	-0.446840	0.000000	0.000000	0.000000	0.000000	0.000000	0.082097	0.000000	0.000000	0.000000	0.000000	0.000000	0.000000	0.000000	0.000000	0.000000	0.000000	0.000000	-16.008848	0.000000	0.000000	0.000000
1764624632.919906616	0.000000	0.000000	-0.385263	0.000000	0.000000	0.000000	0.000000	0.000000	0.082097	0.000000	0.000000	0.000000	0.000000	0.000000	0.000000	0.000000	0.000000	0.000000	0.000000	0.000000	-16.008848	0.000000	0.000000	0.000000
1764624632.929126740	0.000000	0.000000	-0.338978	0.000000	0.000000	0.000000	0.000000	0.000000	0.082097	0.000000	0.000000	0.000000	0.000000	0.000000	0.000000	0.000000	0.000000	0.000000	0.000000	0.000000	-16.008848	0.000000	0.000000	0.000000
1764624632.939466953	0.000000	0.000000	-0.360228	0.000000	0.000000	0.000000	0.000000	0.000000	0.082097	0.000000	0.000000	0.000000	0.000000	0.000000	0.000000	0.000000	0.000000	0.000000	0.000000	0.000000	-16.008848	0.000000	0.000000	0.000000
1764624632.949362755	0.000000	0.000000	-0.295061	0.000000	0.000000	0.000000	0.000000	0.000000	0.082097	0.000000	0.000000	0.000000	0.000000	0.000000	0.000000	0.000000	0.000000	0.000000	0.000000	0.000000	-16.008848	0.000000	0.000000	0.000000
1764624632.959099770	0.000000	0.000000	-0.300090	0.000000	0.000000	0.000000	0.000000	0.000000	-0.009372	0.000000	0.000000	0.000000	0.000000	0.000000	0.000000	0.000000	0.000000	0.000000	0.000000	0.000000	-16.008848	0.000000	0.000000	0.000000
1764624632.972440958	0.000000	0.000000	-0.262536	0.000000	0.000000	0.000000	0.000000	0.000000	-0.009372	0.000000	0.000000	0.000000	0.000000	0.000000	0.000000	0.000000	0.000000	0.000000	0.000000	0.000000	-16.008848	0.000000	0.000000	0.000000
1764624632.979130507	0.000000	0.000000	-0.264348	0.000000	0.000000	0.000000	0.000000	0.000000	-0.009372	0.000000	0.000000	0.000000	0.000000	0.000000	0.000000	0.000000	0.000000	0.000000	0.000000	0.000000	-16.008848	0.000000	0.000000	0.000000
1764624632.989597321	0.000000	0.000000	-0.219445	0.000000	0.000000	0.000000	0.000000	0.000000	-0.009372	0.000000	0.000000	0.000000	0.000000	0.000000	0.000000	0.000000	0.000000	0.000000	0.000000	0.000000	-16.008848	0.000000	0.000000	0.000000
1764624633.006858349	0.000000	0.000000	-0.273122	0.000000	0.000000	0.000000	0.000000	0.000000	-0.009372	0.000000	0.000000	0.000000	0.000000	0.000000	0.000000	0.000000	0.000000	0.000000	0.000000	0.000000	-16.008848	0.000000	0.000000	0.000000
1764624633.009620428	0.000000	0.000000	-0.217172	0.000000	0.000000	0.000000	0.000000	0.000000	-0.009372	0.000000	0.000000	0.000000	0.000000	0.000000	0.000000	0.000000	0.000000	0.000000	0.000000	0.000000	-16.008848	0.000000	0.000000	0.000000
1764624633.018792152	0.000000	0.000000	-0.253498	0.000000	0.000000	0.000000	0.000000	0.000000	-0.009372	0.000000	0.000000	0.000000	0.000000	0.000000	0.000000	0.000000	0.000000	0.000000	0.000000	0.000000	-16.008848	0.000000	0.000000	0.000000
1764624633.032828093	0.000000	0.000000	-0.190047	0.000000	0.000000	0.000000	0.000000	0.000000	-0.009372	0.000000	0.000000	0.000000	0.000000	0.000000	0.000000	0.000000	0.000000	0.000000	0.000000	0.000000	-16.008848	0.000000	0.000000	0.000000
1764624633.054796934	0.000000	0.000000	-0.210742	0.000000	0.000000	0.000000	0.000000	0.000000	-0.009372	0.000000	0.000000	0.000000	0.000000	0.000000	0.000000	0.000000	0.000000	0.000000	0.000000	0.000000	-16.008848	0.000000	0.000000	0.000000
1764624633.057641506	0.000000	0.000000	-0.256682	0.000000	0.000000	0.000000	0.000000	0.000000	-0.009372	0.000000	0.000000	0.000000	0.000000	0.000000	0.000000	0.000000	0.000000	0.000000	0.000000	0.000000	-16.008848	0.000000	0.000000	0.000000
1764624633.059224606	0.000000	0.000000	-0.235394	0.000000	0.000000	0.000000	0.000000	0.000000	-0.009372	0.000000	0.000000	0.000000	0.000000	0.000000	0.000000	0.000000	0.000000	0.000000	0.000000	0.000000	-16.008848	0.000000	0.000000	0.000000
1764624633.082826614	0.000000	0.000000	-0.170459	0.000000	0.000000	0.000000	0.000000	0.000000	-0.009372	0.000000	0.000000	0.000000	0.000000	0.000000	0.000000	0.000000	0.000000	0.000000	0.000000	0.000000	-16.008848	0.000000	0.000000	0.000000
1764624633.085153580	0.000000	0.000000	-0.241333	0.000000	0.000000	0.000000	0.000000	0.000000	-0.009372	0.000000	0.000000	0.000000	0.000000	0.000000	0.000000	0.000000	0.000000	0.000000	0.000000	0.000000	-16.008848	0.000000	0.000000	0.000000
1764624633.089035034	0.000000	0.000000	-0.244426	0.000000	0.000000	0.000000	0.000000	0.000000	-0.009372	0.000000	0.000000	0.000000	0.000000	0.000000	0.000000	0.000000	0.000000	0.000000	0.000000	0.000000	-16.008848	0.000000	0.000000	0.000000
1764624633.099933863	0.000000	0.000000	-0.194430	0.000000	0.000000	0.000000	0.000000	0.000000	-0.009372	0.000000	0.000000	0.000000	0.000000	0.000000	0.000000	0.000000	0.000000	0.000000	0.000000	0.000000	-16.008848	0.000000	0.000000	0.000000
1764624633.109889030	0.000000	0.000000	-0.234082	0.000000	0.000000	0.000000	0.000000	0.000000	-0.009372	0.000000	0.000000	0.000000	0.000000	0.000000	0.000000	0.000000	0.000000	0.000000	0.000000	0.000000	-16.008848	0.000000	0.000000	0.000000
1764624633.125288486	0.000000	0.000000	-0.166131	0.000000	0.000000	0.000000	0.000000	0.000000	-0.009372	0.000000	0.000000	0.000000	0.000000	0.000000	0.000000	0.000000	0.000000	0.000000	0.000000	0.000000	-16.008848	0.000000	0.000000	0.000000
1764624633.129215002	0.000000	0.000000	-0.179598	0.000000	0.000000	0.000000	0.000000	0.000000	-0.009372	0.000000	0.000000	0.000000	0.000000	0.000000	0.000000	0.000000	0.000000	0.000000	0.000000	0.000000	-16.008848	0.000000	0.000000	0.000000
1764624633.139859676	0.000000	0.000000	-0.168980	0.000000	0.000000	0.000000	0.000000	0.000000	-0.009372	0.000000	0.000000	0.000000	0.000000	0.000000	0.000000	0.000000	0.000000	0.000000	0.000000	0.000000	-16.008848	0.000000	0.000000	0.000000
1764624633.164418936	0.000000	0.000000	-0.169198	0.000000	0.000000	0.000000	0.000000	0.000000	-0.009372	0.000000	0.000000	0.000000	0.000000	0.000000	0.000000	0.000000	0.000000	0.000000	0.000000	0.000000	-16.008848	0.000000	0.000000	0.000000
1764624633.164448023	0.000000	0.000000	-0.166169	0.000000	0.000000	0.000000	0.000000	0.000000	-0.009372	0.000000	0.000000	0.000000	0.000000	0.000000	0.000000	0.000000	0.000000	0.000000	0.000000	0.000000	-16.008848	0.000000	0.000000	0.000000
1764624633.169230223	0.000000	0.000000	-0.144405	0.000000	0.000000	0.000000	0.000000	0.000000	-0.009372	0.000000	0.000000	0.000000	0.000000	0.000000	0.000000	0.000000	0.000000	0.000000	0.000000	0.000000	-16.008848	0.000000	0.000000	0.000000
1764624633.179474592	0.000000	0.000000	-0.145431	0.000000	0.000000	0.000000	0.000000	0.000000	-0.009372	0.000000	0.000000	0.000000	0.000000	0.000000	0.000000	0.000000	0.000000	0.000000	0.000000	0.000000	-16.008848	0.000000	0.000000	0.000000
1764624633.189415932	0.000000	0.000000	-0.175268	0.000000	0.000000	0.000000	0.000000	0.000000	-0.009372	0.000000	0.000000	0.000000	0.000000	0.000000	0.000000	0.000000	0.000000	0.000000	0.000000	0.000000	-16.008848	0.000000	0.000000	0.000000
1764624633.199347496	0.000000	0.000000	-0.097491	0.000000	0.000000	0.000000	0.000000	0.000000	-0.009372	0.000000	0.000000	0.000000	0.000000	0.000000	0.000000	0.000000	0.000000	0.000000	0.000000	0.000000	-16.008848	0.000000	0.000000	0.000000
1764624633.219287634	0.000000	0.000000	-0.162776	0.000000	0.000000	0.000000	0.000000	0.000000	-0.047968	0.000000	0.000000	0.000000	0.000000	0.000000	0.000000	0.000000	0.000000	0.000000	0.000000	0.000000	-16.008848	0.000000	0.000000	0.000000
1764624633.219300985	0.000000	0.000000	-0.113146	0.000000	0.000000	0.000000	0.000000	0.000000	-0.047968	0.000000	0.000000	0.000000	0.000000	0.000000	0.000000	0.000000	0.000000	0.000000	0.000000	0.000000	-16.008848	0.000000	0.000000	0.000000
1764624633.244285822	0.000000	0.000000	-0.094424	0.000000	0.000000	0.000000	0.000000	0.000000	-0.047968	0.000000	0.000000	0.000000	0.000000	0.000000	0.000000	0.000000	0.000000	0.000000	0.000000	0.000000	-16.008848	0.000000	0.000000	0.000000
1764624633.246591330	0.000000	0.000000	-0.124737	0.000000	0.000000	0.000000	0.000000	0.000000	-0.047968	0.000000	0.000000	0.000000	0.000000	0.000000	0.000000	0.000000	0.000000	0.000000	0.000000	0.000000	-16.008848	0.000000	0.000000	0.000000
1764624633.248771191	0.000000	0.000000	-0.114920	0.000000	0.000000	0.000000	0.000000	0.000000	-0.047968	0.000000	0.000000	0.000000	0.000000	0.000000	0.000000	0.000000	0.000000	0.000000	0.000000	0.000000	-16.008848	0.000000	0.000000	0.000000
1764624633.258760452	0.000000	0.000000	-0.090337	0.000000	0.000000	0.000000	0.000000	0.000000	-0.047968	0.000000	0.000000	0.000000	0.000000	0.000000	0.000000	0.000000	0.000000	0.000000	0.000000	0.000000	-16.008848	0.000000	0.000000	0.000000
1764624633.270441294	0.000000	0.000000	-0.125605	0.000000	0.000000	0.000000	0.000000	0.000000	-0.047968	0.000000	0.000000	0.000000	0.000000	0.000000	0.000000	0.000000	0.000000	0.000000	0.000000	0.000000	-16.008848	0.000000	0.000000	0.000000
1764624633.279317379	0.000000	0.000000	-0.133649	0.000000	0.000000	0.000000	0.000000	0.000000	-0.047968	0.000000	0.000000	0.000000	0.000000	0.000000	0.000000	0.000000	0.000000	0.000000	0.000000	0.000000	-16.008848	0.000000	0.000000	0.000000
1764624633.297683716	0.000000	0.000000	-0.111123	0.000000	0.000000	0.000000	0.000000	0.000000	-0.047968	0.000000	0.000000	0.000000	0.000000	0.000000	0.000000	0.000000	0.000000	0.000000	0.000000	0.000000	-16.008848	0.000000	0.000000	0.000000
1764624633.299673557	0.000000	0.000000	-0.133657	0.000000	0.000000	0.000000	0.000000	0.000000	-0.047968	0.000000	0.000000	0.000000	0.000000	0.000000	0.000000	0.000000	0.000000	0.000000	0.000000	0.000000	-16.008848	0.000000	0.000000	0.000000
1764624633.309936523	0.000000	0.000000	-0.102874	0.000000	0.000000	0.000000	0.000000	0.000000	-0.047968	0.000000	0.000000	0.000000	0.000000	0.000000	0.000000	0.000000	0.000000	0.000000	0.000000	0.000000	-16.008848	0.000000	0.000000	0.000000
1764624633.328366995	0.000000	0.000000	-0.106052	0.000000	0.000000	0.000000	0.000000	0.000000	-0.047968	0.000000	0.000000	0.000000	0.000000	0.000000	0.000000	0.000000	0.000000	0.000000	0.000000	0.000000	-16.008848	0.000000	0.000000	0.000000
1764624633.328377247	0.000000	0.000000	-0.101533	0.000000	0.000000	0.000000	0.000000	0.000000	-0.047968	0.000000	0.000000	0.000000	0.000000	0.000000	0.000000	0.000000	0.000000	0.000000	0.000000	0.000000	-16.008848	0.000000	0.000000	0.000000
1764624633.339919329	0.000000	0.000000	-0.087275	0.000000	0.000000	0.000000	0.000000	0.000000	-0.047968	0.000000	0.000000	0.000000	0.000000	0.000000	0.000000	0.000000	0.000000	0.000000	0.000000	0.000000	-16.008848	0.000000	0.000000	0.000000
1764624633.349524021	0.000000	0.000000	-0.075577	0.000000	0.000000	0.000000	0.000000	0.000000	-0.047968	0.000000	0.000000	0.000000	0.000000	0.000000	0.000000	0.000000	0.000000	0.000000	0.000000	0.000000	-16.008848	0.000000	0.000000	0.000000
1764624633.363073826	0.000000	0.000000	-0.057969	0.000000	0.000000	0.000000	0.000000	0.000000	-0.047968	0.000000	0.000000	0.000000	0.000000	0.000000	0.000000	0.000000	0.000000	0.000000	0.000000	0.000000	-16.008848	0.000000	0.000000	0.000000
1764624633.372517586	0.000000	0.000000	-0.075595	0.000000	0.000000	0.000000	0.000000	0.000000	-0.047968	0.000000	0.000000	0.000000	0.000000	0.000000	0.000000	0.000000	0.000000	0.000000	0.000000	0.000000	-16.008848	0.000000	0.000000	0.000000
1764624633.379144907	0.000000	0.000000	-0.096126	0.000000	0.000000	0.000000	0.000000	0.000000	-0.047968	0.000000	0.000000	0.000000	0.000000	0.000000	0.000000	0.000000	0.000000	0.000000	0.000000	0.000000	-16.008848	0.000000	0.000000	0.000000
1764624633.389618397	0.000000	0.000000	-0.066611	0.000000	0.000000	0.000000	0.000000	0.000000	-0.047968	0.000000	0.000000	0.000000	0.000000	0.000000	0.000000	0.000000	0.000000	0.000000	0.000000	0.000000	-16.008848	0.000000	0.000000	0.000000
1764624633.405150175	0.000000	0.000000	-0.088823	0.000000	0.000000	0.000000	0.000000	0.000000	-0.047968	0.000000	0.000000	0.000000	0.000000	0.000000	0.000000	0.000000	0.000000	0.000000	0.000000	0.000000	-16.008848	0.000000	0.000000	0.000000
1764624633.409895420	0.000000	0.000000	-0.104342	0.000000	0.000000	0.000000	0.000000	0.000000	-0.047968	0.000000	0.000000	0.000000	0.000000	0.000000	0.000000	0.000000	0.000000	0.000000	0.000000	0.000000	-16.008848	0.000000	0.000000	0.000000
1764624633.418650389	0.000000	0.000000	-0.093998	0.000000	0.000000	0.000000	0.000000	0.000000	-0.047968	0.000000	0.000000	0.000000	0.000000	0.000000	0.000000	0.000000	0.000000	0.000000	0.000000	0.000000	-16.008848	0.000000	0.000000	0.000000
1764624633.429168940	0.000000	0.000000	-0.083597	0.000000	0.000000	0.000000	0.000000	0.000000	-0.047968	0.000000	0.000000	0.000000	0.000000	0.000000	0.000000	0.000000	0.000000	0.000000	0.000000	0.000000	-16.008848	0.000000	0.000000	0.000000
1764624633.444657564	0.000000	0.000000	-0.125495	0.000000	0.000000	0.000000	0.000000	0.000000	-0.047968	0.000000	0.000000	0.000000	0.000000	0.000000	0.000000	0.000000	0.000000	0.000000	0.000000	0.000000	-16.008848	0.000000	0.000000	0.000000
1764624633.448920250	0.000000	0.000000	-0.082574	0.000000	0.000000	0.000000	0.000000	0.000000	-0.047968	0.000000	0.000000	0.000000	0.000000	0.000000	0.000000	0.000000	0.000000	0.000000	0.000000	0.000000	-16.008848	0.000000	0.000000	0.000000
1764624633.459534407	0.000000	0.000000	-0.067486	0.000000	0.000000	0.000000	0.000000	0.000000	-0.080038	0.000000	0.000000	0.000000	0.000000	0.000000	0.000000	0.000000	0.000000	0.000000	0.000000	0.000000	-16.008848	0.000000	0.000000	0.000000
1764624633.469884872	0.000000	0.000000	-0.097510	0.000000	0.000000	0.000000	0.000000	0.000000	-0.080038	0.000000	0.000000	0.000000	0.000000	0.000000	0.000000	0.000000	0.000000	0.000000	0.000000	0.000000	-16.008848	0.000000	0.000000	0.000000
1764624633.479438305	0.000000	0.000000	-0.064358	0.000000	0.000000	0.000000	0.000000	0.000000	-0.080038	0.000000	0.000000	0.000000	0.000000	0.000000	0.000000	0.000000	0.000000	0.000000	0.000000	0.000000	-16.008848	0.000000	0.000000	0.000000
1764624633.501754522	0.000000	0.000000	-0.066080	0.000000	0.000000	0.000000	0.000000	0.000000	-0.080038	0.000000	0.000000	0.000000	0.000000	0.000000	0.000000	0.000000	0.000000	0.000000	0.000000	0.000000	-16.008848	0.000000	0.000000	0.000000
1764624633.501781702	0.000000	0.000000	-0.078544	0.000000	0.000000	0.000000	0.000000	0.000000	-0.080038	0.000000	0.000000	0.000000	0.000000	0.000000	0.000000	0.000000	0.000000	0.000000	0.000000	0.000000	-16.008848	0.000000	0.000000	0.000000
1764624633.509752512	0.000000	0.000000	-0.043016	0.000000	0.000000	0.000000	0.000000	0.000000	-0.080038	0.000000	0.000000	0.000000	0.000000	0.000000	0.000000	0.000000	0.000000	0.000000	0.000000	0.000000	-16.008848	0.000000	0.000000	0.000000
1764624633.523675680	0.000000	0.000000	-0.106627	0.000000	0.000000	0.000000	0.000000	0.000000	-0.080038	0.000000	0.000000	0.000000	0.000000	0.000000	0.000000	0.000000	0.000000	0.000000	0.000000	0.000000	-16.008848	0.000000	0.000000	0.000000
1764624633.529000998	0.000000	0.000000	-0.064316	0.000000	0.000000	0.000000	0.000000	0.000000	-0.080038	0.000000	0.000000	0.000000	0.000000	0.000000	0.000000	0.000000	0.000000	0.000000	0.000000	0.000000	-16.008848	0.000000	0.000000	0.000000
1764624633.538526535	0.000000	0.000000	-0.064788	0.000000	0.000000	0.000000	0.000000	0.000000	-0.080038	0.000000	0.000000	0.000000	0.000000	0.000000	0.000000	0.000000	0.000000	0.000000	0.000000	0.000000	-16.008848	0.000000	0.000000	0.000000
1764624633.549741268	0.000000	0.000000	-0.083488	0.000000	0.000000	0.000000	0.000000	0.000000	-0.080038	0.000000	0.000000	0.000000	0.000000	0.000000	0.000000	0.000000	0.000000	0.000000	0.000000	0.000000	-16.008848	0.000000	0.000000	0.000000
1764624633.568158627	0.000000	0.000000	-0.058415	0.000000	0.000000	0.000000	0.000000	0.000000	-0.080038	0.000000	0.000000	0.000000	0.000000	0.000000	0.000000	0.000000	0.000000	0.000000	0.000000	0.000000	-16.008848	0.000000	0.000000	0.000000
1764624633.568175554	0.000000	0.000000	-0.062709	0.000000	0.000000	0.000000	0.000000	0.000000	-0.080038	0.000000	0.000000	0.000000	0.000000	0.000000	0.000000	0.000000	0.000000	0.000000	0.000000	0.000000	-16.008848	0.000000	0.000000	0.000000
1764624633.579411745	0.000000	0.000000	-0.068222	0.000000	0.000000	0.000000	0.000000	0.000000	-0.080038	0.000000	0.000000	0.000000	0.000000	0.000000	0.000000	0.000000	0.000000	0.000000	0.000000	0.000000	-16.008848	0.000000	0.000000	0.000000
1764624633.590060949	0.000000	0.000000	-0.076647	0.000000	0.000000	0.000000	0.000000	0.000000	-0.080038	0.000000	0.000000	0.000000	0.000000	0.000000	0.000000	0.000000	0.000000	0.000000	0.000000	0.000000	-16.008848	0.000000	0.000000	0.000000
1764624633.609021187	0.000000	0.000000	-0.057091	0.000000	0.000000	0.000000	0.000000	0.000000	-0.080038	0.000000	0.000000	0.000000	0.000000	0.000000	0.000000	0.000000	0.000000	0.000000	0.000000	0.000000	-16.008848	0.000000	0.000000	0.000000
1764624633.609036446	0.000000	0.000000	-0.067273	0.000000	0.000000	0.000000	0.000000	0.000000	-0.080038	0.000000	0.000000	0.000000	0.000000	0.000000	0.000000	0.000000	0.000000	0.000000	0.000000	0.000000	-16.008848	0.000000	0.000000	0.000000
1764624633.619015217	0.000000	0.000000	-0.037677	0.000000	0.000000	0.000000	0.000000	0.000000	-0.080038	0.000000	0.000000	0.000000	0.000000	0.000000	0.000000	0.000000	0.000000	0.000000	0.000000	0.000000	-16.008848	0.000000	0.000000	0.000000
1764624633.629740715	0.000000	0.000000	-0.079836	0.000000	0.000000	0.000000	0.000000	0.000000	-0.080038	0.000000	0.000000	0.000000	0.000000	0.000000	0.000000	0.000000	0.000000	0.000000	0.000000	0.000000	-16.008848	0.000000	0.000000	0.000000
1764624633.640274048	0.000000	0.000000	-0.079351	0.000000	0.000000	0.000000	0.000000	0.000000	-0.080038	0.000000	0.000000	0.000000	0.000000	0.000000	0.000000	0.000000	0.000000	0.000000	0.000000	0.000000	-16.008848	0.000000	0.000000	0.000000
1764624633.654514790	0.000000	0.000000	-0.081245	0.000000	0.000000	0.000000	0.000000	0.000000	-0.080038	0.000000	0.000000	0.000000	0.000000	0.000000	0.000000	0.000000	0.000000	0.000000	0.000000	0.000000	-16.008848	0.000000	0.000000	0.000000
1764624633.659368992	0.000000	0.000000	-0.100689	0.000000	0.000000	0.000000	0.000000	0.000000	-0.080038	0.000000	0.000000	0.000000	0.000000	0.000000	0.000000	0.000000	0.000000	0.000000	0.000000	0.000000	-16.008848	0.000000	0.000000	0.000000
1764624633.669366837	0.000000	0.000000	-0.092120	0.000000	0.000000	0.000000	0.000000	0.000000	-0.080038	0.000000	0.000000	0.000000	0.000000	0.000000	0.000000	0.000000	0.000000	0.000000	0.000000	0.000000	-16.008848	0.000000	0.000000	0.000000
1764624633.688738585	0.000000	0.000000	-0.033247	0.000000	0.000000	0.000000	0.000000	0.000000	-0.080038	0.000000	0.000000	0.000000	0.000000	0.000000	0.000000	0.000000	0.000000	0.000000	0.000000	0.000000	-16.008848	0.000000	0.000000	0.000000
1764624633.688747644	0.000000	0.000000	-0.087553	0.000000	0.000000	0.000000	0.000000	0.000000	-0.080038	0.000000	0.000000	0.000000	0.000000	0.000000	0.000000	0.000000	0.000000	0.000000	0.000000	0.000000	-16.008848	0.000000	0.000000	0.000000
1764624633.699760914	0.000000	0.000000	-0.055424	0.000000	0.000000	0.000000	0.000000	0.000000	-0.080038	0.000000	0.000000	0.000000	0.000000	0.000000	0.000000	0.000000	0.000000	0.000000	0.000000	0.000000	-16.008848	0.000000	0.000000	0.000000
1764624633.709724188	0.000000	0.000000	-0.053260	0.000000	0.000000	0.000000	0.000000	0.000000	-0.105245	0.000000	0.000000	0.000000	0.000000	0.000000	0.000000	0.000000	0.000000	0.000000	0.000000	0.000000	-16.008848	0.000000	0.000000	0.000000
1764624633.725056887	0.000000	0.000000	-0.073202	0.000000	0.000000	0.000000	0.000000	0.000000	-0.105245	0.000000	0.000000	0.000000	0.000000	0.000000	0.000000	0.000000	0.000000	0.000000	0.000000	0.000000	-16.008848	0.000000	0.000000	0.000000
1764624633.729749680	0.000000	0.000000	-0.048920	0.000000	0.000000	0.000000	0.000000	0.000000	-0.105245	0.000000	0.000000	0.000000	0.000000	0.000000	0.000000	0.000000	0.000000	0.000000	0.000000	0.000000	-16.008848	0.000000	0.000000	0.000000
1764624633.739657640	0.000000	0.000000	-0.022166	0.000000	0.000000	0.000000	0.000000	0.000000	-0.105245	0.000000	0.000000	0.000000	0.000000	0.000000	0.000000	0.000000	0.000000	0.000000	0.000000	0.000000	-16.008848	0.000000	0.000000	0.000000
1764624633.749447823	0.000000	0.000000	-0.074893	0.000000	0.000000	0.000000	0.000000	0.000000	-0.105245	0.000000	0.000000	0.000000	0.000000	0.000000	0.000000	0.000000	0.000000	0.000000	0.000000	0.000000	-16.008848	0.000000	0.000000	0.000000
1764624633.770733595	0.000000	0.000000	-0.060103	0.000000	0.000000	0.000000	0.000000	0.000000	-0.105245	0.000000	0.000000	0.000000	0.000000	0.000000	0.000000	0.000000	0.000000	0.000000	0.000000	0.000000	-16.008848	0.000000	0.000000	0.000000
1764624633.770750046	0.000000	0.000000	-0.069837	0.000000	0.000000	0.000000	0.000000	0.000000	-0.105245	0.000000	0.000000	0.000000	0.000000	0.000000	0.000000	0.000000	0.000000	0.000000	0.000000	0.000000	-16.008848	0.000000	0.000000	0.000000
1764624633.779100895	0.000000	0.000000	-0.065555	0.000000	0.000000	0.000000	0.000000	0.000000	-0.105245	0.000000	0.000000	0.000000	0.000000	0.000000	0.000000	0.000000	0.000000	0.000000	0.000000	0.000000	-16.008848	0.000000	0.000000	0.000000
1764624633.789289474	0.000000	0.000000	-0.090896	0.000000	0.000000	0.000000	0.000000	0.000000	-0.105245	0.000000	0.000000	0.000000	0.000000	0.000000	0.000000	0.000000	0.000000	0.000000	0.000000	0.000000	-16.008848	0.000000	0.000000	0.000000
1764624633.810571194	0.000000	0.000000	-0.085313	0.000000	0.000000	0.000000	0.000000	0.000000	-0.105245	0.000000	0.000000	0.000000	0.000000	0.000000	0.000000	0.000000	0.000000	0.000000	0.000000	0.000000	-16.008848	0.000000	0.000000	0.000000
1764624633.810595036	0.000000	0.000000	-0.096342	0.000000	0.000000	0.000000	0.000000	0.000000	-0.105245	0.000000	0.000000	0.000000	0.000000	0.000000	0.000000	0.000000	0.000000	0.000000	0.000000	0.000000	-16.008848	0.000000	0.000000	0.000000
1764624633.818686008	0.000000	0.000000	-0.055146	0.000000	0.000000	0.000000	0.000000	0.000000	-0.105245	0.000000	0.000000	0.000000	0.000000	0.000000	0.000000	0.000000	0.000000	0.000000	0.000000	0.000000	-16.008848	0.000000	0.000000	0.000000
1764624633.827828169	0.000000	0.000000	-0.057100	0.000000	0.000000	0.000000	0.000000	0.000000	-0.105245	0.000000	0.000000	0.000000	0.000000	0.000000	0.000000	0.000000	0.000000	0.000000	0.000000	0.000000	-16.008848	0.000000	0.000000	0.000000
1764624633.839050770	0.000000	0.000000	-0.080817	0.000000	0.000000	0.000000	0.000000	0.000000	-0.105245	0.000000	0.000000	0.000000	0.000000	0.000000	0.000000	0.000000	0.000000	0.000000	0.000000	0.000000	-16.008848	0.000000	0.000000	0.000000
1764624633.861955166	0.000000	0.000000	-0.061452	0.000000	0.000000	0.000000	0.000000	0.000000	-0.105245	0.000000	0.000000	0.000000	0.000000	0.000000	0.000000	0.000000	0.000000	0.000000	0.000000	0.000000	-16.008848	0.000000	0.000000	0.000000
1764624633.861973286	0.000000	0.000000	-0.073336	0.000000	0.000000	0.000000	0.000000	0.000000	-0.105245	0.000000	0.000000	0.000000	0.000000	0.000000	0.000000	0.000000	0.000000	0.000000	0.000000	0.000000	-16.008848	0.000000	0.000000	0.000000
1764624633.869680166	0.000000	0.000000	-0.032730	0.000000	0.000000	0.000000	0.000000	0.000000	-0.105245	0.000000	0.000000	0.000000	0.000000	0.000000	0.000000	0.000000	0.000000	0.000000	0.000000	0.000000	-16.008848	0.000000	0.000000	0.000000
1764624633.879217148	0.000000	0.000000	-0.068729	0.000000	0.000000	0.000000	0.000000	0.000000	-0.105245	0.000000	0.000000	0.000000	0.000000	0.000000	0.000000	0.000000	0.000000	0.000000	0.000000	0.000000	-16.008848	0.000000	0.000000	0.000000
1764624633.898429871	0.000000	0.000000	-0.069863	0.000000	0.000000	0.000000	0.000000	0.000000	-0.105245	0.000000	0.000000	0.000000	0.000000	0.000000	0.000000	0.000000	0.000000	0.000000	0.000000	0.000000	-16.008848	0.000000	0.000000	0.000000
1764624633.900381565	0.000000	0.000000	-0.035479	0.000000	0.000000	0.000000	0.000000	0.000000	-0.105245	0.000000	0.000000	0.000000	0.000000	0.000000	0.000000	0.000000	0.000000	0.000000	0.000000	0.000000	-16.008848	0.000000	0.000000	0.000000
1764624633.909808636	0.000000	0.000000	-0.090749	0.000000	0.000000	0.000000	0.000000	0.000000	-0.105245	0.000000	0.000000	0.000000	0.000000	0.000000	0.000000	0.000000	0.000000	0.000000	0.000000	0.000000	-16.008848	0.000000	0.000000	0.000000
1764624633.924463511	0.000000	0.000000	-0.071859	0.000000	0.000000	0.000000	0.000000	0.000000	-0.105245	0.000000	0.000000	0.000000	0.000000	0.000000	0.000000	0.000000	0.000000	0.000000	0.000000	0.000000	-16.008848	0.000000	0.000000	0.000000
1764624633.929063082	0.000000	0.000000	-0.064829	0.000000	0.000000	0.000000	0.000000	0.000000	-0.105245	0.000000	0.000000	0.000000	0.000000	0.000000	0.000000	0.000000	0.000000	0.000000	0.000000	0.000000	-16.008848	0.000000	0.000000	0.000000
1764624633.939792395	0.000000	0.000000	-0.059930	0.000000	0.000000	0.000000	0.000000	0.000000	-0.105245	0.000000	0.000000	0.000000	0.000000	0.000000	0.000000	0.000000	0.000000	0.000000	0.000000	0.000000	-16.008848	0.000000	0.000000	0.000000
1764624633.950057983	0.000000	0.000000	-0.088353	0.000000	0.000000	0.000000	0.000000	0.000000	-0.105245	0.000000	0.000000	0.000000	0.000000	0.000000	0.000000	0.000000	0.000000	0.000000	0.000000	0.000000	-16.008848	0.000000	0.000000	0.000000
1764624633.961192131	0.000000	0.000000	-0.043295	0.000000	0.000000	0.000000	0.000000	0.000000	-0.130831	0.000000	0.000000	0.000000	0.000000	0.000000	0.000000	0.000000	0.000000	0.000000	0.000000	0.000000	-16.008848	0.000000	0.000000	0.000000
1764624633.975410938	0.000000	0.000000	-0.070263	0.000000	0.000000	0.000000	0.000000	0.000000	-0.130831	0.000000	0.000000	0.000000	0.000000	0.000000	0.000000	0.000000	0.000000	0.000000	0.000000	0.000000	-16.008848	0.000000	0.000000	0.000000
1764624633.979299784	0.000000	0.000000	-0.094161	0.000000	0.000000	0.000000	0.000000	0.000000	-0.130831	0.000000	0.000000	0.000000	0.000000	0.000000	0.000000	0.000000	0.000000	0.000000	0.000000	0.000000	-16.008848	0.000000	0.000000	0.000000
1764624633.989765167	0.000000	0.000000	-0.047483	0.000000	0.000000	0.000000	0.000000	0.000000	-0.130831	0.000000	0.000000	0.000000	0.000000	0.000000	0.000000	0.000000	0.000000	0.000000	0.000000	0.000000	-16.008848	0.000000	0.000000	0.000000
1764624633.998934031	0.000000	0.000000	-0.089366	0.000000	0.000000	0.000000	0.000000	0.000000	-0.130831	0.000000	0.000000	0.000000	0.000000	0.000000	0.000000	0.000000	0.000000	0.000000	0.000000	0.000000	-16.008848	0.000000	0.000000	0.000000
1764624634.021940708	0.000000	0.000000	-0.079012	0.000000	0.000000	0.000000	0.000000	0.000000	-0.130831	0.000000	0.000000	0.000000	0.000000	0.000000	0.000000	0.000000	0.000000	0.000000	0.000000	0.000000	-16.008848	0.000000	0.000000	0.000000
1764624634.021960974	0.000000	0.000000	-0.058931	0.000000	0.000000	0.000000	0.000000	0.000000	-0.130831	0.000000	0.000000	0.000000	0.000000	0.000000	0.000000	0.000000	0.000000	0.000000	0.000000	0.000000	-16.008848	0.000000	0.000000	0.000000
1764624634.029252529	0.000000	0.000000	-0.089049	0.000000	0.000000	0.000000	0.000000	0.000000	-0.130831	0.000000	0.000000	0.000000	0.000000	0.000000	0.000000	0.000000	0.000000	0.000000	0.000000	0.000000	-16.008848	0.000000	0.000000	0.000000
1764624634.039143801	0.000000	0.000000	-0.037084	0.000000	0.000000	0.000000	0.000000	0.000000	-0.130831	0.000000	0.000000	0.000000	0.000000	0.000000	0.000000	0.000000	0.000000	0.000000	0.000000	0.000000	-16.008848	0.000000	0.000000	0.000000
1764624634.061496019	0.000000	0.000000	-0.062465	0.000000	0.000000	0.000000	0.000000	0.000000	-0.130831	0.000000	0.000000	0.000000	0.000000	0.000000	0.000000	0.000000	0.000000	0.000000	0.000000	0.000000	-16.008848	0.000000	0.000000	0.000000
1764624634.061533451	0.000000	0.000000	-0.071603	0.000000	0.000000	0.000000	0.000000	0.000000	-0.130831	0.000000	0.000000	0.000000	0.000000	0.000000	0.000000	0.000000	0.000000	0.000000	0.000000	0.000000	-16.008848	0.000000	0.000000	0.000000
1764624634.069328547	0.000000	0.000000	-0.038143	0.000000	0.000000	0.000000	0.000000	0.000000	-0.130831	0.000000	0.000000	0.000000	0.000000	0.000000	0.000000	0.000000	0.000000	0.000000	0.000000	0.000000	-16.008848	0.000000	0.000000	0.000000
1764624634.087001562	0.000000	0.000000	-0.057980	0.000000	0.000000	0.000000	0.000000	0.000000	-0.130831	0.000000	0.000000	0.000000	0.000000	0.000000	0.000000	0.000000	0.000000	0.000000	0.000000	0.000000	-16.008848	0.000000	0.000000	0.000000
1764624634.089060307	0.000000	0.000000	-0.054812	0.000000	0.000000	0.000000	0.000000	0.000000	-0.130831	0.000000	0.000000	0.000000	0.000000	0.000000	0.000000	0.000000	0.000000	0.000000	0.000000	0.000000	-16.008848	0.000000	0.000000	0.000000
1764624634.099917173	0.000000	0.000000	-0.044074	0.000000	0.000000	0.000000	0.000000	0.000000	-0.130831	0.000000	0.000000	0.000000	0.000000	0.000000	0.000000	0.000000	0.000000	0.000000	0.000000	0.000000	-16.008848	0.000000	0.000000	0.000000
1764624634.111127138	0.000000	0.000000	-0.070760	0.000000	0.000000	0.000000	0.000000	0.000000	-0.130831	0.000000	0.000000	0.000000	0.000000	0.000000	0.000000	0.000000	0.000000	0.000000	0.000000	0.000000	-16.008848	0.000000	0.000000	0.000000
1764624634.119816065	0.000000	0.000000	-0.073470	0.000000	0.000000	0.000000	0.000000	0.000000	-0.130831	0.000000	0.000000	0.000000	0.000000	0.000000	0.000000	0.000000	0.000000	0.000000	0.000000	0.000000	-16.008848	0.000000	0.000000	0.000000
1764624634.142738104	0.000000	0.000000	-0.062939	0.000000	0.000000	0.000000	0.000000	0.000000	-0.130831	0.000000	0.000000	0.000000	0.000000	0.000000	0.000000	0.000000	0.000000	0.000000	0.000000	0.000000	-16.008848	0.000000	0.000000	0.000000
1764624634.144157648	0.000000	0.000000	-0.095283	0.000000	0.000000	0.000000	0.000000	0.000000	-0.130831	0.000000	0.000000	0.000000	0.000000	0.000000	0.000000	0.000000	0.000000	0.000000	0.000000	0.000000	-16.008848	0.000000	0.000000	0.000000
1764624634.149285555	0.000000	0.000000	-0.077583	0.000000	0.000000	0.000000	0.000000	0.000000	-0.130831	0.000000	0.000000	0.000000	0.000000	0.000000	0.000000	0.000000	0.000000	0.000000	0.000000	0.000000	-16.008848	0.000000	0.000000	0.000000
1764624634.160144091	0.000000	0.000000	-0.055696	0.000000	0.000000	0.000000	0.000000	0.000000	-0.130831	0.000000	0.000000	0.000000	0.000000	0.000000	0.000000	0.000000	0.000000	0.000000	0.000000	0.000000	-16.008848	0.000000	0.000000	0.000000
1764624634.184461594	0.000000	0.000000	-0.107327	0.000000	0.000000	0.000000	0.000000	0.000000	-0.130831	0.000000	0.000000	0.000000	0.000000	0.000000	0.000000	0.000000	0.000000	0.000000	0.000000	0.000000	-16.008848	0.000000	0.000000	0.000000
1764624634.184484243	0.000000	0.000000	-0.049295	0.000000	0.000000	0.000000	0.000000	0.000000	-0.130831	0.000000	0.000000	0.000000	0.000000	0.000000	0.000000	0.000000	0.000000	0.000000	0.000000	0.000000	-16.008848	0.000000	0.000000	0.000000
1764624634.189785480	0.000000	0.000000	-0.036761	0.000000	0.000000	0.000000	0.000000	0.000000	-0.130831	0.000000	0.000000	0.000000	0.000000	0.000000	0.000000	0.000000	0.000000	0.000000	0.000000	0.000000	-16.008848	0.000000	0.000000	0.000000
1764624634.199594021	0.000000	0.000000	-0.066622	0.000000	0.000000	0.000000	0.000000	0.000000	-0.130831	0.000000	0.000000	0.000000	0.000000	0.000000	0.000000	0.000000	0.000000	0.000000	0.000000	0.000000	-16.008848	0.000000	0.000000	0.000000
1764624634.210123777	0.000000	0.000000	-0.023667	0.000000	0.000000	0.000000	0.000000	0.000000	-0.153016	0.000000	0.000000	0.000000	0.000000	0.000000	0.000000	0.000000	0.000000	0.000000	0.000000	0.000000	-16.008848	0.000000	0.000000	0.000000
1764624634.219009876	0.000000	0.000000	-0.047808	0.000000	0.000000	0.000000	0.000000	0.000000	-0.153016	0.000000	0.000000	0.000000	0.000000	0.000000	0.000000	0.000000	0.000000	0.000000	0.000000	0.000000	-16.008848	0.000000	0.000000	0.000000
1764624634.228976250	0.000000	0.000000	-0.064427	0.000000	0.000000	0.000000	0.000000	0.000000	-0.153016	0.000000	0.000000	0.000000	0.000000	0.000000	0.000000	0.000000	0.000000	0.000000	0.000000	0.000000	-16.008848	0.000000	0.000000	0.000000
1764624634.249751329	0.000000	0.000000	-0.034028	0.000000	0.000000	0.000000	0.000000	0.000000	-0.153016	0.000000	0.000000	0.000000	0.000000	0.000000	0.000000	0.000000	0.000000	0.000000	0.000000	0.000000	-16.008848	0.000000	0.000000	0.000000
1764624634.249778748	0.000000	0.000000	-0.056510	0.000000	0.000000	0.000000	0.000000	0.000000	-0.153016	0.000000	0.000000	0.000000	0.000000	0.000000	0.000000	0.000000	0.000000	0.000000	0.000000	0.000000	-16.008848	0.000000	0.000000	0.000000
1764624634.259671211	0.000000	0.000000	-0.087218	0.000000	0.000000	0.000000	0.000000	0.000000	-0.153016	0.000000	0.000000	0.000000	0.000000	0.000000	0.000000	0.000000	0.000000	0.000000	0.000000	0.000000	-16.008848	0.000000	0.000000	0.000000
1764624634.268565655	0.000000	0.000000	-0.084136	0.000000	0.000000	0.000000	0.000000	0.000000	-0.153016	0.000000	0.000000	0.000000	0.000000	0.000000	0.000000	0.000000	0.000000	0.000000	0.000000	0.000000	-16.008848	0.000000	0.000000	0.000000
1764624634.279336214	0.000000	0.000000	-0.030527	0.000000	0.000000	0.000000	0.000000	0.000000	-0.153016	0.000000	0.000000	0.000000	0.000000	0.000000	0.000000	0.000000	0.000000	0.000000	0.000000	0.000000	-16.008848	0.000000	0.000000	0.000000
1764624634.298434973	0.000000	0.000000	-0.104025	0.000000	0.000000	0.000000	0.000000	0.000000	-0.153016	0.000000	0.000000	0.000000	0.000000	0.000000	0.000000	0.000000	0.000000	0.000000	0.000000	0.000000	-16.008848	0.000000	0.000000	0.000000
1764624634.298462629	0.000000	0.000000	-0.070970	0.000000	0.000000	0.000000	0.000000	0.000000	-0.153016	0.000000	0.000000	0.000000	0.000000	0.000000	0.000000	0.000000	0.000000	0.000000	0.000000	0.000000	-16.008848	0.000000	0.000000	0.000000
1764624634.309866190	0.000000	0.000000	-0.078985	0.000000	0.000000	0.000000	0.000000	0.000000	-0.153016	0.000000	0.000000	0.000000	0.000000	0.000000	0.000000	0.000000	0.000000	0.000000	0.000000	0.000000	-16.008848	0.000000	0.000000	0.000000
1764624634.327255011	0.000000	0.000000	-0.075071	0.000000	0.000000	0.000000	0.000000	0.000000	-0.153016	0.000000	0.000000	0.000000	0.000000	0.000000	0.000000	0.000000	0.000000	0.000000	0.000000	0.000000	-16.008848	0.000000	0.000000	0.000000
1764624634.328917265	0.000000	0.000000	-0.038170	0.000000	0.000000	0.000000	0.000000	0.000000	-0.153016	0.000000	0.000000	0.000000	0.000000	0.000000	0.000000	0.000000	0.000000	0.000000	0.000000	0.000000	-16.008848	0.000000	0.000000	0.000000
1764624634.339535475	0.000000	0.000000	-0.121520	0.000000	0.000000	0.000000	0.000000	0.000000	-0.153016	0.000000	0.000000	0.000000	0.000000	0.000000	0.000000	0.000000	0.000000	0.000000	0.000000	0.000000	-16.008848	0.000000	0.000000	0.000000
1764624634.358829021	0.000000	0.000000	-0.029843	0.000000	0.000000	0.000000	0.000000	0.000000	-0.153016	0.000000	0.000000	0.000000	0.000000	0.000000	0.000000	0.000000	0.000000	0.000000	0.000000	0.000000	-16.008848	0.000000	0.000000	0.000000
1764624634.360156298	0.000000	0.000000	-0.062125	0.000000	0.000000	0.000000	0.000000	0.000000	-0.153016	0.000000	0.000000	0.000000	0.000000	0.000000	0.000000	0.000000	0.000000	0.000000	0.000000	0.000000	-16.008848	0.000000	0.000000	0.000000
1764624634.369977713	0.000000	0.000000	-0.077751	0.000000	0.000000	0.000000	0.000000	0.000000	-0.153016	0.000000	0.000000	0.000000	0.000000	0.000000	0.000000	0.000000	0.000000	0.000000	0.000000	0.000000	-16.008848	0.000000	0.000000	0.000000
1764624634.379160404	0.000000	0.000000	-0.066549	0.000000	0.000000	0.000000	0.000000	0.000000	-0.153016	0.000000	0.000000	0.000000	0.000000	0.000000	0.000000	0.000000	0.000000	0.000000	0.000000	0.000000	-16.008848	0.000000	0.000000	0.000000
1764624634.389707565	0.000000	0.000000	-0.088719	0.000000	0.000000	0.000000	0.000000	0.000000	-0.153016	0.000000	0.000000	0.000000	0.000000	0.000000	0.000000	0.000000	0.000000	0.000000	0.000000	0.000000	-16.008848	0.000000	0.000000	0.000000
1764624634.398526430	0.000000	0.000000	-0.068018	0.000000	0.000000	0.000000	0.000000	0.000000	-0.153016	0.000000	0.000000	0.000000	0.000000	0.000000	0.000000	0.000000	0.000000	0.000000	0.000000	0.000000	-16.008848	0.000000	0.000000	0.000000
1764624634.420018435	0.000000	0.000000	-0.041334	0.000000	0.000000	0.000000	0.000000	0.000000	-0.153016	0.000000	0.000000	0.000000	0.000000	0.000000	0.000000	0.000000	0.000000	0.000000	0.000000	0.000000	-16.008848	0.000000	0.000000	0.000000
1764624634.420030355	0.000000	0.000000	-0.088007	0.000000	0.000000	0.000000	0.000000	0.000000	-0.153016	0.000000	0.000000	0.000000	0.000000	0.000000	0.000000	0.000000	0.000000	0.000000	0.000000	0.000000	-16.008848	0.000000	0.000000	0.000000
1764624634.429082632	0.000000	0.000000	-0.083867	0.000000	0.000000	0.000000	0.000000	0.000000	-0.153016	0.000000	0.000000	0.000000	0.000000	0.000000	0.000000	0.000000	0.000000	0.000000	0.000000	0.000000	-16.008848	0.000000	0.000000	0.000000
1764624634.450768709	0.000000	0.000000	-0.048618	0.000000	0.000000	0.000000	0.000000	0.000000	-0.153016	0.000000	0.000000	0.000000	0.000000	0.000000	0.000000	0.000000	0.000000	0.000000	0.000000	0.000000	-16.008848	0.000000	0.000000	0.000000
1764624634.450785875	0.000000	0.000000	-0.100074	0.000000	0.000000	0.000000	0.000000	0.000000	-0.153016	0.000000	0.000000	0.000000	0.000000	0.000000	0.000000	0.000000	0.000000	0.000000	0.000000	0.000000	-16.008848	0.000000	0.000000	0.000000
1764624634.459865093	0.000000	0.000000	-0.064197	0.000000	0.000000	0.000000	0.000000	0.000000	-0.181035	0.000000	0.000000	0.000000	0.000000	0.000000	0.000000	0.000000	0.000000	0.000000	0.000000	0.000000	-16.008848	0.000000	0.000000	0.000000
1764624634.469779015	0.000000	0.000000	-0.063483	0.000000	0.000000	0.000000	0.000000	0.000000	-0.181035	0.000000	0.000000	0.000000	0.000000	0.000000	0.000000	0.000000	0.000000	0.000000	0.000000	0.000000	-16.008848	0.000000	0.000000	0.000000
1764624634.492714167	0.000000	0.000000	-0.068552	0.000000	0.000000	0.000000	0.000000	0.000000	-0.181035	0.000000	0.000000	0.000000	0.000000	0.000000	0.000000	0.000000	0.000000	0.000000	0.000000	0.000000	-16.008848	0.000000	0.000000	0.000000
1764624634.492725372	0.000000	0.000000	-0.086260	0.000000	0.000000	0.000000	0.000000	0.000000	-0.181035	0.000000	0.000000	0.000000	0.000000	0.000000	0.000000	0.000000	0.000000	0.000000	0.000000	0.000000	-16.008848	0.000000	0.000000	0.000000
1764624634.500532150	0.000000	0.000000	-0.083875	0.000000	0.000000	0.000000	0.000000	0.000000	-0.181035	0.000000	0.000000	0.000000	0.000000	0.000000	0.000000	0.000000	0.000000	0.000000	0.000000	0.000000	-16.008848	0.000000	0.000000	0.000000
1764624634.509656906	0.000000	0.000000	-0.096949	0.000000	0.000000	0.000000	0.000000	0.000000	-0.181035	0.000000	0.000000	0.000000	0.000000	0.000000	0.000000	0.000000	0.000000	0.000000	0.000000	0.000000	-16.008848	0.000000	0.000000	0.000000
1764624634.532124758	0.000000	0.000000	-0.103615	0.000000	0.000000	0.000000	0.000000	0.000000	-0.181035	0.000000	0.000000	0.000000	0.000000	0.000000	0.000000	0.000000	0.000000	0.000000	0.000000	0.000000	-16.008848	0.000000	0.000000	0.000000
1764624634.532131672	0.000000	0.000000	-0.094254	0.000000	0.000000	0.000000	0.000000	0.000000	-0.181035	0.000000	0.000000	0.000000	0.000000	0.000000	0.000000	0.000000	0.000000	0.000000	0.000000	0.000000	-16.008848	0.000000	0.000000	0.000000
1764624634.539468288	0.000000	0.000000	-0.071516	0.000000	0.000000	0.000000	0.000000	0.000000	-0.181035	0.000000	0.000000	0.000000	0.000000	0.000000	0.000000	0.000000	0.000000	0.000000	0.000000	0.000000	-16.008848	0.000000	0.000000	0.000000
1764624634.548797607	0.000000	0.000000	-0.100481	0.000000	0.000000	0.000000	0.000000	0.000000	-0.181035	0.000000	0.000000	0.000000	0.000000	0.000000	0.000000	0.000000	0.000000	0.000000	0.000000	0.000000	-16.008848	0.000000	0.000000	0.000000
1764624634.558794022	0.000000	0.000000	-0.059771	0.000000	0.000000	0.000000	0.000000	0.000000	-0.181035	0.000000	0.000000	0.000000	0.000000	0.000000	0.000000	0.000000	0.000000	0.000000	0.000000	0.000000	-16.008848	0.000000	0.000000	0.000000
1764624634.580818176	0.000000	0.000000	-0.091174	0.000000	0.000000	0.000000	0.000000	0.000000	-0.181035	0.000000	0.000000	0.000000	0.000000	0.000000	0.000000	0.000000	0.000000	0.000000	0.000000	0.000000	-16.008848	0.000000	0.000000	0.000000
1764624634.580826759	0.000000	0.000000	-0.066239	0.000000	0.000000	0.000000	0.000000	0.000000	-0.181035	0.000000	0.000000	0.000000	0.000000	0.000000	0.000000	0.000000	0.000000	0.000000	0.000000	0.000000	-16.008848	0.000000	0.000000	0.000000
1764624634.588915110	0.000000	0.000000	-0.072543	0.000000	0.000000	0.000000	0.000000	0.000000	-0.181035	0.000000	0.000000	0.000000	0.000000	0.000000	0.000000	0.000000	0.000000	0.000000	0.000000	0.000000	-16.008848	0.000000	0.000000	0.000000
1764624634.602442980	0.000000	0.000000	-0.094919	0.000000	0.000000	0.000000	0.000000	0.000000	-0.181035	0.000000	0.000000	0.000000	0.000000	0.000000	0.000000	0.000000	0.000000	0.000000	0.000000	0.000000	-16.008848	0.000000	0.000000	0.000000
1764624634.609180689	0.000000	0.000000	-0.072188	0.000000	0.000000	0.000000	0.000000	0.000000	-0.181035	0.000000	0.000000	0.000000	0.000000	0.000000	0.000000	0.000000	0.000000	0.000000	0.000000	0.000000	-16.008848	0.000000	0.000000	0.000000
1764624634.618746519	0.000000	0.000000	-0.075662	0.000000	0.000000	0.000000	0.000000	0.000000	-0.181035	0.000000	0.000000	0.000000	0.000000	0.000000	0.000000	0.000000	0.000000	0.000000	0.000000	0.000000	-16.008848	0.000000	0.000000	0.000000
1764624634.629707813	0.000000	0.000000	-0.063514	0.000000	0.000000	0.000000	0.000000	0.000000	-0.181035	0.000000	0.000000	0.000000	0.000000	0.000000	0.000000	0.000000	0.000000	0.000000	0.000000	0.000000	-16.008848	0.000000	0.000000	0.000000
1764624634.639780521	0.000000	0.000000	-0.086311	0.000000	0.000000	0.000000	0.000000	0.000000	-0.181035	0.000000	0.000000	0.000000	0.000000	0.000000	0.000000	0.000000	0.000000	0.000000	0.000000	0.000000	-16.008848	0.000000	0.000000	0.000000
1764624634.663032770	0.000000	0.000000	-0.110564	0.000000	0.000000	0.000000	0.000000	0.000000	-0.181035	0.000000	0.000000	0.000000	0.000000	0.000000	0.000000	0.000000	0.000000	0.000000	0.000000	0.000000	-16.008848	0.000000	0.000000	0.000000
1764624634.663040876	0.000000	0.000000	-0.092951	0.000000	0.000000	0.000000	0.000000	0.000000	-0.181035	0.000000	0.000000	0.000000	0.000000	0.000000	0.000000	0.000000	0.000000	0.000000	0.000000	0.000000	-16.008848	0.000000	0.000000	0.000000
1764624634.669509411	0.000000	0.000000	-0.108748	0.000000	0.000000	0.000000	0.000000	0.000000	-0.181035	0.000000	0.000000	0.000000	0.000000	0.000000	0.000000	0.000000	0.000000	0.000000	0.000000	0.000000	-16.008848	0.000000	0.000000	0.000000
1764624634.685122490	0.000000	0.000000	-0.085360	0.000000	0.000000	0.000000	0.000000	0.000000	-0.181035	0.000000	0.000000	0.000000	0.000000	0.000000	0.000000	0.000000	0.000000	0.000000	0.000000	0.000000	-16.008848	0.000000	0.000000	0.000000
1764624634.689065933	0.000000	0.000000	-0.110258	0.000000	0.000000	0.000000	0.000000	0.000000	-0.181035	0.000000	0.000000	0.000000	0.000000	0.000000	0.000000	0.000000	0.000000	0.000000	0.000000	0.000000	-16.008848	0.000000	0.000000	0.000000
1764624634.698459148	0.000000	0.000000	-0.063237	0.000000	0.000000	0.000000	0.000000	0.000000	-0.181035	0.000000	0.000000	0.000000	0.000000	0.000000	0.000000	0.000000	0.000000	0.000000	0.000000	0.000000	-16.008848	0.000000	0.000000	0.000000
1764624634.709388256	0.000000	0.000000	-0.130383	0.000000	0.000000	0.000000	0.000000	0.000000	-0.205020	0.000000	0.000000	0.000000	0.000000	0.000000	0.000000	0.000000	0.000000	0.000000	0.000000	0.000000	-16.008848	0.000000	0.000000	0.000000
1764624634.718814611	0.000000	0.000000	-0.099256	0.000000	0.000000	0.000000	0.000000	0.000000	-0.205020	0.000000	0.000000	0.000000	0.000000	0.000000	0.000000	0.000000	0.000000	0.000000	0.000000	0.000000	-16.008848	0.000000	0.000000	0.000000
1764624634.743678093	0.000000	0.000000	-0.079809	0.000000	0.000000	0.000000	0.000000	0.000000	-0.205020	0.000000	0.000000	0.000000	0.000000	0.000000	0.000000	0.000000	0.000000	0.000000	0.000000	0.000000	-16.008848	0.000000	0.000000	0.000000
1764624634.743703127	0.000000	0.000000	-0.103742	0.000000	0.000000	0.000000	0.000000	0.000000	-0.205020	0.000000	0.000000	0.000000	0.000000	0.000000	0.000000	0.000000	0.000000	0.000000	0.000000	0.000000	-16.008848	0.000000	0.000000	0.000000
1764624634.749091148	0.000000	0.000000	-0.043275	0.000000	0.000000	0.000000	0.000000	0.000000	-0.205020	0.000000	0.000000	0.000000	0.000000	0.000000	0.000000	0.000000	0.000000	0.000000	0.000000	0.000000	-16.008848	0.000000	0.000000	0.000000
1764624634.774406433	0.000000	0.000000	-0.064367	0.000000	0.000000	0.000000	0.000000	0.000000	-0.205020	0.000000	0.000000	0.000000	0.000000	0.000000	0.000000	0.000000	0.000000	0.000000	0.000000	0.000000	-16.008848	0.000000	0.000000	0.000000
1764624634.776084423	0.000000	0.000000	-0.107251	0.000000	0.000000	0.000000	0.000000	0.000000	-0.205020	0.000000	0.000000	0.000000	0.000000	0.000000	0.000000	0.000000	0.000000	0.000000	0.000000	0.000000	-16.008848	0.000000	0.000000	0.000000
1764624634.779290199	0.000000	0.000000	-0.079215	0.000000	0.000000	0.000000	0.000000	0.000000	-0.205020	0.000000	0.000000	0.000000	0.000000	0.000000	0.000000	0.000000	0.000000	0.000000	0.000000	0.000000	-16.008848	0.000000	0.000000	0.000000
1764624634.788925886	0.000000	0.000000	-0.094015	0.000000	0.000000	0.000000	0.000000	0.000000	-0.205020	0.000000	0.000000	0.000000	0.000000	0.000000	0.000000	0.000000	0.000000	0.000000	0.000000	0.000000	-16.008848	0.000000	0.000000	0.000000
1764624634.799442768	0.000000	0.000000	-0.089909	0.000000	0.000000	0.000000	0.000000	0.000000	-0.205020	0.000000	0.000000	0.000000	0.000000	0.000000	0.000000	0.000000	0.000000	0.000000	0.000000	0.000000	-16.008848	0.000000	0.000000	0.000000
1764624634.820263624	0.000000	0.000000	-0.123123	0.000000	0.000000	0.000000	0.000000	0.000000	-0.205020	0.000000	0.000000	0.000000	0.000000	0.000000	0.000000	0.000000	0.000000	0.000000	0.000000	0.000000	-16.008848	0.000000	0.000000	0.000000
1764624634.820279837	0.000000	0.000000	-0.094339	0.000000	0.000000	0.000000	0.000000	0.000000	-0.205020	0.000000	0.000000	0.000000	0.000000	0.000000	0.000000	0.000000	0.000000	0.000000	0.000000	0.000000	-16.008848	0.000000	0.000000	0.000000
1764624634.830441952	0.000000	0.000000	-0.146149	0.000000	0.000000	0.000000	0.000000	0.000000	-0.205020	0.000000	0.000000	0.000000	0.000000	0.000000	0.000000	0.000000	0.000000	0.000000	0.000000	0.000000	-16.008848	0.000000	0.000000	0.000000
1764624634.842875719	0.000000	0.000000	-0.083981	0.000000	0.000000	0.000000	0.000000	0.000000	-0.205020	0.000000	0.000000	0.000000	0.000000	0.000000	0.000000	0.000000	0.000000	0.000000	0.000000	0.000000	-16.008848	0.000000	0.000000	0.000000
1764624634.849463224	0.000000	0.000000	-0.114434	0.000000	0.000000	0.000000	0.000000	0.000000	-0.205020	0.000000	0.000000	0.000000	0.000000	0.000000	0.000000	0.000000	0.000000	0.000000	0.000000	0.000000	-16.008848	0.000000	0.000000	0.000000
1764624634.858939171	0.000000	0.000000	-0.133380	0.000000	0.000000	0.000000	0.000000	0.000000	-0.205020	0.000000	0.000000	0.000000	0.000000	0.000000	0.000000	0.000000	0.000000	0.000000	0.000000	0.000000	-16.008848	0.000000	0.000000	0.000000
1764624634.869506359	0.000000	0.000000	-0.091597	0.000000	0.000000	0.000000	0.000000	0.000000	-0.205020	0.000000	0.000000	0.000000	0.000000	0.000000	0.000000	0.000000	0.000000	0.000000	0.000000	0.000000	-16.008848	0.000000	0.000000	0.000000
1764624634.879485607	0.000000	0.000000	-0.101355	0.000000	0.000000	0.000000	0.000000	0.000000	-0.205020	0.000000	0.000000	0.000000	0.000000	0.000000	0.000000	0.000000	0.000000	0.000000	0.000000	0.000000	-16.008848	0.000000	0.000000	0.000000
1764624634.903606653	0.000000	0.000000	-0.111637	0.000000	0.000000	0.000000	0.000000	0.000000	-0.205020	0.000000	0.000000	0.000000	0.000000	0.000000	0.000000	0.000000	0.000000	0.000000	0.000000	0.000000	-16.008848	0.000000	0.000000	0.000000
1764624634.903637409	0.000000	0.000000	-0.084789	0.000000	0.000000	0.000000	0.000000	0.000000	-0.205020	0.000000	0.000000	0.000000	0.000000	0.000000	0.000000	0.000000	0.000000	0.000000	0.000000	0.000000	-16.008848	0.000000	0.000000	0.000000
1764624634.909452438	0.000000	0.000000	-0.117296	0.000000	0.000000	0.000000	0.000000	0.000000	-0.205020	0.000000	0.000000	0.000000	0.000000	0.000000	0.000000	0.000000	0.000000	0.000000	0.000000	0.000000	-16.008848	0.000000	0.000000	0.000000
1764624634.928623676	0.000000	0.000000	-0.078856	0.000000	0.000000	0.000000	0.000000	0.000000	-0.205020	0.000000	0.000000	0.000000	0.000000	0.000000	0.000000	0.000000	0.000000	0.000000	0.000000	0.000000	-16.008848	0.000000	0.000000	0.000000
1764624634.928637743	0.000000	0.000000	-0.103116	0.000000	0.000000	0.000000	0.000000	0.000000	-0.205020	0.000000	0.000000	0.000000	0.000000	0.000000	0.000000	0.000000	0.000000	0.000000	0.000000	0.000000	-16.008848	0.000000	0.000000	0.000000
1764624634.939673662	0.000000	0.000000	-0.094503	0.000000	0.000000	0.000000	0.000000	0.000000	-0.205020	0.000000	0.000000	0.000000	0.000000	0.000000	0.000000	0.000000	0.000000	0.000000	0.000000	0.000000	-16.008848	0.000000	0.000000	0.000000
1764624634.949601173	0.000000	0.000000	-0.116558	0.000000	0.000000	0.000000	0.000000	0.000000	-0.205020	0.000000	0.000000	0.000000	0.000000	0.000000	0.000000	0.000000	0.000000	0.000000	0.000000	0.000000	-16.008848	0.000000	0.000000	0.000000
1764624634.959668398	0.000000	0.000000	-0.087929	0.000000	0.000000	0.000000	0.000000	0.000000	-0.205020	0.000000	0.000000	0.000000	0.000000	0.000000	0.000000	0.000000	0.000000	0.000000	0.000000	0.000000	-16.008848	0.000000	0.000000	0.000000
1764624634.983424187	0.000000	0.000000	-0.098628	0.000000	0.000000	0.000000	0.000000	0.000000	-0.228867	0.000000	0.000000	0.000000	0.000000	0.000000	0.000000	0.000000	0.000000	0.000000	0.000000	0.000000	-16.008848	0.000000	0.000000	0.000000
1764624634.983441114	0.000000	0.000000	-0.081315	0.000000	0.000000	0.000000	0.000000	0.000000	-0.228867	0.000000	0.000000	0.000000	0.000000	0.000000	0.000000	0.000000	0.000000	0.000000	0.000000	0.000000	-16.008848	0.000000	0.000000	0.000000
1764624634.989483118	0.000000	0.000000	-0.095114	0.000000	0.000000	0.000000	0.000000	0.000000	-0.228867	0.000000	0.000000	0.000000	0.000000	0.000000	0.000000	0.000000	0.000000	0.000000	0.000000	0.000000	-16.008848	0.000000	0.000000	0.000000
1764624635.009125471	0.000000	0.000000	-0.118772	0.000000	0.000000	0.000000	0.000000	0.000000	-0.228867	0.000000	0.000000	0.000000	0.000000	0.000000	0.000000	0.000000	0.000000	0.000000	0.000000	0.000000	-16.008848	0.000000	0.000000	0.000000
1764624635.009139061	0.000000	0.000000	-0.085083	0.000000	0.000000	0.000000	0.000000	0.000000	-0.228867	0.000000	0.000000	0.000000	0.000000	0.000000	0.000000	0.000000	0.000000	0.000000	0.000000	0.000000	-16.008848	0.000000	0.000000	0.000000
1764624635.018728018	0.000000	0.000000	-0.114793	0.000000	0.000000	0.000000	0.000000	0.000000	-0.228867	0.000000	0.000000	0.000000	0.000000	0.000000	0.000000	0.000000	0.000000	0.000000	0.000000	0.000000	-16.008848	0.000000	0.000000	0.000000
1764624635.029790878	0.000000	0.000000	-0.110361	0.000000	0.000000	0.000000	0.000000	0.000000	-0.228867	0.000000	0.000000	0.000000	0.000000	0.000000	0.000000	0.000000	0.000000	0.000000	0.000000	0.000000	-16.008848	0.000000	0.000000	0.000000
1764624635.039427996	0.000000	0.000000	-0.082346	0.000000	0.000000	0.000000	0.000000	0.000000	-0.228867	0.000000	0.000000	0.000000	0.000000	0.000000	0.000000	0.000000	0.000000	0.000000	0.000000	0.000000	-16.008848	0.000000	0.000000	0.000000
1764624635.058931351	0.000000	0.000000	-0.147720	0.000000	0.000000	0.000000	0.000000	0.000000	-0.228867	0.000000	0.000000	0.000000	0.000000	0.000000	0.000000	0.000000	0.000000	0.000000	0.000000	0.000000	-16.008848	0.000000	0.000000	0.000000
1764624635.065261602	0.000000	0.000000	-0.129642	0.000000	0.000000	0.000000	0.000000	0.000000	-0.228867	0.000000	0.000000	0.000000	0.000000	0.000000	0.000000	0.000000	0.000000	0.000000	0.000000	0.000000	-16.008848	0.000000	0.000000	0.000000
1764624635.069142342	0.000000	0.000000	-0.122183	0.000000	0.000000	0.000000	0.000000	0.000000	-0.228867	0.000000	0.000000	0.000000	0.000000	0.000000	0.000000	0.000000	0.000000	0.000000	0.000000	0.000000	-16.008848	0.000000	0.000000	0.000000
1764624635.092769861	0.000000	0.000000	-0.110059	0.000000	0.000000	0.000000	0.000000	0.000000	-0.228867	0.000000	0.000000	0.000000	0.000000	0.000000	0.000000	0.000000	0.000000	0.000000	0.000000	0.000000	-16.008848	0.000000	0.000000	0.000000
1764624635.096571207	0.000000	0.000000	-0.125641	0.000000	0.000000	0.000000	0.000000	0.000000	-0.228867	0.000000	0.000000	0.000000	0.000000	0.000000	0.000000	0.000000	0.000000	0.000000	0.000000	0.000000	-16.008848	0.000000	0.000000	0.000000
1764624635.098915577	0.000000	0.000000	-0.072142	0.000000	0.000000	0.000000	0.000000	0.000000	-0.228867	0.000000	0.000000	0.000000	0.000000	0.000000	0.000000	0.000000	0.000000	0.000000	0.000000	0.000000	-16.008848	0.000000	0.000000	0.000000
1764624635.108951807	0.000000	0.000000	-0.107667	0.000000	0.000000	0.000000	0.000000	0.000000	-0.228867	0.000000	0.000000	0.000000	0.000000	0.000000	0.000000	0.000000	0.000000	0.000000	0.000000	0.000000	-16.008848	0.000000	0.000000	0.000000
1764624635.133480549	0.000000	0.000000	-0.104971	0.000000	0.000000	0.000000	0.000000	0.000000	-0.228867	0.000000	0.000000	0.000000	0.000000	0.000000	0.000000	0.000000	0.000000	0.000000	0.000000	0.000000	-16.008848	0.000000	0.000000	0.000000
1764624635.135117769	0.000000	0.000000	-0.066199	0.000000	0.000000	0.000000	0.000000	0.000000	-0.228867	0.000000	0.000000	0.000000	0.000000	0.000000	0.000000	0.000000	0.000000	0.000000	0.000000	0.000000	-16.008848	0.000000	0.000000	0.000000
1764624635.139445543	0.000000	0.000000	-0.101728	0.000000	0.000000	0.000000	0.000000	0.000000	-0.228867	0.000000	0.000000	0.000000	0.000000	0.000000	0.000000	0.000000	0.000000	0.000000	0.000000	0.000000	-16.008848	0.000000	0.000000	0.000000
1764624635.148722887	0.000000	0.000000	-0.100309	0.000000	0.000000	0.000000	0.000000	0.000000	-0.228867	0.000000	0.000000	0.000000	0.000000	0.000000	0.000000	0.000000	0.000000	0.000000	0.000000	0.000000	-16.008848	0.000000	0.000000	0.000000
1764624635.168947220	0.000000	0.000000	-0.119723	0.000000	0.000000	0.000000	0.000000	0.000000	-0.228867	0.000000	0.000000	0.000000	0.000000	0.000000	0.000000	0.000000	0.000000	0.000000	0.000000	0.000000	-16.008848	0.000000	0.000000	0.000000
1764624635.170345306	0.000000	0.000000	-0.101444	0.000000	0.000000	0.000000	0.000000	0.000000	-0.228867	0.000000	0.000000	0.000000	0.000000	0.000000	0.000000	0.000000	0.000000	0.000000	0.000000	0.000000	-16.008848	0.000000	0.000000	0.000000
1764624635.182390451	0.000000	0.000000	-0.113729	0.000000	0.000000	0.000000	0.000000	0.000000	-0.228867	0.000000	0.000000	0.000000	0.000000	0.000000	0.000000	0.000000	0.000000	0.000000	0.000000	0.000000	-16.008848	0.000000	0.000000	0.000000
1764624635.189392805	0.000000	0.000000	-0.103514	0.000000	0.000000	0.000000	0.000000	0.000000	-0.228867	0.000000	0.000000	0.000000	0.000000	0.000000	0.000000	0.000000	0.000000	0.000000	0.000000	0.000000	-16.008848	0.000000	0.000000	0.000000
1764624635.198574781	0.000000	0.000000	-0.132533	0.000000	0.000000	0.000000	0.000000	0.000000	-0.228867	0.000000	0.000000	0.000000	0.000000	0.000000	0.000000	0.000000	0.000000	0.000000	0.000000	0.000000	-16.008848	0.000000	0.000000	0.000000
1764624635.209308386	0.000000	0.000000	-0.106245	0.000000	0.000000	0.000000	0.000000	0.000000	-0.228867	0.000000	0.000000	0.000000	0.000000	0.000000	0.000000	0.000000	0.000000	0.000000	0.000000	0.000000	-16.008848	0.000000	0.000000	0.000000
1764624635.222438335	0.000000	0.000000	-0.112553	0.000000	0.000000	0.000000	0.000000	0.000000	-0.247467	0.000000	0.000000	0.000000	0.000000	0.000000	0.000000	0.000000	0.000000	0.000000	0.000000	0.000000	-16.008848	0.000000	0.000000	0.000000
1764624635.227823973	0.000000	0.000000	-0.134980	0.000000	0.000000	0.000000	0.000000	0.000000	-0.247467	0.000000	0.000000	0.000000	0.000000	0.000000	0.000000	0.000000	0.000000	0.000000	0.000000	0.000000	-16.008848	0.000000	0.000000	0.000000
1764624635.254377842	0.000000	0.000000	-0.105207	0.000000	0.000000	0.000000	0.000000	0.000000	-0.247467	0.000000	0.000000	0.000000	0.000000	0.000000	0.000000	0.000000	0.000000	0.000000	0.000000	0.000000	-16.008848	0.000000	0.000000	0.000000
1764624635.256144047	0.000000	0.000000	-0.127049	0.000000	0.000000	0.000000	0.000000	0.000000	-0.247467	0.000000	0.000000	0.000000	0.000000	0.000000	0.000000	0.000000	0.000000	0.000000	0.000000	0.000000	-16.008848	0.000000	0.000000	0.000000
1764624635.258877993	0.000000	0.000000	-0.100846	0.000000	0.000000	0.000000	0.000000	0.000000	-0.247467	0.000000	0.000000	0.000000	0.000000	0.000000	0.000000	0.000000	0.000000	0.000000	0.000000	0.000000	-16.008848	0.000000	0.000000	0.000000
1764624635.269344568	0.000000	0.000000	-0.086638	0.000000	0.000000	0.000000	0.000000	0.000000	-0.247467	0.000000	0.000000	0.000000	0.000000	0.000000	0.000000	0.000000	0.000000	0.000000	0.000000	0.000000	-16.008848	0.000000	0.000000	0.000000
1764624635.288772106	0.000000	0.000000	-0.110479	0.000000	0.000000	0.000000	0.000000	0.000000	-0.247467	0.000000	0.000000	0.000000	0.000000	0.000000	0.000000	0.000000	0.000000	0.000000	0.000000	0.000000	-16.008848	0.000000	0.000000	0.000000
1764624635.290082932	0.000000	0.000000	-0.113675	0.000000	0.000000	0.000000	0.000000	0.000000	-0.247467	0.000000	0.000000	0.000000	0.000000	0.000000	0.000000	0.000000	0.000000	0.000000	0.000000	0.000000	-16.008848	0.000000	0.000000	0.000000
1764624635.299234867	0.000000	0.000000	-0.054333	0.000000	0.000000	0.000000	0.000000	0.000000	-0.247467	0.000000	0.000000	0.000000	0.000000	0.000000	0.000000	0.000000	0.000000	0.000000	0.000000	0.000000	-16.008848	0.000000	0.000000	0.000000
1764624635.309621811	0.000000	0.000000	-0.110147	0.000000	0.000000	0.000000	0.000000	0.000000	-0.247467	0.000000	0.000000	0.000000	0.000000	0.000000	0.000000	0.000000	0.000000	0.000000	0.000000	0.000000	-16.008848	0.000000	0.000000	0.000000
1764624635.318776131	0.000000	0.000000	-0.103507	0.000000	0.000000	0.000000	0.000000	0.000000	-0.247467	0.000000	0.000000	0.000000	0.000000	0.000000	0.000000	0.000000	0.000000	0.000000	0.000000	0.000000	-16.008848	0.000000	0.000000	0.000000
1764624635.328458071	0.000000	0.000000	-0.100761	0.000000	0.000000	0.000000	0.000000	0.000000	-0.247467	0.000000	0.000000	0.000000	0.000000	0.000000	0.000000	0.000000	0.000000	0.000000	0.000000	0.000000	-16.008848	0.000000	0.000000	0.000000
1764624635.346684933	0.000000	0.000000	-0.113165	0.000000	0.000000	0.000000	0.000000	0.000000	-0.247467	0.000000	0.000000	0.000000	0.000000	0.000000	0.000000	0.000000	0.000000	0.000000	0.000000	0.000000	-16.008848	0.000000	0.000000	0.000000
1764624635.349054098	0.000000	0.000000	-0.104143	0.000000	0.000000	0.000000	0.000000	0.000000	-0.247467	0.000000	0.000000	0.000000	0.000000	0.000000	0.000000	0.000000	0.000000	0.000000	0.000000	0.000000	-16.008848	0.000000	0.000000	0.000000
1764624635.368387938	0.000000	0.000000	-0.097618	0.000000	0.000000	0.000000	0.000000	0.000000	-0.247467	0.000000	0.000000	0.000000	0.000000	0.000000	0.000000	0.000000	0.000000	0.000000	0.000000	0.000000	-16.008848	0.000000	0.000000	0.000000
1764624635.369913101	0.000000	0.000000	-0.142157	0.000000	0.000000	0.000000	0.000000	0.000000	-0.247467	0.000000	0.000000	0.000000	0.000000	0.000000	0.000000	0.000000	0.000000	0.000000	0.000000	0.000000	-16.008848	0.000000	0.000000	0.000000
1764624635.379343987	0.000000	0.000000	-0.093147	0.000000	0.000000	0.000000	0.000000	0.000000	-0.247467	0.000000	0.000000	0.000000	0.000000	0.000000	0.000000	0.000000	0.000000	0.000000	0.000000	0.000000	-16.008848	0.000000	0.000000	0.000000
1764624635.389349699	0.000000	0.000000	-0.112507	0.000000	0.000000	0.000000	0.000000	0.000000	-0.247467	0.000000	0.000000	0.000000	0.000000	0.000000	0.000000	0.000000	0.000000	0.000000	0.000000	0.000000	-16.008848	0.000000	0.000000	0.000000
1764624635.409849167	0.000000	0.000000	-0.129058	0.000000	0.000000	0.000000	0.000000	0.000000	-0.247467	0.000000	0.000000	0.000000	0.000000	0.000000	0.000000	0.000000	0.000000	0.000000	0.000000	0.000000	-16.008848	0.000000	0.000000	0.000000
1764624635.411324978	0.000000	0.000000	-0.118074	0.000000	0.000000	0.000000	0.000000	0.000000	-0.247467	0.000000	0.000000	0.000000	0.000000	0.000000	0.000000	0.000000	0.000000	0.000000	0.000000	0.000000	-16.008848	0.000000	0.000000	0.000000
1764624635.418568611	0.000000	0.000000	-0.098730	0.000000	0.000000	0.000000	0.000000	0.000000	-0.247467	0.000000	0.000000	0.000000	0.000000	0.000000	0.000000	0.000000	0.000000	0.000000	0.000000	0.000000	-16.008848	0.000000	0.000000	0.000000
1764624635.428595543	0.000000	0.000000	-0.130894	0.000000	0.000000	0.000000	0.000000	0.000000	-0.247467	0.000000	0.000000	0.000000	0.000000	0.000000	0.000000	0.000000	0.000000	0.000000	0.000000	0.000000	-16.008848	0.000000	0.000000	0.000000
1764624635.439600229	0.000000	0.000000	-0.079053	0.000000	0.000000	0.000000	0.000000	0.000000	-0.247467	0.000000	0.000000	0.000000	0.000000	0.000000	0.000000	0.000000	0.000000	0.000000	0.000000	0.000000	-16.008848	0.000000	0.000000	0.000000
1764624635.456317186	0.000000	0.000000	-0.104294	0.000000	0.000000	0.000000	0.000000	0.000000	-0.262192	0.000000	0.000000	0.000000	0.000000	0.000000	0.000000	0.000000	0.000000	0.000000	0.000000	0.000000	-16.008848	0.000000	0.000000	0.000000
1764624635.458833218	0.000000	0.000000	-0.116359	0.000000	0.000000	0.000000	0.000000	0.000000	-0.262192	0.000000	0.000000	0.000000	0.000000	0.000000	0.000000	0.000000	0.000000	0.000000	0.000000	0.000000	-16.008848	0.000000	0.000000	0.000000
1764624635.469383717	0.000000	0.000000	-0.102807	0.000000	0.000000	0.000000	0.000000	0.000000	-0.262192	0.000000	0.000000	0.000000	0.000000	0.000000	0.000000	0.000000	0.000000	0.000000	0.000000	0.000000	-16.008848	0.000000	0.000000	0.000000
1764624635.494011641	0.000000	0.000000	-0.091887	0.000000	0.000000	0.000000	0.000000	0.000000	-0.262192	0.000000	0.000000	0.000000	0.000000	0.000000	0.000000	0.000000	0.000000	0.000000	0.000000	0.000000	-16.008848	0.000000	0.000000	0.000000
1764624635.495779753	0.000000	0.000000	-0.129807	0.000000	0.000000	0.000000	0.000000	0.000000	-0.262192	0.000000	0.000000	0.000000	0.000000	0.000000	0.000000	0.000000	0.000000	0.000000	0.000000	0.000000	-16.008848	0.000000	0.000000	0.000000
1764624635.498928308	0.000000	0.000000	-0.086916	0.000000	0.000000	0.000000	0.000000	0.000000	-0.262192	0.000000	0.000000	0.000000	0.000000	0.000000	0.000000	0.000000	0.000000	0.000000	0.000000	0.000000	-16.008848	0.000000	0.000000	0.000000
1764624635.509815931	0.000000	0.000000	-0.107067	0.000000	0.000000	0.000000	0.000000	0.000000	-0.262192	0.000000	0.000000	0.000000	0.000000	0.000000	0.000000	0.000000	0.000000	0.000000	0.000000	0.000000	-16.008848	0.000000	0.000000	0.000000
1764624635.518555403	0.000000	0.000000	-0.114233	0.000000	0.000000	0.000000	0.000000	0.000000	-0.262192	0.000000	0.000000	0.000000	0.000000	0.000000	0.000000	0.000000	0.000000	0.000000	0.000000	0.000000	-16.008848	0.000000	0.000000	0.000000
1764624635.538759947	0.000000	0.000000	-0.104495	0.000000	0.000000	0.000000	0.000000	0.000000	-0.262192	0.000000	0.000000	0.000000	0.000000	0.000000	0.000000	0.000000	0.000000	0.000000	0.000000	0.000000	-16.008848	0.000000	0.000000	0.000000
1764624635.545321465	0.000000	0.000000	-0.110152	0.000000	0.000000	0.000000	0.000000	0.000000	-0.262192	0.000000	0.000000	0.000000	0.000000	0.000000	0.000000	0.000000	0.000000	0.000000	0.000000	0.000000	-16.008848	0.000000	0.000000	0.000000
1764624635.549006939	0.000000	0.000000	-0.081808	0.000000	0.000000	0.000000	0.000000	0.000000	-0.262192	0.000000	0.000000	0.000000	0.000000	0.000000	0.000000	0.000000	0.000000	0.000000	0.000000	0.000000	-16.008848	0.000000	0.000000	0.000000
1764624635.571090937	0.000000	0.000000	-0.098999	0.000000	0.000000	0.000000	0.000000	0.000000	-0.262192	0.000000	0.000000	0.000000	0.000000	0.000000	0.000000	0.000000	0.000000	0.000000	0.000000	0.000000	-16.008848	0.000000	0.000000	0.000000
1764624635.576734543	0.000000	0.000000	-0.126365	0.000000	0.000000	0.000000	0.000000	0.000000	-0.262192	0.000000	0.000000	0.000000	0.000000	0.000000	0.000000	0.000000	0.000000	0.000000	0.000000	0.000000	-16.008848	0.000000	0.000000	0.000000
1764624635.581233025	0.000000	0.000000	-0.108349	0.000000	0.000000	0.000000	0.000000	0.000000	-0.262192	0.000000	0.000000	0.000000	0.000000	0.000000	0.000000	0.000000	0.000000	0.000000	0.000000	0.000000	-16.008848	0.000000	0.000000	0.000000
1764624635.589488983	0.000000	0.000000	-0.087909	0.000000	0.000000	0.000000	0.000000	0.000000	-0.262192	0.000000	0.000000	0.000000	0.000000	0.000000	0.000000	0.000000	0.000000	0.000000	0.000000	0.000000	-16.008848	0.000000	0.000000	0.000000
1764624635.598921061	0.000000	0.000000	-0.122518	0.000000	0.000000	0.000000	0.000000	0.000000	-0.262192	0.000000	0.000000	0.000000	0.000000	0.000000	0.000000	0.000000	0.000000	0.000000	0.000000	0.000000	-16.008848	0.000000	0.000000	0.000000
1764624635.611808300	0.000000	0.000000	-0.127015	0.000000	0.000000	0.000000	0.000000	0.000000	-0.262192	0.000000	0.000000	0.000000	0.000000	0.000000	0.000000	0.000000	0.000000	0.000000	0.000000	0.000000	-16.008848	0.000000	0.000000	0.000000
1764624635.618746758	0.000000	0.000000	-0.121883	0.000000	0.000000	0.000000	0.000000	0.000000	-0.262192	0.000000	0.000000	0.000000	0.000000	0.000000	0.000000	0.000000	0.000000	0.000000	0.000000	0.000000	-16.008848	0.000000	0.000000	0.000000
1764624635.627668142	0.000000	0.000000	-0.119393	0.000000	0.000000	0.000000	0.000000	0.000000	-0.262192	0.000000	0.000000	0.000000	0.000000	0.000000	0.000000	0.000000	0.000000	0.000000	0.000000	0.000000	-16.008848	0.000000	0.000000	0.000000
1764624635.648518801	0.000000	0.000000	-0.098340	0.000000	0.000000	0.000000	0.000000	0.000000	-0.262192	0.000000	0.000000	0.000000	0.000000	0.000000	0.000000	0.000000	0.000000	0.000000	0.000000	0.000000	-16.008848	0.000000	0.000000	0.000000
1764624635.649810076	0.000000	0.000000	-0.096286	0.000000	0.000000	0.000000	0.000000	0.000000	-0.262192	0.000000	0.000000	0.000000	0.000000	0.000000	0.000000	0.000000	0.000000	0.000000	0.000000	0.000000	-16.008848	0.000000	0.000000	0.000000
1764624635.659118891	0.000000	0.000000	-0.136739	0.000000	0.000000	0.000000	0.000000	0.000000	-0.262192	0.000000	0.000000	0.000000	0.000000	0.000000	0.000000	0.000000	0.000000	0.000000	0.000000	0.000000	-16.008848	0.000000	0.000000	0.000000
1764624635.669378042	0.000000	0.000000	-0.072097	0.000000	0.000000	0.000000	0.000000	0.000000	-0.262192	0.000000	0.000000	0.000000	0.000000	0.000000	0.000000	0.000000	0.000000	0.000000	0.000000	0.000000	-16.008848	0.000000	0.000000	0.000000
1764624635.679448128	0.000000	0.000000	-0.095566	0.000000	0.000000	0.000000	0.000000	0.000000	-0.262192	0.000000	0.000000	0.000000	0.000000	0.000000	0.000000	0.000000	0.000000	0.000000	0.000000	0.000000	-16.008848	0.000000	0.000000	0.000000
1764624635.697275877	0.000000	0.000000	-0.113198	0.000000	0.000000	0.000000	0.000000	0.000000	-0.262192	0.000000	0.000000	0.000000	0.000000	0.000000	0.000000	0.000000	0.000000	0.000000	0.000000	0.000000	-16.008848	0.000000	0.000000	0.000000
1764624635.699144363	0.000000	0.000000	-0.096649	0.000000	0.000000	0.000000	0.000000	0.000000	-0.262192	0.000000	0.000000	0.000000	0.000000	0.000000	0.000000	0.000000	0.000000	0.000000	0.000000	0.000000	-16.008848	0.000000	0.000000	0.000000
1764624635.709543467	0.000000	0.000000	-0.091781	0.000000	0.000000	0.000000	0.000000	0.000000	-0.281272	0.000000	0.000000	0.000000	0.000000	0.000000	0.000000	0.000000	0.000000	0.000000	0.000000	0.000000	-16.008848	0.000000	0.000000	0.000000
1764624635.728627205	0.000000	0.000000	-0.100083	0.000000	0.000000	0.000000	0.000000	0.000000	-0.281272	0.000000	0.000000	0.000000	0.000000	0.000000	0.000000	0.000000	0.000000	0.000000	0.000000	0.000000	-16.008848	0.000000	0.000000	0.000000
1764624635.735875607	0.000000	0.000000	-0.066559	0.000000	0.000000	0.000000	0.000000	0.000000	-0.281272	0.000000	0.000000	0.000000	0.000000	0.000000	0.000000	0.000000	0.000000	0.000000	0.000000	0.000000	-16.008848	0.000000	0.000000	0.000000
1764624635.739379406	0.000000	0.000000	-0.093183	0.000000	0.000000	0.000000	0.000000	0.000000	-0.281272	0.000000	0.000000	0.000000	0.000000	0.000000	0.000000	0.000000	0.000000	0.000000	0.000000	0.000000	-16.008848	0.000000	0.000000	0.000000
1764624635.749496222	0.000000	0.000000	-0.124257	0.000000	0.000000	0.000000	0.000000	0.000000	-0.281272	0.000000	0.000000	0.000000	0.000000	0.000000	0.000000	0.000000	0.000000	0.000000	0.000000	0.000000	-16.008848	0.000000	0.000000	0.000000
1764624635.759653807	0.000000	0.000000	-0.086918	0.000000	0.000000	0.000000	0.000000	0.000000	-0.281272	0.000000	0.000000	0.000000	0.000000	0.000000	0.000000	0.000000	0.000000	0.000000	0.000000	0.000000	-16.008848	0.000000	0.000000	0.000000
1764624635.778619766	0.000000	0.000000	-0.128451	0.000000	0.000000	0.000000	0.000000	0.000000	-0.281272	0.000000	0.000000	0.000000	0.000000	0.000000	0.000000	0.000000	0.000000	0.000000	0.000000	0.000000	-16.008848	0.000000	0.000000	0.000000
1764624635.780472517	0.000000	0.000000	-0.119008	0.000000	0.000000	0.000000	0.000000	0.000000	-0.281272	0.000000	0.000000	0.000000	0.000000	0.000000	0.000000	0.000000	0.000000	0.000000	0.000000	0.000000	-16.008848	0.000000	0.000000	0.000000
1764624635.788489103	0.000000	0.000000	-0.110391	0.000000	0.000000	0.000000	0.000000	0.000000	-0.281272	0.000000	0.000000	0.000000	0.000000	0.000000	0.000000	0.000000	0.000000	0.000000	0.000000	0.000000	-16.008848	0.000000	0.000000	0.000000
1764624635.807990789	0.000000	0.000000	-0.139178	0.000000	0.000000	0.000000	0.000000	0.000000	-0.281272	0.000000	0.000000	0.000000	0.000000	0.000000	0.000000	0.000000	0.000000	0.000000	0.000000	0.000000	-16.008848	0.000000	0.000000	0.000000
1764624635.809211493	0.000000	0.000000	-0.125974	0.000000	0.000000	0.000000	0.000000	0.000000	-0.281272	0.000000	0.000000	0.000000	0.000000	0.000000	0.000000	0.000000	0.000000	0.000000	0.000000	0.000000	-16.008848	0.000000	0.000000	0.000000
1764624635.818588972	0.000000	0.000000	-0.120838	0.000000	0.000000	0.000000	0.000000	0.000000	-0.281272	0.000000	0.000000	0.000000	0.000000	0.000000	0.000000	0.000000	0.000000	0.000000	0.000000	0.000000	-16.008848	0.000000	0.000000	0.000000
1764624635.829154253	0.000000	0.000000	-0.107806	0.000000	0.000000	0.000000	0.000000	0.000000	-0.281272	0.000000	0.000000	0.000000	0.000000	0.000000	0.000000	0.000000	0.000000	0.000000	0.000000	0.000000	-16.008848	0.000000	0.000000	0.000000
1764624635.838905096	0.000000	0.000000	-0.095643	0.000000	0.000000	0.000000	0.000000	0.000000	-0.281272	0.000000	0.000000	0.000000	0.000000	0.000000	0.000000	0.000000	0.000000	0.000000	0.000000	0.000000	-16.008848	0.000000	0.000000	0.000000
1764624635.853115320	0.000000	0.000000	-0.058654	0.000000	0.000000	0.000000	0.000000	0.000000	-0.281272	0.000000	0.000000	0.000000	0.000000	0.000000	0.000000	0.000000	0.000000	0.000000	0.000000	0.000000	-16.008848	0.000000	0.000000	0.000000
1764624635.858829975	0.000000	0.000000	-0.084943	0.000000	0.000000	0.000000	0.000000	0.000000	-0.281272	0.000000	0.000000	0.000000	0.000000	0.000000	0.000000	0.000000	0.000000	0.000000	0.000000	0.000000	-16.008848	0.000000	0.000000	0.000000
1764624635.869418144	0.000000	0.000000	-0.077987	0.000000	0.000000	0.000000	0.000000	0.000000	-0.281272	0.000000	0.000000	0.000000	0.000000	0.000000	0.000000	0.000000	0.000000	0.000000	0.000000	0.000000	-16.008848	0.000000	0.000000	0.000000
1764624635.878761053	0.000000	0.000000	-0.072431	0.000000	0.000000	0.000000	0.000000	0.000000	-0.281272	0.000000	0.000000	0.000000	0.000000	0.000000	0.000000	0.000000	0.000000	0.000000	0.000000	0.000000	-16.008848	0.000000	0.000000	0.000000
1764624635.899144888	0.000000	0.000000	-0.089036	0.000000	0.000000	0.000000	0.000000	0.000000	-0.281272	0.000000	0.000000	0.000000	0.000000	0.000000	0.000000	0.000000	0.000000	0.000000	0.000000	0.000000	-16.008848	0.000000	0.000000	0.000000
1764624635.900853634	0.000000	0.000000	-0.111116	0.000000	0.000000	0.000000	0.000000	0.000000	-0.281272	0.000000	0.000000	0.000000	0.000000	0.000000	0.000000	0.000000	0.000000	0.000000	0.000000	0.000000	-16.008848	0.000000	0.000000	0.000000
1764624635.908599615	0.000000	0.000000	-0.097956	0.000000	0.000000	0.000000	0.000000	0.000000	-0.281272	0.000000	0.000000	0.000000	0.000000	0.000000	0.000000	0.000000	0.000000	0.000000	0.000000	0.000000	-16.008848	0.000000	0.000000	0.000000
1764624635.917749166	0.000000	0.000000	-0.113269	0.000000	0.000000	0.000000	0.000000	0.000000	-0.281272	0.000000	0.000000	0.000000	0.000000	0.000000	0.000000	0.000000	0.000000	0.000000	0.000000	0.000000	-16.008848	0.000000	0.000000	0.000000
1764624635.928045273	0.000000	0.000000	-0.106637	0.000000	0.000000	0.000000	0.000000	0.000000	-0.281272	0.000000	0.000000	0.000000	0.000000	0.000000	0.000000	0.000000	0.000000	0.000000	0.000000	0.000000	-16.008848	0.000000	0.000000	0.000000
1764624635.938746214	0.000000	0.000000	-0.093446	0.000000	0.000000	0.000000	0.000000	0.000000	-0.281272	0.000000	0.000000	0.000000	0.000000	0.000000	0.000000	0.000000	0.000000	0.000000	0.000000	0.000000	-16.008848	0.000000	0.000000	0.000000
1764624635.949062586	0.000000	0.000000	-0.140234	0.000000	0.000000	0.000000	0.000000	0.000000	-0.281272	0.000000	0.000000	0.000000	0.000000	0.000000	0.000000	0.000000	0.000000	0.000000	0.000000	0.000000	0.000000	0.000000	0.000000	0.000000
1764624635.959812164	0.000000	0.000000	-0.105955	0.000000	0.000000	0.000000	0.000000	0.000000	-0.294277	0.000000	0.000000	0.000000	0.000000	0.000000	0.000000	0.000000	0.000000	0.000000	0.000000	0.000000	0.000000	0.000000	0.000000	0.000000
1764624635.979832649	0.000000	0.000000	-0.098677	0.000000	0.000000	0.000000	0.000000	0.000000	-0.294277	0.000000	0.000000	0.000000	0.000000	0.000000	0.000000	0.000000	0.000000	0.000000	0.000000	0.000000	0.000000	0.000000	0.000000	0.000000
1764624635.981547594	0.000000	0.000000	-0.127098	0.000000	0.000000	0.000000	0.000000	0.000000	-0.294277	0.000000	0.000000	0.000000	0.000000	0.000000	0.000000	0.000000	0.000000	0.000000	0.000000	0.000000	0.000000	0.000000	0.000000	0.000000
1764624635.989589930	0.000000	0.000000	-0.059730	0.000000	0.000000	0.000000	0.000000	0.000000	-0.294277	0.000000	0.000000	0.000000	0.000000	0.000000	0.000000	0.000000	0.000000	0.000000	0.000000	0.000000	0.000000	0.000000	0.000000	0.000000
1764624635.998922110	0.000000	0.000000	-0.091527	0.000000	0.000000	0.000000	0.000000	0.000000	-0.294277	0.000000	0.000000	0.000000	0.000000	0.000000	0.000000	0.000000	0.000000	0.000000	0.000000	0.000000	0.000000	0.000000	0.000000	0.000000
1764624636.015648127	0.000000	0.000000	-0.087006	0.000000	0.000000	0.000000	0.000000	0.000000	-0.294277	0.000000	0.000000	0.000000	0.000000	0.000000	0.000000	0.000000	0.000000	0.000000	0.000000	0.000000	0.000000	0.000000	0.000000	0.000000
1764624636.018543482	0.000000	0.000000	0.042164	0.000000	0.000000	0.000000	0.000000	0.000000	-0.294277	0.000000	0.000000	0.000000	0.000000	0.000000	0.000000	0.000000	0.000000	0.000000	0.000000	0.000000	0.000000	0.000000	0.000000	0.000000
1764624636.031786203	0.000000	0.000000	0.082204	0.000000	0.000000	0.000000	0.000000	0.000000	-0.294277	0.000000	0.000000	0.000000	0.000000	0.000000	0.000000	0.000000	0.000000	0.000000	0.000000	0.000000	0.000000	0.000000	0.000000	0.000000
1764624636.038359642	0.000000	0.000000	0.098869	0.000000	0.000000	0.000000	0.000000	0.000000	-0.294277	0.000000	0.000000	0.000000	0.000000	0.000000	0.000000	0.000000	0.000000	0.000000	0.000000	0.000000	0.000000	0.000000	0.000000	0.000000
1764624636.059620142	0.000000	0.000000	0.181966	0.000000	0.000000	0.000000	0.000000	0.000000	-0.294277	0.000000	0.000000	0.000000	0.000000	0.000000	0.000000	0.000000	0.000000	0.000000	0.000000	0.000000	0.000000	0.000000	0.000000	0.000000
1764624636.059632063	0.000000	0.000000	0.188263	0.000000	0.000000	0.000000	0.000000	0.000000	-0.294277	0.000000	0.000000	0.000000	0.000000	0.000000	0.000000	0.000000	0.000000	0.000000	0.000000	0.000000	0.000000	0.000000	0.000000	0.000000
1764624636.069799900	0.000000	0.000000	0.213101	0.000000	0.000000	0.000000	0.000000	0.000000	-0.294277	0.000000	0.000000	0.000000	0.000000	0.000000	0.000000	0.000000	0.000000	0.000000	0.000000	0.000000	0.000000	0.000000	0.000000	0.000000
1764624636.081549168	0.000000	0.000000	0.268685	0.000000	0.000000	0.000000	0.000000	0.000000	-0.294277	0.000000	0.000000	0.000000	0.000000	0.000000	0.000000	0.000000	0.000000	0.000000	0.000000	0.000000	17.593857	0.000000	0.000000	0.000000
1764624636.089004755	0.000000	0.000000	0.266365	0.000000	0.000000	0.000000	0.000000	0.000000	-0.294277	0.000000	0.000000	0.000000	0.000000	0.000000	0.000000	0.000000	0.000000	0.000000	0.000000	0.000000	17.593857	0.000000	0.000000	0.000000
1764624636.102628469	0.000000	0.000000	0.175757	0.000000	0.000000	0.000000	0.000000	0.000000	-0.294277	0.000000	0.000000	0.000000	0.000000	0.000000	0.000000	0.000000	0.000000	0.000000	0.000000	0.000000	17.593857	0.000000	0.000000	0.000000
1764624636.109232187	0.000000	0.000000	0.173639	0.000000	0.000000	0.000000	0.000000	0.000000	-0.294277	0.000000	0.000000	0.000000	0.000000	0.000000	0.000000	0.000000	0.000000	0.000000	0.000000	0.000000	17.593857	0.000000	0.000000	0.000000
1764624636.119548321	0.000000	0.000000	0.201380	0.000000	0.000000	0.000000	0.000000	0.000000	-0.294277	0.000000	0.000000	0.000000	0.000000	0.000000	0.000000	0.000000	0.000000	0.000000	0.000000	0.000000	17.593857	0.000000	0.000000	0.000000
1764624636.128985882	0.000000	0.000000	0.195086	0.000000	0.000000	0.000000	0.000000	0.000000	-0.294277	0.000000	0.000000	0.000000	0.000000	0.000000	0.000000	0.000000	0.000000	0.000000	0.000000	0.000000	17.593857	0.000000	0.000000	0.000000
1764624636.139543295	0.000000	0.000000	0.170287	0.000000	0.000000	0.000000	0.000000	0.000000	-0.294277	0.000000	0.000000	0.000000	0.000000	0.000000	0.000000	0.000000	0.000000	0.000000	0.000000	0.000000	17.593857	0.000000	0.000000	0.000000
1764624636.149453878	0.000000	0.000000	0.191996	0.000000	0.000000	0.000000	0.000000	0.000000	-0.294277	0.000000	0.000000	0.000000	0.000000	0.000000	0.000000	0.000000	0.000000	0.000000	0.000000	0.000000	17.593857	0.000000	0.000000	0.000000
1764624636.162791967	0.000000	0.000000	0.219681	0.000000	0.000000	0.000000	0.000000	0.000000	-0.294277	0.000000	0.000000	0.000000	0.000000	0.000000	0.000000	0.000000	0.000000	0.000000	0.000000	0.000000	17.593857	0.000000	0.000000	0.000000
1764624636.169439554	0.000000	0.000000	0.255180	0.000000	0.000000	0.000000	0.000000	0.000000	-0.294277	0.000000	0.000000	0.000000	0.000000	0.000000	0.000000	0.000000	0.000000	0.000000	0.000000	0.000000	17.593857	0.000000	0.000000	0.000000
1764624636.186147690	0.000000	0.000000	0.353977	0.000000	0.000000	0.000000	0.000000	0.000000	-0.294277	0.000000	0.000000	0.000000	0.000000	0.000000	0.000000	0.000000	0.000000	0.000000	0.000000	0.000000	17.593857	0.000000	0.000000	0.000000
1764624636.189264059	0.000000	0.000000	0.471778	0.000000	0.000000	0.000000	0.000000	0.000000	-0.294277	0.000000	0.000000	0.000000	0.000000	0.000000	0.000000	0.000000	0.000000	0.000000	0.000000	0.000000	17.593857	0.000000	0.000000	0.000000
1764624636.208027601	0.000000	0.000000	0.456198	0.000000	0.000000	0.000000	0.000000	0.000000	-0.207047	0.000000	0.000000	0.000000	0.000000	0.000000	0.000000	0.000000	0.000000	0.000000	0.000000	0.000000	17.593857	0.000000	0.000000	0.000000
1764624636.209878922	0.000000	0.000000	0.539412	0.000000	0.000000	0.000000	0.000000	0.000000	-0.207047	0.000000	0.000000	0.000000	0.000000	0.000000	0.000000	0.000000	0.000000	0.000000	0.000000	0.000000	17.593857	0.000000	0.000000	0.000000
1764624636.218780994	0.000000	0.000000	0.565638	0.000000	0.000000	0.000000	0.000000	0.000000	-0.207047	0.000000	0.000000	0.000000	0.000000	0.000000	0.000000	0.000000	0.000000	0.000000	0.000000	0.000000	17.593857	0.000000	0.000000	0.000000
1764624636.228895903	0.000000	0.000000	0.719040	0.000000	0.000000	0.000000	0.000000	0.000000	-0.207047	0.000000	0.000000	0.000000	0.000000	0.000000	0.000000	0.000000	0.000000	0.000000	0.000000	0.000000	17.593857	0.000000	0.000000	0.000000
1764624636.238497734	0.000000	0.000000	0.679617	0.000000	0.000000	0.000000	0.000000	0.000000	-0.207047	0.000000	0.000000	0.000000	0.000000	0.000000	0.000000	0.000000	0.000000	0.000000	0.000000	0.000000	17.593857	0.000000	0.000000	0.000000
1764624636.249060869	0.000000	0.000000	0.721120	0.000000	0.000000	0.000000	0.000000	0.000000	-0.207047	0.000000	0.000000	0.000000	0.000000	0.000000	0.000000	0.000000	0.000000	0.000000	0.000000	0.000000	17.593857	0.000000	0.000000	0.000000
1764624636.259935617	0.000000	0.000000	0.595763	0.000000	0.000000	0.000000	0.000000	0.000000	-0.207047	0.000000	0.000000	0.000000	0.000000	0.000000	0.000000	0.000000	0.000000	0.000000	0.000000	0.000000	17.593857	0.000000	0.000000	0.000000
1764624636.269822598	0.000000	0.000000	0.663876	0.000000	0.000000	0.000000	0.000000	0.000000	-0.207047	0.000000	0.000000	0.000000	0.000000	0.000000	0.000000	0.000000	0.000000	0.000000	0.000000	0.000000	17.593857	0.000000	0.000000	0.000000
1764624636.289197206	0.000000	0.000000	0.607563	0.000000	0.000000	0.000000	0.000000	0.000000	-0.207047	0.000000	0.000000	0.000000	0.000000	0.000000	0.000000	0.000000	0.000000	0.000000	0.000000	0.000000	17.593857	0.000000	0.000000	0.000000
1764624636.291684389	0.000000	0.000000	0.556869	0.000000	0.000000	0.000000	0.000000	0.000000	-0.207047	0.000000	0.000000	0.000000	0.000000	0.000000	0.000000	0.000000	0.000000	0.000000	0.000000	0.000000	17.593857	0.000000	0.000000	0.000000
1764624636.299329042	0.000000	0.000000	0.500523	0.000000	0.000000	0.000000	0.000000	0.000000	-0.207047	0.000000	0.000000	0.000000	0.000000	0.000000	0.000000	0.000000	0.000000	0.000000	0.000000	0.000000	17.593857	0.000000	0.000000	0.000000
1764624636.309867620	0.000000	0.000000	0.504051	0.000000	0.000000	0.000000	0.000000	0.000000	-0.207047	0.000000	0.000000	0.000000	0.000000	0.000000	0.000000	0.000000	0.000000	0.000000	0.000000	0.000000	17.593857	0.000000	0.000000	0.000000
1764624636.327717304	0.000000	0.000000	0.394918	0.000000	0.000000	0.000000	0.000000	0.000000	-0.207047	0.000000	0.000000	0.000000	0.000000	0.000000	0.000000	0.000000	0.000000	0.000000	0.000000	0.000000	17.593857	0.000000	0.000000	0.000000
1764624636.329225540	0.000000	0.000000	0.379937	0.000000	0.000000	0.000000	0.000000	0.000000	-0.207047	0.000000	0.000000	0.000000	0.000000	0.000000	0.000000	0.000000	0.000000	0.000000	0.000000	0.000000	17.593857	0.000000	0.000000	0.000000
1764624636.339082956	0.000000	0.000000	0.356302	0.000000	0.000000	0.000000	0.000000	0.000000	-0.207047	0.000000	0.000000	0.000000	0.000000	0.000000	0.000000	0.000000	0.000000	0.000000	0.000000	0.000000	17.593857	0.000000	0.000000	0.000000
1764624636.349066019	0.000000	0.000000	0.350726	0.000000	0.000000	0.000000	0.000000	0.000000	-0.207047	0.000000	0.000000	0.000000	0.000000	0.000000	0.000000	0.000000	0.000000	0.000000	0.000000	0.000000	17.593857	0.000000	0.000000	0.000000
1764624636.358384132	0.000000	0.000000	0.247531	0.000000	0.000000	0.000000	0.000000	0.000000	-0.207047	0.000000	0.000000	0.000000	0.000000	0.000000	0.000000	0.000000	0.000000	0.000000	0.000000	0.000000	17.593857	0.000000	0.000000	0.000000
1764624636.369293690	0.000000	0.000000	0.281263	0.000000	0.000000	0.000000	0.000000	0.000000	-0.207047	0.000000	0.000000	0.000000	0.000000	0.000000	0.000000	0.000000	0.000000	0.000000	0.000000	0.000000	17.593857	0.000000	0.000000	0.000000
1764624636.382865667	0.000000	0.000000	0.218725	0.000000	0.000000	0.000000	0.000000	0.000000	-0.207047	0.000000	0.000000	0.000000	0.000000	0.000000	0.000000	0.000000	0.000000	0.000000	0.000000	0.000000	17.593857	0.000000	0.000000	0.000000
1764624636.389331818	0.000000	0.000000	0.174311	0.000000	0.000000	0.000000	0.000000	0.000000	-0.207047	0.000000	0.000000	0.000000	0.000000	0.000000	0.000000	0.000000	0.000000	0.000000	0.000000	0.000000	17.593857	0.000000	0.000000	0.000000
1764624636.399984837	0.000000	0.000000	0.169398	0.000000	0.000000	0.000000	0.000000	0.000000	-0.207047	0.000000	0.000000	0.000000	0.000000	0.000000	0.000000	0.000000	0.000000	0.000000	0.000000	0.000000	17.593857	0.000000	0.000000	0.000000
1764624636.417001247	0.000000	0.000000	0.145985	0.000000	0.000000	0.000000	0.000000	0.000000	-0.207047	0.000000	0.000000	0.000000	0.000000	0.000000	0.000000	0.000000	0.000000	0.000000	0.000000	0.000000	17.593857	0.000000	0.000000	0.000000
1764624636.417016029	0.000000	0.000000	0.091405	0.000000	0.000000	0.000000	0.000000	0.000000	-0.207047	0.000000	0.000000	0.000000	0.000000	0.000000	0.000000	0.000000	0.000000	0.000000	0.000000	0.000000	17.593857	0.000000	0.000000	0.000000
1764624636.429048538	0.000000	0.000000	0.110073	0.000000	0.000000	0.000000	0.000000	0.000000	-0.207047	0.000000	0.000000	0.000000	0.000000	0.000000	0.000000	0.000000	0.000000	0.000000	0.000000	0.000000	17.593857	0.000000	0.000000	0.000000
1764624636.439244509	0.000000	0.000000	0.077952	0.000000	0.000000	0.000000	0.000000	0.000000	-0.207047	0.000000	0.000000	0.000000	0.000000	0.000000	0.000000	0.000000	0.000000	0.000000	0.000000	0.000000	17.593857	0.000000	0.000000	0.000000
1764624636.463006020	0.000000	0.000000	0.060401	0.000000	0.000000	0.000000	0.000000	0.000000	-0.151919	0.000000	0.000000	0.000000	0.000000	0.000000	0.000000	0.000000	0.000000	0.000000	0.000000	0.000000	17.593857	0.000000	0.000000	0.000000
1764624636.463020325	0.000000	0.000000	0.025072	0.000000	0.000000	0.000000	0.000000	0.000000	-0.151919	0.000000	0.000000	0.000000	0.000000	0.000000	0.000000	0.000000	0.000000	0.000000	0.000000	0.000000	17.593857	0.000000	0.000000	0.000000
1764624636.468970537	0.000000	0.000000	0.014693	0.000000	0.000000	0.000000	0.000000	0.000000	-0.151919	0.000000	0.000000	0.000000	0.000000	0.000000	0.000000	0.000000	0.000000	0.000000	0.000000	0.000000	17.593857	0.000000	0.000000	0.000000
1764624636.478826284	0.000000	0.000000	0.045477	0.000000	0.000000	0.000000	0.000000	0.000000	-0.151919	0.000000	0.000000	0.000000	0.000000	0.000000	0.000000	0.000000	0.000000	0.000000	0.000000	0.000000	17.593857	0.000000	0.000000	0.000000
1764624636.489068985	0.000000	0.000000	-0.008027	0.000000	0.000000	0.000000	0.000000	0.000000	-0.151919	0.000000	0.000000	0.000000	0.000000	0.000000	0.000000	0.000000	0.000000	0.000000	0.000000	0.000000	17.593857	0.000000	0.000000	0.000000
1764624636.500952482	0.000000	0.000000	0.017167	0.000000	0.000000	0.000000	0.000000	0.000000	-0.151919	0.000000	0.000000	0.000000	0.000000	0.000000	0.000000	0.000000	0.000000	0.000000	0.000000	0.000000	17.593857	0.000000	0.000000	0.000000
1764624636.513625622	0.000000	0.000000	0.066251	0.000000	0.000000	0.000000	0.000000	0.000000	-0.151919	0.000000	0.000000	0.000000	0.000000	0.000000	0.000000	0.000000	0.000000	0.000000	0.000000	0.000000	17.593857	0.000000	0.000000	0.000000
1764624636.518639326	0.000000	0.000000	-0.054706	0.000000	0.000000	0.000000	0.000000	0.000000	-0.151919	0.000000	0.000000	0.000000	0.000000	0.000000	0.000000	0.000000	0.000000	0.000000	0.000000	0.000000	17.593857	0.000000	0.000000	0.000000
1764624636.535709143	0.000000	0.000000	0.040339	0.000000	0.000000	0.000000	0.000000	0.000000	-0.151919	0.000000	0.000000	0.000000	0.000000	0.000000	0.000000	0.000000	0.000000	0.000000	0.000000	0.000000	17.593857	0.000000	0.000000	0.000000
1764624636.538969755	0.000000	0.000000	0.027200	0.000000	0.000000	0.000000	0.000000	0.000000	-0.151919	0.000000	0.000000	0.000000	0.000000	0.000000	0.000000	0.000000	0.000000	0.000000	0.000000	0.000000	17.593857	0.000000	0.000000	0.000000
1764624636.550255775	0.000000	0.000000	-0.019824	0.000000	0.000000	0.000000	0.000000	0.000000	-0.151919	0.000000	0.000000	0.000000	0.000000	0.000000	0.000000	0.000000	0.000000	0.000000	0.000000	0.000000	17.593857	0.000000	0.000000	0.000000
1764624636.574172497	0.000000	0.000000	0.034170	0.000000	0.000000	0.000000	0.000000	0.000000	-0.151919	0.000000	0.000000	0.000000	0.000000	0.000000	0.000000	0.000000	0.000000	0.000000	0.000000	0.000000	17.593857	0.000000	0.000000	0.000000
1764624636.576129198	0.000000	0.000000	-0.017041	0.000000	0.000000	0.000000	0.000000	0.000000	-0.151919	0.000000	0.000000	0.000000	0.000000	0.000000	0.000000	0.000000	0.000000	0.000000	0.000000	0.000000	17.593857	0.000000	0.000000	0.000000
1764624636.581031084	0.000000	0.000000	-0.026712	0.000000	0.000000	0.000000	0.000000	0.000000	-0.151919	0.000000	0.000000	0.000000	0.000000	0.000000	0.000000	0.000000	0.000000	0.000000	0.000000	0.000000	17.593857	0.000000	0.000000	0.000000
1764624636.589741945	0.000000	0.000000	0.102903	0.000000	0.000000	0.000000	0.000000	0.000000	-0.151919	0.000000	0.000000	0.000000	0.000000	0.000000	0.000000	0.000000	0.000000	0.000000	0.000000	0.000000	17.593857	0.000000	0.000000	0.000000
1764624636.598727942	0.000000	0.000000	-0.062318	0.000000	0.000000	0.000000	0.000000	0.000000	-0.151919	0.000000	0.000000	0.000000	0.000000	0.000000	0.000000	0.000000	0.000000	0.000000	0.000000	0.000000	17.593857	0.000000	0.000000	0.000000
1764624636.619901896	0.000000	0.000000	-0.002551	0.000000	0.000000	0.000000	0.000000	0.000000	-0.151919	0.000000	0.000000	0.000000	0.000000	0.000000	0.000000	0.000000	0.000000	0.000000	0.000000	0.000000	17.593857	0.000000	0.000000	0.000000
1764624636.619921923	0.000000	0.000000	0.057546	0.000000	0.000000	0.000000	0.000000	0.000000	-0.151919	0.000000	0.000000	0.000000	0.000000	0.000000	0.000000	0.000000	0.000000	0.000000	0.000000	0.000000	17.593857	0.000000	0.000000	0.000000
1764624636.629352808	0.000000	0.000000	0.010065	0.000000	0.000000	0.000000	0.000000	0.000000	-0.151919	0.000000	0.000000	0.000000	0.000000	0.000000	0.000000	0.000000	0.000000	0.000000	0.000000	0.000000	17.593857	0.000000	0.000000	0.000000
1764624636.639658928	0.000000	0.000000	0.031353	0.000000	0.000000	0.000000	0.000000	0.000000	-0.151919	0.000000	0.000000	0.000000	0.000000	0.000000	0.000000	0.000000	0.000000	0.000000	0.000000	0.000000	17.593857	0.000000	0.000000	0.000000
1764624636.657954693	0.000000	0.000000	0.050690	0.000000	0.000000	0.000000	0.000000	0.000000	-0.151919	0.000000	0.000000	0.000000	0.000000	0.000000	0.000000	0.000000	0.000000	0.000000	0.000000	0.000000	17.593857	0.000000	0.000000	0.000000
1764624636.660528898	0.000000	0.000000	-0.005557	0.000000	0.000000	0.000000	0.000000	0.000000	-0.151919	0.000000	0.000000	0.000000	0.000000	0.000000	0.000000	0.000000	0.000000	0.000000	0.000000	0.000000	17.593857	0.000000	0.000000	0.000000
1764624636.670036554	0.000000	0.000000	0.042049	0.000000	0.000000	0.000000	0.000000	0.000000	-0.151919	0.000000	0.000000	0.000000	0.000000	0.000000	0.000000	0.000000	0.000000	0.000000	0.000000	0.000000	17.593857	0.000000	0.000000	0.000000
1764624636.689444542	0.000000	0.000000	-0.001846	0.000000	0.000000	0.000000	0.000000	0.000000	-0.151919	0.000000	0.000000	0.000000	0.000000	0.000000	0.000000	0.000000	0.000000	0.000000	0.000000	0.000000	17.593857	0.000000	0.000000	0.000000
1764624636.690843582	0.000000	0.000000	0.029399	0.000000	0.000000	0.000000	0.000000	0.000000	-0.151919	0.000000	0.000000	0.000000	0.000000	0.000000	0.000000	0.000000	0.000000	0.000000	0.000000	0.000000	17.593857	0.000000	0.000000	0.000000
1764624636.699175119	0.000000	0.000000	0.011390	0.000000	0.000000	0.000000	0.000000	0.000000	-0.151919	0.000000	0.000000	0.000000	0.000000	0.000000	0.000000	0.000000	0.000000	0.000000	0.000000	0.000000	17.593857	0.000000	0.000000	0.000000
1764624636.709643841	0.000000	0.000000	0.024818	0.000000	0.000000	0.000000	0.000000	0.000000	-0.145784	0.000000	0.000000	0.000000	0.000000	0.000000	0.000000	0.000000	0.000000	0.000000	0.000000	0.000000	17.593857	0.000000	0.000000	0.000000
1764624636.719267607	0.000000	0.000000	-0.037737	0.000000	0.000000	0.000000	0.000000	0.000000	-0.145784	0.000000	0.000000	0.000000	0.000000	0.000000	0.000000	0.000000	0.000000	0.000000	0.000000	0.000000	17.593857	0.000000	0.000000	0.000000
1764624636.728866339	0.000000	0.000000	0.126205	0.000000	0.000000	0.000000	0.000000	0.000000	-0.145784	0.000000	0.000000	0.000000	0.000000	0.000000	0.000000	0.000000	0.000000	0.000000	0.000000	0.000000	17.593857	0.000000	0.000000	0.000000
1764624636.746964931	0.000000	0.000000	-0.015199	0.000000	0.000000	0.000000	0.000000	0.000000	-0.145784	0.000000	0.000000	0.000000	0.000000	0.000000	0.000000	0.000000	0.000000	0.000000	0.000000	0.000000	17.593857	0.000000	0.000000	0.000000
1764624636.748804092	0.000000	0.000000	-0.003828	0.000000	0.000000	0.000000	0.000000	0.000000	-0.145784	0.000000	0.000000	0.000000	0.000000	0.000000	0.000000	0.000000	0.000000	0.000000	0.000000	0.000000	17.593857	0.000000	0.000000	0.000000
1764624636.768935442	0.000000	0.000000	0.031449	0.000000	0.000000	0.000000	0.000000	0.000000	-0.145784	0.000000	0.000000	0.000000	0.000000	0.000000	0.000000	0.000000	0.000000	0.000000	0.000000	0.000000	17.593857	0.000000	0.000000	0.000000
1764624636.768943310	0.000000	0.000000	0.055000	0.000000	0.000000	0.000000	0.000000	0.000000	-0.145784	0.000000	0.000000	0.000000	0.000000	0.000000	0.000000	0.000000	0.000000	0.000000	0.000000	0.000000	17.593857	0.000000	0.000000	0.000000
1764624636.779267073	0.000000	0.000000	0.024682	0.000000	0.000000	0.000000	0.000000	0.000000	-0.145784	0.000000	0.000000	0.000000	0.000000	0.000000	0.000000	0.000000	0.000000	0.000000	0.000000	0.000000	17.593857	0.000000	0.000000	0.000000
1764624636.789215565	0.000000	0.000000	0.034186	0.000000	0.000000	0.000000	0.000000	0.000000	-0.145784	0.000000	0.000000	0.000000	0.000000	0.000000	0.000000	0.000000	0.000000	0.000000	0.000000	0.000000	17.593857	0.000000	0.000000	0.000000
1764624636.798334837	0.000000	0.000000	-0.023389	0.000000	0.000000	0.000000	0.000000	0.000000	-0.145784	0.000000	0.000000	0.000000	0.000000	0.000000	0.000000	0.000000	0.000000	0.000000	0.000000	0.000000	17.593857	0.000000	0.000000	0.000000
1764624636.808842182	0.000000	0.000000	0.072589	0.000000	0.000000	0.000000	0.000000	0.000000	-0.145784	0.000000	0.000000	0.000000	0.000000	0.000000	0.000000	0.000000	0.000000	0.000000	0.000000	0.000000	17.593857	0.000000	0.000000	0.000000
1764624636.830217600	0.000000	0.000000	-0.025459	0.000000	0.000000	0.000000	0.000000	0.000000	-0.145784	0.000000	0.000000	0.000000	0.000000	0.000000	0.000000	0.000000	0.000000	0.000000	0.000000	0.000000	17.593857	0.000000	0.000000	0.000000
1764624636.830239058	0.000000	0.000000	0.044325	0.000000	0.000000	0.000000	0.000000	0.000000	-0.145784	0.000000	0.000000	0.000000	0.000000	0.000000	0.000000	0.000000	0.000000	0.000000	0.000000	0.000000	17.593857	0.000000	0.000000	0.000000
1764624636.838888407	0.000000	0.000000	0.027208	0.000000	0.000000	0.000000	0.000000	0.000000	-0.145784	0.000000	0.000000	0.000000	0.000000	0.000000	0.000000	0.000000	0.000000	0.000000	0.000000	0.000000	17.593857	0.000000	0.000000	0.000000
1764624636.852108717	0.000000	0.000000	0.008024	0.000000	0.000000	0.000000	0.000000	0.000000	-0.145784	0.000000	0.000000	0.000000	0.000000	0.000000	0.000000	0.000000	0.000000	0.000000	0.000000	0.000000	17.593857	0.000000	0.000000	0.000000
1764624636.858862877	0.000000	0.000000	0.011564	0.000000	0.000000	0.000000	0.000000	0.000000	-0.145784	0.000000	0.000000	0.000000	0.000000	0.000000	0.000000	0.000000	0.000000	0.000000	0.000000	0.000000	17.593857	0.000000	0.000000	0.000000
1764624636.868885279	0.000000	0.000000	0.046497	0.000000	0.000000	0.000000	0.000000	0.000000	-0.145784	0.000000	0.000000	0.000000	0.000000	0.000000	0.000000	0.000000	0.000000	0.000000	0.000000	0.000000	17.593857	0.000000	0.000000	0.000000
1764624636.878734589	0.000000	0.000000	-0.031855	0.000000	0.000000	0.000000	0.000000	0.000000	-0.145784	0.000000	0.000000	0.000000	0.000000	0.000000	0.000000	0.000000	0.000000	0.000000	0.000000	0.000000	17.593857	0.000000	0.000000	0.000000
1764624636.889146566	0.000000	0.000000	0.061313	0.000000	0.000000	0.000000	0.000000	0.000000	-0.145784	0.000000	0.000000	0.000000	0.000000	0.000000	0.000000	0.000000	0.000000	0.000000	0.000000	0.000000	17.593857	0.000000	0.000000	0.000000
1764624636.908858538	0.000000	0.000000	0.011550	0.000000	0.000000	0.000000	0.000000	0.000000	-0.145784	0.000000	0.000000	0.000000	0.000000	0.000000	0.000000	0.000000	0.000000	0.000000	0.000000	0.000000	17.593857	0.000000	0.000000	0.000000
1764624636.908876657	0.000000	0.000000	0.006880	0.000000	0.000000	0.000000	0.000000	0.000000	-0.145784	0.000000	0.000000	0.000000	0.000000	0.000000	0.000000	0.000000	0.000000	0.000000	0.000000	0.000000	17.593857	0.000000	0.000000	0.000000
1764624636.918875694	0.000000	0.000000	0.063358	0.000000	0.000000	0.000000	0.000000	0.000000	-0.145784	0.000000	0.000000	0.000000	0.000000	0.000000	0.000000	0.000000	0.000000	0.000000	0.000000	0.000000	17.593857	0.000000	0.000000	0.000000
1764624636.928625584	0.000000	0.000000	0.011200	0.000000	0.000000	0.000000	0.000000	0.000000	-0.145784	0.000000	0.000000	0.000000	0.000000	0.000000	0.000000	0.000000	0.000000	0.000000	0.000000	0.000000	17.593857	0.000000	0.000000	0.000000
1764624636.937462091	0.000000	0.000000	0.039954	0.000000	0.000000	0.000000	0.000000	0.000000	-0.145784	0.000000	0.000000	0.000000	0.000000	0.000000	0.000000	0.000000	0.000000	0.000000	0.000000	0.000000	17.593857	0.000000	0.000000	0.000000
1764624636.948821783	0.000000	0.000000	0.085019	0.000000	0.000000	0.000000	0.000000	0.000000	-0.145784	0.000000	0.000000	0.000000	0.000000	0.000000	0.000000	0.000000	0.000000	0.000000	0.000000	0.000000	17.593857	0.000000	0.000000	0.000000
1764624636.959383726	0.000000	0.000000	-0.013613	0.000000	0.000000	0.000000	0.000000	0.000000	-0.127338	0.000000	0.000000	0.000000	0.000000	0.000000	0.000000	0.000000	0.000000	0.000000	0.000000	0.000000	17.593857	0.000000	0.000000	0.000000
1764624636.970265627	0.000000	0.000000	0.086418	0.000000	0.000000	0.000000	0.000000	0.000000	-0.127338	0.000000	0.000000	0.000000	0.000000	0.000000	0.000000	0.000000	0.000000	0.000000	0.000000	0.000000	17.593857	0.000000	0.000000	0.000000
1764624636.989603758	0.000000	0.000000	0.045917	0.000000	0.000000	0.000000	0.000000	0.000000	-0.127338	0.000000	0.000000	0.000000	0.000000	0.000000	0.000000	0.000000	0.000000	0.000000	0.000000	0.000000	17.593857	0.000000	0.000000	0.000000
1764624636.989634752	0.000000	0.000000	0.054918	0.000000	0.000000	0.000000	0.000000	0.000000	-0.127338	0.000000	0.000000	0.000000	0.000000	0.000000	0.000000	0.000000	0.000000	0.000000	0.000000	0.000000	17.593857	0.000000	0.000000	0.000000
1764624637.000846386	0.000000	0.000000	0.018415	0.000000	0.000000	0.000000	0.000000	0.000000	-0.127338	0.000000	0.000000	0.000000	0.000000	0.000000	0.000000	0.000000	0.000000	0.000000	0.000000	0.000000	17.593857	0.000000	0.000000	0.000000
1764624637.021012068	0.000000	0.000000	0.072829	0.000000	0.000000	0.000000	0.000000	0.000000	-0.127338	0.000000	0.000000	0.000000	0.000000	0.000000	0.000000	0.000000	0.000000	0.000000	0.000000	0.000000	17.593857	0.000000	0.000000	0.000000
1764624637.022410870	0.000000	0.000000	0.069749	0.000000	0.000000	0.000000	0.000000	0.000000	-0.127338	0.000000	0.000000	0.000000	0.000000	0.000000	0.000000	0.000000	0.000000	0.000000	0.000000	0.000000	17.593857	0.000000	0.000000	0.000000
1764624637.029000998	0.000000	0.000000	0.057997	0.000000	0.000000	0.000000	0.000000	0.000000	-0.127338	0.000000	0.000000	0.000000	0.000000	0.000000	0.000000	0.000000	0.000000	0.000000	0.000000	0.000000	17.593857	0.000000	0.000000	0.000000
1764624637.039253950	0.000000	0.000000	0.041018	0.000000	0.000000	0.000000	0.000000	0.000000	-0.127338	0.000000	0.000000	0.000000	0.000000	0.000000	0.000000	0.000000	0.000000	0.000000	0.000000	0.000000	17.593857	0.000000	0.000000	0.000000
1764624637.049459219	0.000000	0.000000	0.068393	0.000000	0.000000	0.000000	0.000000	0.000000	-0.127338	0.000000	0.000000	0.000000	0.000000	0.000000	0.000000	0.000000	0.000000	0.000000	0.000000	0.000000	17.593857	0.000000	0.000000	0.000000
1764624637.070040703	0.000000	0.000000	0.005181	0.000000	0.000000	0.000000	0.000000	0.000000	-0.127338	0.000000	0.000000	0.000000	0.000000	0.000000	0.000000	0.000000	0.000000	0.000000	0.000000	0.000000	17.593857	0.000000	0.000000	0.000000
1764624637.071479082	0.000000	0.000000	0.098464	0.000000	0.000000	0.000000	0.000000	0.000000	-0.127338	0.000000	0.000000	0.000000	0.000000	0.000000	0.000000	0.000000	0.000000	0.000000	0.000000	0.000000	17.593857	0.000000	0.000000	0.000000
1764624637.081342459	0.000000	0.000000	0.067666	0.000000	0.000000	0.000000	0.000000	0.000000	-0.127338	0.000000	0.000000	0.000000	0.000000	0.000000	0.000000	0.000000	0.000000	0.000000	0.000000	0.000000	17.593857	0.000000	0.000000	0.000000
1764624637.097609758	0.000000	0.000000	0.044535	0.000000	0.000000	0.000000	0.000000	0.000000	-0.127338	0.000000	0.000000	0.000000	0.000000	0.000000	0.000000	0.000000	0.000000	0.000000	0.000000	0.000000	17.593857	0.000000	0.000000	0.000000
1764624637.098937750	0.000000	0.000000	0.095828	0.000000	0.000000	0.000000	0.000000	0.000000	-0.127338	0.000000	0.000000	0.000000	0.000000	0.000000	0.000000	0.000000	0.000000	0.000000	0.000000	0.000000	17.593857	0.000000	0.000000	0.000000
1764624637.109281301	0.000000	0.000000	0.046970	0.000000	0.000000	0.000000	0.000000	0.000000	-0.127338	0.000000	0.000000	0.000000	0.000000	0.000000	0.000000	0.000000	0.000000	0.000000	0.000000	0.000000	17.593857	0.000000	0.000000	0.000000
1764624637.118920088	0.000000	0.000000	0.041795	0.000000	0.000000	0.000000	0.000000	0.000000	-0.127338	0.000000	0.000000	0.000000	0.000000	0.000000	0.000000	0.000000	0.000000	0.000000	0.000000	0.000000	17.593857	0.000000	0.000000	0.000000
1764624637.129570723	0.000000	0.000000	0.083300	0.000000	0.000000	0.000000	0.000000	0.000000	-0.127338	0.000000	0.000000	0.000000	0.000000	0.000000	0.000000	0.000000	0.000000	0.000000	0.000000	0.000000	17.593857	0.000000	0.000000	0.000000
1764624637.150144100	0.000000	0.000000	0.085340	0.000000	0.000000	0.000000	0.000000	0.000000	-0.127338	0.000000	0.000000	0.000000	0.000000	0.000000	0.000000	0.000000	0.000000	0.000000	0.000000	0.000000	17.593857	0.000000	0.000000	0.000000
1764624637.152392864	0.000000	0.000000	0.021697	0.000000	0.000000	0.000000	0.000000	0.000000	-0.127338	0.000000	0.000000	0.000000	0.000000	0.000000	0.000000	0.000000	0.000000	0.000000	0.000000	0.000000	17.593857	0.000000	0.000000	0.000000
1764624637.159776926	0.000000	0.000000	0.117501	0.000000	0.000000	0.000000	0.000000	0.000000	-0.127338	0.000000	0.000000	0.000000	0.000000	0.000000	0.000000	0.000000	0.000000	0.000000	0.000000	0.000000	17.593857	0.000000	0.000000	0.000000
1764624637.170007706	0.000000	0.000000	0.005255	0.000000	0.000000	0.000000	0.000000	0.000000	-0.127338	0.000000	0.000000	0.000000	0.000000	0.000000	0.000000	0.000000	0.000000	0.000000	0.000000	0.000000	17.593857	0.000000	0.000000	0.000000
1764624637.189901590	0.000000	0.000000	0.110195	0.000000	0.000000	0.000000	0.000000	0.000000	-0.127338	0.000000	0.000000	0.000000	0.000000	0.000000	0.000000	0.000000	0.000000	0.000000	0.000000	0.000000	17.593857	0.000000	0.000000	0.000000
1764624637.190895796	0.000000	0.000000	0.043824	0.000000	0.000000	0.000000	0.000000	0.000000	-0.127338	0.000000	0.000000	0.000000	0.000000	0.000000	0.000000	0.000000	0.000000	0.000000	0.000000	0.000000	17.593857	0.000000	0.000000	0.000000
1764624637.199399948	0.000000	0.000000	0.124792	0.000000	0.000000	0.000000	0.000000	0.000000	-0.127338	0.000000	0.000000	0.000000	0.000000	0.000000	0.000000	0.000000	0.000000	0.000000	0.000000	0.000000	17.593857	0.000000	0.000000	0.000000
1764624637.221489191	0.000000	0.000000	0.082580	0.000000	0.000000	0.000000	0.000000	0.000000	-0.093287	0.000000	0.000000	0.000000	0.000000	0.000000	0.000000	0.000000	0.000000	0.000000	0.000000	0.000000	17.593857	0.000000	0.000000	0.000000
1764624637.221508980	0.000000	0.000000	0.078360	0.000000	0.000000	0.000000	0.000000	0.000000	-0.093287	0.000000	0.000000	0.000000	0.000000	0.000000	0.000000	0.000000	0.000000	0.000000	0.000000	0.000000	17.593857	0.000000	0.000000	0.000000
1764624637.228882790	0.000000	0.000000	0.066245	0.000000	0.000000	0.000000	0.000000	0.000000	-0.093287	0.000000	0.000000	0.000000	0.000000	0.000000	0.000000	0.000000	0.000000	0.000000	0.000000	0.000000	17.593857	0.000000	0.000000	0.000000
1764624637.242405653	0.000000	0.000000	0.053206	0.000000	0.000000	0.000000	0.000000	0.000000	-0.093287	0.000000	0.000000	0.000000	0.000000	0.000000	0.000000	0.000000	0.000000	0.000000	0.000000	0.000000	17.593857	0.000000	0.000000	0.000000
1764624637.248816967	0.000000	0.000000	0.091948	0.000000	0.000000	0.000000	0.000000	0.000000	-0.093287	0.000000	0.000000	0.000000	0.000000	0.000000	0.000000	0.000000	0.000000	0.000000	0.000000	0.000000	17.593857	0.000000	0.000000	0.000000
1764624637.271611691	0.000000	0.000000	0.070585	0.000000	0.000000	0.000000	0.000000	0.000000	-0.093287	0.000000	0.000000	0.000000	0.000000	0.000000	0.000000	0.000000	0.000000	0.000000	0.000000	0.000000	17.593857	0.000000	0.000000	0.000000
1764624637.273000717	0.000000	0.000000	0.074609	0.000000	0.000000	0.000000	0.000000	0.000000	-0.093287	0.000000	0.000000	0.000000	0.000000	0.000000	0.000000	0.000000	0.000000	0.000000	0.000000	0.000000	17.593857	0.000000	0.000000	0.000000
1764624637.278906822	0.000000	0.000000	0.073143	0.000000	0.000000	0.000000	0.000000	0.000000	-0.093287	0.000000	0.000000	0.000000	0.000000	0.000000	0.000000	0.000000	0.000000	0.000000	0.000000	0.000000	17.593857	0.000000	0.000000	0.000000
1764624637.300297260	0.000000	0.000000	0.078515	0.000000	0.000000	0.000000	0.000000	0.000000	-0.093287	0.000000	0.000000	0.000000	0.000000	0.000000	0.000000	0.000000	0.000000	0.000000	0.000000	0.000000	17.593857	0.000000	0.000000	0.000000
1764624637.302064419	0.000000	0.000000	0.077276	0.000000	0.000000	0.000000	0.000000	0.000000	-0.093287	0.000000	0.000000	0.000000	0.000000	0.000000	0.000000	0.000000	0.000000	0.000000	0.000000	0.000000	17.593857	0.000000	0.000000	0.000000
1764624637.309051991	0.000000	0.000000	0.094966	0.000000	0.000000	0.000000	0.000000	0.000000	-0.093287	0.000000	0.000000	0.000000	0.000000	0.000000	0.000000	0.000000	0.000000	0.000000	0.000000	0.000000	17.593857	0.000000	0.000000	0.000000
1764624637.318710089	0.000000	0.000000	0.074683	0.000000	0.000000	0.000000	0.000000	0.000000	-0.093287	0.000000	0.000000	0.000000	0.000000	0.000000	0.000000	0.000000	0.000000	0.000000	0.000000	0.000000	17.593857	0.000000	0.000000	0.000000
1764624637.328840733	0.000000	0.000000	0.067313	0.000000	0.000000	0.000000	0.000000	0.000000	-0.093287	0.000000	0.000000	0.000000	0.000000	0.000000	0.000000	0.000000	0.000000	0.000000	0.000000	0.000000	17.593857	0.000000	0.000000	0.000000
1764624637.343121767	0.000000	0.000000	0.090359	0.000000	0.000000	0.000000	0.000000	0.000000	-0.093287	0.000000	0.000000	0.000000	0.000000	0.000000	0.000000	0.000000	0.000000	0.000000	0.000000	0.000000	17.593857	0.000000	0.000000	0.000000
1764624637.348779202	0.000000	0.000000	0.065996	0.000000	0.000000	0.000000	0.000000	0.000000	-0.093287	0.000000	0.000000	0.000000	0.000000	0.000000	0.000000	0.000000	0.000000	0.000000	0.000000	0.000000	17.593857	0.000000	0.000000	0.000000
1764624637.359375477	0.000000	0.000000	0.099141	0.000000	0.000000	0.000000	0.000000	0.000000	-0.093287	0.000000	0.000000	0.000000	0.000000	0.000000	0.000000	0.000000	0.000000	0.000000	0.000000	0.000000	17.593857	0.000000	0.000000	0.000000
1764624637.378226280	0.000000	0.000000	0.080358	0.000000	0.000000	0.000000	0.000000	0.000000	-0.093287	0.000000	0.000000	0.000000	0.000000	0.000000	0.000000	0.000000	0.000000	0.000000	0.000000	0.000000	17.593857	0.000000	0.000000	0.000000
1764624637.378247261	0.000000	0.000000	0.107747	0.000000	0.000000	0.000000	0.000000	0.000000	-0.093287	0.000000	0.000000	0.000000	0.000000	0.000000	0.000000	0.000000	0.000000	0.000000	0.000000	0.000000	17.593857	0.000000	0.000000	0.000000
1764624637.389563084	0.000000	0.000000	0.126687	0.000000	0.000000	0.000000	0.000000	0.000000	-0.093287	0.000000	0.000000	0.000000	0.000000	0.000000	0.000000	0.000000	0.000000	0.000000	0.000000	0.000000	17.593857	0.000000	0.000000	0.000000
1764624637.399574041	0.000000	0.000000	0.038955	0.000000	0.000000	0.000000	0.000000	0.000000	-0.093287	0.000000	0.000000	0.000000	0.000000	0.000000	0.000000	0.000000	0.000000	0.000000	0.000000	0.000000	17.593857	0.000000	0.000000	0.000000
1764624637.420078278	0.000000	0.000000	0.079114	0.000000	0.000000	0.000000	0.000000	0.000000	-0.093287	0.000000	0.000000	0.000000	0.000000	0.000000	0.000000	0.000000	0.000000	0.000000	0.000000	0.000000	17.593857	0.000000	0.000000	0.000000
1764624637.420086145	0.000000	0.000000	0.079580	0.000000	0.000000	0.000000	0.000000	0.000000	-0.093287	0.000000	0.000000	0.000000	0.000000	0.000000	0.000000	0.000000	0.000000	0.000000	0.000000	0.000000	17.593857	0.000000	0.000000	0.000000
1764624637.428170204	0.000000	0.000000	0.058819	0.000000	0.000000	0.000000	0.000000	0.000000	-0.093287	0.000000	0.000000	0.000000	0.000000	0.000000	0.000000	0.000000	0.000000	0.000000	0.000000	0.000000	17.593857	0.000000	0.000000	0.000000
1764624637.439244986	0.000000	0.000000	0.118845	0.000000	0.000000	0.000000	0.000000	0.000000	-0.093287	0.000000	0.000000	0.000000	0.000000	0.000000	0.000000	0.000000	0.000000	0.000000	0.000000	0.000000	17.593857	0.000000	0.000000	0.000000
1764624637.464315414	0.000000	0.000000	0.062399	0.000000	0.000000	0.000000	0.000000	0.000000	-0.061331	0.000000	0.000000	0.000000	0.000000	0.000000	0.000000	0.000000	0.000000	0.000000	0.000000	0.000000	17.593857	0.000000	0.000000	0.000000
1764624637.464326859	0.000000	0.000000	0.035283	0.000000	0.000000	0.000000	0.000000	0.000000	-0.061331	0.000000	0.000000	0.000000	0.000000	0.000000	0.000000	0.000000	0.000000	0.000000	0.000000	0.000000	17.593857	0.000000	0.000000	0.000000
1764624637.469133854	0.000000	0.000000	0.158768	0.000000	0.000000	0.000000	0.000000	0.000000	-0.061331	0.000000	0.000000	0.000000	0.000000	0.000000	0.000000	0.000000	0.000000	0.000000	0.000000	0.000000	17.593857	0.000000	0.000000	0.000000
1764624637.479653597	0.000000	0.000000	0.078627	0.000000	0.000000	0.000000	0.000000	0.000000	-0.061331	0.000000	0.000000	0.000000	0.000000	0.000000	0.000000	0.000000	0.000000	0.000000	0.000000	0.000000	17.593857	0.000000	0.000000	0.000000
1764624637.501571655	0.000000	0.000000	0.096517	0.000000	0.000000	0.000000	0.000000	0.000000	-0.061331	0.000000	0.000000	0.000000	0.000000	0.000000	0.000000	0.000000	0.000000	0.000000	0.000000	0.000000	17.593857	0.000000	0.000000	0.000000
1764624637.501588821	0.000000	0.000000	0.082994	0.000000	0.000000	0.000000	0.000000	0.000000	-0.061331	0.000000	0.000000	0.000000	0.000000	0.000000	0.000000	0.000000	0.000000	0.000000	0.000000	0.000000	17.593857	0.000000	0.000000	0.000000
1764624637.509356976	0.000000	0.000000	0.045291	0.000000	0.000000	0.000000	0.000000	0.000000	-0.061331	0.000000	0.000000	0.000000	0.000000	0.000000	0.000000	0.000000	0.000000	0.000000	0.000000	0.000000	17.593857	0.000000	0.000000	0.000000
1764624637.518534660	0.000000	0.000000	0.083374	0.000000	0.000000	0.000000	0.000000	0.000000	-0.061331	0.000000	0.000000	0.000000	0.000000	0.000000	0.000000	0.000000	0.000000	0.000000	0.000000	0.000000	17.593857	0.000000	0.000000	0.000000
1764624637.540755510	0.000000	0.000000	0.108974	0.000000	0.000000	0.000000	0.000000	0.000000	-0.061331	0.000000	0.000000	0.000000	0.000000	0.000000	0.000000	0.000000	0.000000	0.000000	0.000000	0.000000	17.593857	0.000000	0.000000	0.000000
1764624637.540768147	0.000000	0.000000	0.033834	0.000000	0.000000	0.000000	0.000000	0.000000	-0.061331	0.000000	0.000000	0.000000	0.000000	0.000000	0.000000	0.000000	0.000000	0.000000	0.000000	0.000000	17.593857	0.000000	0.000000	0.000000
1764624637.549122572	0.000000	0.000000	0.153170	0.000000	0.000000	0.000000	0.000000	0.000000	-0.061331	0.000000	0.000000	0.000000	0.000000	0.000000	0.000000	0.000000	0.000000	0.000000	0.000000	0.000000	17.593857	0.000000	0.000000	0.000000
1764624637.559191227	0.000000	0.000000	0.012456	0.000000	0.000000	0.000000	0.000000	0.000000	-0.061331	0.000000	0.000000	0.000000	0.000000	0.000000	0.000000	0.000000	0.000000	0.000000	0.000000	0.000000	17.593857	0.000000	0.000000	0.000000
1764624637.582281351	0.000000	0.000000	0.140024	0.000000	0.000000	0.000000	0.000000	0.000000	-0.061331	0.000000	0.000000	0.000000	0.000000	0.000000	0.000000	0.000000	0.000000	0.000000	0.000000	0.000000	17.593857	0.000000	0.000000	0.000000
1764624637.582299232	0.000000	0.000000	0.067614	0.000000	0.000000	0.000000	0.000000	0.000000	-0.061331	0.000000	0.000000	0.000000	0.000000	0.000000	0.000000	0.000000	0.000000	0.000000	0.000000	0.000000	17.593857	0.000000	0.000000	0.000000
1764624637.588940144	0.000000	0.000000	0.070525	0.000000	0.000000	0.000000	0.000000	0.000000	-0.061331	0.000000	0.000000	0.000000	0.000000	0.000000	0.000000	0.000000	0.000000	0.000000	0.000000	0.000000	17.593857	0.000000	0.000000	0.000000
1764624637.599042416	0.000000	0.000000	0.090818	0.000000	0.000000	0.000000	0.000000	0.000000	-0.061331	0.000000	0.000000	0.000000	0.000000	0.000000	0.000000	0.000000	0.000000	0.000000	0.000000	0.000000	17.593857	0.000000	0.000000	0.000000
1764624637.609634638	0.000000	0.000000	0.094257	0.000000	0.000000	0.000000	0.000000	0.000000	-0.061331	0.000000	0.000000	0.000000	0.000000	0.000000	0.000000	0.000000	0.000000	0.000000	0.000000	0.000000	17.593857	0.000000	0.000000	0.000000
1764624637.632664680	0.000000	0.000000	0.024095	0.000000	0.000000	0.000000	0.000000	0.000000	-0.061331	0.000000	0.000000	0.000000	0.000000	0.000000	0.000000	0.000000	0.000000	0.000000	0.000000	0.000000	17.593857	0.000000	0.000000	0.000000
1764624637.634137392	0.000000	0.000000	0.146392	0.000000	0.000000	0.000000	0.000000	0.000000	-0.061331	0.000000	0.000000	0.000000	0.000000	0.000000	0.000000	0.000000	0.000000	0.000000	0.000000	0.000000	17.593857	0.000000	0.000000	0.000000
1764624637.639384985	0.000000	0.000000	0.030941	0.000000	0.000000	0.000000	0.000000	0.000000	-0.061331	0.000000	0.000000	0.000000	0.000000	0.000000	0.000000	0.000000	0.000000	0.000000	0.000000	0.000000	17.593857	0.000000	0.000000	0.000000
1764624637.655048132	0.000000	0.000000	0.152309	0.000000	0.000000	0.000000	0.000000	0.000000	-0.061331	0.000000	0.000000	0.000000	0.000000	0.000000	0.000000	0.000000	0.000000	0.000000	0.000000	0.000000	17.593857	0.000000	0.000000	0.000000
1764624637.658622503	0.000000	0.000000	0.053388	0.000000	0.000000	0.000000	0.000000	0.000000	-0.061331	0.000000	0.000000	0.000000	0.000000	0.000000	0.000000	0.000000	0.000000	0.000000	0.000000	0.000000	17.593857	0.000000	0.000000	0.000000
1764624637.669544697	0.000000	0.000000	0.098058	0.000000	0.000000	0.000000	0.000000	0.000000	-0.061331	0.000000	0.000000	0.000000	0.000000	0.000000	0.000000	0.000000	0.000000	0.000000	0.000000	0.000000	17.593857	0.000000	0.000000	0.000000
1764624637.679162264	0.000000	0.000000	0.073844	0.000000	0.000000	0.000000	0.000000	0.000000	-0.061331	0.000000	0.000000	0.000000	0.000000	0.000000	0.000000	0.000000	0.000000	0.000000	0.000000	0.000000	17.593857	0.000000	0.000000	0.000000
1764624637.689772844	0.000000	0.000000	0.069561	0.000000	0.000000	0.000000	0.000000	0.000000	-0.061331	0.000000	0.000000	0.000000	0.000000	0.000000	0.000000	0.000000	0.000000	0.000000	0.000000	0.000000	17.593857	0.000000	0.000000	0.000000
1764624637.713002682	0.000000	0.000000	0.094237	0.000000	0.000000	0.000000	0.000000	0.000000	-0.030666	0.000000	0.000000	0.000000	0.000000	0.000000	0.000000	0.000000	0.000000	0.000000	0.000000	0.000000	17.593857	0.000000	0.000000	0.000000
1764624637.713018656	0.000000	0.000000	0.082048	0.000000	0.000000	0.000000	0.000000	0.000000	-0.030666	0.000000	0.000000	0.000000	0.000000	0.000000	0.000000	0.000000	0.000000	0.000000	0.000000	0.000000	17.593857	0.000000	0.000000	0.000000
1764624637.718930244	0.000000	0.000000	0.060706	0.000000	0.000000	0.000000	0.000000	0.000000	-0.030666	0.000000	0.000000	0.000000	0.000000	0.000000	0.000000	0.000000	0.000000	0.000000	0.000000	0.000000	17.593857	0.000000	0.000000	0.000000
1764624637.742539167	0.000000	0.000000	0.095093	0.000000	0.000000	0.000000	0.000000	0.000000	-0.030666	0.000000	0.000000	0.000000	0.000000	0.000000	0.000000	0.000000	0.000000	0.000000	0.000000	0.000000	17.593857	0.000000	0.000000	0.000000
1764624637.742555618	0.000000	0.000000	0.084816	0.000000	0.000000	0.000000	0.000000	0.000000	-0.030666	0.000000	0.000000	0.000000	0.000000	0.000000	0.000000	0.000000	0.000000	0.000000	0.000000	0.000000	17.593857	0.000000	0.000000	0.000000
1764624637.748803139	0.000000	0.000000	0.018493	0.000000	0.000000	0.000000	0.000000	0.000000	-0.030666	0.000000	0.000000	0.000000	0.000000	0.000000	0.000000	0.000000	0.000000	0.000000	0.000000	0.000000	17.593857	0.000000	0.000000	0.000000
1764624637.758965015	0.000000	0.000000	0.125225	0.000000	0.000000	0.000000	0.000000	0.000000	-0.030666	0.000000	0.000000	0.000000	0.000000	0.000000	0.000000	0.000000	0.000000	0.000000	0.000000	0.000000	17.593857	0.000000	0.000000	0.000000
1764624637.769466877	0.000000	0.000000	0.037297	0.000000	0.000000	0.000000	0.000000	0.000000	-0.030666	0.000000	0.000000	0.000000	0.000000	0.000000	0.000000	0.000000	0.000000	0.000000	0.000000	0.000000	17.593857	0.000000	0.000000	0.000000
1764624637.792410135	0.000000	0.000000	0.077250	0.000000	0.000000	0.000000	0.000000	0.000000	-0.030666	0.000000	0.000000	0.000000	0.000000	0.000000	0.000000	0.000000	0.000000	0.000000	0.000000	0.000000	17.593857	0.000000	0.000000	0.000000
1764624637.792429209	0.000000	0.000000	0.091386	0.000000	0.000000	0.000000	0.000000	0.000000	-0.030666	0.000000	0.000000	0.000000	0.000000	0.000000	0.000000	0.000000	0.000000	0.000000	0.000000	0.000000	17.593857	0.000000	0.000000	0.000000
1764624637.798845530	0.000000	0.000000	0.054754	0.000000	0.000000	0.000000	0.000000	0.000000	-0.030666	0.000000	0.000000	0.000000	0.000000	0.000000	0.000000	0.000000	0.000000	0.000000	0.000000	0.000000	17.593857	0.000000	0.000000	0.000000
1764624637.809746265	0.000000	0.000000	0.069867	0.000000	0.000000	0.000000	0.000000	0.000000	-0.030666	0.000000	0.000000	0.000000	0.000000	0.000000	0.000000	0.000000	0.000000	0.000000	0.000000	0.000000	17.593857	0.000000	0.000000	0.000000
1764624637.832264185	0.000000	0.000000	0.130306	0.000000	0.000000	0.000000	0.000000	0.000000	-0.030666	0.000000	0.000000	0.000000	0.000000	0.000000	0.000000	0.000000	0.000000	0.000000	0.000000	0.000000	17.593857	0.000000	0.000000	0.000000
1764624637.832278490	0.000000	0.000000	0.031230	0.000000	0.000000	0.000000	0.000000	0.000000	-0.030666	0.000000	0.000000	0.000000	0.000000	0.000000	0.000000	0.000000	0.000000	0.000000	0.000000	0.000000	17.593857	0.000000	0.000000	0.000000
1764624637.838886738	0.000000	0.000000	0.089959	0.000000	0.000000	0.000000	0.000000	0.000000	-0.030666	0.000000	0.000000	0.000000	0.000000	0.000000	0.000000	0.000000	0.000000	0.000000	0.000000	0.000000	17.593857	0.000000	0.000000	0.000000
1764624637.862892151	0.000000	0.000000	0.102613	0.000000	0.000000	0.000000	0.000000	0.000000	-0.030666	0.000000	0.000000	0.000000	0.000000	0.000000	0.000000	0.000000	0.000000	0.000000	0.000000	0.000000	17.593857	0.000000	0.000000	0.000000
1764624637.862917662	0.000000	0.000000	0.049861	0.000000	0.000000	0.000000	0.000000	0.000000	-0.030666	0.000000	0.000000	0.000000	0.000000	0.000000	0.000000	0.000000	0.000000	0.000000	0.000000	0.000000	17.593857	0.000000	0.000000	0.000000
1764624637.869263649	0.000000	0.000000	0.066085	0.000000	0.000000	0.000000	0.000000	0.000000	-0.030666	0.000000	0.000000	0.000000	0.000000	0.000000	0.000000	0.000000	0.000000	0.000000	0.000000	0.000000	17.593857	0.000000	0.000000	0.000000
1764624637.879270554	0.000000	0.000000	0.062932	0.000000	0.000000	0.000000	0.000000	0.000000	-0.030666	0.000000	0.000000	0.000000	0.000000	0.000000	0.000000	0.000000	0.000000	0.000000	0.000000	0.000000	17.593857	0.000000	0.000000	0.000000
1764624637.889775276	0.000000	0.000000	0.097504	0.000000	0.000000	0.000000	0.000000	0.000000	-0.030666	0.000000	0.000000	0.000000	0.000000	0.000000	0.000000	0.000000	0.000000	0.000000	0.000000	0.000000	17.593857	0.000000	0.000000	0.000000
1764624637.913195848	0.000000	0.000000	0.072563	0.000000	0.000000	0.000000	0.000000	0.000000	-0.030666	0.000000	0.000000	0.000000	0.000000	0.000000	0.000000	0.000000	0.000000	0.000000	0.000000	0.000000	17.593857	0.000000	0.000000	0.000000
1764624637.916473866	0.000000	0.000000	0.055778	0.000000	0.000000	0.000000	0.000000	0.000000	-0.030666	0.000000	0.000000	0.000000	0.000000	0.000000	0.000000	0.000000	0.000000	0.000000	0.000000	0.000000	17.593857	0.000000	0.000000	0.000000
1764624637.918483257	0.000000	0.000000	0.063961	0.000000	0.000000	0.000000	0.000000	0.000000	-0.030666	0.000000	0.000000	0.000000	0.000000	0.000000	0.000000	0.000000	0.000000	0.000000	0.000000	0.000000	17.593857	0.000000	0.000000	0.000000
1764624637.937838078	0.000000	0.000000	0.070136	0.000000	0.000000	0.000000	0.000000	0.000000	-0.030666	0.000000	0.000000	0.000000	0.000000	0.000000	0.000000	0.000000	0.000000	0.000000	0.000000	0.000000	17.593857	0.000000	0.000000	0.000000
1764624637.938985825	0.000000	0.000000	0.047031	0.000000	0.000000	0.000000	0.000000	0.000000	-0.030666	0.000000	0.000000	0.000000	0.000000	0.000000	0.000000	0.000000	0.000000	0.000000	0.000000	0.000000	17.593857	0.000000	0.000000	0.000000
1764624637.949647188	0.000000	0.000000	0.058759	0.000000	0.000000	0.000000	0.000000	0.000000	-0.030666	0.000000	0.000000	0.000000	0.000000	0.000000	0.000000	0.000000	0.000000	0.000000	0.000000	0.000000	17.593857	0.000000	0.000000	0.000000
1764624637.959804773	0.000000	0.000000	0.096450	0.000000	0.000000	0.000000	0.000000	0.000000	-0.003818	0.000000	0.000000	0.000000	0.000000	0.000000	0.000000	0.000000	0.000000	0.000000	0.000000	0.000000	17.593857	0.000000	0.000000	0.000000
1764624637.969317913	0.000000	0.000000	0.051101	0.000000	0.000000	0.000000	0.000000	0.000000	-0.003818	0.000000	0.000000	0.000000	0.000000	0.000000	0.000000	0.000000	0.000000	0.000000	0.000000	0.000000	17.593857	0.000000	0.000000	0.000000
1764624637.988161564	0.000000	0.000000	0.078834	0.000000	0.000000	0.000000	0.000000	0.000000	-0.003818	0.000000	0.000000	0.000000	0.000000	0.000000	0.000000	0.000000	0.000000	0.000000	0.000000	0.000000	17.593857	0.000000	0.000000	0.000000
1764624637.989424229	0.000000	0.000000	0.052205	0.000000	0.000000	0.000000	0.000000	0.000000	-0.003818	0.000000	0.000000	0.000000	0.000000	0.000000	0.000000	0.000000	0.000000	0.000000	0.000000	0.000000	17.593857	0.000000	0.000000	0.000000
1764624637.997766972	0.000000	0.000000	0.089158	0.000000	0.000000	0.000000	0.000000	0.000000	-0.003818	0.000000	0.000000	0.000000	0.000000	0.000000	0.000000	0.000000	0.000000	0.000000	0.000000	0.000000	17.593857	0.000000	0.000000	0.000000
1764624638.021989584	0.000000	0.000000	0.040693	0.000000	0.000000	0.000000	0.000000	0.000000	-0.003818	0.000000	0.000000	0.000000	0.000000	0.000000	0.000000	0.000000	0.000000	0.000000	0.000000	0.000000	17.593857	0.000000	0.000000	0.000000
1764624638.021998882	0.000000	0.000000	0.075777	0.000000	0.000000	0.000000	0.000000	0.000000	-0.003818	0.000000	0.000000	0.000000	0.000000	0.000000	0.000000	0.000000	0.000000	0.000000	0.000000	0.000000	17.593857	0.000000	0.000000	0.000000
1764624638.029037476	0.000000	0.000000	0.018959	0.000000	0.000000	0.000000	0.000000	0.000000	-0.003818	0.000000	0.000000	0.000000	0.000000	0.000000	0.000000	0.000000	0.000000	0.000000	0.000000	0.000000	17.593857	0.000000	0.000000	0.000000
1764624638.039657831	0.000000	0.000000	0.087824	0.000000	0.000000	0.000000	0.000000	0.000000	-0.003818	0.000000	0.000000	0.000000	0.000000	0.000000	0.000000	0.000000	0.000000	0.000000	0.000000	0.000000	17.593857	0.000000	0.000000	0.000000
1764624638.049248934	0.000000	0.000000	0.093882	0.000000	0.000000	0.000000	0.000000	0.000000	-0.003818	0.000000	0.000000	0.000000	0.000000	0.000000	0.000000	0.000000	0.000000	0.000000	0.000000	0.000000	17.593857	0.000000	0.000000	0.000000
1764624638.073945761	0.000000	0.000000	0.094385	0.000000	0.000000	0.000000	0.000000	0.000000	-0.003818	0.000000	0.000000	0.000000	0.000000	0.000000	0.000000	0.000000	0.000000	0.000000	0.000000	0.000000	17.593857	0.000000	0.000000	0.000000
1764624638.075914621	0.000000	0.000000	0.053542	0.000000	0.000000	0.000000	0.000000	0.000000	-0.003818	0.000000	0.000000	0.000000	0.000000	0.000000	0.000000	0.000000	0.000000	0.000000	0.000000	0.000000	17.593857	0.000000	0.000000	0.000000
1764624638.079940796	0.000000	0.000000	0.069738	0.000000	0.000000	0.000000	0.000000	0.000000	-0.003818	0.000000	0.000000	0.000000	0.000000	0.000000	0.000000	0.000000	0.000000	0.000000	0.000000	0.000000	17.593857	0.000000	0.000000	0.000000
1764624638.089364529	0.000000	0.000000	0.060077	0.000000	0.000000	0.000000	0.000000	0.000000	-0.003818	0.000000	0.000000	0.000000	0.000000	0.000000	0.000000	0.000000	0.000000	0.000000	0.000000	0.000000	17.593857	0.000000	0.000000	0.000000
1764624638.115380764	0.000000	0.000000	0.080810	0.000000	0.000000	0.000000	0.000000	0.000000	-0.003818	0.000000	0.000000	0.000000	0.000000	0.000000	0.000000	0.000000	0.000000	0.000000	0.000000	0.000000	17.593857	0.000000	0.000000	0.000000
1764624638.115396738	0.000000	0.000000	0.021042	0.000000	0.000000	0.000000	0.000000	0.000000	-0.003818	0.000000	0.000000	0.000000	0.000000	0.000000	0.000000	0.000000	0.000000	0.000000	0.000000	0.000000	17.593857	0.000000	0.000000	0.000000
1764624638.118737698	0.000000	0.000000	0.080832	0.000000	0.000000	0.000000	0.000000	0.000000	-0.003818	0.000000	0.000000	0.000000	0.000000	0.000000	0.000000	0.000000	0.000000	0.000000	0.000000	0.000000	17.593857	0.000000	0.000000	0.000000
1764624638.136300087	0.000000	0.000000	0.086725	0.000000	0.000000	0.000000	0.000000	0.000000	-0.003818	0.000000	0.000000	0.000000	0.000000	0.000000	0.000000	0.000000	0.000000	0.000000	0.000000	0.000000	17.593857	0.000000	0.000000	0.000000
1764624638.138340950	0.000000	0.000000	0.049748	0.000000	0.000000	0.000000	0.000000	0.000000	-0.003818	0.000000	0.000000	0.000000	0.000000	0.000000	0.000000	0.000000	0.000000	0.000000	0.000000	0.000000	17.593857	0.000000	0.000000	0.000000
1764624638.148964405	0.000000	0.000000	0.067047	0.000000	0.000000	0.000000	0.000000	0.000000	-0.003818	0.000000	0.000000	0.000000	0.000000	0.000000	0.000000	0.000000	0.000000	0.000000	0.000000	0.000000	17.593857	0.000000	0.000000	0.000000
1764624638.158741474	0.000000	0.000000	0.042768	0.000000	0.000000	0.000000	0.000000	0.000000	-0.003818	0.000000	0.000000	0.000000	0.000000	0.000000	0.000000	0.000000	0.000000	0.000000	0.000000	0.000000	17.593857	0.000000	0.000000	0.000000
1764624638.168984890	0.000000	0.000000	0.040756	0.000000	0.000000	0.000000	0.000000	0.000000	-0.003818	0.000000	0.000000	0.000000	0.000000	0.000000	0.000000	0.000000	0.000000	0.000000	0.000000	0.000000	17.593857	0.000000	0.000000	0.000000
1764624638.192132473	0.000000	0.000000	0.078728	0.000000	0.000000	0.000000	0.000000	0.000000	-0.003818	0.000000	0.000000	0.000000	0.000000	0.000000	0.000000	0.000000	0.000000	0.000000	0.000000	0.000000	17.593857	0.000000	0.000000	0.000000
1764624638.193423748	0.000000	0.000000	0.037635	0.000000	0.000000	0.000000	0.000000	0.000000	-0.003818	0.000000	0.000000	0.000000	0.000000	0.000000	0.000000	0.000000	0.000000	0.000000	0.000000	0.000000	17.593857	0.000000	0.000000	0.000000
1764624638.198606730	0.000000	0.000000	0.100103	0.000000	0.000000	0.000000	0.000000	0.000000	-0.003818	0.000000	0.000000	0.000000	0.000000	0.000000	0.000000	0.000000	0.000000	0.000000	0.000000	0.000000	17.593857	0.000000	0.000000	0.000000
1764624638.220260143	0.000000	0.000000	0.016198	0.000000	0.000000	0.000000	0.000000	0.000000	0.022044	0.000000	0.000000	0.000000	0.000000	0.000000	0.000000	0.000000	0.000000	0.000000	0.000000	0.000000	17.593857	0.000000	0.000000	0.000000
1764624638.220271587	0.000000	0.000000	0.070513	0.000000	0.000000	0.000000	0.000000	0.000000	0.022044	0.000000	0.000000	0.000000	0.000000	0.000000	0.000000	0.000000	0.000000	0.000000	0.000000	0.000000	17.593857	0.000000	0.000000	0.000000
1764624638.228694439	0.000000	0.000000	0.068703	0.000000	0.000000	0.000000	0.000000	0.000000	0.022044	0.000000	0.000000	0.000000	0.000000	0.000000	0.000000	0.000000	0.000000	0.000000	0.000000	0.000000	17.593857	0.000000	0.000000	0.000000
1764624638.238850117	0.000000	0.000000	0.044820	0.000000	0.000000	0.000000	0.000000	0.000000	0.022044	0.000000	0.000000	0.000000	0.000000	0.000000	0.000000	0.000000	0.000000	0.000000	0.000000	0.000000	17.593857	0.000000	0.000000	0.000000
1764624638.249010086	0.000000	0.000000	0.111171	0.000000	0.000000	0.000000	0.000000	0.000000	0.022044	0.000000	0.000000	0.000000	0.000000	0.000000	0.000000	0.000000	0.000000	0.000000	0.000000	0.000000	17.593857	0.000000	0.000000	0.000000
1764624638.274633169	0.000000	0.000000	0.046997	0.000000	0.000000	0.000000	0.000000	0.000000	0.022044	0.000000	0.000000	0.000000	0.000000	0.000000	0.000000	0.000000	0.000000	0.000000	0.000000	0.000000	17.593857	0.000000	0.000000	0.000000
1764624638.274644852	0.000000	0.000000	0.016839	0.000000	0.000000	0.000000	0.000000	0.000000	0.022044	0.000000	0.000000	0.000000	0.000000	0.000000	0.000000	0.000000	0.000000	0.000000	0.000000	0.000000	17.593857	0.000000	0.000000	0.000000
1764624638.279365540	0.000000	0.000000	0.128862	0.000000	0.000000	0.000000	0.000000	0.000000	0.022044	0.000000	0.000000	0.000000	0.000000	0.000000	0.000000	0.000000	0.000000	0.000000	0.000000	0.000000	17.593857	0.000000	0.000000	0.000000
1764624638.302977562	0.000000	0.000000	-0.001516	0.000000	0.000000	0.000000	0.000000	0.000000	0.022044	0.000000	0.000000	0.000000	0.000000	0.000000	0.000000	0.000000	0.000000	0.000000	0.000000	0.000000	17.593857	0.000000	0.000000	0.000000
1764624638.304887056	0.000000	0.000000	0.046617	0.000000	0.000000	0.000000	0.000000	0.000000	0.022044	0.000000	0.000000	0.000000	0.000000	0.000000	0.000000	0.000000	0.000000	0.000000	0.000000	0.000000	17.593857	0.000000	0.000000	0.000000
1764624638.309055567	0.000000	0.000000	0.061486	0.000000	0.000000	0.000000	0.000000	0.000000	0.022044	0.000000	0.000000	0.000000	0.000000	0.000000	0.000000	0.000000	0.000000	0.000000	0.000000	0.000000	17.593857	0.000000	0.000000	0.000000
1764624638.318429708	0.000000	0.000000	0.038000	0.000000	0.000000	0.000000	0.000000	0.000000	0.022044	0.000000	0.000000	0.000000	0.000000	0.000000	0.000000	0.000000	0.000000	0.000000	0.000000	0.000000	17.593857	0.000000	0.000000	0.000000
1764624638.344567299	0.000000	0.000000	0.080024	0.000000	0.000000	0.000000	0.000000	0.000000	0.022044	0.000000	0.000000	0.000000	0.000000	0.000000	0.000000	0.000000	0.000000	0.000000	0.000000	0.000000	17.593857	0.000000	0.000000	0.000000
1764624638.348202944	0.000000	0.000000	0.056297	0.000000	0.000000	0.000000	0.000000	0.000000	0.022044	0.000000	0.000000	0.000000	0.000000	0.000000	0.000000	0.000000	0.000000	0.000000	0.000000	0.000000	17.593857	0.000000	0.000000	0.000000
1764624638.349580288	0.000000	0.000000	0.054551	0.000000	0.000000	0.000000	0.000000	0.000000	0.022044	0.000000	0.000000	0.000000	0.000000	0.000000	0.000000	0.000000	0.000000	0.000000	0.000000	0.000000	17.593857	0.000000	0.000000	0.000000
1764624638.358787298	0.000000	0.000000	0.033044	0.000000	0.000000	0.000000	0.000000	0.000000	0.022044	0.000000	0.000000	0.000000	0.000000	0.000000	0.000000	0.000000	0.000000	0.000000	0.000000	0.000000	17.593857	0.000000	0.000000	0.000000
1764624638.369220257	0.000000	0.000000	0.071476	0.000000	0.000000	0.000000	0.000000	0.000000	0.022044	0.000000	0.000000	0.000000	0.000000	0.000000	0.000000	0.000000	0.000000	0.000000	0.000000	0.000000	17.593857	0.000000	0.000000	0.000000
1764624638.389161348	0.000000	0.000000	0.018210	0.000000	0.000000	0.000000	0.000000	0.000000	0.022044	0.000000	0.000000	0.000000	0.000000	0.000000	0.000000	0.000000	0.000000	0.000000	0.000000	0.000000	17.593857	0.000000	0.000000	0.000000
1764624638.390304804	0.000000	0.000000	0.102253	0.000000	0.000000	0.000000	0.000000	0.000000	0.022044	0.000000	0.000000	0.000000	0.000000	0.000000	0.000000	0.000000	0.000000	0.000000	0.000000	0.000000	17.593857	0.000000	0.000000	0.000000
1764624638.399059296	0.000000	0.000000	0.037225	0.000000	0.000000	0.000000	0.000000	0.000000	0.022044	0.000000	0.000000	0.000000	0.000000	0.000000	0.000000	0.000000	0.000000	0.000000	0.000000	0.000000	17.593857	0.000000	0.000000	0.000000
1764624638.418676376	0.000000	0.000000	0.054247	0.000000	0.000000	0.000000	0.000000	0.000000	0.022044	0.000000	0.000000	0.000000	0.000000	0.000000	0.000000	0.000000	0.000000	0.000000	0.000000	0.000000	17.593857	0.000000	0.000000	0.000000
1764624638.418686867	0.000000	0.000000	0.056276	0.000000	0.000000	0.000000	0.000000	0.000000	0.022044	0.000000	0.000000	0.000000	0.000000	0.000000	0.000000	0.000000	0.000000	0.000000	0.000000	0.000000	17.593857	0.000000	0.000000	0.000000
1764624638.428677559	0.000000	0.000000	0.058716	0.000000	0.000000	0.000000	0.000000	0.000000	0.022044	0.000000	0.000000	0.000000	0.000000	0.000000	0.000000	0.000000	0.000000	0.000000	0.000000	0.000000	17.593857	0.000000	0.000000	0.000000
1764624638.438724518	0.000000	0.000000	0.034465	0.000000	0.000000	0.000000	0.000000	0.000000	0.022044	0.000000	0.000000	0.000000	0.000000	0.000000	0.000000	0.000000	0.000000	0.000000	0.000000	0.000000	17.593857	0.000000	0.000000	0.000000
1764624638.465287685	0.000000	0.000000	0.039316	0.000000	0.000000	0.000000	0.000000	0.000000	0.022044	0.000000	0.000000	0.000000	0.000000	0.000000	0.000000	0.000000	0.000000	0.000000	0.000000	0.000000	17.593857	0.000000	0.000000	0.000000
1764624638.465299845	0.000000	0.000000	0.030399	0.000000	0.000000	0.000000	0.000000	0.000000	0.022044	0.000000	0.000000	0.000000	0.000000	0.000000	0.000000	0.000000	0.000000	0.000000	0.000000	0.000000	17.593857	0.000000	0.000000	0.000000
1764624638.469129086	0.000000	0.000000	0.113966	0.000000	0.000000	0.000000	0.000000	0.000000	0.022044	0.000000	0.000000	0.000000	0.000000	0.000000	0.000000	0.000000	0.000000	0.000000	0.000000	0.000000	17.593857	0.000000	0.000000	0.000000
1764624638.479753494	0.000000	0.000000	0.000578	0.000000	0.000000	0.000000	0.000000	0.000000	0.043947	0.000000	0.000000	0.000000	0.000000	0.000000	0.000000	0.000000	0.000000	0.000000	0.000000	0.000000	17.593857	0.000000	0.000000	0.000000
1764624638.500795603	0.000000	0.000000	0.093302	0.000000	0.000000	0.000000	0.000000	0.000000	0.043947	0.000000	0.000000	0.000000	0.000000	0.000000	0.000000	0.000000	0.000000	0.000000	0.000000	0.000000	17.593857	0.000000	0.000000	0.000000
1764624638.502018213	0.000000	0.000000	0.031035	0.000000	0.000000	0.000000	0.000000	0.000000	0.043947	0.000000	0.000000	0.000000	0.000000	0.000000	0.000000	0.000000	0.000000	0.000000	0.000000	0.000000	17.593857	0.000000	0.000000	0.000000
1764624638.509808064	0.000000	0.000000	0.018200	0.000000	0.000000	0.000000	0.000000	0.000000	0.043947	0.000000	0.000000	0.000000	0.000000	0.000000	0.000000	0.000000	0.000000	0.000000	0.000000	0.000000	17.593857	0.000000	0.000000	0.000000
1764624638.518669367	0.000000	0.000000	0.039026	0.000000	0.000000	0.000000	0.000000	0.000000	0.043947	0.000000	0.000000	0.000000	0.000000	0.000000	0.000000	0.000000	0.000000	0.000000	0.000000	0.000000	17.593857	0.000000	0.000000	0.000000
1764624638.529694796	0.000000	0.000000	0.061049	0.000000	0.000000	0.000000	0.000000	0.000000	0.043947	0.000000	0.000000	0.000000	0.000000	0.000000	0.000000	0.000000	0.000000	0.000000	0.000000	0.000000	17.593857	0.000000	0.000000	0.000000
1764624638.554089546	0.000000	0.000000	0.020987	0.000000	0.000000	0.000000	0.000000	0.000000	0.043947	0.000000	0.000000	0.000000	0.000000	0.000000	0.000000	0.000000	0.000000	0.000000	0.000000	0.000000	17.593857	0.000000	0.000000	0.000000
1764624638.555918694	0.000000	0.000000	0.081413	0.000000	0.000000	0.000000	0.000000	0.000000	0.043947	0.000000	0.000000	0.000000	0.000000	0.000000	0.000000	0.000000	0.000000	0.000000	0.000000	0.000000	17.593857	0.000000	0.000000	0.000000
1764624638.559195995	0.000000	0.000000	0.038029	0.000000	0.000000	0.000000	0.000000	0.000000	0.043947	0.000000	0.000000	0.000000	0.000000	0.000000	0.000000	0.000000	0.000000	0.000000	0.000000	0.000000	17.593857	0.000000	0.000000	0.000000
1764624638.569095612	0.000000	0.000000	0.031677	0.000000	0.000000	0.000000	0.000000	0.000000	0.043947	0.000000	0.000000	0.000000	0.000000	0.000000	0.000000	0.000000	0.000000	0.000000	0.000000	0.000000	17.593857	0.000000	0.000000	0.000000
1764624638.594475746	0.000000	0.000000	0.067030	0.000000	0.000000	0.000000	0.000000	0.000000	0.043947	0.000000	0.000000	0.000000	0.000000	0.000000	0.000000	0.000000	0.000000	0.000000	0.000000	0.000000	17.593857	0.000000	0.000000	0.000000
1764624638.597807169	0.000000	0.000000	0.072500	0.000000	0.000000	0.000000	0.000000	0.000000	0.043947	0.000000	0.000000	0.000000	0.000000	0.000000	0.000000	0.000000	0.000000	0.000000	0.000000	0.000000	17.593857	0.000000	0.000000	0.000000
1764624638.599462986	0.000000	0.000000	0.034485	0.000000	0.000000	0.000000	0.000000	0.000000	0.043947	0.000000	0.000000	0.000000	0.000000	0.000000	0.000000	0.000000	0.000000	0.000000	0.000000	0.000000	17.593857	0.000000	0.000000	0.000000
1764624638.618076086	0.000000	0.000000	0.040950	0.000000	0.000000	0.000000	0.000000	0.000000	0.043947	0.000000	0.000000	0.000000	0.000000	0.000000	0.000000	0.000000	0.000000	0.000000	0.000000	0.000000	17.593857	0.000000	0.000000	0.000000
1764624638.625196695	0.000000	0.000000	0.030036	0.000000	0.000000	0.000000	0.000000	0.000000	0.043947	0.000000	0.000000	0.000000	0.000000	0.000000	0.000000	0.000000	0.000000	0.000000	0.000000	0.000000	17.593857	0.000000	0.000000	0.000000
1764624638.628586769	0.000000	0.000000	0.056953	0.000000	0.000000	0.000000	0.000000	0.000000	0.043947	0.000000	0.000000	0.000000	0.000000	0.000000	0.000000	0.000000	0.000000	0.000000	0.000000	0.000000	17.593857	0.000000	0.000000	0.000000
1764624638.638593197	0.000000	0.000000	0.070488	0.000000	0.000000	0.000000	0.000000	0.000000	0.043947	0.000000	0.000000	0.000000	0.000000	0.000000	0.000000	0.000000	0.000000	0.000000	0.000000	0.000000	17.593857	0.000000	0.000000	0.000000
1764624638.649390221	0.000000	0.000000	0.042363	0.000000	0.000000	0.000000	0.000000	0.000000	0.043947	0.000000	0.000000	0.000000	0.000000	0.000000	0.000000	0.000000	0.000000	0.000000	0.000000	0.000000	17.593857	0.000000	0.000000	0.000000
1764624638.669071198	0.000000	0.000000	0.033160	0.000000	0.000000	0.000000	0.000000	0.000000	0.043947	0.000000	0.000000	0.000000	0.000000	0.000000	0.000000	0.000000	0.000000	0.000000	0.000000	0.000000	17.593857	0.000000	0.000000	0.000000
1764624638.674084663	0.000000	0.000000	0.037578	0.000000	0.000000	0.000000	0.000000	0.000000	0.043947	0.000000	0.000000	0.000000	0.000000	0.000000	0.000000	0.000000	0.000000	0.000000	0.000000	0.000000	17.593857	0.000000	0.000000	0.000000
1764624638.678795576	0.000000	0.000000	0.061449	0.000000	0.000000	0.000000	0.000000	0.000000	0.043947	0.000000	0.000000	0.000000	0.000000	0.000000	0.000000	0.000000	0.000000	0.000000	0.000000	0.000000	17.593857	0.000000	0.000000	0.000000
1764624638.689531803	0.000000	0.000000	0.009646	0.000000	0.000000	0.000000	0.000000	0.000000	0.043947	0.000000	0.000000	0.000000	0.000000	0.000000	0.000000	0.000000	0.000000	0.000000	0.000000	0.000000	17.593857	0.000000	0.000000	0.000000
1764624638.707593679	0.000000	0.000000	0.072443	0.000000	0.000000	0.000000	0.000000	0.000000	0.043947	0.000000	0.000000	0.000000	0.000000	0.000000	0.000000	0.000000	0.000000	0.000000	0.000000	0.000000	17.593857	0.000000	0.000000	0.000000
1764624638.709553003	0.000000	0.000000	0.064221	0.000000	0.000000	0.000000	0.000000	0.000000	0.043947	0.000000	0.000000	0.000000	0.000000	0.000000	0.000000	0.000000	0.000000	0.000000	0.000000	0.000000	17.593857	0.000000	0.000000	0.000000
1764624638.718833208	0.000000	0.000000	0.037919	0.000000	0.000000	0.000000	0.000000	0.000000	0.043947	0.000000	0.000000	0.000000	0.000000	0.000000	0.000000	0.000000	0.000000	0.000000	0.000000	0.000000	17.593857	0.000000	0.000000	0.000000
1764624638.728915453	0.000000	0.000000	0.049354	0.000000	0.000000	0.000000	0.000000	0.000000	0.064588	0.000000	0.000000	0.000000	0.000000	0.000000	0.000000	0.000000	0.000000	0.000000	0.000000	0.000000	17.593857	0.000000	0.000000	0.000000
1764624638.746749401	0.000000	0.000000	0.063563	0.000000	0.000000	0.000000	0.000000	0.000000	0.064588	0.000000	0.000000	0.000000	0.000000	0.000000	0.000000	0.000000	0.000000	0.000000	0.000000	0.000000	17.593857	0.000000	0.000000	0.000000
1764624638.748456240	0.000000	0.000000	0.014114	0.000000	0.000000	0.000000	0.000000	0.000000	0.064588	0.000000	0.000000	0.000000	0.000000	0.000000	0.000000	0.000000	0.000000	0.000000	0.000000	0.000000	17.593857	0.000000	0.000000	0.000000
1764624638.759262800	0.000000	0.000000	0.079720	0.000000	0.000000	0.000000	0.000000	0.000000	0.064588	0.000000	0.000000	0.000000	0.000000	0.000000	0.000000	0.000000	0.000000	0.000000	0.000000	0.000000	17.593857	0.000000	0.000000	0.000000
1764624638.784718990	0.000000	0.000000	0.022802	0.000000	0.000000	0.000000	0.000000	0.000000	0.064588	0.000000	0.000000	0.000000	0.000000	0.000000	0.000000	0.000000	0.000000	0.000000	0.000000	0.000000	17.593857	0.000000	0.000000	0.000000
1764624638.784744263	0.000000	0.000000	0.055184	0.000000	0.000000	0.000000	0.000000	0.000000	0.064588	0.000000	0.000000	0.000000	0.000000	0.000000	0.000000	0.000000	0.000000	0.000000	0.000000	0.000000	17.593857	0.000000	0.000000	0.000000
1764624638.788747311	0.000000	0.000000	0.094976	0.000000	0.000000	0.000000	0.000000	0.000000	0.064588	0.000000	0.000000	0.000000	0.000000	0.000000	0.000000	0.000000	0.000000	0.000000	0.000000	0.000000	17.593857	0.000000	0.000000	0.000000
1764624638.799210072	0.000000	0.000000	0.004797	0.000000	0.000000	0.000000	0.000000	0.000000	0.064588	0.000000	0.000000	0.000000	0.000000	0.000000	0.000000	0.000000	0.000000	0.000000	0.000000	0.000000	17.593857	0.000000	0.000000	0.000000
1764624638.808856010	0.000000	0.000000	0.049714	0.000000	0.000000	0.000000	0.000000	0.000000	0.064588	0.000000	0.000000	0.000000	0.000000	0.000000	0.000000	0.000000	0.000000	0.000000	0.000000	0.000000	17.593857	0.000000	0.000000	0.000000
1764624638.818625212	0.000000	0.000000	0.046274	0.000000	0.000000	0.000000	0.000000	0.000000	0.064588	0.000000	0.000000	0.000000	0.000000	0.000000	0.000000	0.000000	0.000000	0.000000	0.000000	0.000000	17.593857	0.000000	0.000000	0.000000
1764624638.836727858	0.000000	0.000000	0.035493	0.000000	0.000000	0.000000	0.000000	0.000000	0.064588	0.000000	0.000000	0.000000	0.000000	0.000000	0.000000	0.000000	0.000000	0.000000	0.000000	0.000000	17.593857	0.000000	0.000000	0.000000
1764624638.840056419	0.000000	0.000000	0.047301	0.000000	0.000000	0.000000	0.000000	0.000000	0.064588	0.000000	0.000000	0.000000	0.000000	0.000000	0.000000	0.000000	0.000000	0.000000	0.000000	0.000000	17.593857	0.000000	0.000000	0.000000
1764624638.858499765	0.000000	0.000000	-0.020119	0.000000	0.000000	0.000000	0.000000	0.000000	0.064588	0.000000	0.000000	0.000000	0.000000	0.000000	0.000000	0.000000	0.000000	0.000000	0.000000	0.000000	17.593857	0.000000	0.000000	0.000000
1764624638.865793467	0.000000	0.000000	0.102912	0.000000	0.000000	0.000000	0.000000	0.000000	0.064588	0.000000	0.000000	0.000000	0.000000	0.000000	0.000000	0.000000	0.000000	0.000000	0.000000	0.000000	17.593857	0.000000	0.000000	0.000000
1764624638.868848801	0.000000	0.000000	0.033131	0.000000	0.000000	0.000000	0.000000	0.000000	0.064588	0.000000	0.000000	0.000000	0.000000	0.000000	0.000000	0.000000	0.000000	0.000000	0.000000	0.000000	17.593857	0.000000	0.000000	0.000000
1764624638.878881454	0.000000	0.000000	0.031089	0.000000	0.000000	0.000000	0.000000	0.000000	0.064588	0.000000	0.000000	0.000000	0.000000	0.000000	0.000000	0.000000	0.000000	0.000000	0.000000	0.000000	17.593857	0.000000	0.000000	0.000000
1764624638.888857365	0.000000	0.000000	0.066268	0.000000	0.000000	0.000000	0.000000	0.000000	0.064588	0.000000	0.000000	0.000000	0.000000	0.000000	0.000000	0.000000	0.000000	0.000000	0.000000	0.000000	17.593857	0.000000	0.000000	0.000000
1764624638.908952713	0.000000	0.000000	0.045217	0.000000	0.000000	0.000000	0.000000	0.000000	0.064588	0.000000	0.000000	0.000000	0.000000	0.000000	0.000000	0.000000	0.000000	0.000000	0.000000	0.000000	17.593857	0.000000	0.000000	0.000000
1764624638.910994530	0.000000	0.000000	0.024574	0.000000	0.000000	0.000000	0.000000	0.000000	0.064588	0.000000	0.000000	0.000000	0.000000	0.000000	0.000000	0.000000	0.000000	0.000000	0.000000	0.000000	17.593857	0.000000	0.000000	0.000000
1764624638.918394804	0.000000	0.000000	0.077379	0.000000	0.000000	0.000000	0.000000	0.000000	0.064588	0.000000	0.000000	0.000000	0.000000	0.000000	0.000000	0.000000	0.000000	0.000000	0.000000	0.000000	17.593857	0.000000	0.000000	0.000000
1764624638.938102961	0.000000	0.000000	-0.026334	0.000000	0.000000	0.000000	0.000000	0.000000	0.064588	0.000000	0.000000	0.000000	0.000000	0.000000	0.000000	0.000000	0.000000	0.000000	0.000000	0.000000	17.593857	0.000000	0.000000	0.000000
1764624638.944937944	0.000000	0.000000	0.089148	0.000000	0.000000	0.000000	0.000000	0.000000	0.064588	0.000000	0.000000	0.000000	0.000000	0.000000	0.000000	0.000000	0.000000	0.000000	0.000000	0.000000	17.593857	0.000000	0.000000	0.000000
1764624638.949093580	0.000000	0.000000	0.052143	0.000000	0.000000	0.000000	0.000000	0.000000	0.064588	0.000000	0.000000	0.000000	0.000000	0.000000	0.000000	0.000000	0.000000	0.000000	0.000000	0.000000	17.593857	0.000000	0.000000	0.000000
1764624638.959156752	0.000000	0.000000	-0.006308	0.000000	0.000000	0.000000	0.000000	0.000000	0.064588	0.000000	0.000000	0.000000	0.000000	0.000000	0.000000	0.000000	0.000000	0.000000	0.000000	0.000000	17.593857	0.000000	0.000000	0.000000
1764624638.969576359	0.000000	0.000000	0.086706	0.000000	0.000000	0.000000	0.000000	0.000000	0.081514	0.000000	0.000000	0.000000	0.000000	0.000000	0.000000	0.000000	0.000000	0.000000	0.000000	0.000000	17.593857	0.000000	0.000000	0.000000
1764624638.987109661	0.000000	0.000000	0.028274	0.000000	0.000000	0.000000	0.000000	0.000000	0.081514	0.000000	0.000000	0.000000	0.000000	0.000000	0.000000	0.000000	0.000000	0.000000	0.000000	0.000000	17.593857	0.000000	0.000000	0.000000
1764624638.988779545	0.000000	0.000000	0.021443	0.000000	0.000000	0.000000	0.000000	0.000000	0.081514	0.000000	0.000000	0.000000	0.000000	0.000000	0.000000	0.000000	0.000000	0.000000	0.000000	0.000000	17.593857	0.000000	0.000000	0.000000
1764624638.997922659	0.000000	0.000000	0.063167	0.000000	0.000000	0.000000	0.000000	0.000000	0.081514	0.000000	0.000000	0.000000	0.000000	0.000000	0.000000	0.000000	0.000000	0.000000	0.000000	0.000000	17.593857	0.000000	0.000000	0.000000
1764624639.009197235	0.000000	0.000000	0.002786	0.000000	0.000000	0.000000	0.000000	0.000000	0.081514	0.000000	0.000000	0.000000	0.000000	0.000000	0.000000	0.000000	0.000000	0.000000	0.000000	0.000000	17.593857	0.000000	0.000000	0.000000
1764624639.018530130	0.000000	0.000000	0.079103	0.000000	0.000000	0.000000	0.000000	0.000000	0.081514	0.000000	0.000000	0.000000	0.000000	0.000000	0.000000	0.000000	0.000000	0.000000	0.000000	0.000000	17.593857	0.000000	0.000000	0.000000
1764624639.036206245	0.000000	0.000000	0.024901	0.000000	0.000000	0.000000	0.000000	0.000000	0.081514	0.000000	0.000000	0.000000	0.000000	0.000000	0.000000	0.000000	0.000000	0.000000	0.000000	0.000000	17.593857	0.000000	0.000000	0.000000
1764624639.038885593	0.000000	0.000000	0.035563	0.000000	0.000000	0.000000	0.000000	0.000000	0.081514	0.000000	0.000000	0.000000	0.000000	0.000000	0.000000	0.000000	0.000000	0.000000	0.000000	0.000000	17.593857	0.000000	0.000000	0.000000
1764624639.062136889	0.000000	0.000000	0.082861	0.000000	0.000000	0.000000	0.000000	0.000000	0.081514	0.000000	0.000000	0.000000	0.000000	0.000000	0.000000	0.000000	0.000000	0.000000	0.000000	0.000000	17.593857	0.000000	0.000000	0.000000
1764624639.062144279	0.000000	0.000000	0.002089	0.000000	0.000000	0.000000	0.000000	0.000000	0.081514	0.000000	0.000000	0.000000	0.000000	0.000000	0.000000	0.000000	0.000000	0.000000	0.000000	0.000000	17.593857	0.000000	0.000000	0.000000
1764624639.068936586	0.000000	0.000000	0.045219	0.000000	0.000000	0.000000	0.000000	0.000000	0.081514	0.000000	0.000000	0.000000	0.000000	0.000000	0.000000	0.000000	0.000000	0.000000	0.000000	0.000000	17.593857	0.000000	0.000000	0.000000
1764624639.079501390	0.000000	0.000000	0.073227	0.000000	0.000000	0.000000	0.000000	0.000000	0.081514	0.000000	0.000000	0.000000	0.000000	0.000000	0.000000	0.000000	0.000000	0.000000	0.000000	0.000000	17.593857	0.000000	0.000000	0.000000
1764624639.088990688	0.000000	0.000000	0.018995	0.000000	0.000000	0.000000	0.000000	0.000000	0.081514	0.000000	0.000000	0.000000	0.000000	0.000000	0.000000	0.000000	0.000000	0.000000	0.000000	0.000000	17.593857	0.000000	0.000000	0.000000
1764624639.099271059	0.000000	0.000000	0.072185	0.000000	0.000000	0.000000	0.000000	0.000000	0.081514	0.000000	0.000000	0.000000	0.000000	0.000000	0.000000	0.000000	0.000000	0.000000	0.000000	0.000000	17.593857	0.000000	0.000000	0.000000
1764624639.112077475	0.000000	0.000000	0.024482	0.000000	0.000000	0.000000	0.000000	0.000000	0.081514	0.000000	0.000000	0.000000	0.000000	0.000000	0.000000	0.000000	0.000000	0.000000	0.000000	0.000000	17.593857	0.000000	0.000000	0.000000
1764624639.118723392	0.000000	0.000000	0.059768	0.000000	0.000000	0.000000	0.000000	0.000000	0.081514	0.000000	0.000000	0.000000	0.000000	0.000000	0.000000	0.000000	0.000000	0.000000	0.000000	0.000000	17.593857	0.000000	0.000000	0.000000
1764624639.128595829	0.000000	0.000000	0.036911	0.000000	0.000000	0.000000	0.000000	0.000000	0.081514	0.000000	0.000000	0.000000	0.000000	0.000000	0.000000	0.000000	0.000000	0.000000	0.000000	0.000000	17.593857	0.000000	0.000000	0.000000
1764624639.146575928	0.000000	0.000000	0.052540	0.000000	0.000000	0.000000	0.000000	0.000000	0.081514	0.000000	0.000000	0.000000	0.000000	0.000000	0.000000	0.000000	0.000000	0.000000	0.000000	0.000000	17.593857	0.000000	0.000000	0.000000
1764624639.149513721	0.000000	0.000000	0.010695	0.000000	0.000000	0.000000	0.000000	0.000000	0.081514	0.000000	0.000000	0.000000	0.000000	0.000000	0.000000	0.000000	0.000000	0.000000	0.000000	0.000000	17.593857	0.000000	0.000000	0.000000
1764624639.159002781	0.000000	0.000000	0.060463	0.000000	0.000000	0.000000	0.000000	0.000000	0.081514	0.000000	0.000000	0.000000	0.000000	0.000000	0.000000	0.000000	0.000000	0.000000	0.000000	0.000000	17.593857	0.000000	0.000000	0.000000
1764624639.169362783	0.000000	0.000000	-0.003828	0.000000	0.000000	0.000000	0.000000	0.000000	0.081514	0.000000	0.000000	0.000000	0.000000	0.000000	0.000000	0.000000	0.000000	0.000000	0.000000	0.000000	17.593857	0.000000	0.000000	0.000000
1764624639.178940535	0.000000	0.000000	0.064004	0.000000	0.000000	0.000000	0.000000	0.000000	0.081514	0.000000	0.000000	0.000000	0.000000	0.000000	0.000000	0.000000	0.000000	0.000000	0.000000	0.000000	17.593857	0.000000	0.000000	0.000000
1764624639.192499161	0.000000	0.000000	0.028251	0.000000	0.000000	0.000000	0.000000	0.000000	0.081514	0.000000	0.000000	0.000000	0.000000	0.000000	0.000000	0.000000	0.000000	0.000000	0.000000	0.000000	17.593857	0.000000	0.000000	0.000000
1764624639.199079990	0.000000	0.000000	0.024581	0.000000	0.000000	0.000000	0.000000	0.000000	0.081514	0.000000	0.000000	0.000000	0.000000	0.000000	0.000000	0.000000	0.000000	0.000000	0.000000	0.000000	17.593857	0.000000	0.000000	0.000000
1764624639.209286928	0.000000	0.000000	0.062874	0.000000	0.000000	0.000000	0.000000	0.000000	0.081514	0.000000	0.000000	0.000000	0.000000	0.000000	0.000000	0.000000	0.000000	0.000000	0.000000	0.000000	17.593857	0.000000	0.000000	0.000000
1764624639.221914053	0.000000	0.000000	0.014193	0.000000	0.000000	0.000000	0.000000	0.000000	0.098146	0.000000	0.000000	0.000000	0.000000	0.000000	0.000000	0.000000	0.000000	0.000000	0.000000	0.000000	17.593857	0.000000	0.000000	0.000000
1764624639.228472471	0.000000	0.000000	0.030705	0.000000	0.000000	0.000000	0.000000	0.000000	0.098146	0.000000	0.000000	0.000000	0.000000	0.000000	0.000000	0.000000	0.000000	0.000000	0.000000	0.000000	17.593857	0.000000	0.000000	0.000000
1764624639.239263296	0.000000	0.000000	0.089509	0.000000	0.000000	0.000000	0.000000	0.000000	0.098146	0.000000	0.000000	0.000000	0.000000	0.000000	0.000000	0.000000	0.000000	0.000000	0.000000	0.000000	17.593857	0.000000	0.000000	0.000000
1764624639.249275923	0.000000	0.000000	-0.011113	0.000000	0.000000	0.000000	0.000000	0.000000	0.098146	0.000000	0.000000	0.000000	0.000000	0.000000	0.000000	0.000000	0.000000	0.000000	0.000000	0.000000	17.593857	0.000000	0.000000	0.000000
1764624639.269697905	0.000000	0.000000	0.069120	0.000000	0.000000	0.000000	0.000000	0.000000	0.098146	0.000000	0.000000	0.000000	0.000000	0.000000	0.000000	0.000000	0.000000	0.000000	0.000000	0.000000	17.593857	0.000000	0.000000	0.000000
1764624639.272345543	0.000000	0.000000	0.022780	0.000000	0.000000	0.000000	0.000000	0.000000	0.098146	0.000000	0.000000	0.000000	0.000000	0.000000	0.000000	0.000000	0.000000	0.000000	0.000000	0.000000	17.593857	0.000000	0.000000	0.000000
1764624639.278870344	0.000000	0.000000	0.023805	0.000000	0.000000	0.000000	0.000000	0.000000	0.098146	0.000000	0.000000	0.000000	0.000000	0.000000	0.000000	0.000000	0.000000	0.000000	0.000000	0.000000	17.593857	0.000000	0.000000	0.000000
1764624639.289355278	0.000000	0.000000	0.063600	0.000000	0.000000	0.000000	0.000000	0.000000	0.098146	0.000000	0.000000	0.000000	0.000000	0.000000	0.000000	0.000000	0.000000	0.000000	0.000000	0.000000	17.593857	0.000000	0.000000	0.000000
1764624639.298745394	0.000000	0.000000	0.034877	0.000000	0.000000	0.000000	0.000000	0.000000	0.098146	0.000000	0.000000	0.000000	0.000000	0.000000	0.000000	0.000000	0.000000	0.000000	0.000000	0.000000	17.593857	0.000000	0.000000	0.000000
1764624639.317559004	0.000000	0.000000	0.075646	0.000000	0.000000	0.000000	0.000000	0.000000	0.098146	0.000000	0.000000	0.000000	0.000000	0.000000	0.000000	0.000000	0.000000	0.000000	0.000000	0.000000	17.593857	0.000000	0.000000	0.000000
1764624639.317569971	0.000000	0.000000	0.009298	0.000000	0.000000	0.000000	0.000000	0.000000	0.098146	0.000000	0.000000	0.000000	0.000000	0.000000	0.000000	0.000000	0.000000	0.000000	0.000000	0.000000	17.593857	0.000000	0.000000	0.000000
1764624639.342437744	0.000000	0.000000	0.013075	0.000000	0.000000	0.000000	0.000000	0.000000	0.098146	0.000000	0.000000	0.000000	0.000000	0.000000	0.000000	0.000000	0.000000	0.000000	0.000000	0.000000	17.593857	0.000000	0.000000	0.000000
1764624639.342459679	0.000000	0.000000	0.065271	0.000000	0.000000	0.000000	0.000000	0.000000	0.098146	0.000000	0.000000	0.000000	0.000000	0.000000	0.000000	0.000000	0.000000	0.000000	0.000000	0.000000	17.593857	0.000000	0.000000	0.000000
1764624639.349531651	0.000000	0.000000	0.036629	0.000000	0.000000	0.000000	0.000000	0.000000	0.098146	0.000000	0.000000	0.000000	0.000000	0.000000	0.000000	0.000000	0.000000	0.000000	0.000000	0.000000	17.593857	0.000000	0.000000	0.000000
1764624639.359577656	0.000000	0.000000	0.033181	0.000000	0.000000	0.000000	0.000000	0.000000	0.098146	0.000000	0.000000	0.000000	0.000000	0.000000	0.000000	0.000000	0.000000	0.000000	0.000000	0.000000	17.593857	0.000000	0.000000	0.000000
1764624639.369738102	0.000000	0.000000	0.035540	0.000000	0.000000	0.000000	0.000000	0.000000	0.098146	0.000000	0.000000	0.000000	0.000000	0.000000	0.000000	0.000000	0.000000	0.000000	0.000000	0.000000	17.593857	0.000000	0.000000	0.000000
1764624639.379456282	0.000000	0.000000	0.014132	0.000000	0.000000	0.000000	0.000000	0.000000	0.098146	0.000000	0.000000	0.000000	0.000000	0.000000	0.000000	0.000000	0.000000	0.000000	0.000000	0.000000	17.593857	0.000000	0.000000	0.000000
1764624639.392818213	0.000000	0.000000	0.047687	0.000000	0.000000	0.000000	0.000000	0.000000	0.098146	0.000000	0.000000	0.000000	0.000000	0.000000	0.000000	0.000000	0.000000	0.000000	0.000000	0.000000	17.593857	0.000000	0.000000	0.000000
1764624639.398285866	0.000000	0.000000	0.034168	0.000000	0.000000	0.000000	0.000000	0.000000	0.098146	0.000000	0.000000	0.000000	0.000000	0.000000	0.000000	0.000000	0.000000	0.000000	0.000000	0.000000	17.593857	0.000000	0.000000	0.000000
1764624639.418535471	0.000000	0.000000	0.044553	0.000000	0.000000	0.000000	0.000000	0.000000	0.098146	0.000000	0.000000	0.000000	0.000000	0.000000	0.000000	0.000000	0.000000	0.000000	0.000000	0.000000	17.593857	0.000000	0.000000	0.000000
1764624639.419811487	0.000000	0.000000	0.050062	0.000000	0.000000	0.000000	0.000000	0.000000	0.098146	0.000000	0.000000	0.000000	0.000000	0.000000	0.000000	0.000000	0.000000	0.000000	0.000000	0.000000	17.593857	0.000000	0.000000	0.000000
1764624639.428359985	0.000000	0.000000	-0.008346	0.000000	0.000000	0.000000	0.000000	0.000000	0.098146	0.000000	0.000000	0.000000	0.000000	0.000000	0.000000	0.000000	0.000000	0.000000	0.000000	0.000000	17.593857	0.000000	0.000000	0.000000
1764624639.438337564	0.000000	0.000000	0.030772	0.000000	0.000000	0.000000	0.000000	0.000000	0.098146	0.000000	0.000000	0.000000	0.000000	0.000000	0.000000	0.000000	0.000000	0.000000	0.000000	0.000000	17.593857	0.000000	0.000000	0.000000
1764624639.448915720	0.000000	0.000000	0.060078	0.000000	0.000000	0.000000	0.000000	0.000000	0.098146	0.000000	0.000000	0.000000	0.000000	0.000000	0.000000	0.000000	0.000000	0.000000	0.000000	0.000000	17.593857	0.000000	0.000000	0.000000
1764624639.466118336	0.000000	0.000000	0.039086	0.000000	0.000000	0.000000	0.000000	0.000000	0.113171	0.000000	0.000000	0.000000	0.000000	0.000000	0.000000	0.000000	0.000000	0.000000	0.000000	0.000000	17.593857	0.000000	0.000000	0.000000
1764624639.468901634	0.000000	0.000000	0.029994	0.000000	0.000000	0.000000	0.000000	0.000000	0.113171	0.000000	0.000000	0.000000	0.000000	0.000000	0.000000	0.000000	0.000000	0.000000	0.000000	0.000000	17.593857	0.000000	0.000000	0.000000
1764624639.479729414	0.000000	0.000000	0.031042	0.000000	0.000000	0.000000	0.000000	0.000000	0.113171	0.000000	0.000000	0.000000	0.000000	0.000000	0.000000	0.000000	0.000000	0.000000	0.000000	0.000000	17.593857	0.000000	0.000000	0.000000
1764624639.489334345	0.000000	0.000000	0.034932	0.000000	0.000000	0.000000	0.000000	0.000000	0.113171	0.000000	0.000000	0.000000	0.000000	0.000000	0.000000	0.000000	0.000000	0.000000	0.000000	0.000000	17.593857	0.000000	0.000000	0.000000
1764624639.507273674	0.000000	0.000000	0.018988	0.000000	0.000000	0.000000	0.000000	0.000000	0.113171	0.000000	0.000000	0.000000	0.000000	0.000000	0.000000	0.000000	0.000000	0.000000	0.000000	0.000000	17.593857	0.000000	0.000000	0.000000
1764624639.509321928	0.000000	0.000000	0.035610	0.000000	0.000000	0.000000	0.000000	0.000000	0.113171	0.000000	0.000000	0.000000	0.000000	0.000000	0.000000	0.000000	0.000000	0.000000	0.000000	0.000000	17.593857	0.000000	0.000000	0.000000
1764624639.519154787	0.000000	0.000000	0.062772	0.000000	0.000000	0.000000	0.000000	0.000000	0.113171	0.000000	0.000000	0.000000	0.000000	0.000000	0.000000	0.000000	0.000000	0.000000	0.000000	0.000000	17.593857	0.000000	0.000000	0.000000
1764624639.529366732	0.000000	0.000000	0.013762	0.000000	0.000000	0.000000	0.000000	0.000000	0.113171	0.000000	0.000000	0.000000	0.000000	0.000000	0.000000	0.000000	0.000000	0.000000	0.000000	0.000000	17.593857	0.000000	0.000000	0.000000
1764624639.542642832	0.000000	0.000000	0.005894	0.000000	0.000000	0.000000	0.000000	0.000000	0.113171	0.000000	0.000000	0.000000	0.000000	0.000000	0.000000	0.000000	0.000000	0.000000	0.000000	0.000000	17.593857	0.000000	0.000000	0.000000
1764624639.549417734	0.000000	0.000000	0.043535	0.000000	0.000000	0.000000	0.000000	0.000000	0.113171	0.000000	0.000000	0.000000	0.000000	0.000000	0.000000	0.000000	0.000000	0.000000	0.000000	0.000000	17.593857	0.000000	0.000000	0.000000
1764624639.559054136	0.000000	0.000000	0.034449	0.000000	0.000000	0.000000	0.000000	0.000000	0.113171	0.000000	0.000000	0.000000	0.000000	0.000000	0.000000	0.000000	0.000000	0.000000	0.000000	0.000000	17.593857	0.000000	0.000000	0.000000
1764624639.578479767	0.000000	0.000000	0.035876	0.000000	0.000000	0.000000	0.000000	0.000000	0.113171	0.000000	0.000000	0.000000	0.000000	0.000000	0.000000	0.000000	0.000000	0.000000	0.000000	0.000000	17.593857	0.000000	0.000000	0.000000
1764624639.581353188	0.000000	0.000000	0.024505	0.000000	0.000000	0.000000	0.000000	0.000000	0.113171	0.000000	0.000000	0.000000	0.000000	0.000000	0.000000	0.000000	0.000000	0.000000	0.000000	0.000000	17.593857	0.000000	0.000000	0.000000
1764624639.589286804	0.000000	0.000000	0.037976	0.000000	0.000000	0.000000	0.000000	0.000000	0.113171	0.000000	0.000000	0.000000	0.000000	0.000000	0.000000	0.000000	0.000000	0.000000	0.000000	0.000000	17.593857	0.000000	0.000000	0.000000
1764624639.599501371	0.000000	0.000000	0.043523	0.000000	0.000000	0.000000	0.000000	0.000000	0.113171	0.000000	0.000000	0.000000	0.000000	0.000000	0.000000	0.000000	0.000000	0.000000	0.000000	0.000000	17.593857	0.000000	0.000000	0.000000
1764624639.618855953	0.000000	0.000000	0.012393	0.000000	0.000000	0.000000	0.000000	0.000000	0.113171	0.000000	0.000000	0.000000	0.000000	0.000000	0.000000	0.000000	0.000000	0.000000	0.000000	0.000000	17.593857	0.000000	0.000000	0.000000
1764624639.623542547	0.000000	0.000000	0.026229	0.000000	0.000000	0.000000	0.000000	0.000000	0.113171	0.000000	0.000000	0.000000	0.000000	0.000000	0.000000	0.000000	0.000000	0.000000	0.000000	0.000000	17.593857	0.000000	0.000000	0.000000
1764624639.628408670	0.000000	0.000000	0.033866	0.000000	0.000000	0.000000	0.000000	0.000000	0.113171	0.000000	0.000000	0.000000	0.000000	0.000000	0.000000	0.000000	0.000000	0.000000	0.000000	0.000000	17.593857	0.000000	0.000000	0.000000
1764624639.638469696	0.000000	0.000000	0.016895	0.000000	0.000000	0.000000	0.000000	0.000000	0.113171	0.000000	0.000000	0.000000	0.000000	0.000000	0.000000	0.000000	0.000000	0.000000	0.000000	0.000000	17.593857	0.000000	0.000000	0.000000
1764624639.649107218	0.000000	0.000000	0.018648	0.000000	0.000000	0.000000	0.000000	0.000000	0.113171	0.000000	0.000000	0.000000	0.000000	0.000000	0.000000	0.000000	0.000000	0.000000	0.000000	0.000000	17.593857	0.000000	0.000000	0.000000
1764624639.659560919	0.000000	0.000000	0.075245	0.000000	0.000000	0.000000	0.000000	0.000000	0.113171	0.000000	0.000000	0.000000	0.000000	0.000000	0.000000	0.000000	0.000000	0.000000	0.000000	0.000000	17.593857	0.000000	0.000000	0.000000
1764624639.678665400	0.000000	0.000000	-0.008667	0.000000	0.000000	0.000000	0.000000	0.000000	0.113171	0.000000	0.000000	0.000000	0.000000	0.000000	0.000000	0.000000	0.000000	0.000000	0.000000	0.000000	17.593857	0.000000	0.000000	0.000000
1764624639.678672075	0.000000	0.000000	0.019299	0.000000	0.000000	0.000000	0.000000	0.000000	0.113171	0.000000	0.000000	0.000000	0.000000	0.000000	0.000000	0.000000	0.000000	0.000000	0.000000	0.000000	17.593857	0.000000	0.000000	0.000000
1764624639.690887928	0.000000	0.000000	0.027627	0.000000	0.000000	0.000000	0.000000	0.000000	0.113171	0.000000	0.000000	0.000000	0.000000	0.000000	0.000000	0.000000	0.000000	0.000000	0.000000	0.000000	17.593857	0.000000	0.000000	0.000000
1764624639.708265781	0.000000	0.000000	0.027996	0.000000	0.000000	0.000000	0.000000	0.000000	0.127586	0.000000	0.000000	0.000000	0.000000	0.000000	0.000000	0.000000	0.000000	0.000000	0.000000	0.000000	17.593857	0.000000	0.000000	0.000000
1764624639.709645510	0.000000	0.000000	0.036922	0.000000	0.000000	0.000000	0.000000	0.000000	0.127586	0.000000	0.000000	0.000000	0.000000	0.000000	0.000000	0.000000	0.000000	0.000000	0.000000	0.000000	17.593857	0.000000	0.000000	0.000000
1764624639.719210386	0.000000	0.000000	0.016822	0.000000	0.000000	0.000000	0.000000	0.000000	0.127586	0.000000	0.000000	0.000000	0.000000	0.000000	0.000000	0.000000	0.000000	0.000000	0.000000	0.000000	17.593857	0.000000	0.000000	0.000000
1764624639.728621960	0.000000	0.000000	-0.000348	0.000000	0.000000	0.000000	0.000000	0.000000	0.127586	0.000000	0.000000	0.000000	0.000000	0.000000	0.000000	0.000000	0.000000	0.000000	0.000000	0.000000	17.593857	0.000000	0.000000	0.000000
1764624639.748348475	0.000000	0.000000	0.041798	0.000000	0.000000	0.000000	0.000000	0.000000	0.127586	0.000000	0.000000	0.000000	0.000000	0.000000	0.000000	0.000000	0.000000	0.000000	0.000000	0.000000	17.593857	0.000000	0.000000	0.000000
1764624639.748369932	0.000000	0.000000	-0.012455	0.000000	0.000000	0.000000	0.000000	0.000000	0.127586	0.000000	0.000000	0.000000	0.000000	0.000000	0.000000	0.000000	0.000000	0.000000	0.000000	0.000000	17.593857	0.000000	0.000000	0.000000
1764624639.760023117	0.000000	0.000000	0.043501	0.000000	0.000000	0.000000	0.000000	0.000000	0.127586	0.000000	0.000000	0.000000	0.000000	0.000000	0.000000	0.000000	0.000000	0.000000	0.000000	0.000000	17.593857	0.000000	0.000000	0.000000
1764624639.769166470	0.000000	0.000000	-0.012182	0.000000	0.000000	0.000000	0.000000	0.000000	0.127586	0.000000	0.000000	0.000000	0.000000	0.000000	0.000000	0.000000	0.000000	0.000000	0.000000	0.000000	17.593857	0.000000	0.000000	0.000000
1764624639.779081583	0.000000	0.000000	0.024237	0.000000	0.000000	0.000000	0.000000	0.000000	0.127586	0.000000	0.000000	0.000000	0.000000	0.000000	0.000000	0.000000	0.000000	0.000000	0.000000	0.000000	17.593857	0.000000	0.000000	0.000000
1764624639.792104959	0.000000	0.000000	0.024756	0.000000	0.000000	0.000000	0.000000	0.000000	0.127586	0.000000	0.000000	0.000000	0.000000	0.000000	0.000000	0.000000	0.000000	0.000000	0.000000	0.000000	17.593857	0.000000	0.000000	0.000000
1764624639.798913717	0.000000	0.000000	0.014831	0.000000	0.000000	0.000000	0.000000	0.000000	0.127586	0.000000	0.000000	0.000000	0.000000	0.000000	0.000000	0.000000	0.000000	0.000000	0.000000	0.000000	17.593857	0.000000	0.000000	0.000000
1764624639.809071541	0.000000	0.000000	0.041068	0.000000	0.000000	0.000000	0.000000	0.000000	0.127586	0.000000	0.000000	0.000000	0.000000	0.000000	0.000000	0.000000	0.000000	0.000000	0.000000	0.000000	17.593857	0.000000	0.000000	0.000000
1764624639.823345423	0.000000	0.000000	0.010018	0.000000	0.000000	0.000000	0.000000	0.000000	0.127586	0.000000	0.000000	0.000000	0.000000	0.000000	0.000000	0.000000	0.000000	0.000000	0.000000	0.000000	17.593857	0.000000	0.000000	0.000000
1764624639.829541922	0.000000	0.000000	0.008591	0.000000	0.000000	0.000000	0.000000	0.000000	0.127586	0.000000	0.000000	0.000000	0.000000	0.000000	0.000000	0.000000	0.000000	0.000000	0.000000	0.000000	17.593857	0.000000	0.000000	0.000000
1764624639.838116884	0.000000	0.000000	0.012733	0.000000	0.000000	0.000000	0.000000	0.000000	0.127586	0.000000	0.000000	0.000000	0.000000	0.000000	0.000000	0.000000	0.000000	0.000000	0.000000	0.000000	17.593857	0.000000	0.000000	0.000000
1764624639.850019932	0.000000	0.000000	0.037628	0.000000	0.000000	0.000000	0.000000	0.000000	0.127586	0.000000	0.000000	0.000000	0.000000	0.000000	0.000000	0.000000	0.000000	0.000000	0.000000	0.000000	17.593857	0.000000	0.000000	0.000000
1764624639.859517574	0.000000	0.000000	-0.018011	0.000000	0.000000	0.000000	0.000000	0.000000	0.127586	0.000000	0.000000	0.000000	0.000000	0.000000	0.000000	0.000000	0.000000	0.000000	0.000000	0.000000	17.593857	0.000000	0.000000	0.000000
1764624639.868956804	0.000000	0.000000	0.021697	0.000000	0.000000	0.000000	0.000000	0.000000	0.127586	0.000000	0.000000	0.000000	0.000000	0.000000	0.000000	0.000000	0.000000	0.000000	0.000000	0.000000	17.593857	0.000000	0.000000	0.000000
1764624639.879127979	0.000000	0.000000	0.010001	0.000000	0.000000	0.000000	0.000000	0.000000	0.127586	0.000000	0.000000	0.000000	0.000000	0.000000	0.000000	0.000000	0.000000	0.000000	0.000000	0.000000	17.593857	0.000000	0.000000	0.000000
1764624639.889659643	0.000000	0.000000	0.041451	0.000000	0.000000	0.000000	0.000000	0.000000	0.127586	0.000000	0.000000	0.000000	0.000000	0.000000	0.000000	0.000000	0.000000	0.000000	0.000000	0.000000	17.593857	0.000000	0.000000	0.000000
1764624639.898991108	0.000000	0.000000	-0.022805	0.000000	0.000000	0.000000	0.000000	0.000000	0.127586	0.000000	0.000000	0.000000	0.000000	0.000000	0.000000	0.000000	0.000000	0.000000	0.000000	0.000000	17.593857	0.000000	0.000000	0.000000
1764624639.914565563	0.000000	0.000000	0.029296	0.000000	0.000000	0.000000	0.000000	0.000000	0.127586	0.000000	0.000000	0.000000	0.000000	0.000000	0.000000	0.000000	0.000000	0.000000	0.000000	0.000000	17.593857	0.000000	0.000000	0.000000
1764624639.918807507	0.000000	0.000000	-0.006195	0.000000	0.000000	0.000000	0.000000	0.000000	0.127586	0.000000	0.000000	0.000000	0.000000	0.000000	0.000000	0.000000	0.000000	0.000000	0.000000	0.000000	17.593857	0.000000	0.000000	0.000000
1764624639.928934097	0.000000	0.000000	0.029697	0.000000	0.000000	0.000000	0.000000	0.000000	0.127586	0.000000	0.000000	0.000000	0.000000	0.000000	0.000000	0.000000	0.000000	0.000000	0.000000	0.000000	17.593857	0.000000	0.000000	0.000000
1764624639.943598270	0.000000	0.000000	-0.009390	0.000000	0.000000	0.000000	0.000000	0.000000	0.127586	0.000000	0.000000	0.000000	0.000000	0.000000	0.000000	0.000000	0.000000	0.000000	0.000000	0.000000	17.593857	0.000000	0.000000	0.000000
1764624639.960162878	0.000000	0.000000	0.007896	0.000000	0.000000	0.000000	0.000000	0.000000	0.140388	0.000000	0.000000	0.000000	0.000000	0.000000	0.000000	0.000000	0.000000	0.000000	0.000000	0.000000	17.593857	0.000000	0.000000	0.000000
1764624639.960169554	0.000000	0.000000	0.006488	0.000000	0.000000	0.000000	0.000000	0.000000	0.140388	0.000000	0.000000	0.000000	0.000000	0.000000	0.000000	0.000000	0.000000	0.000000	0.000000	0.000000	17.593857	0.000000	0.000000	0.000000
1764624639.969583511	0.000000	0.000000	0.028328	0.000000	0.000000	0.000000	0.000000	0.000000	0.140388	0.000000	0.000000	0.000000	0.000000	0.000000	0.000000	0.000000	0.000000	0.000000	0.000000	0.000000	17.593857	0.000000	0.000000	0.000000
1764624639.984585762	0.000000	0.000000	-0.003453	0.000000	0.000000	0.000000	0.000000	0.000000	0.140388	0.000000	0.000000	0.000000	0.000000	0.000000	0.000000	0.000000	0.000000	0.000000	0.000000	0.000000	17.593857	0.000000	0.000000	0.000000
1764624639.988976479	0.000000	0.000000	0.032105	0.000000	0.000000	0.000000	0.000000	0.000000	0.140388	0.000000	0.000000	0.000000	0.000000	0.000000	0.000000	0.000000	0.000000	0.000000	0.000000	0.000000	17.593857	0.000000	0.000000	0.000000
1764624639.999071121	0.000000	0.000000	-0.009727	0.000000	0.000000	0.000000	0.000000	0.000000	0.140388	0.000000	0.000000	0.000000	0.000000	0.000000	0.000000	0.000000	0.000000	0.000000	0.000000	0.000000	17.593857	0.000000	0.000000	0.000000
1764624640.009473562	0.000000	0.000000	0.004098	0.000000	0.000000	0.000000	0.000000	0.000000	0.140388	0.000000	0.000000	0.000000	0.000000	0.000000	0.000000	0.000000	0.000000	0.000000	0.000000	0.000000	17.593857	0.000000	0.000000	0.000000
1764624640.031668186	0.000000	0.000000	0.019414	0.000000	0.000000	0.000000	0.000000	0.000000	0.140388	0.000000	0.000000	0.000000	0.000000	0.000000	0.000000	0.000000	0.000000	0.000000	0.000000	0.000000	17.593857	0.000000	0.000000	0.000000
1764624640.032072544	0.000000	0.000000	0.032068	0.000000	0.000000	0.000000	0.000000	0.000000	0.140388	0.000000	0.000000	0.000000	0.000000	0.000000	0.000000	0.000000	0.000000	0.000000	0.000000	0.000000	17.593857	0.000000	0.000000	0.000000
1764624640.039545536	0.000000	0.000000	-0.003439	0.000000	0.000000	0.000000	0.000000	0.000000	0.140388	0.000000	0.000000	0.000000	0.000000	0.000000	0.000000	0.000000	0.000000	0.000000	0.000000	0.000000	17.593857	0.000000	0.000000	0.000000
1764624640.048762083	0.000000	0.000000	0.027236	0.000000	0.000000	0.000000	0.000000	0.000000	0.140388	0.000000	0.000000	0.000000	0.000000	0.000000	0.000000	0.000000	0.000000	0.000000	0.000000	0.000000	17.593857	0.000000	0.000000	0.000000
1764624640.058765173	0.000000	0.000000	-0.024874	0.000000	0.000000	0.000000	0.000000	0.000000	0.140388	0.000000	0.000000	0.000000	0.000000	0.000000	0.000000	0.000000	0.000000	0.000000	0.000000	0.000000	17.593857	0.000000	0.000000	0.000000
1764624640.073451519	0.000000	0.000000	0.025536	0.000000	0.000000	0.000000	0.000000	0.000000	0.140388	0.000000	0.000000	0.000000	0.000000	0.000000	0.000000	0.000000	0.000000	0.000000	0.000000	0.000000	17.593857	0.000000	0.000000	0.000000
1764624640.079234838	0.000000	0.000000	0.028016	0.000000	0.000000	0.000000	0.000000	0.000000	0.140388	0.000000	0.000000	0.000000	0.000000	0.000000	0.000000	0.000000	0.000000	0.000000	0.000000	0.000000	17.593857	0.000000	0.000000	0.000000
1764624640.089326143	0.000000	0.000000	-0.025267	0.000000	0.000000	0.000000	0.000000	0.000000	0.140388	0.000000	0.000000	0.000000	0.000000	0.000000	0.000000	0.000000	0.000000	0.000000	0.000000	0.000000	17.593857	0.000000	0.000000	0.000000
1764624640.099072933	0.000000	0.000000	0.014142	0.000000	0.000000	0.000000	0.000000	0.000000	0.140388	0.000000	0.000000	0.000000	0.000000	0.000000	0.000000	0.000000	0.000000	0.000000	0.000000	0.000000	17.593857	0.000000	0.000000	0.000000
1764624640.114788055	0.000000	0.000000	0.008977	0.000000	0.000000	0.000000	0.000000	0.000000	0.140388	0.000000	0.000000	0.000000	0.000000	0.000000	0.000000	0.000000	0.000000	0.000000	0.000000	0.000000	17.593857	0.000000	0.000000	0.000000
1764624640.118522882	0.000000	0.000000	0.008601	0.000000	0.000000	0.000000	0.000000	0.000000	0.140388	0.000000	0.000000	0.000000	0.000000	0.000000	0.000000	0.000000	0.000000	0.000000	0.000000	0.000000	17.593857	0.000000	0.000000	0.000000
1764624640.128775120	0.000000	0.000000	0.013852	0.000000	0.000000	0.000000	0.000000	0.000000	0.140388	0.000000	0.000000	0.000000	0.000000	0.000000	0.000000	0.000000	0.000000	0.000000	0.000000	0.000000	17.593857	0.000000	0.000000	0.000000
1764624640.146883965	0.000000	0.000000	0.002773	0.000000	0.000000	0.000000	0.000000	0.000000	0.140388	0.000000	0.000000	0.000000	0.000000	0.000000	0.000000	0.000000	0.000000	0.000000	0.000000	0.000000	17.593857	0.000000	0.000000	0.000000
1764624640.148939610	0.000000	0.000000	-0.010429	0.000000	0.000000	0.000000	0.000000	0.000000	0.140388	0.000000	0.000000	0.000000	0.000000	0.000000	0.000000	0.000000	0.000000	0.000000	0.000000	0.000000	17.593857	0.000000	0.000000	0.000000
1764624640.158646345	0.000000	0.000000	0.012074	0.000000	0.000000	0.000000	0.000000	0.000000	0.140388	0.000000	0.000000	0.000000	0.000000	0.000000	0.000000	0.000000	0.000000	0.000000	0.000000	0.000000	17.593857	0.000000	0.000000	0.000000
1764624640.169398785	0.000000	0.000000	0.011114	0.000000	0.000000	0.000000	0.000000	0.000000	0.140388	0.000000	0.000000	0.000000	0.000000	0.000000	0.000000	0.000000	0.000000	0.000000	0.000000	0.000000	17.593857	0.000000	0.000000	0.000000
1764624640.182534695	0.000000	0.000000	0.022102	0.000000	0.000000	0.000000	0.000000	0.000000	0.140388	0.000000	0.000000	0.000000	0.000000	0.000000	0.000000	0.000000	0.000000	0.000000	0.000000	0.000000	17.593857	0.000000	0.000000	0.000000
1764624640.189076900	0.000000	0.000000	-0.011403	0.000000	0.000000	0.000000	0.000000	0.000000	0.140388	0.000000	0.000000	0.000000	0.000000	0.000000	0.000000	0.000000	0.000000	0.000000	0.000000	0.000000	17.593857	0.000000	0.000000	0.000000
1764624640.198876619	0.000000	0.000000	-0.021846	0.000000	0.000000	0.000000	0.000000	0.000000	0.140388	0.000000	0.000000	0.000000	0.000000	0.000000	0.000000	0.000000	0.000000	0.000000	0.000000	0.000000	17.593857	0.000000	0.000000	0.000000
1764624640.209157705	0.000000	0.000000	0.020406	0.000000	0.000000	0.000000	0.000000	0.000000	0.140388	0.000000	0.000000	0.000000	0.000000	0.000000	0.000000	0.000000	0.000000	0.000000	0.000000	0.000000	17.593857	0.000000	0.000000	0.000000
1764624640.230909348	0.000000	0.000000	0.029031	0.000000	0.000000	0.000000	0.000000	0.000000	0.152694	0.000000	0.000000	0.000000	0.000000	0.000000	0.000000	0.000000	0.000000	0.000000	0.000000	0.000000	17.593857	0.000000	0.000000	0.000000
1764624640.230917454	0.000000	0.000000	-0.016563	0.000000	0.000000	0.000000	0.000000	0.000000	0.152694	0.000000	0.000000	0.000000	0.000000	0.000000	0.000000	0.000000	0.000000	0.000000	0.000000	0.000000	17.593857	0.000000	0.000000	0.000000
1764624640.238789320	0.000000	0.000000	0.015514	0.000000	0.000000	0.000000	0.000000	0.000000	0.152694	0.000000	0.000000	0.000000	0.000000	0.000000	0.000000	0.000000	0.000000	0.000000	0.000000	0.000000	17.593857	0.000000	0.000000	0.000000
1764624640.249284983	0.000000	0.000000	-0.015562	0.000000	0.000000	0.000000	0.000000	0.000000	0.152694	0.000000	0.000000	0.000000	0.000000	0.000000	0.000000	0.000000	0.000000	0.000000	0.000000	0.000000	17.593857	0.000000	0.000000	0.000000
1764624640.272473335	0.000000	0.000000	0.048729	0.000000	0.000000	0.000000	0.000000	0.000000	0.152694	0.000000	0.000000	0.000000	0.000000	0.000000	0.000000	0.000000	0.000000	0.000000	0.000000	0.000000	17.593857	0.000000	0.000000	0.000000
1764624640.272484779	0.000000	0.000000	-0.012089	0.000000	0.000000	0.000000	0.000000	0.000000	0.152694	0.000000	0.000000	0.000000	0.000000	0.000000	0.000000	0.000000	0.000000	0.000000	0.000000	0.000000	17.593857	0.000000	0.000000	0.000000
1764624640.278921366	0.000000	0.000000	0.026978	0.000000	0.000000	0.000000	0.000000	0.000000	0.152694	0.000000	0.000000	0.000000	0.000000	0.000000	0.000000	0.000000	0.000000	0.000000	0.000000	0.000000	17.593857	0.000000	0.000000	0.000000
1764624640.288417101	0.000000	0.000000	0.007580	0.000000	0.000000	0.000000	0.000000	0.000000	0.152694	0.000000	0.000000	0.000000	0.000000	0.000000	0.000000	0.000000	0.000000	0.000000	0.000000	0.000000	17.593857	0.000000	0.000000	0.000000
1764624640.299171448	0.000000	0.000000	-0.021779	0.000000	0.000000	0.000000	0.000000	0.000000	0.152694	0.000000	0.000000	0.000000	0.000000	0.000000	0.000000	0.000000	0.000000	0.000000	0.000000	0.000000	17.593857	0.000000	0.000000	0.000000
1764624640.314121246	0.000000	0.000000	0.009323	0.000000	0.000000	0.000000	0.000000	0.000000	0.152694	0.000000	0.000000	0.000000	0.000000	0.000000	0.000000	0.000000	0.000000	0.000000	0.000000	0.000000	17.593857	0.000000	0.000000	0.000000
1764624640.319483757	0.000000	0.000000	0.029018	0.000000	0.000000	0.000000	0.000000	0.000000	0.152694	0.000000	0.000000	0.000000	0.000000	0.000000	0.000000	0.000000	0.000000	0.000000	0.000000	0.000000	17.593857	0.000000	0.000000	0.000000
1764624640.338484049	0.000000	0.000000	-0.013779	0.000000	0.000000	0.000000	0.000000	0.000000	0.152694	0.000000	0.000000	0.000000	0.000000	0.000000	0.000000	0.000000	0.000000	0.000000	0.000000	0.000000	17.593857	0.000000	0.000000	0.000000
1764624640.345977306	0.000000	0.000000	0.036260	0.000000	0.000000	0.000000	0.000000	0.000000	0.152694	0.000000	0.000000	0.000000	0.000000	0.000000	0.000000	0.000000	0.000000	0.000000	0.000000	0.000000	17.593857	0.000000	0.000000	0.000000
1764624640.348813534	0.000000	0.000000	-0.059779	0.000000	0.000000	0.000000	0.000000	0.000000	0.152694	0.000000	0.000000	0.000000	0.000000	0.000000	0.000000	0.000000	0.000000	0.000000	0.000000	0.000000	17.593857	0.000000	0.000000	0.000000
1764624640.358734369	0.000000	0.000000	0.012823	0.000000	0.000000	0.000000	0.000000	0.000000	0.152694	0.000000	0.000000	0.000000	0.000000	0.000000	0.000000	0.000000	0.000000	0.000000	0.000000	0.000000	17.593857	0.000000	0.000000	0.000000
1764624640.369657993	0.000000	0.000000	0.036305	0.000000	0.000000	0.000000	0.000000	0.000000	0.152694	0.000000	0.000000	0.000000	0.000000	0.000000	0.000000	0.000000	0.000000	0.000000	0.000000	0.000000	17.593857	0.000000	0.000000	0.000000
1764624640.384016991	0.000000	0.000000	-0.029363	0.000000	0.000000	0.000000	0.000000	0.000000	0.152694	0.000000	0.000000	0.000000	0.000000	0.000000	0.000000	0.000000	0.000000	0.000000	0.000000	0.000000	17.593857	0.000000	0.000000	0.000000
1764624640.389152050	0.000000	0.000000	-0.018361	0.000000	0.000000	0.000000	0.000000	0.000000	0.152694	0.000000	0.000000	0.000000	0.000000	0.000000	0.000000	0.000000	0.000000	0.000000	0.000000	0.000000	17.593857	0.000000	0.000000	0.000000
1764624640.398296118	0.000000	0.000000	0.033901	0.000000	0.000000	0.000000	0.000000	0.000000	0.152694	0.000000	0.000000	0.000000	0.000000	0.000000	0.000000	0.000000	0.000000	0.000000	0.000000	0.000000	17.593857	0.000000	0.000000	0.000000
1764624640.409411669	0.000000	0.000000	-0.039657	0.000000	0.000000	0.000000	0.000000	0.000000	0.152694	0.000000	0.000000	0.000000	0.000000	0.000000	0.000000	0.000000	0.000000	0.000000	0.000000	0.000000	17.593857	0.000000	0.000000	0.000000
1764624640.429225683	0.000000	0.000000	0.026586	0.000000	0.000000	0.000000	0.000000	0.000000	0.152694	0.000000	0.000000	0.000000	0.000000	0.000000	0.000000	0.000000	0.000000	0.000000	0.000000	0.000000	17.593857	0.000000	0.000000	0.000000
1764624640.429248571	0.000000	0.000000	-0.024846	0.000000	0.000000	0.000000	0.000000	0.000000	0.152694	0.000000	0.000000	0.000000	0.000000	0.000000	0.000000	0.000000	0.000000	0.000000	0.000000	0.000000	17.593857	0.000000	0.000000	0.000000
1764624640.438811779	0.000000	0.000000	0.007576	0.000000	0.000000	0.000000	0.000000	0.000000	0.152694	0.000000	0.000000	0.000000	0.000000	0.000000	0.000000	0.000000	0.000000	0.000000	0.000000	0.000000	17.593857	0.000000	0.000000	0.000000
1764624640.449410677	0.000000	0.000000	-0.023093	0.000000	0.000000	0.000000	0.000000	0.000000	0.152694	0.000000	0.000000	0.000000	0.000000	0.000000	0.000000	0.000000	0.000000	0.000000	0.000000	0.000000	17.593857	0.000000	0.000000	0.000000
1764624640.458644390	0.000000	0.000000	0.015588	0.000000	0.000000	0.000000	0.000000	0.000000	0.152694	0.000000	0.000000	0.000000	0.000000	0.000000	0.000000	0.000000	0.000000	0.000000	0.000000	0.000000	17.593857	0.000000	0.000000	0.000000
1764624640.476408005	0.000000	0.000000	0.013474	0.000000	0.000000	0.000000	0.000000	0.000000	0.162933	0.000000	0.000000	0.000000	0.000000	0.000000	0.000000	0.000000	0.000000	0.000000	0.000000	0.000000	17.593857	0.000000	0.000000	0.000000
1764624640.479272127	0.000000	0.000000	-0.027310	0.000000	0.000000	0.000000	0.000000	0.000000	0.162933	0.000000	0.000000	0.000000	0.000000	0.000000	0.000000	0.000000	0.000000	0.000000	0.000000	0.000000	17.593857	0.000000	0.000000	0.000000
1764624640.489485741	0.000000	0.000000	0.010421	0.000000	0.000000	0.000000	0.000000	0.000000	0.162933	0.000000	0.000000	0.000000	0.000000	0.000000	0.000000	0.000000	0.000000	0.000000	0.000000	0.000000	17.593857	0.000000	0.000000	0.000000
1764624640.511990547	0.000000	0.000000	0.029791	0.000000	0.000000	0.000000	0.000000	0.000000	0.162933	0.000000	0.000000	0.000000	0.000000	0.000000	0.000000	0.000000	0.000000	0.000000	0.000000	0.000000	17.593857	0.000000	0.000000	0.000000
1764624640.512004137	0.000000	0.000000	-0.025896	0.000000	0.000000	0.000000	0.000000	0.000000	0.162933	0.000000	0.000000	0.000000	0.000000	0.000000	0.000000	0.000000	0.000000	0.000000	0.000000	0.000000	17.593857	0.000000	0.000000	0.000000
1764624640.518923998	0.000000	0.000000	-0.006513	0.000000	0.000000	0.000000	0.000000	0.000000	0.162933	0.000000	0.000000	0.000000	0.000000	0.000000	0.000000	0.000000	0.000000	0.000000	0.000000	0.000000	17.593857	0.000000	0.000000	0.000000
1764624640.528840542	0.000000	0.000000	0.029072	0.000000	0.000000	0.000000	0.000000	0.000000	0.162933	0.000000	0.000000	0.000000	0.000000	0.000000	0.000000	0.000000	0.000000	0.000000	0.000000	0.000000	17.593857	0.000000	0.000000	0.000000
1764624640.539002895	0.000000	0.000000	-0.050400	0.000000	0.000000	0.000000	0.000000	0.000000	0.162933	0.000000	0.000000	0.000000	0.000000	0.000000	0.000000	0.000000	0.000000	0.000000	0.000000	0.000000	17.593857	0.000000	0.000000	0.000000
1764624640.559305429	0.000000	0.000000	0.003441	0.000000	0.000000	0.000000	0.000000	0.000000	0.162933	0.000000	0.000000	0.000000	0.000000	0.000000	0.000000	0.000000	0.000000	0.000000	0.000000	0.000000	17.593857	0.000000	0.000000	0.000000
1764624640.559331894	0.000000	0.000000	0.002812	0.000000	0.000000	0.000000	0.000000	0.000000	0.162933	0.000000	0.000000	0.000000	0.000000	0.000000	0.000000	0.000000	0.000000	0.000000	0.000000	0.000000	17.593857	0.000000	0.000000	0.000000
1764624640.568664312	0.000000	0.000000	-0.012024	0.000000	0.000000	0.000000	0.000000	0.000000	0.162933	0.000000	0.000000	0.000000	0.000000	0.000000	0.000000	0.000000	0.000000	0.000000	0.000000	0.000000	17.593857	0.000000	0.000000	0.000000
1764624640.588277578	0.000000	0.000000	0.007983	0.000000	0.000000	0.000000	0.000000	0.000000	0.162933	0.000000	0.000000	0.000000	0.000000	0.000000	0.000000	0.000000	0.000000	0.000000	0.000000	0.000000	17.593857	0.000000	0.000000	0.000000
1764624640.589614630	0.000000	0.000000	-0.005870	0.000000	0.000000	0.000000	0.000000	0.000000	0.162933	0.000000	0.000000	0.000000	0.000000	0.000000	0.000000	0.000000	0.000000	0.000000	0.000000	0.000000	17.593857	0.000000	0.000000	0.000000
1764624640.599279404	0.000000	0.000000	-0.015731	0.000000	0.000000	0.000000	0.000000	0.000000	0.162933	0.000000	0.000000	0.000000	0.000000	0.000000	0.000000	0.000000	0.000000	0.000000	0.000000	0.000000	17.593857	0.000000	0.000000	0.000000
1764624640.609065771	0.000000	0.000000	0.014527	0.000000	0.000000	0.000000	0.000000	0.000000	0.162933	0.000000	0.000000	0.000000	0.000000	0.000000	0.000000	0.000000	0.000000	0.000000	0.000000	0.000000	17.593857	0.000000	0.000000	0.000000
1764624640.625246763	0.000000	0.000000	-0.024858	0.000000	0.000000	0.000000	0.000000	0.000000	0.162933	0.000000	0.000000	0.000000	0.000000	0.000000	0.000000	0.000000	0.000000	0.000000	0.000000	0.000000	17.593857	0.000000	0.000000	0.000000
1764624640.628504753	0.000000	0.000000	0.002102	0.000000	0.000000	0.000000	0.000000	0.000000	0.162933	0.000000	0.000000	0.000000	0.000000	0.000000	0.000000	0.000000	0.000000	0.000000	0.000000	0.000000	17.593857	0.000000	0.000000	0.000000
1764624640.638837337	0.000000	0.000000	-0.019572	0.000000	0.000000	0.000000	0.000000	0.000000	0.162933	0.000000	0.000000	0.000000	0.000000	0.000000	0.000000	0.000000	0.000000	0.000000	0.000000	0.000000	17.593857	0.000000	0.000000	0.000000
1764624640.649898767	0.000000	0.000000	-0.014829	0.000000	0.000000	0.000000	0.000000	0.000000	0.162933	0.000000	0.000000	0.000000	0.000000	0.000000	0.000000	0.000000	0.000000	0.000000	0.000000	0.000000	17.593857	0.000000	0.000000	0.000000
1764624640.661902428	0.000000	0.000000	0.033639	0.000000	0.000000	0.000000	0.000000	0.000000	0.162933	0.000000	0.000000	0.000000	0.000000	0.000000	0.000000	0.000000	0.000000	0.000000	0.000000	0.000000	17.593857	0.000000	0.000000	0.000000
1764624640.668359518	0.000000	0.000000	-0.036621	0.000000	0.000000	0.000000	0.000000	0.000000	0.162933	0.000000	0.000000	0.000000	0.000000	0.000000	0.000000	0.000000	0.000000	0.000000	0.000000	0.000000	17.593857	0.000000	0.000000	0.000000
1764624640.679170609	0.000000	0.000000	-0.025153	0.000000	0.000000	0.000000	0.000000	0.000000	0.162933	0.000000	0.000000	0.000000	0.000000	0.000000	0.000000	0.000000	0.000000	0.000000	0.000000	0.000000	17.593857	0.000000	0.000000	0.000000
1764624640.688002348	0.000000	0.000000	0.038760	0.000000	0.000000	0.000000	0.000000	0.000000	0.162933	0.000000	0.000000	0.000000	0.000000	0.000000	0.000000	0.000000	0.000000	0.000000	0.000000	0.000000	17.593857	0.000000	0.000000	0.000000
1764624640.711404324	0.000000	0.000000	-0.028164	0.000000	0.000000	0.000000	0.000000	0.000000	0.172357	0.000000	0.000000	0.000000	0.000000	0.000000	0.000000	0.000000	0.000000	0.000000	0.000000	0.000000	17.593857	0.000000	0.000000	0.000000
1764624640.713083506	0.000000	0.000000	0.014898	0.000000	0.000000	0.000000	0.000000	0.000000	0.172357	0.000000	0.000000	0.000000	0.000000	0.000000	0.000000	0.000000	0.000000	0.000000	0.000000	0.000000	17.593857	0.000000	0.000000	0.000000
1764624640.718791723	0.000000	0.000000	-0.020714	0.000000	0.000000	0.000000	0.000000	0.000000	0.172357	0.000000	0.000000	0.000000	0.000000	0.000000	0.000000	0.000000	0.000000	0.000000	0.000000	0.000000	17.593857	0.000000	0.000000	0.000000
1764624640.728760958	0.000000	0.000000	0.023609	0.000000	0.000000	0.000000	0.000000	0.000000	0.172357	0.000000	0.000000	0.000000	0.000000	0.000000	0.000000	0.000000	0.000000	0.000000	0.000000	0.000000	17.593857	0.000000	0.000000	0.000000
1764624640.751132011	0.000000	0.000000	-0.029664	0.000000	0.000000	0.000000	0.000000	0.000000	0.172357	0.000000	0.000000	0.000000	0.000000	0.000000	0.000000	0.000000	0.000000	0.000000	0.000000	0.000000	17.593857	0.000000	0.000000	0.000000
1764624640.752516985	0.000000	0.000000	-0.007125	0.000000	0.000000	0.000000	0.000000	0.000000	0.172357	0.000000	0.000000	0.000000	0.000000	0.000000	0.000000	0.000000	0.000000	0.000000	0.000000	0.000000	17.593857	0.000000	0.000000	0.000000
1764624640.758714437	0.000000	0.000000	0.005993	0.000000	0.000000	0.000000	0.000000	0.000000	0.172357	0.000000	0.000000	0.000000	0.000000	0.000000	0.000000	0.000000	0.000000	0.000000	0.000000	0.000000	17.593857	0.000000	0.000000	0.000000
1764624640.769001484	0.000000	0.000000	-0.020734	0.000000	0.000000	0.000000	0.000000	0.000000	0.172357	0.000000	0.000000	0.000000	0.000000	0.000000	0.000000	0.000000	0.000000	0.000000	0.000000	0.000000	17.593857	0.000000	0.000000	0.000000
1764624640.779095888	0.000000	0.000000	-0.035173	0.000000	0.000000	0.000000	0.000000	0.000000	0.172357	0.000000	0.000000	0.000000	0.000000	0.000000	0.000000	0.000000	0.000000	0.000000	0.000000	0.000000	17.593857	0.000000	0.000000	0.000000
1764624640.801132917	0.000000	0.000000	0.036744	0.000000	0.000000	0.000000	0.000000	0.000000	0.172357	0.000000	0.000000	0.000000	0.000000	0.000000	0.000000	0.000000	0.000000	0.000000	0.000000	0.000000	17.593857	0.000000	0.000000	0.000000
1764624640.801146507	0.000000	0.000000	-0.013389	0.000000	0.000000	0.000000	0.000000	0.000000	0.172357	0.000000	0.000000	0.000000	0.000000	0.000000	0.000000	0.000000	0.000000	0.000000	0.000000	0.000000	17.593857	0.000000	0.000000	0.000000
1764624640.809836388	0.000000	0.000000	0.010501	0.000000	0.000000	0.000000	0.000000	0.000000	0.172357	0.000000	0.000000	0.000000	0.000000	0.000000	0.000000	0.000000	0.000000	0.000000	0.000000	0.000000	17.593857	0.000000	0.000000	0.000000
1764624640.832015514	0.000000	0.000000	-0.004779	0.000000	0.000000	0.000000	0.000000	0.000000	0.172357	0.000000	0.000000	0.000000	0.000000	0.000000	0.000000	0.000000	0.000000	0.000000	0.000000	0.000000	17.593857	0.000000	0.000000	0.000000
1764624640.833207369	0.000000	0.000000	-0.009865	0.000000	0.000000	0.000000	0.000000	0.000000	0.172357	0.000000	0.000000	0.000000	0.000000	0.000000	0.000000	0.000000	0.000000	0.000000	0.000000	0.000000	17.593857	0.000000	0.000000	0.000000
1764624640.839022636	0.000000	0.000000	-0.035116	0.000000	0.000000	0.000000	0.000000	0.000000	0.172357	0.000000	0.000000	0.000000	0.000000	0.000000	0.000000	0.000000	0.000000	0.000000	0.000000	0.000000	17.593857	0.000000	0.000000	0.000000
1764624640.849578142	0.000000	0.000000	0.007366	0.000000	0.000000	0.000000	0.000000	0.000000	0.172357	0.000000	0.000000	0.000000	0.000000	0.000000	0.000000	0.000000	0.000000	0.000000	0.000000	0.000000	17.593857	0.000000	0.000000	0.000000
1764624640.862907648	0.000000	0.000000	-0.022765	0.000000	0.000000	0.000000	0.000000	0.000000	0.172357	0.000000	0.000000	0.000000	0.000000	0.000000	0.000000	0.000000	0.000000	0.000000	0.000000	0.000000	17.593857	0.000000	0.000000	0.000000
1764624640.869414568	0.000000	0.000000	0.012185	0.000000	0.000000	0.000000	0.000000	0.000000	0.172357	0.000000	0.000000	0.000000	0.000000	0.000000	0.000000	0.000000	0.000000	0.000000	0.000000	0.000000	17.593857	0.000000	0.000000	0.000000
1764624640.879252434	0.000000	0.000000	-0.016473	0.000000	0.000000	0.000000	0.000000	0.000000	0.172357	0.000000	0.000000	0.000000	0.000000	0.000000	0.000000	0.000000	0.000000	0.000000	0.000000	0.000000	17.593857	0.000000	0.000000	0.000000
1764624640.889137983	0.000000	0.000000	-0.016090	0.000000	0.000000	0.000000	0.000000	0.000000	0.172357	0.000000	0.000000	0.000000	0.000000	0.000000	0.000000	0.000000	0.000000	0.000000	0.000000	0.000000	17.593857	0.000000	0.000000	0.000000
1764624640.899107933	0.000000	0.000000	0.003496	0.000000	0.000000	0.000000	0.000000	0.000000	0.172357	0.000000	0.000000	0.000000	0.000000	0.000000	0.000000	0.000000	0.000000	0.000000	0.000000	0.000000	17.593857	0.000000	0.000000	0.000000
1764624640.918634415	0.000000	0.000000	-0.012644	0.000000	0.000000	0.000000	0.000000	0.000000	0.172357	0.000000	0.000000	0.000000	0.000000	0.000000	0.000000	0.000000	0.000000	0.000000	0.000000	0.000000	17.593857	0.000000	0.000000	0.000000
1764624640.918645144	0.000000	0.000000	-0.034455	0.000000	0.000000	0.000000	0.000000	0.000000	0.172357	0.000000	0.000000	0.000000	0.000000	0.000000	0.000000	0.000000	0.000000	0.000000	0.000000	0.000000	17.593857	0.000000	0.000000	0.000000
1764624640.928585052	0.000000	0.000000	-0.013343	0.000000	0.000000	0.000000	0.000000	0.000000	0.172357	0.000000	0.000000	0.000000	0.000000	0.000000	0.000000	0.000000	0.000000	0.000000	0.000000	0.000000	17.593857	0.000000	0.000000	0.000000
1764624640.949907303	0.000000	0.000000	-0.025742	0.000000	0.000000	0.000000	0.000000	0.000000	0.172357	0.000000	0.000000	0.000000	0.000000	0.000000	0.000000	0.000000	0.000000	0.000000	0.000000	0.000000	17.593857	0.000000	0.000000	0.000000
1764624640.949920177	0.000000	0.000000	0.013956	0.000000	0.000000	0.000000	0.000000	0.000000	0.172357	0.000000	0.000000	0.000000	0.000000	0.000000	0.000000	0.000000	0.000000	0.000000	0.000000	0.000000	17.593857	0.000000	0.000000	0.000000
1764624640.959352016	0.000000	0.000000	0.015012	0.000000	0.000000	0.000000	0.000000	0.000000	0.167366	0.000000	0.000000	0.000000	0.000000	0.000000	0.000000	0.000000	0.000000	0.000000	0.000000	0.000000	17.593857	0.000000	0.000000	0.000000
1764624640.969800711	0.000000	0.000000	-0.028215	0.000000	0.000000	0.000000	0.000000	0.000000	0.167366	0.000000	0.000000	0.000000	0.000000	0.000000	0.000000	0.000000	0.000000	0.000000	0.000000	0.000000	17.593857	0.000000	0.000000	0.000000
1764624640.991476059	0.000000	0.000000	-0.011617	0.000000	0.000000	0.000000	0.000000	0.000000	0.167366	0.000000	0.000000	0.000000	0.000000	0.000000	0.000000	0.000000	0.000000	0.000000	0.000000	0.000000	17.593857	0.000000	0.000000	0.000000
1764624640.992820501	0.000000	0.000000	-0.024382	0.000000	0.000000	0.000000	0.000000	0.000000	0.167366	0.000000	0.000000	0.000000	0.000000	0.000000	0.000000	0.000000	0.000000	0.000000	0.000000	0.000000	17.593857	0.000000	0.000000	0.000000
1764624640.999096394	0.000000	0.000000	-0.005696	0.000000	0.000000	0.000000	0.000000	0.000000	0.167366	0.000000	0.000000	0.000000	0.000000	0.000000	0.000000	0.000000	0.000000	0.000000	0.000000	0.000000	17.593857	0.000000	0.000000	0.000000
1764624641.009074450	0.000000	0.000000	-0.001294	0.000000	0.000000	0.000000	0.000000	0.000000	0.167366	0.000000	0.000000	0.000000	0.000000	0.000000	0.000000	0.000000	0.000000	0.000000	0.000000	0.000000	17.593857	0.000000	0.000000	0.000000
1764624641.026037216	0.000000	0.000000	0.025048	0.000000	0.000000	0.000000	0.000000	0.000000	0.167366	0.000000	0.000000	0.000000	0.000000	0.000000	0.000000	0.000000	0.000000	0.000000	0.000000	0.000000	17.593857	0.000000	0.000000	0.000000
1764624641.028521299	0.000000	0.000000	-0.027393	0.000000	0.000000	0.000000	0.000000	0.000000	0.167366	0.000000	0.000000	0.000000	0.000000	0.000000	0.000000	0.000000	0.000000	0.000000	0.000000	0.000000	17.593857	0.000000	0.000000	0.000000
1764624641.039247513	0.000000	0.000000	0.038515	0.000000	0.000000	0.000000	0.000000	0.000000	0.167366	0.000000	0.000000	0.000000	0.000000	0.000000	0.000000	0.000000	0.000000	0.000000	0.000000	0.000000	17.593857	0.000000	0.000000	0.000000
1764624641.048777580	0.000000	0.000000	-0.045846	0.000000	0.000000	0.000000	0.000000	0.000000	0.167366	0.000000	0.000000	0.000000	0.000000	0.000000	0.000000	0.000000	0.000000	0.000000	0.000000	0.000000	17.593857	0.000000	0.000000	0.000000
1764624641.059066296	0.000000	0.000000	0.002890	0.000000	0.000000	0.000000	0.000000	0.000000	0.167366	0.000000	0.000000	0.000000	0.000000	0.000000	0.000000	0.000000	0.000000	0.000000	0.000000	0.000000	17.593857	0.000000	0.000000	0.000000
1764624641.077824354	0.000000	0.000000	-0.007339	0.000000	0.000000	0.000000	0.000000	0.000000	0.167366	0.000000	0.000000	0.000000	0.000000	0.000000	0.000000	0.000000	0.000000	0.000000	0.000000	0.000000	17.593857	0.000000	0.000000	0.000000
1764624641.080921888	0.000000	0.000000	-0.011288	0.000000	0.000000	0.000000	0.000000	0.000000	0.167366	0.000000	0.000000	0.000000	0.000000	0.000000	0.000000	0.000000	0.000000	0.000000	0.000000	0.000000	17.593857	0.000000	0.000000	0.000000
1764624641.088989735	0.000000	0.000000	-0.045449	0.000000	0.000000	0.000000	0.000000	0.000000	0.167366	0.000000	0.000000	0.000000	0.000000	0.000000	0.000000	0.000000	0.000000	0.000000	0.000000	0.000000	17.593857	0.000000	0.000000	0.000000
1764624641.099131823	0.000000	0.000000	0.026043	0.000000	0.000000	0.000000	0.000000	0.000000	0.167366	0.000000	0.000000	0.000000	0.000000	0.000000	0.000000	0.000000	0.000000	0.000000	0.000000	0.000000	17.593857	0.000000	0.000000	0.000000
1764624641.118697643	0.000000	0.000000	-0.003868	0.000000	0.000000	0.000000	0.000000	0.000000	0.167366	0.000000	0.000000	0.000000	0.000000	0.000000	0.000000	0.000000	0.000000	0.000000	0.000000	0.000000	17.593857	0.000000	0.000000	0.000000
1764624641.120019913	0.000000	0.000000	0.022954	0.000000	0.000000	0.000000	0.000000	0.000000	0.167366	0.000000	0.000000	0.000000	0.000000	0.000000	0.000000	0.000000	0.000000	0.000000	0.000000	0.000000	17.593857	0.000000	0.000000	0.000000
1764624641.128212452	0.000000	0.000000	-0.037145	0.000000	0.000000	0.000000	0.000000	0.000000	0.167366	0.000000	0.000000	0.000000	0.000000	0.000000	0.000000	0.000000	0.000000	0.000000	0.000000	0.000000	17.593857	0.000000	0.000000	0.000000
1764624641.152236223	0.000000	0.000000	-0.023715	0.000000	0.000000	0.000000	0.000000	0.000000	0.167366	0.000000	0.000000	0.000000	0.000000	0.000000	0.000000	0.000000	0.000000	0.000000	0.000000	0.000000	17.593857	0.000000	0.000000	0.000000
1764624641.153929472	0.000000	0.000000	0.019873	0.000000	0.000000	0.000000	0.000000	0.000000	0.167366	0.000000	0.000000	0.000000	0.000000	0.000000	0.000000	0.000000	0.000000	0.000000	0.000000	0.000000	17.593857	0.000000	0.000000	0.000000
1764624641.159844398	0.000000	0.000000	0.006362	0.000000	0.000000	0.000000	0.000000	0.000000	0.167366	0.000000	0.000000	0.000000	0.000000	0.000000	0.000000	0.000000	0.000000	0.000000	0.000000	0.000000	17.593857	0.000000	0.000000	0.000000
1764624641.169435501	0.000000	0.000000	-0.023652	0.000000	0.000000	0.000000	0.000000	0.000000	0.167366	0.000000	0.000000	0.000000	0.000000	0.000000	0.000000	0.000000	0.000000	0.000000	0.000000	0.000000	17.593857	0.000000	0.000000	0.000000
1764624641.187907696	0.000000	0.000000	0.019566	0.000000	0.000000	0.000000	0.000000	0.000000	0.167366	0.000000	0.000000	0.000000	0.000000	0.000000	0.000000	0.000000	0.000000	0.000000	0.000000	0.000000	17.593857	0.000000	0.000000	0.000000
1764624641.196486950	0.000000	0.000000	-0.008044	0.000000	0.000000	0.000000	0.000000	0.000000	0.167366	0.000000	0.000000	0.000000	0.000000	0.000000	0.000000	0.000000	0.000000	0.000000	0.000000	0.000000	17.593857	0.000000	0.000000	0.000000
1764624641.198676586	0.000000	0.000000	0.022617	0.000000	0.000000	0.000000	0.000000	0.000000	0.167366	0.000000	0.000000	0.000000	0.000000	0.000000	0.000000	0.000000	0.000000	0.000000	0.000000	0.000000	17.593857	0.000000	0.000000	0.000000
1764624641.209796906	0.000000	0.000000	-0.021923	0.000000	0.000000	0.000000	0.000000	0.000000	0.191874	0.000000	0.000000	0.000000	0.000000	0.000000	0.000000	0.000000	0.000000	0.000000	0.000000	0.000000	17.593857	0.000000	0.000000	0.000000
1764624641.219370365	0.000000	0.000000	0.000231	0.000000	0.000000	0.000000	0.000000	0.000000	0.191874	0.000000	0.000000	0.000000	0.000000	0.000000	0.000000	0.000000	0.000000	0.000000	0.000000	0.000000	17.593857	0.000000	0.000000	0.000000
1764624641.238113880	0.000000	0.000000	0.001974	0.000000	0.000000	0.000000	0.000000	0.000000	0.191874	0.000000	0.000000	0.000000	0.000000	0.000000	0.000000	0.000000	0.000000	0.000000	0.000000	0.000000	17.593857	0.000000	0.000000	0.000000
1764624641.244673967	0.000000	0.000000	-0.003551	0.000000	0.000000	0.000000	0.000000	0.000000	0.191874	0.000000	0.000000	0.000000	0.000000	0.000000	0.000000	0.000000	0.000000	0.000000	0.000000	0.000000	17.593857	0.000000	0.000000	0.000000
1764624641.248703003	0.000000	0.000000	-0.035850	0.000000	0.000000	0.000000	0.000000	0.000000	0.191874	0.000000	0.000000	0.000000	0.000000	0.000000	0.000000	0.000000	0.000000	0.000000	0.000000	0.000000	17.593857	0.000000	0.000000	0.000000
1764624641.274697304	0.000000	0.000000	0.025487	0.000000	0.000000	0.000000	0.000000	0.000000	0.191874	0.000000	0.000000	0.000000	0.000000	0.000000	0.000000	0.000000	0.000000	0.000000	0.000000	0.000000	17.593857	0.000000	0.000000	0.000000
1764624641.274724483	0.000000	0.000000	0.005809	0.000000	0.000000	0.000000	0.000000	0.000000	0.191874	0.000000	0.000000	0.000000	0.000000	0.000000	0.000000	0.000000	0.000000	0.000000	0.000000	0.000000	17.593857	0.000000	0.000000	0.000000
1764624641.278420448	0.000000	0.000000	-0.010084	0.000000	0.000000	0.000000	0.000000	0.000000	0.191874	0.000000	0.000000	0.000000	0.000000	0.000000	0.000000	0.000000	0.000000	0.000000	0.000000	0.000000	17.593857	0.000000	0.000000	0.000000
1764624641.287995338	0.000000	0.000000	-0.001157	0.000000	0.000000	0.000000	0.000000	0.000000	0.191874	0.000000	0.000000	0.000000	0.000000	0.000000	0.000000	0.000000	0.000000	0.000000	0.000000	0.000000	17.593857	0.000000	0.000000	0.000000
1764624641.314068079	0.000000	0.000000	-0.001890	0.000000	0.000000	0.000000	0.000000	0.000000	0.191874	0.000000	0.000000	0.000000	0.000000	0.000000	0.000000	0.000000	0.000000	0.000000	0.000000	0.000000	17.593857	0.000000	0.000000	0.000000
1764624641.315673828	0.000000	0.000000	-0.000738	0.000000	0.000000	0.000000	0.000000	0.000000	0.191874	0.000000	0.000000	0.000000	0.000000	0.000000	0.000000	0.000000	0.000000	0.000000	0.000000	0.000000	17.593857	0.000000	0.000000	0.000000
1764624641.318749905	0.000000	0.000000	-0.009734	0.000000	0.000000	0.000000	0.000000	0.000000	0.191874	0.000000	0.000000	0.000000	0.000000	0.000000	0.000000	0.000000	0.000000	0.000000	0.000000	0.000000	17.593857	0.000000	0.000000	0.000000
1764624641.329370499	0.000000	0.000000	-0.016363	0.000000	0.000000	0.000000	0.000000	0.000000	0.191874	0.000000	0.000000	0.000000	0.000000	0.000000	0.000000	0.000000	0.000000	0.000000	0.000000	0.000000	17.593857	0.000000	0.000000	0.000000
1764624641.338885784	0.000000	0.000000	0.018853	0.000000	0.000000	0.000000	0.000000	0.000000	0.191874	0.000000	0.000000	0.000000	0.000000	0.000000	0.000000	0.000000	0.000000	0.000000	0.000000	0.000000	17.593857	0.000000	0.000000	0.000000
1764624641.360623837	0.000000	0.000000	0.008614	0.000000	0.000000	0.000000	0.000000	0.000000	0.191874	0.000000	0.000000	0.000000	0.000000	0.000000	0.000000	0.000000	0.000000	0.000000	0.000000	0.000000	17.593857	0.000000	0.000000	0.000000
1764624641.360632658	0.000000	0.000000	-0.004855	0.000000	0.000000	0.000000	0.000000	0.000000	0.191874	0.000000	0.000000	0.000000	0.000000	0.000000	0.000000	0.000000	0.000000	0.000000	0.000000	0.000000	17.593857	0.000000	0.000000	0.000000
1764624641.369692326	0.000000	0.000000	-0.007952	0.000000	0.000000	0.000000	0.000000	0.000000	0.191874	0.000000	0.000000	0.000000	0.000000	0.000000	0.000000	0.000000	0.000000	0.000000	0.000000	0.000000	17.593857	0.000000	0.000000	0.000000
1764624641.379342079	0.000000	0.000000	-0.011502	0.000000	0.000000	0.000000	0.000000	0.000000	0.191874	0.000000	0.000000	0.000000	0.000000	0.000000	0.000000	0.000000	0.000000	0.000000	0.000000	0.000000	17.593857	0.000000	0.000000	0.000000
1764624641.388548136	0.000000	0.000000	0.029964	0.000000	0.000000	0.000000	0.000000	0.000000	0.191874	0.000000	0.000000	0.000000	0.000000	0.000000	0.000000	0.000000	0.000000	0.000000	0.000000	0.000000	17.593857	0.000000	0.000000	0.000000
1764624641.398648024	0.000000	0.000000	-0.015996	0.000000	0.000000	0.000000	0.000000	0.000000	0.191874	0.000000	0.000000	0.000000	0.000000	0.000000	0.000000	0.000000	0.000000	0.000000	0.000000	0.000000	17.593857	0.000000	0.000000	0.000000
1764624641.409914732	0.000000	0.000000	-0.024627	0.000000	0.000000	0.000000	0.000000	0.000000	0.191874	0.000000	0.000000	0.000000	0.000000	0.000000	0.000000	0.000000	0.000000	0.000000	0.000000	0.000000	17.593857	0.000000	0.000000	0.000000
1764624641.418984890	0.000000	0.000000	0.011427	0.000000	0.000000	0.000000	0.000000	0.000000	0.191874	0.000000	0.000000	0.000000	0.000000	0.000000	0.000000	0.000000	0.000000	0.000000	0.000000	0.000000	17.593857	0.000000	0.000000	0.000000
1764624641.438198090	0.000000	0.000000	-0.013436	0.000000	0.000000	0.000000	0.000000	0.000000	0.191874	0.000000	0.000000	0.000000	0.000000	0.000000	0.000000	0.000000	0.000000	0.000000	0.000000	0.000000	17.593857	0.000000	0.000000	0.000000
1764624641.438218117	0.000000	0.000000	0.007813	0.000000	0.000000	0.000000	0.000000	0.000000	0.191874	0.000000	0.000000	0.000000	0.000000	0.000000	0.000000	0.000000	0.000000	0.000000	0.000000	0.000000	17.593857	0.000000	0.000000	0.000000
1764624641.448632717	0.000000	0.000000	-0.001790	0.000000	0.000000	0.000000	0.000000	0.000000	0.191874	0.000000	0.000000	0.000000	0.000000	0.000000	0.000000	0.000000	0.000000	0.000000	0.000000	0.000000	17.593857	0.000000	0.000000	0.000000
1764624641.470745564	0.000000	0.000000	-0.020088	0.000000	0.000000	0.000000	0.000000	0.000000	0.204715	0.000000	0.000000	0.000000	0.000000	0.000000	0.000000	0.000000	0.000000	0.000000	0.000000	0.000000	17.593857	0.000000	0.000000	0.000000
1764624641.472466469	0.000000	0.000000	0.020328	0.000000	0.000000	0.000000	0.000000	0.000000	0.204715	0.000000	0.000000	0.000000	0.000000	0.000000	0.000000	0.000000	0.000000	0.000000	0.000000	0.000000	17.593857	0.000000	0.000000	0.000000
1764624641.478689432	0.000000	0.000000	0.011764	0.000000	0.000000	0.000000	0.000000	0.000000	0.204715	0.000000	0.000000	0.000000	0.000000	0.000000	0.000000	0.000000	0.000000	0.000000	0.000000	0.000000	17.593857	0.000000	0.000000	0.000000
1764624641.489124298	0.000000	0.000000	-0.024264	0.000000	0.000000	0.000000	0.000000	0.000000	0.204715	0.000000	0.000000	0.000000	0.000000	0.000000	0.000000	0.000000	0.000000	0.000000	0.000000	0.000000	17.593857	0.000000	0.000000	0.000000
1764624641.498437166	0.000000	0.000000	0.021429	0.000000	0.000000	0.000000	0.000000	0.000000	0.204715	0.000000	0.000000	0.000000	0.000000	0.000000	0.000000	0.000000	0.000000	0.000000	0.000000	0.000000	17.593857	0.000000	0.000000	0.000000
1764624641.519445419	0.000000	0.000000	-0.016316	0.000000	0.000000	0.000000	0.000000	0.000000	0.204715	0.000000	0.000000	0.000000	0.000000	0.000000	0.000000	0.000000	0.000000	0.000000	0.000000	0.000000	17.593857	0.000000	0.000000	0.000000
1764624641.519450426	0.000000	0.000000	-0.013088	0.000000	0.000000	0.000000	0.000000	0.000000	0.204715	0.000000	0.000000	0.000000	0.000000	0.000000	0.000000	0.000000	0.000000	0.000000	0.000000	0.000000	17.593857	0.000000	0.000000	0.000000
1764624641.528439760	0.000000	0.000000	0.025187	0.000000	0.000000	0.000000	0.000000	0.000000	0.204715	0.000000	0.000000	0.000000	0.000000	0.000000	0.000000	0.000000	0.000000	0.000000	0.000000	0.000000	17.593857	0.000000	0.000000	0.000000
1764624641.548961401	0.000000	0.000000	-0.033187	0.000000	0.000000	0.000000	0.000000	0.000000	0.204715	0.000000	0.000000	0.000000	0.000000	0.000000	0.000000	0.000000	0.000000	0.000000	0.000000	0.000000	17.593857	0.000000	0.000000	0.000000
1764624641.550268173	0.000000	0.000000	0.063622	0.000000	0.000000	0.000000	0.000000	0.000000	0.204715	0.000000	0.000000	0.000000	0.000000	0.000000	0.000000	0.000000	0.000000	0.000000	0.000000	0.000000	17.593857	0.000000	0.000000	0.000000
1764624641.558512211	0.000000	0.000000	-0.017952	0.000000	0.000000	0.000000	0.000000	0.000000	0.204715	0.000000	0.000000	0.000000	0.000000	0.000000	0.000000	0.000000	0.000000	0.000000	0.000000	0.000000	17.593857	0.000000	0.000000	0.000000
1764624641.569217205	0.000000	0.000000	-0.013201	0.000000	0.000000	0.000000	0.000000	0.000000	0.204715	0.000000	0.000000	0.000000	0.000000	0.000000	0.000000	0.000000	0.000000	0.000000	0.000000	0.000000	17.593857	0.000000	0.000000	0.000000
1764624641.596110106	0.000000	0.000000	0.016230	0.000000	0.000000	0.000000	0.000000	0.000000	0.204715	0.000000	0.000000	0.000000	0.000000	0.000000	0.000000	0.000000	0.000000	0.000000	0.000000	0.000000	17.593857	0.000000	0.000000	0.000000
1764624641.596140146	0.000000	0.000000	-0.008311	0.000000	0.000000	0.000000	0.000000	0.000000	0.204715	0.000000	0.000000	0.000000	0.000000	0.000000	0.000000	0.000000	0.000000	0.000000	0.000000	0.000000	17.593857	0.000000	0.000000	0.000000
1764624641.598965168	0.000000	0.000000	0.003482	0.000000	0.000000	0.000000	0.000000	0.000000	0.204715	0.000000	0.000000	0.000000	0.000000	0.000000	0.000000	0.000000	0.000000	0.000000	0.000000	0.000000	17.593857	0.000000	0.000000	0.000000
1764624641.608613491	0.000000	0.000000	0.042491	0.000000	0.000000	0.000000	0.000000	0.000000	0.204715	0.000000	0.000000	0.000000	0.000000	0.000000	0.000000	0.000000	0.000000	0.000000	0.000000	0.000000	17.593857	0.000000	0.000000	0.000000
1764624641.629697084	0.000000	0.000000	-0.024494	0.000000	0.000000	0.000000	0.000000	0.000000	0.204715	0.000000	0.000000	0.000000	0.000000	0.000000	0.000000	0.000000	0.000000	0.000000	0.000000	0.000000	17.593857	0.000000	0.000000	0.000000
1764624641.629712820	0.000000	0.000000	0.021113	0.000000	0.000000	0.000000	0.000000	0.000000	0.204715	0.000000	0.000000	0.000000	0.000000	0.000000	0.000000	0.000000	0.000000	0.000000	0.000000	0.000000	17.593857	0.000000	0.000000	0.000000
1764624641.638815880	0.000000	0.000000	-0.028036	0.000000	0.000000	0.000000	0.000000	0.000000	0.204715	0.000000	0.000000	0.000000	0.000000	0.000000	0.000000	0.000000	0.000000	0.000000	0.000000	0.000000	17.593857	0.000000	0.000000	0.000000
1764624641.648850203	0.000000	0.000000	-0.022009	0.000000	0.000000	0.000000	0.000000	0.000000	0.204715	0.000000	0.000000	0.000000	0.000000	0.000000	0.000000	0.000000	0.000000	0.000000	0.000000	0.000000	17.593857	0.000000	0.000000	0.000000
1764624641.670636892	0.000000	0.000000	0.020071	0.000000	0.000000	0.000000	0.000000	0.000000	0.204715	0.000000	0.000000	0.000000	0.000000	0.000000	0.000000	0.000000	0.000000	0.000000	0.000000	0.000000	17.593857	0.000000	0.000000	0.000000
1764624641.672359705	0.000000	0.000000	0.016293	0.000000	0.000000	0.000000	0.000000	0.000000	0.204715	0.000000	0.000000	0.000000	0.000000	0.000000	0.000000	0.000000	0.000000	0.000000	0.000000	0.000000	17.593857	0.000000	0.000000	0.000000
1764624641.678742170	0.000000	0.000000	-0.017013	0.000000	0.000000	0.000000	0.000000	0.000000	0.204715	0.000000	0.000000	0.000000	0.000000	0.000000	0.000000	0.000000	0.000000	0.000000	0.000000	0.000000	17.593857	0.000000	0.000000	0.000000
1764624641.688728333	0.000000	0.000000	0.039135	0.000000	0.000000	0.000000	0.000000	0.000000	0.204715	0.000000	0.000000	0.000000	0.000000	0.000000	0.000000	0.000000	0.000000	0.000000	0.000000	0.000000	17.593857	0.000000	0.000000	0.000000
1764624641.712777138	0.000000	0.000000	-0.027551	0.000000	0.000000	0.000000	0.000000	0.000000	0.204715	0.000000	0.000000	0.000000	0.000000	0.000000	0.000000	0.000000	0.000000	0.000000	0.000000	0.000000	17.593857	0.000000	0.000000	0.000000
1764624641.714297295	0.000000	0.000000	0.022552	0.000000	0.000000	0.000000	0.000000	0.000000	0.204715	0.000000	0.000000	0.000000	0.000000	0.000000	0.000000	0.000000	0.000000	0.000000	0.000000	0.000000	17.593857	0.000000	0.000000	0.000000
1764624641.718711853	0.000000	0.000000	-0.016289	0.000000	0.000000	0.000000	0.000000	0.000000	0.207311	0.000000	0.000000	0.000000	0.000000	0.000000	0.000000	0.000000	0.000000	0.000000	0.000000	0.000000	17.593857	0.000000	0.000000	0.000000
1764624641.728795290	0.000000	0.000000	0.013293	0.000000	0.000000	0.000000	0.000000	0.000000	0.207311	0.000000	0.000000	0.000000	0.000000	0.000000	0.000000	0.000000	0.000000	0.000000	0.000000	0.000000	17.593857	0.000000	0.000000	0.000000
1764624641.748385191	0.000000	0.000000	0.046980	0.000000	0.000000	0.000000	0.000000	0.000000	0.207311	0.000000	0.000000	0.000000	0.000000	0.000000	0.000000	0.000000	0.000000	0.000000	0.000000	0.000000	17.593857	0.000000	0.000000	0.000000
1764624641.748406649	0.000000	0.000000	-0.019945	0.000000	0.000000	0.000000	0.000000	0.000000	0.207311	0.000000	0.000000	0.000000	0.000000	0.000000	0.000000	0.000000	0.000000	0.000000	0.000000	0.000000	17.593857	0.000000	0.000000	0.000000
1764624641.758882999	0.000000	0.000000	0.022140	0.000000	0.000000	0.000000	0.000000	0.000000	0.207311	0.000000	0.000000	0.000000	0.000000	0.000000	0.000000	0.000000	0.000000	0.000000	0.000000	0.000000	17.593857	0.000000	0.000000	0.000000
1764624641.769432545	0.000000	0.000000	0.002490	0.000000	0.000000	0.000000	0.000000	0.000000	0.207311	0.000000	0.000000	0.000000	0.000000	0.000000	0.000000	0.000000	0.000000	0.000000	0.000000	0.000000	17.593857	0.000000	0.000000	0.000000
1764624641.779288292	0.000000	0.000000	0.004581	0.000000	0.000000	0.000000	0.000000	0.000000	0.207311	0.000000	0.000000	0.000000	0.000000	0.000000	0.000000	0.000000	0.000000	0.000000	0.000000	0.000000	17.593857	0.000000	0.000000	0.000000
1764624641.802467108	0.000000	0.000000	0.009407	0.000000	0.000000	0.000000	0.000000	0.000000	0.207311	0.000000	0.000000	0.000000	0.000000	0.000000	0.000000	0.000000	0.000000	0.000000	0.000000	0.000000	17.593857	0.000000	0.000000	0.000000
1764624641.802484512	0.000000	0.000000	0.020800	0.000000	0.000000	0.000000	0.000000	0.000000	0.207311	0.000000	0.000000	0.000000	0.000000	0.000000	0.000000	0.000000	0.000000	0.000000	0.000000	0.000000	17.593857	0.000000	0.000000	0.000000
1764624641.807994843	0.000000	0.000000	-0.008896	0.000000	0.000000	0.000000	0.000000	0.000000	0.207311	0.000000	0.000000	0.000000	0.000000	0.000000	0.000000	0.000000	0.000000	0.000000	0.000000	0.000000	17.593857	0.000000	0.000000	0.000000
1764624641.818133593	0.000000	0.000000	0.046653	0.000000	0.000000	0.000000	0.000000	0.000000	0.207311	0.000000	0.000000	0.000000	0.000000	0.000000	0.000000	0.000000	0.000000	0.000000	0.000000	0.000000	17.593857	0.000000	0.000000	0.000000
1764624641.838531256	0.000000	0.000000	-0.046256	0.000000	0.000000	0.000000	0.000000	0.000000	0.207311	0.000000	0.000000	0.000000	0.000000	0.000000	0.000000	0.000000	0.000000	0.000000	0.000000	0.000000	17.593857	0.000000	0.000000	0.000000
1764624641.838541985	0.000000	0.000000	0.031548	0.000000	0.000000	0.000000	0.000000	0.000000	0.207311	0.000000	0.000000	0.000000	0.000000	0.000000	0.000000	0.000000	0.000000	0.000000	0.000000	0.000000	17.593857	0.000000	0.000000	0.000000
1764624641.848614931	0.000000	0.000000	0.025062	0.000000	0.000000	0.000000	0.000000	0.000000	0.207311	0.000000	0.000000	0.000000	0.000000	0.000000	0.000000	0.000000	0.000000	0.000000	0.000000	0.000000	17.593857	0.000000	0.000000	0.000000
1764624641.867676735	0.000000	0.000000	-0.017224	0.000000	0.000000	0.000000	0.000000	0.000000	0.207311	0.000000	0.000000	0.000000	0.000000	0.000000	0.000000	0.000000	0.000000	0.000000	0.000000	0.000000	17.593857	0.000000	0.000000	0.000000
1764624641.869777441	0.000000	0.000000	0.034977	0.000000	0.000000	0.000000	0.000000	0.000000	0.207311	0.000000	0.000000	0.000000	0.000000	0.000000	0.000000	0.000000	0.000000	0.000000	0.000000	0.000000	17.593857	0.000000	0.000000	0.000000
1764624641.878616571	0.000000	0.000000	-0.010696	0.000000	0.000000	0.000000	0.000000	0.000000	0.207311	0.000000	0.000000	0.000000	0.000000	0.000000	0.000000	0.000000	0.000000	0.000000	0.000000	0.000000	17.593857	0.000000	0.000000	0.000000
1764624641.888193130	0.000000	0.000000	0.000807	0.000000	0.000000	0.000000	0.000000	0.000000	0.207311	0.000000	0.000000	0.000000	0.000000	0.000000	0.000000	0.000000	0.000000	0.000000	0.000000	0.000000	17.593857	0.000000	0.000000	0.000000
1764624641.898114681	0.000000	0.000000	0.044296	0.000000	0.000000	0.000000	0.000000	0.000000	0.207311	0.000000	0.000000	0.000000	0.000000	0.000000	0.000000	0.000000	0.000000	0.000000	0.000000	0.000000	17.593857	0.000000	0.000000	0.000000
1764624641.919933796	0.000000	0.000000	0.000763	0.000000	0.000000	0.000000	0.000000	0.000000	0.207311	0.000000	0.000000	0.000000	0.000000	0.000000	0.000000	0.000000	0.000000	0.000000	0.000000	0.000000	17.593857	0.000000	0.000000	0.000000
1764624641.919950962	0.000000	0.000000	0.019790	0.000000	0.000000	0.000000	0.000000	0.000000	0.207311	0.000000	0.000000	0.000000	0.000000	0.000000	0.000000	0.000000	0.000000	0.000000	0.000000	0.000000	17.593857	0.000000	0.000000	0.000000
1764624641.928505421	0.000000	0.000000	0.025293	0.000000	0.000000	0.000000	0.000000	0.000000	0.207311	0.000000	0.000000	0.000000	0.000000	0.000000	0.000000	0.000000	0.000000	0.000000	0.000000	0.000000	17.593857	0.000000	0.000000	0.000000
1764624641.938679934	0.000000	0.000000	-0.029642	0.000000	0.000000	0.000000	0.000000	0.000000	0.207311	0.000000	0.000000	0.000000	0.000000	0.000000	0.000000	0.000000	0.000000	0.000000	0.000000	0.000000	17.593857	0.000000	0.000000	0.000000
1764624641.963339806	0.000000	0.000000	-0.020625	0.000000	0.000000	0.000000	0.000000	0.000000	0.215363	0.000000	0.000000	0.000000	0.000000	0.000000	0.000000	0.000000	0.000000	0.000000	0.000000	0.000000	17.593857	0.000000	0.000000	0.000000
1764624641.964918375	0.000000	0.000000	0.078875	0.000000	0.000000	0.000000	0.000000	0.000000	0.215363	0.000000	0.000000	0.000000	0.000000	0.000000	0.000000	0.000000	0.000000	0.000000	0.000000	0.000000	17.593857	0.000000	0.000000	0.000000
1764624641.969052076	0.000000	0.000000	-0.028252	0.000000	0.000000	0.000000	0.000000	0.000000	0.215363	0.000000	0.000000	0.000000	0.000000	0.000000	0.000000	0.000000	0.000000	0.000000	0.000000	0.000000	17.593857	0.000000	0.000000	0.000000
1764624641.979446888	0.000000	0.000000	0.019760	0.000000	0.000000	0.000000	0.000000	0.000000	0.215363	0.000000	0.000000	0.000000	0.000000	0.000000	0.000000	0.000000	0.000000	0.000000	0.000000	0.000000	17.593857	0.000000	0.000000	0.000000
1764624641.996178865	0.000000	0.000000	-0.003018	0.000000	0.000000	0.000000	0.000000	0.000000	0.215363	0.000000	0.000000	0.000000	0.000000	0.000000	0.000000	0.000000	0.000000	0.000000	0.000000	0.000000	17.593857	0.000000	0.000000	0.000000
1764624641.999166727	0.000000	0.000000	0.023939	0.000000	0.000000	0.000000	0.000000	0.000000	0.215363	0.000000	0.000000	0.000000	0.000000	0.000000	0.000000	0.000000	0.000000	0.000000	0.000000	0.000000	17.593857	0.000000	0.000000	0.000000
1764624642.009918690	0.000000	0.000000	-0.004516	0.000000	0.000000	0.000000	0.000000	0.000000	0.215363	0.000000	0.000000	0.000000	0.000000	0.000000	0.000000	0.000000	0.000000	0.000000	0.000000	0.000000	17.593857	0.000000	0.000000	0.000000
1764624642.018907070	0.000000	0.000000	0.008087	0.000000	0.000000	0.000000	0.000000	0.000000	0.215363	0.000000	0.000000	0.000000	0.000000	0.000000	0.000000	0.000000	0.000000	0.000000	0.000000	0.000000	17.593857	0.000000	0.000000	0.000000
1764624642.038256168	0.000000	0.000000	0.017692	0.000000	0.000000	0.000000	0.000000	0.000000	0.215363	0.000000	0.000000	0.000000	0.000000	0.000000	0.000000	0.000000	0.000000	0.000000	0.000000	0.000000	17.593857	0.000000	0.000000	0.000000
1764624642.046614170	0.000000	0.000000	0.019112	0.000000	0.000000	0.000000	0.000000	0.000000	0.215363	0.000000	0.000000	0.000000	0.000000	0.000000	0.000000	0.000000	0.000000	0.000000	0.000000	0.000000	17.593857	0.000000	0.000000	0.000000
1764624642.048762798	0.000000	0.000000	0.003213	0.000000	0.000000	0.000000	0.000000	0.000000	0.215363	0.000000	0.000000	0.000000	0.000000	0.000000	0.000000	0.000000	0.000000	0.000000	0.000000	0.000000	17.593857	0.000000	0.000000	0.000000
1764624642.068447113	0.000000	0.000000	0.067124	0.000000	0.000000	0.000000	0.000000	0.000000	0.215363	0.000000	0.000000	0.000000	0.000000	0.000000	0.000000	0.000000	0.000000	0.000000	0.000000	0.000000	17.593857	0.000000	0.000000	0.000000
1764624642.069727659	0.000000	0.000000	-0.012964	0.000000	0.000000	0.000000	0.000000	0.000000	0.215363	0.000000	0.000000	0.000000	0.000000	0.000000	0.000000	0.000000	0.000000	0.000000	0.000000	0.000000	17.593857	0.000000	0.000000	0.000000
1764624642.078213453	0.000000	0.000000	-0.001273	0.000000	0.000000	0.000000	0.000000	0.000000	0.215363	0.000000	0.000000	0.000000	0.000000	0.000000	0.000000	0.000000	0.000000	0.000000	0.000000	0.000000	17.593857	0.000000	0.000000	0.000000
1764624642.089153051	0.000000	0.000000	0.038140	0.000000	0.000000	0.000000	0.000000	0.000000	0.215363	0.000000	0.000000	0.000000	0.000000	0.000000	0.000000	0.000000	0.000000	0.000000	0.000000	0.000000	17.593857	0.000000	0.000000	0.000000
1764624642.113459587	0.000000	0.000000	0.024722	0.000000	0.000000	0.000000	0.000000	0.000000	0.215363	0.000000	0.000000	0.000000	0.000000	0.000000	0.000000	0.000000	0.000000	0.000000	0.000000	0.000000	17.593857	0.000000	0.000000	0.000000
1764624642.115397930	0.000000	0.000000	-0.001737	0.000000	0.000000	0.000000	0.000000	0.000000	0.215363	0.000000	0.000000	0.000000	0.000000	0.000000	0.000000	0.000000	0.000000	0.000000	0.000000	0.000000	17.593857	0.000000	0.000000	0.000000
1764624642.118907928	0.000000	0.000000	0.036369	0.000000	0.000000	0.000000	0.000000	0.000000	0.215363	0.000000	0.000000	0.000000	0.000000	0.000000	0.000000	0.000000	0.000000	0.000000	0.000000	0.000000	17.593857	0.000000	0.000000	0.000000
1764624642.128714085	0.000000	0.000000	-0.012666	0.000000	0.000000	0.000000	0.000000	0.000000	0.215363	0.000000	0.000000	0.000000	0.000000	0.000000	0.000000	0.000000	0.000000	0.000000	0.000000	0.000000	17.593857	0.000000	0.000000	0.000000
1764624642.153468370	0.000000	0.000000	0.027809	0.000000	0.000000	0.000000	0.000000	0.000000	0.215363	0.000000	0.000000	0.000000	0.000000	0.000000	0.000000	0.000000	0.000000	0.000000	0.000000	0.000000	17.593857	0.000000	0.000000	0.000000
1764624642.154997826	0.000000	0.000000	0.000372	0.000000	0.000000	0.000000	0.000000	0.000000	0.215363	0.000000	0.000000	0.000000	0.000000	0.000000	0.000000	0.000000	0.000000	0.000000	0.000000	0.000000	17.593857	0.000000	0.000000	0.000000
1764624642.159005642	0.000000	0.000000	-0.023488	0.000000	0.000000	0.000000	0.000000	0.000000	0.215363	0.000000	0.000000	0.000000	0.000000	0.000000	0.000000	0.000000	0.000000	0.000000	0.000000	0.000000	17.593857	0.000000	0.000000	0.000000
1764624642.169576645	0.000000	0.000000	0.059814	0.000000	0.000000	0.000000	0.000000	0.000000	0.215363	0.000000	0.000000	0.000000	0.000000	0.000000	0.000000	0.000000	0.000000	0.000000	0.000000	0.000000	17.593857	0.000000	0.000000	0.000000
1764624642.178924084	0.000000	0.000000	-0.006052	0.000000	0.000000	0.000000	0.000000	0.000000	0.215363	0.000000	0.000000	0.000000	0.000000	0.000000	0.000000	0.000000	0.000000	0.000000	0.000000	0.000000	17.593857	0.000000	0.000000	0.000000
1764624642.198299408	0.000000	0.000000	0.053611	0.000000	0.000000	0.000000	0.000000	0.000000	0.215363	0.000000	0.000000	0.000000	0.000000	0.000000	0.000000	0.000000	0.000000	0.000000	0.000000	0.000000	17.593857	0.000000	0.000000	0.000000
1764624642.200056076	0.000000	0.000000	0.015689	0.000000	0.000000	0.000000	0.000000	0.000000	0.215363	0.000000	0.000000	0.000000	0.000000	0.000000	0.000000	0.000000	0.000000	0.000000	0.000000	0.000000	17.593857	0.000000	0.000000	0.000000
1764624642.209138632	0.000000	0.000000	0.045292	0.000000	0.000000	0.000000	0.000000	0.000000	0.219570	0.000000	0.000000	0.000000	0.000000	0.000000	0.000000	0.000000	0.000000	0.000000	0.000000	0.000000	17.593857	0.000000	0.000000	0.000000
1764624642.219240665	0.000000	0.000000	0.016668	0.000000	0.000000	0.000000	0.000000	0.000000	0.219570	0.000000	0.000000	0.000000	0.000000	0.000000	0.000000	0.000000	0.000000	0.000000	0.000000	0.000000	17.593857	0.000000	0.000000	0.000000
1764624642.232233047	0.000000	0.000000	-0.000944	0.000000	0.000000	0.000000	0.000000	0.000000	0.219570	0.000000	0.000000	0.000000	0.000000	0.000000	0.000000	0.000000	0.000000	0.000000	0.000000	0.000000	17.593857	0.000000	0.000000	0.000000
1764624642.238773584	0.000000	0.000000	-0.002305	0.000000	0.000000	0.000000	0.000000	0.000000	0.219570	0.000000	0.000000	0.000000	0.000000	0.000000	0.000000	0.000000	0.000000	0.000000	0.000000	0.000000	17.593857	0.000000	0.000000	0.000000
1764624642.249786139	0.000000	0.000000	0.053909	0.000000	0.000000	0.000000	0.000000	0.000000	0.219570	0.000000	0.000000	0.000000	0.000000	0.000000	0.000000	0.000000	0.000000	0.000000	0.000000	0.000000	17.593857	0.000000	0.000000	0.000000
1764624642.258534908	0.000000	0.000000	-0.024455	0.000000	0.000000	0.000000	0.000000	0.000000	0.219570	0.000000	0.000000	0.000000	0.000000	0.000000	0.000000	0.000000	0.000000	0.000000	0.000000	0.000000	17.593857	0.000000	0.000000	0.000000
1764624642.279664755	0.000000	0.000000	0.064721	0.000000	0.000000	0.000000	0.000000	0.000000	0.219570	0.000000	0.000000	0.000000	0.000000	0.000000	0.000000	0.000000	0.000000	0.000000	0.000000	0.000000	17.593857	0.000000	0.000000	0.000000
1764624642.279687643	0.000000	0.000000	-0.032099	0.000000	0.000000	0.000000	0.000000	0.000000	0.219570	0.000000	0.000000	0.000000	0.000000	0.000000	0.000000	0.000000	0.000000	0.000000	0.000000	0.000000	17.593857	0.000000	0.000000	0.000000
1764624642.289439201	0.000000	0.000000	0.017349	0.000000	0.000000	0.000000	0.000000	0.000000	0.219570	0.000000	0.000000	0.000000	0.000000	0.000000	0.000000	0.000000	0.000000	0.000000	0.000000	0.000000	17.593857	0.000000	0.000000	0.000000
1764624642.299250126	0.000000	0.000000	0.055039	0.000000	0.000000	0.000000	0.000000	0.000000	0.219570	0.000000	0.000000	0.000000	0.000000	0.000000	0.000000	0.000000	0.000000	0.000000	0.000000	0.000000	17.593857	0.000000	0.000000	0.000000
1764624642.309626579	0.000000	0.000000	0.049177	0.000000	0.000000	0.000000	0.000000	0.000000	0.219570	0.000000	0.000000	0.000000	0.000000	0.000000	0.000000	0.000000	0.000000	0.000000	0.000000	0.000000	17.593857	0.000000	0.000000	0.000000
1764624642.321861267	0.000000	0.000000	-0.010275	0.000000	0.000000	0.000000	0.000000	0.000000	0.219570	0.000000	0.000000	0.000000	0.000000	0.000000	0.000000	0.000000	0.000000	0.000000	0.000000	0.000000	17.593857	0.000000	0.000000	0.000000
1764624642.329384565	0.000000	0.000000	0.034613	0.000000	0.000000	0.000000	0.000000	0.000000	0.219570	0.000000	0.000000	0.000000	0.000000	0.000000	0.000000	0.000000	0.000000	0.000000	0.000000	0.000000	17.593857	0.000000	0.000000	0.000000
1764624642.349000454	0.000000	0.000000	-0.013774	0.000000	0.000000	0.000000	0.000000	0.000000	0.219570	0.000000	0.000000	0.000000	0.000000	0.000000	0.000000	0.000000	0.000000	0.000000	0.000000	0.000000	17.593857	0.000000	0.000000	0.000000
1764624642.350177288	0.000000	0.000000	0.013896	0.000000	0.000000	0.000000	0.000000	0.000000	0.219570	0.000000	0.000000	0.000000	0.000000	0.000000	0.000000	0.000000	0.000000	0.000000	0.000000	0.000000	17.593857	0.000000	0.000000	0.000000
1764624642.359673023	0.000000	0.000000	0.022815	0.000000	0.000000	0.000000	0.000000	0.000000	0.219570	0.000000	0.000000	0.000000	0.000000	0.000000	0.000000	0.000000	0.000000	0.000000	0.000000	0.000000	17.593857	0.000000	0.000000	0.000000
1764624642.369468927	0.000000	0.000000	0.010781	0.000000	0.000000	0.000000	0.000000	0.000000	0.219570	0.000000	0.000000	0.000000	0.000000	0.000000	0.000000	0.000000	0.000000	0.000000	0.000000	0.000000	17.593857	0.000000	0.000000	0.000000
1764624642.378922462	0.000000	0.000000	0.029411	0.000000	0.000000	0.000000	0.000000	0.000000	0.219570	0.000000	0.000000	0.000000	0.000000	0.000000	0.000000	0.000000	0.000000	0.000000	0.000000	0.000000	17.593857	0.000000	0.000000	0.000000
1764624642.389236450	0.000000	0.000000	-0.006190	0.000000	0.000000	0.000000	0.000000	0.000000	0.219570	0.000000	0.000000	0.000000	0.000000	0.000000	0.000000	0.000000	0.000000	0.000000	0.000000	0.000000	17.593857	0.000000	0.000000	0.000000
1764624642.399002075	0.000000	0.000000	0.025652	0.000000	0.000000	0.000000	0.000000	0.000000	0.219570	0.000000	0.000000	0.000000	0.000000	0.000000	0.000000	0.000000	0.000000	0.000000	0.000000	0.000000	17.593857	0.000000	0.000000	0.000000
1764624642.409328222	0.000000	0.000000	0.043174	0.000000	0.000000	0.000000	0.000000	0.000000	0.219570	0.000000	0.000000	0.000000	0.000000	0.000000	0.000000	0.000000	0.000000	0.000000	0.000000	0.000000	17.593857	0.000000	0.000000	0.000000
1764624642.418780327	0.000000	0.000000	-0.008115	0.000000	0.000000	0.000000	0.000000	0.000000	0.219570	0.000000	0.000000	0.000000	0.000000	0.000000	0.000000	0.000000	0.000000	0.000000	0.000000	0.000000	17.593857	0.000000	0.000000	0.000000
1764624642.428536177	0.000000	0.000000	0.050494	0.000000	0.000000	0.000000	0.000000	0.000000	0.219570	0.000000	0.000000	0.000000	0.000000	0.000000	0.000000	0.000000	0.000000	0.000000	0.000000	0.000000	17.593857	0.000000	0.000000	0.000000
1764624642.449237823	0.000000	0.000000	0.015185	0.000000	0.000000	0.000000	0.000000	0.000000	0.219570	0.000000	0.000000	0.000000	0.000000	0.000000	0.000000	0.000000	0.000000	0.000000	0.000000	0.000000	17.593857	0.000000	0.000000	0.000000
1764624642.449264288	0.000000	0.000000	-0.004451	0.000000	0.000000	0.000000	0.000000	0.000000	0.219570	0.000000	0.000000	0.000000	0.000000	0.000000	0.000000	0.000000	0.000000	0.000000	0.000000	0.000000	17.593857	0.000000	0.000000	0.000000
1764624642.459128141	0.000000	0.000000	0.025428	0.000000	0.000000	0.000000	0.000000	0.000000	0.223658	0.000000	0.000000	0.000000	0.000000	0.000000	0.000000	0.000000	0.000000	0.000000	0.000000	0.000000	17.593857	0.000000	0.000000	0.000000
1764624642.469058275	0.000000	0.000000	0.025987	0.000000	0.000000	0.000000	0.000000	0.000000	0.223658	0.000000	0.000000	0.000000	0.000000	0.000000	0.000000	0.000000	0.000000	0.000000	0.000000	0.000000	17.593857	0.000000	0.000000	0.000000
1764624642.487046480	0.000000	0.000000	0.004142	0.000000	0.000000	0.000000	0.000000	0.000000	0.223658	0.000000	0.000000	0.000000	0.000000	0.000000	0.000000	0.000000	0.000000	0.000000	0.000000	0.000000	17.593857	0.000000	0.000000	0.000000
1764624642.488923550	0.000000	0.000000	0.011755	0.000000	0.000000	0.000000	0.000000	0.000000	0.223658	0.000000	0.000000	0.000000	0.000000	0.000000	0.000000	0.000000	0.000000	0.000000	0.000000	0.000000	17.593857	0.000000	0.000000	0.000000
1764624642.499234200	0.000000	0.000000	0.029798	0.000000	0.000000	0.000000	0.000000	0.000000	0.223658	0.000000	0.000000	0.000000	0.000000	0.000000	0.000000	0.000000	0.000000	0.000000	0.000000	0.000000	17.593857	0.000000	0.000000	0.000000
1764624642.518177271	0.000000	0.000000	-0.011021	0.000000	0.000000	0.000000	0.000000	0.000000	0.223658	0.000000	0.000000	0.000000	0.000000	0.000000	0.000000	0.000000	0.000000	0.000000	0.000000	0.000000	17.593857	0.000000	0.000000	0.000000
1764624642.525247812	0.000000	0.000000	0.042579	0.000000	0.000000	0.000000	0.000000	0.000000	0.223658	0.000000	0.000000	0.000000	0.000000	0.000000	0.000000	0.000000	0.000000	0.000000	0.000000	0.000000	17.593857	0.000000	0.000000	0.000000
1764624642.528454542	0.000000	0.000000	0.058502	0.000000	0.000000	0.000000	0.000000	0.000000	0.223658	0.000000	0.000000	0.000000	0.000000	0.000000	0.000000	0.000000	0.000000	0.000000	0.000000	0.000000	17.593857	0.000000	0.000000	0.000000
1764624642.552793264	0.000000	0.000000	-0.010636	0.000000	0.000000	0.000000	0.000000	0.000000	0.223658	0.000000	0.000000	0.000000	0.000000	0.000000	0.000000	0.000000	0.000000	0.000000	0.000000	0.000000	17.593857	0.000000	0.000000	0.000000
1764624642.554509878	0.000000	0.000000	0.015913	0.000000	0.000000	0.000000	0.000000	0.000000	0.223658	0.000000	0.000000	0.000000	0.000000	0.000000	0.000000	0.000000	0.000000	0.000000	0.000000	0.000000	17.593857	0.000000	0.000000	0.000000
1764624642.558949947	0.000000	0.000000	0.019412	0.000000	0.000000	0.000000	0.000000	0.000000	0.223658	0.000000	0.000000	0.000000	0.000000	0.000000	0.000000	0.000000	0.000000	0.000000	0.000000	0.000000	17.593857	0.000000	0.000000	0.000000
1764624642.569644690	0.000000	0.000000	0.020481	0.000000	0.000000	0.000000	0.000000	0.000000	0.223658	0.000000	0.000000	0.000000	0.000000	0.000000	0.000000	0.000000	0.000000	0.000000	0.000000	0.000000	17.593857	0.000000	0.000000	0.000000
1764624642.578577518	0.000000	0.000000	0.041883	0.000000	0.000000	0.000000	0.000000	0.000000	0.223658	0.000000	0.000000	0.000000	0.000000	0.000000	0.000000	0.000000	0.000000	0.000000	0.000000	0.000000	17.593857	0.000000	0.000000	0.000000
1764624642.601932287	0.000000	0.000000	0.022511	0.000000	0.000000	0.000000	0.000000	0.000000	0.223658	0.000000	0.000000	0.000000	0.000000	0.000000	0.000000	0.000000	0.000000	0.000000	0.000000	0.000000	17.593857	0.000000	0.000000	0.000000
1764624642.601941824	0.000000	0.000000	-0.008359	0.000000	0.000000	0.000000	0.000000	0.000000	0.223658	0.000000	0.000000	0.000000	0.000000	0.000000	0.000000	0.000000	0.000000	0.000000	0.000000	0.000000	17.593857	0.000000	0.000000	0.000000
1764624642.607784986	0.000000	0.000000	0.049126	0.000000	0.000000	0.000000	0.000000	0.000000	0.223658	0.000000	0.000000	0.000000	0.000000	0.000000	0.000000	0.000000	0.000000	0.000000	0.000000	0.000000	17.593857	0.000000	0.000000	0.000000
1764624642.620003700	0.000000	0.000000	0.014555	0.000000	0.000000	0.000000	0.000000	0.000000	0.223658	0.000000	0.000000	0.000000	0.000000	0.000000	0.000000	0.000000	0.000000	0.000000	0.000000	0.000000	17.593857	0.000000	0.000000	0.000000
1764624642.638566732	0.000000	0.000000	0.006203	0.000000	0.000000	0.000000	0.000000	0.000000	0.223658	0.000000	0.000000	0.000000	0.000000	0.000000	0.000000	0.000000	0.000000	0.000000	0.000000	0.000000	17.593857	0.000000	0.000000	0.000000
1764624642.638582945	0.000000	0.000000	0.016691	0.000000	0.000000	0.000000	0.000000	0.000000	0.223658	0.000000	0.000000	0.000000	0.000000	0.000000	0.000000	0.000000	0.000000	0.000000	0.000000	0.000000	17.593857	0.000000	0.000000	0.000000
1764624642.648745060	0.000000	0.000000	0.015976	0.000000	0.000000	0.000000	0.000000	0.000000	0.223658	0.000000	0.000000	0.000000	0.000000	0.000000	0.000000	0.000000	0.000000	0.000000	0.000000	0.000000	17.593857	0.000000	0.000000	0.000000
1764624642.658845186	0.000000	0.000000	0.028699	0.000000	0.000000	0.000000	0.000000	0.000000	0.223658	0.000000	0.000000	0.000000	0.000000	0.000000	0.000000	0.000000	0.000000	0.000000	0.000000	0.000000	17.593857	0.000000	0.000000	0.000000
1764624642.675817013	0.000000	0.000000	0.008419	0.000000	0.000000	0.000000	0.000000	0.000000	0.223658	0.000000	0.000000	0.000000	0.000000	0.000000	0.000000	0.000000	0.000000	0.000000	0.000000	0.000000	17.593857	0.000000	0.000000	0.000000
1764624642.678882360	0.000000	0.000000	0.036932	0.000000	0.000000	0.000000	0.000000	0.000000	0.223658	0.000000	0.000000	0.000000	0.000000	0.000000	0.000000	0.000000	0.000000	0.000000	0.000000	0.000000	17.593857	0.000000	0.000000	0.000000
1764624642.688445091	0.000000	0.000000	0.047036	0.000000	0.000000	0.000000	0.000000	0.000000	0.223658	0.000000	0.000000	0.000000	0.000000	0.000000	0.000000	0.000000	0.000000	0.000000	0.000000	0.000000	17.593857	0.000000	0.000000	0.000000
1764624642.711398840	0.000000	0.000000	-0.002730	0.000000	0.000000	0.000000	0.000000	0.000000	0.223983	0.000000	0.000000	0.000000	0.000000	0.000000	0.000000	0.000000	0.000000	0.000000	0.000000	0.000000	17.593857	0.000000	0.000000	0.000000
1764624642.711406469	0.000000	0.000000	0.024515	0.000000	0.000000	0.000000	0.000000	0.000000	0.223983	0.000000	0.000000	0.000000	0.000000	0.000000	0.000000	0.000000	0.000000	0.000000	0.000000	0.000000	17.593857	0.000000	0.000000	0.000000
1764624642.720822096	0.000000	0.000000	0.035324	0.000000	0.000000	0.000000	0.000000	0.000000	0.223983	0.000000	0.000000	0.000000	0.000000	0.000000	0.000000	0.000000	0.000000	0.000000	0.000000	0.000000	17.593857	0.000000	0.000000	0.000000
1764624642.728688240	0.000000	0.000000	0.019755	0.000000	0.000000	0.000000	0.000000	0.000000	0.223983	0.000000	0.000000	0.000000	0.000000	0.000000	0.000000	0.000000	0.000000	0.000000	0.000000	0.000000	17.593857	0.000000	0.000000	0.000000
1764624642.738963127	0.000000	0.000000	0.059858	0.000000	0.000000	0.000000	0.000000	0.000000	0.223983	0.000000	0.000000	0.000000	0.000000	0.000000	0.000000	0.000000	0.000000	0.000000	0.000000	0.000000	17.593857	0.000000	0.000000	0.000000
1764624642.749650002	0.000000	0.000000	-0.011437	0.000000	0.000000	0.000000	0.000000	0.000000	0.223983	0.000000	0.000000	0.000000	0.000000	0.000000	0.000000	0.000000	0.000000	0.000000	0.000000	0.000000	17.593857	0.000000	0.000000	0.000000
1764624642.763476372	0.000000	0.000000	0.032918	0.000000	0.000000	0.000000	0.000000	0.000000	0.223983	0.000000	0.000000	0.000000	0.000000	0.000000	0.000000	0.000000	0.000000	0.000000	0.000000	0.000000	17.593857	0.000000	0.000000	0.000000
1764624642.768365383	0.000000	0.000000	0.012865	0.000000	0.000000	0.000000	0.000000	0.000000	0.223983	0.000000	0.000000	0.000000	0.000000	0.000000	0.000000	0.000000	0.000000	0.000000	0.000000	0.000000	17.593857	0.000000	0.000000	0.000000
1764624642.778995752	0.000000	0.000000	0.006919	0.000000	0.000000	0.000000	0.000000	0.000000	0.223983	0.000000	0.000000	0.000000	0.000000	0.000000	0.000000	0.000000	0.000000	0.000000	0.000000	0.000000	17.593857	0.000000	0.000000	0.000000
1764624642.792379141	0.000000	0.000000	0.053556	0.000000	0.000000	0.000000	0.000000	0.000000	0.223983	0.000000	0.000000	0.000000	0.000000	0.000000	0.000000	0.000000	0.000000	0.000000	0.000000	0.000000	17.593857	0.000000	0.000000	0.000000
1764624642.797945976	0.000000	0.000000	0.002163	0.000000	0.000000	0.000000	0.000000	0.000000	0.223983	0.000000	0.000000	0.000000	0.000000	0.000000	0.000000	0.000000	0.000000	0.000000	0.000000	0.000000	17.593857	0.000000	0.000000	0.000000
1764624642.808031559	0.000000	0.000000	-0.023433	0.000000	0.000000	0.000000	0.000000	0.000000	0.223983	0.000000	0.000000	0.000000	0.000000	0.000000	0.000000	0.000000	0.000000	0.000000	0.000000	0.000000	17.593857	0.000000	0.000000	0.000000
1764624642.818169117	0.000000	0.000000	0.073968	0.000000	0.000000	0.000000	0.000000	0.000000	0.223983	0.000000	0.000000	0.000000	0.000000	0.000000	0.000000	0.000000	0.000000	0.000000	0.000000	0.000000	17.593857	0.000000	0.000000	0.000000
1764624642.838942528	0.000000	0.000000	-0.004033	0.000000	0.000000	0.000000	0.000000	0.000000	0.223983	0.000000	0.000000	0.000000	0.000000	0.000000	0.000000	0.000000	0.000000	0.000000	0.000000	0.000000	17.593857	0.000000	0.000000	0.000000
1764624642.838958502	0.000000	0.000000	0.019804	0.000000	0.000000	0.000000	0.000000	0.000000	0.223983	0.000000	0.000000	0.000000	0.000000	0.000000	0.000000	0.000000	0.000000	0.000000	0.000000	0.000000	17.593857	0.000000	0.000000	0.000000
1764624642.848860979	0.000000	0.000000	0.017333	0.000000	0.000000	0.000000	0.000000	0.000000	0.223983	0.000000	0.000000	0.000000	0.000000	0.000000	0.000000	0.000000	0.000000	0.000000	0.000000	0.000000	17.593857	0.000000	0.000000	0.000000
1764624642.858695507	0.000000	0.000000	0.014288	0.000000	0.000000	0.000000	0.000000	0.000000	0.223983	0.000000	0.000000	0.000000	0.000000	0.000000	0.000000	0.000000	0.000000	0.000000	0.000000	0.000000	17.593857	0.000000	0.000000	0.000000
1764624642.868523359	0.000000	0.000000	0.027676	0.000000	0.000000	0.000000	0.000000	0.000000	0.223983	0.000000	0.000000	0.000000	0.000000	0.000000	0.000000	0.000000	0.000000	0.000000	0.000000	0.000000	17.593857	0.000000	0.000000	0.000000
1764624642.881370306	0.000000	0.000000	0.032234	0.000000	0.000000	0.000000	0.000000	0.000000	0.223983	0.000000	0.000000	0.000000	0.000000	0.000000	0.000000	0.000000	0.000000	0.000000	0.000000	0.000000	17.593857	0.000000	0.000000	0.000000
1764624642.888932467	0.000000	0.000000	-0.011337	0.000000	0.000000	0.000000	0.000000	0.000000	0.223983	0.000000	0.000000	0.000000	0.000000	0.000000	0.000000	0.000000	0.000000	0.000000	0.000000	0.000000	17.593857	0.000000	0.000000	0.000000
1764624642.898477793	0.000000	0.000000	0.061538	0.000000	0.000000	0.000000	0.000000	0.000000	0.223983	0.000000	0.000000	0.000000	0.000000	0.000000	0.000000	0.000000	0.000000	0.000000	0.000000	0.000000	17.593857	0.000000	0.000000	0.000000
1764624642.921811819	0.000000	0.000000	0.009059	0.000000	0.000000	0.000000	0.000000	0.000000	0.223983	0.000000	0.000000	0.000000	0.000000	0.000000	0.000000	0.000000	0.000000	0.000000	0.000000	0.000000	17.593857	0.000000	0.000000	0.000000
1764624642.921818972	0.000000	0.000000	0.011867	0.000000	0.000000	0.000000	0.000000	0.000000	0.223983	0.000000	0.000000	0.000000	0.000000	0.000000	0.000000	0.000000	0.000000	0.000000	0.000000	0.000000	17.593857	0.000000	0.000000	0.000000
1764624642.928314209	0.000000	0.000000	0.068183	0.000000	0.000000	0.000000	0.000000	0.000000	0.223983	0.000000	0.000000	0.000000	0.000000	0.000000	0.000000	0.000000	0.000000	0.000000	0.000000	0.000000	17.593857	0.000000	0.000000	0.000000
1764624642.938886881	0.000000	0.000000	0.031190	0.000000	0.000000	0.000000	0.000000	0.000000	0.223983	0.000000	0.000000	0.000000	0.000000	0.000000	0.000000	0.000000	0.000000	0.000000	0.000000	0.000000	17.593857	0.000000	0.000000	0.000000
1764624642.949364185	0.000000	0.000000	-0.002318	0.000000	0.000000	0.000000	0.000000	0.000000	0.223983	0.000000	0.000000	0.000000	0.000000	0.000000	0.000000	0.000000	0.000000	0.000000	0.000000	0.000000	17.593857	0.000000	0.000000	0.000000
1764624642.965546131	0.000000	0.000000	0.042958	0.000000	0.000000	0.000000	0.000000	0.000000	0.224195	0.000000	0.000000	0.000000	0.000000	0.000000	0.000000	0.000000	0.000000	0.000000	0.000000	0.000000	17.593857	0.000000	0.000000	0.000000
1764624642.969361305	0.000000	0.000000	-0.038702	0.000000	0.000000	0.000000	0.000000	0.000000	0.224195	0.000000	0.000000	0.000000	0.000000	0.000000	0.000000	0.000000	0.000000	0.000000	0.000000	0.000000	17.593857	0.000000	0.000000	0.000000
1764624642.978922606	0.000000	0.000000	0.106822	0.000000	0.000000	0.000000	0.000000	0.000000	0.224195	0.000000	0.000000	0.000000	0.000000	0.000000	0.000000	0.000000	0.000000	0.000000	0.000000	0.000000	0.000000	0.000000	0.000000	0.000000
1764624642.993665934	0.000000	0.000000	-0.000884	0.000000	0.000000	0.000000	0.000000	0.000000	0.224195	0.000000	0.000000	0.000000	0.000000	0.000000	0.000000	0.000000	0.000000	0.000000	0.000000	0.000000	0.000000	0.000000	0.000000	0.000000
1764624642.998814344	0.000000	0.000000	0.020160	0.000000	0.000000	0.000000	0.000000	0.000000	0.224195	0.000000	0.000000	0.000000	0.000000	0.000000	0.000000	0.000000	0.000000	0.000000	0.000000	0.000000	0.000000	0.000000	0.000000	0.000000
1764624643.009501219	0.000000	0.000000	0.028323	0.000000	0.000000	0.000000	0.000000	0.000000	0.224195	0.000000	0.000000	0.000000	0.000000	0.000000	0.000000	0.000000	0.000000	0.000000	0.000000	0.000000	0.000000	0.000000	0.000000	0.000000
1764624643.020655155	0.000000	0.000000	0.014301	0.000000	0.000000	0.000000	0.000000	0.000000	0.224195	0.000000	0.000000	0.000000	0.000000	0.000000	0.000000	0.000000	0.000000	0.000000	0.000000	0.000000	0.000000	0.000000	0.000000	0.000000
1764624643.033115149	0.000000	0.000000	0.033548	0.000000	0.000000	0.000000	0.000000	0.000000	0.224195	0.000000	0.000000	0.000000	0.000000	0.000000	0.000000	0.000000	0.000000	0.000000	0.000000	0.000000	0.000000	0.000000	0.000000	0.000000
1764624643.038463354	0.000000	0.000000	-0.021973	0.000000	0.000000	0.000000	0.000000	0.000000	0.224195	0.000000	0.000000	0.000000	0.000000	0.000000	0.000000	0.000000	0.000000	0.000000	0.000000	0.000000	0.000000	0.000000	0.000000	0.000000
1764624643.049325943	0.000000	0.000000	-0.175051	0.000000	0.000000	0.000000	0.000000	0.000000	0.224195	0.000000	0.000000	0.000000	0.000000	0.000000	0.000000	0.000000	0.000000	0.000000	0.000000	0.000000	0.000000	0.000000	0.000000	0.000000
1764624643.068616629	0.000000	0.000000	-0.145252	0.000000	0.000000	0.000000	0.000000	0.000000	0.224195	0.000000	0.000000	0.000000	0.000000	0.000000	0.000000	0.000000	0.000000	0.000000	0.000000	0.000000	0.000000	0.000000	0.000000	0.000000
1764624643.070017815	0.000000	0.000000	-0.216691	0.000000	0.000000	0.000000	0.000000	0.000000	0.224195	0.000000	0.000000	0.000000	0.000000	0.000000	0.000000	0.000000	0.000000	0.000000	0.000000	0.000000	0.000000	0.000000	0.000000	0.000000
1764624643.078160286	0.000000	0.000000	-0.249607	0.000000	0.000000	0.000000	0.000000	0.000000	0.224195	0.000000	0.000000	0.000000	0.000000	0.000000	0.000000	0.000000	0.000000	0.000000	0.000000	0.000000	0.000000	0.000000	0.000000	0.000000
1764624643.088352203	0.000000	0.000000	-0.262269	0.000000	0.000000	0.000000	0.000000	0.000000	0.224195	0.000000	0.000000	0.000000	0.000000	0.000000	0.000000	0.000000	0.000000	0.000000	0.000000	0.000000	0.000000	0.000000	0.000000	0.000000
1764624643.098864555	0.000000	0.000000	-0.312028	0.000000	0.000000	0.000000	0.000000	0.000000	0.224195	0.000000	0.000000	0.000000	0.000000	0.000000	0.000000	0.000000	0.000000	0.000000	0.000000	0.000000	0.000000	0.000000	0.000000	0.000000
1764624643.109552383	0.000000	0.000000	-0.323687	0.000000	0.000000	0.000000	0.000000	0.000000	0.224195	0.000000	0.000000	0.000000	0.000000	0.000000	0.000000	0.000000	0.000000	0.000000	0.000000	0.000000	0.000000	0.000000	0.000000	0.000000
1764624643.126955748	0.000000	0.000000	-0.290577	0.000000	0.000000	0.000000	0.000000	0.000000	0.224195	0.000000	0.000000	0.000000	0.000000	0.000000	0.000000	0.000000	0.000000	0.000000	0.000000	0.000000	0.000000	0.000000	0.000000	0.000000
1764624643.126966238	0.000000	0.000000	-0.348594	0.000000	0.000000	0.000000	0.000000	0.000000	0.224195	0.000000	0.000000	0.000000	0.000000	0.000000	0.000000	0.000000	0.000000	0.000000	0.000000	0.000000	0.000000	0.000000	0.000000	0.000000
1764624643.138428926	0.000000	0.000000	-0.339514	0.000000	0.000000	0.000000	0.000000	0.000000	0.224195	0.000000	0.000000	0.000000	0.000000	0.000000	0.000000	0.000000	0.000000	0.000000	0.000000	0.000000	0.000000	0.000000	0.000000	0.000000
1764624643.152271748	0.000000	0.000000	-0.343711	0.000000	0.000000	0.000000	0.000000	0.000000	0.224195	0.000000	0.000000	0.000000	0.000000	0.000000	0.000000	0.000000	0.000000	0.000000	0.000000	0.000000	0.000000	0.000000	0.000000	0.000000
1764624643.158677101	0.000000	0.000000	-0.259406	0.000000	0.000000	0.000000	0.000000	0.000000	0.224195	0.000000	0.000000	0.000000	0.000000	0.000000	0.000000	0.000000	0.000000	0.000000	0.000000	0.000000	0.000000	0.000000	0.000000	0.000000
1764624643.169239521	0.000000	0.000000	-0.237291	0.000000	0.000000	0.000000	0.000000	0.000000	0.224195	0.000000	0.000000	0.000000	0.000000	0.000000	0.000000	0.000000	0.000000	0.000000	0.000000	0.000000	0.000000	0.000000	0.000000	0.000000
1764624643.178782463	0.000000	0.000000	-0.257966	0.000000	0.000000	0.000000	0.000000	0.000000	0.224195	0.000000	0.000000	0.000000	0.000000	0.000000	0.000000	0.000000	0.000000	0.000000	0.000000	0.000000	0.000000	0.000000	0.000000	0.000000
1764624643.188814402	0.000000	0.000000	-0.233831	0.000000	0.000000	0.000000	0.000000	0.000000	0.224195	0.000000	0.000000	0.000000	0.000000	0.000000	0.000000	0.000000	0.000000	0.000000	0.000000	0.000000	0.000000	0.000000	0.000000	0.000000
1764624643.198654890	0.000000	0.000000	-0.220686	0.000000	0.000000	0.000000	0.000000	0.000000	0.224195	0.000000	0.000000	0.000000	0.000000	0.000000	0.000000	0.000000	0.000000	0.000000	0.000000	0.000000	0.000000	0.000000	0.000000	0.000000
1764624643.209040642	0.000000	0.000000	-0.215946	0.000000	0.000000	0.000000	0.000000	0.000000	0.155004	0.000000	0.000000	0.000000	0.000000	0.000000	0.000000	0.000000	0.000000	0.000000	0.000000	0.000000	0.000000	0.000000	0.000000	0.000000
1764624643.218770981	0.000000	0.000000	-0.198328	0.000000	0.000000	0.000000	0.000000	0.000000	0.155004	0.000000	0.000000	0.000000	0.000000	0.000000	0.000000	0.000000	0.000000	0.000000	0.000000	0.000000	0.000000	0.000000	0.000000	0.000000
1764624643.235974312	0.000000	0.000000	-0.196219	0.000000	0.000000	0.000000	0.000000	0.000000	0.155004	0.000000	0.000000	0.000000	0.000000	0.000000	0.000000	0.000000	0.000000	0.000000	0.000000	0.000000	0.000000	0.000000	0.000000	0.000000
1764624643.238326073	0.000000	0.000000	-0.171701	0.000000	0.000000	0.000000	0.000000	0.000000	0.155004	0.000000	0.000000	0.000000	0.000000	0.000000	0.000000	0.000000	0.000000	0.000000	0.000000	0.000000	0.000000	0.000000	0.000000	0.000000
1764624643.249023914	0.000000	0.000000	-0.163421	0.000000	0.000000	0.000000	0.000000	0.000000	0.155004	0.000000	0.000000	0.000000	0.000000	0.000000	0.000000	0.000000	0.000000	0.000000	0.000000	0.000000	0.000000	0.000000	0.000000	0.000000
1764624643.259044409	0.000000	0.000000	-0.156469	0.000000	0.000000	0.000000	0.000000	0.000000	0.155004	0.000000	0.000000	0.000000	0.000000	0.000000	0.000000	0.000000	0.000000	0.000000	0.000000	0.000000	0.000000	0.000000	0.000000	0.000000
1764624643.275653124	0.000000	0.000000	-0.150696	0.000000	0.000000	0.000000	0.000000	0.000000	0.155004	0.000000	0.000000	0.000000	0.000000	0.000000	0.000000	0.000000	0.000000	0.000000	0.000000	0.000000	0.000000	0.000000	0.000000	0.000000
1764624643.278717518	0.000000	0.000000	-0.138563	0.000000	0.000000	0.000000	0.000000	0.000000	0.155004	0.000000	0.000000	0.000000	0.000000	0.000000	0.000000	0.000000	0.000000	0.000000	0.000000	0.000000	0.000000	0.000000	0.000000	0.000000
1764624643.289051294	0.000000	0.000000	-0.131925	0.000000	0.000000	0.000000	0.000000	0.000000	0.155004	0.000000	0.000000	0.000000	0.000000	0.000000	0.000000	0.000000	0.000000	0.000000	0.000000	0.000000	0.000000	0.000000	0.000000	0.000000
1764624643.298910379	0.000000	0.000000	-0.128536	0.000000	0.000000	0.000000	0.000000	0.000000	0.155004	0.000000	0.000000	0.000000	0.000000	0.000000	0.000000	0.000000	0.000000	0.000000	0.000000	0.000000	0.000000	0.000000	0.000000	0.000000
1764624643.320549250	0.000000	0.000000	-0.129878	0.000000	0.000000	0.000000	0.000000	0.000000	0.155004	0.000000	0.000000	0.000000	0.000000	0.000000	0.000000	0.000000	0.000000	0.000000	0.000000	0.000000	0.000000	0.000000	0.000000	0.000000
1764624643.320556641	0.000000	0.000000	-0.111959	0.000000	0.000000	0.000000	0.000000	0.000000	0.155004	0.000000	0.000000	0.000000	0.000000	0.000000	0.000000	0.000000	0.000000	0.000000	0.000000	0.000000	0.000000	0.000000	0.000000	0.000000
1764624643.328503609	0.000000	0.000000	-0.116781	0.000000	0.000000	0.000000	0.000000	0.000000	0.155004	0.000000	0.000000	0.000000	0.000000	0.000000	0.000000	0.000000	0.000000	0.000000	0.000000	0.000000	-16.008848	0.000000	0.000000	0.000000
1764624643.338532686	0.000000	0.000000	-0.114319	0.000000	0.000000	0.000000	0.000000	0.000000	0.155004	0.000000	0.000000	0.000000	0.000000	0.000000	0.000000	0.000000	0.000000	0.000000	0.000000	0.000000	-16.008848	0.000000	0.000000	0.000000
1764624643.348911524	0.000000	0.000000	-0.112533	0.000000	0.000000	0.000000	0.000000	0.000000	0.155004	0.000000	0.000000	0.000000	0.000000	0.000000	0.000000	0.000000	0.000000	0.000000	0.000000	0.000000	-16.008848	0.000000	0.000000	0.000000
1764624643.364597082	0.000000	0.000000	-0.100841	0.000000	0.000000	0.000000	0.000000	0.000000	0.155004	0.000000	0.000000	0.000000	0.000000	0.000000	0.000000	0.000000	0.000000	0.000000	0.000000	0.000000	-16.008848	0.000000	0.000000	0.000000
1764624643.368584871	0.000000	0.000000	-0.110516	0.000000	0.000000	0.000000	0.000000	0.000000	0.155004	0.000000	0.000000	0.000000	0.000000	0.000000	0.000000	0.000000	0.000000	0.000000	0.000000	0.000000	-16.008848	0.000000	0.000000	0.000000
1764624643.378878593	0.000000	0.000000	-0.109836	0.000000	0.000000	0.000000	0.000000	0.000000	0.155004	0.000000	0.000000	0.000000	0.000000	0.000000	0.000000	0.000000	0.000000	0.000000	0.000000	0.000000	-16.008848	0.000000	0.000000	0.000000
1764624643.389594078	0.000000	0.000000	-0.100792	0.000000	0.000000	0.000000	0.000000	0.000000	0.155004	0.000000	0.000000	0.000000	0.000000	0.000000	0.000000	0.000000	0.000000	0.000000	0.000000	0.000000	-16.008848	0.000000	0.000000	0.000000
1764624643.398782730	0.000000	0.000000	-0.071182	0.000000	0.000000	0.000000	0.000000	0.000000	0.155004	0.000000	0.000000	0.000000	0.000000	0.000000	0.000000	0.000000	0.000000	0.000000	0.000000	0.000000	-16.008848	0.000000	0.000000	0.000000
1764624643.408831358	0.000000	0.000000	-0.072874	0.000000	0.000000	0.000000	0.000000	0.000000	0.155004	0.000000	0.000000	0.000000	0.000000	0.000000	0.000000	0.000000	0.000000	0.000000	0.000000	0.000000	-16.008848	0.000000	0.000000	0.000000
1764624643.418354988	0.000000	0.000000	-0.161254	0.000000	0.000000	0.000000	0.000000	0.000000	0.155004	0.000000	0.000000	0.000000	0.000000	0.000000	0.000000	0.000000	0.000000	0.000000	0.000000	0.000000	-16.008848	0.000000	0.000000	0.000000
1764624643.428279400	0.000000	0.000000	-0.137283	0.000000	0.000000	0.000000	0.000000	0.000000	0.155004	0.000000	0.000000	0.000000	0.000000	0.000000	0.000000	0.000000	0.000000	0.000000	0.000000	0.000000	-16.008848	0.000000	0.000000	0.000000
1764624643.441648722	0.000000	0.000000	-0.110121	0.000000	0.000000	0.000000	0.000000	0.000000	0.155004	0.000000	0.000000	0.000000	0.000000	0.000000	0.000000	0.000000	0.000000	0.000000	0.000000	0.000000	-16.008848	0.000000	0.000000	0.000000
1764624643.448368549	0.000000	0.000000	-0.203439	0.000000	0.000000	0.000000	0.000000	0.000000	0.155004	0.000000	0.000000	0.000000	0.000000	0.000000	0.000000	0.000000	0.000000	0.000000	0.000000	0.000000	-16.008848	0.000000	0.000000	0.000000
1764624643.458957195	0.000000	0.000000	-0.333005	0.000000	0.000000	0.000000	0.000000	0.000000	0.091388	0.000000	0.000000	0.000000	0.000000	0.000000	0.000000	0.000000	0.000000	0.000000	0.000000	0.000000	-16.008848	0.000000	0.000000	0.000000
1764624643.481607199	0.000000	0.000000	-0.409304	0.000000	0.000000	0.000000	0.000000	0.000000	0.091388	0.000000	0.000000	0.000000	0.000000	0.000000	0.000000	0.000000	0.000000	0.000000	0.000000	0.000000	-16.008848	0.000000	0.000000	0.000000
1764624643.481624365	0.000000	0.000000	-0.527546	0.000000	0.000000	0.000000	0.000000	0.000000	0.091388	0.000000	0.000000	0.000000	0.000000	0.000000	0.000000	0.000000	0.000000	0.000000	0.000000	0.000000	-16.008848	0.000000	0.000000	0.000000
1764624643.488817692	0.000000	0.000000	-0.547141	0.000000	0.000000	0.000000	0.000000	0.000000	0.091388	0.000000	0.000000	0.000000	0.000000	0.000000	0.000000	0.000000	0.000000	0.000000	0.000000	0.000000	-16.008848	0.000000	0.000000	0.000000
1764624643.499204397	0.000000	0.000000	-0.616130	0.000000	0.000000	0.000000	0.000000	0.000000	0.091388	0.000000	0.000000	0.000000	0.000000	0.000000	0.000000	0.000000	0.000000	0.000000	0.000000	0.000000	-16.008848	0.000000	0.000000	0.000000
1764624643.509443283	0.000000	0.000000	-0.556898	0.000000	0.000000	0.000000	0.000000	0.000000	0.091388	0.000000	0.000000	0.000000	0.000000	0.000000	0.000000	0.000000	0.000000	0.000000	0.000000	0.000000	-16.008848	0.000000	0.000000	0.000000
1764624643.528704166	0.000000	0.000000	-0.508223	0.000000	0.000000	0.000000	0.000000	0.000000	0.091388	0.000000	0.000000	0.000000	0.000000	0.000000	0.000000	0.000000	0.000000	0.000000	0.000000	0.000000	-16.008848	0.000000	0.000000	0.000000
1764624643.528715134	0.000000	0.000000	-0.523460	0.000000	0.000000	0.000000	0.000000	0.000000	0.091388	0.000000	0.000000	0.000000	0.000000	0.000000	0.000000	0.000000	0.000000	0.000000	0.000000	0.000000	-16.008848	0.000000	0.000000	0.000000
1764624643.538455009	0.000000	0.000000	-0.542416	0.000000	0.000000	0.000000	0.000000	0.000000	0.091388	0.000000	0.000000	0.000000	0.000000	0.000000	0.000000	0.000000	0.000000	0.000000	0.000000	0.000000	-16.008848	0.000000	0.000000	0.000000
1764624643.556611538	0.000000	0.000000	-0.481266	0.000000	0.000000	0.000000	0.000000	0.000000	0.091388	0.000000	0.000000	0.000000	0.000000	0.000000	0.000000	0.000000	0.000000	0.000000	0.000000	0.000000	-16.008848	0.000000	0.000000	0.000000
1764624643.559057713	0.000000	0.000000	-0.528603	0.000000	0.000000	0.000000	0.000000	0.000000	0.091388	0.000000	0.000000	0.000000	0.000000	0.000000	0.000000	0.000000	0.000000	0.000000	0.000000	0.000000	-16.008848	0.000000	0.000000	0.000000
1764624643.568811655	0.000000	0.000000	-0.466396	0.000000	0.000000	0.000000	0.000000	0.000000	0.091388	0.000000	0.000000	0.000000	0.000000	0.000000	0.000000	0.000000	0.000000	0.000000	0.000000	0.000000	-16.008848	0.000000	0.000000	0.000000
1764624643.580052137	0.000000	0.000000	-0.449098	0.000000	0.000000	0.000000	0.000000	0.000000	0.091388	0.000000	0.000000	0.000000	0.000000	0.000000	0.000000	0.000000	0.000000	0.000000	0.000000	0.000000	-16.008848	0.000000	0.000000	0.000000
1764624643.588667870	0.000000	0.000000	-0.454050	0.000000	0.000000	0.000000	0.000000	0.000000	0.091388	0.000000	0.000000	0.000000	0.000000	0.000000	0.000000	0.000000	0.000000	0.000000	0.000000	0.000000	-16.008848	0.000000	0.000000	0.000000
1764624643.609031677	0.000000	0.000000	-0.386741	0.000000	0.000000	0.000000	0.000000	0.000000	0.091388	0.000000	0.000000	0.000000	0.000000	0.000000	0.000000	0.000000	0.000000	0.000000	0.000000	0.000000	-16.008848	0.000000	0.000000	0.000000
1764624643.610572577	0.000000	0.000000	-0.380812	0.000000	0.000000	0.000000	0.000000	0.000000	0.091388	0.000000	0.000000	0.000000	0.000000	0.000000	0.000000	0.000000	0.000000	0.000000	0.000000	0.000000	-16.008848	0.000000	0.000000	0.000000
1764624643.618827581	0.000000	0.000000	-0.323183	0.000000	0.000000	0.000000	0.000000	0.000000	0.091388	0.000000	0.000000	0.000000	0.000000	0.000000	0.000000	0.000000	0.000000	0.000000	0.000000	0.000000	-16.008848	0.000000	0.000000	0.000000
1764624643.639278412	0.000000	0.000000	-0.302096	0.000000	0.000000	0.000000	0.000000	0.000000	0.091388	0.000000	0.000000	0.000000	0.000000	0.000000	0.000000	0.000000	0.000000	0.000000	0.000000	0.000000	-16.008848	0.000000	0.000000	0.000000
1764624643.639291048	0.000000	0.000000	-0.271041	0.000000	0.000000	0.000000	0.000000	0.000000	0.091388	0.000000	0.000000	0.000000	0.000000	0.000000	0.000000	0.000000	0.000000	0.000000	0.000000	0.000000	-16.008848	0.000000	0.000000	0.000000
1764624643.649049997	0.000000	0.000000	-0.259676	0.000000	0.000000	0.000000	0.000000	0.000000	0.091388	0.000000	0.000000	0.000000	0.000000	0.000000	0.000000	0.000000	0.000000	0.000000	0.000000	0.000000	-16.008848	0.000000	0.000000	0.000000
1764624643.659388065	0.000000	0.000000	-0.253156	0.000000	0.000000	0.000000	0.000000	0.000000	0.091388	0.000000	0.000000	0.000000	0.000000	0.000000	0.000000	0.000000	0.000000	0.000000	0.000000	0.000000	-16.008848	0.000000	0.000000	0.000000
1764624643.675529957	0.000000	0.000000	-0.220045	0.000000	0.000000	0.000000	0.000000	0.000000	0.091388	0.000000	0.000000	0.000000	0.000000	0.000000	0.000000	0.000000	0.000000	0.000000	0.000000	0.000000	-16.008848	0.000000	0.000000	0.000000
1764624643.678863764	0.000000	0.000000	-0.168821	0.000000	0.000000	0.000000	0.000000	0.000000	0.091388	0.000000	0.000000	0.000000	0.000000	0.000000	0.000000	0.000000	0.000000	0.000000	0.000000	0.000000	-16.008848	0.000000	0.000000	0.000000
1764624643.687847137	0.000000	0.000000	-0.207291	0.000000	0.000000	0.000000	0.000000	0.000000	0.091388	0.000000	0.000000	0.000000	0.000000	0.000000	0.000000	0.000000	0.000000	0.000000	0.000000	0.000000	-16.008848	0.000000	0.000000	0.000000
1764624643.708043098	0.000000	0.000000	-0.202136	0.000000	0.000000	0.000000	0.000000	0.000000	0.011664	0.000000	0.000000	0.000000	0.000000	0.000000	0.000000	0.000000	0.000000	0.000000	0.000000	0.000000	-16.008848	0.000000	0.000000	0.000000
1764624643.710062027	0.000000	0.000000	-0.157314	0.000000	0.000000	0.000000	0.000000	0.000000	0.011664	0.000000	0.000000	0.000000	0.000000	0.000000	0.000000	0.000000	0.000000	0.000000	0.000000	0.000000	-16.008848	0.000000	0.000000	0.000000
1764624643.718885422	0.000000	0.000000	-0.169012	0.000000	0.000000	0.000000	0.000000	0.000000	0.011664	0.000000	0.000000	0.000000	0.000000	0.000000	0.000000	0.000000	0.000000	0.000000	0.000000	0.000000	-16.008848	0.000000	0.000000	0.000000
1764624643.727244139	0.000000	0.000000	-0.149706	0.000000	0.000000	0.000000	0.000000	0.000000	0.011664	0.000000	0.000000	0.000000	0.000000	0.000000	0.000000	0.000000	0.000000	0.000000	0.000000	0.000000	-16.008848	0.000000	0.000000	0.000000
1764624643.738425970	0.000000	0.000000	-0.127249	0.000000	0.000000	0.000000	0.000000	0.000000	0.011664	0.000000	0.000000	0.000000	0.000000	0.000000	0.000000	0.000000	0.000000	0.000000	0.000000	0.000000	-16.008848	0.000000	0.000000	0.000000
1764624643.749160290	0.000000	0.000000	-0.163852	0.000000	0.000000	0.000000	0.000000	0.000000	0.011664	0.000000	0.000000	0.000000	0.000000	0.000000	0.000000	0.000000	0.000000	0.000000	0.000000	0.000000	-16.008848	0.000000	0.000000	0.000000
1764624643.769156218	0.000000	0.000000	-0.161340	0.000000	0.000000	0.000000	0.000000	0.000000	0.011664	0.000000	0.000000	0.000000	0.000000	0.000000	0.000000	0.000000	0.000000	0.000000	0.000000	0.000000	-16.008848	0.000000	0.000000	0.000000
1764624643.769178391	0.000000	0.000000	-0.137241	0.000000	0.000000	0.000000	0.000000	0.000000	0.011664	0.000000	0.000000	0.000000	0.000000	0.000000	0.000000	0.000000	0.000000	0.000000	0.000000	0.000000	-16.008848	0.000000	0.000000	0.000000
1764624643.778938532	0.000000	0.000000	-0.137628	0.000000	0.000000	0.000000	0.000000	0.000000	0.011664	0.000000	0.000000	0.000000	0.000000	0.000000	0.000000	0.000000	0.000000	0.000000	0.000000	0.000000	-16.008848	0.000000	0.000000	0.000000
1764624643.799681902	0.000000	0.000000	-0.149244	0.000000	0.000000	0.000000	0.000000	0.000000	0.011664	0.000000	0.000000	0.000000	0.000000	0.000000	0.000000	0.000000	0.000000	0.000000	0.000000	0.000000	-16.008848	0.000000	0.000000	0.000000
1764624643.799688339	0.000000	0.000000	-0.127417	0.000000	0.000000	0.000000	0.000000	0.000000	0.011664	0.000000	0.000000	0.000000	0.000000	0.000000	0.000000	0.000000	0.000000	0.000000	0.000000	0.000000	-16.008848	0.000000	0.000000	0.000000
1764624643.809000254	0.000000	0.000000	-0.150646	0.000000	0.000000	0.000000	0.000000	0.000000	0.011664	0.000000	0.000000	0.000000	0.000000	0.000000	0.000000	0.000000	0.000000	0.000000	0.000000	0.000000	-16.008848	0.000000	0.000000	0.000000
1764624643.819125652	0.000000	0.000000	-0.132054	0.000000	0.000000	0.000000	0.000000	0.000000	0.011664	0.000000	0.000000	0.000000	0.000000	0.000000	0.000000	0.000000	0.000000	0.000000	0.000000	0.000000	-16.008848	0.000000	0.000000	0.000000
1764624643.828302622	0.000000	0.000000	-0.149066	0.000000	0.000000	0.000000	0.000000	0.000000	0.011664	0.000000	0.000000	0.000000	0.000000	0.000000	0.000000	0.000000	0.000000	0.000000	0.000000	0.000000	-16.008848	0.000000	0.000000	0.000000
1764624643.838481188	0.000000	0.000000	-0.114758	0.000000	0.000000	0.000000	0.000000	0.000000	0.011664	0.000000	0.000000	0.000000	0.000000	0.000000	0.000000	0.000000	0.000000	0.000000	0.000000	0.000000	-16.008848	0.000000	0.000000	0.000000
1764624643.850194454	0.000000	0.000000	-0.116177	0.000000	0.000000	0.000000	0.000000	0.000000	0.011664	0.000000	0.000000	0.000000	0.000000	0.000000	0.000000	0.000000	0.000000	0.000000	0.000000	0.000000	-16.008848	0.000000	0.000000	0.000000
1764624643.865818262	0.000000	0.000000	-0.127298	0.000000	0.000000	0.000000	0.000000	0.000000	0.011664	0.000000	0.000000	0.000000	0.000000	0.000000	0.000000	0.000000	0.000000	0.000000	0.000000	0.000000	-16.008848	0.000000	0.000000	0.000000
1764624643.868816853	0.000000	0.000000	-0.097495	0.000000	0.000000	0.000000	0.000000	0.000000	0.011664	0.000000	0.000000	0.000000	0.000000	0.000000	0.000000	0.000000	0.000000	0.000000	0.000000	0.000000	-16.008848	0.000000	0.000000	0.000000
1764624643.885760307	0.000000	0.000000	-0.075759	0.000000	0.000000	0.000000	0.000000	0.000000	0.011664	0.000000	0.000000	0.000000	0.000000	0.000000	0.000000	0.000000	0.000000	0.000000	0.000000	0.000000	-16.008848	0.000000	0.000000	0.000000
1764624643.888463497	0.000000	0.000000	-0.086951	0.000000	0.000000	0.000000	0.000000	0.000000	0.011664	0.000000	0.000000	0.000000	0.000000	0.000000	0.000000	0.000000	0.000000	0.000000	0.000000	0.000000	-16.008848	0.000000	0.000000	0.000000
1764624643.901159763	0.000000	0.000000	-0.089518	0.000000	0.000000	0.000000	0.000000	0.000000	0.011664	0.000000	0.000000	0.000000	0.000000	0.000000	0.000000	0.000000	0.000000	0.000000	0.000000	0.000000	-16.008848	0.000000	0.000000	0.000000
1764624643.909031391	0.000000	0.000000	-0.078503	0.000000	0.000000	0.000000	0.000000	0.000000	0.011664	0.000000	0.000000	0.000000	0.000000	0.000000	0.000000	0.000000	0.000000	0.000000	0.000000	0.000000	-16.008848	0.000000	0.000000	0.000000
1764624643.926748037	0.000000	0.000000	-0.136557	0.000000	0.000000	0.000000	0.000000	0.000000	0.011664	0.000000	0.000000	0.000000	0.000000	0.000000	0.000000	0.000000	0.000000	0.000000	0.000000	0.000000	-16.008848	0.000000	0.000000	0.000000
1764624643.928810835	0.000000	0.000000	-0.074247	0.000000	0.000000	0.000000	0.000000	0.000000	0.011664	0.000000	0.000000	0.000000	0.000000	0.000000	0.000000	0.000000	0.000000	0.000000	0.000000	0.000000	-16.008848	0.000000	0.000000	0.000000
1764624643.938525200	0.000000	0.000000	-0.108276	0.000000	0.000000	0.000000	0.000000	0.000000	0.011664	0.000000	0.000000	0.000000	0.000000	0.000000	0.000000	0.000000	0.000000	0.000000	0.000000	0.000000	-16.008848	0.000000	0.000000	0.000000
1764624643.961292505	0.000000	0.000000	-0.139323	0.000000	0.000000	0.000000	0.000000	0.000000	-0.027813	0.000000	0.000000	0.000000	0.000000	0.000000	0.000000	0.000000	0.000000	0.000000	0.000000	0.000000	-16.008848	0.000000	0.000000	0.000000
1764624643.963419199	0.000000	0.000000	-0.054022	0.000000	0.000000	0.000000	0.000000	0.000000	-0.027813	0.000000	0.000000	0.000000	0.000000	0.000000	0.000000	0.000000	0.000000	0.000000	0.000000	0.000000	-16.008848	0.000000	0.000000	0.000000
1764624643.968253374	0.000000	0.000000	-0.126253	0.000000	0.000000	0.000000	0.000000	0.000000	-0.027813	0.000000	0.000000	0.000000	0.000000	0.000000	0.000000	0.000000	0.000000	0.000000	0.000000	0.000000	-16.008848	0.000000	0.000000	0.000000
1764624643.978933334	0.000000	0.000000	-0.104509	0.000000	0.000000	0.000000	0.000000	0.000000	-0.027813	0.000000	0.000000	0.000000	0.000000	0.000000	0.000000	0.000000	0.000000	0.000000	0.000000	0.000000	-16.008848	0.000000	0.000000	0.000000
1764624643.997815847	0.000000	0.000000	-0.089907	0.000000	0.000000	0.000000	0.000000	0.000000	-0.027813	0.000000	0.000000	0.000000	0.000000	0.000000	0.000000	0.000000	0.000000	0.000000	0.000000	0.000000	-16.008848	0.000000	0.000000	0.000000
1764624643.999262571	0.000000	0.000000	-0.109893	0.000000	0.000000	0.000000	0.000000	0.000000	-0.027813	0.000000	0.000000	0.000000	0.000000	0.000000	0.000000	0.000000	0.000000	0.000000	0.000000	0.000000	-16.008848	0.000000	0.000000	0.000000
1764624644.008981943	0.000000	0.000000	-0.061668	0.000000	0.000000	0.000000	0.000000	0.000000	-0.027813	0.000000	0.000000	0.000000	0.000000	0.000000	0.000000	0.000000	0.000000	0.000000	0.000000	0.000000	-16.008848	0.000000	0.000000	0.000000
1764624644.019168615	0.000000	0.000000	-0.066927	0.000000	0.000000	0.000000	0.000000	0.000000	-0.027813	0.000000	0.000000	0.000000	0.000000	0.000000	0.000000	0.000000	0.000000	0.000000	0.000000	0.000000	-16.008848	0.000000	0.000000	0.000000
1764624644.028346062	0.000000	0.000000	-0.079256	0.000000	0.000000	0.000000	0.000000	0.000000	-0.027813	0.000000	0.000000	0.000000	0.000000	0.000000	0.000000	0.000000	0.000000	0.000000	0.000000	0.000000	-16.008848	0.000000	0.000000	0.000000
1764624644.054117918	0.000000	0.000000	-0.091663	0.000000	0.000000	0.000000	0.000000	0.000000	-0.027813	0.000000	0.000000	0.000000	0.000000	0.000000	0.000000	0.000000	0.000000	0.000000	0.000000	0.000000	-16.008848	0.000000	0.000000	0.000000
1764624644.055782557	0.000000	0.000000	-0.057155	0.000000	0.000000	0.000000	0.000000	0.000000	-0.027813	0.000000	0.000000	0.000000	0.000000	0.000000	0.000000	0.000000	0.000000	0.000000	0.000000	0.000000	-16.008848	0.000000	0.000000	0.000000
1764624644.061368227	0.000000	0.000000	-0.113152	0.000000	0.000000	0.000000	0.000000	0.000000	-0.027813	0.000000	0.000000	0.000000	0.000000	0.000000	0.000000	0.000000	0.000000	0.000000	0.000000	0.000000	-16.008848	0.000000	0.000000	0.000000
1764624644.068912506	0.000000	0.000000	-0.088263	0.000000	0.000000	0.000000	0.000000	0.000000	-0.027813	0.000000	0.000000	0.000000	0.000000	0.000000	0.000000	0.000000	0.000000	0.000000	0.000000	0.000000	-16.008848	0.000000	0.000000	0.000000
1764624644.086906433	0.000000	0.000000	-0.055808	0.000000	0.000000	0.000000	0.000000	0.000000	-0.027813	0.000000	0.000000	0.000000	0.000000	0.000000	0.000000	0.000000	0.000000	0.000000	0.000000	0.000000	-16.008848	0.000000	0.000000	0.000000
1764624644.088119507	0.000000	0.000000	-0.106542	0.000000	0.000000	0.000000	0.000000	0.000000	-0.027813	0.000000	0.000000	0.000000	0.000000	0.000000	0.000000	0.000000	0.000000	0.000000	0.000000	0.000000	-16.008848	0.000000	0.000000	0.000000
1764624644.098655939	0.000000	0.000000	-0.070848	0.000000	0.000000	0.000000	0.000000	0.000000	-0.027813	0.000000	0.000000	0.000000	0.000000	0.000000	0.000000	0.000000	0.000000	0.000000	0.000000	0.000000	-16.008848	0.000000	0.000000	0.000000
1764624644.109313965	0.000000	0.000000	-0.074437	0.000000	0.000000	0.000000	0.000000	0.000000	-0.027813	0.000000	0.000000	0.000000	0.000000	0.000000	0.000000	0.000000	0.000000	0.000000	0.000000	0.000000	-16.008848	0.000000	0.000000	0.000000
1764624644.125619650	0.000000	0.000000	-0.089606	0.000000	0.000000	0.000000	0.000000	0.000000	-0.027813	0.000000	0.000000	0.000000	0.000000	0.000000	0.000000	0.000000	0.000000	0.000000	0.000000	0.000000	-16.008848	0.000000	0.000000	0.000000
1764624644.128020048	0.000000	0.000000	-0.060170	0.000000	0.000000	0.000000	0.000000	0.000000	-0.027813	0.000000	0.000000	0.000000	0.000000	0.000000	0.000000	0.000000	0.000000	0.000000	0.000000	0.000000	-16.008848	0.000000	0.000000	0.000000
1764624644.138516903	0.000000	0.000000	-0.096981	0.000000	0.000000	0.000000	0.000000	0.000000	-0.027813	0.000000	0.000000	0.000000	0.000000	0.000000	0.000000	0.000000	0.000000	0.000000	0.000000	0.000000	-16.008848	0.000000	0.000000	0.000000
1764624644.156712770	0.000000	0.000000	-0.064450	0.000000	0.000000	0.000000	0.000000	0.000000	-0.027813	0.000000	0.000000	0.000000	0.000000	0.000000	0.000000	0.000000	0.000000	0.000000	0.000000	0.000000	-16.008848	0.000000	0.000000	0.000000
1764624644.158452749	0.000000	0.000000	-0.073696	0.000000	0.000000	0.000000	0.000000	0.000000	-0.027813	0.000000	0.000000	0.000000	0.000000	0.000000	0.000000	0.000000	0.000000	0.000000	0.000000	0.000000	-16.008848	0.000000	0.000000	0.000000
1764624644.168335915	0.000000	0.000000	-0.096637	0.000000	0.000000	0.000000	0.000000	0.000000	-0.027813	0.000000	0.000000	0.000000	0.000000	0.000000	0.000000	0.000000	0.000000	0.000000	0.000000	0.000000	-16.008848	0.000000	0.000000	0.000000
1764624644.181873798	0.000000	0.000000	-0.096981	0.000000	0.000000	0.000000	0.000000	0.000000	-0.027813	0.000000	0.000000	0.000000	0.000000	0.000000	0.000000	0.000000	0.000000	0.000000	0.000000	0.000000	-16.008848	0.000000	0.000000	0.000000
1764624644.189355135	0.000000	0.000000	-0.074117	0.000000	0.000000	0.000000	0.000000	0.000000	-0.027813	0.000000	0.000000	0.000000	0.000000	0.000000	0.000000	0.000000	0.000000	0.000000	0.000000	0.000000	-16.008848	0.000000	0.000000	0.000000
1764624644.198836327	0.000000	0.000000	-0.085761	0.000000	0.000000	0.000000	0.000000	0.000000	-0.027813	0.000000	0.000000	0.000000	0.000000	0.000000	0.000000	0.000000	0.000000	0.000000	0.000000	0.000000	-16.008848	0.000000	0.000000	0.000000
1764624644.209552526	0.000000	0.000000	-0.073759	0.000000	0.000000	0.000000	0.000000	0.000000	-0.054216	0.000000	0.000000	0.000000	0.000000	0.000000	0.000000	0.000000	0.000000	0.000000	0.000000	0.000000	-16.008848	0.000000	0.000000	0.000000
1764624644.221251011	0.000000	0.000000	-0.051675	0.000000	0.000000	0.000000	0.000000	0.000000	-0.054216	0.000000	0.000000	0.000000	0.000000	0.000000	0.000000	0.000000	0.000000	0.000000	0.000000	0.000000	-16.008848	0.000000	0.000000	0.000000
1764624644.243582010	0.000000	0.000000	-0.105639	0.000000	0.000000	0.000000	0.000000	0.000000	-0.054216	0.000000	0.000000	0.000000	0.000000	0.000000	0.000000	0.000000	0.000000	0.000000	0.000000	0.000000	-16.008848	0.000000	0.000000	0.000000
1764624644.243597984	0.000000	0.000000	-0.045239	0.000000	0.000000	0.000000	0.000000	0.000000	-0.054216	0.000000	0.000000	0.000000	0.000000	0.000000	0.000000	0.000000	0.000000	0.000000	0.000000	0.000000	-16.008848	0.000000	0.000000	0.000000
1764624644.248563528	0.000000	0.000000	-0.050207	0.000000	0.000000	0.000000	0.000000	0.000000	-0.054216	0.000000	0.000000	0.000000	0.000000	0.000000	0.000000	0.000000	0.000000	0.000000	0.000000	0.000000	-16.008848	0.000000	0.000000	0.000000
1764624644.262455940	0.000000	0.000000	-0.075838	0.000000	0.000000	0.000000	0.000000	0.000000	-0.054216	0.000000	0.000000	0.000000	0.000000	0.000000	0.000000	0.000000	0.000000	0.000000	0.000000	0.000000	-16.008848	0.000000	0.000000	0.000000
1764624644.285698652	0.000000	0.000000	-0.063034	0.000000	0.000000	0.000000	0.000000	0.000000	-0.054216	0.000000	0.000000	0.000000	0.000000	0.000000	0.000000	0.000000	0.000000	0.000000	0.000000	0.000000	-16.008848	0.000000	0.000000	0.000000
1764624644.287910461	0.000000	0.000000	-0.053443	0.000000	0.000000	0.000000	0.000000	0.000000	-0.054216	0.000000	0.000000	0.000000	0.000000	0.000000	0.000000	0.000000	0.000000	0.000000	0.000000	0.000000	-16.008848	0.000000	0.000000	0.000000
1764624644.289145231	0.000000	0.000000	-0.091796	0.000000	0.000000	0.000000	0.000000	0.000000	-0.054216	0.000000	0.000000	0.000000	0.000000	0.000000	0.000000	0.000000	0.000000	0.000000	0.000000	0.000000	-16.008848	0.000000	0.000000	0.000000
1764624644.297699213	0.000000	0.000000	-0.078904	0.000000	0.000000	0.000000	0.000000	0.000000	-0.054216	0.000000	0.000000	0.000000	0.000000	0.000000	0.000000	0.000000	0.000000	0.000000	0.000000	0.000000	-16.008848	0.000000	0.000000	0.000000
1764624644.322969675	0.000000	0.000000	-0.101748	0.000000	0.000000	0.000000	0.000000	0.000000	-0.054216	0.000000	0.000000	0.000000	0.000000	0.000000	0.000000	0.000000	0.000000	0.000000	0.000000	0.000000	-16.008848	0.000000	0.000000	0.000000
1764624644.322987556	0.000000	0.000000	-0.058503	0.000000	0.000000	0.000000	0.000000	0.000000	-0.054216	0.000000	0.000000	0.000000	0.000000	0.000000	0.000000	0.000000	0.000000	0.000000	0.000000	0.000000	-16.008848	0.000000	0.000000	0.000000
1764624644.328750849	0.000000	0.000000	-0.085170	0.000000	0.000000	0.000000	0.000000	0.000000	-0.054216	0.000000	0.000000	0.000000	0.000000	0.000000	0.000000	0.000000	0.000000	0.000000	0.000000	0.000000	-16.008848	0.000000	0.000000	0.000000
1764624644.338813543	0.000000	0.000000	-0.074582	0.000000	0.000000	0.000000	0.000000	0.000000	-0.054216	0.000000	0.000000	0.000000	0.000000	0.000000	0.000000	0.000000	0.000000	0.000000	0.000000	0.000000	-16.008848	0.000000	0.000000	0.000000
1764624644.348893881	0.000000	0.000000	-0.090122	0.000000	0.000000	0.000000	0.000000	0.000000	-0.054216	0.000000	0.000000	0.000000	0.000000	0.000000	0.000000	0.000000	0.000000	0.000000	0.000000	0.000000	-16.008848	0.000000	0.000000	0.000000
1764624644.367575407	0.000000	0.000000	-0.068267	0.000000	0.000000	0.000000	0.000000	0.000000	-0.054216	0.000000	0.000000	0.000000	0.000000	0.000000	0.000000	0.000000	0.000000	0.000000	0.000000	0.000000	-16.008848	0.000000	0.000000	0.000000
1764624644.367587328	0.000000	0.000000	-0.070383	0.000000	0.000000	0.000000	0.000000	0.000000	-0.054216	0.000000	0.000000	0.000000	0.000000	0.000000	0.000000	0.000000	0.000000	0.000000	0.000000	0.000000	-16.008848	0.000000	0.000000	0.000000
1764624644.379222393	0.000000	0.000000	-0.053394	0.000000	0.000000	0.000000	0.000000	0.000000	-0.054216	0.000000	0.000000	0.000000	0.000000	0.000000	0.000000	0.000000	0.000000	0.000000	0.000000	0.000000	-16.008848	0.000000	0.000000	0.000000
1764624644.400273085	0.000000	0.000000	-0.057791	0.000000	0.000000	0.000000	0.000000	0.000000	-0.054216	0.000000	0.000000	0.000000	0.000000	0.000000	0.000000	0.000000	0.000000	0.000000	0.000000	0.000000	-16.008848	0.000000	0.000000	0.000000
1764624644.400278091	0.000000	0.000000	-0.089038	0.000000	0.000000	0.000000	0.000000	0.000000	-0.054216	0.000000	0.000000	0.000000	0.000000	0.000000	0.000000	0.000000	0.000000	0.000000	0.000000	0.000000	-16.008848	0.000000	0.000000	0.000000
1764624644.408904314	0.000000	0.000000	-0.038886	0.000000	0.000000	0.000000	0.000000	0.000000	-0.054216	0.000000	0.000000	0.000000	0.000000	0.000000	0.000000	0.000000	0.000000	0.000000	0.000000	0.000000	-16.008848	0.000000	0.000000	0.000000
1764624644.418658972	0.000000	0.000000	-0.025466	0.000000	0.000000	0.000000	0.000000	0.000000	-0.054216	0.000000	0.000000	0.000000	0.000000	0.000000	0.000000	0.000000	0.000000	0.000000	0.000000	0.000000	-16.008848	0.000000	0.000000	0.000000
1764624644.441931009	0.000000	0.000000	-0.083263	0.000000	0.000000	0.000000	0.000000	0.000000	-0.054216	0.000000	0.000000	0.000000	0.000000	0.000000	0.000000	0.000000	0.000000	0.000000	0.000000	0.000000	-16.008848	0.000000	0.000000	0.000000
1764624644.441942215	0.000000	0.000000	-0.028905	0.000000	0.000000	0.000000	0.000000	0.000000	-0.054216	0.000000	0.000000	0.000000	0.000000	0.000000	0.000000	0.000000	0.000000	0.000000	0.000000	0.000000	-16.008848	0.000000	0.000000	0.000000
1764624644.448570013	0.000000	0.000000	-0.078803	0.000000	0.000000	0.000000	0.000000	0.000000	-0.054216	0.000000	0.000000	0.000000	0.000000	0.000000	0.000000	0.000000	0.000000	0.000000	0.000000	0.000000	-16.008848	0.000000	0.000000	0.000000
1764624644.458982468	0.000000	0.000000	-0.077223	0.000000	0.000000	0.000000	0.000000	0.000000	-0.082719	0.000000	0.000000	0.000000	0.000000	0.000000	0.000000	0.000000	0.000000	0.000000	0.000000	0.000000	-16.008848	0.000000	0.000000	0.000000
1764624644.477174520	0.000000	0.000000	-0.069368	0.000000	0.000000	0.000000	0.000000	0.000000	-0.082719	0.000000	0.000000	0.000000	0.000000	0.000000	0.000000	0.000000	0.000000	0.000000	0.000000	0.000000	-16.008848	0.000000	0.000000	0.000000
1764624644.479116917	0.000000	0.000000	-0.070097	0.000000	0.000000	0.000000	0.000000	0.000000	-0.082719	0.000000	0.000000	0.000000	0.000000	0.000000	0.000000	0.000000	0.000000	0.000000	0.000000	0.000000	-16.008848	0.000000	0.000000	0.000000
1764624644.488747358	0.000000	0.000000	-0.075584	0.000000	0.000000	0.000000	0.000000	0.000000	-0.082719	0.000000	0.000000	0.000000	0.000000	0.000000	0.000000	0.000000	0.000000	0.000000	0.000000	0.000000	-16.008848	0.000000	0.000000	0.000000
1764624644.498507023	0.000000	0.000000	-0.052336	0.000000	0.000000	0.000000	0.000000	0.000000	-0.082719	0.000000	0.000000	0.000000	0.000000	0.000000	0.000000	0.000000	0.000000	0.000000	0.000000	0.000000	-16.008848	0.000000	0.000000	0.000000
1764624644.518581152	0.000000	0.000000	-0.057662	0.000000	0.000000	0.000000	0.000000	0.000000	-0.082719	0.000000	0.000000	0.000000	0.000000	0.000000	0.000000	0.000000	0.000000	0.000000	0.000000	0.000000	-16.008848	0.000000	0.000000	0.000000
1764624644.519845009	0.000000	0.000000	-0.078724	0.000000	0.000000	0.000000	0.000000	0.000000	-0.082719	0.000000	0.000000	0.000000	0.000000	0.000000	0.000000	0.000000	0.000000	0.000000	0.000000	0.000000	-16.008848	0.000000	0.000000	0.000000
1764624644.528424978	0.000000	0.000000	-0.026831	0.000000	0.000000	0.000000	0.000000	0.000000	-0.082719	0.000000	0.000000	0.000000	0.000000	0.000000	0.000000	0.000000	0.000000	0.000000	0.000000	0.000000	-16.008848	0.000000	0.000000	0.000000
1764624644.538449526	0.000000	0.000000	-0.073728	0.000000	0.000000	0.000000	0.000000	0.000000	-0.082719	0.000000	0.000000	0.000000	0.000000	0.000000	0.000000	0.000000	0.000000	0.000000	0.000000	0.000000	-16.008848	0.000000	0.000000	0.000000
1764624644.554813862	0.000000	0.000000	-0.054107	0.000000	0.000000	0.000000	0.000000	0.000000	-0.082719	0.000000	0.000000	0.000000	0.000000	0.000000	0.000000	0.000000	0.000000	0.000000	0.000000	0.000000	-16.008848	0.000000	0.000000	0.000000
1764624644.558423758	0.000000	0.000000	-0.051107	0.000000	0.000000	0.000000	0.000000	0.000000	-0.082719	0.000000	0.000000	0.000000	0.000000	0.000000	0.000000	0.000000	0.000000	0.000000	0.000000	0.000000	-16.008848	0.000000	0.000000	0.000000
1764624644.569143772	0.000000	0.000000	-0.072875	0.000000	0.000000	0.000000	0.000000	0.000000	-0.082719	0.000000	0.000000	0.000000	0.000000	0.000000	0.000000	0.000000	0.000000	0.000000	0.000000	0.000000	-16.008848	0.000000	0.000000	0.000000
1764624644.579489708	0.000000	0.000000	-0.047445	0.000000	0.000000	0.000000	0.000000	0.000000	-0.082719	0.000000	0.000000	0.000000	0.000000	0.000000	0.000000	0.000000	0.000000	0.000000	0.000000	0.000000	-16.008848	0.000000	0.000000	0.000000
1764624644.589216948	0.000000	0.000000	-0.071064	0.000000	0.000000	0.000000	0.000000	0.000000	-0.082719	0.000000	0.000000	0.000000	0.000000	0.000000	0.000000	0.000000	0.000000	0.000000	0.000000	0.000000	-16.008848	0.000000	0.000000	0.000000
1764624644.606901169	0.000000	0.000000	-0.053829	0.000000	0.000000	0.000000	0.000000	0.000000	-0.082719	0.000000	0.000000	0.000000	0.000000	0.000000	0.000000	0.000000	0.000000	0.000000	0.000000	0.000000	-16.008848	0.000000	0.000000	0.000000
1764624644.608725071	0.000000	0.000000	-0.040998	0.000000	0.000000	0.000000	0.000000	0.000000	-0.082719	0.000000	0.000000	0.000000	0.000000	0.000000	0.000000	0.000000	0.000000	0.000000	0.000000	0.000000	-16.008848	0.000000	0.000000	0.000000
1764624644.618942261	0.000000	0.000000	-0.067645	0.000000	0.000000	0.000000	0.000000	0.000000	-0.082719	0.000000	0.000000	0.000000	0.000000	0.000000	0.000000	0.000000	0.000000	0.000000	0.000000	0.000000	-16.008848	0.000000	0.000000	0.000000
1764624644.637698889	0.000000	0.000000	-0.040595	0.000000	0.000000	0.000000	0.000000	0.000000	-0.082719	0.000000	0.000000	0.000000	0.000000	0.000000	0.000000	0.000000	0.000000	0.000000	0.000000	0.000000	-16.008848	0.000000	0.000000	0.000000
1764624644.637715101	0.000000	0.000000	-0.052720	0.000000	0.000000	0.000000	0.000000	0.000000	-0.082719	0.000000	0.000000	0.000000	0.000000	0.000000	0.000000	0.000000	0.000000	0.000000	0.000000	0.000000	-16.008848	0.000000	0.000000	0.000000
1764624644.649263382	0.000000	0.000000	-0.050661	0.000000	0.000000	0.000000	0.000000	0.000000	-0.082719	0.000000	0.000000	0.000000	0.000000	0.000000	0.000000	0.000000	0.000000	0.000000	0.000000	0.000000	-16.008848	0.000000	0.000000	0.000000
1764624644.658895731	0.000000	0.000000	-0.050732	0.000000	0.000000	0.000000	0.000000	0.000000	-0.082719	0.000000	0.000000	0.000000	0.000000	0.000000	0.000000	0.000000	0.000000	0.000000	0.000000	0.000000	-16.008848	0.000000	0.000000	0.000000
1764624644.680989504	0.000000	0.000000	-0.053775	0.000000	0.000000	0.000000	0.000000	0.000000	-0.082719	0.000000	0.000000	0.000000	0.000000	0.000000	0.000000	0.000000	0.000000	0.000000	0.000000	0.000000	-16.008848	0.000000	0.000000	0.000000
1764624644.681001425	0.000000	0.000000	-0.080382	0.000000	0.000000	0.000000	0.000000	0.000000	-0.082719	0.000000	0.000000	0.000000	0.000000	0.000000	0.000000	0.000000	0.000000	0.000000	0.000000	0.000000	-16.008848	0.000000	0.000000	0.000000
1764624644.689033270	0.000000	0.000000	-0.043860	0.000000	0.000000	0.000000	0.000000	0.000000	-0.082719	0.000000	0.000000	0.000000	0.000000	0.000000	0.000000	0.000000	0.000000	0.000000	0.000000	0.000000	-16.008848	0.000000	0.000000	0.000000
1764624644.699149847	0.000000	0.000000	-0.050315	0.000000	0.000000	0.000000	0.000000	0.000000	-0.082719	0.000000	0.000000	0.000000	0.000000	0.000000	0.000000	0.000000	0.000000	0.000000	0.000000	0.000000	-16.008848	0.000000	0.000000	0.000000
1764624644.709284782	0.000000	0.000000	-0.068697	0.000000	0.000000	0.000000	0.000000	0.000000	-0.101129	0.000000	0.000000	0.000000	0.000000	0.000000	0.000000	0.000000	0.000000	0.000000	0.000000	0.000000	-16.008848	0.000000	0.000000	0.000000
1764624644.726835489	0.000000	0.000000	-0.054870	0.000000	0.000000	0.000000	0.000000	0.000000	-0.101129	0.000000	0.000000	0.000000	0.000000	0.000000	0.000000	0.000000	0.000000	0.000000	0.000000	0.000000	-16.008848	0.000000	0.000000	0.000000
1764624644.728007793	0.000000	0.000000	-0.059691	0.000000	0.000000	0.000000	0.000000	0.000000	-0.101129	0.000000	0.000000	0.000000	0.000000	0.000000	0.000000	0.000000	0.000000	0.000000	0.000000	0.000000	-16.008848	0.000000	0.000000	0.000000
1764624644.738648415	0.000000	0.000000	-0.067597	0.000000	0.000000	0.000000	0.000000	0.000000	-0.101129	0.000000	0.000000	0.000000	0.000000	0.000000	0.000000	0.000000	0.000000	0.000000	0.000000	0.000000	-16.008848	0.000000	0.000000	0.000000
1764624644.759478092	0.000000	0.000000	-0.018974	0.000000	0.000000	0.000000	0.000000	0.000000	-0.101129	0.000000	0.000000	0.000000	0.000000	0.000000	0.000000	0.000000	0.000000	0.000000	0.000000	0.000000	-16.008848	0.000000	0.000000	0.000000
1764624644.759489298	0.000000	0.000000	-0.031733	0.000000	0.000000	0.000000	0.000000	0.000000	-0.101129	0.000000	0.000000	0.000000	0.000000	0.000000	0.000000	0.000000	0.000000	0.000000	0.000000	0.000000	-16.008848	0.000000	0.000000	0.000000
1764624644.769191504	0.000000	0.000000	-0.047921	0.000000	0.000000	0.000000	0.000000	0.000000	-0.101129	0.000000	0.000000	0.000000	0.000000	0.000000	0.000000	0.000000	0.000000	0.000000	0.000000	0.000000	-16.008848	0.000000	0.000000	0.000000
1764624644.778803349	0.000000	0.000000	-0.044456	0.000000	0.000000	0.000000	0.000000	0.000000	-0.101129	0.000000	0.000000	0.000000	0.000000	0.000000	0.000000	0.000000	0.000000	0.000000	0.000000	0.000000	-16.008848	0.000000	0.000000	0.000000
1764624644.797714710	0.000000	0.000000	-0.001996	0.000000	0.000000	0.000000	0.000000	0.000000	-0.101129	0.000000	0.000000	0.000000	0.000000	0.000000	0.000000	0.000000	0.000000	0.000000	0.000000	0.000000	-16.008848	0.000000	0.000000	0.000000
1764624644.799526215	0.000000	0.000000	-0.061231	0.000000	0.000000	0.000000	0.000000	0.000000	-0.101129	0.000000	0.000000	0.000000	0.000000	0.000000	0.000000	0.000000	0.000000	0.000000	0.000000	0.000000	-16.008848	0.000000	0.000000	0.000000
1764624644.811038256	0.000000	0.000000	-0.040588	0.000000	0.000000	0.000000	0.000000	0.000000	-0.101129	0.000000	0.000000	0.000000	0.000000	0.000000	0.000000	0.000000	0.000000	0.000000	0.000000	0.000000	-16.008848	0.000000	0.000000	0.000000
1764624644.818375826	0.000000	0.000000	-0.062849	0.000000	0.000000	0.000000	0.000000	0.000000	-0.101129	0.000000	0.000000	0.000000	0.000000	0.000000	0.000000	0.000000	0.000000	0.000000	0.000000	0.000000	-16.008848	0.000000	0.000000	0.000000
1764624644.828271866	0.000000	0.000000	-0.078542	0.000000	0.000000	0.000000	0.000000	0.000000	-0.101129	0.000000	0.000000	0.000000	0.000000	0.000000	0.000000	0.000000	0.000000	0.000000	0.000000	0.000000	-16.008848	0.000000	0.000000	0.000000
1764624644.852179289	0.000000	0.000000	-0.056461	0.000000	0.000000	0.000000	0.000000	0.000000	-0.101129	0.000000	0.000000	0.000000	0.000000	0.000000	0.000000	0.000000	0.000000	0.000000	0.000000	0.000000	-16.008848	0.000000	0.000000	0.000000
1764624644.853760004	0.000000	0.000000	-0.088710	0.000000	0.000000	0.000000	0.000000	0.000000	-0.101129	0.000000	0.000000	0.000000	0.000000	0.000000	0.000000	0.000000	0.000000	0.000000	0.000000	0.000000	-16.008848	0.000000	0.000000	0.000000
1764624644.858218431	0.000000	0.000000	-0.058951	0.000000	0.000000	0.000000	0.000000	0.000000	-0.101129	0.000000	0.000000	0.000000	0.000000	0.000000	0.000000	0.000000	0.000000	0.000000	0.000000	0.000000	-16.008848	0.000000	0.000000	0.000000
1764624644.879316568	0.000000	0.000000	-0.077917	0.000000	0.000000	0.000000	0.000000	0.000000	-0.101129	0.000000	0.000000	0.000000	0.000000	0.000000	0.000000	0.000000	0.000000	0.000000	0.000000	0.000000	-16.008848	0.000000	0.000000	0.000000
1764624644.879337549	0.000000	0.000000	-0.056241	0.000000	0.000000	0.000000	0.000000	0.000000	-0.101129	0.000000	0.000000	0.000000	0.000000	0.000000	0.000000	0.000000	0.000000	0.000000	0.000000	0.000000	-16.008848	0.000000	0.000000	0.000000
1764624644.889518261	0.000000	0.000000	-0.046496	0.000000	0.000000	0.000000	0.000000	0.000000	-0.101129	0.000000	0.000000	0.000000	0.000000	0.000000	0.000000	0.000000	0.000000	0.000000	0.000000	0.000000	-16.008848	0.000000	0.000000	0.000000
1764624644.899101734	0.000000	0.000000	-0.042765	0.000000	0.000000	0.000000	0.000000	0.000000	-0.101129	0.000000	0.000000	0.000000	0.000000	0.000000	0.000000	0.000000	0.000000	0.000000	0.000000	0.000000	-16.008848	0.000000	0.000000	0.000000
1764624644.909262180	0.000000	0.000000	-0.070563	0.000000	0.000000	0.000000	0.000000	0.000000	-0.101129	0.000000	0.000000	0.000000	0.000000	0.000000	0.000000	0.000000	0.000000	0.000000	0.000000	0.000000	-16.008848	0.000000	0.000000	0.000000
1764624644.928630590	0.000000	0.000000	-0.028306	0.000000	0.000000	0.000000	0.000000	0.000000	-0.101129	0.000000	0.000000	0.000000	0.000000	0.000000	0.000000	0.000000	0.000000	0.000000	0.000000	0.000000	-16.008848	0.000000	0.000000	0.000000
1764624644.928650379	0.000000	0.000000	-0.058565	0.000000	0.000000	0.000000	0.000000	0.000000	-0.101129	0.000000	0.000000	0.000000	0.000000	0.000000	0.000000	0.000000	0.000000	0.000000	0.000000	0.000000	-16.008848	0.000000	0.000000	0.000000
1764624644.938436270	0.000000	0.000000	-0.061242	0.000000	0.000000	0.000000	0.000000	0.000000	-0.101129	0.000000	0.000000	0.000000	0.000000	0.000000	0.000000	0.000000	0.000000	0.000000	0.000000	0.000000	-16.008848	0.000000	0.000000	0.000000
1764624644.949254751	0.000000	0.000000	-0.051711	0.000000	0.000000	0.000000	0.000000	0.000000	-0.101129	0.000000	0.000000	0.000000	0.000000	0.000000	0.000000	0.000000	0.000000	0.000000	0.000000	0.000000	-16.008848	0.000000	0.000000	0.000000
1764624644.968307495	0.000000	0.000000	-0.047606	0.000000	0.000000	0.000000	0.000000	0.000000	-0.126844	0.000000	0.000000	0.000000	0.000000	0.000000	0.000000	0.000000	0.000000	0.000000	0.000000	0.000000	-16.008848	0.000000	0.000000	0.000000
1764624644.969939709	0.000000	0.000000	-0.101548	0.000000	0.000000	0.000000	0.000000	0.000000	-0.126844	0.000000	0.000000	0.000000	0.000000	0.000000	0.000000	0.000000	0.000000	0.000000	0.000000	0.000000	-16.008848	0.000000	0.000000	0.000000
1764624644.978815556	0.000000	0.000000	-0.019521	0.000000	0.000000	0.000000	0.000000	0.000000	-0.126844	0.000000	0.000000	0.000000	0.000000	0.000000	0.000000	0.000000	0.000000	0.000000	0.000000	0.000000	-16.008848	0.000000	0.000000	0.000000
1764624645.004281521	0.000000	0.000000	-0.064587	0.000000	0.000000	0.000000	0.000000	0.000000	-0.126844	0.000000	0.000000	0.000000	0.000000	0.000000	0.000000	0.000000	0.000000	0.000000	0.000000	0.000000	-16.008848	0.000000	0.000000	0.000000
1764624645.004302979	0.000000	0.000000	-0.072913	0.000000	0.000000	0.000000	0.000000	0.000000	-0.126844	0.000000	0.000000	0.000000	0.000000	0.000000	0.000000	0.000000	0.000000	0.000000	0.000000	0.000000	-16.008848	0.000000	0.000000	0.000000
1764624645.008539677	0.000000	0.000000	-0.037251	0.000000	0.000000	0.000000	0.000000	0.000000	-0.126844	0.000000	0.000000	0.000000	0.000000	0.000000	0.000000	0.000000	0.000000	0.000000	0.000000	0.000000	-16.008848	0.000000	0.000000	0.000000
1764624645.018484116	0.000000	0.000000	-0.079482	0.000000	0.000000	0.000000	0.000000	0.000000	-0.126844	0.000000	0.000000	0.000000	0.000000	0.000000	0.000000	0.000000	0.000000	0.000000	0.000000	0.000000	-16.008848	0.000000	0.000000	0.000000
1764624645.040661097	0.000000	0.000000	-0.063916	0.000000	0.000000	0.000000	0.000000	0.000000	-0.126844	0.000000	0.000000	0.000000	0.000000	0.000000	0.000000	0.000000	0.000000	0.000000	0.000000	0.000000	-16.008848	0.000000	0.000000	0.000000
1764624645.040670872	0.000000	0.000000	-0.031120	0.000000	0.000000	0.000000	0.000000	0.000000	-0.126844	0.000000	0.000000	0.000000	0.000000	0.000000	0.000000	0.000000	0.000000	0.000000	0.000000	0.000000	-16.008848	0.000000	0.000000	0.000000
1764624645.048708200	0.000000	0.000000	-0.079359	0.000000	0.000000	0.000000	0.000000	0.000000	-0.126844	0.000000	0.000000	0.000000	0.000000	0.000000	0.000000	0.000000	0.000000	0.000000	0.000000	0.000000	-16.008848	0.000000	0.000000	0.000000
1764624645.058845758	0.000000	0.000000	-0.082475	0.000000	0.000000	0.000000	0.000000	0.000000	-0.126844	0.000000	0.000000	0.000000	0.000000	0.000000	0.000000	0.000000	0.000000	0.000000	0.000000	0.000000	-16.008848	0.000000	0.000000	0.000000
1764624645.069068432	0.000000	0.000000	-0.062159	0.000000	0.000000	0.000000	0.000000	0.000000	-0.126844	0.000000	0.000000	0.000000	0.000000	0.000000	0.000000	0.000000	0.000000	0.000000	0.000000	0.000000	-16.008848	0.000000	0.000000	0.000000
1764624645.089050055	0.000000	0.000000	-0.072787	0.000000	0.000000	0.000000	0.000000	0.000000	-0.126844	0.000000	0.000000	0.000000	0.000000	0.000000	0.000000	0.000000	0.000000	0.000000	0.000000	0.000000	-16.008848	0.000000	0.000000	0.000000
1764624645.090404510	0.000000	0.000000	-0.091525	0.000000	0.000000	0.000000	0.000000	0.000000	-0.126844	0.000000	0.000000	0.000000	0.000000	0.000000	0.000000	0.000000	0.000000	0.000000	0.000000	0.000000	-16.008848	0.000000	0.000000	0.000000
1764624645.100029469	0.000000	0.000000	-0.057980	0.000000	0.000000	0.000000	0.000000	0.000000	-0.126844	0.000000	0.000000	0.000000	0.000000	0.000000	0.000000	0.000000	0.000000	0.000000	0.000000	0.000000	-16.008848	0.000000	0.000000	0.000000
1764624645.109157085	0.000000	0.000000	-0.090931	0.000000	0.000000	0.000000	0.000000	0.000000	-0.126844	0.000000	0.000000	0.000000	0.000000	0.000000	0.000000	0.000000	0.000000	0.000000	0.000000	0.000000	-16.008848	0.000000	0.000000	0.000000
1764624645.126032591	0.000000	0.000000	-0.050354	0.000000	0.000000	0.000000	0.000000	0.000000	-0.126844	0.000000	0.000000	0.000000	0.000000	0.000000	0.000000	0.000000	0.000000	0.000000	0.000000	0.000000	-16.008848	0.000000	0.000000	0.000000
1764624645.128557682	0.000000	0.000000	-0.064293	0.000000	0.000000	0.000000	0.000000	0.000000	-0.126844	0.000000	0.000000	0.000000	0.000000	0.000000	0.000000	0.000000	0.000000	0.000000	0.000000	0.000000	-16.008848	0.000000	0.000000	0.000000
1764624645.138129950	0.000000	0.000000	-0.077472	0.000000	0.000000	0.000000	0.000000	0.000000	-0.126844	0.000000	0.000000	0.000000	0.000000	0.000000	0.000000	0.000000	0.000000	0.000000	0.000000	0.000000	-16.008848	0.000000	0.000000	0.000000
1764624645.158681631	0.000000	0.000000	-0.032755	0.000000	0.000000	0.000000	0.000000	0.000000	-0.126844	0.000000	0.000000	0.000000	0.000000	0.000000	0.000000	0.000000	0.000000	0.000000	0.000000	0.000000	-16.008848	0.000000	0.000000	0.000000
1764624645.165011168	0.000000	0.000000	-0.083976	0.000000	0.000000	0.000000	0.000000	0.000000	-0.126844	0.000000	0.000000	0.000000	0.000000	0.000000	0.000000	0.000000	0.000000	0.000000	0.000000	0.000000	-16.008848	0.000000	0.000000	0.000000
1764624645.168204546	0.000000	0.000000	-0.052104	0.000000	0.000000	0.000000	0.000000	0.000000	-0.126844	0.000000	0.000000	0.000000	0.000000	0.000000	0.000000	0.000000	0.000000	0.000000	0.000000	0.000000	-16.008848	0.000000	0.000000	0.000000
1764624645.178889751	0.000000	0.000000	-0.070397	0.000000	0.000000	0.000000	0.000000	0.000000	-0.126844	0.000000	0.000000	0.000000	0.000000	0.000000	0.000000	0.000000	0.000000	0.000000	0.000000	0.000000	-16.008848	0.000000	0.000000	0.000000
1764624645.189854383	0.000000	0.000000	-0.110217	0.000000	0.000000	0.000000	0.000000	0.000000	-0.126844	0.000000	0.000000	0.000000	0.000000	0.000000	0.000000	0.000000	0.000000	0.000000	0.000000	0.000000	-16.008848	0.000000	0.000000	0.000000
1764624645.207819939	0.000000	0.000000	-0.079839	0.000000	0.000000	0.000000	0.000000	0.000000	-0.152988	0.000000	0.000000	0.000000	0.000000	0.000000	0.000000	0.000000	0.000000	0.000000	0.000000	0.000000	-16.008848	0.000000	0.000000	0.000000
1764624645.209478140	0.000000	0.000000	-0.071416	0.000000	0.000000	0.000000	0.000000	0.000000	-0.152988	0.000000	0.000000	0.000000	0.000000	0.000000	0.000000	0.000000	0.000000	0.000000	0.000000	0.000000	-16.008848	0.000000	0.000000	0.000000
1764624645.218599081	0.000000	0.000000	-0.109516	0.000000	0.000000	0.000000	0.000000	0.000000	-0.152988	0.000000	0.000000	0.000000	0.000000	0.000000	0.000000	0.000000	0.000000	0.000000	0.000000	0.000000	-16.008848	0.000000	0.000000	0.000000
1764624645.228120327	0.000000	0.000000	-0.090522	0.000000	0.000000	0.000000	0.000000	0.000000	-0.152988	0.000000	0.000000	0.000000	0.000000	0.000000	0.000000	0.000000	0.000000	0.000000	0.000000	0.000000	-16.008848	0.000000	0.000000	0.000000
1764624645.242560863	0.000000	0.000000	-0.074658	0.000000	0.000000	0.000000	0.000000	0.000000	-0.152988	0.000000	0.000000	0.000000	0.000000	0.000000	0.000000	0.000000	0.000000	0.000000	0.000000	0.000000	-16.008848	0.000000	0.000000	0.000000
1764624645.248938799	0.000000	0.000000	-0.141683	0.000000	0.000000	0.000000	0.000000	0.000000	-0.152988	0.000000	0.000000	0.000000	0.000000	0.000000	0.000000	0.000000	0.000000	0.000000	0.000000	0.000000	-16.008848	0.000000	0.000000	0.000000
1764624645.258741379	0.000000	0.000000	-0.057805	0.000000	0.000000	0.000000	0.000000	0.000000	-0.152988	0.000000	0.000000	0.000000	0.000000	0.000000	0.000000	0.000000	0.000000	0.000000	0.000000	0.000000	-16.008848	0.000000	0.000000	0.000000
1764624645.268849850	0.000000	0.000000	-0.071898	0.000000	0.000000	0.000000	0.000000	0.000000	-0.152988	0.000000	0.000000	0.000000	0.000000	0.000000	0.000000	0.000000	0.000000	0.000000	0.000000	0.000000	-16.008848	0.000000	0.000000	0.000000
1764624645.278977394	0.000000	0.000000	-0.089543	0.000000	0.000000	0.000000	0.000000	0.000000	-0.152988	0.000000	0.000000	0.000000	0.000000	0.000000	0.000000	0.000000	0.000000	0.000000	0.000000	0.000000	-16.008848	0.000000	0.000000	0.000000
1764624645.296078682	0.000000	0.000000	-0.038048	0.000000	0.000000	0.000000	0.000000	0.000000	-0.152988	0.000000	0.000000	0.000000	0.000000	0.000000	0.000000	0.000000	0.000000	0.000000	0.000000	0.000000	-16.008848	0.000000	0.000000	0.000000
1764624645.298502684	0.000000	0.000000	-0.067077	0.000000	0.000000	0.000000	0.000000	0.000000	-0.152988	0.000000	0.000000	0.000000	0.000000	0.000000	0.000000	0.000000	0.000000	0.000000	0.000000	0.000000	-16.008848	0.000000	0.000000	0.000000
1764624645.319114685	0.000000	0.000000	-0.064036	0.000000	0.000000	0.000000	0.000000	0.000000	-0.152988	0.000000	0.000000	0.000000	0.000000	0.000000	0.000000	0.000000	0.000000	0.000000	0.000000	0.000000	-16.008848	0.000000	0.000000	0.000000
1764624645.320846558	0.000000	0.000000	-0.042945	0.000000	0.000000	0.000000	0.000000	0.000000	-0.152988	0.000000	0.000000	0.000000	0.000000	0.000000	0.000000	0.000000	0.000000	0.000000	0.000000	0.000000	-16.008848	0.000000	0.000000	0.000000
1764624645.329444408	0.000000	0.000000	-0.096804	0.000000	0.000000	0.000000	0.000000	0.000000	-0.152988	0.000000	0.000000	0.000000	0.000000	0.000000	0.000000	0.000000	0.000000	0.000000	0.000000	0.000000	-16.008848	0.000000	0.000000	0.000000
1764624645.338404655	0.000000	0.000000	-0.094012	0.000000	0.000000	0.000000	0.000000	0.000000	-0.152988	0.000000	0.000000	0.000000	0.000000	0.000000	0.000000	0.000000	0.000000	0.000000	0.000000	0.000000	-16.008848	0.000000	0.000000	0.000000
1764624645.358487606	0.000000	0.000000	-0.054646	0.000000	0.000000	0.000000	0.000000	0.000000	-0.152988	0.000000	0.000000	0.000000	0.000000	0.000000	0.000000	0.000000	0.000000	0.000000	0.000000	0.000000	-16.008848	0.000000	0.000000	0.000000
1764624645.360447168	0.000000	0.000000	-0.101001	0.000000	0.000000	0.000000	0.000000	0.000000	-0.152988	0.000000	0.000000	0.000000	0.000000	0.000000	0.000000	0.000000	0.000000	0.000000	0.000000	0.000000	-16.008848	0.000000	0.000000	0.000000
1764624645.369572163	0.000000	0.000000	-0.093930	0.000000	0.000000	0.000000	0.000000	0.000000	-0.152988	0.000000	0.000000	0.000000	0.000000	0.000000	0.000000	0.000000	0.000000	0.000000	0.000000	0.000000	-16.008848	0.000000	0.000000	0.000000
1764624645.381179810	0.000000	0.000000	-0.073298	0.000000	0.000000	0.000000	0.000000	0.000000	-0.152988	0.000000	0.000000	0.000000	0.000000	0.000000	0.000000	0.000000	0.000000	0.000000	0.000000	0.000000	-16.008848	0.000000	0.000000	0.000000
1764624645.388999939	0.000000	0.000000	-0.096459	0.000000	0.000000	0.000000	0.000000	0.000000	-0.152988	0.000000	0.000000	0.000000	0.000000	0.000000	0.000000	0.000000	0.000000	0.000000	0.000000	0.000000	-16.008848	0.000000	0.000000	0.000000
1764624645.402230740	0.000000	0.000000	-0.099858	0.000000	0.000000	0.000000	0.000000	0.000000	-0.152988	0.000000	0.000000	0.000000	0.000000	0.000000	0.000000	0.000000	0.000000	0.000000	0.000000	0.000000	-16.008848	0.000000	0.000000	0.000000
1764624645.410513163	0.000000	0.000000	-0.063592	0.000000	0.000000	0.000000	0.000000	0.000000	-0.152988	0.000000	0.000000	0.000000	0.000000	0.000000	0.000000	0.000000	0.000000	0.000000	0.000000	0.000000	-16.008848	0.000000	0.000000	0.000000
1764624645.418461800	0.000000	0.000000	-0.099268	0.000000	0.000000	0.000000	0.000000	0.000000	-0.152988	0.000000	0.000000	0.000000	0.000000	0.000000	0.000000	0.000000	0.000000	0.000000	0.000000	0.000000	-16.008848	0.000000	0.000000	0.000000
1764624645.427338600	0.000000	0.000000	-0.074972	0.000000	0.000000	0.000000	0.000000	0.000000	-0.152988	0.000000	0.000000	0.000000	0.000000	0.000000	0.000000	0.000000	0.000000	0.000000	0.000000	0.000000	-16.008848	0.000000	0.000000	0.000000
1764624645.443621635	0.000000	0.000000	-0.090679	0.000000	0.000000	0.000000	0.000000	0.000000	-0.152988	0.000000	0.000000	0.000000	0.000000	0.000000	0.000000	0.000000	0.000000	0.000000	0.000000	0.000000	-16.008848	0.000000	0.000000	0.000000
1764624645.448554277	0.000000	0.000000	-0.110810	0.000000	0.000000	0.000000	0.000000	0.000000	-0.152988	0.000000	0.000000	0.000000	0.000000	0.000000	0.000000	0.000000	0.000000	0.000000	0.000000	0.000000	-16.008848	0.000000	0.000000	0.000000
1764624645.457821131	0.000000	0.000000	-0.071304	0.000000	0.000000	0.000000	0.000000	0.000000	-0.176516	0.000000	0.000000	0.000000	0.000000	0.000000	0.000000	0.000000	0.000000	0.000000	0.000000	0.000000	-16.008848	0.000000	0.000000	0.000000
1764624645.468688726	0.000000	0.000000	-0.114250	0.000000	0.000000	0.000000	0.000000	0.000000	-0.176516	0.000000	0.000000	0.000000	0.000000	0.000000	0.000000	0.000000	0.000000	0.000000	0.000000	0.000000	-16.008848	0.000000	0.000000	0.000000
1764624645.478821039	0.000000	0.000000	-0.092838	0.000000	0.000000	0.000000	0.000000	0.000000	-0.176516	0.000000	0.000000	0.000000	0.000000	0.000000	0.000000	0.000000	0.000000	0.000000	0.000000	0.000000	-16.008848	0.000000	0.000000	0.000000
1764624645.496305943	0.000000	0.000000	-0.063701	0.000000	0.000000	0.000000	0.000000	0.000000	-0.176516	0.000000	0.000000	0.000000	0.000000	0.000000	0.000000	0.000000	0.000000	0.000000	0.000000	0.000000	-16.008848	0.000000	0.000000	0.000000
1764624645.497912169	0.000000	0.000000	-0.097990	0.000000	0.000000	0.000000	0.000000	0.000000	-0.176516	0.000000	0.000000	0.000000	0.000000	0.000000	0.000000	0.000000	0.000000	0.000000	0.000000	0.000000	-16.008848	0.000000	0.000000	0.000000
1764624645.517210722	0.000000	0.000000	-0.090034	0.000000	0.000000	0.000000	0.000000	0.000000	-0.176516	0.000000	0.000000	0.000000	0.000000	0.000000	0.000000	0.000000	0.000000	0.000000	0.000000	0.000000	-16.008848	0.000000	0.000000	0.000000
1764624645.518399954	0.000000	0.000000	-0.062005	0.000000	0.000000	0.000000	0.000000	0.000000	-0.176516	0.000000	0.000000	0.000000	0.000000	0.000000	0.000000	0.000000	0.000000	0.000000	0.000000	0.000000	-16.008848	0.000000	0.000000	0.000000
1764624645.528264761	0.000000	0.000000	-0.092775	0.000000	0.000000	0.000000	0.000000	0.000000	-0.176516	0.000000	0.000000	0.000000	0.000000	0.000000	0.000000	0.000000	0.000000	0.000000	0.000000	0.000000	-16.008848	0.000000	0.000000	0.000000
1764624645.538754225	0.000000	0.000000	-0.094917	0.000000	0.000000	0.000000	0.000000	0.000000	-0.176516	0.000000	0.000000	0.000000	0.000000	0.000000	0.000000	0.000000	0.000000	0.000000	0.000000	0.000000	-16.008848	0.000000	0.000000	0.000000
1764624645.549937010	0.000000	0.000000	-0.062697	0.000000	0.000000	0.000000	0.000000	0.000000	-0.176516	0.000000	0.000000	0.000000	0.000000	0.000000	0.000000	0.000000	0.000000	0.000000	0.000000	0.000000	-16.008848	0.000000	0.000000	0.000000
1764624645.559267282	0.000000	0.000000	-0.080640	0.000000	0.000000	0.000000	0.000000	0.000000	-0.176516	0.000000	0.000000	0.000000	0.000000	0.000000	0.000000	0.000000	0.000000	0.000000	0.000000	0.000000	-16.008848	0.000000	0.000000	0.000000
1764624645.573789835	0.000000	0.000000	-0.078358	0.000000	0.000000	0.000000	0.000000	0.000000	-0.176516	0.000000	0.000000	0.000000	0.000000	0.000000	0.000000	0.000000	0.000000	0.000000	0.000000	0.000000	-16.008848	0.000000	0.000000	0.000000
1764624645.577887774	0.000000	0.000000	-0.058231	0.000000	0.000000	0.000000	0.000000	0.000000	-0.176516	0.000000	0.000000	0.000000	0.000000	0.000000	0.000000	0.000000	0.000000	0.000000	0.000000	0.000000	-16.008848	0.000000	0.000000	0.000000
1764624645.600612879	0.000000	0.000000	-0.114892	0.000000	0.000000	0.000000	0.000000	0.000000	-0.176516	0.000000	0.000000	0.000000	0.000000	0.000000	0.000000	0.000000	0.000000	0.000000	0.000000	0.000000	-16.008848	0.000000	0.000000	0.000000
1764624645.604195833	0.000000	0.000000	-0.092535	0.000000	0.000000	0.000000	0.000000	0.000000	-0.176516	0.000000	0.000000	0.000000	0.000000	0.000000	0.000000	0.000000	0.000000	0.000000	0.000000	0.000000	-16.008848	0.000000	0.000000	0.000000
1764624645.609039068	0.000000	0.000000	-0.091058	0.000000	0.000000	0.000000	0.000000	0.000000	-0.176516	0.000000	0.000000	0.000000	0.000000	0.000000	0.000000	0.000000	0.000000	0.000000	0.000000	0.000000	-16.008848	0.000000	0.000000	0.000000
1764624645.619209290	0.000000	0.000000	-0.138430	0.000000	0.000000	0.000000	0.000000	0.000000	-0.176516	0.000000	0.000000	0.000000	0.000000	0.000000	0.000000	0.000000	0.000000	0.000000	0.000000	0.000000	-16.008848	0.000000	0.000000	0.000000
1764624645.628618717	0.000000	0.000000	-0.108386	0.000000	0.000000	0.000000	0.000000	0.000000	-0.176516	0.000000	0.000000	0.000000	0.000000	0.000000	0.000000	0.000000	0.000000	0.000000	0.000000	0.000000	-16.008848	0.000000	0.000000	0.000000
1764624645.647855520	0.000000	0.000000	-0.084955	0.000000	0.000000	0.000000	0.000000	0.000000	-0.176516	0.000000	0.000000	0.000000	0.000000	0.000000	0.000000	0.000000	0.000000	0.000000	0.000000	0.000000	-16.008848	0.000000	0.000000	0.000000
1764624645.649715900	0.000000	0.000000	-0.106625	0.000000	0.000000	0.000000	0.000000	0.000000	-0.176516	0.000000	0.000000	0.000000	0.000000	0.000000	0.000000	0.000000	0.000000	0.000000	0.000000	0.000000	-16.008848	0.000000	0.000000	0.000000
1764624645.658586740	0.000000	0.000000	-0.080805	0.000000	0.000000	0.000000	0.000000	0.000000	-0.176516	0.000000	0.000000	0.000000	0.000000	0.000000	0.000000	0.000000	0.000000	0.000000	0.000000	0.000000	-16.008848	0.000000	0.000000	0.000000
1764624645.683753729	0.000000	0.000000	-0.077422	0.000000	0.000000	0.000000	0.000000	0.000000	-0.176516	0.000000	0.000000	0.000000	0.000000	0.000000	0.000000	0.000000	0.000000	0.000000	0.000000	0.000000	-16.008848	0.000000	0.000000	0.000000
1764624645.683768988	0.000000	0.000000	-0.083315	0.000000	0.000000	0.000000	0.000000	0.000000	-0.176516	0.000000	0.000000	0.000000	0.000000	0.000000	0.000000	0.000000	0.000000	0.000000	0.000000	0.000000	-16.008848	0.000000	0.000000	0.000000
1764624645.688629866	0.000000	0.000000	-0.070808	0.000000	0.000000	0.000000	0.000000	0.000000	-0.176516	0.000000	0.000000	0.000000	0.000000	0.000000	0.000000	0.000000	0.000000	0.000000	0.000000	0.000000	-16.008848	0.000000	0.000000	0.000000
1764624645.697662830	0.000000	0.000000	-0.048453	0.000000	0.000000	0.000000	0.000000	0.000000	-0.176516	0.000000	0.000000	0.000000	0.000000	0.000000	0.000000	0.000000	0.000000	0.000000	0.000000	0.000000	-16.008848	0.000000	0.000000	0.000000
1764624645.709167480	0.000000	0.000000	-0.093319	0.000000	0.000000	0.000000	0.000000	0.000000	-0.201368	0.000000	0.000000	0.000000	0.000000	0.000000	0.000000	0.000000	0.000000	0.000000	0.000000	0.000000	-16.008848	0.000000	0.000000	0.000000
1764624645.718907833	0.000000	0.000000	-0.069085	0.000000	0.000000	0.000000	0.000000	0.000000	-0.201368	0.000000	0.000000	0.000000	0.000000	0.000000	0.000000	0.000000	0.000000	0.000000	0.000000	0.000000	-16.008848	0.000000	0.000000	0.000000
1764624645.728540182	0.000000	0.000000	-0.095115	0.000000	0.000000	0.000000	0.000000	0.000000	-0.201368	0.000000	0.000000	0.000000	0.000000	0.000000	0.000000	0.000000	0.000000	0.000000	0.000000	0.000000	-16.008848	0.000000	0.000000	0.000000
1764624645.737851858	0.000000	0.000000	-0.089111	0.000000	0.000000	0.000000	0.000000	0.000000	-0.201368	0.000000	0.000000	0.000000	0.000000	0.000000	0.000000	0.000000	0.000000	0.000000	0.000000	0.000000	-16.008848	0.000000	0.000000	0.000000
1764624645.749051571	0.000000	0.000000	-0.093931	0.000000	0.000000	0.000000	0.000000	0.000000	-0.201368	0.000000	0.000000	0.000000	0.000000	0.000000	0.000000	0.000000	0.000000	0.000000	0.000000	0.000000	-16.008848	0.000000	0.000000	0.000000
1764624645.766333580	0.000000	0.000000	-0.113117	0.000000	0.000000	0.000000	0.000000	0.000000	-0.201368	0.000000	0.000000	0.000000	0.000000	0.000000	0.000000	0.000000	0.000000	0.000000	0.000000	0.000000	-16.008848	0.000000	0.000000	0.000000
1764624645.768499851	0.000000	0.000000	-0.133436	0.000000	0.000000	0.000000	0.000000	0.000000	-0.201368	0.000000	0.000000	0.000000	0.000000	0.000000	0.000000	0.000000	0.000000	0.000000	0.000000	0.000000	-16.008848	0.000000	0.000000	0.000000
1764624645.778398991	0.000000	0.000000	-0.077361	0.000000	0.000000	0.000000	0.000000	0.000000	-0.201368	0.000000	0.000000	0.000000	0.000000	0.000000	0.000000	0.000000	0.000000	0.000000	0.000000	0.000000	-16.008848	0.000000	0.000000	0.000000
1764624645.799232721	0.000000	0.000000	-0.094760	0.000000	0.000000	0.000000	0.000000	0.000000	-0.201368	0.000000	0.000000	0.000000	0.000000	0.000000	0.000000	0.000000	0.000000	0.000000	0.000000	0.000000	-16.008848	0.000000	0.000000	0.000000
1764624645.800724506	0.000000	0.000000	-0.092269	0.000000	0.000000	0.000000	0.000000	0.000000	-0.201368	0.000000	0.000000	0.000000	0.000000	0.000000	0.000000	0.000000	0.000000	0.000000	0.000000	0.000000	-16.008848	0.000000	0.000000	0.000000
1764624645.809217453	0.000000	0.000000	-0.092253	0.000000	0.000000	0.000000	0.000000	0.000000	-0.201368	0.000000	0.000000	0.000000	0.000000	0.000000	0.000000	0.000000	0.000000	0.000000	0.000000	0.000000	-16.008848	0.000000	0.000000	0.000000
1764624645.818506002	0.000000	0.000000	-0.099910	0.000000	0.000000	0.000000	0.000000	0.000000	-0.201368	0.000000	0.000000	0.000000	0.000000	0.000000	0.000000	0.000000	0.000000	0.000000	0.000000	0.000000	-16.008848	0.000000	0.000000	0.000000
1764624645.827004433	0.000000	0.000000	-0.099968	0.000000	0.000000	0.000000	0.000000	0.000000	-0.201368	0.000000	0.000000	0.000000	0.000000	0.000000	0.000000	0.000000	0.000000	0.000000	0.000000	0.000000	-16.008848	0.000000	0.000000	0.000000
1764624645.838669538	0.000000	0.000000	-0.058118	0.000000	0.000000	0.000000	0.000000	0.000000	-0.201368	0.000000	0.000000	0.000000	0.000000	0.000000	0.000000	0.000000	0.000000	0.000000	0.000000	0.000000	-16.008848	0.000000	0.000000	0.000000
1764624645.855283499	0.000000	0.000000	-0.118279	0.000000	0.000000	0.000000	0.000000	0.000000	-0.201368	0.000000	0.000000	0.000000	0.000000	0.000000	0.000000	0.000000	0.000000	0.000000	0.000000	0.000000	-16.008848	0.000000	0.000000	0.000000
1764624645.857205629	0.000000	0.000000	-0.072688	0.000000	0.000000	0.000000	0.000000	0.000000	-0.201368	0.000000	0.000000	0.000000	0.000000	0.000000	0.000000	0.000000	0.000000	0.000000	0.000000	0.000000	-16.008848	0.000000	0.000000	0.000000
1764624645.884190798	0.000000	0.000000	-0.067760	0.000000	0.000000	0.000000	0.000000	0.000000	-0.201368	0.000000	0.000000	0.000000	0.000000	0.000000	0.000000	0.000000	0.000000	0.000000	0.000000	0.000000	-16.008848	0.000000	0.000000	0.000000
1764624645.884220123	0.000000	0.000000	-0.121739	0.000000	0.000000	0.000000	0.000000	0.000000	-0.201368	0.000000	0.000000	0.000000	0.000000	0.000000	0.000000	0.000000	0.000000	0.000000	0.000000	0.000000	-16.008848	0.000000	0.000000	0.000000
1764624645.888535500	0.000000	0.000000	-0.094748	0.000000	0.000000	0.000000	0.000000	0.000000	-0.201368	0.000000	0.000000	0.000000	0.000000	0.000000	0.000000	0.000000	0.000000	0.000000	0.000000	0.000000	-16.008848	0.000000	0.000000	0.000000
1764624645.898564100	0.000000	0.000000	-0.101642	0.000000	0.000000	0.000000	0.000000	0.000000	-0.201368	0.000000	0.000000	0.000000	0.000000	0.000000	0.000000	0.000000	0.000000	0.000000	0.000000	0.000000	-16.008848	0.000000	0.000000	0.000000
1764624645.909208536	0.000000	0.000000	-0.111763	0.000000	0.000000	0.000000	0.000000	0.000000	-0.201368	0.000000	0.000000	0.000000	0.000000	0.000000	0.000000	0.000000	0.000000	0.000000	0.000000	0.000000	-16.008848	0.000000	0.000000	0.000000
1764624645.919350386	0.000000	0.000000	-0.095152	0.000000	0.000000	0.000000	0.000000	0.000000	-0.201368	0.000000	0.000000	0.000000	0.000000	0.000000	0.000000	0.000000	0.000000	0.000000	0.000000	0.000000	-16.008848	0.000000	0.000000	0.000000
1764624645.928002357	0.000000	0.000000	-0.086479	0.000000	0.000000	0.000000	0.000000	0.000000	-0.201368	0.000000	0.000000	0.000000	0.000000	0.000000	0.000000	0.000000	0.000000	0.000000	0.000000	0.000000	-16.008848	0.000000	0.000000	0.000000
1764624645.938328505	0.000000	0.000000	-0.115871	0.000000	0.000000	0.000000	0.000000	0.000000	-0.201368	0.000000	0.000000	0.000000	0.000000	0.000000	0.000000	0.000000	0.000000	0.000000	0.000000	0.000000	-16.008848	0.000000	0.000000	0.000000
1764624645.958645582	0.000000	0.000000	-0.084064	0.000000	0.000000	0.000000	0.000000	0.000000	-0.201368	0.000000	0.000000	0.000000	0.000000	0.000000	0.000000	0.000000	0.000000	0.000000	0.000000	0.000000	-16.008848	0.000000	0.000000	0.000000
1764624645.964860678	0.000000	0.000000	-0.118671	0.000000	0.000000	0.000000	0.000000	0.000000	-0.222968	0.000000	0.000000	0.000000	0.000000	0.000000	0.000000	0.000000	0.000000	0.000000	0.000000	0.000000	-16.008848	0.000000	0.000000	0.000000
1764624645.968910217	0.000000	0.000000	-0.129342	0.000000	0.000000	0.000000	0.000000	0.000000	-0.222968	0.000000	0.000000	0.000000	0.000000	0.000000	0.000000	0.000000	0.000000	0.000000	0.000000	0.000000	-16.008848	0.000000	0.000000	0.000000
1764624645.978679657	0.000000	0.000000	-0.075144	0.000000	0.000000	0.000000	0.000000	0.000000	-0.222968	0.000000	0.000000	0.000000	0.000000	0.000000	0.000000	0.000000	0.000000	0.000000	0.000000	0.000000	-16.008848	0.000000	0.000000	0.000000
1764624645.988737106	0.000000	0.000000	-0.104164	0.000000	0.000000	0.000000	0.000000	0.000000	-0.222968	0.000000	0.000000	0.000000	0.000000	0.000000	0.000000	0.000000	0.000000	0.000000	0.000000	0.000000	-16.008848	0.000000	0.000000	0.000000
1764624646.007007122	0.000000	0.000000	-0.117264	0.000000	0.000000	0.000000	0.000000	0.000000	-0.222968	0.000000	0.000000	0.000000	0.000000	0.000000	0.000000	0.000000	0.000000	0.000000	0.000000	0.000000	-16.008848	0.000000	0.000000	0.000000
1764624646.010278940	0.000000	0.000000	-0.098985	0.000000	0.000000	0.000000	0.000000	0.000000	-0.222968	0.000000	0.000000	0.000000	0.000000	0.000000	0.000000	0.000000	0.000000	0.000000	0.000000	0.000000	-16.008848	0.000000	0.000000	0.000000
1764624646.021070004	0.000000	0.000000	-0.119780	0.000000	0.000000	0.000000	0.000000	0.000000	-0.222968	0.000000	0.000000	0.000000	0.000000	0.000000	0.000000	0.000000	0.000000	0.000000	0.000000	0.000000	-16.008848	0.000000	0.000000	0.000000
1764624646.028281927	0.000000	0.000000	-0.127673	0.000000	0.000000	0.000000	0.000000	0.000000	-0.222968	0.000000	0.000000	0.000000	0.000000	0.000000	0.000000	0.000000	0.000000	0.000000	0.000000	0.000000	-16.008848	0.000000	0.000000	0.000000
1764624646.038015366	0.000000	0.000000	-0.111114	0.000000	0.000000	0.000000	0.000000	0.000000	-0.222968	0.000000	0.000000	0.000000	0.000000	0.000000	0.000000	0.000000	0.000000	0.000000	0.000000	0.000000	-16.008848	0.000000	0.000000	0.000000
1764624646.058146477	0.000000	0.000000	-0.105319	0.000000	0.000000	0.000000	0.000000	0.000000	-0.222968	0.000000	0.000000	0.000000	0.000000	0.000000	0.000000	0.000000	0.000000	0.000000	0.000000	0.000000	-16.008848	0.000000	0.000000	0.000000
1764624646.059453487	0.000000	0.000000	-0.110759	0.000000	0.000000	0.000000	0.000000	0.000000	-0.222968	0.000000	0.000000	0.000000	0.000000	0.000000	0.000000	0.000000	0.000000	0.000000	0.000000	0.000000	-16.008848	0.000000	0.000000	0.000000
1764624646.068915606	0.000000	0.000000	-0.077244	0.000000	0.000000	0.000000	0.000000	0.000000	-0.222968	0.000000	0.000000	0.000000	0.000000	0.000000	0.000000	0.000000	0.000000	0.000000	0.000000	0.000000	-16.008848	0.000000	0.000000	0.000000
1764624646.092320919	0.000000	0.000000	-0.095558	0.000000	0.000000	0.000000	0.000000	0.000000	-0.222968	0.000000	0.000000	0.000000	0.000000	0.000000	0.000000	0.000000	0.000000	0.000000	0.000000	0.000000	-16.008848	0.000000	0.000000	0.000000
1764624646.092337608	0.000000	0.000000	-0.088597	0.000000	0.000000	0.000000	0.000000	0.000000	-0.222968	0.000000	0.000000	0.000000	0.000000	0.000000	0.000000	0.000000	0.000000	0.000000	0.000000	0.000000	-16.008848	0.000000	0.000000	0.000000
1764624646.098389149	0.000000	0.000000	-0.083079	0.000000	0.000000	0.000000	0.000000	0.000000	-0.222968	0.000000	0.000000	0.000000	0.000000	0.000000	0.000000	0.000000	0.000000	0.000000	0.000000	0.000000	-16.008848	0.000000	0.000000	0.000000
1764624646.108919859	0.000000	0.000000	-0.137029	0.000000	0.000000	0.000000	0.000000	0.000000	-0.222968	0.000000	0.000000	0.000000	0.000000	0.000000	0.000000	0.000000	0.000000	0.000000	0.000000	0.000000	-16.008848	0.000000	0.000000	0.000000
1764624646.118288994	0.000000	0.000000	-0.071725	0.000000	0.000000	0.000000	0.000000	0.000000	-0.222968	0.000000	0.000000	0.000000	0.000000	0.000000	0.000000	0.000000	0.000000	0.000000	0.000000	0.000000	-16.008848	0.000000	0.000000	0.000000
1764624646.131304502	0.000000	0.000000	-0.087874	0.000000	0.000000	0.000000	0.000000	0.000000	-0.222968	0.000000	0.000000	0.000000	0.000000	0.000000	0.000000	0.000000	0.000000	0.000000	0.000000	0.000000	-16.008848	0.000000	0.000000	0.000000
1764624646.138212204	0.000000	0.000000	-0.127374	0.000000	0.000000	0.000000	0.000000	0.000000	-0.222968	0.000000	0.000000	0.000000	0.000000	0.000000	0.000000	0.000000	0.000000	0.000000	0.000000	0.000000	-16.008848	0.000000	0.000000	0.000000
1764624646.148880482	0.000000	0.000000	-0.079312	0.000000	0.000000	0.000000	0.000000	0.000000	-0.222968	0.000000	0.000000	0.000000	0.000000	0.000000	0.000000	0.000000	0.000000	0.000000	0.000000	0.000000	-16.008848	0.000000	0.000000	0.000000
1764624646.159197807	0.000000	0.000000	-0.109698	0.000000	0.000000	0.000000	0.000000	0.000000	-0.222968	0.000000	0.000000	0.000000	0.000000	0.000000	0.000000	0.000000	0.000000	0.000000	0.000000	0.000000	-16.008848	0.000000	0.000000	0.000000
1764624646.180293798	0.000000	0.000000	-0.119410	0.000000	0.000000	0.000000	0.000000	0.000000	-0.222968	0.000000	0.000000	0.000000	0.000000	0.000000	0.000000	0.000000	0.000000	0.000000	0.000000	0.000000	-16.008848	0.000000	0.000000	0.000000
1764624646.180318356	0.000000	0.000000	-0.131154	0.000000	0.000000	0.000000	0.000000	0.000000	-0.222968	0.000000	0.000000	0.000000	0.000000	0.000000	0.000000	0.000000	0.000000	0.000000	0.000000	0.000000	-16.008848	0.000000	0.000000	0.000000
1764624646.188615799	0.000000	0.000000	-0.109726	0.000000	0.000000	0.000000	0.000000	0.000000	-0.222968	0.000000	0.000000	0.000000	0.000000	0.000000	0.000000	0.000000	0.000000	0.000000	0.000000	0.000000	-16.008848	0.000000	0.000000	0.000000
1764624646.198691368	0.000000	0.000000	-0.134284	0.000000	0.000000	0.000000	0.000000	0.000000	-0.222968	0.000000	0.000000	0.000000	0.000000	0.000000	0.000000	0.000000	0.000000	0.000000	0.000000	0.000000	-16.008848	0.000000	0.000000	0.000000
1764624646.220307112	0.000000	0.000000	-0.117047	0.000000	0.000000	0.000000	0.000000	0.000000	-0.243771	0.000000	0.000000	0.000000	0.000000	0.000000	0.000000	0.000000	0.000000	0.000000	0.000000	0.000000	-16.008848	0.000000	0.000000	0.000000
1764624646.220321894	0.000000	0.000000	-0.095276	0.000000	0.000000	0.000000	0.000000	0.000000	-0.243771	0.000000	0.000000	0.000000	0.000000	0.000000	0.000000	0.000000	0.000000	0.000000	0.000000	0.000000	-16.008848	0.000000	0.000000	0.000000
1764624646.228500843	0.000000	0.000000	-0.145675	0.000000	0.000000	0.000000	0.000000	0.000000	-0.243771	0.000000	0.000000	0.000000	0.000000	0.000000	0.000000	0.000000	0.000000	0.000000	0.000000	0.000000	-16.008848	0.000000	0.000000	0.000000
1764624646.243853092	0.000000	0.000000	-0.089730	0.000000	0.000000	0.000000	0.000000	0.000000	-0.243771	0.000000	0.000000	0.000000	0.000000	0.000000	0.000000	0.000000	0.000000	0.000000	0.000000	0.000000	-16.008848	0.000000	0.000000	0.000000
1764624646.248316526	0.000000	0.000000	-0.080051	0.000000	0.000000	0.000000	0.000000	0.000000	-0.243771	0.000000	0.000000	0.000000	0.000000	0.000000	0.000000	0.000000	0.000000	0.000000	0.000000	0.000000	-16.008848	0.000000	0.000000	0.000000
1764624646.257921457	0.000000	0.000000	-0.091178	0.000000	0.000000	0.000000	0.000000	0.000000	-0.243771	0.000000	0.000000	0.000000	0.000000	0.000000	0.000000	0.000000	0.000000	0.000000	0.000000	0.000000	-16.008848	0.000000	0.000000	0.000000
1764624646.278157949	0.000000	0.000000	-0.079651	0.000000	0.000000	0.000000	0.000000	0.000000	-0.243771	0.000000	0.000000	0.000000	0.000000	0.000000	0.000000	0.000000	0.000000	0.000000	0.000000	0.000000	-16.008848	0.000000	0.000000	0.000000
1764624646.287180662	0.000000	0.000000	-0.098693	0.000000	0.000000	0.000000	0.000000	0.000000	-0.243771	0.000000	0.000000	0.000000	0.000000	0.000000	0.000000	0.000000	0.000000	0.000000	0.000000	0.000000	-16.008848	0.000000	0.000000	0.000000
1764624646.287192345	0.000000	0.000000	-0.107241	0.000000	0.000000	0.000000	0.000000	0.000000	-0.243771	0.000000	0.000000	0.000000	0.000000	0.000000	0.000000	0.000000	0.000000	0.000000	0.000000	0.000000	-16.008848	0.000000	0.000000	0.000000
1764624646.298729420	0.000000	0.000000	-0.072073	0.000000	0.000000	0.000000	0.000000	0.000000	-0.243771	0.000000	0.000000	0.000000	0.000000	0.000000	0.000000	0.000000	0.000000	0.000000	0.000000	0.000000	-16.008848	0.000000	0.000000	0.000000
1764624646.308728218	0.000000	0.000000	-0.093497	0.000000	0.000000	0.000000	0.000000	0.000000	-0.243771	0.000000	0.000000	0.000000	0.000000	0.000000	0.000000	0.000000	0.000000	0.000000	0.000000	0.000000	-16.008848	0.000000	0.000000	0.000000
1764624646.318792820	0.000000	0.000000	-0.141439	0.000000	0.000000	0.000000	0.000000	0.000000	-0.243771	0.000000	0.000000	0.000000	0.000000	0.000000	0.000000	0.000000	0.000000	0.000000	0.000000	0.000000	-16.008848	0.000000	0.000000	0.000000
1764624646.335466385	0.000000	0.000000	-0.091095	0.000000	0.000000	0.000000	0.000000	0.000000	-0.243771	0.000000	0.000000	0.000000	0.000000	0.000000	0.000000	0.000000	0.000000	0.000000	0.000000	0.000000	-16.008848	0.000000	0.000000	0.000000
1764624646.337978840	0.000000	0.000000	-0.129439	0.000000	0.000000	0.000000	0.000000	0.000000	-0.243771	0.000000	0.000000	0.000000	0.000000	0.000000	0.000000	0.000000	0.000000	0.000000	0.000000	0.000000	-16.008848	0.000000	0.000000	0.000000
1764624646.348683119	0.000000	0.000000	-0.125844	0.000000	0.000000	0.000000	0.000000	0.000000	-0.243771	0.000000	0.000000	0.000000	0.000000	0.000000	0.000000	0.000000	0.000000	0.000000	0.000000	0.000000	-16.008848	0.000000	0.000000	0.000000
1764624646.365886211	0.000000	0.000000	-0.110773	0.000000	0.000000	0.000000	0.000000	0.000000	-0.243771	0.000000	0.000000	0.000000	0.000000	0.000000	0.000000	0.000000	0.000000	0.000000	0.000000	0.000000	-16.008848	0.000000	0.000000	0.000000
1764624646.368223667	0.000000	0.000000	-0.119359	0.000000	0.000000	0.000000	0.000000	0.000000	-0.243771	0.000000	0.000000	0.000000	0.000000	0.000000	0.000000	0.000000	0.000000	0.000000	0.000000	0.000000	-16.008848	0.000000	0.000000	0.000000
1764624646.378657579	0.000000	0.000000	-0.116596	0.000000	0.000000	0.000000	0.000000	0.000000	-0.243771	0.000000	0.000000	0.000000	0.000000	0.000000	0.000000	0.000000	0.000000	0.000000	0.000000	0.000000	-16.008848	0.000000	0.000000	0.000000
1764624646.388711929	0.000000	0.000000	-0.112099	0.000000	0.000000	0.000000	0.000000	0.000000	-0.243771	0.000000	0.000000	0.000000	0.000000	0.000000	0.000000	0.000000	0.000000	0.000000	0.000000	0.000000	-16.008848	0.000000	0.000000	0.000000
1764624646.398587465	0.000000	0.000000	-0.116016	0.000000	0.000000	0.000000	0.000000	0.000000	-0.243771	0.000000	0.000000	0.000000	0.000000	0.000000	0.000000	0.000000	0.000000	0.000000	0.000000	0.000000	-16.008848	0.000000	0.000000	0.000000
1764624646.414959192	0.000000	0.000000	-0.097926	0.000000	0.000000	0.000000	0.000000	0.000000	-0.243771	0.000000	0.000000	0.000000	0.000000	0.000000	0.000000	0.000000	0.000000	0.000000	0.000000	0.000000	-16.008848	0.000000	0.000000	0.000000
1764624646.417895555	0.000000	0.000000	-0.103174	0.000000	0.000000	0.000000	0.000000	0.000000	-0.243771	0.000000	0.000000	0.000000	0.000000	0.000000	0.000000	0.000000	0.000000	0.000000	0.000000	0.000000	-16.008848	0.000000	0.000000	0.000000
1764624646.427956581	0.000000	0.000000	-0.080472	0.000000	0.000000	0.000000	0.000000	0.000000	-0.243771	0.000000	0.000000	0.000000	0.000000	0.000000	0.000000	0.000000	0.000000	0.000000	0.000000	0.000000	-16.008848	0.000000	0.000000	0.000000
1764624646.445222139	0.000000	0.000000	-0.102373	0.000000	0.000000	0.000000	0.000000	0.000000	-0.243771	0.000000	0.000000	0.000000	0.000000	0.000000	0.000000	0.000000	0.000000	0.000000	0.000000	0.000000	-16.008848	0.000000	0.000000	0.000000
1764624646.448162317	0.000000	0.000000	-0.112134	0.000000	0.000000	0.000000	0.000000	0.000000	-0.243771	0.000000	0.000000	0.000000	0.000000	0.000000	0.000000	0.000000	0.000000	0.000000	0.000000	0.000000	-16.008848	0.000000	0.000000	0.000000
1764624646.458637476	0.000000	0.000000	-0.105926	0.000000	0.000000	0.000000	0.000000	0.000000	-0.249360	0.000000	0.000000	0.000000	0.000000	0.000000	0.000000	0.000000	0.000000	0.000000	0.000000	0.000000	-16.008848	0.000000	0.000000	0.000000
1764624646.469546318	0.000000	0.000000	-0.117312	0.000000	0.000000	0.000000	0.000000	0.000000	-0.249360	0.000000	0.000000	0.000000	0.000000	0.000000	0.000000	0.000000	0.000000	0.000000	0.000000	0.000000	-16.008848	0.000000	0.000000	0.000000
1764624646.485685110	0.000000	0.000000	-0.099616	0.000000	0.000000	0.000000	0.000000	0.000000	-0.249360	0.000000	0.000000	0.000000	0.000000	0.000000	0.000000	0.000000	0.000000	0.000000	0.000000	0.000000	-16.008848	0.000000	0.000000	0.000000
1764624646.488206863	0.000000	0.000000	-0.122886	0.000000	0.000000	0.000000	0.000000	0.000000	-0.249360	0.000000	0.000000	0.000000	0.000000	0.000000	0.000000	0.000000	0.000000	0.000000	0.000000	0.000000	-16.008848	0.000000	0.000000	0.000000
1764624646.498600960	0.000000	0.000000	-0.084740	0.000000	0.000000	0.000000	0.000000	0.000000	-0.249360	0.000000	0.000000	0.000000	0.000000	0.000000	0.000000	0.000000	0.000000	0.000000	0.000000	0.000000	-16.008848	0.000000	0.000000	0.000000
1764624646.509191990	0.000000	0.000000	-0.091929	0.000000	0.000000	0.000000	0.000000	0.000000	-0.249360	0.000000	0.000000	0.000000	0.000000	0.000000	0.000000	0.000000	0.000000	0.000000	0.000000	0.000000	-16.008848	0.000000	0.000000	0.000000
1764624646.518612146	0.000000	0.000000	-0.105505	0.000000	0.000000	0.000000	0.000000	0.000000	-0.249360	0.000000	0.000000	0.000000	0.000000	0.000000	0.000000	0.000000	0.000000	0.000000	0.000000	0.000000	-16.008848	0.000000	0.000000	0.000000
1764624646.533176899	0.000000	0.000000	-0.098504	0.000000	0.000000	0.000000	0.000000	0.000000	-0.249360	0.000000	0.000000	0.000000	0.000000	0.000000	0.000000	0.000000	0.000000	0.000000	0.000000	0.000000	-16.008848	0.000000	0.000000	0.000000
1764624646.537923098	0.000000	0.000000	-0.097802	0.000000	0.000000	0.000000	0.000000	0.000000	-0.249360	0.000000	0.000000	0.000000	0.000000	0.000000	0.000000	0.000000	0.000000	0.000000	0.000000	0.000000	-16.008848	0.000000	0.000000	0.000000
1764624646.548782110	0.000000	0.000000	-0.114151	0.000000	0.000000	0.000000	0.000000	0.000000	-0.249360	0.000000	0.000000	0.000000	0.000000	0.000000	0.000000	0.000000	0.000000	0.000000	0.000000	0.000000	-16.008848	0.000000	0.000000	0.000000
1764624646.569536209	0.000000	0.000000	-0.081852	0.000000	0.000000	0.000000	0.000000	0.000000	-0.249360	0.000000	0.000000	0.000000	0.000000	0.000000	0.000000	0.000000	0.000000	0.000000	0.000000	0.000000	-16.008848	0.000000	0.000000	0.000000
1764624646.570760250	0.000000	0.000000	-0.125112	0.000000	0.000000	0.000000	0.000000	0.000000	-0.249360	0.000000	0.000000	0.000000	0.000000	0.000000	0.000000	0.000000	0.000000	0.000000	0.000000	0.000000	-16.008848	0.000000	0.000000	0.000000
1764624646.579889059	0.000000	0.000000	-0.116858	0.000000	0.000000	0.000000	0.000000	0.000000	-0.249360	0.000000	0.000000	0.000000	0.000000	0.000000	0.000000	0.000000	0.000000	0.000000	0.000000	0.000000	-16.008848	0.000000	0.000000	0.000000
1764624646.588598490	0.000000	0.000000	-0.110305	0.000000	0.000000	0.000000	0.000000	0.000000	-0.249360	0.000000	0.000000	0.000000	0.000000	0.000000	0.000000	0.000000	0.000000	0.000000	0.000000	0.000000	-16.008848	0.000000	0.000000	0.000000
1764624646.598613501	0.000000	0.000000	-0.109911	0.000000	0.000000	0.000000	0.000000	0.000000	-0.249360	0.000000	0.000000	0.000000	0.000000	0.000000	0.000000	0.000000	0.000000	0.000000	0.000000	0.000000	-16.008848	0.000000	0.000000	0.000000
1764624646.615026474	0.000000	0.000000	-0.132740	0.000000	0.000000	0.000000	0.000000	0.000000	-0.249360	0.000000	0.000000	0.000000	0.000000	0.000000	0.000000	0.000000	0.000000	0.000000	0.000000	0.000000	-16.008848	0.000000	0.000000	0.000000
1764624646.618170738	0.000000	0.000000	-0.095467	0.000000	0.000000	0.000000	0.000000	0.000000	-0.249360	0.000000	0.000000	0.000000	0.000000	0.000000	0.000000	0.000000	0.000000	0.000000	0.000000	0.000000	-16.008848	0.000000	0.000000	0.000000
1764624646.628188848	0.000000	0.000000	-0.114699	0.000000	0.000000	0.000000	0.000000	0.000000	-0.249360	0.000000	0.000000	0.000000	0.000000	0.000000	0.000000	0.000000	0.000000	0.000000	0.000000	0.000000	-16.008848	0.000000	0.000000	0.000000
1764624646.638482809	0.000000	0.000000	-0.135519	0.000000	0.000000	0.000000	0.000000	0.000000	-0.249360	0.000000	0.000000	0.000000	0.000000	0.000000	0.000000	0.000000	0.000000	0.000000	0.000000	0.000000	-16.008848	0.000000	0.000000	0.000000
1764624646.660861254	0.000000	0.000000	-0.076740	0.000000	0.000000	0.000000	0.000000	0.000000	-0.249360	0.000000	0.000000	0.000000	0.000000	0.000000	0.000000	0.000000	0.000000	0.000000	0.000000	0.000000	-16.008848	0.000000	0.000000	0.000000
1764624646.660871506	0.000000	0.000000	-0.117175	0.000000	0.000000	0.000000	0.000000	0.000000	-0.249360	0.000000	0.000000	0.000000	0.000000	0.000000	0.000000	0.000000	0.000000	0.000000	0.000000	0.000000	-16.008848	0.000000	0.000000	0.000000
1764624646.668920994	0.000000	0.000000	-0.107076	0.000000	0.000000	0.000000	0.000000	0.000000	-0.249360	0.000000	0.000000	0.000000	0.000000	0.000000	0.000000	0.000000	0.000000	0.000000	0.000000	0.000000	-16.008848	0.000000	0.000000	0.000000
1764624646.678435326	0.000000	0.000000	-0.084690	0.000000	0.000000	0.000000	0.000000	0.000000	-0.249360	0.000000	0.000000	0.000000	0.000000	0.000000	0.000000	0.000000	0.000000	0.000000	0.000000	0.000000	-16.008848	0.000000	0.000000	0.000000
1764624646.700629473	0.000000	0.000000	-0.112346	0.000000	0.000000	0.000000	0.000000	0.000000	-0.249360	0.000000	0.000000	0.000000	0.000000	0.000000	0.000000	0.000000	0.000000	0.000000	0.000000	0.000000	-16.008848	0.000000	0.000000	0.000000
1764624646.702547073	0.000000	0.000000	-0.078354	0.000000	0.000000	0.000000	0.000000	0.000000	-0.249360	0.000000	0.000000	0.000000	0.000000	0.000000	0.000000	0.000000	0.000000	0.000000	0.000000	0.000000	-16.008848	0.000000	0.000000	0.000000
1764624646.708640337	0.000000	0.000000	-0.110599	0.000000	0.000000	0.000000	0.000000	0.000000	-0.264718	0.000000	0.000000	0.000000	0.000000	0.000000	0.000000	0.000000	0.000000	0.000000	0.000000	0.000000	-16.008848	0.000000	0.000000	0.000000
1764624646.728638172	0.000000	0.000000	-0.085640	0.000000	0.000000	0.000000	0.000000	0.000000	-0.264718	0.000000	0.000000	0.000000	0.000000	0.000000	0.000000	0.000000	0.000000	0.000000	0.000000	0.000000	-16.008848	0.000000	0.000000	0.000000
1764624646.728651047	0.000000	0.000000	-0.124988	0.000000	0.000000	0.000000	0.000000	0.000000	-0.264718	0.000000	0.000000	0.000000	0.000000	0.000000	0.000000	0.000000	0.000000	0.000000	0.000000	0.000000	-16.008848	0.000000	0.000000	0.000000
1764624646.737255812	0.000000	0.000000	-0.100509	0.000000	0.000000	0.000000	0.000000	0.000000	-0.264718	0.000000	0.000000	0.000000	0.000000	0.000000	0.000000	0.000000	0.000000	0.000000	0.000000	0.000000	0.000000	0.000000	0.000000	0.000000
1764624646.748666763	0.000000	0.000000	-0.129820	0.000000	0.000000	0.000000	0.000000	0.000000	-0.264718	0.000000	0.000000	0.000000	0.000000	0.000000	0.000000	0.000000	0.000000	0.000000	0.000000	0.000000	0.000000	0.000000	0.000000	0.000000
1764624646.758377790	0.000000	0.000000	-0.110448	0.000000	0.000000	0.000000	0.000000	0.000000	-0.264718	0.000000	0.000000	0.000000	0.000000	0.000000	0.000000	0.000000	0.000000	0.000000	0.000000	0.000000	0.000000	0.000000	0.000000	0.000000
1764624646.780921221	0.000000	0.000000	-0.135341	0.000000	0.000000	0.000000	0.000000	0.000000	-0.264718	0.000000	0.000000	0.000000	0.000000	0.000000	0.000000	0.000000	0.000000	0.000000	0.000000	0.000000	0.000000	0.000000	0.000000	0.000000
1764624646.780925989	0.000000	0.000000	-0.140888	0.000000	0.000000	0.000000	0.000000	0.000000	-0.264718	0.000000	0.000000	0.000000	0.000000	0.000000	0.000000	0.000000	0.000000	0.000000	0.000000	0.000000	0.000000	0.000000	0.000000	0.000000
1764624646.788384914	0.000000	0.000000	-0.104502	0.000000	0.000000	0.000000	0.000000	0.000000	-0.264718	0.000000	0.000000	0.000000	0.000000	0.000000	0.000000	0.000000	0.000000	0.000000	0.000000	0.000000	0.000000	0.000000	0.000000	0.000000
1764624646.798255444	0.000000	0.000000	-0.102842	0.000000	0.000000	0.000000	0.000000	0.000000	-0.264718	0.000000	0.000000	0.000000	0.000000	0.000000	0.000000	0.000000	0.000000	0.000000	0.000000	0.000000	0.000000	0.000000	0.000000	0.000000
1764624646.822414875	0.000000	0.000000	-0.088413	0.000000	0.000000	0.000000	0.000000	0.000000	-0.264718	0.000000	0.000000	0.000000	0.000000	0.000000	0.000000	0.000000	0.000000	0.000000	0.000000	0.000000	0.000000	0.000000	0.000000	0.000000
1764624646.822426319	0.000000	0.000000	0.014009	0.000000	0.000000	0.000000	0.000000	0.000000	-0.264718	0.000000	0.000000	0.000000	0.000000	0.000000	0.000000	0.000000	0.000000	0.000000	0.000000	0.000000	0.000000	0.000000	0.000000	0.000000
1764624646.829215527	0.000000	0.000000	0.066305	0.000000	0.000000	0.000000	0.000000	0.000000	-0.264718	0.000000	0.000000	0.000000	0.000000	0.000000	0.000000	0.000000	0.000000	0.000000	0.000000	0.000000	0.000000	0.000000	0.000000	0.000000
1764624646.843349457	0.000000	0.000000	0.103559	0.000000	0.000000	0.000000	0.000000	0.000000	-0.264718	0.000000	0.000000	0.000000	0.000000	0.000000	0.000000	0.000000	0.000000	0.000000	0.000000	0.000000	17.593857	0.000000	0.000000	0.000000
1764624646.848151445	0.000000	0.000000	0.212611	0.000000	0.000000	0.000000	0.000000	0.000000	-0.264718	0.000000	0.000000	0.000000	0.000000	0.000000	0.000000	0.000000	0.000000	0.000000	0.000000	0.000000	17.593857	0.000000	0.000000	0.000000
1764624646.859140635	0.000000	0.000000	0.159977	0.000000	0.000000	0.000000	0.000000	0.000000	-0.264718	0.000000	0.000000	0.000000	0.000000	0.000000	0.000000	0.000000	0.000000	0.000000	0.000000	0.000000	17.593857	0.000000	0.000000	0.000000
1764624646.878171921	0.000000	0.000000	0.194512	0.000000	0.000000	0.000000	0.000000	0.000000	-0.264718	0.000000	0.000000	0.000000	0.000000	0.000000	0.000000	0.000000	0.000000	0.000000	0.000000	0.000000	17.593857	0.000000	0.000000	0.000000
1764624646.879904270	0.000000	0.000000	0.288150	0.000000	0.000000	0.000000	0.000000	0.000000	-0.264718	0.000000	0.000000	0.000000	0.000000	0.000000	0.000000	0.000000	0.000000	0.000000	0.000000	0.000000	17.593857	0.000000	0.000000	0.000000
1764624646.888672590	0.000000	0.000000	0.245406	0.000000	0.000000	0.000000	0.000000	0.000000	-0.264718	0.000000	0.000000	0.000000	0.000000	0.000000	0.000000	0.000000	0.000000	0.000000	0.000000	0.000000	17.593857	0.000000	0.000000	0.000000
1764624646.898558855	0.000000	0.000000	0.203141	0.000000	0.000000	0.000000	0.000000	0.000000	-0.264718	0.000000	0.000000	0.000000	0.000000	0.000000	0.000000	0.000000	0.000000	0.000000	0.000000	0.000000	17.593857	0.000000	0.000000	0.000000
1764624646.909112453	0.000000	0.000000	0.186907	0.000000	0.000000	0.000000	0.000000	0.000000	-0.264718	0.000000	0.000000	0.000000	0.000000	0.000000	0.000000	0.000000	0.000000	0.000000	0.000000	0.000000	17.593857	0.000000	0.000000	0.000000
1764624646.923213005	0.000000	0.000000	0.204953	0.000000	0.000000	0.000000	0.000000	0.000000	-0.264718	0.000000	0.000000	0.000000	0.000000	0.000000	0.000000	0.000000	0.000000	0.000000	0.000000	0.000000	17.593857	0.000000	0.000000	0.000000
1764624646.929156780	0.000000	0.000000	0.177947	0.000000	0.000000	0.000000	0.000000	0.000000	-0.264718	0.000000	0.000000	0.000000	0.000000	0.000000	0.000000	0.000000	0.000000	0.000000	0.000000	0.000000	17.593857	0.000000	0.000000	0.000000
1764624646.938482285	0.000000	0.000000	0.138993	0.000000	0.000000	0.000000	0.000000	0.000000	-0.264718	0.000000	0.000000	0.000000	0.000000	0.000000	0.000000	0.000000	0.000000	0.000000	0.000000	0.000000	17.593857	0.000000	0.000000	0.000000
1764624646.949262619	0.000000	0.000000	0.220460	0.000000	0.000000	0.000000	0.000000	0.000000	-0.264718	0.000000	0.000000	0.000000	0.000000	0.000000	0.000000	0.000000	0.000000	0.000000	0.000000	0.000000	17.593857	0.000000	0.000000	0.000000
1764624646.974466085	0.000000	0.000000	0.281273	0.000000	0.000000	0.000000	0.000000	0.000000	-0.211834	0.000000	0.000000	0.000000	0.000000	0.000000	0.000000	0.000000	0.000000	0.000000	0.000000	0.000000	17.593857	0.000000	0.000000	0.000000
1764624646.974491596	0.000000	0.000000	0.337524	0.000000	0.000000	0.000000	0.000000	0.000000	-0.211834	0.000000	0.000000	0.000000	0.000000	0.000000	0.000000	0.000000	0.000000	0.000000	0.000000	0.000000	17.593857	0.000000	0.000000	0.000000
1764624646.978227615	0.000000	0.000000	0.416659	0.000000	0.000000	0.000000	0.000000	0.000000	-0.211834	0.000000	0.000000	0.000000	0.000000	0.000000	0.000000	0.000000	0.000000	0.000000	0.000000	0.000000	17.593857	0.000000	0.000000	0.000000
1764624646.989186049	0.000000	0.000000	0.490936	0.000000	0.000000	0.000000	0.000000	0.000000	-0.211834	0.000000	0.000000	0.000000	0.000000	0.000000	0.000000	0.000000	0.000000	0.000000	0.000000	0.000000	17.593857	0.000000	0.000000	0.000000
1764624646.998672247	0.000000	0.000000	0.546119	0.000000	0.000000	0.000000	0.000000	0.000000	-0.211834	0.000000	0.000000	0.000000	0.000000	0.000000	0.000000	0.000000	0.000000	0.000000	0.000000	0.000000	17.593857	0.000000	0.000000	0.000000
1764624647.023417711	0.000000	0.000000	0.521764	0.000000	0.000000	0.000000	0.000000	0.000000	-0.211834	0.000000	0.000000	0.000000	0.000000	0.000000	0.000000	0.000000	0.000000	0.000000	0.000000	0.000000	17.593857	0.000000	0.000000	0.000000
1764624647.023435831	0.000000	0.000000	0.585080	0.000000	0.000000	0.000000	0.000000	0.000000	-0.211834	0.000000	0.000000	0.000000	0.000000	0.000000	0.000000	0.000000	0.000000	0.000000	0.000000	0.000000	17.593857	0.000000	0.000000	0.000000
1764624647.028117180	0.000000	0.000000	0.703235	0.000000	0.000000	0.000000	0.000000	0.000000	-0.211834	0.000000	0.000000	0.000000	0.000000	0.000000	0.000000	0.000000	0.000000	0.000000	0.000000	0.000000	17.593857	0.000000	0.000000	0.000000
1764624647.045653820	0.000000	0.000000	0.639826	0.000000	0.000000	0.000000	0.000000	0.000000	-0.211834	0.000000	0.000000	0.000000	0.000000	0.000000	0.000000	0.000000	0.000000	0.000000	0.000000	0.000000	17.593857	0.000000	0.000000	0.000000
1764624647.048543930	0.000000	0.000000	0.677512	0.000000	0.000000	0.000000	0.000000	0.000000	-0.211834	0.000000	0.000000	0.000000	0.000000	0.000000	0.000000	0.000000	0.000000	0.000000	0.000000	0.000000	17.593857	0.000000	0.000000	0.000000
1764624647.059223652	0.000000	0.000000	0.585501	0.000000	0.000000	0.000000	0.000000	0.000000	-0.211834	0.000000	0.000000	0.000000	0.000000	0.000000	0.000000	0.000000	0.000000	0.000000	0.000000	0.000000	17.593857	0.000000	0.000000	0.000000
1764624647.068955183	0.000000	0.000000	0.507330	0.000000	0.000000	0.000000	0.000000	0.000000	-0.211834	0.000000	0.000000	0.000000	0.000000	0.000000	0.000000	0.000000	0.000000	0.000000	0.000000	0.000000	17.593857	0.000000	0.000000	0.000000
1764624647.081450939	0.000000	0.000000	0.590799	0.000000	0.000000	0.000000	0.000000	0.000000	-0.211834	0.000000	0.000000	0.000000	0.000000	0.000000	0.000000	0.000000	0.000000	0.000000	0.000000	0.000000	17.593857	0.000000	0.000000	0.000000
1764624647.100352764	0.000000	0.000000	0.519813	0.000000	0.000000	0.000000	0.000000	0.000000	-0.211834	0.000000	0.000000	0.000000	0.000000	0.000000	0.000000	0.000000	0.000000	0.000000	0.000000	0.000000	17.593857	0.000000	0.000000	0.000000
1764624647.101556540	0.000000	0.000000	0.414487	0.000000	0.000000	0.000000	0.000000	0.000000	-0.211834	0.000000	0.000000	0.000000	0.000000	0.000000	0.000000	0.000000	0.000000	0.000000	0.000000	0.000000	17.593857	0.000000	0.000000	0.000000
1764624647.108747005	0.000000	0.000000	0.479974	0.000000	0.000000	0.000000	0.000000	0.000000	-0.211834	0.000000	0.000000	0.000000	0.000000	0.000000	0.000000	0.000000	0.000000	0.000000	0.000000	0.000000	17.593857	0.000000	0.000000	0.000000
1764624647.126506090	0.000000	0.000000	0.440051	0.000000	0.000000	0.000000	0.000000	0.000000	-0.211834	0.000000	0.000000	0.000000	0.000000	0.000000	0.000000	0.000000	0.000000	0.000000	0.000000	0.000000	17.593857	0.000000	0.000000	0.000000
1764624647.128563643	0.000000	0.000000	0.430375	0.000000	0.000000	0.000000	0.000000	0.000000	-0.211834	0.000000	0.000000	0.000000	0.000000	0.000000	0.000000	0.000000	0.000000	0.000000	0.000000	0.000000	17.593857	0.000000	0.000000	0.000000
1764624647.137758017	0.000000	0.000000	0.294221	0.000000	0.000000	0.000000	0.000000	0.000000	-0.211834	0.000000	0.000000	0.000000	0.000000	0.000000	0.000000	0.000000	0.000000	0.000000	0.000000	0.000000	17.593857	0.000000	0.000000	0.000000
1764624647.148926258	0.000000	0.000000	0.414539	0.000000	0.000000	0.000000	0.000000	0.000000	-0.211834	0.000000	0.000000	0.000000	0.000000	0.000000	0.000000	0.000000	0.000000	0.000000	0.000000	0.000000	17.593857	0.000000	0.000000	0.000000
1764624647.161321878	0.000000	0.000000	0.250766	0.000000	0.000000	0.000000	0.000000	0.000000	-0.211834	0.000000	0.000000	0.000000	0.000000	0.000000	0.000000	0.000000	0.000000	0.000000	0.000000	0.000000	17.593857	0.000000	0.000000	0.000000
1764624647.178273439	0.000000	0.000000	0.255168	0.000000	0.000000	0.000000	0.000000	0.000000	-0.211834	0.000000	0.000000	0.000000	0.000000	0.000000	0.000000	0.000000	0.000000	0.000000	0.000000	0.000000	17.593857	0.000000	0.000000	0.000000
1764624647.181502819	0.000000	0.000000	0.262962	0.000000	0.000000	0.000000	0.000000	0.000000	-0.211834	0.000000	0.000000	0.000000	0.000000	0.000000	0.000000	0.000000	0.000000	0.000000	0.000000	0.000000	17.593857	0.000000	0.000000	0.000000
1764624647.188899994	0.000000	0.000000	0.173448	0.000000	0.000000	0.000000	0.000000	0.000000	-0.211834	0.000000	0.000000	0.000000	0.000000	0.000000	0.000000	0.000000	0.000000	0.000000	0.000000	0.000000	17.593857	0.000000	0.000000	0.000000
1764624647.211226702	0.000000	0.000000	0.152377	0.000000	0.000000	0.000000	0.000000	0.000000	-0.127557	0.000000	0.000000	0.000000	0.000000	0.000000	0.000000	0.000000	0.000000	0.000000	0.000000	0.000000	17.593857	0.000000	0.000000	0.000000
1764624647.213103056	0.000000	0.000000	0.165901	0.000000	0.000000	0.000000	0.000000	0.000000	-0.127557	0.000000	0.000000	0.000000	0.000000	0.000000	0.000000	0.000000	0.000000	0.000000	0.000000	0.000000	17.593857	0.000000	0.000000	0.000000
1764624647.218131542	0.000000	0.000000	0.124700	0.000000	0.000000	0.000000	0.000000	0.000000	-0.127557	0.000000	0.000000	0.000000	0.000000	0.000000	0.000000	0.000000	0.000000	0.000000	0.000000	0.000000	17.593857	0.000000	0.000000	0.000000
1764624647.228080750	0.000000	0.000000	0.072988	0.000000	0.000000	0.000000	0.000000	0.000000	-0.127557	0.000000	0.000000	0.000000	0.000000	0.000000	0.000000	0.000000	0.000000	0.000000	0.000000	0.000000	17.593857	0.000000	0.000000	0.000000
1764624647.248660088	0.000000	0.000000	0.053934	0.000000	0.000000	0.000000	0.000000	0.000000	-0.127557	0.000000	0.000000	0.000000	0.000000	0.000000	0.000000	0.000000	0.000000	0.000000	0.000000	0.000000	17.593857	0.000000	0.000000	0.000000
1764624647.248683214	0.000000	0.000000	0.089581	0.000000	0.000000	0.000000	0.000000	0.000000	-0.127557	0.000000	0.000000	0.000000	0.000000	0.000000	0.000000	0.000000	0.000000	0.000000	0.000000	0.000000	17.593857	0.000000	0.000000	0.000000
1764624647.258897543	0.000000	0.000000	0.051533	0.000000	0.000000	0.000000	0.000000	0.000000	-0.127557	0.000000	0.000000	0.000000	0.000000	0.000000	0.000000	0.000000	0.000000	0.000000	0.000000	0.000000	17.593857	0.000000	0.000000	0.000000
1764624647.269159794	0.000000	0.000000	0.031856	0.000000	0.000000	0.000000	0.000000	0.000000	-0.127557	0.000000	0.000000	0.000000	0.000000	0.000000	0.000000	0.000000	0.000000	0.000000	0.000000	0.000000	17.593857	0.000000	0.000000	0.000000
1764624647.278286695	0.000000	0.000000	0.023211	0.000000	0.000000	0.000000	0.000000	0.000000	-0.127557	0.000000	0.000000	0.000000	0.000000	0.000000	0.000000	0.000000	0.000000	0.000000	0.000000	0.000000	17.593857	0.000000	0.000000	0.000000
1764624647.303784847	0.000000	0.000000	0.025267	0.000000	0.000000	0.000000	0.000000	0.000000	-0.127557	0.000000	0.000000	0.000000	0.000000	0.000000	0.000000	0.000000	0.000000	0.000000	0.000000	0.000000	17.593857	0.000000	0.000000	0.000000
1764624647.305604935	0.000000	0.000000	0.007639	0.000000	0.000000	0.000000	0.000000	0.000000	-0.127557	0.000000	0.000000	0.000000	0.000000	0.000000	0.000000	0.000000	0.000000	0.000000	0.000000	0.000000	17.593857	0.000000	0.000000	0.000000
1764624647.308292389	0.000000	0.000000	0.026991	0.000000	0.000000	0.000000	0.000000	0.000000	-0.127557	0.000000	0.000000	0.000000	0.000000	0.000000	0.000000	0.000000	0.000000	0.000000	0.000000	0.000000	17.593857	0.000000	0.000000	0.000000
1764624647.325874567	0.000000	0.000000	0.046303	0.000000	0.000000	0.000000	0.000000	0.000000	-0.127557	0.000000	0.000000	0.000000	0.000000	0.000000	0.000000	0.000000	0.000000	0.000000	0.000000	0.000000	17.593857	0.000000	0.000000	0.000000
1764624647.328769445	0.000000	0.000000	-0.007214	0.000000	0.000000	0.000000	0.000000	0.000000	-0.127557	0.000000	0.000000	0.000000	0.000000	0.000000	0.000000	0.000000	0.000000	0.000000	0.000000	0.000000	17.593857	0.000000	0.000000	0.000000
1764624647.337952375	0.000000	0.000000	0.001796	0.000000	0.000000	0.000000	0.000000	0.000000	-0.127557	0.000000	0.000000	0.000000	0.000000	0.000000	0.000000	0.000000	0.000000	0.000000	0.000000	0.000000	17.593857	0.000000	0.000000	0.000000
1764624647.348775387	0.000000	0.000000	0.039726	0.000000	0.000000	0.000000	0.000000	0.000000	-0.127557	0.000000	0.000000	0.000000	0.000000	0.000000	0.000000	0.000000	0.000000	0.000000	0.000000	0.000000	17.593857	0.000000	0.000000	0.000000
1764624647.363856792	0.000000	0.000000	0.047729	0.000000	0.000000	0.000000	0.000000	0.000000	-0.127557	0.000000	0.000000	0.000000	0.000000	0.000000	0.000000	0.000000	0.000000	0.000000	0.000000	0.000000	17.593857	0.000000	0.000000	0.000000
1764624647.368646860	0.000000	0.000000	0.032878	0.000000	0.000000	0.000000	0.000000	0.000000	-0.127557	0.000000	0.000000	0.000000	0.000000	0.000000	0.000000	0.000000	0.000000	0.000000	0.000000	0.000000	17.593857	0.000000	0.000000	0.000000
1764624647.377845764	0.000000	0.000000	0.023869	0.000000	0.000000	0.000000	0.000000	0.000000	-0.127557	0.000000	0.000000	0.000000	0.000000	0.000000	0.000000	0.000000	0.000000	0.000000	0.000000	0.000000	17.593857	0.000000	0.000000	0.000000
1764624647.389112234	0.000000	0.000000	-0.012101	0.000000	0.000000	0.000000	0.000000	0.000000	-0.127557	0.000000	0.000000	0.000000	0.000000	0.000000	0.000000	0.000000	0.000000	0.000000	0.000000	0.000000	17.593857	0.000000	0.000000	0.000000
1764624647.413690805	0.000000	0.000000	0.019110	0.000000	0.000000	0.000000	0.000000	0.000000	-0.127557	0.000000	0.000000	0.000000	0.000000	0.000000	0.000000	0.000000	0.000000	0.000000	0.000000	0.000000	17.593857	0.000000	0.000000	0.000000
1764624647.413713694	0.000000	0.000000	0.014480	0.000000	0.000000	0.000000	0.000000	0.000000	-0.127557	0.000000	0.000000	0.000000	0.000000	0.000000	0.000000	0.000000	0.000000	0.000000	0.000000	0.000000	17.593857	0.000000	0.000000	0.000000
1764624647.418606043	0.000000	0.000000	0.035994	0.000000	0.000000	0.000000	0.000000	0.000000	-0.127557	0.000000	0.000000	0.000000	0.000000	0.000000	0.000000	0.000000	0.000000	0.000000	0.000000	0.000000	17.593857	0.000000	0.000000	0.000000
1764624647.428329468	0.000000	0.000000	0.015182	0.000000	0.000000	0.000000	0.000000	0.000000	-0.127557	0.000000	0.000000	0.000000	0.000000	0.000000	0.000000	0.000000	0.000000	0.000000	0.000000	0.000000	17.593857	0.000000	0.000000	0.000000
1764624647.443502188	0.000000	0.000000	0.043594	0.000000	0.000000	0.000000	0.000000	0.000000	-0.127557	0.000000	0.000000	0.000000	0.000000	0.000000	0.000000	0.000000	0.000000	0.000000	0.000000	0.000000	17.593857	0.000000	0.000000	0.000000
1764624647.448379755	0.000000	0.000000	0.002487	0.000000	0.000000	0.000000	0.000000	0.000000	-0.127557	0.000000	0.000000	0.000000	0.000000	0.000000	0.000000	0.000000	0.000000	0.000000	0.000000	0.000000	17.593857	0.000000	0.000000	0.000000
1764624647.457606316	0.000000	0.000000	0.034893	0.000000	0.000000	0.000000	0.000000	0.000000	-0.127557	0.000000	0.000000	0.000000	0.000000	0.000000	0.000000	0.000000	0.000000	0.000000	0.000000	0.000000	17.593857	0.000000	0.000000	0.000000
1764624647.469676495	0.000000	0.000000	0.025598	0.000000	0.000000	0.000000	0.000000	0.000000	-0.126680	0.000000	0.000000	0.000000	0.000000	0.000000	0.000000	0.000000	0.000000	0.000000	0.000000	0.000000	17.593857	0.000000	0.000000	0.000000
1764624647.478416204	0.000000	0.000000	0.030379	0.000000	0.000000	0.000000	0.000000	0.000000	-0.126680	0.000000	0.000000	0.000000	0.000000	0.000000	0.000000	0.000000	0.000000	0.000000	0.000000	0.000000	17.593857	0.000000	0.000000	0.000000
1764624647.498371124	0.000000	0.000000	0.010502	0.000000	0.000000	0.000000	0.000000	0.000000	-0.126680	0.000000	0.000000	0.000000	0.000000	0.000000	0.000000	0.000000	0.000000	0.000000	0.000000	0.000000	17.593857	0.000000	0.000000	0.000000
1764624647.499493599	0.000000	0.000000	-0.002749	0.000000	0.000000	0.000000	0.000000	0.000000	-0.126680	0.000000	0.000000	0.000000	0.000000	0.000000	0.000000	0.000000	0.000000	0.000000	0.000000	0.000000	17.593857	0.000000	0.000000	0.000000
1764624647.509652376	0.000000	0.000000	0.050194	0.000000	0.000000	0.000000	0.000000	0.000000	-0.126680	0.000000	0.000000	0.000000	0.000000	0.000000	0.000000	0.000000	0.000000	0.000000	0.000000	0.000000	17.593857	0.000000	0.000000	0.000000
1764624647.528097868	0.000000	0.000000	-0.002018	0.000000	0.000000	0.000000	0.000000	0.000000	-0.126680	0.000000	0.000000	0.000000	0.000000	0.000000	0.000000	0.000000	0.000000	0.000000	0.000000	0.000000	17.593857	0.000000	0.000000	0.000000
1764624647.528108120	0.000000	0.000000	0.029510	0.000000	0.000000	0.000000	0.000000	0.000000	-0.126680	0.000000	0.000000	0.000000	0.000000	0.000000	0.000000	0.000000	0.000000	0.000000	0.000000	0.000000	17.593857	0.000000	0.000000	0.000000
1764624647.537926912	0.000000	0.000000	0.008001	0.000000	0.000000	0.000000	0.000000	0.000000	-0.126680	0.000000	0.000000	0.000000	0.000000	0.000000	0.000000	0.000000	0.000000	0.000000	0.000000	0.000000	17.593857	0.000000	0.000000	0.000000
1764624647.548815727	0.000000	0.000000	0.020102	0.000000	0.000000	0.000000	0.000000	0.000000	-0.126680	0.000000	0.000000	0.000000	0.000000	0.000000	0.000000	0.000000	0.000000	0.000000	0.000000	0.000000	17.593857	0.000000	0.000000	0.000000
1764624647.557663918	0.000000	0.000000	0.004248	0.000000	0.000000	0.000000	0.000000	0.000000	-0.126680	0.000000	0.000000	0.000000	0.000000	0.000000	0.000000	0.000000	0.000000	0.000000	0.000000	0.000000	17.593857	0.000000	0.000000	0.000000
1764624647.586769819	0.000000	0.000000	0.051289	0.000000	0.000000	0.000000	0.000000	0.000000	-0.126680	0.000000	0.000000	0.000000	0.000000	0.000000	0.000000	0.000000	0.000000	0.000000	0.000000	0.000000	17.593857	0.000000	0.000000	0.000000
1764624647.586777687	0.000000	0.000000	0.010446	0.000000	0.000000	0.000000	0.000000	0.000000	-0.126680	0.000000	0.000000	0.000000	0.000000	0.000000	0.000000	0.000000	0.000000	0.000000	0.000000	0.000000	17.593857	0.000000	0.000000	0.000000
1764624647.588345528	0.000000	0.000000	0.038853	0.000000	0.000000	0.000000	0.000000	0.000000	-0.126680	0.000000	0.000000	0.000000	0.000000	0.000000	0.000000	0.000000	0.000000	0.000000	0.000000	0.000000	17.593857	0.000000	0.000000	0.000000
1764624647.610629082	0.000000	0.000000	0.005344	0.000000	0.000000	0.000000	0.000000	0.000000	-0.126680	0.000000	0.000000	0.000000	0.000000	0.000000	0.000000	0.000000	0.000000	0.000000	0.000000	0.000000	17.593857	0.000000	0.000000	0.000000
1764624647.612754107	0.000000	0.000000	0.050936	0.000000	0.000000	0.000000	0.000000	0.000000	-0.126680	0.000000	0.000000	0.000000	0.000000	0.000000	0.000000	0.000000	0.000000	0.000000	0.000000	0.000000	17.593857	0.000000	0.000000	0.000000
1764624647.618110657	0.000000	0.000000	-0.009522	0.000000	0.000000	0.000000	0.000000	0.000000	-0.126680	0.000000	0.000000	0.000000	0.000000	0.000000	0.000000	0.000000	0.000000	0.000000	0.000000	0.000000	17.593857	0.000000	0.000000	0.000000
1764624647.628149509	0.000000	0.000000	0.023957	0.000000	0.000000	0.000000	0.000000	0.000000	-0.126680	0.000000	0.000000	0.000000	0.000000	0.000000	0.000000	0.000000	0.000000	0.000000	0.000000	0.000000	17.593857	0.000000	0.000000	0.000000
1764624647.637037754	0.000000	0.000000	-0.007680	0.000000	0.000000	0.000000	0.000000	0.000000	-0.126680	0.000000	0.000000	0.000000	0.000000	0.000000	0.000000	0.000000	0.000000	0.000000	0.000000	0.000000	17.593857	0.000000	0.000000	0.000000
1764624647.663955450	0.000000	0.000000	0.027059	0.000000	0.000000	0.000000	0.000000	0.000000	-0.126680	0.000000	0.000000	0.000000	0.000000	0.000000	0.000000	0.000000	0.000000	0.000000	0.000000	0.000000	17.593857	0.000000	0.000000	0.000000
1764624647.663982153	0.000000	0.000000	0.050688	0.000000	0.000000	0.000000	0.000000	0.000000	-0.126680	0.000000	0.000000	0.000000	0.000000	0.000000	0.000000	0.000000	0.000000	0.000000	0.000000	0.000000	17.593857	0.000000	0.000000	0.000000
1764624647.668668747	0.000000	0.000000	0.053750	0.000000	0.000000	0.000000	0.000000	0.000000	-0.126680	0.000000	0.000000	0.000000	0.000000	0.000000	0.000000	0.000000	0.000000	0.000000	0.000000	0.000000	17.593857	0.000000	0.000000	0.000000
1764624647.685770750	0.000000	0.000000	-0.012186	0.000000	0.000000	0.000000	0.000000	0.000000	-0.126680	0.000000	0.000000	0.000000	0.000000	0.000000	0.000000	0.000000	0.000000	0.000000	0.000000	0.000000	17.593857	0.000000	0.000000	0.000000
1764624647.688641548	0.000000	0.000000	0.030049	0.000000	0.000000	0.000000	0.000000	0.000000	-0.126680	0.000000	0.000000	0.000000	0.000000	0.000000	0.000000	0.000000	0.000000	0.000000	0.000000	0.000000	17.593857	0.000000	0.000000	0.000000
1764624647.696720600	0.000000	0.000000	-0.010533	0.000000	0.000000	0.000000	0.000000	0.000000	-0.126680	0.000000	0.000000	0.000000	0.000000	0.000000	0.000000	0.000000	0.000000	0.000000	0.000000	0.000000	17.593857	0.000000	0.000000	0.000000
1764624647.708333969	0.000000	0.000000	0.109463	0.000000	0.000000	0.000000	0.000000	0.000000	-0.113264	0.000000	0.000000	0.000000	0.000000	0.000000	0.000000	0.000000	0.000000	0.000000	0.000000	0.000000	17.593857	0.000000	0.000000	0.000000
1764624647.718882561	0.000000	0.000000	-0.030831	0.000000	0.000000	0.000000	0.000000	0.000000	-0.113264	0.000000	0.000000	0.000000	0.000000	0.000000	0.000000	0.000000	0.000000	0.000000	0.000000	0.000000	17.593857	0.000000	0.000000	0.000000
1764624647.743461370	0.000000	0.000000	0.010654	0.000000	0.000000	0.000000	0.000000	0.000000	-0.113264	0.000000	0.000000	0.000000	0.000000	0.000000	0.000000	0.000000	0.000000	0.000000	0.000000	0.000000	17.593857	0.000000	0.000000	0.000000
1764624647.743477583	0.000000	0.000000	0.038573	0.000000	0.000000	0.000000	0.000000	0.000000	-0.113264	0.000000	0.000000	0.000000	0.000000	0.000000	0.000000	0.000000	0.000000	0.000000	0.000000	0.000000	17.593857	0.000000	0.000000	0.000000
1764624647.748316288	0.000000	0.000000	0.013565	0.000000	0.000000	0.000000	0.000000	0.000000	-0.113264	0.000000	0.000000	0.000000	0.000000	0.000000	0.000000	0.000000	0.000000	0.000000	0.000000	0.000000	17.593857	0.000000	0.000000	0.000000
1764624647.774055481	0.000000	0.000000	0.036988	0.000000	0.000000	0.000000	0.000000	0.000000	-0.113264	0.000000	0.000000	0.000000	0.000000	0.000000	0.000000	0.000000	0.000000	0.000000	0.000000	0.000000	17.593857	0.000000	0.000000	0.000000
1764624647.776294708	0.000000	0.000000	0.060049	0.000000	0.000000	0.000000	0.000000	0.000000	-0.113264	0.000000	0.000000	0.000000	0.000000	0.000000	0.000000	0.000000	0.000000	0.000000	0.000000	0.000000	17.593857	0.000000	0.000000	0.000000
1764624647.778201818	0.000000	0.000000	-0.049041	0.000000	0.000000	0.000000	0.000000	0.000000	-0.113264	0.000000	0.000000	0.000000	0.000000	0.000000	0.000000	0.000000	0.000000	0.000000	0.000000	0.000000	17.593857	0.000000	0.000000	0.000000
1764624647.788033962	0.000000	0.000000	0.122436	0.000000	0.000000	0.000000	0.000000	0.000000	-0.113264	0.000000	0.000000	0.000000	0.000000	0.000000	0.000000	0.000000	0.000000	0.000000	0.000000	0.000000	17.593857	0.000000	0.000000	0.000000
1764624647.797587633	0.000000	0.000000	0.009314	0.000000	0.000000	0.000000	0.000000	0.000000	-0.113264	0.000000	0.000000	0.000000	0.000000	0.000000	0.000000	0.000000	0.000000	0.000000	0.000000	0.000000	17.593857	0.000000	0.000000	0.000000
1764624647.816970825	0.000000	0.000000	0.058486	0.000000	0.000000	0.000000	0.000000	0.000000	-0.113264	0.000000	0.000000	0.000000	0.000000	0.000000	0.000000	0.000000	0.000000	0.000000	0.000000	0.000000	17.593857	0.000000	0.000000	0.000000
1764624647.818160057	0.000000	0.000000	0.084385	0.000000	0.000000	0.000000	0.000000	0.000000	-0.113264	0.000000	0.000000	0.000000	0.000000	0.000000	0.000000	0.000000	0.000000	0.000000	0.000000	0.000000	17.593857	0.000000	0.000000	0.000000
1764624647.828866005	0.000000	0.000000	0.019472	0.000000	0.000000	0.000000	0.000000	0.000000	-0.113264	0.000000	0.000000	0.000000	0.000000	0.000000	0.000000	0.000000	0.000000	0.000000	0.000000	0.000000	17.593857	0.000000	0.000000	0.000000
1764624647.849161386	0.000000	0.000000	0.088430	0.000000	0.000000	0.000000	0.000000	0.000000	-0.113264	0.000000	0.000000	0.000000	0.000000	0.000000	0.000000	0.000000	0.000000	0.000000	0.000000	0.000000	17.593857	0.000000	0.000000	0.000000
1764624647.849171400	0.000000	0.000000	0.046827	0.000000	0.000000	0.000000	0.000000	0.000000	-0.113264	0.000000	0.000000	0.000000	0.000000	0.000000	0.000000	0.000000	0.000000	0.000000	0.000000	0.000000	17.593857	0.000000	0.000000	0.000000
1764624647.858007193	0.000000	0.000000	0.051858	0.000000	0.000000	0.000000	0.000000	0.000000	-0.113264	0.000000	0.000000	0.000000	0.000000	0.000000	0.000000	0.000000	0.000000	0.000000	0.000000	0.000000	17.593857	0.000000	0.000000	0.000000
1764624647.867962360	0.000000	0.000000	0.093051	0.000000	0.000000	0.000000	0.000000	0.000000	-0.113264	0.000000	0.000000	0.000000	0.000000	0.000000	0.000000	0.000000	0.000000	0.000000	0.000000	0.000000	17.593857	0.000000	0.000000	0.000000
1764624647.878184080	0.000000	0.000000	0.035055	0.000000	0.000000	0.000000	0.000000	0.000000	-0.113264	0.000000	0.000000	0.000000	0.000000	0.000000	0.000000	0.000000	0.000000	0.000000	0.000000	0.000000	17.593857	0.000000	0.000000	0.000000
1764624647.897408724	0.000000	0.000000	0.049925	0.000000	0.000000	0.000000	0.000000	0.000000	-0.113264	0.000000	0.000000	0.000000	0.000000	0.000000	0.000000	0.000000	0.000000	0.000000	0.000000	0.000000	17.593857	0.000000	0.000000	0.000000
1764624647.898642778	0.000000	0.000000	0.103015	0.000000	0.000000	0.000000	0.000000	0.000000	-0.113264	0.000000	0.000000	0.000000	0.000000	0.000000	0.000000	0.000000	0.000000	0.000000	0.000000	0.000000	17.593857	0.000000	0.000000	0.000000
1764624647.908309698	0.000000	0.000000	0.021896	0.000000	0.000000	0.000000	0.000000	0.000000	-0.113264	0.000000	0.000000	0.000000	0.000000	0.000000	0.000000	0.000000	0.000000	0.000000	0.000000	0.000000	17.593857	0.000000	0.000000	0.000000
1764624647.918207884	0.000000	0.000000	0.106288	0.000000	0.000000	0.000000	0.000000	0.000000	-0.113264	0.000000	0.000000	0.000000	0.000000	0.000000	0.000000	0.000000	0.000000	0.000000	0.000000	0.000000	17.593857	0.000000	0.000000	0.000000
1764624647.933674335	0.000000	0.000000	0.007753	0.000000	0.000000	0.000000	0.000000	0.000000	-0.113264	0.000000	0.000000	0.000000	0.000000	0.000000	0.000000	0.000000	0.000000	0.000000	0.000000	0.000000	17.593857	0.000000	0.000000	0.000000
1764624647.937559128	0.000000	0.000000	0.080620	0.000000	0.000000	0.000000	0.000000	0.000000	-0.113264	0.000000	0.000000	0.000000	0.000000	0.000000	0.000000	0.000000	0.000000	0.000000	0.000000	0.000000	17.593857	0.000000	0.000000	0.000000
1764624647.949047089	0.000000	0.000000	0.086404	0.000000	0.000000	0.000000	0.000000	0.000000	-0.113264	0.000000	0.000000	0.000000	0.000000	0.000000	0.000000	0.000000	0.000000	0.000000	0.000000	0.000000	17.593857	0.000000	0.000000	0.000000
1764624647.968439817	0.000000	0.000000	0.064380	0.000000	0.000000	0.000000	0.000000	0.000000	-0.077459	0.000000	0.000000	0.000000	0.000000	0.000000	0.000000	0.000000	0.000000	0.000000	0.000000	0.000000	17.593857	0.000000	0.000000	0.000000
1764624647.968456268	0.000000	0.000000	0.057538	0.000000	0.000000	0.000000	0.000000	0.000000	-0.077459	0.000000	0.000000	0.000000	0.000000	0.000000	0.000000	0.000000	0.000000	0.000000	0.000000	0.000000	17.593857	0.000000	0.000000	0.000000
1764624647.978710890	0.000000	0.000000	0.113413	0.000000	0.000000	0.000000	0.000000	0.000000	-0.077459	0.000000	0.000000	0.000000	0.000000	0.000000	0.000000	0.000000	0.000000	0.000000	0.000000	0.000000	17.593857	0.000000	0.000000	0.000000
1764624647.988898039	0.000000	0.000000	0.022573	0.000000	0.000000	0.000000	0.000000	0.000000	-0.077459	0.000000	0.000000	0.000000	0.000000	0.000000	0.000000	0.000000	0.000000	0.000000	0.000000	0.000000	17.593857	0.000000	0.000000	0.000000
1764624647.998838663	0.000000	0.000000	0.128702	0.000000	0.000000	0.000000	0.000000	0.000000	-0.077459	0.000000	0.000000	0.000000	0.000000	0.000000	0.000000	0.000000	0.000000	0.000000	0.000000	0.000000	17.593857	0.000000	0.000000	0.000000
1764624648.019274235	0.000000	0.000000	0.077520	0.000000	0.000000	0.000000	0.000000	0.000000	-0.077459	0.000000	0.000000	0.000000	0.000000	0.000000	0.000000	0.000000	0.000000	0.000000	0.000000	0.000000	17.593857	0.000000	0.000000	0.000000
1764624648.021264791	0.000000	0.000000	0.039389	0.000000	0.000000	0.000000	0.000000	0.000000	-0.077459	0.000000	0.000000	0.000000	0.000000	0.000000	0.000000	0.000000	0.000000	0.000000	0.000000	0.000000	17.593857	0.000000	0.000000	0.000000
1764624648.028203487	0.000000	0.000000	0.089252	0.000000	0.000000	0.000000	0.000000	0.000000	-0.077459	0.000000	0.000000	0.000000	0.000000	0.000000	0.000000	0.000000	0.000000	0.000000	0.000000	0.000000	17.593857	0.000000	0.000000	0.000000
1764624648.038223267	0.000000	0.000000	0.086679	0.000000	0.000000	0.000000	0.000000	0.000000	-0.077459	0.000000	0.000000	0.000000	0.000000	0.000000	0.000000	0.000000	0.000000	0.000000	0.000000	0.000000	17.593857	0.000000	0.000000	0.000000
1764624648.059503317	0.000000	0.000000	0.098940	0.000000	0.000000	0.000000	0.000000	0.000000	-0.077459	0.000000	0.000000	0.000000	0.000000	0.000000	0.000000	0.000000	0.000000	0.000000	0.000000	0.000000	17.593857	0.000000	0.000000	0.000000
1764624648.061276674	0.000000	0.000000	0.098427	0.000000	0.000000	0.000000	0.000000	0.000000	-0.077459	0.000000	0.000000	0.000000	0.000000	0.000000	0.000000	0.000000	0.000000	0.000000	0.000000	0.000000	17.593857	0.000000	0.000000	0.000000
1764624648.068660021	0.000000	0.000000	0.031545	0.000000	0.000000	0.000000	0.000000	0.000000	-0.077459	0.000000	0.000000	0.000000	0.000000	0.000000	0.000000	0.000000	0.000000	0.000000	0.000000	0.000000	17.593857	0.000000	0.000000	0.000000
1764624648.092210054	0.000000	0.000000	0.096450	0.000000	0.000000	0.000000	0.000000	0.000000	-0.077459	0.000000	0.000000	0.000000	0.000000	0.000000	0.000000	0.000000	0.000000	0.000000	0.000000	0.000000	17.593857	0.000000	0.000000	0.000000
1764624648.092229605	0.000000	0.000000	0.044945	0.000000	0.000000	0.000000	0.000000	0.000000	-0.077459	0.000000	0.000000	0.000000	0.000000	0.000000	0.000000	0.000000	0.000000	0.000000	0.000000	0.000000	17.593857	0.000000	0.000000	0.000000
1764624648.098839045	0.000000	0.000000	0.121604	0.000000	0.000000	0.000000	0.000000	0.000000	-0.077459	0.000000	0.000000	0.000000	0.000000	0.000000	0.000000	0.000000	0.000000	0.000000	0.000000	0.000000	17.593857	0.000000	0.000000	0.000000
1764624648.108271122	0.000000	0.000000	0.040690	0.000000	0.000000	0.000000	0.000000	0.000000	-0.077459	0.000000	0.000000	0.000000	0.000000	0.000000	0.000000	0.000000	0.000000	0.000000	0.000000	0.000000	17.593857	0.000000	0.000000	0.000000
1764624648.118347168	0.000000	0.000000	0.057330	0.000000	0.000000	0.000000	0.000000	0.000000	-0.077459	0.000000	0.000000	0.000000	0.000000	0.000000	0.000000	0.000000	0.000000	0.000000	0.000000	0.000000	17.593857	0.000000	0.000000	0.000000
1764624648.129237175	0.000000	0.000000	0.137557	0.000000	0.000000	0.000000	0.000000	0.000000	-0.077459	0.000000	0.000000	0.000000	0.000000	0.000000	0.000000	0.000000	0.000000	0.000000	0.000000	0.000000	17.593857	0.000000	0.000000	0.000000
1764624648.137694836	0.000000	0.000000	0.071888	0.000000	0.000000	0.000000	0.000000	0.000000	-0.077459	0.000000	0.000000	0.000000	0.000000	0.000000	0.000000	0.000000	0.000000	0.000000	0.000000	0.000000	17.593857	0.000000	0.000000	0.000000
1764624648.148857355	0.000000	0.000000	0.012375	0.000000	0.000000	0.000000	0.000000	0.000000	-0.077459	0.000000	0.000000	0.000000	0.000000	0.000000	0.000000	0.000000	0.000000	0.000000	0.000000	0.000000	17.593857	0.000000	0.000000	0.000000
1764624648.159443378	0.000000	0.000000	0.102185	0.000000	0.000000	0.000000	0.000000	0.000000	-0.077459	0.000000	0.000000	0.000000	0.000000	0.000000	0.000000	0.000000	0.000000	0.000000	0.000000	0.000000	17.593857	0.000000	0.000000	0.000000
1764624648.177594662	0.000000	0.000000	0.059736	0.000000	0.000000	0.000000	0.000000	0.000000	-0.077459	0.000000	0.000000	0.000000	0.000000	0.000000	0.000000	0.000000	0.000000	0.000000	0.000000	0.000000	17.593857	0.000000	0.000000	0.000000
1764624648.178782225	0.000000	0.000000	0.063093	0.000000	0.000000	0.000000	0.000000	0.000000	-0.077459	0.000000	0.000000	0.000000	0.000000	0.000000	0.000000	0.000000	0.000000	0.000000	0.000000	0.000000	17.593857	0.000000	0.000000	0.000000
1764624648.188838720	0.000000	0.000000	0.124591	0.000000	0.000000	0.000000	0.000000	0.000000	-0.077459	0.000000	0.000000	0.000000	0.000000	0.000000	0.000000	0.000000	0.000000	0.000000	0.000000	0.000000	17.593857	0.000000	0.000000	0.000000
1764624648.213540792	0.000000	0.000000	0.026112	0.000000	0.000000	0.000000	0.000000	0.000000	-0.077459	0.000000	0.000000	0.000000	0.000000	0.000000	0.000000	0.000000	0.000000	0.000000	0.000000	0.000000	17.593857	0.000000	0.000000	0.000000
1764624648.214782000	0.000000	0.000000	0.136750	0.000000	0.000000	0.000000	0.000000	0.000000	-0.077459	0.000000	0.000000	0.000000	0.000000	0.000000	0.000000	0.000000	0.000000	0.000000	0.000000	0.000000	17.593857	0.000000	0.000000	0.000000
1764624648.218755007	0.000000	0.000000	0.045061	0.000000	0.000000	0.000000	0.000000	0.000000	-0.043988	0.000000	0.000000	0.000000	0.000000	0.000000	0.000000	0.000000	0.000000	0.000000	0.000000	0.000000	17.593857	0.000000	0.000000	0.000000
1764624648.228341103	0.000000	0.000000	0.012984	0.000000	0.000000	0.000000	0.000000	0.000000	-0.043988	0.000000	0.000000	0.000000	0.000000	0.000000	0.000000	0.000000	0.000000	0.000000	0.000000	0.000000	17.593857	0.000000	0.000000	0.000000
1764624648.237824440	0.000000	0.000000	0.125245	0.000000	0.000000	0.000000	0.000000	0.000000	-0.043988	0.000000	0.000000	0.000000	0.000000	0.000000	0.000000	0.000000	0.000000	0.000000	0.000000	0.000000	17.593857	0.000000	0.000000	0.000000
1764624648.249470472	0.000000	0.000000	0.058601	0.000000	0.000000	0.000000	0.000000	0.000000	-0.043988	0.000000	0.000000	0.000000	0.000000	0.000000	0.000000	0.000000	0.000000	0.000000	0.000000	0.000000	17.593857	0.000000	0.000000	0.000000
1764624648.266649723	0.000000	0.000000	0.096511	0.000000	0.000000	0.000000	0.000000	0.000000	-0.043988	0.000000	0.000000	0.000000	0.000000	0.000000	0.000000	0.000000	0.000000	0.000000	0.000000	0.000000	17.593857	0.000000	0.000000	0.000000
1764624648.268640995	0.000000	0.000000	0.099335	0.000000	0.000000	0.000000	0.000000	0.000000	-0.043988	0.000000	0.000000	0.000000	0.000000	0.000000	0.000000	0.000000	0.000000	0.000000	0.000000	0.000000	17.593857	0.000000	0.000000	0.000000
1764624648.288261652	0.000000	0.000000	0.036760	0.000000	0.000000	0.000000	0.000000	0.000000	-0.043988	0.000000	0.000000	0.000000	0.000000	0.000000	0.000000	0.000000	0.000000	0.000000	0.000000	0.000000	17.593857	0.000000	0.000000	0.000000
1764624648.291662931	0.000000	0.000000	0.070619	0.000000	0.000000	0.000000	0.000000	0.000000	-0.043988	0.000000	0.000000	0.000000	0.000000	0.000000	0.000000	0.000000	0.000000	0.000000	0.000000	0.000000	17.593857	0.000000	0.000000	0.000000
1764624648.298435926	0.000000	0.000000	0.061175	0.000000	0.000000	0.000000	0.000000	0.000000	-0.043988	0.000000	0.000000	0.000000	0.000000	0.000000	0.000000	0.000000	0.000000	0.000000	0.000000	0.000000	17.593857	0.000000	0.000000	0.000000
1764624648.309276819	0.000000	0.000000	0.086471	0.000000	0.000000	0.000000	0.000000	0.000000	-0.043988	0.000000	0.000000	0.000000	0.000000	0.000000	0.000000	0.000000	0.000000	0.000000	0.000000	0.000000	17.593857	0.000000	0.000000	0.000000
1764624648.318908215	0.000000	0.000000	0.057453	0.000000	0.000000	0.000000	0.000000	0.000000	-0.043988	0.000000	0.000000	0.000000	0.000000	0.000000	0.000000	0.000000	0.000000	0.000000	0.000000	0.000000	17.593857	0.000000	0.000000	0.000000
1764624648.337040901	0.000000	0.000000	0.057804	0.000000	0.000000	0.000000	0.000000	0.000000	-0.043988	0.000000	0.000000	0.000000	0.000000	0.000000	0.000000	0.000000	0.000000	0.000000	0.000000	0.000000	17.593857	0.000000	0.000000	0.000000
1764624648.339141846	0.000000	0.000000	0.061177	0.000000	0.000000	0.000000	0.000000	0.000000	-0.043988	0.000000	0.000000	0.000000	0.000000	0.000000	0.000000	0.000000	0.000000	0.000000	0.000000	0.000000	17.593857	0.000000	0.000000	0.000000
1764624648.348562717	0.000000	0.000000	0.102654	0.000000	0.000000	0.000000	0.000000	0.000000	-0.043988	0.000000	0.000000	0.000000	0.000000	0.000000	0.000000	0.000000	0.000000	0.000000	0.000000	0.000000	17.593857	0.000000	0.000000	0.000000
1764624648.366594076	0.000000	0.000000	0.039738	0.000000	0.000000	0.000000	0.000000	0.000000	-0.043988	0.000000	0.000000	0.000000	0.000000	0.000000	0.000000	0.000000	0.000000	0.000000	0.000000	0.000000	17.593857	0.000000	0.000000	0.000000
1764624648.368560314	0.000000	0.000000	0.114799	0.000000	0.000000	0.000000	0.000000	0.000000	-0.043988	0.000000	0.000000	0.000000	0.000000	0.000000	0.000000	0.000000	0.000000	0.000000	0.000000	0.000000	17.593857	0.000000	0.000000	0.000000
1764624648.378855944	0.000000	0.000000	0.055542	0.000000	0.000000	0.000000	0.000000	0.000000	-0.043988	0.000000	0.000000	0.000000	0.000000	0.000000	0.000000	0.000000	0.000000	0.000000	0.000000	0.000000	17.593857	0.000000	0.000000	0.000000
1764624648.389474154	0.000000	0.000000	0.056258	0.000000	0.000000	0.000000	0.000000	0.000000	-0.043988	0.000000	0.000000	0.000000	0.000000	0.000000	0.000000	0.000000	0.000000	0.000000	0.000000	0.000000	17.593857	0.000000	0.000000	0.000000
1764624648.398609877	0.000000	0.000000	0.081861	0.000000	0.000000	0.000000	0.000000	0.000000	-0.043988	0.000000	0.000000	0.000000	0.000000	0.000000	0.000000	0.000000	0.000000	0.000000	0.000000	0.000000	17.593857	0.000000	0.000000	0.000000
1764624648.418309927	0.000000	0.000000	0.024459	0.000000	0.000000	0.000000	0.000000	0.000000	-0.043988	0.000000	0.000000	0.000000	0.000000	0.000000	0.000000	0.000000	0.000000	0.000000	0.000000	0.000000	17.593857	0.000000	0.000000	0.000000
1764624648.423833132	0.000000	0.000000	0.098001	0.000000	0.000000	0.000000	0.000000	0.000000	-0.043988	0.000000	0.000000	0.000000	0.000000	0.000000	0.000000	0.000000	0.000000	0.000000	0.000000	0.000000	17.593857	0.000000	0.000000	0.000000
1764624648.428428411	0.000000	0.000000	0.035856	0.000000	0.000000	0.000000	0.000000	0.000000	-0.043988	0.000000	0.000000	0.000000	0.000000	0.000000	0.000000	0.000000	0.000000	0.000000	0.000000	0.000000	17.593857	0.000000	0.000000	0.000000
1764624648.436829567	0.000000	0.000000	0.065919	0.000000	0.000000	0.000000	0.000000	0.000000	-0.043988	0.000000	0.000000	0.000000	0.000000	0.000000	0.000000	0.000000	0.000000	0.000000	0.000000	0.000000	17.593857	0.000000	0.000000	0.000000
1764624648.448853016	0.000000	0.000000	0.080409	0.000000	0.000000	0.000000	0.000000	0.000000	-0.043988	0.000000	0.000000	0.000000	0.000000	0.000000	0.000000	0.000000	0.000000	0.000000	0.000000	0.000000	17.593857	0.000000	0.000000	0.000000
1764624648.465372562	0.000000	0.000000	0.047563	0.000000	0.000000	0.000000	0.000000	0.000000	-0.015754	0.000000	0.000000	0.000000	0.000000	0.000000	0.000000	0.000000	0.000000	0.000000	0.000000	0.000000	17.593857	0.000000	0.000000	0.000000
1764624648.468440056	0.000000	0.000000	0.024676	0.000000	0.000000	0.000000	0.000000	0.000000	-0.015754	0.000000	0.000000	0.000000	0.000000	0.000000	0.000000	0.000000	0.000000	0.000000	0.000000	0.000000	17.593857	0.000000	0.000000	0.000000
1764624648.479136467	0.000000	0.000000	0.098004	0.000000	0.000000	0.000000	0.000000	0.000000	-0.015754	0.000000	0.000000	0.000000	0.000000	0.000000	0.000000	0.000000	0.000000	0.000000	0.000000	0.000000	17.593857	0.000000	0.000000	0.000000
1764624648.496055365	0.000000	0.000000	0.035084	0.000000	0.000000	0.000000	0.000000	0.000000	-0.015754	0.000000	0.000000	0.000000	0.000000	0.000000	0.000000	0.000000	0.000000	0.000000	0.000000	0.000000	17.593857	0.000000	0.000000	0.000000
1764624648.498138189	0.000000	0.000000	0.121826	0.000000	0.000000	0.000000	0.000000	0.000000	-0.015754	0.000000	0.000000	0.000000	0.000000	0.000000	0.000000	0.000000	0.000000	0.000000	0.000000	0.000000	17.593857	0.000000	0.000000	0.000000
1764624648.509273767	0.000000	0.000000	0.001778	0.000000	0.000000	0.000000	0.000000	0.000000	-0.015754	0.000000	0.000000	0.000000	0.000000	0.000000	0.000000	0.000000	0.000000	0.000000	0.000000	0.000000	17.593857	0.000000	0.000000	0.000000
1764624648.519242287	0.000000	0.000000	0.025430	0.000000	0.000000	0.000000	0.000000	0.000000	-0.015754	0.000000	0.000000	0.000000	0.000000	0.000000	0.000000	0.000000	0.000000	0.000000	0.000000	0.000000	17.593857	0.000000	0.000000	0.000000
1764624648.538667202	0.000000	0.000000	0.142868	0.000000	0.000000	0.000000	0.000000	0.000000	-0.015754	0.000000	0.000000	0.000000	0.000000	0.000000	0.000000	0.000000	0.000000	0.000000	0.000000	0.000000	17.593857	0.000000	0.000000	0.000000
1764624648.546665907	0.000000	0.000000	0.001440	0.000000	0.000000	0.000000	0.000000	0.000000	-0.015754	0.000000	0.000000	0.000000	0.000000	0.000000	0.000000	0.000000	0.000000	0.000000	0.000000	0.000000	17.593857	0.000000	0.000000	0.000000
1764624648.548184156	0.000000	0.000000	0.104199	0.000000	0.000000	0.000000	0.000000	0.000000	-0.015754	0.000000	0.000000	0.000000	0.000000	0.000000	0.000000	0.000000	0.000000	0.000000	0.000000	0.000000	17.593857	0.000000	0.000000	0.000000
1764624648.567757607	0.000000	0.000000	0.063328	0.000000	0.000000	0.000000	0.000000	0.000000	-0.015754	0.000000	0.000000	0.000000	0.000000	0.000000	0.000000	0.000000	0.000000	0.000000	0.000000	0.000000	17.593857	0.000000	0.000000	0.000000
1764624648.575378180	0.000000	0.000000	0.004942	0.000000	0.000000	0.000000	0.000000	0.000000	-0.015754	0.000000	0.000000	0.000000	0.000000	0.000000	0.000000	0.000000	0.000000	0.000000	0.000000	0.000000	17.593857	0.000000	0.000000	0.000000
1764624648.578541517	0.000000	0.000000	0.082033	0.000000	0.000000	0.000000	0.000000	0.000000	-0.015754	0.000000	0.000000	0.000000	0.000000	0.000000	0.000000	0.000000	0.000000	0.000000	0.000000	0.000000	17.593857	0.000000	0.000000	0.000000
1764624648.588950634	0.000000	0.000000	0.074342	0.000000	0.000000	0.000000	0.000000	0.000000	-0.015754	0.000000	0.000000	0.000000	0.000000	0.000000	0.000000	0.000000	0.000000	0.000000	0.000000	0.000000	17.593857	0.000000	0.000000	0.000000
1764624648.606202841	0.000000	0.000000	0.013166	0.000000	0.000000	0.000000	0.000000	0.000000	-0.015754	0.000000	0.000000	0.000000	0.000000	0.000000	0.000000	0.000000	0.000000	0.000000	0.000000	0.000000	17.593857	0.000000	0.000000	0.000000
1764624648.608751059	0.000000	0.000000	0.120267	0.000000	0.000000	0.000000	0.000000	0.000000	-0.015754	0.000000	0.000000	0.000000	0.000000	0.000000	0.000000	0.000000	0.000000	0.000000	0.000000	0.000000	17.593857	0.000000	0.000000	0.000000
1764624648.618343592	0.000000	0.000000	0.050892	0.000000	0.000000	0.000000	0.000000	0.000000	-0.015754	0.000000	0.000000	0.000000	0.000000	0.000000	0.000000	0.000000	0.000000	0.000000	0.000000	0.000000	17.593857	0.000000	0.000000	0.000000
1764624648.627789497	0.000000	0.000000	0.070124	0.000000	0.000000	0.000000	0.000000	0.000000	-0.015754	0.000000	0.000000	0.000000	0.000000	0.000000	0.000000	0.000000	0.000000	0.000000	0.000000	0.000000	17.593857	0.000000	0.000000	0.000000
1764624648.637529850	0.000000	0.000000	0.029867	0.000000	0.000000	0.000000	0.000000	0.000000	-0.015754	0.000000	0.000000	0.000000	0.000000	0.000000	0.000000	0.000000	0.000000	0.000000	0.000000	0.000000	17.593857	0.000000	0.000000	0.000000
1764624648.647712946	0.000000	0.000000	0.024549	0.000000	0.000000	0.000000	0.000000	0.000000	-0.015754	0.000000	0.000000	0.000000	0.000000	0.000000	0.000000	0.000000	0.000000	0.000000	0.000000	0.000000	17.593857	0.000000	0.000000	0.000000
1764624648.657386541	0.000000	0.000000	0.093981	0.000000	0.000000	0.000000	0.000000	0.000000	-0.015754	0.000000	0.000000	0.000000	0.000000	0.000000	0.000000	0.000000	0.000000	0.000000	0.000000	0.000000	17.593857	0.000000	0.000000	0.000000
1764624648.668693542	0.000000	0.000000	0.090235	0.000000	0.000000	0.000000	0.000000	0.000000	-0.015754	0.000000	0.000000	0.000000	0.000000	0.000000	0.000000	0.000000	0.000000	0.000000	0.000000	0.000000	17.593857	0.000000	0.000000	0.000000
1764624648.678531408	0.000000	0.000000	0.019763	0.000000	0.000000	0.000000	0.000000	0.000000	-0.015754	0.000000	0.000000	0.000000	0.000000	0.000000	0.000000	0.000000	0.000000	0.000000	0.000000	0.000000	17.593857	0.000000	0.000000	0.000000
1764624648.698148012	0.000000	0.000000	0.102576	0.000000	0.000000	0.000000	0.000000	0.000000	-0.015754	0.000000	0.000000	0.000000	0.000000	0.000000	0.000000	0.000000	0.000000	0.000000	0.000000	0.000000	17.593857	0.000000	0.000000	0.000000
1764624648.705042362	0.000000	0.000000	-0.003565	0.000000	0.000000	0.000000	0.000000	0.000000	-0.015754	0.000000	0.000000	0.000000	0.000000	0.000000	0.000000	0.000000	0.000000	0.000000	0.000000	0.000000	17.593857	0.000000	0.000000	0.000000
1764624648.708063841	0.000000	0.000000	0.105532	0.000000	0.000000	0.000000	0.000000	0.000000	0.010857	0.000000	0.000000	0.000000	0.000000	0.000000	0.000000	0.000000	0.000000	0.000000	0.000000	0.000000	17.593857	0.000000	0.000000	0.000000
1764624648.731492043	0.000000	0.000000	0.040737	0.000000	0.000000	0.000000	0.000000	0.000000	0.010857	0.000000	0.000000	0.000000	0.000000	0.000000	0.000000	0.000000	0.000000	0.000000	0.000000	0.000000	17.593857	0.000000	0.000000	0.000000
1764624648.731500387	0.000000	0.000000	0.003408	0.000000	0.000000	0.000000	0.000000	0.000000	0.010857	0.000000	0.000000	0.000000	0.000000	0.000000	0.000000	0.000000	0.000000	0.000000	0.000000	0.000000	17.593857	0.000000	0.000000	0.000000
1764624648.737898827	0.000000	0.000000	0.134425	0.000000	0.000000	0.000000	0.000000	0.000000	0.010857	0.000000	0.000000	0.000000	0.000000	0.000000	0.000000	0.000000	0.000000	0.000000	0.000000	0.000000	17.593857	0.000000	0.000000	0.000000
1764624648.748671055	0.000000	0.000000	0.006464	0.000000	0.000000	0.000000	0.000000	0.000000	0.010857	0.000000	0.000000	0.000000	0.000000	0.000000	0.000000	0.000000	0.000000	0.000000	0.000000	0.000000	17.593857	0.000000	0.000000	0.000000
1764624648.757761717	0.000000	0.000000	0.026929	0.000000	0.000000	0.000000	0.000000	0.000000	0.010857	0.000000	0.000000	0.000000	0.000000	0.000000	0.000000	0.000000	0.000000	0.000000	0.000000	0.000000	17.593857	0.000000	0.000000	0.000000
1764624648.774616241	0.000000	0.000000	0.084638	0.000000	0.000000	0.000000	0.000000	0.000000	0.010857	0.000000	0.000000	0.000000	0.000000	0.000000	0.000000	0.000000	0.000000	0.000000	0.000000	0.000000	17.593857	0.000000	0.000000	0.000000
1764624648.778378725	0.000000	0.000000	0.068038	0.000000	0.000000	0.000000	0.000000	0.000000	0.010857	0.000000	0.000000	0.000000	0.000000	0.000000	0.000000	0.000000	0.000000	0.000000	0.000000	0.000000	17.593857	0.000000	0.000000	0.000000
1764624648.788407087	0.000000	0.000000	0.038358	0.000000	0.000000	0.000000	0.000000	0.000000	0.010857	0.000000	0.000000	0.000000	0.000000	0.000000	0.000000	0.000000	0.000000	0.000000	0.000000	0.000000	17.593857	0.000000	0.000000	0.000000
1764624648.812182426	0.000000	0.000000	0.126745	0.000000	0.000000	0.000000	0.000000	0.000000	0.010857	0.000000	0.000000	0.000000	0.000000	0.000000	0.000000	0.000000	0.000000	0.000000	0.000000	0.000000	17.593857	0.000000	0.000000	0.000000
1764624648.814112425	0.000000	0.000000	-0.028389	0.000000	0.000000	0.000000	0.000000	0.000000	0.010857	0.000000	0.000000	0.000000	0.000000	0.000000	0.000000	0.000000	0.000000	0.000000	0.000000	0.000000	17.593857	0.000000	0.000000	0.000000
1764624648.817890167	0.000000	0.000000	0.081083	0.000000	0.000000	0.000000	0.000000	0.000000	0.010857	0.000000	0.000000	0.000000	0.000000	0.000000	0.000000	0.000000	0.000000	0.000000	0.000000	0.000000	17.593857	0.000000	0.000000	0.000000
1764624648.828555346	0.000000	0.000000	0.050726	0.000000	0.000000	0.000000	0.000000	0.000000	0.010857	0.000000	0.000000	0.000000	0.000000	0.000000	0.000000	0.000000	0.000000	0.000000	0.000000	0.000000	17.593857	0.000000	0.000000	0.000000
1764624648.838289261	0.000000	0.000000	0.071757	0.000000	0.000000	0.000000	0.000000	0.000000	0.010857	0.000000	0.000000	0.000000	0.000000	0.000000	0.000000	0.000000	0.000000	0.000000	0.000000	0.000000	17.593857	0.000000	0.000000	0.000000
1764624648.861389160	0.000000	0.000000	0.046235	0.000000	0.000000	0.000000	0.000000	0.000000	0.010857	0.000000	0.000000	0.000000	0.000000	0.000000	0.000000	0.000000	0.000000	0.000000	0.000000	0.000000	17.593857	0.000000	0.000000	0.000000
1764624648.861408472	0.000000	0.000000	0.017192	0.000000	0.000000	0.000000	0.000000	0.000000	0.010857	0.000000	0.000000	0.000000	0.000000	0.000000	0.000000	0.000000	0.000000	0.000000	0.000000	0.000000	17.593857	0.000000	0.000000	0.000000
1764624648.867574215	0.000000	0.000000	0.018267	0.000000	0.000000	0.000000	0.000000	0.000000	0.010857	0.000000	0.000000	0.000000	0.000000	0.000000	0.000000	0.000000	0.000000	0.000000	0.000000	0.000000	17.593857	0.000000	0.000000	0.000000
1764624648.877584696	0.000000	0.000000	0.109441	0.000000	0.000000	0.000000	0.000000	0.000000	0.010857	0.000000	0.000000	0.000000	0.000000	0.000000	0.000000	0.000000	0.000000	0.000000	0.000000	0.000000	17.593857	0.000000	0.000000	0.000000
1764624648.896816254	0.000000	0.000000	0.027584	0.000000	0.000000	0.000000	0.000000	0.000000	0.010857	0.000000	0.000000	0.000000	0.000000	0.000000	0.000000	0.000000	0.000000	0.000000	0.000000	0.000000	17.593857	0.000000	0.000000	0.000000
1764624648.903803825	0.000000	0.000000	0.060815	0.000000	0.000000	0.000000	0.000000	0.000000	0.010857	0.000000	0.000000	0.000000	0.000000	0.000000	0.000000	0.000000	0.000000	0.000000	0.000000	0.000000	17.593857	0.000000	0.000000	0.000000
1764624648.908087969	0.000000	0.000000	0.057993	0.000000	0.000000	0.000000	0.000000	0.000000	0.010857	0.000000	0.000000	0.000000	0.000000	0.000000	0.000000	0.000000	0.000000	0.000000	0.000000	0.000000	17.593857	0.000000	0.000000	0.000000
1764624648.917742014	0.000000	0.000000	0.016467	0.000000	0.000000	0.000000	0.000000	0.000000	0.010857	0.000000	0.000000	0.000000	0.000000	0.000000	0.000000	0.000000	0.000000	0.000000	0.000000	0.000000	17.593857	0.000000	0.000000	0.000000
1764624648.937068939	0.000000	0.000000	0.064201	0.000000	0.000000	0.000000	0.000000	0.000000	0.010857	0.000000	0.000000	0.000000	0.000000	0.000000	0.000000	0.000000	0.000000	0.000000	0.000000	0.000000	17.593857	0.000000	0.000000	0.000000
1764624648.943854094	0.000000	0.000000	0.042490	0.000000	0.000000	0.000000	0.000000	0.000000	0.010857	0.000000	0.000000	0.000000	0.000000	0.000000	0.000000	0.000000	0.000000	0.000000	0.000000	0.000000	17.593857	0.000000	0.000000	0.000000
1764624648.947829247	0.000000	0.000000	0.039328	0.000000	0.000000	0.000000	0.000000	0.000000	0.010857	0.000000	0.000000	0.000000	0.000000	0.000000	0.000000	0.000000	0.000000	0.000000	0.000000	0.000000	17.593857	0.000000	0.000000	0.000000
1764624648.958683491	0.000000	0.000000	0.077994	0.000000	0.000000	0.000000	0.000000	0.000000	0.010857	0.000000	0.000000	0.000000	0.000000	0.000000	0.000000	0.000000	0.000000	0.000000	0.000000	0.000000	17.593857	0.000000	0.000000	0.000000
1764624648.973450422	0.000000	0.000000	0.040394	0.000000	0.000000	0.000000	0.000000	0.000000	0.033048	0.000000	0.000000	0.000000	0.000000	0.000000	0.000000	0.000000	0.000000	0.000000	0.000000	0.000000	17.593857	0.000000	0.000000	0.000000
1764624648.978156805	0.000000	0.000000	0.043454	0.000000	0.000000	0.000000	0.000000	0.000000	0.033048	0.000000	0.000000	0.000000	0.000000	0.000000	0.000000	0.000000	0.000000	0.000000	0.000000	0.000000	17.593857	0.000000	0.000000	0.000000
1764624648.990452528	0.000000	0.000000	0.069970	0.000000	0.000000	0.000000	0.000000	0.000000	0.033048	0.000000	0.000000	0.000000	0.000000	0.000000	0.000000	0.000000	0.000000	0.000000	0.000000	0.000000	17.593857	0.000000	0.000000	0.000000
1764624648.998486519	0.000000	0.000000	0.036152	0.000000	0.000000	0.000000	0.000000	0.000000	0.033048	0.000000	0.000000	0.000000	0.000000	0.000000	0.000000	0.000000	0.000000	0.000000	0.000000	0.000000	17.593857	0.000000	0.000000	0.000000
1764624649.021692753	0.000000	0.000000	0.037266	0.000000	0.000000	0.000000	0.000000	0.000000	0.033048	0.000000	0.000000	0.000000	0.000000	0.000000	0.000000	0.000000	0.000000	0.000000	0.000000	0.000000	17.593857	0.000000	0.000000	0.000000
1764624649.023156643	0.000000	0.000000	0.039300	0.000000	0.000000	0.000000	0.000000	0.000000	0.033048	0.000000	0.000000	0.000000	0.000000	0.000000	0.000000	0.000000	0.000000	0.000000	0.000000	0.000000	17.593857	0.000000	0.000000	0.000000
1764624649.028169632	0.000000	0.000000	0.026816	0.000000	0.000000	0.000000	0.000000	0.000000	0.033048	0.000000	0.000000	0.000000	0.000000	0.000000	0.000000	0.000000	0.000000	0.000000	0.000000	0.000000	17.593857	0.000000	0.000000	0.000000
1764624649.037137985	0.000000	0.000000	0.080427	0.000000	0.000000	0.000000	0.000000	0.000000	0.033048	0.000000	0.000000	0.000000	0.000000	0.000000	0.000000	0.000000	0.000000	0.000000	0.000000	0.000000	17.593857	0.000000	0.000000	0.000000
1764624649.050954819	0.000000	0.000000	0.007263	0.000000	0.000000	0.000000	0.000000	0.000000	0.033048	0.000000	0.000000	0.000000	0.000000	0.000000	0.000000	0.000000	0.000000	0.000000	0.000000	0.000000	17.593857	0.000000	0.000000	0.000000
1764624649.059421778	0.000000	0.000000	0.061049	0.000000	0.000000	0.000000	0.000000	0.000000	0.033048	0.000000	0.000000	0.000000	0.000000	0.000000	0.000000	0.000000	0.000000	0.000000	0.000000	0.000000	17.593857	0.000000	0.000000	0.000000
1764624649.069440365	0.000000	0.000000	0.073138	0.000000	0.000000	0.000000	0.000000	0.000000	0.033048	0.000000	0.000000	0.000000	0.000000	0.000000	0.000000	0.000000	0.000000	0.000000	0.000000	0.000000	17.593857	0.000000	0.000000	0.000000
1764624649.088364840	0.000000	0.000000	0.056248	0.000000	0.000000	0.000000	0.000000	0.000000	0.033048	0.000000	0.000000	0.000000	0.000000	0.000000	0.000000	0.000000	0.000000	0.000000	0.000000	0.000000	17.593857	0.000000	0.000000	0.000000
1764624649.095194817	0.000000	0.000000	0.011999	0.000000	0.000000	0.000000	0.000000	0.000000	0.033048	0.000000	0.000000	0.000000	0.000000	0.000000	0.000000	0.000000	0.000000	0.000000	0.000000	0.000000	17.593857	0.000000	0.000000	0.000000
1764624649.098321915	0.000000	0.000000	0.051058	0.000000	0.000000	0.000000	0.000000	0.000000	0.033048	0.000000	0.000000	0.000000	0.000000	0.000000	0.000000	0.000000	0.000000	0.000000	0.000000	0.000000	17.593857	0.000000	0.000000	0.000000
1764624649.108817339	0.000000	0.000000	0.042806	0.000000	0.000000	0.000000	0.000000	0.000000	0.033048	0.000000	0.000000	0.000000	0.000000	0.000000	0.000000	0.000000	0.000000	0.000000	0.000000	0.000000	17.593857	0.000000	0.000000	0.000000
1764624649.122035503	0.000000	0.000000	0.063788	0.000000	0.000000	0.000000	0.000000	0.000000	0.033048	0.000000	0.000000	0.000000	0.000000	0.000000	0.000000	0.000000	0.000000	0.000000	0.000000	0.000000	17.593857	0.000000	0.000000	0.000000
1764624649.127680540	0.000000	0.000000	0.055877	0.000000	0.000000	0.000000	0.000000	0.000000	0.033048	0.000000	0.000000	0.000000	0.000000	0.000000	0.000000	0.000000	0.000000	0.000000	0.000000	0.000000	17.593857	0.000000	0.000000	0.000000
1764624649.145545006	0.000000	0.000000	0.017527	0.000000	0.000000	0.000000	0.000000	0.000000	0.033048	0.000000	0.000000	0.000000	0.000000	0.000000	0.000000	0.000000	0.000000	0.000000	0.000000	0.000000	17.593857	0.000000	0.000000	0.000000
1764624649.148700953	0.000000	0.000000	0.044471	0.000000	0.000000	0.000000	0.000000	0.000000	0.033048	0.000000	0.000000	0.000000	0.000000	0.000000	0.000000	0.000000	0.000000	0.000000	0.000000	0.000000	17.593857	0.000000	0.000000	0.000000
1764624649.158922911	0.000000	0.000000	0.030249	0.000000	0.000000	0.000000	0.000000	0.000000	0.033048	0.000000	0.000000	0.000000	0.000000	0.000000	0.000000	0.000000	0.000000	0.000000	0.000000	0.000000	17.593857	0.000000	0.000000	0.000000
1764624649.177797794	0.000000	0.000000	0.058331	0.000000	0.000000	0.000000	0.000000	0.000000	0.033048	0.000000	0.000000	0.000000	0.000000	0.000000	0.000000	0.000000	0.000000	0.000000	0.000000	0.000000	17.593857	0.000000	0.000000	0.000000
1764624649.177810431	0.000000	0.000000	0.063104	0.000000	0.000000	0.000000	0.000000	0.000000	0.033048	0.000000	0.000000	0.000000	0.000000	0.000000	0.000000	0.000000	0.000000	0.000000	0.000000	0.000000	17.593857	0.000000	0.000000	0.000000
1764624649.188610077	0.000000	0.000000	0.034516	0.000000	0.000000	0.000000	0.000000	0.000000	0.033048	0.000000	0.000000	0.000000	0.000000	0.000000	0.000000	0.000000	0.000000	0.000000	0.000000	0.000000	17.593857	0.000000	0.000000	0.000000
1764624649.197979212	0.000000	0.000000	-0.002828	0.000000	0.000000	0.000000	0.000000	0.000000	0.033048	0.000000	0.000000	0.000000	0.000000	0.000000	0.000000	0.000000	0.000000	0.000000	0.000000	0.000000	17.593857	0.000000	0.000000	0.000000
1764624649.209335566	0.000000	0.000000	0.053467	0.000000	0.000000	0.000000	0.000000	0.000000	0.033048	0.000000	0.000000	0.000000	0.000000	0.000000	0.000000	0.000000	0.000000	0.000000	0.000000	0.000000	17.593857	0.000000	0.000000	0.000000
1764624649.229899168	0.000000	0.000000	0.027535	0.000000	0.000000	0.000000	0.000000	0.000000	0.054989	0.000000	0.000000	0.000000	0.000000	0.000000	0.000000	0.000000	0.000000	0.000000	0.000000	0.000000	17.593857	0.000000	0.000000	0.000000
1764624649.229912996	0.000000	0.000000	0.073174	0.000000	0.000000	0.000000	0.000000	0.000000	0.054989	0.000000	0.000000	0.000000	0.000000	0.000000	0.000000	0.000000	0.000000	0.000000	0.000000	0.000000	17.593857	0.000000	0.000000	0.000000
1764624649.237839699	0.000000	0.000000	0.011006	0.000000	0.000000	0.000000	0.000000	0.000000	0.054989	0.000000	0.000000	0.000000	0.000000	0.000000	0.000000	0.000000	0.000000	0.000000	0.000000	0.000000	17.593857	0.000000	0.000000	0.000000
1764624649.253716230	0.000000	0.000000	0.069376	0.000000	0.000000	0.000000	0.000000	0.000000	0.054989	0.000000	0.000000	0.000000	0.000000	0.000000	0.000000	0.000000	0.000000	0.000000	0.000000	0.000000	17.593857	0.000000	0.000000	0.000000
1764624649.258768082	0.000000	0.000000	0.015480	0.000000	0.000000	0.000000	0.000000	0.000000	0.054989	0.000000	0.000000	0.000000	0.000000	0.000000	0.000000	0.000000	0.000000	0.000000	0.000000	0.000000	17.593857	0.000000	0.000000	0.000000
1764624649.268812418	0.000000	0.000000	0.034117	0.000000	0.000000	0.000000	0.000000	0.000000	0.054989	0.000000	0.000000	0.000000	0.000000	0.000000	0.000000	0.000000	0.000000	0.000000	0.000000	0.000000	17.593857	0.000000	0.000000	0.000000
1764624649.279834032	0.000000	0.000000	0.036134	0.000000	0.000000	0.000000	0.000000	0.000000	0.054989	0.000000	0.000000	0.000000	0.000000	0.000000	0.000000	0.000000	0.000000	0.000000	0.000000	0.000000	17.593857	0.000000	0.000000	0.000000
1764624649.301882744	0.000000	0.000000	0.059766	0.000000	0.000000	0.000000	0.000000	0.000000	0.054989	0.000000	0.000000	0.000000	0.000000	0.000000	0.000000	0.000000	0.000000	0.000000	0.000000	0.000000	17.593857	0.000000	0.000000	0.000000
1764624649.301893950	0.000000	0.000000	0.032444	0.000000	0.000000	0.000000	0.000000	0.000000	0.054989	0.000000	0.000000	0.000000	0.000000	0.000000	0.000000	0.000000	0.000000	0.000000	0.000000	0.000000	17.593857	0.000000	0.000000	0.000000
1764624649.309139013	0.000000	0.000000	0.057932	0.000000	0.000000	0.000000	0.000000	0.000000	0.054989	0.000000	0.000000	0.000000	0.000000	0.000000	0.000000	0.000000	0.000000	0.000000	0.000000	0.000000	17.593857	0.000000	0.000000	0.000000
1764624649.319924355	0.000000	0.000000	0.040345	0.000000	0.000000	0.000000	0.000000	0.000000	0.054989	0.000000	0.000000	0.000000	0.000000	0.000000	0.000000	0.000000	0.000000	0.000000	0.000000	0.000000	17.593857	0.000000	0.000000	0.000000
1764624649.330954552	0.000000	0.000000	0.006161	0.000000	0.000000	0.000000	0.000000	0.000000	0.054989	0.000000	0.000000	0.000000	0.000000	0.000000	0.000000	0.000000	0.000000	0.000000	0.000000	0.000000	17.593857	0.000000	0.000000	0.000000
1764624649.348654032	0.000000	0.000000	0.042501	0.000000	0.000000	0.000000	0.000000	0.000000	0.054989	0.000000	0.000000	0.000000	0.000000	0.000000	0.000000	0.000000	0.000000	0.000000	0.000000	0.000000	17.593857	0.000000	0.000000	0.000000
1764624649.348668814	0.000000	0.000000	0.033090	0.000000	0.000000	0.000000	0.000000	0.000000	0.054989	0.000000	0.000000	0.000000	0.000000	0.000000	0.000000	0.000000	0.000000	0.000000	0.000000	0.000000	17.593857	0.000000	0.000000	0.000000
1764624649.358037472	0.000000	0.000000	0.029339	0.000000	0.000000	0.000000	0.000000	0.000000	0.054989	0.000000	0.000000	0.000000	0.000000	0.000000	0.000000	0.000000	0.000000	0.000000	0.000000	0.000000	17.593857	0.000000	0.000000	0.000000
1764624649.378946781	0.000000	0.000000	0.039659	0.000000	0.000000	0.000000	0.000000	0.000000	0.054989	0.000000	0.000000	0.000000	0.000000	0.000000	0.000000	0.000000	0.000000	0.000000	0.000000	0.000000	17.593857	0.000000	0.000000	0.000000
1764624649.387636185	0.000000	0.000000	0.021728	0.000000	0.000000	0.000000	0.000000	0.000000	0.054989	0.000000	0.000000	0.000000	0.000000	0.000000	0.000000	0.000000	0.000000	0.000000	0.000000	0.000000	17.593857	0.000000	0.000000	0.000000
1764624649.387644529	0.000000	0.000000	0.064608	0.000000	0.000000	0.000000	0.000000	0.000000	0.054989	0.000000	0.000000	0.000000	0.000000	0.000000	0.000000	0.000000	0.000000	0.000000	0.000000	0.000000	17.593857	0.000000	0.000000	0.000000
1764624649.398944855	0.000000	0.000000	0.016509	0.000000	0.000000	0.000000	0.000000	0.000000	0.054989	0.000000	0.000000	0.000000	0.000000	0.000000	0.000000	0.000000	0.000000	0.000000	0.000000	0.000000	17.593857	0.000000	0.000000	0.000000
1764624649.419435263	0.000000	0.000000	0.066702	0.000000	0.000000	0.000000	0.000000	0.000000	0.054989	0.000000	0.000000	0.000000	0.000000	0.000000	0.000000	0.000000	0.000000	0.000000	0.000000	0.000000	17.593857	0.000000	0.000000	0.000000
1764624649.419450760	0.000000	0.000000	0.068664	0.000000	0.000000	0.000000	0.000000	0.000000	0.054989	0.000000	0.000000	0.000000	0.000000	0.000000	0.000000	0.000000	0.000000	0.000000	0.000000	0.000000	17.593857	0.000000	0.000000	0.000000
1764624649.427983284	0.000000	0.000000	0.030037	0.000000	0.000000	0.000000	0.000000	0.000000	0.054989	0.000000	0.000000	0.000000	0.000000	0.000000	0.000000	0.000000	0.000000	0.000000	0.000000	0.000000	17.593857	0.000000	0.000000	0.000000
1764624649.438558102	0.000000	0.000000	0.007851	0.000000	0.000000	0.000000	0.000000	0.000000	0.054989	0.000000	0.000000	0.000000	0.000000	0.000000	0.000000	0.000000	0.000000	0.000000	0.000000	0.000000	17.593857	0.000000	0.000000	0.000000
1764624649.448312998	0.000000	0.000000	0.059427	0.000000	0.000000	0.000000	0.000000	0.000000	0.054989	0.000000	0.000000	0.000000	0.000000	0.000000	0.000000	0.000000	0.000000	0.000000	0.000000	0.000000	17.593857	0.000000	0.000000	0.000000
1764624649.468724251	0.000000	0.000000	0.007245	0.000000	0.000000	0.000000	0.000000	0.000000	0.073853	0.000000	0.000000	0.000000	0.000000	0.000000	0.000000	0.000000	0.000000	0.000000	0.000000	0.000000	17.593857	0.000000	0.000000	0.000000
1764624649.469907045	0.000000	0.000000	0.043140	0.000000	0.000000	0.000000	0.000000	0.000000	0.073853	0.000000	0.000000	0.000000	0.000000	0.000000	0.000000	0.000000	0.000000	0.000000	0.000000	0.000000	17.593857	0.000000	0.000000	0.000000
1764624649.478384495	0.000000	0.000000	0.053220	0.000000	0.000000	0.000000	0.000000	0.000000	0.073853	0.000000	0.000000	0.000000	0.000000	0.000000	0.000000	0.000000	0.000000	0.000000	0.000000	0.000000	17.593857	0.000000	0.000000	0.000000
1764624649.496661425	0.000000	0.000000	0.039778	0.000000	0.000000	0.000000	0.000000	0.000000	0.073853	0.000000	0.000000	0.000000	0.000000	0.000000	0.000000	0.000000	0.000000	0.000000	0.000000	0.000000	17.593857	0.000000	0.000000	0.000000
1764624649.499370575	0.000000	0.000000	0.060866	0.000000	0.000000	0.000000	0.000000	0.000000	0.073853	0.000000	0.000000	0.000000	0.000000	0.000000	0.000000	0.000000	0.000000	0.000000	0.000000	0.000000	17.593857	0.000000	0.000000	0.000000
1764624649.508975267	0.000000	0.000000	-0.010065	0.000000	0.000000	0.000000	0.000000	0.000000	0.073853	0.000000	0.000000	0.000000	0.000000	0.000000	0.000000	0.000000	0.000000	0.000000	0.000000	0.000000	17.593857	0.000000	0.000000	0.000000
1764624649.518439770	0.000000	0.000000	0.008234	0.000000	0.000000	0.000000	0.000000	0.000000	0.073853	0.000000	0.000000	0.000000	0.000000	0.000000	0.000000	0.000000	0.000000	0.000000	0.000000	0.000000	17.593857	0.000000	0.000000	0.000000
1764624649.529271364	0.000000	0.000000	0.063274	0.000000	0.000000	0.000000	0.000000	0.000000	0.073853	0.000000	0.000000	0.000000	0.000000	0.000000	0.000000	0.000000	0.000000	0.000000	0.000000	0.000000	17.593857	0.000000	0.000000	0.000000
1764624649.542877913	0.000000	0.000000	0.064608	0.000000	0.000000	0.000000	0.000000	0.000000	0.073853	0.000000	0.000000	0.000000	0.000000	0.000000	0.000000	0.000000	0.000000	0.000000	0.000000	0.000000	17.593857	0.000000	0.000000	0.000000
1764624649.549520016	0.000000	0.000000	-0.010777	0.000000	0.000000	0.000000	0.000000	0.000000	0.073853	0.000000	0.000000	0.000000	0.000000	0.000000	0.000000	0.000000	0.000000	0.000000	0.000000	0.000000	17.593857	0.000000	0.000000	0.000000
1764624649.558508396	0.000000	0.000000	0.060912	0.000000	0.000000	0.000000	0.000000	0.000000	0.073853	0.000000	0.000000	0.000000	0.000000	0.000000	0.000000	0.000000	0.000000	0.000000	0.000000	0.000000	17.593857	0.000000	0.000000	0.000000
1764624649.575119972	0.000000	0.000000	0.001355	0.000000	0.000000	0.000000	0.000000	0.000000	0.073853	0.000000	0.000000	0.000000	0.000000	0.000000	0.000000	0.000000	0.000000	0.000000	0.000000	0.000000	17.593857	0.000000	0.000000	0.000000
1764624649.579932451	0.000000	0.000000	0.084346	0.000000	0.000000	0.000000	0.000000	0.000000	0.073853	0.000000	0.000000	0.000000	0.000000	0.000000	0.000000	0.000000	0.000000	0.000000	0.000000	0.000000	17.593857	0.000000	0.000000	0.000000
1764624649.588452101	0.000000	0.000000	-0.015183	0.000000	0.000000	0.000000	0.000000	0.000000	0.073853	0.000000	0.000000	0.000000	0.000000	0.000000	0.000000	0.000000	0.000000	0.000000	0.000000	0.000000	17.593857	0.000000	0.000000	0.000000
1764624649.598833561	0.000000	0.000000	0.054266	0.000000	0.000000	0.000000	0.000000	0.000000	0.073853	0.000000	0.000000	0.000000	0.000000	0.000000	0.000000	0.000000	0.000000	0.000000	0.000000	0.000000	17.593857	0.000000	0.000000	0.000000
1764624649.609100342	0.000000	0.000000	0.057675	0.000000	0.000000	0.000000	0.000000	0.000000	0.073853	0.000000	0.000000	0.000000	0.000000	0.000000	0.000000	0.000000	0.000000	0.000000	0.000000	0.000000	17.593857	0.000000	0.000000	0.000000
1764624649.629091501	0.000000	0.000000	0.025216	0.000000	0.000000	0.000000	0.000000	0.000000	0.073853	0.000000	0.000000	0.000000	0.000000	0.000000	0.000000	0.000000	0.000000	0.000000	0.000000	0.000000	17.593857	0.000000	0.000000	0.000000
1764624649.630606413	0.000000	0.000000	0.024237	0.000000	0.000000	0.000000	0.000000	0.000000	0.073853	0.000000	0.000000	0.000000	0.000000	0.000000	0.000000	0.000000	0.000000	0.000000	0.000000	0.000000	17.593857	0.000000	0.000000	0.000000
1764624649.637931347	0.000000	0.000000	0.056087	0.000000	0.000000	0.000000	0.000000	0.000000	0.073853	0.000000	0.000000	0.000000	0.000000	0.000000	0.000000	0.000000	0.000000	0.000000	0.000000	0.000000	17.593857	0.000000	0.000000	0.000000
1764624649.652505636	0.000000	0.000000	0.008274	0.000000	0.000000	0.000000	0.000000	0.000000	0.073853	0.000000	0.000000	0.000000	0.000000	0.000000	0.000000	0.000000	0.000000	0.000000	0.000000	0.000000	17.593857	0.000000	0.000000	0.000000
1764624649.658072948	0.000000	0.000000	0.089934	0.000000	0.000000	0.000000	0.000000	0.000000	0.073853	0.000000	0.000000	0.000000	0.000000	0.000000	0.000000	0.000000	0.000000	0.000000	0.000000	0.000000	17.593857	0.000000	0.000000	0.000000
1764624649.668485880	0.000000	0.000000	0.015920	0.000000	0.000000	0.000000	0.000000	0.000000	0.073853	0.000000	0.000000	0.000000	0.000000	0.000000	0.000000	0.000000	0.000000	0.000000	0.000000	0.000000	17.593857	0.000000	0.000000	0.000000
1764624649.678399086	0.000000	0.000000	0.065340	0.000000	0.000000	0.000000	0.000000	0.000000	0.073853	0.000000	0.000000	0.000000	0.000000	0.000000	0.000000	0.000000	0.000000	0.000000	0.000000	0.000000	17.593857	0.000000	0.000000	0.000000
1764624649.700245142	0.000000	0.000000	0.036643	0.000000	0.000000	0.000000	0.000000	0.000000	0.073853	0.000000	0.000000	0.000000	0.000000	0.000000	0.000000	0.000000	0.000000	0.000000	0.000000	0.000000	17.593857	0.000000	0.000000	0.000000
1764624649.700277805	0.000000	0.000000	0.040147	0.000000	0.000000	0.000000	0.000000	0.000000	0.073853	0.000000	0.000000	0.000000	0.000000	0.000000	0.000000	0.000000	0.000000	0.000000	0.000000	0.000000	17.593857	0.000000	0.000000	0.000000
1764624649.708694696	0.000000	0.000000	0.041072	0.000000	0.000000	0.000000	0.000000	0.000000	0.091233	0.000000	0.000000	0.000000	0.000000	0.000000	0.000000	0.000000	0.000000	0.000000	0.000000	0.000000	17.593857	0.000000	0.000000	0.000000
1764624649.728000641	0.000000	0.000000	0.030480	0.000000	0.000000	0.000000	0.000000	0.000000	0.091233	0.000000	0.000000	0.000000	0.000000	0.000000	0.000000	0.000000	0.000000	0.000000	0.000000	0.000000	17.593857	0.000000	0.000000	0.000000
1764624649.733963728	0.000000	0.000000	0.070201	0.000000	0.000000	0.000000	0.000000	0.000000	0.091233	0.000000	0.000000	0.000000	0.000000	0.000000	0.000000	0.000000	0.000000	0.000000	0.000000	0.000000	17.593857	0.000000	0.000000	0.000000
1764624649.737756491	0.000000	0.000000	0.065369	0.000000	0.000000	0.000000	0.000000	0.000000	0.091233	0.000000	0.000000	0.000000	0.000000	0.000000	0.000000	0.000000	0.000000	0.000000	0.000000	0.000000	17.593857	0.000000	0.000000	0.000000
1764624649.748861790	0.000000	0.000000	-0.015156	0.000000	0.000000	0.000000	0.000000	0.000000	0.091233	0.000000	0.000000	0.000000	0.000000	0.000000	0.000000	0.000000	0.000000	0.000000	0.000000	0.000000	17.593857	0.000000	0.000000	0.000000
1764624649.758659840	0.000000	0.000000	0.039049	0.000000	0.000000	0.000000	0.000000	0.000000	0.091233	0.000000	0.000000	0.000000	0.000000	0.000000	0.000000	0.000000	0.000000	0.000000	0.000000	0.000000	17.593857	0.000000	0.000000	0.000000
1764624649.778807878	0.000000	0.000000	0.037458	0.000000	0.000000	0.000000	0.000000	0.000000	0.091233	0.000000	0.000000	0.000000	0.000000	0.000000	0.000000	0.000000	0.000000	0.000000	0.000000	0.000000	17.593857	0.000000	0.000000	0.000000
1764624649.778818607	0.000000	0.000000	0.013882	0.000000	0.000000	0.000000	0.000000	0.000000	0.091233	0.000000	0.000000	0.000000	0.000000	0.000000	0.000000	0.000000	0.000000	0.000000	0.000000	0.000000	17.593857	0.000000	0.000000	0.000000
1764624649.788657188	0.000000	0.000000	0.044646	0.000000	0.000000	0.000000	0.000000	0.000000	0.091233	0.000000	0.000000	0.000000	0.000000	0.000000	0.000000	0.000000	0.000000	0.000000	0.000000	0.000000	17.593857	0.000000	0.000000	0.000000
1764624649.798580885	0.000000	0.000000	0.017646	0.000000	0.000000	0.000000	0.000000	0.000000	0.091233	0.000000	0.000000	0.000000	0.000000	0.000000	0.000000	0.000000	0.000000	0.000000	0.000000	0.000000	17.593857	0.000000	0.000000	0.000000
1764624649.808545589	0.000000	0.000000	0.046046	0.000000	0.000000	0.000000	0.000000	0.000000	0.091233	0.000000	0.000000	0.000000	0.000000	0.000000	0.000000	0.000000	0.000000	0.000000	0.000000	0.000000	17.593857	0.000000	0.000000	0.000000
1764624649.824203968	0.000000	0.000000	0.049852	0.000000	0.000000	0.000000	0.000000	0.000000	0.091233	0.000000	0.000000	0.000000	0.000000	0.000000	0.000000	0.000000	0.000000	0.000000	0.000000	0.000000	17.593857	0.000000	0.000000	0.000000
1764624649.830066442	0.000000	0.000000	0.075462	0.000000	0.000000	0.000000	0.000000	0.000000	0.091233	0.000000	0.000000	0.000000	0.000000	0.000000	0.000000	0.000000	0.000000	0.000000	0.000000	0.000000	17.593857	0.000000	0.000000	0.000000
1764624649.837804794	0.000000	0.000000	-0.015814	0.000000	0.000000	0.000000	0.000000	0.000000	0.091233	0.000000	0.000000	0.000000	0.000000	0.000000	0.000000	0.000000	0.000000	0.000000	0.000000	0.000000	17.593857	0.000000	0.000000	0.000000
1764624649.854851723	0.000000	0.000000	-0.003001	0.000000	0.000000	0.000000	0.000000	0.000000	0.091233	0.000000	0.000000	0.000000	0.000000	0.000000	0.000000	0.000000	0.000000	0.000000	0.000000	0.000000	17.593857	0.000000	0.000000	0.000000
1764624649.858048439	0.000000	0.000000	0.069208	0.000000	0.000000	0.000000	0.000000	0.000000	0.091233	0.000000	0.000000	0.000000	0.000000	0.000000	0.000000	0.000000	0.000000	0.000000	0.000000	0.000000	17.593857	0.000000	0.000000	0.000000
1764624649.868465185	0.000000	0.000000	0.014897	0.000000	0.000000	0.000000	0.000000	0.000000	0.091233	0.000000	0.000000	0.000000	0.000000	0.000000	0.000000	0.000000	0.000000	0.000000	0.000000	0.000000	17.593857	0.000000	0.000000	0.000000
1764624649.878364801	0.000000	0.000000	0.075528	0.000000	0.000000	0.000000	0.000000	0.000000	0.091233	0.000000	0.000000	0.000000	0.000000	0.000000	0.000000	0.000000	0.000000	0.000000	0.000000	0.000000	17.593857	0.000000	0.000000	0.000000
1764624649.889286518	0.000000	0.000000	0.029666	0.000000	0.000000	0.000000	0.000000	0.000000	0.091233	0.000000	0.000000	0.000000	0.000000	0.000000	0.000000	0.000000	0.000000	0.000000	0.000000	0.000000	17.593857	0.000000	0.000000	0.000000
1764624649.910936594	0.000000	0.000000	0.036374	0.000000	0.000000	0.000000	0.000000	0.000000	0.091233	0.000000	0.000000	0.000000	0.000000	0.000000	0.000000	0.000000	0.000000	0.000000	0.000000	0.000000	17.593857	0.000000	0.000000	0.000000
1764624649.912422657	0.000000	0.000000	0.040867	0.000000	0.000000	0.000000	0.000000	0.000000	0.091233	0.000000	0.000000	0.000000	0.000000	0.000000	0.000000	0.000000	0.000000	0.000000	0.000000	0.000000	17.593857	0.000000	0.000000	0.000000
1764624649.918214560	0.000000	0.000000	0.020133	0.000000	0.000000	0.000000	0.000000	0.000000	0.091233	0.000000	0.000000	0.000000	0.000000	0.000000	0.000000	0.000000	0.000000	0.000000	0.000000	0.000000	17.593857	0.000000	0.000000	0.000000
1764624649.930046320	0.000000	0.000000	0.033231	0.000000	0.000000	0.000000	0.000000	0.000000	0.091233	0.000000	0.000000	0.000000	0.000000	0.000000	0.000000	0.000000	0.000000	0.000000	0.000000	0.000000	17.593857	0.000000	0.000000	0.000000
1764624649.944436073	0.000000	0.000000	0.045341	0.000000	0.000000	0.000000	0.000000	0.000000	0.091233	0.000000	0.000000	0.000000	0.000000	0.000000	0.000000	0.000000	0.000000	0.000000	0.000000	0.000000	17.593857	0.000000	0.000000	0.000000
1764624649.948513508	0.000000	0.000000	0.000408	0.000000	0.000000	0.000000	0.000000	0.000000	0.091233	0.000000	0.000000	0.000000	0.000000	0.000000	0.000000	0.000000	0.000000	0.000000	0.000000	0.000000	17.593857	0.000000	0.000000	0.000000
1764624649.958979368	0.000000	0.000000	0.050606	0.000000	0.000000	0.000000	0.000000	0.000000	0.105958	0.000000	0.000000	0.000000	0.000000	0.000000	0.000000	0.000000	0.000000	0.000000	0.000000	0.000000	17.593857	0.000000	0.000000	0.000000
1764624649.977104902	0.000000	0.000000	0.014825	0.000000	0.000000	0.000000	0.000000	0.000000	0.105958	0.000000	0.000000	0.000000	0.000000	0.000000	0.000000	0.000000	0.000000	0.000000	0.000000	0.000000	17.593857	0.000000	0.000000	0.000000
1764624649.978561878	0.000000	0.000000	0.068898	0.000000	0.000000	0.000000	0.000000	0.000000	0.105958	0.000000	0.000000	0.000000	0.000000	0.000000	0.000000	0.000000	0.000000	0.000000	0.000000	0.000000	17.593857	0.000000	0.000000	0.000000
1764624649.988851070	0.000000	0.000000	0.047386	0.000000	0.000000	0.000000	0.000000	0.000000	0.105958	0.000000	0.000000	0.000000	0.000000	0.000000	0.000000	0.000000	0.000000	0.000000	0.000000	0.000000	17.593857	0.000000	0.000000	0.000000
1764624649.998826504	0.000000	0.000000	-0.004100	0.000000	0.000000	0.000000	0.000000	0.000000	0.105958	0.000000	0.000000	0.000000	0.000000	0.000000	0.000000	0.000000	0.000000	0.000000	0.000000	0.000000	17.593857	0.000000	0.000000	0.000000
1764624650.009742022	0.000000	0.000000	0.069574	0.000000	0.000000	0.000000	0.000000	0.000000	0.105958	0.000000	0.000000	0.000000	0.000000	0.000000	0.000000	0.000000	0.000000	0.000000	0.000000	0.000000	17.593857	0.000000	0.000000	0.000000
1764624650.025309801	0.000000	0.000000	0.020845	0.000000	0.000000	0.000000	0.000000	0.000000	0.105958	0.000000	0.000000	0.000000	0.000000	0.000000	0.000000	0.000000	0.000000	0.000000	0.000000	0.000000	17.593857	0.000000	0.000000	0.000000
1764624650.028922081	0.000000	0.000000	0.024266	0.000000	0.000000	0.000000	0.000000	0.000000	0.105958	0.000000	0.000000	0.000000	0.000000	0.000000	0.000000	0.000000	0.000000	0.000000	0.000000	0.000000	17.593857	0.000000	0.000000	0.000000
1764624650.038110256	0.000000	0.000000	0.039537	0.000000	0.000000	0.000000	0.000000	0.000000	0.105958	0.000000	0.000000	0.000000	0.000000	0.000000	0.000000	0.000000	0.000000	0.000000	0.000000	0.000000	17.593857	0.000000	0.000000	0.000000
1764624650.055805445	0.000000	0.000000	0.050832	0.000000	0.000000	0.000000	0.000000	0.000000	0.105958	0.000000	0.000000	0.000000	0.000000	0.000000	0.000000	0.000000	0.000000	0.000000	0.000000	0.000000	17.593857	0.000000	0.000000	0.000000
1764624650.058456182	0.000000	0.000000	0.012869	0.000000	0.000000	0.000000	0.000000	0.000000	0.105958	0.000000	0.000000	0.000000	0.000000	0.000000	0.000000	0.000000	0.000000	0.000000	0.000000	0.000000	17.593857	0.000000	0.000000	0.000000
1764624650.067591906	0.000000	0.000000	0.044003	0.000000	0.000000	0.000000	0.000000	0.000000	0.105958	0.000000	0.000000	0.000000	0.000000	0.000000	0.000000	0.000000	0.000000	0.000000	0.000000	0.000000	17.593857	0.000000	0.000000	0.000000
1764624650.078195572	0.000000	0.000000	0.029759	0.000000	0.000000	0.000000	0.000000	0.000000	0.105958	0.000000	0.000000	0.000000	0.000000	0.000000	0.000000	0.000000	0.000000	0.000000	0.000000	0.000000	17.593857	0.000000	0.000000	0.000000
1764624650.088582993	0.000000	0.000000	0.023797	0.000000	0.000000	0.000000	0.000000	0.000000	0.105958	0.000000	0.000000	0.000000	0.000000	0.000000	0.000000	0.000000	0.000000	0.000000	0.000000	0.000000	17.593857	0.000000	0.000000	0.000000
1764624650.112449884	0.000000	0.000000	0.052373	0.000000	0.000000	0.000000	0.000000	0.000000	0.105958	0.000000	0.000000	0.000000	0.000000	0.000000	0.000000	0.000000	0.000000	0.000000	0.000000	0.000000	17.593857	0.000000	0.000000	0.000000
1764624650.112457991	0.000000	0.000000	0.030852	0.000000	0.000000	0.000000	0.000000	0.000000	0.105958	0.000000	0.000000	0.000000	0.000000	0.000000	0.000000	0.000000	0.000000	0.000000	0.000000	0.000000	17.593857	0.000000	0.000000	0.000000
1764624650.121592522	0.000000	0.000000	0.034606	0.000000	0.000000	0.000000	0.000000	0.000000	0.105958	0.000000	0.000000	0.000000	0.000000	0.000000	0.000000	0.000000	0.000000	0.000000	0.000000	0.000000	17.593857	0.000000	0.000000	0.000000
1764624650.134146929	0.000000	0.000000	0.016939	0.000000	0.000000	0.000000	0.000000	0.000000	0.105958	0.000000	0.000000	0.000000	0.000000	0.000000	0.000000	0.000000	0.000000	0.000000	0.000000	0.000000	17.593857	0.000000	0.000000	0.000000
1764624650.137512922	0.000000	0.000000	0.023213	0.000000	0.000000	0.000000	0.000000	0.000000	0.105958	0.000000	0.000000	0.000000	0.000000	0.000000	0.000000	0.000000	0.000000	0.000000	0.000000	0.000000	17.593857	0.000000	0.000000	0.000000
1764624650.148333073	0.000000	0.000000	0.034612	0.000000	0.000000	0.000000	0.000000	0.000000	0.105958	0.000000	0.000000	0.000000	0.000000	0.000000	0.000000	0.000000	0.000000	0.000000	0.000000	0.000000	17.593857	0.000000	0.000000	0.000000
1764624650.158260822	0.000000	0.000000	0.034649	0.000000	0.000000	0.000000	0.000000	0.000000	0.105958	0.000000	0.000000	0.000000	0.000000	0.000000	0.000000	0.000000	0.000000	0.000000	0.000000	0.000000	17.593857	0.000000	0.000000	0.000000
1764624650.171272755	0.000000	0.000000	0.030832	0.000000	0.000000	0.000000	0.000000	0.000000	0.105958	0.000000	0.000000	0.000000	0.000000	0.000000	0.000000	0.000000	0.000000	0.000000	0.000000	0.000000	17.593857	0.000000	0.000000	0.000000
1764624650.178435802	0.000000	0.000000	0.037705	0.000000	0.000000	0.000000	0.000000	0.000000	0.105958	0.000000	0.000000	0.000000	0.000000	0.000000	0.000000	0.000000	0.000000	0.000000	0.000000	0.000000	17.593857	0.000000	0.000000	0.000000
1764624650.188566923	0.000000	0.000000	0.020773	0.000000	0.000000	0.000000	0.000000	0.000000	0.105958	0.000000	0.000000	0.000000	0.000000	0.000000	0.000000	0.000000	0.000000	0.000000	0.000000	0.000000	17.593857	0.000000	0.000000	0.000000
1764624650.198308229	0.000000	0.000000	0.022521	0.000000	0.000000	0.000000	0.000000	0.000000	0.105958	0.000000	0.000000	0.000000	0.000000	0.000000	0.000000	0.000000	0.000000	0.000000	0.000000	0.000000	17.593857	0.000000	0.000000	0.000000
1764624650.220953226	0.000000	0.000000	0.045328	0.000000	0.000000	0.000000	0.000000	0.000000	0.122578	0.000000	0.000000	0.000000	0.000000	0.000000	0.000000	0.000000	0.000000	0.000000	0.000000	0.000000	17.593857	0.000000	0.000000	0.000000
1764624650.220972061	0.000000	0.000000	0.025398	0.000000	0.000000	0.000000	0.000000	0.000000	0.122578	0.000000	0.000000	0.000000	0.000000	0.000000	0.000000	0.000000	0.000000	0.000000	0.000000	0.000000	17.593857	0.000000	0.000000	0.000000
1764624650.227911711	0.000000	0.000000	0.082631	0.000000	0.000000	0.000000	0.000000	0.000000	0.122578	0.000000	0.000000	0.000000	0.000000	0.000000	0.000000	0.000000	0.000000	0.000000	0.000000	0.000000	17.593857	0.000000	0.000000	0.000000
1764624650.237619162	0.000000	0.000000	0.006257	0.000000	0.000000	0.000000	0.000000	0.000000	0.122578	0.000000	0.000000	0.000000	0.000000	0.000000	0.000000	0.000000	0.000000	0.000000	0.000000	0.000000	17.593857	0.000000	0.000000	0.000000
1764624650.261032820	0.000000	0.000000	0.037750	0.000000	0.000000	0.000000	0.000000	0.000000	0.122578	0.000000	0.000000	0.000000	0.000000	0.000000	0.000000	0.000000	0.000000	0.000000	0.000000	0.000000	17.593857	0.000000	0.000000	0.000000
1764624650.261039972	0.000000	0.000000	0.046002	0.000000	0.000000	0.000000	0.000000	0.000000	0.122578	0.000000	0.000000	0.000000	0.000000	0.000000	0.000000	0.000000	0.000000	0.000000	0.000000	0.000000	17.593857	0.000000	0.000000	0.000000
1764624650.268192053	0.000000	0.000000	0.010841	0.000000	0.000000	0.000000	0.000000	0.000000	0.122578	0.000000	0.000000	0.000000	0.000000	0.000000	0.000000	0.000000	0.000000	0.000000	0.000000	0.000000	17.593857	0.000000	0.000000	0.000000
1764624650.278487206	0.000000	0.000000	0.023911	0.000000	0.000000	0.000000	0.000000	0.000000	0.122578	0.000000	0.000000	0.000000	0.000000	0.000000	0.000000	0.000000	0.000000	0.000000	0.000000	0.000000	17.593857	0.000000	0.000000	0.000000
1764624650.288840771	0.000000	0.000000	0.061610	0.000000	0.000000	0.000000	0.000000	0.000000	0.122578	0.000000	0.000000	0.000000	0.000000	0.000000	0.000000	0.000000	0.000000	0.000000	0.000000	0.000000	17.593857	0.000000	0.000000	0.000000
1764624650.311817408	0.000000	0.000000	-0.002037	0.000000	0.000000	0.000000	0.000000	0.000000	0.122578	0.000000	0.000000	0.000000	0.000000	0.000000	0.000000	0.000000	0.000000	0.000000	0.000000	0.000000	17.593857	0.000000	0.000000	0.000000
1764624650.313370943	0.000000	0.000000	0.009390	0.000000	0.000000	0.000000	0.000000	0.000000	0.122578	0.000000	0.000000	0.000000	0.000000	0.000000	0.000000	0.000000	0.000000	0.000000	0.000000	0.000000	17.593857	0.000000	0.000000	0.000000
1764624650.317990541	0.000000	0.000000	0.023163	0.000000	0.000000	0.000000	0.000000	0.000000	0.122578	0.000000	0.000000	0.000000	0.000000	0.000000	0.000000	0.000000	0.000000	0.000000	0.000000	0.000000	17.593857	0.000000	0.000000	0.000000
1764624650.339177847	0.000000	0.000000	0.035275	0.000000	0.000000	0.000000	0.000000	0.000000	0.122578	0.000000	0.000000	0.000000	0.000000	0.000000	0.000000	0.000000	0.000000	0.000000	0.000000	0.000000	17.593857	0.000000	0.000000	0.000000
1764624650.340859175	0.000000	0.000000	0.020096	0.000000	0.000000	0.000000	0.000000	0.000000	0.122578	0.000000	0.000000	0.000000	0.000000	0.000000	0.000000	0.000000	0.000000	0.000000	0.000000	0.000000	17.593857	0.000000	0.000000	0.000000
1764624650.347930431	0.000000	0.000000	0.024326	0.000000	0.000000	0.000000	0.000000	0.000000	0.122578	0.000000	0.000000	0.000000	0.000000	0.000000	0.000000	0.000000	0.000000	0.000000	0.000000	0.000000	17.593857	0.000000	0.000000	0.000000
1764624650.358818769	0.000000	0.000000	0.008766	0.000000	0.000000	0.000000	0.000000	0.000000	0.122578	0.000000	0.000000	0.000000	0.000000	0.000000	0.000000	0.000000	0.000000	0.000000	0.000000	0.000000	17.593857	0.000000	0.000000	0.000000
1764624650.368723869	0.000000	0.000000	0.036696	0.000000	0.000000	0.000000	0.000000	0.000000	0.122578	0.000000	0.000000	0.000000	0.000000	0.000000	0.000000	0.000000	0.000000	0.000000	0.000000	0.000000	17.593857	0.000000	0.000000	0.000000
1764624650.394330263	0.000000	0.000000	-0.010346	0.000000	0.000000	0.000000	0.000000	0.000000	0.122578	0.000000	0.000000	0.000000	0.000000	0.000000	0.000000	0.000000	0.000000	0.000000	0.000000	0.000000	17.593857	0.000000	0.000000	0.000000
1764624650.394340754	0.000000	0.000000	0.040494	0.000000	0.000000	0.000000	0.000000	0.000000	0.122578	0.000000	0.000000	0.000000	0.000000	0.000000	0.000000	0.000000	0.000000	0.000000	0.000000	0.000000	17.593857	0.000000	0.000000	0.000000
1764624650.398149729	0.000000	0.000000	0.022249	0.000000	0.000000	0.000000	0.000000	0.000000	0.122578	0.000000	0.000000	0.000000	0.000000	0.000000	0.000000	0.000000	0.000000	0.000000	0.000000	0.000000	17.593857	0.000000	0.000000	0.000000
1764624650.421870708	0.000000	0.000000	0.012116	0.000000	0.000000	0.000000	0.000000	0.000000	0.122578	0.000000	0.000000	0.000000	0.000000	0.000000	0.000000	0.000000	0.000000	0.000000	0.000000	0.000000	17.593857	0.000000	0.000000	0.000000
1764624650.421898603	0.000000	0.000000	0.043589	0.000000	0.000000	0.000000	0.000000	0.000000	0.122578	0.000000	0.000000	0.000000	0.000000	0.000000	0.000000	0.000000	0.000000	0.000000	0.000000	0.000000	17.593857	0.000000	0.000000	0.000000
1764624650.428452253	0.000000	0.000000	0.003521	0.000000	0.000000	0.000000	0.000000	0.000000	0.122578	0.000000	0.000000	0.000000	0.000000	0.000000	0.000000	0.000000	0.000000	0.000000	0.000000	0.000000	17.593857	0.000000	0.000000	0.000000
1764624650.437825918	0.000000	0.000000	0.034306	0.000000	0.000000	0.000000	0.000000	0.000000	0.122578	0.000000	0.000000	0.000000	0.000000	0.000000	0.000000	0.000000	0.000000	0.000000	0.000000	0.000000	17.593857	0.000000	0.000000	0.000000
1764624650.449217796	0.000000	0.000000	0.012146	0.000000	0.000000	0.000000	0.000000	0.000000	0.122578	0.000000	0.000000	0.000000	0.000000	0.000000	0.000000	0.000000	0.000000	0.000000	0.000000	0.000000	17.593857	0.000000	0.000000	0.000000
1764624650.468389750	0.000000	0.000000	0.015302	0.000000	0.000000	0.000000	0.000000	0.000000	0.135837	0.000000	0.000000	0.000000	0.000000	0.000000	0.000000	0.000000	0.000000	0.000000	0.000000	0.000000	17.593857	0.000000	0.000000	0.000000
1764624650.469954491	0.000000	0.000000	0.041489	0.000000	0.000000	0.000000	0.000000	0.000000	0.135837	0.000000	0.000000	0.000000	0.000000	0.000000	0.000000	0.000000	0.000000	0.000000	0.000000	0.000000	17.593857	0.000000	0.000000	0.000000
1764624650.478506327	0.000000	0.000000	0.038764	0.000000	0.000000	0.000000	0.000000	0.000000	0.135837	0.000000	0.000000	0.000000	0.000000	0.000000	0.000000	0.000000	0.000000	0.000000	0.000000	0.000000	17.593857	0.000000	0.000000	0.000000
1764624650.499526262	0.000000	0.000000	-0.027618	0.000000	0.000000	0.000000	0.000000	0.000000	0.135837	0.000000	0.000000	0.000000	0.000000	0.000000	0.000000	0.000000	0.000000	0.000000	0.000000	0.000000	17.593857	0.000000	0.000000	0.000000
1764624650.499537945	0.000000	0.000000	0.045691	0.000000	0.000000	0.000000	0.000000	0.000000	0.135837	0.000000	0.000000	0.000000	0.000000	0.000000	0.000000	0.000000	0.000000	0.000000	0.000000	0.000000	17.593857	0.000000	0.000000	0.000000
1764624650.508933544	0.000000	0.000000	-0.026951	0.000000	0.000000	0.000000	0.000000	0.000000	0.135837	0.000000	0.000000	0.000000	0.000000	0.000000	0.000000	0.000000	0.000000	0.000000	0.000000	0.000000	17.593857	0.000000	0.000000	0.000000
1764624650.518474579	0.000000	0.000000	0.060571	0.000000	0.000000	0.000000	0.000000	0.000000	0.135837	0.000000	0.000000	0.000000	0.000000	0.000000	0.000000	0.000000	0.000000	0.000000	0.000000	0.000000	17.593857	0.000000	0.000000	0.000000
1764624650.535148859	0.000000	0.000000	0.017683	0.000000	0.000000	0.000000	0.000000	0.000000	0.135837	0.000000	0.000000	0.000000	0.000000	0.000000	0.000000	0.000000	0.000000	0.000000	0.000000	0.000000	17.593857	0.000000	0.000000	0.000000
1764624650.537630320	0.000000	0.000000	0.007346	0.000000	0.000000	0.000000	0.000000	0.000000	0.135837	0.000000	0.000000	0.000000	0.000000	0.000000	0.000000	0.000000	0.000000	0.000000	0.000000	0.000000	17.593857	0.000000	0.000000	0.000000
1764624650.548434258	0.000000	0.000000	-0.000616	0.000000	0.000000	0.000000	0.000000	0.000000	0.135837	0.000000	0.000000	0.000000	0.000000	0.000000	0.000000	0.000000	0.000000	0.000000	0.000000	0.000000	17.593857	0.000000	0.000000	0.000000
1764624650.558470011	0.000000	0.000000	0.058801	0.000000	0.000000	0.000000	0.000000	0.000000	0.135837	0.000000	0.000000	0.000000	0.000000	0.000000	0.000000	0.000000	0.000000	0.000000	0.000000	0.000000	17.593857	0.000000	0.000000	0.000000
1764624650.569220066	0.000000	0.000000	-0.021356	0.000000	0.000000	0.000000	0.000000	0.000000	0.135837	0.000000	0.000000	0.000000	0.000000	0.000000	0.000000	0.000000	0.000000	0.000000	0.000000	0.000000	17.593857	0.000000	0.000000	0.000000
1764624650.594437599	0.000000	0.000000	0.017298	0.000000	0.000000	0.000000	0.000000	0.000000	0.135837	0.000000	0.000000	0.000000	0.000000	0.000000	0.000000	0.000000	0.000000	0.000000	0.000000	0.000000	17.593857	0.000000	0.000000	0.000000
1764624650.594452143	0.000000	0.000000	-0.018236	0.000000	0.000000	0.000000	0.000000	0.000000	0.135837	0.000000	0.000000	0.000000	0.000000	0.000000	0.000000	0.000000	0.000000	0.000000	0.000000	0.000000	17.593857	0.000000	0.000000	0.000000
1764624650.597928047	0.000000	0.000000	0.018339	0.000000	0.000000	0.000000	0.000000	0.000000	0.135837	0.000000	0.000000	0.000000	0.000000	0.000000	0.000000	0.000000	0.000000	0.000000	0.000000	0.000000	17.593857	0.000000	0.000000	0.000000
1764624650.620280027	0.000000	0.000000	-0.014074	0.000000	0.000000	0.000000	0.000000	0.000000	0.135837	0.000000	0.000000	0.000000	0.000000	0.000000	0.000000	0.000000	0.000000	0.000000	0.000000	0.000000	17.593857	0.000000	0.000000	0.000000
1764624650.621614933	0.000000	0.000000	0.018337	0.000000	0.000000	0.000000	0.000000	0.000000	0.135837	0.000000	0.000000	0.000000	0.000000	0.000000	0.000000	0.000000	0.000000	0.000000	0.000000	0.000000	17.593857	0.000000	0.000000	0.000000
1764624650.628027439	0.000000	0.000000	0.022212	0.000000	0.000000	0.000000	0.000000	0.000000	0.135837	0.000000	0.000000	0.000000	0.000000	0.000000	0.000000	0.000000	0.000000	0.000000	0.000000	0.000000	17.593857	0.000000	0.000000	0.000000
1764624650.638237953	0.000000	0.000000	0.016720	0.000000	0.000000	0.000000	0.000000	0.000000	0.135837	0.000000	0.000000	0.000000	0.000000	0.000000	0.000000	0.000000	0.000000	0.000000	0.000000	0.000000	17.593857	0.000000	0.000000	0.000000
1764624650.662309647	0.000000	0.000000	0.006936	0.000000	0.000000	0.000000	0.000000	0.000000	0.135837	0.000000	0.000000	0.000000	0.000000	0.000000	0.000000	0.000000	0.000000	0.000000	0.000000	0.000000	17.593857	0.000000	0.000000	0.000000
1764624650.662333965	0.000000	0.000000	0.036648	0.000000	0.000000	0.000000	0.000000	0.000000	0.135837	0.000000	0.000000	0.000000	0.000000	0.000000	0.000000	0.000000	0.000000	0.000000	0.000000	0.000000	17.593857	0.000000	0.000000	0.000000
1764624650.668137074	0.000000	0.000000	-0.009231	0.000000	0.000000	0.000000	0.000000	0.000000	0.135837	0.000000	0.000000	0.000000	0.000000	0.000000	0.000000	0.000000	0.000000	0.000000	0.000000	0.000000	17.593857	0.000000	0.000000	0.000000
1764624650.678042650	0.000000	0.000000	0.025279	0.000000	0.000000	0.000000	0.000000	0.000000	0.135837	0.000000	0.000000	0.000000	0.000000	0.000000	0.000000	0.000000	0.000000	0.000000	0.000000	0.000000	17.593857	0.000000	0.000000	0.000000
1764624650.702499151	0.000000	0.000000	-0.019984	0.000000	0.000000	0.000000	0.000000	0.000000	0.135837	0.000000	0.000000	0.000000	0.000000	0.000000	0.000000	0.000000	0.000000	0.000000	0.000000	0.000000	17.593857	0.000000	0.000000	0.000000
1764624650.704200983	0.000000	0.000000	0.048175	0.000000	0.000000	0.000000	0.000000	0.000000	0.135837	0.000000	0.000000	0.000000	0.000000	0.000000	0.000000	0.000000	0.000000	0.000000	0.000000	0.000000	17.593857	0.000000	0.000000	0.000000
1764624650.707779169	0.000000	0.000000	0.007615	0.000000	0.000000	0.000000	0.000000	0.000000	0.135837	0.000000	0.000000	0.000000	0.000000	0.000000	0.000000	0.000000	0.000000	0.000000	0.000000	0.000000	17.593857	0.000000	0.000000	0.000000
1764624650.718551636	0.000000	0.000000	0.029422	0.000000	0.000000	0.000000	0.000000	0.000000	0.149131	0.000000	0.000000	0.000000	0.000000	0.000000	0.000000	0.000000	0.000000	0.000000	0.000000	0.000000	17.593857	0.000000	0.000000	0.000000
1764624650.740757942	0.000000	0.000000	0.022575	0.000000	0.000000	0.000000	0.000000	0.000000	0.149131	0.000000	0.000000	0.000000	0.000000	0.000000	0.000000	0.000000	0.000000	0.000000	0.000000	0.000000	17.593857	0.000000	0.000000	0.000000
1764624650.742092848	0.000000	0.000000	0.043244	0.000000	0.000000	0.000000	0.000000	0.000000	0.149131	0.000000	0.000000	0.000000	0.000000	0.000000	0.000000	0.000000	0.000000	0.000000	0.000000	0.000000	17.593857	0.000000	0.000000	0.000000
1764624650.748420477	0.000000	0.000000	-0.052839	0.000000	0.000000	0.000000	0.000000	0.000000	0.149131	0.000000	0.000000	0.000000	0.000000	0.000000	0.000000	0.000000	0.000000	0.000000	0.000000	0.000000	17.593857	0.000000	0.000000	0.000000
1764624650.760297060	0.000000	0.000000	0.058477	0.000000	0.000000	0.000000	0.000000	0.000000	0.149131	0.000000	0.000000	0.000000	0.000000	0.000000	0.000000	0.000000	0.000000	0.000000	0.000000	0.000000	17.593857	0.000000	0.000000	0.000000
1764624650.770115614	0.000000	0.000000	-0.000672	0.000000	0.000000	0.000000	0.000000	0.000000	0.149131	0.000000	0.000000	0.000000	0.000000	0.000000	0.000000	0.000000	0.000000	0.000000	0.000000	0.000000	17.593857	0.000000	0.000000	0.000000
1764624650.791721821	0.000000	0.000000	0.030542	0.000000	0.000000	0.000000	0.000000	0.000000	0.149131	0.000000	0.000000	0.000000	0.000000	0.000000	0.000000	0.000000	0.000000	0.000000	0.000000	0.000000	17.593857	0.000000	0.000000	0.000000
1764624650.793325186	0.000000	0.000000	-0.014380	0.000000	0.000000	0.000000	0.000000	0.000000	0.149131	0.000000	0.000000	0.000000	0.000000	0.000000	0.000000	0.000000	0.000000	0.000000	0.000000	0.000000	17.593857	0.000000	0.000000	0.000000
1764624650.798558712	0.000000	0.000000	0.009347	0.000000	0.000000	0.000000	0.000000	0.000000	0.149131	0.000000	0.000000	0.000000	0.000000	0.000000	0.000000	0.000000	0.000000	0.000000	0.000000	0.000000	17.593857	0.000000	0.000000	0.000000
1764624650.824842691	0.000000	0.000000	0.006322	0.000000	0.000000	0.000000	0.000000	0.000000	0.149131	0.000000	0.000000	0.000000	0.000000	0.000000	0.000000	0.000000	0.000000	0.000000	0.000000	0.000000	17.593857	0.000000	0.000000	0.000000
1764624650.824864149	0.000000	0.000000	0.024629	0.000000	0.000000	0.000000	0.000000	0.000000	0.149131	0.000000	0.000000	0.000000	0.000000	0.000000	0.000000	0.000000	0.000000	0.000000	0.000000	0.000000	17.593857	0.000000	0.000000	0.000000
1764624650.828094482	0.000000	0.000000	-0.034118	0.000000	0.000000	0.000000	0.000000	0.000000	0.149131	0.000000	0.000000	0.000000	0.000000	0.000000	0.000000	0.000000	0.000000	0.000000	0.000000	0.000000	17.593857	0.000000	0.000000	0.000000
1764624650.837491751	0.000000	0.000000	0.039107	0.000000	0.000000	0.000000	0.000000	0.000000	0.149131	0.000000	0.000000	0.000000	0.000000	0.000000	0.000000	0.000000	0.000000	0.000000	0.000000	0.000000	17.593857	0.000000	0.000000	0.000000
1764624650.848246336	0.000000	0.000000	0.009759	0.000000	0.000000	0.000000	0.000000	0.000000	0.149131	0.000000	0.000000	0.000000	0.000000	0.000000	0.000000	0.000000	0.000000	0.000000	0.000000	0.000000	17.593857	0.000000	0.000000	0.000000
1764624650.863586187	0.000000	0.000000	-0.010237	0.000000	0.000000	0.000000	0.000000	0.000000	0.149131	0.000000	0.000000	0.000000	0.000000	0.000000	0.000000	0.000000	0.000000	0.000000	0.000000	0.000000	17.593857	0.000000	0.000000	0.000000
1764624650.868129730	0.000000	0.000000	0.038414	0.000000	0.000000	0.000000	0.000000	0.000000	0.149131	0.000000	0.000000	0.000000	0.000000	0.000000	0.000000	0.000000	0.000000	0.000000	0.000000	0.000000	17.593857	0.000000	0.000000	0.000000
1764624650.877856255	0.000000	0.000000	-0.041441	0.000000	0.000000	0.000000	0.000000	0.000000	0.149131	0.000000	0.000000	0.000000	0.000000	0.000000	0.000000	0.000000	0.000000	0.000000	0.000000	0.000000	17.593857	0.000000	0.000000	0.000000
1764624650.901738882	0.000000	0.000000	-0.013294	0.000000	0.000000	0.000000	0.000000	0.000000	0.149131	0.000000	0.000000	0.000000	0.000000	0.000000	0.000000	0.000000	0.000000	0.000000	0.000000	0.000000	17.593857	0.000000	0.000000	0.000000
1764624650.901763201	0.000000	0.000000	0.061925	0.000000	0.000000	0.000000	0.000000	0.000000	0.149131	0.000000	0.000000	0.000000	0.000000	0.000000	0.000000	0.000000	0.000000	0.000000	0.000000	0.000000	17.593857	0.000000	0.000000	0.000000
1764624650.908087492	0.000000	0.000000	-0.041734	0.000000	0.000000	0.000000	0.000000	0.000000	0.149131	0.000000	0.000000	0.000000	0.000000	0.000000	0.000000	0.000000	0.000000	0.000000	0.000000	0.000000	17.593857	0.000000	0.000000	0.000000
1764624650.918294668	0.000000	0.000000	0.018062	0.000000	0.000000	0.000000	0.000000	0.000000	0.149131	0.000000	0.000000	0.000000	0.000000	0.000000	0.000000	0.000000	0.000000	0.000000	0.000000	0.000000	17.593857	0.000000	0.000000	0.000000
1764624650.928941727	0.000000	0.000000	-0.005750	0.000000	0.000000	0.000000	0.000000	0.000000	0.149131	0.000000	0.000000	0.000000	0.000000	0.000000	0.000000	0.000000	0.000000	0.000000	0.000000	0.000000	17.593857	0.000000	0.000000	0.000000
1764624650.941308737	0.000000	0.000000	-0.039618	0.000000	0.000000	0.000000	0.000000	0.000000	0.149131	0.000000	0.000000	0.000000	0.000000	0.000000	0.000000	0.000000	0.000000	0.000000	0.000000	0.000000	17.593857	0.000000	0.000000	0.000000
1764624650.947827101	0.000000	0.000000	0.012229	0.000000	0.000000	0.000000	0.000000	0.000000	0.149131	0.000000	0.000000	0.000000	0.000000	0.000000	0.000000	0.000000	0.000000	0.000000	0.000000	0.000000	17.593857	0.000000	0.000000	0.000000
1764624650.957890511	0.000000	0.000000	0.000462	0.000000	0.000000	0.000000	0.000000	0.000000	0.160087	0.000000	0.000000	0.000000	0.000000	0.000000	0.000000	0.000000	0.000000	0.000000	0.000000	0.000000	17.593857	0.000000	0.000000	0.000000
1764624650.968576431	0.000000	0.000000	-0.020332	0.000000	0.000000	0.000000	0.000000	0.000000	0.160087	0.000000	0.000000	0.000000	0.000000	0.000000	0.000000	0.000000	0.000000	0.000000	0.000000	0.000000	17.593857	0.000000	0.000000	0.000000
1764624650.988313913	0.000000	0.000000	0.026436	0.000000	0.000000	0.000000	0.000000	0.000000	0.160087	0.000000	0.000000	0.000000	0.000000	0.000000	0.000000	0.000000	0.000000	0.000000	0.000000	0.000000	17.593857	0.000000	0.000000	0.000000
1764624650.988337040	0.000000	0.000000	-0.011651	0.000000	0.000000	0.000000	0.000000	0.000000	0.160087	0.000000	0.000000	0.000000	0.000000	0.000000	0.000000	0.000000	0.000000	0.000000	0.000000	0.000000	17.593857	0.000000	0.000000	0.000000
1764624650.998311520	0.000000	0.000000	0.026692	0.000000	0.000000	0.000000	0.000000	0.000000	0.160087	0.000000	0.000000	0.000000	0.000000	0.000000	0.000000	0.000000	0.000000	0.000000	0.000000	0.000000	17.593857	0.000000	0.000000	0.000000
1764624651.019577742	0.000000	0.000000	-0.004383	0.000000	0.000000	0.000000	0.000000	0.000000	0.160087	0.000000	0.000000	0.000000	0.000000	0.000000	0.000000	0.000000	0.000000	0.000000	0.000000	0.000000	17.593857	0.000000	0.000000	0.000000
1764624651.019584656	0.000000	0.000000	-0.012936	0.000000	0.000000	0.000000	0.000000	0.000000	0.160087	0.000000	0.000000	0.000000	0.000000	0.000000	0.000000	0.000000	0.000000	0.000000	0.000000	0.000000	17.593857	0.000000	0.000000	0.000000
1764624651.033287048	0.000000	0.000000	0.022192	0.000000	0.000000	0.000000	0.000000	0.000000	0.160087	0.000000	0.000000	0.000000	0.000000	0.000000	0.000000	0.000000	0.000000	0.000000	0.000000	0.000000	17.593857	0.000000	0.000000	0.000000
1764624651.038302898	0.000000	0.000000	0.005699	0.000000	0.000000	0.000000	0.000000	0.000000	0.160087	0.000000	0.000000	0.000000	0.000000	0.000000	0.000000	0.000000	0.000000	0.000000	0.000000	0.000000	17.593857	0.000000	0.000000	0.000000
1764624651.063583851	0.000000	0.000000	0.008025	0.000000	0.000000	0.000000	0.000000	0.000000	0.160087	0.000000	0.000000	0.000000	0.000000	0.000000	0.000000	0.000000	0.000000	0.000000	0.000000	0.000000	17.593857	0.000000	0.000000	0.000000
1764624651.065148115	0.000000	0.000000	-0.008477	0.000000	0.000000	0.000000	0.000000	0.000000	0.160087	0.000000	0.000000	0.000000	0.000000	0.000000	0.000000	0.000000	0.000000	0.000000	0.000000	0.000000	17.593857	0.000000	0.000000	0.000000
1764624651.069392443	0.000000	0.000000	-0.039277	0.000000	0.000000	0.000000	0.000000	0.000000	0.160087	0.000000	0.000000	0.000000	0.000000	0.000000	0.000000	0.000000	0.000000	0.000000	0.000000	0.000000	17.593857	0.000000	0.000000	0.000000
1764624651.080419540	0.000000	0.000000	0.013560	0.000000	0.000000	0.000000	0.000000	0.000000	0.160087	0.000000	0.000000	0.000000	0.000000	0.000000	0.000000	0.000000	0.000000	0.000000	0.000000	0.000000	17.593857	0.000000	0.000000	0.000000
1764624651.089121342	0.000000	0.000000	0.003618	0.000000	0.000000	0.000000	0.000000	0.000000	0.160087	0.000000	0.000000	0.000000	0.000000	0.000000	0.000000	0.000000	0.000000	0.000000	0.000000	0.000000	17.593857	0.000000	0.000000	0.000000
1764624651.113192081	0.000000	0.000000	0.018784	0.000000	0.000000	0.000000	0.000000	0.000000	0.160087	0.000000	0.000000	0.000000	0.000000	0.000000	0.000000	0.000000	0.000000	0.000000	0.000000	0.000000	17.593857	0.000000	0.000000	0.000000
1764624651.115152597	0.000000	0.000000	0.004946	0.000000	0.000000	0.000000	0.000000	0.000000	0.160087	0.000000	0.000000	0.000000	0.000000	0.000000	0.000000	0.000000	0.000000	0.000000	0.000000	0.000000	17.593857	0.000000	0.000000	0.000000
1764624651.118995428	0.000000	0.000000	-0.011610	0.000000	0.000000	0.000000	0.000000	0.000000	0.160087	0.000000	0.000000	0.000000	0.000000	0.000000	0.000000	0.000000	0.000000	0.000000	0.000000	0.000000	17.593857	0.000000	0.000000	0.000000
1764624651.130004406	0.000000	0.000000	-0.017758	0.000000	0.000000	0.000000	0.000000	0.000000	0.160087	0.000000	0.000000	0.000000	0.000000	0.000000	0.000000	0.000000	0.000000	0.000000	0.000000	0.000000	17.593857	0.000000	0.000000	0.000000
1764624651.152405977	0.000000	0.000000	0.032636	0.000000	0.000000	0.000000	0.000000	0.000000	0.160087	0.000000	0.000000	0.000000	0.000000	0.000000	0.000000	0.000000	0.000000	0.000000	0.000000	0.000000	17.593857	0.000000	0.000000	0.000000
1764624651.153839827	0.000000	0.000000	-0.031015	0.000000	0.000000	0.000000	0.000000	0.000000	0.160087	0.000000	0.000000	0.000000	0.000000	0.000000	0.000000	0.000000	0.000000	0.000000	0.000000	0.000000	17.593857	0.000000	0.000000	0.000000
1764624651.159121513	0.000000	0.000000	0.023045	0.000000	0.000000	0.000000	0.000000	0.000000	0.160087	0.000000	0.000000	0.000000	0.000000	0.000000	0.000000	0.000000	0.000000	0.000000	0.000000	0.000000	17.593857	0.000000	0.000000	0.000000
1764624651.170146227	0.000000	0.000000	0.021979	0.000000	0.000000	0.000000	0.000000	0.000000	0.160087	0.000000	0.000000	0.000000	0.000000	0.000000	0.000000	0.000000	0.000000	0.000000	0.000000	0.000000	17.593857	0.000000	0.000000	0.000000
1764624651.185075045	0.000000	0.000000	-0.016089	0.000000	0.000000	0.000000	0.000000	0.000000	0.160087	0.000000	0.000000	0.000000	0.000000	0.000000	0.000000	0.000000	0.000000	0.000000	0.000000	0.000000	17.593857	0.000000	0.000000	0.000000
1764624651.189882994	0.000000	0.000000	0.013679	0.000000	0.000000	0.000000	0.000000	0.000000	0.160087	0.000000	0.000000	0.000000	0.000000	0.000000	0.000000	0.000000	0.000000	0.000000	0.000000	0.000000	17.593857	0.000000	0.000000	0.000000
1764624651.200103760	0.000000	0.000000	-0.030639	0.000000	0.000000	0.000000	0.000000	0.000000	0.160087	0.000000	0.000000	0.000000	0.000000	0.000000	0.000000	0.000000	0.000000	0.000000	0.000000	0.000000	17.593857	0.000000	0.000000	0.000000
1764624651.210175514	0.000000	0.000000	0.012282	0.000000	0.000000	0.000000	0.000000	0.000000	0.160087	0.000000	0.000000	0.000000	0.000000	0.000000	0.000000	0.000000	0.000000	0.000000	0.000000	0.000000	17.593857	0.000000	0.000000	0.000000
1764624651.229393244	0.000000	0.000000	0.035837	0.000000	0.000000	0.000000	0.000000	0.000000	0.170580	0.000000	0.000000	0.000000	0.000000	0.000000	0.000000	0.000000	0.000000	0.000000	0.000000	0.000000	17.593857	0.000000	0.000000	0.000000
1764624651.231225729	0.000000	0.000000	-0.014308	0.000000	0.000000	0.000000	0.000000	0.000000	0.170580	0.000000	0.000000	0.000000	0.000000	0.000000	0.000000	0.000000	0.000000	0.000000	0.000000	0.000000	17.593857	0.000000	0.000000	0.000000
1764624651.243607044	0.000000	0.000000	-0.011911	0.000000	0.000000	0.000000	0.000000	0.000000	0.170580	0.000000	0.000000	0.000000	0.000000	0.000000	0.000000	0.000000	0.000000	0.000000	0.000000	0.000000	17.593857	0.000000	0.000000	0.000000
1764624651.263238907	0.000000	0.000000	-0.006075	0.000000	0.000000	0.000000	0.000000	0.000000	0.170580	0.000000	0.000000	0.000000	0.000000	0.000000	0.000000	0.000000	0.000000	0.000000	0.000000	0.000000	17.593857	0.000000	0.000000	0.000000
1764624651.263253450	0.000000	0.000000	0.014391	0.000000	0.000000	0.000000	0.000000	0.000000	0.170580	0.000000	0.000000	0.000000	0.000000	0.000000	0.000000	0.000000	0.000000	0.000000	0.000000	0.000000	17.593857	0.000000	0.000000	0.000000
1764624651.268885136	0.000000	0.000000	0.027187	0.000000	0.000000	0.000000	0.000000	0.000000	0.170580	0.000000	0.000000	0.000000	0.000000	0.000000	0.000000	0.000000	0.000000	0.000000	0.000000	0.000000	17.593857	0.000000	0.000000	0.000000
1764624651.279109240	0.000000	0.000000	-0.012920	0.000000	0.000000	0.000000	0.000000	0.000000	0.170580	0.000000	0.000000	0.000000	0.000000	0.000000	0.000000	0.000000	0.000000	0.000000	0.000000	0.000000	17.593857	0.000000	0.000000	0.000000
1764624651.289859295	0.000000	0.000000	-0.024712	0.000000	0.000000	0.000000	0.000000	0.000000	0.170580	0.000000	0.000000	0.000000	0.000000	0.000000	0.000000	0.000000	0.000000	0.000000	0.000000	0.000000	17.593857	0.000000	0.000000	0.000000
1764624651.309148550	0.000000	0.000000	0.009150	0.000000	0.000000	0.000000	0.000000	0.000000	0.170580	0.000000	0.000000	0.000000	0.000000	0.000000	0.000000	0.000000	0.000000	0.000000	0.000000	0.000000	17.593857	0.000000	0.000000	0.000000
1764624651.317635775	0.000000	0.000000	0.004016	0.000000	0.000000	0.000000	0.000000	0.000000	0.170580	0.000000	0.000000	0.000000	0.000000	0.000000	0.000000	0.000000	0.000000	0.000000	0.000000	0.000000	17.593857	0.000000	0.000000	0.000000
1764624651.319279909	0.000000	0.000000	-0.005596	0.000000	0.000000	0.000000	0.000000	0.000000	0.170580	0.000000	0.000000	0.000000	0.000000	0.000000	0.000000	0.000000	0.000000	0.000000	0.000000	0.000000	17.593857	0.000000	0.000000	0.000000
1764624651.342966557	0.000000	0.000000	0.025442	0.000000	0.000000	0.000000	0.000000	0.000000	0.170580	0.000000	0.000000	0.000000	0.000000	0.000000	0.000000	0.000000	0.000000	0.000000	0.000000	0.000000	17.593857	0.000000	0.000000	0.000000
1764624651.342978477	0.000000	0.000000	-0.032605	0.000000	0.000000	0.000000	0.000000	0.000000	0.170580	0.000000	0.000000	0.000000	0.000000	0.000000	0.000000	0.000000	0.000000	0.000000	0.000000	0.000000	17.593857	0.000000	0.000000	0.000000
1764624651.348536491	0.000000	0.000000	0.006488	0.000000	0.000000	0.000000	0.000000	0.000000	0.170580	0.000000	0.000000	0.000000	0.000000	0.000000	0.000000	0.000000	0.000000	0.000000	0.000000	0.000000	17.593857	0.000000	0.000000	0.000000
1764624651.359327078	0.000000	0.000000	-0.026001	0.000000	0.000000	0.000000	0.000000	0.000000	0.170580	0.000000	0.000000	0.000000	0.000000	0.000000	0.000000	0.000000	0.000000	0.000000	0.000000	0.000000	17.593857	0.000000	0.000000	0.000000
1764624651.369903564	0.000000	0.000000	-0.002614	0.000000	0.000000	0.000000	0.000000	0.000000	0.170580	0.000000	0.000000	0.000000	0.000000	0.000000	0.000000	0.000000	0.000000	0.000000	0.000000	0.000000	17.593857	0.000000	0.000000	0.000000
1764624651.389631510	0.000000	0.000000	-0.036399	0.000000	0.000000	0.000000	0.000000	0.000000	0.170580	0.000000	0.000000	0.000000	0.000000	0.000000	0.000000	0.000000	0.000000	0.000000	0.000000	0.000000	17.593857	0.000000	0.000000	0.000000
1764624651.390224934	0.000000	0.000000	0.041393	0.000000	0.000000	0.000000	0.000000	0.000000	0.170580	0.000000	0.000000	0.000000	0.000000	0.000000	0.000000	0.000000	0.000000	0.000000	0.000000	0.000000	17.593857	0.000000	0.000000	0.000000
1764624651.399651527	0.000000	0.000000	-0.022564	0.000000	0.000000	0.000000	0.000000	0.000000	0.170580	0.000000	0.000000	0.000000	0.000000	0.000000	0.000000	0.000000	0.000000	0.000000	0.000000	0.000000	17.593857	0.000000	0.000000	0.000000
1764624651.419243097	0.000000	0.000000	-0.012894	0.000000	0.000000	0.000000	0.000000	0.000000	0.170580	0.000000	0.000000	0.000000	0.000000	0.000000	0.000000	0.000000	0.000000	0.000000	0.000000	0.000000	17.593857	0.000000	0.000000	0.000000
1764624651.421234131	0.000000	0.000000	-0.015959	0.000000	0.000000	0.000000	0.000000	0.000000	0.170580	0.000000	0.000000	0.000000	0.000000	0.000000	0.000000	0.000000	0.000000	0.000000	0.000000	0.000000	17.593857	0.000000	0.000000	0.000000
1764624651.429158688	0.000000	0.000000	0.033047	0.000000	0.000000	0.000000	0.000000	0.000000	0.170580	0.000000	0.000000	0.000000	0.000000	0.000000	0.000000	0.000000	0.000000	0.000000	0.000000	0.000000	17.593857	0.000000	0.000000	0.000000
1764624651.439630032	0.000000	0.000000	-0.039475	0.000000	0.000000	0.000000	0.000000	0.000000	0.170580	0.000000	0.000000	0.000000	0.000000	0.000000	0.000000	0.000000	0.000000	0.000000	0.000000	0.000000	17.593857	0.000000	0.000000	0.000000
1764624651.448645115	0.000000	0.000000	-0.021475	0.000000	0.000000	0.000000	0.000000	0.000000	0.170580	0.000000	0.000000	0.000000	0.000000	0.000000	0.000000	0.000000	0.000000	0.000000	0.000000	0.000000	17.593857	0.000000	0.000000	0.000000
1764624651.469690323	0.000000	0.000000	0.003042	0.000000	0.000000	0.000000	0.000000	0.000000	0.181647	0.000000	0.000000	0.000000	0.000000	0.000000	0.000000	0.000000	0.000000	0.000000	0.000000	0.000000	17.593857	0.000000	0.000000	0.000000
1764624651.470976830	0.000000	0.000000	-0.015583	0.000000	0.000000	0.000000	0.000000	0.000000	0.181647	0.000000	0.000000	0.000000	0.000000	0.000000	0.000000	0.000000	0.000000	0.000000	0.000000	0.000000	17.593857	0.000000	0.000000	0.000000
1764624651.479912996	0.000000	0.000000	0.020302	0.000000	0.000000	0.000000	0.000000	0.000000	0.181647	0.000000	0.000000	0.000000	0.000000	0.000000	0.000000	0.000000	0.000000	0.000000	0.000000	0.000000	17.593857	0.000000	0.000000	0.000000
1764624651.498918533	0.000000	0.000000	0.020680	0.000000	0.000000	0.000000	0.000000	0.000000	0.181647	0.000000	0.000000	0.000000	0.000000	0.000000	0.000000	0.000000	0.000000	0.000000	0.000000	0.000000	17.593857	0.000000	0.000000	0.000000
1764624651.498933554	0.000000	0.000000	-0.040858	0.000000	0.000000	0.000000	0.000000	0.000000	0.181647	0.000000	0.000000	0.000000	0.000000	0.000000	0.000000	0.000000	0.000000	0.000000	0.000000	0.000000	17.593857	0.000000	0.000000	0.000000
1764624651.508420706	0.000000	0.000000	-0.022867	0.000000	0.000000	0.000000	0.000000	0.000000	0.181647	0.000000	0.000000	0.000000	0.000000	0.000000	0.000000	0.000000	0.000000	0.000000	0.000000	0.000000	17.593857	0.000000	0.000000	0.000000
1764624651.518342733	0.000000	0.000000	0.013769	0.000000	0.000000	0.000000	0.000000	0.000000	0.181647	0.000000	0.000000	0.000000	0.000000	0.000000	0.000000	0.000000	0.000000	0.000000	0.000000	0.000000	17.593857	0.000000	0.000000	0.000000
1764624651.538708687	0.000000	0.000000	-0.008711	0.000000	0.000000	0.000000	0.000000	0.000000	0.181647	0.000000	0.000000	0.000000	0.000000	0.000000	0.000000	0.000000	0.000000	0.000000	0.000000	0.000000	17.593857	0.000000	0.000000	0.000000
1764624651.544812918	0.000000	0.000000	0.008257	0.000000	0.000000	0.000000	0.000000	0.000000	0.181647	0.000000	0.000000	0.000000	0.000000	0.000000	0.000000	0.000000	0.000000	0.000000	0.000000	0.000000	17.593857	0.000000	0.000000	0.000000
1764624651.548974276	0.000000	0.000000	0.005851	0.000000	0.000000	0.000000	0.000000	0.000000	0.181647	0.000000	0.000000	0.000000	0.000000	0.000000	0.000000	0.000000	0.000000	0.000000	0.000000	0.000000	17.593857	0.000000	0.000000	0.000000
1764624651.558876276	0.000000	0.000000	-0.031528	0.000000	0.000000	0.000000	0.000000	0.000000	0.181647	0.000000	0.000000	0.000000	0.000000	0.000000	0.000000	0.000000	0.000000	0.000000	0.000000	0.000000	17.593857	0.000000	0.000000	0.000000
1764624651.568573713	0.000000	0.000000	0.019956	0.000000	0.000000	0.000000	0.000000	0.000000	0.181647	0.000000	0.000000	0.000000	0.000000	0.000000	0.000000	0.000000	0.000000	0.000000	0.000000	0.000000	17.593857	0.000000	0.000000	0.000000
1764624651.588418245	0.000000	0.000000	-0.033167	0.000000	0.000000	0.000000	0.000000	0.000000	0.181647	0.000000	0.000000	0.000000	0.000000	0.000000	0.000000	0.000000	0.000000	0.000000	0.000000	0.000000	17.593857	0.000000	0.000000	0.000000
1764624651.596119404	0.000000	0.000000	-0.020060	0.000000	0.000000	0.000000	0.000000	0.000000	0.181647	0.000000	0.000000	0.000000	0.000000	0.000000	0.000000	0.000000	0.000000	0.000000	0.000000	0.000000	17.593857	0.000000	0.000000	0.000000
1764624651.599308491	0.000000	0.000000	0.002369	0.000000	0.000000	0.000000	0.000000	0.000000	0.181647	0.000000	0.000000	0.000000	0.000000	0.000000	0.000000	0.000000	0.000000	0.000000	0.000000	0.000000	17.593857	0.000000	0.000000	0.000000
1764624651.608657837	0.000000	0.000000	0.013189	0.000000	0.000000	0.000000	0.000000	0.000000	0.181647	0.000000	0.000000	0.000000	0.000000	0.000000	0.000000	0.000000	0.000000	0.000000	0.000000	0.000000	17.593857	0.000000	0.000000	0.000000
1764624651.629241943	0.000000	0.000000	0.008989	0.000000	0.000000	0.000000	0.000000	0.000000	0.181647	0.000000	0.000000	0.000000	0.000000	0.000000	0.000000	0.000000	0.000000	0.000000	0.000000	0.000000	17.593857	0.000000	0.000000	0.000000
1764624651.635574579	0.000000	0.000000	-0.028015	0.000000	0.000000	0.000000	0.000000	0.000000	0.181647	0.000000	0.000000	0.000000	0.000000	0.000000	0.000000	0.000000	0.000000	0.000000	0.000000	0.000000	17.593857	0.000000	0.000000	0.000000
1764624651.638791323	0.000000	0.000000	0.008607	0.000000	0.000000	0.000000	0.000000	0.000000	0.181647	0.000000	0.000000	0.000000	0.000000	0.000000	0.000000	0.000000	0.000000	0.000000	0.000000	0.000000	17.593857	0.000000	0.000000	0.000000
1764624651.657286882	0.000000	0.000000	-0.008661	0.000000	0.000000	0.000000	0.000000	0.000000	0.181647	0.000000	0.000000	0.000000	0.000000	0.000000	0.000000	0.000000	0.000000	0.000000	0.000000	0.000000	17.593857	0.000000	0.000000	0.000000
1764624651.658846140	0.000000	0.000000	-0.014842	0.000000	0.000000	0.000000	0.000000	0.000000	0.181647	0.000000	0.000000	0.000000	0.000000	0.000000	0.000000	0.000000	0.000000	0.000000	0.000000	0.000000	17.593857	0.000000	0.000000	0.000000
1764624651.669525862	0.000000	0.000000	-0.014826	0.000000	0.000000	0.000000	0.000000	0.000000	0.181647	0.000000	0.000000	0.000000	0.000000	0.000000	0.000000	0.000000	0.000000	0.000000	0.000000	0.000000	17.593857	0.000000	0.000000	0.000000
1764624651.679520607	0.000000	0.000000	-0.005196	0.000000	0.000000	0.000000	0.000000	0.000000	0.181647	0.000000	0.000000	0.000000	0.000000	0.000000	0.000000	0.000000	0.000000	0.000000	0.000000	0.000000	17.593857	0.000000	0.000000	0.000000
1764624651.701802492	0.000000	0.000000	0.001423	0.000000	0.000000	0.000000	0.000000	0.000000	0.181647	0.000000	0.000000	0.000000	0.000000	0.000000	0.000000	0.000000	0.000000	0.000000	0.000000	0.000000	17.593857	0.000000	0.000000	0.000000
1764624651.702969551	0.000000	0.000000	-0.030765	0.000000	0.000000	0.000000	0.000000	0.000000	0.181647	0.000000	0.000000	0.000000	0.000000	0.000000	0.000000	0.000000	0.000000	0.000000	0.000000	0.000000	17.593857	0.000000	0.000000	0.000000
1764624651.709237576	0.000000	0.000000	0.031827	0.000000	0.000000	0.000000	0.000000	0.000000	0.192979	0.000000	0.000000	0.000000	0.000000	0.000000	0.000000	0.000000	0.000000	0.000000	0.000000	0.000000	17.593857	0.000000	0.000000	0.000000
1764624651.718914986	0.000000	0.000000	0.004536	0.000000	0.000000	0.000000	0.000000	0.000000	0.192979	0.000000	0.000000	0.000000	0.000000	0.000000	0.000000	0.000000	0.000000	0.000000	0.000000	0.000000	17.593857	0.000000	0.000000	0.000000
1764624651.729465485	0.000000	0.000000	-0.015890	0.000000	0.000000	0.000000	0.000000	0.000000	0.192979	0.000000	0.000000	0.000000	0.000000	0.000000	0.000000	0.000000	0.000000	0.000000	0.000000	0.000000	17.593857	0.000000	0.000000	0.000000
1764624651.748405457	0.000000	0.000000	-0.000368	0.000000	0.000000	0.000000	0.000000	0.000000	0.192979	0.000000	0.000000	0.000000	0.000000	0.000000	0.000000	0.000000	0.000000	0.000000	0.000000	0.000000	17.593857	0.000000	0.000000	0.000000
1764624651.749746084	0.000000	0.000000	-0.007588	0.000000	0.000000	0.000000	0.000000	0.000000	0.192979	0.000000	0.000000	0.000000	0.000000	0.000000	0.000000	0.000000	0.000000	0.000000	0.000000	0.000000	17.593857	0.000000	0.000000	0.000000
1764624651.759313583	0.000000	0.000000	0.002724	0.000000	0.000000	0.000000	0.000000	0.000000	0.192979	0.000000	0.000000	0.000000	0.000000	0.000000	0.000000	0.000000	0.000000	0.000000	0.000000	0.000000	17.593857	0.000000	0.000000	0.000000
1764624651.777780771	0.000000	0.000000	-0.018955	0.000000	0.000000	0.000000	0.000000	0.000000	0.192979	0.000000	0.000000	0.000000	0.000000	0.000000	0.000000	0.000000	0.000000	0.000000	0.000000	0.000000	17.593857	0.000000	0.000000	0.000000
1764624651.777808905	0.000000	0.000000	0.005504	0.000000	0.000000	0.000000	0.000000	0.000000	0.192979	0.000000	0.000000	0.000000	0.000000	0.000000	0.000000	0.000000	0.000000	0.000000	0.000000	0.000000	17.593857	0.000000	0.000000	0.000000
1764624651.789556503	0.000000	0.000000	0.005172	0.000000	0.000000	0.000000	0.000000	0.000000	0.192979	0.000000	0.000000	0.000000	0.000000	0.000000	0.000000	0.000000	0.000000	0.000000	0.000000	0.000000	17.593857	0.000000	0.000000	0.000000
1764624651.799507380	0.000000	0.000000	0.052919	0.000000	0.000000	0.000000	0.000000	0.000000	0.192979	0.000000	0.000000	0.000000	0.000000	0.000000	0.000000	0.000000	0.000000	0.000000	0.000000	0.000000	17.593857	0.000000	0.000000	0.000000
1764624651.808788300	0.000000	0.000000	-0.021332	0.000000	0.000000	0.000000	0.000000	0.000000	0.192979	0.000000	0.000000	0.000000	0.000000	0.000000	0.000000	0.000000	0.000000	0.000000	0.000000	0.000000	17.593857	0.000000	0.000000	0.000000
1764624651.827522755	0.000000	0.000000	-0.004451	0.000000	0.000000	0.000000	0.000000	0.000000	0.192979	0.000000	0.000000	0.000000	0.000000	0.000000	0.000000	0.000000	0.000000	0.000000	0.000000	0.000000	17.593857	0.000000	0.000000	0.000000
1764624651.830564976	0.000000	0.000000	-0.081186	0.000000	0.000000	0.000000	0.000000	0.000000	0.192979	0.000000	0.000000	0.000000	0.000000	0.000000	0.000000	0.000000	0.000000	0.000000	0.000000	0.000000	17.593857	0.000000	0.000000	0.000000
1764624651.839108706	0.000000	0.000000	0.046410	0.000000	0.000000	0.000000	0.000000	0.000000	0.192979	0.000000	0.000000	0.000000	0.000000	0.000000	0.000000	0.000000	0.000000	0.000000	0.000000	0.000000	17.593857	0.000000	0.000000	0.000000
1764624651.856727362	0.000000	0.000000	0.013498	0.000000	0.000000	0.000000	0.000000	0.000000	0.192979	0.000000	0.000000	0.000000	0.000000	0.000000	0.000000	0.000000	0.000000	0.000000	0.000000	0.000000	17.593857	0.000000	0.000000	0.000000
1764624651.859039068	0.000000	0.000000	-0.053465	0.000000	0.000000	0.000000	0.000000	0.000000	0.192979	0.000000	0.000000	0.000000	0.000000	0.000000	0.000000	0.000000	0.000000	0.000000	0.000000	0.000000	17.593857	0.000000	0.000000	0.000000
1764624651.869493246	0.000000	0.000000	0.041874	0.000000	0.000000	0.000000	0.000000	0.000000	0.192979	0.000000	0.000000	0.000000	0.000000	0.000000	0.000000	0.000000	0.000000	0.000000	0.000000	0.000000	17.593857	0.000000	0.000000	0.000000
1764624651.879614592	0.000000	0.000000	-0.008233	0.000000	0.000000	0.000000	0.000000	0.000000	0.192979	0.000000	0.000000	0.000000	0.000000	0.000000	0.000000	0.000000	0.000000	0.000000	0.000000	0.000000	17.593857	0.000000	0.000000	0.000000
1764624651.889035225	0.000000	0.000000	-0.057354	0.000000	0.000000	0.000000	0.000000	0.000000	0.192979	0.000000	0.000000	0.000000	0.000000	0.000000	0.000000	0.000000	0.000000	0.000000	0.000000	0.000000	17.593857	0.000000	0.000000	0.000000
1764624651.899225950	0.000000	0.000000	0.074729	0.000000	0.000000	0.000000	0.000000	0.000000	0.192979	0.000000	0.000000	0.000000	0.000000	0.000000	0.000000	0.000000	0.000000	0.000000	0.000000	0.000000	17.593857	0.000000	0.000000	0.000000
1764624651.916069508	0.000000	0.000000	-0.020654	0.000000	0.000000	0.000000	0.000000	0.000000	0.192979	0.000000	0.000000	0.000000	0.000000	0.000000	0.000000	0.000000	0.000000	0.000000	0.000000	0.000000	17.593857	0.000000	0.000000	0.000000
1764624651.919521332	0.000000	0.000000	-0.006529	0.000000	0.000000	0.000000	0.000000	0.000000	0.192979	0.000000	0.000000	0.000000	0.000000	0.000000	0.000000	0.000000	0.000000	0.000000	0.000000	0.000000	17.593857	0.000000	0.000000	0.000000
1764624651.929380655	0.000000	0.000000	0.020093	0.000000	0.000000	0.000000	0.000000	0.000000	0.192979	0.000000	0.000000	0.000000	0.000000	0.000000	0.000000	0.000000	0.000000	0.000000	0.000000	0.000000	17.593857	0.000000	0.000000	0.000000
1764624651.950543404	0.000000	0.000000	-0.042017	0.000000	0.000000	0.000000	0.000000	0.000000	0.192979	0.000000	0.000000	0.000000	0.000000	0.000000	0.000000	0.000000	0.000000	0.000000	0.000000	0.000000	17.593857	0.000000	0.000000	0.000000
1764624651.950553417	0.000000	0.000000	0.029029	0.000000	0.000000	0.000000	0.000000	0.000000	0.192979	0.000000	0.000000	0.000000	0.000000	0.000000	0.000000	0.000000	0.000000	0.000000	0.000000	0.000000	17.593857	0.000000	0.000000	0.000000
1764624651.959392071	0.000000	0.000000	0.001124	0.000000	0.000000	0.000000	0.000000	0.000000	0.204005	0.000000	0.000000	0.000000	0.000000	0.000000	0.000000	0.000000	0.000000	0.000000	0.000000	0.000000	17.593857	0.000000	0.000000	0.000000
1764624651.969788551	0.000000	0.000000	-0.038631	0.000000	0.000000	0.000000	0.000000	0.000000	0.204005	0.000000	0.000000	0.000000	0.000000	0.000000	0.000000	0.000000	0.000000	0.000000	0.000000	0.000000	17.593857	0.000000	0.000000	0.000000
1764624651.979989052	0.000000	0.000000	0.043532	0.000000	0.000000	0.000000	0.000000	0.000000	0.204005	0.000000	0.000000	0.000000	0.000000	0.000000	0.000000	0.000000	0.000000	0.000000	0.000000	0.000000	17.593857	0.000000	0.000000	0.000000
1764624651.992996454	0.000000	0.000000	-0.029252	0.000000	0.000000	0.000000	0.000000	0.000000	0.204005	0.000000	0.000000	0.000000	0.000000	0.000000	0.000000	0.000000	0.000000	0.000000	0.000000	0.000000	17.593857	0.000000	0.000000	0.000000
1764624651.998781204	0.000000	0.000000	0.027341	0.000000	0.000000	0.000000	0.000000	0.000000	0.204005	0.000000	0.000000	0.000000	0.000000	0.000000	0.000000	0.000000	0.000000	0.000000	0.000000	0.000000	17.593857	0.000000	0.000000	0.000000
1764624652.009695768	0.000000	0.000000	-0.001600	0.000000	0.000000	0.000000	0.000000	0.000000	0.204005	0.000000	0.000000	0.000000	0.000000	0.000000	0.000000	0.000000	0.000000	0.000000	0.000000	0.000000	17.593857	0.000000	0.000000	0.000000
1764624652.028080463	0.000000	0.000000	0.003848	0.000000	0.000000	0.000000	0.000000	0.000000	0.204005	0.000000	0.000000	0.000000	0.000000	0.000000	0.000000	0.000000	0.000000	0.000000	0.000000	0.000000	17.593857	0.000000	0.000000	0.000000
1764624652.036683083	0.000000	0.000000	-0.001298	0.000000	0.000000	0.000000	0.000000	0.000000	0.204005	0.000000	0.000000	0.000000	0.000000	0.000000	0.000000	0.000000	0.000000	0.000000	0.000000	0.000000	17.593857	0.000000	0.000000	0.000000
1764624652.039049625	0.000000	0.000000	0.016267	0.000000	0.000000	0.000000	0.000000	0.000000	0.204005	0.000000	0.000000	0.000000	0.000000	0.000000	0.000000	0.000000	0.000000	0.000000	0.000000	0.000000	17.593857	0.000000	0.000000	0.000000
1764624652.049072504	0.000000	0.000000	-0.001185	0.000000	0.000000	0.000000	0.000000	0.000000	0.204005	0.000000	0.000000	0.000000	0.000000	0.000000	0.000000	0.000000	0.000000	0.000000	0.000000	0.000000	17.593857	0.000000	0.000000	0.000000
1764624652.066747665	0.000000	0.000000	0.021883	0.000000	0.000000	0.000000	0.000000	0.000000	0.204005	0.000000	0.000000	0.000000	0.000000	0.000000	0.000000	0.000000	0.000000	0.000000	0.000000	0.000000	17.593857	0.000000	0.000000	0.000000
1764624652.069421530	0.000000	0.000000	-0.043551	0.000000	0.000000	0.000000	0.000000	0.000000	0.204005	0.000000	0.000000	0.000000	0.000000	0.000000	0.000000	0.000000	0.000000	0.000000	0.000000	0.000000	17.593857	0.000000	0.000000	0.000000
1764624652.080263853	0.000000	0.000000	0.028767	0.000000	0.000000	0.000000	0.000000	0.000000	0.204005	0.000000	0.000000	0.000000	0.000000	0.000000	0.000000	0.000000	0.000000	0.000000	0.000000	0.000000	17.593857	0.000000	0.000000	0.000000
1764624652.090094328	0.000000	0.000000	0.010164	0.000000	0.000000	0.000000	0.000000	0.000000	0.204005	0.000000	0.000000	0.000000	0.000000	0.000000	0.000000	0.000000	0.000000	0.000000	0.000000	0.000000	17.593857	0.000000	0.000000	0.000000
1764624652.108872414	0.000000	0.000000	-0.000234	0.000000	0.000000	0.000000	0.000000	0.000000	0.204005	0.000000	0.000000	0.000000	0.000000	0.000000	0.000000	0.000000	0.000000	0.000000	0.000000	0.000000	17.593857	0.000000	0.000000	0.000000
1764624652.108887672	0.000000	0.000000	0.014247	0.000000	0.000000	0.000000	0.000000	0.000000	0.204005	0.000000	0.000000	0.000000	0.000000	0.000000	0.000000	0.000000	0.000000	0.000000	0.000000	0.000000	17.593857	0.000000	0.000000	0.000000
1764624652.119761705	0.000000	0.000000	0.000144	0.000000	0.000000	0.000000	0.000000	0.000000	0.204005	0.000000	0.000000	0.000000	0.000000	0.000000	0.000000	0.000000	0.000000	0.000000	0.000000	0.000000	17.593857	0.000000	0.000000	0.000000
1764624652.129508257	0.000000	0.000000	-0.044095	0.000000	0.000000	0.000000	0.000000	0.000000	0.204005	0.000000	0.000000	0.000000	0.000000	0.000000	0.000000	0.000000	0.000000	0.000000	0.000000	0.000000	17.593857	0.000000	0.000000	0.000000
1764624652.137837172	0.000000	0.000000	0.064361	0.000000	0.000000	0.000000	0.000000	0.000000	0.204005	0.000000	0.000000	0.000000	0.000000	0.000000	0.000000	0.000000	0.000000	0.000000	0.000000	0.000000	17.593857	0.000000	0.000000	0.000000
1764624652.158084869	0.000000	0.000000	0.010449	0.000000	0.000000	0.000000	0.000000	0.000000	0.204005	0.000000	0.000000	0.000000	0.000000	0.000000	0.000000	0.000000	0.000000	0.000000	0.000000	0.000000	17.593857	0.000000	0.000000	0.000000
1764624652.159568071	0.000000	0.000000	0.009100	0.000000	0.000000	0.000000	0.000000	0.000000	0.204005	0.000000	0.000000	0.000000	0.000000	0.000000	0.000000	0.000000	0.000000	0.000000	0.000000	0.000000	17.593857	0.000000	0.000000	0.000000
1764624652.169439316	0.000000	0.000000	0.008051	0.000000	0.000000	0.000000	0.000000	0.000000	0.204005	0.000000	0.000000	0.000000	0.000000	0.000000	0.000000	0.000000	0.000000	0.000000	0.000000	0.000000	17.593857	0.000000	0.000000	0.000000
1764624652.182749033	0.000000	0.000000	-0.021973	0.000000	0.000000	0.000000	0.000000	0.000000	0.204005	0.000000	0.000000	0.000000	0.000000	0.000000	0.000000	0.000000	0.000000	0.000000	0.000000	0.000000	17.593857	0.000000	0.000000	0.000000
1764624652.188781738	0.000000	0.000000	0.017326	0.000000	0.000000	0.000000	0.000000	0.000000	0.204005	0.000000	0.000000	0.000000	0.000000	0.000000	0.000000	0.000000	0.000000	0.000000	0.000000	0.000000	17.593857	0.000000	0.000000	0.000000
1764624652.199264050	0.000000	0.000000	0.020876	0.000000	0.000000	0.000000	0.000000	0.000000	0.204005	0.000000	0.000000	0.000000	0.000000	0.000000	0.000000	0.000000	0.000000	0.000000	0.000000	0.000000	17.593857	0.000000	0.000000	0.000000
1764624652.209792137	0.000000	0.000000	-0.003704	0.000000	0.000000	0.000000	0.000000	0.000000	0.213705	0.000000	0.000000	0.000000	0.000000	0.000000	0.000000	0.000000	0.000000	0.000000	0.000000	0.000000	17.593857	0.000000	0.000000	0.000000
1764624652.219494581	0.000000	0.000000	0.074769	0.000000	0.000000	0.000000	0.000000	0.000000	0.213705	0.000000	0.000000	0.000000	0.000000	0.000000	0.000000	0.000000	0.000000	0.000000	0.000000	0.000000	17.593857	0.000000	0.000000	0.000000
1764624652.238588572	0.000000	0.000000	-0.001219	0.000000	0.000000	0.000000	0.000000	0.000000	0.213705	0.000000	0.000000	0.000000	0.000000	0.000000	0.000000	0.000000	0.000000	0.000000	0.000000	0.000000	17.593857	0.000000	0.000000	0.000000
1764624652.238595009	0.000000	0.000000	-0.020530	0.000000	0.000000	0.000000	0.000000	0.000000	0.213705	0.000000	0.000000	0.000000	0.000000	0.000000	0.000000	0.000000	0.000000	0.000000	0.000000	0.000000	17.593857	0.000000	0.000000	0.000000
1764624652.248893976	0.000000	0.000000	0.029427	0.000000	0.000000	0.000000	0.000000	0.000000	0.213705	0.000000	0.000000	0.000000	0.000000	0.000000	0.000000	0.000000	0.000000	0.000000	0.000000	0.000000	17.593857	0.000000	0.000000	0.000000
1764624652.259029150	0.000000	0.000000	-0.017843	0.000000	0.000000	0.000000	0.000000	0.000000	0.213705	0.000000	0.000000	0.000000	0.000000	0.000000	0.000000	0.000000	0.000000	0.000000	0.000000	0.000000	17.593857	0.000000	0.000000	0.000000
1764624652.279506683	0.000000	0.000000	0.036779	0.000000	0.000000	0.000000	0.000000	0.000000	0.213705	0.000000	0.000000	0.000000	0.000000	0.000000	0.000000	0.000000	0.000000	0.000000	0.000000	0.000000	17.593857	0.000000	0.000000	0.000000
1764624652.279530764	0.000000	0.000000	-0.009159	0.000000	0.000000	0.000000	0.000000	0.000000	0.213705	0.000000	0.000000	0.000000	0.000000	0.000000	0.000000	0.000000	0.000000	0.000000	0.000000	0.000000	17.593857	0.000000	0.000000	0.000000
1764624652.304079294	0.000000	0.000000	-0.000538	0.000000	0.000000	0.000000	0.000000	0.000000	0.213705	0.000000	0.000000	0.000000	0.000000	0.000000	0.000000	0.000000	0.000000	0.000000	0.000000	0.000000	17.593857	0.000000	0.000000	0.000000
1764624652.306037903	0.000000	0.000000	0.046408	0.000000	0.000000	0.000000	0.000000	0.000000	0.213705	0.000000	0.000000	0.000000	0.000000	0.000000	0.000000	0.000000	0.000000	0.000000	0.000000	0.000000	17.593857	0.000000	0.000000	0.000000
1764624652.308887243	0.000000	0.000000	-0.028968	0.000000	0.000000	0.000000	0.000000	0.000000	0.213705	0.000000	0.000000	0.000000	0.000000	0.000000	0.000000	0.000000	0.000000	0.000000	0.000000	0.000000	17.593857	0.000000	0.000000	0.000000
1764624652.319411755	0.000000	0.000000	0.026047	0.000000	0.000000	0.000000	0.000000	0.000000	0.213705	0.000000	0.000000	0.000000	0.000000	0.000000	0.000000	0.000000	0.000000	0.000000	0.000000	0.000000	17.593857	0.000000	0.000000	0.000000
1764624652.330583096	0.000000	0.000000	0.041582	0.000000	0.000000	0.000000	0.000000	0.000000	0.213705	0.000000	0.000000	0.000000	0.000000	0.000000	0.000000	0.000000	0.000000	0.000000	0.000000	0.000000	17.593857	0.000000	0.000000	0.000000
1764624652.339125156	0.000000	0.000000	-0.026776	0.000000	0.000000	0.000000	0.000000	0.000000	0.213705	0.000000	0.000000	0.000000	0.000000	0.000000	0.000000	0.000000	0.000000	0.000000	0.000000	0.000000	17.593857	0.000000	0.000000	0.000000
1764624652.358577490	0.000000	0.000000	0.027010	0.000000	0.000000	0.000000	0.000000	0.000000	0.213705	0.000000	0.000000	0.000000	0.000000	0.000000	0.000000	0.000000	0.000000	0.000000	0.000000	0.000000	17.593857	0.000000	0.000000	0.000000
1764624652.358587742	0.000000	0.000000	0.020243	0.000000	0.000000	0.000000	0.000000	0.000000	0.213705	0.000000	0.000000	0.000000	0.000000	0.000000	0.000000	0.000000	0.000000	0.000000	0.000000	0.000000	17.593857	0.000000	0.000000	0.000000
1764624652.369438410	0.000000	0.000000	0.005344	0.000000	0.000000	0.000000	0.000000	0.000000	0.213705	0.000000	0.000000	0.000000	0.000000	0.000000	0.000000	0.000000	0.000000	0.000000	0.000000	0.000000	17.593857	0.000000	0.000000	0.000000
1764624652.380388737	0.000000	0.000000	0.015991	0.000000	0.000000	0.000000	0.000000	0.000000	0.213705	0.000000	0.000000	0.000000	0.000000	0.000000	0.000000	0.000000	0.000000	0.000000	0.000000	0.000000	17.593857	0.000000	0.000000	0.000000
1764624652.400068283	0.000000	0.000000	0.023663	0.000000	0.000000	0.000000	0.000000	0.000000	0.213705	0.000000	0.000000	0.000000	0.000000	0.000000	0.000000	0.000000	0.000000	0.000000	0.000000	0.000000	17.593857	0.000000	0.000000	0.000000
1764624652.400090933	0.000000	0.000000	0.015364	0.000000	0.000000	0.000000	0.000000	0.000000	0.213705	0.000000	0.000000	0.000000	0.000000	0.000000	0.000000	0.000000	0.000000	0.000000	0.000000	0.000000	17.593857	0.000000	0.000000	0.000000
1764624652.409769297	0.000000	0.000000	0.010161	0.000000	0.000000	0.000000	0.000000	0.000000	0.213705	0.000000	0.000000	0.000000	0.000000	0.000000	0.000000	0.000000	0.000000	0.000000	0.000000	0.000000	17.593857	0.000000	0.000000	0.000000
1764624652.419203281	0.000000	0.000000	0.011860	0.000000	0.000000	0.000000	0.000000	0.000000	0.213705	0.000000	0.000000	0.000000	0.000000	0.000000	0.000000	0.000000	0.000000	0.000000	0.000000	0.000000	17.593857	0.000000	0.000000	0.000000
1764624652.440945864	0.000000	0.000000	0.048843	0.000000	0.000000	0.000000	0.000000	0.000000	0.213705	0.000000	0.000000	0.000000	0.000000	0.000000	0.000000	0.000000	0.000000	0.000000	0.000000	0.000000	17.593857	0.000000	0.000000	0.000000
1764624652.440961123	0.000000	0.000000	0.017099	0.000000	0.000000	0.000000	0.000000	0.000000	0.213705	0.000000	0.000000	0.000000	0.000000	0.000000	0.000000	0.000000	0.000000	0.000000	0.000000	0.000000	17.593857	0.000000	0.000000	0.000000
1764624652.464684963	0.000000	0.000000	-0.016468	0.000000	0.000000	0.000000	0.000000	0.000000	0.216209	0.000000	0.000000	0.000000	0.000000	0.000000	0.000000	0.000000	0.000000	0.000000	0.000000	0.000000	17.593857	0.000000	0.000000	0.000000
1764624652.464692354	0.000000	0.000000	-0.006452	0.000000	0.000000	0.000000	0.000000	0.000000	0.216209	0.000000	0.000000	0.000000	0.000000	0.000000	0.000000	0.000000	0.000000	0.000000	0.000000	0.000000	17.593857	0.000000	0.000000	0.000000
1764624652.468761444	0.000000	0.000000	0.049221	0.000000	0.000000	0.000000	0.000000	0.000000	0.216209	0.000000	0.000000	0.000000	0.000000	0.000000	0.000000	0.000000	0.000000	0.000000	0.000000	0.000000	17.593857	0.000000	0.000000	0.000000
1764624652.477897167	0.000000	0.000000	-0.021586	0.000000	0.000000	0.000000	0.000000	0.000000	0.216209	0.000000	0.000000	0.000000	0.000000	0.000000	0.000000	0.000000	0.000000	0.000000	0.000000	0.000000	17.593857	0.000000	0.000000	0.000000
1764624652.489684343	0.000000	0.000000	0.066519	0.000000	0.000000	0.000000	0.000000	0.000000	0.216209	0.000000	0.000000	0.000000	0.000000	0.000000	0.000000	0.000000	0.000000	0.000000	0.000000	0.000000	17.593857	0.000000	0.000000	0.000000
1764624652.504703045	0.000000	0.000000	-0.007479	0.000000	0.000000	0.000000	0.000000	0.000000	0.216209	0.000000	0.000000	0.000000	0.000000	0.000000	0.000000	0.000000	0.000000	0.000000	0.000000	0.000000	17.593857	0.000000	0.000000	0.000000
1764624652.514078379	0.000000	0.000000	0.018402	0.000000	0.000000	0.000000	0.000000	0.000000	0.216209	0.000000	0.000000	0.000000	0.000000	0.000000	0.000000	0.000000	0.000000	0.000000	0.000000	0.000000	17.593857	0.000000	0.000000	0.000000
1764624652.518352747	0.000000	0.000000	0.003343	0.000000	0.000000	0.000000	0.000000	0.000000	0.216209	0.000000	0.000000	0.000000	0.000000	0.000000	0.000000	0.000000	0.000000	0.000000	0.000000	0.000000	17.593857	0.000000	0.000000	0.000000
1764624652.529541254	0.000000	0.000000	0.021627	0.000000	0.000000	0.000000	0.000000	0.000000	0.216209	0.000000	0.000000	0.000000	0.000000	0.000000	0.000000	0.000000	0.000000	0.000000	0.000000	0.000000	17.593857	0.000000	0.000000	0.000000
1764624652.539308310	0.000000	0.000000	0.009100	0.000000	0.000000	0.000000	0.000000	0.000000	0.216209	0.000000	0.000000	0.000000	0.000000	0.000000	0.000000	0.000000	0.000000	0.000000	0.000000	0.000000	17.593857	0.000000	0.000000	0.000000
1764624652.557832718	0.000000	0.000000	0.032590	0.000000	0.000000	0.000000	0.000000	0.000000	0.216209	0.000000	0.000000	0.000000	0.000000	0.000000	0.000000	0.000000	0.000000	0.000000	0.000000	0.000000	17.593857	0.000000	0.000000	0.000000
1764624652.557844639	0.000000	0.000000	0.028844	0.000000	0.000000	0.000000	0.000000	0.000000	0.216209	0.000000	0.000000	0.000000	0.000000	0.000000	0.000000	0.000000	0.000000	0.000000	0.000000	0.000000	17.593857	0.000000	0.000000	0.000000
1764624652.569432020	0.000000	0.000000	-0.001972	0.000000	0.000000	0.000000	0.000000	0.000000	0.216209	0.000000	0.000000	0.000000	0.000000	0.000000	0.000000	0.000000	0.000000	0.000000	0.000000	0.000000	17.593857	0.000000	0.000000	0.000000
1764624652.583305836	0.000000	0.000000	0.007089	0.000000	0.000000	0.000000	0.000000	0.000000	0.216209	0.000000	0.000000	0.000000	0.000000	0.000000	0.000000	0.000000	0.000000	0.000000	0.000000	0.000000	17.593857	0.000000	0.000000	0.000000
1764624652.589095592	0.000000	0.000000	0.012233	0.000000	0.000000	0.000000	0.000000	0.000000	0.216209	0.000000	0.000000	0.000000	0.000000	0.000000	0.000000	0.000000	0.000000	0.000000	0.000000	0.000000	17.593857	0.000000	0.000000	0.000000
1764624652.599167585	0.000000	0.000000	0.034288	0.000000	0.000000	0.000000	0.000000	0.000000	0.216209	0.000000	0.000000	0.000000	0.000000	0.000000	0.000000	0.000000	0.000000	0.000000	0.000000	0.000000	17.593857	0.000000	0.000000	0.000000
1764624652.609601974	0.000000	0.000000	0.006277	0.000000	0.000000	0.000000	0.000000	0.000000	0.216209	0.000000	0.000000	0.000000	0.000000	0.000000	0.000000	0.000000	0.000000	0.000000	0.000000	0.000000	17.593857	0.000000	0.000000	0.000000
1764624652.629860401	0.000000	0.000000	0.005627	0.000000	0.000000	0.000000	0.000000	0.000000	0.216209	0.000000	0.000000	0.000000	0.000000	0.000000	0.000000	0.000000	0.000000	0.000000	0.000000	0.000000	17.593857	0.000000	0.000000	0.000000
1764624652.629868507	0.000000	0.000000	0.025775	0.000000	0.000000	0.000000	0.000000	0.000000	0.216209	0.000000	0.000000	0.000000	0.000000	0.000000	0.000000	0.000000	0.000000	0.000000	0.000000	0.000000	17.593857	0.000000	0.000000	0.000000
1764624652.639609098	0.000000	0.000000	0.010195	0.000000	0.000000	0.000000	0.000000	0.000000	0.216209	0.000000	0.000000	0.000000	0.000000	0.000000	0.000000	0.000000	0.000000	0.000000	0.000000	0.000000	17.593857	0.000000	0.000000	0.000000
1764624652.662812471	0.000000	0.000000	0.024254	0.000000	0.000000	0.000000	0.000000	0.000000	0.216209	0.000000	0.000000	0.000000	0.000000	0.000000	0.000000	0.000000	0.000000	0.000000	0.000000	0.000000	17.593857	0.000000	0.000000	0.000000
1764624652.664612055	0.000000	0.000000	-0.019533	0.000000	0.000000	0.000000	0.000000	0.000000	0.216209	0.000000	0.000000	0.000000	0.000000	0.000000	0.000000	0.000000	0.000000	0.000000	0.000000	0.000000	17.593857	0.000000	0.000000	0.000000
1764624652.669116020	0.000000	0.000000	0.082089	0.000000	0.000000	0.000000	0.000000	0.000000	0.216209	0.000000	0.000000	0.000000	0.000000	0.000000	0.000000	0.000000	0.000000	0.000000	0.000000	0.000000	17.593857	0.000000	0.000000	0.000000
1764624652.679528475	0.000000	0.000000	0.005982	0.000000	0.000000	0.000000	0.000000	0.000000	0.216209	0.000000	0.000000	0.000000	0.000000	0.000000	0.000000	0.000000	0.000000	0.000000	0.000000	0.000000	17.593857	0.000000	0.000000	0.000000
1764624652.689418316	0.000000	0.000000	0.025324	0.000000	0.000000	0.000000	0.000000	0.000000	0.216209	0.000000	0.000000	0.000000	0.000000	0.000000	0.000000	0.000000	0.000000	0.000000	0.000000	0.000000	17.593857	0.000000	0.000000	0.000000
1764624652.699437618	0.000000	0.000000	0.041184	0.000000	0.000000	0.000000	0.000000	0.000000	0.216209	0.000000	0.000000	0.000000	0.000000	0.000000	0.000000	0.000000	0.000000	0.000000	0.000000	0.000000	17.593857	0.000000	0.000000	0.000000
1764624652.709483385	0.000000	0.000000	0.032255	0.000000	0.000000	0.000000	0.000000	0.000000	0.223215	0.000000	0.000000	0.000000	0.000000	0.000000	0.000000	0.000000	0.000000	0.000000	0.000000	0.000000	17.593857	0.000000	0.000000	0.000000
1764624652.718252182	0.000000	0.000000	-0.002932	0.000000	0.000000	0.000000	0.000000	0.000000	0.223215	0.000000	0.000000	0.000000	0.000000	0.000000	0.000000	0.000000	0.000000	0.000000	0.000000	0.000000	17.593857	0.000000	0.000000	0.000000
1764624652.743613482	0.000000	0.000000	0.072656	0.000000	0.000000	0.000000	0.000000	0.000000	0.223215	0.000000	0.000000	0.000000	0.000000	0.000000	0.000000	0.000000	0.000000	0.000000	0.000000	0.000000	17.593857	0.000000	0.000000	0.000000
1764624652.743633986	0.000000	0.000000	0.013559	0.000000	0.000000	0.000000	0.000000	0.000000	0.223215	0.000000	0.000000	0.000000	0.000000	0.000000	0.000000	0.000000	0.000000	0.000000	0.000000	0.000000	17.593857	0.000000	0.000000	0.000000
1764624652.748695850	0.000000	0.000000	0.033691	0.000000	0.000000	0.000000	0.000000	0.000000	0.223215	0.000000	0.000000	0.000000	0.000000	0.000000	0.000000	0.000000	0.000000	0.000000	0.000000	0.000000	17.593857	0.000000	0.000000	0.000000
1764624652.758668184	0.000000	0.000000	0.025941	0.000000	0.000000	0.000000	0.000000	0.000000	0.223215	0.000000	0.000000	0.000000	0.000000	0.000000	0.000000	0.000000	0.000000	0.000000	0.000000	0.000000	17.593857	0.000000	0.000000	0.000000
1764624652.769918919	0.000000	0.000000	0.031941	0.000000	0.000000	0.000000	0.000000	0.000000	0.223215	0.000000	0.000000	0.000000	0.000000	0.000000	0.000000	0.000000	0.000000	0.000000	0.000000	0.000000	17.593857	0.000000	0.000000	0.000000
1764624652.787682772	0.000000	0.000000	0.001495	0.000000	0.000000	0.000000	0.000000	0.000000	0.223215	0.000000	0.000000	0.000000	0.000000	0.000000	0.000000	0.000000	0.000000	0.000000	0.000000	0.000000	17.593857	0.000000	0.000000	0.000000
1764624652.789345026	0.000000	0.000000	0.018416	0.000000	0.000000	0.000000	0.000000	0.000000	0.223215	0.000000	0.000000	0.000000	0.000000	0.000000	0.000000	0.000000	0.000000	0.000000	0.000000	0.000000	17.593857	0.000000	0.000000	0.000000
1764624652.799409628	0.000000	0.000000	0.019145	0.000000	0.000000	0.000000	0.000000	0.000000	0.223215	0.000000	0.000000	0.000000	0.000000	0.000000	0.000000	0.000000	0.000000	0.000000	0.000000	0.000000	17.593857	0.000000	0.000000	0.000000
1764624652.810130835	0.000000	0.000000	0.026420	0.000000	0.000000	0.000000	0.000000	0.000000	0.223215	0.000000	0.000000	0.000000	0.000000	0.000000	0.000000	0.000000	0.000000	0.000000	0.000000	0.000000	17.593857	0.000000	0.000000	0.000000
1764624652.827853441	0.000000	0.000000	0.021456	0.000000	0.000000	0.000000	0.000000	0.000000	0.223215	0.000000	0.000000	0.000000	0.000000	0.000000	0.000000	0.000000	0.000000	0.000000	0.000000	0.000000	17.593857	0.000000	0.000000	0.000000
1764624652.830407381	0.000000	0.000000	0.024781	0.000000	0.000000	0.000000	0.000000	0.000000	0.223215	0.000000	0.000000	0.000000	0.000000	0.000000	0.000000	0.000000	0.000000	0.000000	0.000000	0.000000	17.593857	0.000000	0.000000	0.000000
1764624652.839195728	0.000000	0.000000	0.001857	0.000000	0.000000	0.000000	0.000000	0.000000	0.223215	0.000000	0.000000	0.000000	0.000000	0.000000	0.000000	0.000000	0.000000	0.000000	0.000000	0.000000	17.593857	0.000000	0.000000	0.000000
1764624652.848717690	0.000000	0.000000	-0.005185	0.000000	0.000000	0.000000	0.000000	0.000000	0.223215	0.000000	0.000000	0.000000	0.000000	0.000000	0.000000	0.000000	0.000000	0.000000	0.000000	0.000000	17.593857	0.000000	0.000000	0.000000
1764624652.859201908	0.000000	0.000000	0.050290	0.000000	0.000000	0.000000	0.000000	0.000000	0.223215	0.000000	0.000000	0.000000	0.000000	0.000000	0.000000	0.000000	0.000000	0.000000	0.000000	0.000000	17.593857	0.000000	0.000000	0.000000
1764624652.881655455	0.000000	0.000000	0.015960	0.000000	0.000000	0.000000	0.000000	0.000000	0.223215	0.000000	0.000000	0.000000	0.000000	0.000000	0.000000	0.000000	0.000000	0.000000	0.000000	0.000000	17.593857	0.000000	0.000000	0.000000
1764624652.881670713	0.000000	0.000000	0.031226	0.000000	0.000000	0.000000	0.000000	0.000000	0.223215	0.000000	0.000000	0.000000	0.000000	0.000000	0.000000	0.000000	0.000000	0.000000	0.000000	0.000000	17.593857	0.000000	0.000000	0.000000
1764624652.888832331	0.000000	0.000000	0.004153	0.000000	0.000000	0.000000	0.000000	0.000000	0.223215	0.000000	0.000000	0.000000	0.000000	0.000000	0.000000	0.000000	0.000000	0.000000	0.000000	0.000000	17.593857	0.000000	0.000000	0.000000
1764624652.901813507	0.000000	0.000000	0.042980	0.000000	0.000000	0.000000	0.000000	0.000000	0.223215	0.000000	0.000000	0.000000	0.000000	0.000000	0.000000	0.000000	0.000000	0.000000	0.000000	0.000000	17.593857	0.000000	0.000000	0.000000
1764624652.909857750	0.000000	0.000000	0.015988	0.000000	0.000000	0.000000	0.000000	0.000000	0.223215	0.000000	0.000000	0.000000	0.000000	0.000000	0.000000	0.000000	0.000000	0.000000	0.000000	0.000000	17.593857	0.000000	0.000000	0.000000
1764624652.919292212	0.000000	0.000000	0.055078	0.000000	0.000000	0.000000	0.000000	0.000000	0.223215	0.000000	0.000000	0.000000	0.000000	0.000000	0.000000	0.000000	0.000000	0.000000	0.000000	0.000000	17.593857	0.000000	0.000000	0.000000
1764624652.929512262	0.000000	0.000000	0.008011	0.000000	0.000000	0.000000	0.000000	0.000000	0.223215	0.000000	0.000000	0.000000	0.000000	0.000000	0.000000	0.000000	0.000000	0.000000	0.000000	0.000000	17.593857	0.000000	0.000000	0.000000
1764624652.939459801	0.000000	0.000000	0.029162	0.000000	0.000000	0.000000	0.000000	0.000000	0.223215	0.000000	0.000000	0.000000	0.000000	0.000000	0.000000	0.000000	0.000000	0.000000	0.000000	0.000000	17.593857	0.000000	0.000000	0.000000
1764624652.957190275	0.000000	0.000000	0.050190	0.000000	0.000000	0.000000	0.000000	0.000000	0.223762	0.000000	0.000000	0.000000	0.000000	0.000000	0.000000	0.000000	0.000000	0.000000	0.000000	0.000000	17.593857	0.000000	0.000000	0.000000
1764624652.959230661	0.000000	0.000000	0.050494	0.000000	0.000000	0.000000	0.000000	0.000000	0.223762	0.000000	0.000000	0.000000	0.000000	0.000000	0.000000	0.000000	0.000000	0.000000	0.000000	0.000000	17.593857	0.000000	0.000000	0.000000
1764624652.969648123	0.000000	0.000000	0.022619	0.000000	0.000000	0.000000	0.000000	0.000000	0.223762	0.000000	0.000000	0.000000	0.000000	0.000000	0.000000	0.000000	0.000000	0.000000	0.000000	0.000000	17.593857	0.000000	0.000000	0.000000
1764624652.989194870	0.000000	0.000000	0.030493	0.000000	0.000000	0.000000	0.000000	0.000000	0.223762	0.000000	0.000000	0.000000	0.000000	0.000000	0.000000	0.000000	0.000000	0.000000	0.000000	0.000000	17.593857	0.000000	0.000000	0.000000
1764624652.990556955	0.000000	0.000000	-0.010292	0.000000	0.000000	0.000000	0.000000	0.000000	0.223762	0.000000	0.000000	0.000000	0.000000	0.000000	0.000000	0.000000	0.000000	0.000000	0.000000	0.000000	17.593857	0.000000	0.000000	0.000000
1764624652.998299360	0.000000	0.000000	0.088601	0.000000	0.000000	0.000000	0.000000	0.000000	0.223762	0.000000	0.000000	0.000000	0.000000	0.000000	0.000000	0.000000	0.000000	0.000000	0.000000	0.000000	17.593857	0.000000	0.000000	0.000000
1764624653.009811640	0.000000	0.000000	0.016030	0.000000	0.000000	0.000000	0.000000	0.000000	0.223762	0.000000	0.000000	0.000000	0.000000	0.000000	0.000000	0.000000	0.000000	0.000000	0.000000	0.000000	17.593857	0.000000	0.000000	0.000000
1764624653.019145012	0.000000	0.000000	-0.040008	0.000000	0.000000	0.000000	0.000000	0.000000	0.223762	0.000000	0.000000	0.000000	0.000000	0.000000	0.000000	0.000000	0.000000	0.000000	0.000000	0.000000	17.593857	0.000000	0.000000	0.000000
1764624653.038977623	0.000000	0.000000	0.079214	0.000000	0.000000	0.000000	0.000000	0.000000	0.223762	0.000000	0.000000	0.000000	0.000000	0.000000	0.000000	0.000000	0.000000	0.000000	0.000000	0.000000	17.593857	0.000000	0.000000	0.000000
1764624653.038996220	0.000000	0.000000	0.022213	0.000000	0.000000	0.000000	0.000000	0.000000	0.223762	0.000000	0.000000	0.000000	0.000000	0.000000	0.000000	0.000000	0.000000	0.000000	0.000000	0.000000	17.593857	0.000000	0.000000	0.000000
1764624653.049325466	0.000000	0.000000	-0.000925	0.000000	0.000000	0.000000	0.000000	0.000000	0.223762	0.000000	0.000000	0.000000	0.000000	0.000000	0.000000	0.000000	0.000000	0.000000	0.000000	0.000000	17.593857	0.000000	0.000000	0.000000
1764624653.066311359	0.000000	0.000000	0.065769	0.000000	0.000000	0.000000	0.000000	0.000000	0.223762	0.000000	0.000000	0.000000	0.000000	0.000000	0.000000	0.000000	0.000000	0.000000	0.000000	0.000000	17.593857	0.000000	0.000000	0.000000
1764624653.068929195	0.000000	0.000000	-0.017543	0.000000	0.000000	0.000000	0.000000	0.000000	0.223762	0.000000	0.000000	0.000000	0.000000	0.000000	0.000000	0.000000	0.000000	0.000000	0.000000	0.000000	17.593857	0.000000	0.000000	0.000000
1764624653.079705954	0.000000	0.000000	0.033497	0.000000	0.000000	0.000000	0.000000	0.000000	0.223762	0.000000	0.000000	0.000000	0.000000	0.000000	0.000000	0.000000	0.000000	0.000000	0.000000	0.000000	17.593857	0.000000	0.000000	0.000000
1764624653.088958025	0.000000	0.000000	0.066533	0.000000	0.000000	0.000000	0.000000	0.000000	0.223762	0.000000	0.000000	0.000000	0.000000	0.000000	0.000000	0.000000	0.000000	0.000000	0.000000	0.000000	17.593857	0.000000	0.000000	0.000000
1764624653.103344202	0.000000	0.000000	-0.013675	0.000000	0.000000	0.000000	0.000000	0.000000	0.223762	0.000000	0.000000	0.000000	0.000000	0.000000	0.000000	0.000000	0.000000	0.000000	0.000000	0.000000	17.593857	0.000000	0.000000	0.000000
1764624653.109390497	0.000000	0.000000	0.041938	0.000000	0.000000	0.000000	0.000000	0.000000	0.223762	0.000000	0.000000	0.000000	0.000000	0.000000	0.000000	0.000000	0.000000	0.000000	0.000000	0.000000	17.593857	0.000000	0.000000	0.000000
1764624653.119275331	0.000000	0.000000	0.042569	0.000000	0.000000	0.000000	0.000000	0.000000	0.223762	0.000000	0.000000	0.000000	0.000000	0.000000	0.000000	0.000000	0.000000	0.000000	0.000000	0.000000	17.593857	0.000000	0.000000	0.000000
1764624653.129355192	0.000000	0.000000	0.014513	0.000000	0.000000	0.000000	0.000000	0.000000	0.223762	0.000000	0.000000	0.000000	0.000000	0.000000	0.000000	0.000000	0.000000	0.000000	0.000000	0.000000	17.593857	0.000000	0.000000	0.000000
1764624653.147151947	0.000000	0.000000	0.057576	0.000000	0.000000	0.000000	0.000000	0.000000	0.223762	0.000000	0.000000	0.000000	0.000000	0.000000	0.000000	0.000000	0.000000	0.000000	0.000000	0.000000	17.593857	0.000000	0.000000	0.000000
1764624653.147178411	0.000000	0.000000	-0.008610	0.000000	0.000000	0.000000	0.000000	0.000000	0.223762	0.000000	0.000000	0.000000	0.000000	0.000000	0.000000	0.000000	0.000000	0.000000	0.000000	0.000000	17.593857	0.000000	0.000000	0.000000
1764624653.159987450	0.000000	0.000000	0.046073	0.000000	0.000000	0.000000	0.000000	0.000000	0.223762	0.000000	0.000000	0.000000	0.000000	0.000000	0.000000	0.000000	0.000000	0.000000	0.000000	0.000000	17.593857	0.000000	0.000000	0.000000
1764624653.178953648	0.000000	0.000000	0.089976	0.000000	0.000000	0.000000	0.000000	0.000000	0.223762	0.000000	0.000000	0.000000	0.000000	0.000000	0.000000	0.000000	0.000000	0.000000	0.000000	0.000000	17.593857	0.000000	0.000000	0.000000
1764624653.184798717	0.000000	0.000000	-0.001671	0.000000	0.000000	0.000000	0.000000	0.000000	0.223762	0.000000	0.000000	0.000000	0.000000	0.000000	0.000000	0.000000	0.000000	0.000000	0.000000	0.000000	17.593857	0.000000	0.000000	0.000000
1764624653.188848972	0.000000	0.000000	0.024971	0.000000	0.000000	0.000000	0.000000	0.000000	0.223762	0.000000	0.000000	0.000000	0.000000	0.000000	0.000000	0.000000	0.000000	0.000000	0.000000	0.000000	17.593857	0.000000	0.000000	0.000000
1764624653.199524403	0.000000	0.000000	0.047441	0.000000	0.000000	0.000000	0.000000	0.000000	0.223762	0.000000	0.000000	0.000000	0.000000	0.000000	0.000000	0.000000	0.000000	0.000000	0.000000	0.000000	17.593857	0.000000	0.000000	0.000000
1764624653.209916353	0.000000	0.000000	0.015222	0.000000	0.000000	0.000000	0.000000	0.000000	0.226186	0.000000	0.000000	0.000000	0.000000	0.000000	0.000000	0.000000	0.000000	0.000000	0.000000	0.000000	17.593857	0.000000	0.000000	0.000000
1764624653.228004456	0.000000	0.000000	0.044706	0.000000	0.000000	0.000000	0.000000	0.000000	0.226186	0.000000	0.000000	0.000000	0.000000	0.000000	0.000000	0.000000	0.000000	0.000000	0.000000	0.000000	17.593857	0.000000	0.000000	0.000000
1764624653.229517460	0.000000	0.000000	0.000435	0.000000	0.000000	0.000000	0.000000	0.000000	0.226186	0.000000	0.000000	0.000000	0.000000	0.000000	0.000000	0.000000	0.000000	0.000000	0.000000	0.000000	17.593857	0.000000	0.000000	0.000000
1764624653.238766432	0.000000	0.000000	0.048747	0.000000	0.000000	0.000000	0.000000	0.000000	0.226186	0.000000	0.000000	0.000000	0.000000	0.000000	0.000000	0.000000	0.000000	0.000000	0.000000	0.000000	17.593857	0.000000	0.000000	0.000000
1764624653.249139786	0.000000	0.000000	0.044402	0.000000	0.000000	0.000000	0.000000	0.000000	0.226186	0.000000	0.000000	0.000000	0.000000	0.000000	0.000000	0.000000	0.000000	0.000000	0.000000	0.000000	17.593857	0.000000	0.000000	0.000000
1764624653.271290064	0.000000	0.000000	0.031251	0.000000	0.000000	0.000000	0.000000	0.000000	0.226186	0.000000	0.000000	0.000000	0.000000	0.000000	0.000000	0.000000	0.000000	0.000000	0.000000	0.000000	17.593857	0.000000	0.000000	0.000000
1764624653.272868872	0.000000	0.000000	0.031846	0.000000	0.000000	0.000000	0.000000	0.000000	0.226186	0.000000	0.000000	0.000000	0.000000	0.000000	0.000000	0.000000	0.000000	0.000000	0.000000	0.000000	17.593857	0.000000	0.000000	0.000000
1764624653.279546499	0.000000	0.000000	0.035742	0.000000	0.000000	0.000000	0.000000	0.000000	0.226186	0.000000	0.000000	0.000000	0.000000	0.000000	0.000000	0.000000	0.000000	0.000000	0.000000	0.000000	17.593857	0.000000	0.000000	0.000000
1764624653.288996458	0.000000	0.000000	-0.025151	0.000000	0.000000	0.000000	0.000000	0.000000	0.226186	0.000000	0.000000	0.000000	0.000000	0.000000	0.000000	0.000000	0.000000	0.000000	0.000000	0.000000	0.000000	0.000000	0.000000	0.000000
1764624653.312743187	0.000000	0.000000	0.066079	0.000000	0.000000	0.000000	0.000000	0.000000	0.226186	0.000000	0.000000	0.000000	0.000000	0.000000	0.000000	0.000000	0.000000	0.000000	0.000000	0.000000	0.000000	0.000000	0.000000	0.000000
1764624653.312751770	0.000000	0.000000	0.017747	0.000000	0.000000	0.000000	0.000000	0.000000	0.226186	0.000000	0.000000	0.000000	0.000000	0.000000	0.000000	0.000000	0.000000	0.000000	0.000000	0.000000	0.000000	0.000000	0.000000	0.000000
1764624653.319068670	0.000000	0.000000	0.070516	0.000000	0.000000	0.000000	0.000000	0.000000	0.226186	0.000000	0.000000	0.000000	0.000000	0.000000	0.000000	0.000000	0.000000	0.000000	0.000000	0.000000	0.000000	0.000000	0.000000	0.000000
1764624653.330082178	0.000000	0.000000	0.050900	0.000000	0.000000	0.000000	0.000000	0.000000	0.226186	0.000000	0.000000	0.000000	0.000000	0.000000	0.000000	0.000000	0.000000	0.000000	0.000000	0.000000	0.000000	0.000000	0.000000	0.000000
1764624653.344022989	0.000000	0.000000	-0.014398	0.000000	0.000000	0.000000	0.000000	0.000000	0.226186	0.000000	0.000000	0.000000	0.000000	0.000000	0.000000	0.000000	0.000000	0.000000	0.000000	0.000000	0.000000	0.000000	0.000000	0.000000
1764624653.348520756	0.000000	0.000000	-0.093570	0.000000	0.000000	0.000000	0.000000	0.000000	0.226186	0.000000	0.000000	0.000000	0.000000	0.000000	0.000000	0.000000	0.000000	0.000000	0.000000	0.000000	0.000000	0.000000	0.000000	0.000000
1764624653.359618664	0.000000	0.000000	-0.118642	0.000000	0.000000	0.000000	0.000000	0.000000	0.226186	0.000000	0.000000	0.000000	0.000000	0.000000	0.000000	0.000000	0.000000	0.000000	0.000000	0.000000	0.000000	0.000000	0.000000	0.000000
1764624653.370899200	0.000000	0.000000	-0.235737	0.000000	0.000000	0.000000	0.000000	0.000000	0.226186	0.000000	0.000000	0.000000	0.000000	0.000000	0.000000	0.000000	0.000000	0.000000	0.000000	0.000000	0.000000	0.000000	0.000000	0.000000
1764624653.379524708	0.000000	0.000000	-0.234054	0.000000	0.000000	0.000000	0.000000	0.000000	0.226186	0.000000	0.000000	0.000000	0.000000	0.000000	0.000000	0.000000	0.000000	0.000000	0.000000	0.000000	0.000000	0.000000	0.000000	0.000000
1764624653.389721632	0.000000	0.000000	-0.240599	0.000000	0.000000	0.000000	0.000000	0.000000	0.226186	0.000000	0.000000	0.000000	0.000000	0.000000	0.000000	0.000000	0.000000	0.000000	0.000000	0.000000	0.000000	0.000000	0.000000	0.000000
1764624653.398835659	0.000000	0.000000	-0.321090	0.000000	0.000000	0.000000	0.000000	0.000000	0.226186	0.000000	0.000000	0.000000	0.000000	0.000000	0.000000	0.000000	0.000000	0.000000	0.000000	0.000000	0.000000	0.000000	0.000000	0.000000
1764624653.409839153	0.000000	0.000000	-0.297443	0.000000	0.000000	0.000000	0.000000	0.000000	0.226186	0.000000	0.000000	0.000000	0.000000	0.000000	0.000000	0.000000	0.000000	0.000000	0.000000	0.000000	0.000000	0.000000	0.000000	0.000000
1764624653.419584513	0.000000	0.000000	-0.286359	0.000000	0.000000	0.000000	0.000000	0.000000	0.226186	0.000000	0.000000	0.000000	0.000000	0.000000	0.000000	0.000000	0.000000	0.000000	0.000000	0.000000	0.000000	0.000000	0.000000	0.000000
1764624653.437291861	0.000000	0.000000	-0.351744	0.000000	0.000000	0.000000	0.000000	0.000000	0.226186	0.000000	0.000000	0.000000	0.000000	0.000000	0.000000	0.000000	0.000000	0.000000	0.000000	0.000000	0.000000	0.000000	0.000000	0.000000
1764624653.439229488	0.000000	0.000000	-0.345131	0.000000	0.000000	0.000000	0.000000	0.000000	0.226186	0.000000	0.000000	0.000000	0.000000	0.000000	0.000000	0.000000	0.000000	0.000000	0.000000	0.000000	0.000000	0.000000	0.000000	0.000000
1764624653.448848248	0.000000	0.000000	-0.274682	0.000000	0.000000	0.000000	0.000000	0.000000	0.226186	0.000000	0.000000	0.000000	0.000000	0.000000	0.000000	0.000000	0.000000	0.000000	0.000000	0.000000	0.000000	0.000000	0.000000	0.000000
1764624653.464176893	0.000000	0.000000	-0.329549	0.000000	0.000000	0.000000	0.000000	0.000000	0.171621	0.000000	0.000000	0.000000	0.000000	0.000000	0.000000	0.000000	0.000000	0.000000	0.000000	0.000000	0.000000	0.000000	0.000000	0.000000
1764624653.469667673	0.000000	0.000000	-0.288054	0.000000	0.000000	0.000000	0.000000	0.000000	0.171621	0.000000	0.000000	0.000000	0.000000	0.000000	0.000000	0.000000	0.000000	0.000000	0.000000	0.000000	0.000000	0.000000	0.000000	0.000000
1764624653.478978157	0.000000	0.000000	-0.255298	0.000000	0.000000	0.000000	0.000000	0.000000	0.171621	0.000000	0.000000	0.000000	0.000000	0.000000	0.000000	0.000000	0.000000	0.000000	0.000000	0.000000	0.000000	0.000000	0.000000	0.000000
1764624653.489848852	0.000000	0.000000	-0.235581	0.000000	0.000000	0.000000	0.000000	0.000000	0.171621	0.000000	0.000000	0.000000	0.000000	0.000000	0.000000	0.000000	0.000000	0.000000	0.000000	0.000000	0.000000	0.000000	0.000000	0.000000
1764624653.499949217	0.000000	0.000000	-0.240777	0.000000	0.000000	0.000000	0.000000	0.000000	0.171621	0.000000	0.000000	0.000000	0.000000	0.000000	0.000000	0.000000	0.000000	0.000000	0.000000	0.000000	0.000000	0.000000	0.000000	0.000000
1764624653.521919250	0.000000	0.000000	-0.224158	0.000000	0.000000	0.000000	0.000000	0.000000	0.171621	0.000000	0.000000	0.000000	0.000000	0.000000	0.000000	0.000000	0.000000	0.000000	0.000000	0.000000	0.000000	0.000000	0.000000	0.000000
1764624653.521940231	0.000000	0.000000	-0.195936	0.000000	0.000000	0.000000	0.000000	0.000000	0.171621	0.000000	0.000000	0.000000	0.000000	0.000000	0.000000	0.000000	0.000000	0.000000	0.000000	0.000000	0.000000	0.000000	0.000000	0.000000
1764624653.542905807	0.000000	0.000000	-0.194428	0.000000	0.000000	0.000000	0.000000	0.000000	0.171621	0.000000	0.000000	0.000000	0.000000	0.000000	0.000000	0.000000	0.000000	0.000000	0.000000	0.000000	0.000000	0.000000	0.000000	0.000000
1764624653.544483185	0.000000	0.000000	-0.185111	0.000000	0.000000	0.000000	0.000000	0.000000	0.171621	0.000000	0.000000	0.000000	0.000000	0.000000	0.000000	0.000000	0.000000	0.000000	0.000000	0.000000	0.000000	0.000000	0.000000	0.000000
1764624653.553445816	0.000000	0.000000	-0.165436	0.000000	0.000000	0.000000	0.000000	0.000000	0.171621	0.000000	0.000000	0.000000	0.000000	0.000000	0.000000	0.000000	0.000000	0.000000	0.000000	0.000000	0.000000	0.000000	0.000000	0.000000
1764624653.559386492	0.000000	0.000000	-0.156868	0.000000	0.000000	0.000000	0.000000	0.000000	0.171621	0.000000	0.000000	0.000000	0.000000	0.000000	0.000000	0.000000	0.000000	0.000000	0.000000	0.000000	0.000000	0.000000	0.000000	0.000000
1764624653.579549074	0.000000	0.000000	-0.146112	0.000000	0.000000	0.000000	0.000000	0.000000	0.171621	0.000000	0.000000	0.000000	0.000000	0.000000	0.000000	0.000000	0.000000	0.000000	0.000000	0.000000	0.000000	0.000000	0.000000	0.000000
1764624653.587356091	0.000000	0.000000	-0.140887	0.000000	0.000000	0.000000	0.000000	0.000000	0.171621	0.000000	0.000000	0.000000	0.000000	0.000000	0.000000	0.000000	0.000000	0.000000	0.000000	0.000000	0.000000	0.000000	0.000000	0.000000
1764624653.590635061	0.000000	0.000000	-0.127505	0.000000	0.000000	0.000000	0.000000	0.000000	0.171621	0.000000	0.000000	0.000000	0.000000	0.000000	0.000000	0.000000	0.000000	0.000000	0.000000	0.000000	0.000000	0.000000	0.000000	0.000000
1764624653.603321791	0.000000	0.000000	-0.140282	0.000000	0.000000	0.000000	0.000000	0.000000	0.171621	0.000000	0.000000	0.000000	0.000000	0.000000	0.000000	0.000000	0.000000	0.000000	0.000000	0.000000	0.000000	0.000000	0.000000	0.000000
1764624653.609133244	0.000000	0.000000	-0.116014	0.000000	0.000000	0.000000	0.000000	0.000000	0.171621	0.000000	0.000000	0.000000	0.000000	0.000000	0.000000	0.000000	0.000000	0.000000	0.000000	0.000000	0.000000	0.000000	0.000000	0.000000
1764624653.631174564	0.000000	0.000000	-0.118530	0.000000	0.000000	0.000000	0.000000	0.000000	0.171621	0.000000	0.000000	0.000000	0.000000	0.000000	0.000000	0.000000	0.000000	0.000000	0.000000	0.000000	0.000000	0.000000	0.000000	0.000000
1764624653.631189823	0.000000	0.000000	-0.127842	0.000000	0.000000	0.000000	0.000000	0.000000	0.171621	0.000000	0.000000	0.000000	0.000000	0.000000	0.000000	0.000000	0.000000	0.000000	0.000000	0.000000	0.000000	0.000000	0.000000	0.000000
1764624653.639878511	0.000000	0.000000	-0.120553	0.000000	0.000000	0.000000	0.000000	0.000000	0.171621	0.000000	0.000000	0.000000	0.000000	0.000000	0.000000	0.000000	0.000000	0.000000	0.000000	0.000000	0.000000	0.000000	0.000000	0.000000
1764624653.649209023	0.000000	0.000000	-0.111187	0.000000	0.000000	0.000000	0.000000	0.000000	0.171621	0.000000	0.000000	0.000000	0.000000	0.000000	0.000000	0.000000	0.000000	0.000000	0.000000	0.000000	0.000000	0.000000	0.000000	0.000000
1764624653.658039093	0.000000	0.000000	-0.118391	0.000000	0.000000	0.000000	0.000000	0.000000	0.171621	0.000000	0.000000	0.000000	0.000000	0.000000	0.000000	0.000000	0.000000	0.000000	0.000000	0.000000	0.000000	0.000000	0.000000	0.000000
1764624653.677915812	0.000000	0.000000	-0.108123	0.000000	0.000000	0.000000	0.000000	0.000000	0.171621	0.000000	0.000000	0.000000	0.000000	0.000000	0.000000	0.000000	0.000000	0.000000	0.000000	0.000000	0.000000	0.000000	0.000000	0.000000
1764624653.679713964	0.000000	0.000000	-0.100829	0.000000	0.000000	0.000000	0.000000	0.000000	0.171621	0.000000	0.000000	0.000000	0.000000	0.000000	0.000000	0.000000	0.000000	0.000000	0.000000	0.000000	0.000000	0.000000	0.000000	0.000000
1764624653.689011335	0.000000	0.000000	-0.100864	0.000000	0.000000	0.000000	0.000000	0.000000	0.171621	0.000000	0.000000	0.000000	0.000000	0.000000	0.000000	0.000000	0.000000	0.000000	0.000000	0.000000	-16.008848	0.000000	0.000000	0.000000
1764624653.699641705	0.000000	0.000000	-0.099146	0.000000	0.000000	0.000000	0.000000	0.000000	0.171621	0.000000	0.000000	0.000000	0.000000	0.000000	0.000000	0.000000	0.000000	0.000000	0.000000	0.000000	-16.008848	0.000000	0.000000	0.000000
1764624653.723605871	0.000000	0.000000	-0.097060	0.000000	0.000000	0.000000	0.000000	0.000000	0.139948	0.000000	0.000000	0.000000	0.000000	0.000000	0.000000	0.000000	0.000000	0.000000	0.000000	0.000000	-16.008848	0.000000	0.000000	0.000000
1764624653.723625660	0.000000	0.000000	-0.094560	0.000000	0.000000	0.000000	0.000000	0.000000	0.139948	0.000000	0.000000	0.000000	0.000000	0.000000	0.000000	0.000000	0.000000	0.000000	0.000000	0.000000	-16.008848	0.000000	0.000000	0.000000
1764624653.729154110	0.000000	0.000000	-0.092865	0.000000	0.000000	0.000000	0.000000	0.000000	0.139948	0.000000	0.000000	0.000000	0.000000	0.000000	0.000000	0.000000	0.000000	0.000000	0.000000	0.000000	-16.008848	0.000000	0.000000	0.000000
1764624653.751801252	0.000000	0.000000	-0.085282	0.000000	0.000000	0.000000	0.000000	0.000000	0.139948	0.000000	0.000000	0.000000	0.000000	0.000000	0.000000	0.000000	0.000000	0.000000	0.000000	0.000000	-16.008848	0.000000	0.000000	0.000000
1764624653.751816034	0.000000	0.000000	-0.083965	0.000000	0.000000	0.000000	0.000000	0.000000	0.139948	0.000000	0.000000	0.000000	0.000000	0.000000	0.000000	0.000000	0.000000	0.000000	0.000000	0.000000	-16.008848	0.000000	0.000000	0.000000
1764624653.758956671	0.000000	0.000000	-0.088035	0.000000	0.000000	0.000000	0.000000	0.000000	0.139948	0.000000	0.000000	0.000000	0.000000	0.000000	0.000000	0.000000	0.000000	0.000000	0.000000	0.000000	-16.008848	0.000000	0.000000	0.000000
1764624653.769567013	0.000000	0.000000	-0.075954	0.000000	0.000000	0.000000	0.000000	0.000000	0.139948	0.000000	0.000000	0.000000	0.000000	0.000000	0.000000	0.000000	0.000000	0.000000	0.000000	0.000000	-16.008848	0.000000	0.000000	0.000000
1764624653.790702820	0.000000	0.000000	-0.099480	0.000000	0.000000	0.000000	0.000000	0.000000	0.139948	0.000000	0.000000	0.000000	0.000000	0.000000	0.000000	0.000000	0.000000	0.000000	0.000000	0.000000	-16.008848	0.000000	0.000000	0.000000
1764624653.790710449	0.000000	0.000000	-0.067348	0.000000	0.000000	0.000000	0.000000	0.000000	0.139948	0.000000	0.000000	0.000000	0.000000	0.000000	0.000000	0.000000	0.000000	0.000000	0.000000	0.000000	-16.008848	0.000000	0.000000	0.000000
1764624653.799148798	0.000000	0.000000	-0.113000	0.000000	0.000000	0.000000	0.000000	0.000000	0.139948	0.000000	0.000000	0.000000	0.000000	0.000000	0.000000	0.000000	0.000000	0.000000	0.000000	0.000000	-16.008848	0.000000	0.000000	0.000000
1764624653.808743000	0.000000	0.000000	-0.120466	0.000000	0.000000	0.000000	0.000000	0.000000	0.139948	0.000000	0.000000	0.000000	0.000000	0.000000	0.000000	0.000000	0.000000	0.000000	0.000000	0.000000	-16.008848	0.000000	0.000000	0.000000
1764624653.826469660	0.000000	0.000000	-0.092790	0.000000	0.000000	0.000000	0.000000	0.000000	0.139948	0.000000	0.000000	0.000000	0.000000	0.000000	0.000000	0.000000	0.000000	0.000000	0.000000	0.000000	-16.008848	0.000000	0.000000	0.000000
1764624653.829304457	0.000000	0.000000	-0.143255	0.000000	0.000000	0.000000	0.000000	0.000000	0.139948	0.000000	0.000000	0.000000	0.000000	0.000000	0.000000	0.000000	0.000000	0.000000	0.000000	0.000000	-16.008848	0.000000	0.000000	0.000000
1764624653.840676546	0.000000	0.000000	-0.195779	0.000000	0.000000	0.000000	0.000000	0.000000	0.139948	0.000000	0.000000	0.000000	0.000000	0.000000	0.000000	0.000000	0.000000	0.000000	0.000000	0.000000	-16.008848	0.000000	0.000000	0.000000
1764624653.848875284	0.000000	0.000000	-0.290135	0.000000	0.000000	0.000000	0.000000	0.000000	0.139948	0.000000	0.000000	0.000000	0.000000	0.000000	0.000000	0.000000	0.000000	0.000000	0.000000	0.000000	-16.008848	0.000000	0.000000	0.000000
1764624653.867062092	0.000000	0.000000	-0.409465	0.000000	0.000000	0.000000	0.000000	0.000000	0.139948	0.000000	0.000000	0.000000	0.000000	0.000000	0.000000	0.000000	0.000000	0.000000	0.000000	0.000000	-16.008848	0.000000	0.000000	0.000000
1764624653.868927956	0.000000	0.000000	-0.490052	0.000000	0.000000	0.000000	0.000000	0.000000	0.139948	0.000000	0.000000	0.000000	0.000000	0.000000	0.000000	0.000000	0.000000	0.000000	0.000000	0.000000	-16.008848	0.000000	0.000000	0.000000
1764624653.878972769	0.000000	0.000000	-0.557502	0.000000	0.000000	0.000000	0.000000	0.000000	0.139948	0.000000	0.000000	0.000000	0.000000	0.000000	0.000000	0.000000	0.000000	0.000000	0.000000	0.000000	-16.008848	0.000000	0.000000	0.000000
1764624653.889234543	0.000000	0.000000	-0.565092	0.000000	0.000000	0.000000	0.000000	0.000000	0.139948	0.000000	0.000000	0.000000	0.000000	0.000000	0.000000	0.000000	0.000000	0.000000	0.000000	0.000000	-16.008848	0.000000	0.000000	0.000000
1764624653.898930788	0.000000	0.000000	-0.571124	0.000000	0.000000	0.000000	0.000000	0.000000	0.139948	0.000000	0.000000	0.000000	0.000000	0.000000	0.000000	0.000000	0.000000	0.000000	0.000000	0.000000	-16.008848	0.000000	0.000000	0.000000
1764624653.922011852	0.000000	0.000000	-0.484250	0.000000	0.000000	0.000000	0.000000	0.000000	0.139948	0.000000	0.000000	0.000000	0.000000	0.000000	0.000000	0.000000	0.000000	0.000000	0.000000	0.000000	-16.008848	0.000000	0.000000	0.000000
1764624653.923905849	0.000000	0.000000	-0.497761	0.000000	0.000000	0.000000	0.000000	0.000000	0.139948	0.000000	0.000000	0.000000	0.000000	0.000000	0.000000	0.000000	0.000000	0.000000	0.000000	0.000000	-16.008848	0.000000	0.000000	0.000000
1764624653.929073334	0.000000	0.000000	-0.508077	0.000000	0.000000	0.000000	0.000000	0.000000	0.139948	0.000000	0.000000	0.000000	0.000000	0.000000	0.000000	0.000000	0.000000	0.000000	0.000000	0.000000	-16.008848	0.000000	0.000000	0.000000
1764624653.938478231	0.000000	0.000000	-0.484200	0.000000	0.000000	0.000000	0.000000	0.000000	0.139948	0.000000	0.000000	0.000000	0.000000	0.000000	0.000000	0.000000	0.000000	0.000000	0.000000	0.000000	-16.008848	0.000000	0.000000	0.000000
1764624653.948769093	0.000000	0.000000	-0.498401	0.000000	0.000000	0.000000	0.000000	0.000000	0.139948	0.000000	0.000000	0.000000	0.000000	0.000000	0.000000	0.000000	0.000000	0.000000	0.000000	0.000000	-16.008848	0.000000	0.000000	0.000000
1764624653.966131926	0.000000	0.000000	-0.475847	0.000000	0.000000	0.000000	0.000000	0.000000	0.035299	0.000000	0.000000	0.000000	0.000000	0.000000	0.000000	0.000000	0.000000	0.000000	0.000000	0.000000	-16.008848	0.000000	0.000000	0.000000
1764624653.969784498	0.000000	0.000000	-0.457196	0.000000	0.000000	0.000000	0.000000	0.000000	0.035299	0.000000	0.000000	0.000000	0.000000	0.000000	0.000000	0.000000	0.000000	0.000000	0.000000	0.000000	-16.008848	0.000000	0.000000	0.000000
1764624653.992843866	0.000000	0.000000	-0.394885	0.000000	0.000000	0.000000	0.000000	0.000000	0.035299	0.000000	0.000000	0.000000	0.000000	0.000000	0.000000	0.000000	0.000000	0.000000	0.000000	0.000000	-16.008848	0.000000	0.000000	0.000000
1764624653.994497538	0.000000	0.000000	-0.389283	0.000000	0.000000	0.000000	0.000000	0.000000	0.035299	0.000000	0.000000	0.000000	0.000000	0.000000	0.000000	0.000000	0.000000	0.000000	0.000000	0.000000	-16.008848	0.000000	0.000000	0.000000
1764624653.998541117	0.000000	0.000000	-0.330340	0.000000	0.000000	0.000000	0.000000	0.000000	0.035299	0.000000	0.000000	0.000000	0.000000	0.000000	0.000000	0.000000	0.000000	0.000000	0.000000	0.000000	-16.008848	0.000000	0.000000	0.000000
1764624654.009987354	0.000000	0.000000	-0.303650	0.000000	0.000000	0.000000	0.000000	0.000000	0.035299	0.000000	0.000000	0.000000	0.000000	0.000000	0.000000	0.000000	0.000000	0.000000	0.000000	0.000000	-16.008848	0.000000	0.000000	0.000000
1764624654.019429207	0.000000	0.000000	-0.277410	0.000000	0.000000	0.000000	0.000000	0.000000	0.035299	0.000000	0.000000	0.000000	0.000000	0.000000	0.000000	0.000000	0.000000	0.000000	0.000000	0.000000	-16.008848	0.000000	0.000000	0.000000
1764624654.043383598	0.000000	0.000000	-0.267831	0.000000	0.000000	0.000000	0.000000	0.000000	0.035299	0.000000	0.000000	0.000000	0.000000	0.000000	0.000000	0.000000	0.000000	0.000000	0.000000	0.000000	-16.008848	0.000000	0.000000	0.000000
1764624654.043393612	0.000000	0.000000	-0.243653	0.000000	0.000000	0.000000	0.000000	0.000000	0.035299	0.000000	0.000000	0.000000	0.000000	0.000000	0.000000	0.000000	0.000000	0.000000	0.000000	0.000000	-16.008848	0.000000	0.000000	0.000000
1764624654.048634768	0.000000	0.000000	-0.243630	0.000000	0.000000	0.000000	0.000000	0.000000	0.035299	0.000000	0.000000	0.000000	0.000000	0.000000	0.000000	0.000000	0.000000	0.000000	0.000000	0.000000	-16.008848	0.000000	0.000000	0.000000
1764624654.069038868	0.000000	0.000000	-0.255803	0.000000	0.000000	0.000000	0.000000	0.000000	0.035299	0.000000	0.000000	0.000000	0.000000	0.000000	0.000000	0.000000	0.000000	0.000000	0.000000	0.000000	-16.008848	0.000000	0.000000	0.000000
1764624654.077324629	0.000000	0.000000	-0.199566	0.000000	0.000000	0.000000	0.000000	0.000000	0.035299	0.000000	0.000000	0.000000	0.000000	0.000000	0.000000	0.000000	0.000000	0.000000	0.000000	0.000000	-16.008848	0.000000	0.000000	0.000000
1764624654.081395626	0.000000	0.000000	-0.174621	0.000000	0.000000	0.000000	0.000000	0.000000	0.035299	0.000000	0.000000	0.000000	0.000000	0.000000	0.000000	0.000000	0.000000	0.000000	0.000000	0.000000	-16.008848	0.000000	0.000000	0.000000
1764624654.089387417	0.000000	0.000000	-0.211981	0.000000	0.000000	0.000000	0.000000	0.000000	0.035299	0.000000	0.000000	0.000000	0.000000	0.000000	0.000000	0.000000	0.000000	0.000000	0.000000	0.000000	-16.008848	0.000000	0.000000	0.000000
1764624654.099371433	0.000000	0.000000	-0.148819	0.000000	0.000000	0.000000	0.000000	0.000000	0.035299	0.000000	0.000000	0.000000	0.000000	0.000000	0.000000	0.000000	0.000000	0.000000	0.000000	0.000000	-16.008848	0.000000	0.000000	0.000000
1764624654.124013901	0.000000	0.000000	-0.189215	0.000000	0.000000	0.000000	0.000000	0.000000	0.035299	0.000000	0.000000	0.000000	0.000000	0.000000	0.000000	0.000000	0.000000	0.000000	0.000000	0.000000	-16.008848	0.000000	0.000000	0.000000
1764624654.124039173	0.000000	0.000000	-0.154724	0.000000	0.000000	0.000000	0.000000	0.000000	0.035299	0.000000	0.000000	0.000000	0.000000	0.000000	0.000000	0.000000	0.000000	0.000000	0.000000	0.000000	-16.008848	0.000000	0.000000	0.000000
1764624654.130520582	0.000000	0.000000	-0.164377	0.000000	0.000000	0.000000	0.000000	0.000000	0.035299	0.000000	0.000000	0.000000	0.000000	0.000000	0.000000	0.000000	0.000000	0.000000	0.000000	0.000000	-16.008848	0.000000	0.000000	0.000000
1764624654.143603802	0.000000	0.000000	-0.183802	0.000000	0.000000	0.000000	0.000000	0.000000	0.035299	0.000000	0.000000	0.000000	0.000000	0.000000	0.000000	0.000000	0.000000	0.000000	0.000000	0.000000	-16.008848	0.000000	0.000000	0.000000
1764624654.148521185	0.000000	0.000000	-0.138887	0.000000	0.000000	0.000000	0.000000	0.000000	0.035299	0.000000	0.000000	0.000000	0.000000	0.000000	0.000000	0.000000	0.000000	0.000000	0.000000	0.000000	-16.008848	0.000000	0.000000	0.000000
1764624654.158346891	0.000000	0.000000	-0.142009	0.000000	0.000000	0.000000	0.000000	0.000000	0.035299	0.000000	0.000000	0.000000	0.000000	0.000000	0.000000	0.000000	0.000000	0.000000	0.000000	0.000000	-16.008848	0.000000	0.000000	0.000000
1764624654.169535637	0.000000	0.000000	-0.118171	0.000000	0.000000	0.000000	0.000000	0.000000	0.035299	0.000000	0.000000	0.000000	0.000000	0.000000	0.000000	0.000000	0.000000	0.000000	0.000000	0.000000	-16.008848	0.000000	0.000000	0.000000
1764624654.195098877	0.000000	0.000000	-0.131186	0.000000	0.000000	0.000000	0.000000	0.000000	0.035299	0.000000	0.000000	0.000000	0.000000	0.000000	0.000000	0.000000	0.000000	0.000000	0.000000	0.000000	-16.008848	0.000000	0.000000	0.000000
1764624654.195110083	0.000000	0.000000	-0.108105	0.000000	0.000000	0.000000	0.000000	0.000000	0.035299	0.000000	0.000000	0.000000	0.000000	0.000000	0.000000	0.000000	0.000000	0.000000	0.000000	0.000000	-16.008848	0.000000	0.000000	0.000000
1764624654.198778629	0.000000	0.000000	-0.107407	0.000000	0.000000	0.000000	0.000000	0.000000	0.035299	0.000000	0.000000	0.000000	0.000000	0.000000	0.000000	0.000000	0.000000	0.000000	0.000000	0.000000	-16.008848	0.000000	0.000000	0.000000
1764624654.209407091	0.000000	0.000000	-0.080120	0.000000	0.000000	0.000000	0.000000	0.000000	-0.002610	0.000000	0.000000	0.000000	0.000000	0.000000	0.000000	0.000000	0.000000	0.000000	0.000000	0.000000	-16.008848	0.000000	0.000000	0.000000
1764624654.219347239	0.000000	0.000000	-0.113962	0.000000	0.000000	0.000000	0.000000	0.000000	-0.002610	0.000000	0.000000	0.000000	0.000000	0.000000	0.000000	0.000000	0.000000	0.000000	0.000000	0.000000	-16.008848	0.000000	0.000000	0.000000
1764624654.238878250	0.000000	0.000000	-0.077072	0.000000	0.000000	0.000000	0.000000	0.000000	-0.002610	0.000000	0.000000	0.000000	0.000000	0.000000	0.000000	0.000000	0.000000	0.000000	0.000000	0.000000	-16.008848	0.000000	0.000000	0.000000
1764624654.238891840	0.000000	0.000000	-0.114558	0.000000	0.000000	0.000000	0.000000	0.000000	-0.002610	0.000000	0.000000	0.000000	0.000000	0.000000	0.000000	0.000000	0.000000	0.000000	0.000000	0.000000	-16.008848	0.000000	0.000000	0.000000
1764624654.248669863	0.000000	0.000000	-0.123215	0.000000	0.000000	0.000000	0.000000	0.000000	-0.002610	0.000000	0.000000	0.000000	0.000000	0.000000	0.000000	0.000000	0.000000	0.000000	0.000000	0.000000	-16.008848	0.000000	0.000000	0.000000
1764624654.272397518	0.000000	0.000000	-0.128449	0.000000	0.000000	0.000000	0.000000	0.000000	-0.002610	0.000000	0.000000	0.000000	0.000000	0.000000	0.000000	0.000000	0.000000	0.000000	0.000000	0.000000	-16.008848	0.000000	0.000000	0.000000
1764624654.274280071	0.000000	0.000000	-0.104877	0.000000	0.000000	0.000000	0.000000	0.000000	-0.002610	0.000000	0.000000	0.000000	0.000000	0.000000	0.000000	0.000000	0.000000	0.000000	0.000000	0.000000	-16.008848	0.000000	0.000000	0.000000
1764624654.278983355	0.000000	0.000000	-0.161898	0.000000	0.000000	0.000000	0.000000	0.000000	-0.002610	0.000000	0.000000	0.000000	0.000000	0.000000	0.000000	0.000000	0.000000	0.000000	0.000000	0.000000	-16.008848	0.000000	0.000000	0.000000
1764624654.289332867	0.000000	0.000000	-0.104857	0.000000	0.000000	0.000000	0.000000	0.000000	-0.002610	0.000000	0.000000	0.000000	0.000000	0.000000	0.000000	0.000000	0.000000	0.000000	0.000000	0.000000	-16.008848	0.000000	0.000000	0.000000
1764624654.310665131	0.000000	0.000000	-0.085303	0.000000	0.000000	0.000000	0.000000	0.000000	-0.002610	0.000000	0.000000	0.000000	0.000000	0.000000	0.000000	0.000000	0.000000	0.000000	0.000000	0.000000	-16.008848	0.000000	0.000000	0.000000
1764624654.312534809	0.000000	0.000000	-0.110128	0.000000	0.000000	0.000000	0.000000	0.000000	-0.002610	0.000000	0.000000	0.000000	0.000000	0.000000	0.000000	0.000000	0.000000	0.000000	0.000000	0.000000	-16.008848	0.000000	0.000000	0.000000
1764624654.319032192	0.000000	0.000000	-0.096653	0.000000	0.000000	0.000000	0.000000	0.000000	-0.002610	0.000000	0.000000	0.000000	0.000000	0.000000	0.000000	0.000000	0.000000	0.000000	0.000000	0.000000	-16.008848	0.000000	0.000000	0.000000
1764624654.329651356	0.000000	0.000000	-0.083854	0.000000	0.000000	0.000000	0.000000	0.000000	-0.002610	0.000000	0.000000	0.000000	0.000000	0.000000	0.000000	0.000000	0.000000	0.000000	0.000000	0.000000	-16.008848	0.000000	0.000000	0.000000
1764624654.338130474	0.000000	0.000000	-0.116327	0.000000	0.000000	0.000000	0.000000	0.000000	-0.002610	0.000000	0.000000	0.000000	0.000000	0.000000	0.000000	0.000000	0.000000	0.000000	0.000000	0.000000	-16.008848	0.000000	0.000000	0.000000
1764624654.364370823	0.000000	0.000000	-0.049021	0.000000	0.000000	0.000000	0.000000	0.000000	-0.002610	0.000000	0.000000	0.000000	0.000000	0.000000	0.000000	0.000000	0.000000	0.000000	0.000000	0.000000	-16.008848	0.000000	0.000000	0.000000
1764624654.365816116	0.000000	0.000000	-0.107764	0.000000	0.000000	0.000000	0.000000	0.000000	-0.002610	0.000000	0.000000	0.000000	0.000000	0.000000	0.000000	0.000000	0.000000	0.000000	0.000000	0.000000	-16.008848	0.000000	0.000000	0.000000
1764624654.369219780	0.000000	0.000000	-0.070656	0.000000	0.000000	0.000000	0.000000	0.000000	-0.002610	0.000000	0.000000	0.000000	0.000000	0.000000	0.000000	0.000000	0.000000	0.000000	0.000000	0.000000	-16.008848	0.000000	0.000000	0.000000
1764624654.390095234	0.000000	0.000000	-0.055143	0.000000	0.000000	0.000000	0.000000	0.000000	-0.002610	0.000000	0.000000	0.000000	0.000000	0.000000	0.000000	0.000000	0.000000	0.000000	0.000000	0.000000	-16.008848	0.000000	0.000000	0.000000
1764624654.392230749	0.000000	0.000000	-0.082428	0.000000	0.000000	0.000000	0.000000	0.000000	-0.002610	0.000000	0.000000	0.000000	0.000000	0.000000	0.000000	0.000000	0.000000	0.000000	0.000000	0.000000	-16.008848	0.000000	0.000000	0.000000
1764624654.398146152	0.000000	0.000000	-0.081029	0.000000	0.000000	0.000000	0.000000	0.000000	-0.002610	0.000000	0.000000	0.000000	0.000000	0.000000	0.000000	0.000000	0.000000	0.000000	0.000000	0.000000	-16.008848	0.000000	0.000000	0.000000
1764624654.409744024	0.000000	0.000000	-0.096998	0.000000	0.000000	0.000000	0.000000	0.000000	-0.002610	0.000000	0.000000	0.000000	0.000000	0.000000	0.000000	0.000000	0.000000	0.000000	0.000000	0.000000	-16.008848	0.000000	0.000000	0.000000
1764624654.419204712	0.000000	0.000000	-0.106686	0.000000	0.000000	0.000000	0.000000	0.000000	-0.002610	0.000000	0.000000	0.000000	0.000000	0.000000	0.000000	0.000000	0.000000	0.000000	0.000000	0.000000	-16.008848	0.000000	0.000000	0.000000
1764624654.439221144	0.000000	0.000000	-0.099288	0.000000	0.000000	0.000000	0.000000	0.000000	-0.002610	0.000000	0.000000	0.000000	0.000000	0.000000	0.000000	0.000000	0.000000	0.000000	0.000000	0.000000	-16.008848	0.000000	0.000000	0.000000
1764624654.441314697	0.000000	0.000000	-0.072031	0.000000	0.000000	0.000000	0.000000	0.000000	-0.002610	0.000000	0.000000	0.000000	0.000000	0.000000	0.000000	0.000000	0.000000	0.000000	0.000000	0.000000	-16.008848	0.000000	0.000000	0.000000
1764624654.448633194	0.000000	0.000000	-0.096243	0.000000	0.000000	0.000000	0.000000	0.000000	-0.002610	0.000000	0.000000	0.000000	0.000000	0.000000	0.000000	0.000000	0.000000	0.000000	0.000000	0.000000	-16.008848	0.000000	0.000000	0.000000
1764624654.458769798	0.000000	0.000000	-0.065709	0.000000	0.000000	0.000000	0.000000	0.000000	-0.036411	0.000000	0.000000	0.000000	0.000000	0.000000	0.000000	0.000000	0.000000	0.000000	0.000000	0.000000	-16.008848	0.000000	0.000000	0.000000
1764624654.468510389	0.000000	0.000000	-0.071025	0.000000	0.000000	0.000000	0.000000	0.000000	-0.036411	0.000000	0.000000	0.000000	0.000000	0.000000	0.000000	0.000000	0.000000	0.000000	0.000000	0.000000	-16.008848	0.000000	0.000000	0.000000
1764624654.485592604	0.000000	0.000000	-0.102816	0.000000	0.000000	0.000000	0.000000	0.000000	-0.036411	0.000000	0.000000	0.000000	0.000000	0.000000	0.000000	0.000000	0.000000	0.000000	0.000000	0.000000	-16.008848	0.000000	0.000000	0.000000
1764624654.489489079	0.000000	0.000000	-0.082635	0.000000	0.000000	0.000000	0.000000	0.000000	-0.036411	0.000000	0.000000	0.000000	0.000000	0.000000	0.000000	0.000000	0.000000	0.000000	0.000000	0.000000	-16.008848	0.000000	0.000000	0.000000
1764624654.509403467	0.000000	0.000000	-0.091689	0.000000	0.000000	0.000000	0.000000	0.000000	-0.036411	0.000000	0.000000	0.000000	0.000000	0.000000	0.000000	0.000000	0.000000	0.000000	0.000000	0.000000	-16.008848	0.000000	0.000000	0.000000
1764624654.510620832	0.000000	0.000000	-0.100429	0.000000	0.000000	0.000000	0.000000	0.000000	-0.036411	0.000000	0.000000	0.000000	0.000000	0.000000	0.000000	0.000000	0.000000	0.000000	0.000000	0.000000	-16.008848	0.000000	0.000000	0.000000
1764624654.519732237	0.000000	0.000000	-0.071716	0.000000	0.000000	0.000000	0.000000	0.000000	-0.036411	0.000000	0.000000	0.000000	0.000000	0.000000	0.000000	0.000000	0.000000	0.000000	0.000000	0.000000	-16.008848	0.000000	0.000000	0.000000
1764624654.529115677	0.000000	0.000000	-0.109634	0.000000	0.000000	0.000000	0.000000	0.000000	-0.036411	0.000000	0.000000	0.000000	0.000000	0.000000	0.000000	0.000000	0.000000	0.000000	0.000000	0.000000	-16.008848	0.000000	0.000000	0.000000
1764624654.539115191	0.000000	0.000000	-0.101458	0.000000	0.000000	0.000000	0.000000	0.000000	-0.036411	0.000000	0.000000	0.000000	0.000000	0.000000	0.000000	0.000000	0.000000	0.000000	0.000000	0.000000	-16.008848	0.000000	0.000000	0.000000
1764624654.561559439	0.000000	0.000000	-0.060562	0.000000	0.000000	0.000000	0.000000	0.000000	-0.036411	0.000000	0.000000	0.000000	0.000000	0.000000	0.000000	0.000000	0.000000	0.000000	0.000000	0.000000	-16.008848	0.000000	0.000000	0.000000
1764624654.561567783	0.000000	0.000000	-0.085756	0.000000	0.000000	0.000000	0.000000	0.000000	-0.036411	0.000000	0.000000	0.000000	0.000000	0.000000	0.000000	0.000000	0.000000	0.000000	0.000000	0.000000	-16.008848	0.000000	0.000000	0.000000
1764624654.568753242	0.000000	0.000000	-0.052725	0.000000	0.000000	0.000000	0.000000	0.000000	-0.036411	0.000000	0.000000	0.000000	0.000000	0.000000	0.000000	0.000000	0.000000	0.000000	0.000000	0.000000	-16.008848	0.000000	0.000000	0.000000
1764624654.587987661	0.000000	0.000000	-0.039455	0.000000	0.000000	0.000000	0.000000	0.000000	-0.036411	0.000000	0.000000	0.000000	0.000000	0.000000	0.000000	0.000000	0.000000	0.000000	0.000000	0.000000	-16.008848	0.000000	0.000000	0.000000
1764624654.589366674	0.000000	0.000000	-0.084421	0.000000	0.000000	0.000000	0.000000	0.000000	-0.036411	0.000000	0.000000	0.000000	0.000000	0.000000	0.000000	0.000000	0.000000	0.000000	0.000000	0.000000	-16.008848	0.000000	0.000000	0.000000
1764624654.598934650	0.000000	0.000000	-0.073028	0.000000	0.000000	0.000000	0.000000	0.000000	-0.036411	0.000000	0.000000	0.000000	0.000000	0.000000	0.000000	0.000000	0.000000	0.000000	0.000000	0.000000	-16.008848	0.000000	0.000000	0.000000
1764624654.609493017	0.000000	0.000000	-0.079894	0.000000	0.000000	0.000000	0.000000	0.000000	-0.036411	0.000000	0.000000	0.000000	0.000000	0.000000	0.000000	0.000000	0.000000	0.000000	0.000000	0.000000	-16.008848	0.000000	0.000000	0.000000
1764624654.632174253	0.000000	0.000000	-0.071006	0.000000	0.000000	0.000000	0.000000	0.000000	-0.036411	0.000000	0.000000	0.000000	0.000000	0.000000	0.000000	0.000000	0.000000	0.000000	0.000000	0.000000	-16.008848	0.000000	0.000000	0.000000
1764624654.633657217	0.000000	0.000000	-0.098092	0.000000	0.000000	0.000000	0.000000	0.000000	-0.036411	0.000000	0.000000	0.000000	0.000000	0.000000	0.000000	0.000000	0.000000	0.000000	0.000000	0.000000	-16.008848	0.000000	0.000000	0.000000
1764624654.638876438	0.000000	0.000000	-0.089292	0.000000	0.000000	0.000000	0.000000	0.000000	-0.036411	0.000000	0.000000	0.000000	0.000000	0.000000	0.000000	0.000000	0.000000	0.000000	0.000000	0.000000	-16.008848	0.000000	0.000000	0.000000
1764624654.648488045	0.000000	0.000000	-0.100564	0.000000	0.000000	0.000000	0.000000	0.000000	-0.036411	0.000000	0.000000	0.000000	0.000000	0.000000	0.000000	0.000000	0.000000	0.000000	0.000000	0.000000	-16.008848	0.000000	0.000000	0.000000
1764624654.658425808	0.000000	0.000000	-0.055740	0.000000	0.000000	0.000000	0.000000	0.000000	-0.036411	0.000000	0.000000	0.000000	0.000000	0.000000	0.000000	0.000000	0.000000	0.000000	0.000000	0.000000	-16.008848	0.000000	0.000000	0.000000
1764624654.678697586	0.000000	0.000000	-0.096964	0.000000	0.000000	0.000000	0.000000	0.000000	-0.036411	0.000000	0.000000	0.000000	0.000000	0.000000	0.000000	0.000000	0.000000	0.000000	0.000000	0.000000	-16.008848	0.000000	0.000000	0.000000
1764624654.680917501	0.000000	0.000000	-0.056974	0.000000	0.000000	0.000000	0.000000	0.000000	-0.036411	0.000000	0.000000	0.000000	0.000000	0.000000	0.000000	0.000000	0.000000	0.000000	0.000000	0.000000	-16.008848	0.000000	0.000000	0.000000
1764624654.688720703	0.000000	0.000000	-0.045347	0.000000	0.000000	0.000000	0.000000	0.000000	-0.036411	0.000000	0.000000	0.000000	0.000000	0.000000	0.000000	0.000000	0.000000	0.000000	0.000000	0.000000	-16.008848	0.000000	0.000000	0.000000
1764624654.699105978	0.000000	0.000000	-0.057080	0.000000	0.000000	0.000000	0.000000	0.000000	-0.036411	0.000000	0.000000	0.000000	0.000000	0.000000	0.000000	0.000000	0.000000	0.000000	0.000000	0.000000	-16.008848	0.000000	0.000000	0.000000
1764624654.719788074	0.000000	0.000000	-0.028340	0.000000	0.000000	0.000000	0.000000	0.000000	-0.071711	0.000000	0.000000	0.000000	0.000000	0.000000	0.000000	0.000000	0.000000	0.000000	0.000000	0.000000	-16.008848	0.000000	0.000000	0.000000
1764624654.719800949	0.000000	0.000000	-0.055745	0.000000	0.000000	0.000000	0.000000	0.000000	-0.071711	0.000000	0.000000	0.000000	0.000000	0.000000	0.000000	0.000000	0.000000	0.000000	0.000000	0.000000	-16.008848	0.000000	0.000000	0.000000
1764624654.729348898	0.000000	0.000000	-0.074714	0.000000	0.000000	0.000000	0.000000	0.000000	-0.071711	0.000000	0.000000	0.000000	0.000000	0.000000	0.000000	0.000000	0.000000	0.000000	0.000000	0.000000	-16.008848	0.000000	0.000000	0.000000
1764624654.750076294	0.000000	0.000000	-0.039505	0.000000	0.000000	0.000000	0.000000	0.000000	-0.071711	0.000000	0.000000	0.000000	0.000000	0.000000	0.000000	0.000000	0.000000	0.000000	0.000000	0.000000	-16.008848	0.000000	0.000000	0.000000
1764624654.750094175	0.000000	0.000000	-0.050094	0.000000	0.000000	0.000000	0.000000	0.000000	-0.071711	0.000000	0.000000	0.000000	0.000000	0.000000	0.000000	0.000000	0.000000	0.000000	0.000000	0.000000	-16.008848	0.000000	0.000000	0.000000
1764624654.759068966	0.000000	0.000000	-0.098299	0.000000	0.000000	0.000000	0.000000	0.000000	-0.071711	0.000000	0.000000	0.000000	0.000000	0.000000	0.000000	0.000000	0.000000	0.000000	0.000000	0.000000	-16.008848	0.000000	0.000000	0.000000
1764624654.769056559	0.000000	0.000000	-0.048526	0.000000	0.000000	0.000000	0.000000	0.000000	-0.071711	0.000000	0.000000	0.000000	0.000000	0.000000	0.000000	0.000000	0.000000	0.000000	0.000000	0.000000	-16.008848	0.000000	0.000000	0.000000
1764624654.780165911	0.000000	0.000000	-0.068122	0.000000	0.000000	0.000000	0.000000	0.000000	-0.071711	0.000000	0.000000	0.000000	0.000000	0.000000	0.000000	0.000000	0.000000	0.000000	0.000000	0.000000	-16.008848	0.000000	0.000000	0.000000
1764624654.788391829	0.000000	0.000000	-0.100350	0.000000	0.000000	0.000000	0.000000	0.000000	-0.071711	0.000000	0.000000	0.000000	0.000000	0.000000	0.000000	0.000000	0.000000	0.000000	0.000000	0.000000	-16.008848	0.000000	0.000000	0.000000
1764624654.804848433	0.000000	0.000000	-0.040841	0.000000	0.000000	0.000000	0.000000	0.000000	-0.071711	0.000000	0.000000	0.000000	0.000000	0.000000	0.000000	0.000000	0.000000	0.000000	0.000000	0.000000	-16.008848	0.000000	0.000000	0.000000
1764624654.808248281	0.000000	0.000000	-0.076922	0.000000	0.000000	0.000000	0.000000	0.000000	-0.071711	0.000000	0.000000	0.000000	0.000000	0.000000	0.000000	0.000000	0.000000	0.000000	0.000000	0.000000	-16.008848	0.000000	0.000000	0.000000
1764624654.818771839	0.000000	0.000000	-0.070947	0.000000	0.000000	0.000000	0.000000	0.000000	-0.071711	0.000000	0.000000	0.000000	0.000000	0.000000	0.000000	0.000000	0.000000	0.000000	0.000000	0.000000	-16.008848	0.000000	0.000000	0.000000
1764624654.837678432	0.000000	0.000000	-0.020438	0.000000	0.000000	0.000000	0.000000	0.000000	-0.071711	0.000000	0.000000	0.000000	0.000000	0.000000	0.000000	0.000000	0.000000	0.000000	0.000000	0.000000	-16.008848	0.000000	0.000000	0.000000
1764624654.839226484	0.000000	0.000000	-0.071009	0.000000	0.000000	0.000000	0.000000	0.000000	-0.071711	0.000000	0.000000	0.000000	0.000000	0.000000	0.000000	0.000000	0.000000	0.000000	0.000000	0.000000	-16.008848	0.000000	0.000000	0.000000
1764624654.848549128	0.000000	0.000000	-0.070228	0.000000	0.000000	0.000000	0.000000	0.000000	-0.071711	0.000000	0.000000	0.000000	0.000000	0.000000	0.000000	0.000000	0.000000	0.000000	0.000000	0.000000	-16.008848	0.000000	0.000000	0.000000
1764624654.858526945	0.000000	0.000000	-0.043725	0.000000	0.000000	0.000000	0.000000	0.000000	-0.071711	0.000000	0.000000	0.000000	0.000000	0.000000	0.000000	0.000000	0.000000	0.000000	0.000000	0.000000	-16.008848	0.000000	0.000000	0.000000
1764624654.877798080	0.000000	0.000000	-0.052160	0.000000	0.000000	0.000000	0.000000	0.000000	-0.071711	0.000000	0.000000	0.000000	0.000000	0.000000	0.000000	0.000000	0.000000	0.000000	0.000000	0.000000	-16.008848	0.000000	0.000000	0.000000
1764624654.879002810	0.000000	0.000000	-0.061890	0.000000	0.000000	0.000000	0.000000	0.000000	-0.071711	0.000000	0.000000	0.000000	0.000000	0.000000	0.000000	0.000000	0.000000	0.000000	0.000000	0.000000	-16.008848	0.000000	0.000000	0.000000
1764624654.888324499	0.000000	0.000000	-0.049261	0.000000	0.000000	0.000000	0.000000	0.000000	-0.071711	0.000000	0.000000	0.000000	0.000000	0.000000	0.000000	0.000000	0.000000	0.000000	0.000000	0.000000	-16.008848	0.000000	0.000000	0.000000
1764624654.898333549	0.000000	0.000000	-0.072709	0.000000	0.000000	0.000000	0.000000	0.000000	-0.071711	0.000000	0.000000	0.000000	0.000000	0.000000	0.000000	0.000000	0.000000	0.000000	0.000000	0.000000	-16.008848	0.000000	0.000000	0.000000
1764624654.908331633	0.000000	0.000000	-0.067138	0.000000	0.000000	0.000000	0.000000	0.000000	-0.071711	0.000000	0.000000	0.000000	0.000000	0.000000	0.000000	0.000000	0.000000	0.000000	0.000000	0.000000	-16.008848	0.000000	0.000000	0.000000
1764624654.918151855	0.000000	0.000000	-0.054416	0.000000	0.000000	0.000000	0.000000	0.000000	-0.071711	0.000000	0.000000	0.000000	0.000000	0.000000	0.000000	0.000000	0.000000	0.000000	0.000000	0.000000	-16.008848	0.000000	0.000000	0.000000
1764624654.928357124	0.000000	0.000000	-0.077207	0.000000	0.000000	0.000000	0.000000	0.000000	-0.071711	0.000000	0.000000	0.000000	0.000000	0.000000	0.000000	0.000000	0.000000	0.000000	0.000000	0.000000	-16.008848	0.000000	0.000000	0.000000
1764624654.939054012	0.000000	0.000000	-0.059891	0.000000	0.000000	0.000000	0.000000	0.000000	-0.071711	0.000000	0.000000	0.000000	0.000000	0.000000	0.000000	0.000000	0.000000	0.000000	0.000000	0.000000	-16.008848	0.000000	0.000000	0.000000
1764624654.959193230	0.000000	0.000000	-0.055129	0.000000	0.000000	0.000000	0.000000	0.000000	-0.094532	0.000000	0.000000	0.000000	0.000000	0.000000	0.000000	0.000000	0.000000	0.000000	0.000000	0.000000	-16.008848	0.000000	0.000000	0.000000
1764624654.961108685	0.000000	0.000000	-0.069255	0.000000	0.000000	0.000000	0.000000	0.000000	-0.094532	0.000000	0.000000	0.000000	0.000000	0.000000	0.000000	0.000000	0.000000	0.000000	0.000000	0.000000	-16.008848	0.000000	0.000000	0.000000
1764624654.969467163	0.000000	0.000000	-0.031453	0.000000	0.000000	0.000000	0.000000	0.000000	-0.094532	0.000000	0.000000	0.000000	0.000000	0.000000	0.000000	0.000000	0.000000	0.000000	0.000000	0.000000	-16.008848	0.000000	0.000000	0.000000
1764624654.989091396	0.000000	0.000000	-0.058242	0.000000	0.000000	0.000000	0.000000	0.000000	-0.094532	0.000000	0.000000	0.000000	0.000000	0.000000	0.000000	0.000000	0.000000	0.000000	0.000000	0.000000	-16.008848	0.000000	0.000000	0.000000
1764624654.994562387	0.000000	0.000000	-0.064869	0.000000	0.000000	0.000000	0.000000	0.000000	-0.094532	0.000000	0.000000	0.000000	0.000000	0.000000	0.000000	0.000000	0.000000	0.000000	0.000000	0.000000	-16.008848	0.000000	0.000000	0.000000
1764624654.999331236	0.000000	0.000000	-0.052226	0.000000	0.000000	0.000000	0.000000	0.000000	-0.094532	0.000000	0.000000	0.000000	0.000000	0.000000	0.000000	0.000000	0.000000	0.000000	0.000000	0.000000	-16.008848	0.000000	0.000000	0.000000
1764624655.009575844	0.000000	0.000000	-0.054195	0.000000	0.000000	0.000000	0.000000	0.000000	-0.094532	0.000000	0.000000	0.000000	0.000000	0.000000	0.000000	0.000000	0.000000	0.000000	0.000000	0.000000	-16.008848	0.000000	0.000000	0.000000
1764624655.021446705	0.000000	0.000000	-0.070652	0.000000	0.000000	0.000000	0.000000	0.000000	-0.094532	0.000000	0.000000	0.000000	0.000000	0.000000	0.000000	0.000000	0.000000	0.000000	0.000000	0.000000	-16.008848	0.000000	0.000000	0.000000
1764624655.037754297	0.000000	0.000000	-0.039496	0.000000	0.000000	0.000000	0.000000	0.000000	-0.094532	0.000000	0.000000	0.000000	0.000000	0.000000	0.000000	0.000000	0.000000	0.000000	0.000000	0.000000	-16.008848	0.000000	0.000000	0.000000
1764624655.039339304	0.000000	0.000000	-0.087234	0.000000	0.000000	0.000000	0.000000	0.000000	-0.094532	0.000000	0.000000	0.000000	0.000000	0.000000	0.000000	0.000000	0.000000	0.000000	0.000000	0.000000	-16.008848	0.000000	0.000000	0.000000
1764624655.049409389	0.000000	0.000000	-0.075162	0.000000	0.000000	0.000000	0.000000	0.000000	-0.094532	0.000000	0.000000	0.000000	0.000000	0.000000	0.000000	0.000000	0.000000	0.000000	0.000000	0.000000	-16.008848	0.000000	0.000000	0.000000
1764624655.058295012	0.000000	0.000000	-0.026182	0.000000	0.000000	0.000000	0.000000	0.000000	-0.094532	0.000000	0.000000	0.000000	0.000000	0.000000	0.000000	0.000000	0.000000	0.000000	0.000000	0.000000	-16.008848	0.000000	0.000000	0.000000
1764624655.079419851	0.000000	0.000000	-0.068325	0.000000	0.000000	0.000000	0.000000	0.000000	-0.094532	0.000000	0.000000	0.000000	0.000000	0.000000	0.000000	0.000000	0.000000	0.000000	0.000000	0.000000	-16.008848	0.000000	0.000000	0.000000
1764624655.087515593	0.000000	0.000000	-0.051658	0.000000	0.000000	0.000000	0.000000	0.000000	-0.094532	0.000000	0.000000	0.000000	0.000000	0.000000	0.000000	0.000000	0.000000	0.000000	0.000000	0.000000	-16.008848	0.000000	0.000000	0.000000
1764624655.087527990	0.000000	0.000000	-0.002238	0.000000	0.000000	0.000000	0.000000	0.000000	-0.094532	0.000000	0.000000	0.000000	0.000000	0.000000	0.000000	0.000000	0.000000	0.000000	0.000000	0.000000	-16.008848	0.000000	0.000000	0.000000
1764624655.100733519	0.000000	0.000000	-0.068310	0.000000	0.000000	0.000000	0.000000	0.000000	-0.094532	0.000000	0.000000	0.000000	0.000000	0.000000	0.000000	0.000000	0.000000	0.000000	0.000000	0.000000	-16.008848	0.000000	0.000000	0.000000
1764624655.109369278	0.000000	0.000000	-0.024824	0.000000	0.000000	0.000000	0.000000	0.000000	-0.094532	0.000000	0.000000	0.000000	0.000000	0.000000	0.000000	0.000000	0.000000	0.000000	0.000000	0.000000	-16.008848	0.000000	0.000000	0.000000
1764624655.119244337	0.000000	0.000000	-0.033353	0.000000	0.000000	0.000000	0.000000	0.000000	-0.094532	0.000000	0.000000	0.000000	0.000000	0.000000	0.000000	0.000000	0.000000	0.000000	0.000000	0.000000	-16.008848	0.000000	0.000000	0.000000
1764624655.129362345	0.000000	0.000000	-0.060259	0.000000	0.000000	0.000000	0.000000	0.000000	-0.094532	0.000000	0.000000	0.000000	0.000000	0.000000	0.000000	0.000000	0.000000	0.000000	0.000000	0.000000	-16.008848	0.000000	0.000000	0.000000
1764624655.140217304	0.000000	0.000000	-0.046517	0.000000	0.000000	0.000000	0.000000	0.000000	-0.094532	0.000000	0.000000	0.000000	0.000000	0.000000	0.000000	0.000000	0.000000	0.000000	0.000000	0.000000	-16.008848	0.000000	0.000000	0.000000
1764624655.148471117	0.000000	0.000000	-0.049289	0.000000	0.000000	0.000000	0.000000	0.000000	-0.094532	0.000000	0.000000	0.000000	0.000000	0.000000	0.000000	0.000000	0.000000	0.000000	0.000000	0.000000	-16.008848	0.000000	0.000000	0.000000
1764624655.160694838	0.000000	0.000000	-0.088678	0.000000	0.000000	0.000000	0.000000	0.000000	-0.094532	0.000000	0.000000	0.000000	0.000000	0.000000	0.000000	0.000000	0.000000	0.000000	0.000000	0.000000	-16.008848	0.000000	0.000000	0.000000
1764624655.169021130	0.000000	0.000000	-0.072816	0.000000	0.000000	0.000000	0.000000	0.000000	-0.094532	0.000000	0.000000	0.000000	0.000000	0.000000	0.000000	0.000000	0.000000	0.000000	0.000000	0.000000	-16.008848	0.000000	0.000000	0.000000
1764624655.179067850	0.000000	0.000000	-0.073088	0.000000	0.000000	0.000000	0.000000	0.000000	-0.094532	0.000000	0.000000	0.000000	0.000000	0.000000	0.000000	0.000000	0.000000	0.000000	0.000000	0.000000	-16.008848	0.000000	0.000000	0.000000
1764624655.189360142	0.000000	0.000000	-0.059665	0.000000	0.000000	0.000000	0.000000	0.000000	-0.094532	0.000000	0.000000	0.000000	0.000000	0.000000	0.000000	0.000000	0.000000	0.000000	0.000000	0.000000	-16.008848	0.000000	0.000000	0.000000
1764624655.205820322	0.000000	0.000000	-0.055882	0.000000	0.000000	0.000000	0.000000	0.000000	-0.094532	0.000000	0.000000	0.000000	0.000000	0.000000	0.000000	0.000000	0.000000	0.000000	0.000000	0.000000	-16.008848	0.000000	0.000000	0.000000
1764624655.209101677	0.000000	0.000000	-0.044433	0.000000	0.000000	0.000000	0.000000	0.000000	-0.119337	0.000000	0.000000	0.000000	0.000000	0.000000	0.000000	0.000000	0.000000	0.000000	0.000000	0.000000	-16.008848	0.000000	0.000000	0.000000
1764624655.229327917	0.000000	0.000000	-0.060743	0.000000	0.000000	0.000000	0.000000	0.000000	-0.119337	0.000000	0.000000	0.000000	0.000000	0.000000	0.000000	0.000000	0.000000	0.000000	0.000000	0.000000	-16.008848	0.000000	0.000000	0.000000
1764624655.230543375	0.000000	0.000000	-0.011228	0.000000	0.000000	0.000000	0.000000	0.000000	-0.119337	0.000000	0.000000	0.000000	0.000000	0.000000	0.000000	0.000000	0.000000	0.000000	0.000000	0.000000	-16.008848	0.000000	0.000000	0.000000
1764624655.239180326	0.000000	0.000000	-0.039463	0.000000	0.000000	0.000000	0.000000	0.000000	-0.119337	0.000000	0.000000	0.000000	0.000000	0.000000	0.000000	0.000000	0.000000	0.000000	0.000000	0.000000	-16.008848	0.000000	0.000000	0.000000
1764624655.248484135	0.000000	0.000000	-0.016797	0.000000	0.000000	0.000000	0.000000	0.000000	-0.119337	0.000000	0.000000	0.000000	0.000000	0.000000	0.000000	0.000000	0.000000	0.000000	0.000000	0.000000	-16.008848	0.000000	0.000000	0.000000
1764624655.258897305	0.000000	0.000000	-0.018837	0.000000	0.000000	0.000000	0.000000	0.000000	-0.119337	0.000000	0.000000	0.000000	0.000000	0.000000	0.000000	0.000000	0.000000	0.000000	0.000000	0.000000	-16.008848	0.000000	0.000000	0.000000
1764624655.269719362	0.000000	0.000000	-0.053935	0.000000	0.000000	0.000000	0.000000	0.000000	-0.119337	0.000000	0.000000	0.000000	0.000000	0.000000	0.000000	0.000000	0.000000	0.000000	0.000000	0.000000	-16.008848	0.000000	0.000000	0.000000
1764624655.284688950	0.000000	0.000000	-0.035870	0.000000	0.000000	0.000000	0.000000	0.000000	-0.119337	0.000000	0.000000	0.000000	0.000000	0.000000	0.000000	0.000000	0.000000	0.000000	0.000000	0.000000	-16.008848	0.000000	0.000000	0.000000
1764624655.288875580	0.000000	0.000000	-0.061481	0.000000	0.000000	0.000000	0.000000	0.000000	-0.119337	0.000000	0.000000	0.000000	0.000000	0.000000	0.000000	0.000000	0.000000	0.000000	0.000000	0.000000	-16.008848	0.000000	0.000000	0.000000
1764624655.298776150	0.000000	0.000000	-0.080145	0.000000	0.000000	0.000000	0.000000	0.000000	-0.119337	0.000000	0.000000	0.000000	0.000000	0.000000	0.000000	0.000000	0.000000	0.000000	0.000000	0.000000	-16.008848	0.000000	0.000000	0.000000
1764624655.319393635	0.000000	0.000000	-0.036858	0.000000	0.000000	0.000000	0.000000	0.000000	-0.119337	0.000000	0.000000	0.000000	0.000000	0.000000	0.000000	0.000000	0.000000	0.000000	0.000000	0.000000	-16.008848	0.000000	0.000000	0.000000
1764624655.322600126	0.000000	0.000000	-0.053112	0.000000	0.000000	0.000000	0.000000	0.000000	-0.119337	0.000000	0.000000	0.000000	0.000000	0.000000	0.000000	0.000000	0.000000	0.000000	0.000000	0.000000	-16.008848	0.000000	0.000000	0.000000
1764624655.330456734	0.000000	0.000000	-0.076722	0.000000	0.000000	0.000000	0.000000	0.000000	-0.119337	0.000000	0.000000	0.000000	0.000000	0.000000	0.000000	0.000000	0.000000	0.000000	0.000000	0.000000	-16.008848	0.000000	0.000000	0.000000
1764624655.352632761	0.000000	0.000000	-0.062776	0.000000	0.000000	0.000000	0.000000	0.000000	-0.119337	0.000000	0.000000	0.000000	0.000000	0.000000	0.000000	0.000000	0.000000	0.000000	0.000000	0.000000	-16.008848	0.000000	0.000000	0.000000
1764624655.354038239	0.000000	0.000000	-0.048204	0.000000	0.000000	0.000000	0.000000	0.000000	-0.119337	0.000000	0.000000	0.000000	0.000000	0.000000	0.000000	0.000000	0.000000	0.000000	0.000000	0.000000	-16.008848	0.000000	0.000000	0.000000
1764624655.358475924	0.000000	0.000000	-0.082853	0.000000	0.000000	0.000000	0.000000	0.000000	-0.119337	0.000000	0.000000	0.000000	0.000000	0.000000	0.000000	0.000000	0.000000	0.000000	0.000000	0.000000	-16.008848	0.000000	0.000000	0.000000
1764624655.369416952	0.000000	0.000000	-0.026212	0.000000	0.000000	0.000000	0.000000	0.000000	-0.119337	0.000000	0.000000	0.000000	0.000000	0.000000	0.000000	0.000000	0.000000	0.000000	0.000000	0.000000	-16.008848	0.000000	0.000000	0.000000
1764624655.379301786	0.000000	0.000000	-0.059737	0.000000	0.000000	0.000000	0.000000	0.000000	-0.119337	0.000000	0.000000	0.000000	0.000000	0.000000	0.000000	0.000000	0.000000	0.000000	0.000000	0.000000	-16.008848	0.000000	0.000000	0.000000
1764624655.399000645	0.000000	0.000000	-0.062216	0.000000	0.000000	0.000000	0.000000	0.000000	-0.119337	0.000000	0.000000	0.000000	0.000000	0.000000	0.000000	0.000000	0.000000	0.000000	0.000000	0.000000	-16.008848	0.000000	0.000000	0.000000
1764624655.399026871	0.000000	0.000000	-0.001403	0.000000	0.000000	0.000000	0.000000	0.000000	-0.119337	0.000000	0.000000	0.000000	0.000000	0.000000	0.000000	0.000000	0.000000	0.000000	0.000000	0.000000	-16.008848	0.000000	0.000000	0.000000
1764624655.409911156	0.000000	0.000000	-0.029307	0.000000	0.000000	0.000000	0.000000	0.000000	-0.119337	0.000000	0.000000	0.000000	0.000000	0.000000	0.000000	0.000000	0.000000	0.000000	0.000000	0.000000	-16.008848	0.000000	0.000000	0.000000
1764624655.419637203	0.000000	0.000000	-0.056362	0.000000	0.000000	0.000000	0.000000	0.000000	-0.119337	0.000000	0.000000	0.000000	0.000000	0.000000	0.000000	0.000000	0.000000	0.000000	0.000000	0.000000	-16.008848	0.000000	0.000000	0.000000
1764624655.432357550	0.000000	0.000000	-0.038408	0.000000	0.000000	0.000000	0.000000	0.000000	-0.119337	0.000000	0.000000	0.000000	0.000000	0.000000	0.000000	0.000000	0.000000	0.000000	0.000000	0.000000	-16.008848	0.000000	0.000000	0.000000
1764624655.439385653	0.000000	0.000000	-0.048946	0.000000	0.000000	0.000000	0.000000	0.000000	-0.119337	0.000000	0.000000	0.000000	0.000000	0.000000	0.000000	0.000000	0.000000	0.000000	0.000000	0.000000	-16.008848	0.000000	0.000000	0.000000
1764624655.448471069	0.000000	0.000000	-0.098858	0.000000	0.000000	0.000000	0.000000	0.000000	-0.119337	0.000000	0.000000	0.000000	0.000000	0.000000	0.000000	0.000000	0.000000	0.000000	0.000000	0.000000	-16.008848	0.000000	0.000000	0.000000
1764624655.458844185	0.000000	0.000000	-0.057414	0.000000	0.000000	0.000000	0.000000	0.000000	-0.145211	0.000000	0.000000	0.000000	0.000000	0.000000	0.000000	0.000000	0.000000	0.000000	0.000000	0.000000	-16.008848	0.000000	0.000000	0.000000
1764624655.472638369	0.000000	0.000000	-0.067762	0.000000	0.000000	0.000000	0.000000	0.000000	-0.145211	0.000000	0.000000	0.000000	0.000000	0.000000	0.000000	0.000000	0.000000	0.000000	0.000000	0.000000	-16.008848	0.000000	0.000000	0.000000
1764624655.479909420	0.000000	0.000000	-0.061042	0.000000	0.000000	0.000000	0.000000	0.000000	-0.145211	0.000000	0.000000	0.000000	0.000000	0.000000	0.000000	0.000000	0.000000	0.000000	0.000000	0.000000	-16.008848	0.000000	0.000000	0.000000
1764624655.489504099	0.000000	0.000000	-0.022417	0.000000	0.000000	0.000000	0.000000	0.000000	-0.145211	0.000000	0.000000	0.000000	0.000000	0.000000	0.000000	0.000000	0.000000	0.000000	0.000000	0.000000	-16.008848	0.000000	0.000000	0.000000
1764624655.508979082	0.000000	0.000000	-0.067068	0.000000	0.000000	0.000000	0.000000	0.000000	-0.145211	0.000000	0.000000	0.000000	0.000000	0.000000	0.000000	0.000000	0.000000	0.000000	0.000000	0.000000	-16.008848	0.000000	0.000000	0.000000
1764624655.515657187	0.000000	0.000000	-0.063616	0.000000	0.000000	0.000000	0.000000	0.000000	-0.145211	0.000000	0.000000	0.000000	0.000000	0.000000	0.000000	0.000000	0.000000	0.000000	0.000000	0.000000	-16.008848	0.000000	0.000000	0.000000
1764624655.518847942	0.000000	0.000000	-0.042592	0.000000	0.000000	0.000000	0.000000	0.000000	-0.145211	0.000000	0.000000	0.000000	0.000000	0.000000	0.000000	0.000000	0.000000	0.000000	0.000000	0.000000	-16.008848	0.000000	0.000000	0.000000
1764624655.529816628	0.000000	0.000000	-0.051881	0.000000	0.000000	0.000000	0.000000	0.000000	-0.145211	0.000000	0.000000	0.000000	0.000000	0.000000	0.000000	0.000000	0.000000	0.000000	0.000000	0.000000	-16.008848	0.000000	0.000000	0.000000
1764624655.539358616	0.000000	0.000000	-0.046466	0.000000	0.000000	0.000000	0.000000	0.000000	-0.145211	0.000000	0.000000	0.000000	0.000000	0.000000	0.000000	0.000000	0.000000	0.000000	0.000000	0.000000	-16.008848	0.000000	0.000000	0.000000
1764624655.558053732	0.000000	0.000000	-0.070507	0.000000	0.000000	0.000000	0.000000	0.000000	-0.145211	0.000000	0.000000	0.000000	0.000000	0.000000	0.000000	0.000000	0.000000	0.000000	0.000000	0.000000	-16.008848	0.000000	0.000000	0.000000
1764624655.558065891	0.000000	0.000000	-0.043334	0.000000	0.000000	0.000000	0.000000	0.000000	-0.145211	0.000000	0.000000	0.000000	0.000000	0.000000	0.000000	0.000000	0.000000	0.000000	0.000000	0.000000	-16.008848	0.000000	0.000000	0.000000
1764624655.569492579	0.000000	0.000000	-0.074371	0.000000	0.000000	0.000000	0.000000	0.000000	-0.145211	0.000000	0.000000	0.000000	0.000000	0.000000	0.000000	0.000000	0.000000	0.000000	0.000000	0.000000	-16.008848	0.000000	0.000000	0.000000
1764624655.587943077	0.000000	0.000000	-0.061247	0.000000	0.000000	0.000000	0.000000	0.000000	-0.145211	0.000000	0.000000	0.000000	0.000000	0.000000	0.000000	0.000000	0.000000	0.000000	0.000000	0.000000	-16.008848	0.000000	0.000000	0.000000
1764624655.595372200	0.000000	0.000000	-0.095509	0.000000	0.000000	0.000000	0.000000	0.000000	-0.145211	0.000000	0.000000	0.000000	0.000000	0.000000	0.000000	0.000000	0.000000	0.000000	0.000000	0.000000	-16.008848	0.000000	0.000000	0.000000
1764624655.598635435	0.000000	0.000000	-0.062957	0.000000	0.000000	0.000000	0.000000	0.000000	-0.145211	0.000000	0.000000	0.000000	0.000000	0.000000	0.000000	0.000000	0.000000	0.000000	0.000000	0.000000	-16.008848	0.000000	0.000000	0.000000
1764624655.609679222	0.000000	0.000000	-0.045344	0.000000	0.000000	0.000000	0.000000	0.000000	-0.145211	0.000000	0.000000	0.000000	0.000000	0.000000	0.000000	0.000000	0.000000	0.000000	0.000000	0.000000	-16.008848	0.000000	0.000000	0.000000
1764624655.618786812	0.000000	0.000000	-0.101391	0.000000	0.000000	0.000000	0.000000	0.000000	-0.145211	0.000000	0.000000	0.000000	0.000000	0.000000	0.000000	0.000000	0.000000	0.000000	0.000000	0.000000	-16.008848	0.000000	0.000000	0.000000
1764624655.629225731	0.000000	0.000000	-0.039051	0.000000	0.000000	0.000000	0.000000	0.000000	-0.145211	0.000000	0.000000	0.000000	0.000000	0.000000	0.000000	0.000000	0.000000	0.000000	0.000000	0.000000	-16.008848	0.000000	0.000000	0.000000
1764624655.645573378	0.000000	0.000000	-0.074037	0.000000	0.000000	0.000000	0.000000	0.000000	-0.145211	0.000000	0.000000	0.000000	0.000000	0.000000	0.000000	0.000000	0.000000	0.000000	0.000000	0.000000	-16.008848	0.000000	0.000000	0.000000
1764624655.648952961	0.000000	0.000000	-0.070268	0.000000	0.000000	0.000000	0.000000	0.000000	-0.145211	0.000000	0.000000	0.000000	0.000000	0.000000	0.000000	0.000000	0.000000	0.000000	0.000000	0.000000	-16.008848	0.000000	0.000000	0.000000
1764624655.670763493	0.000000	0.000000	-0.054722	0.000000	0.000000	0.000000	0.000000	0.000000	-0.145211	0.000000	0.000000	0.000000	0.000000	0.000000	0.000000	0.000000	0.000000	0.000000	0.000000	0.000000	-16.008848	0.000000	0.000000	0.000000
1764624655.670777798	0.000000	0.000000	-0.075831	0.000000	0.000000	0.000000	0.000000	0.000000	-0.145211	0.000000	0.000000	0.000000	0.000000	0.000000	0.000000	0.000000	0.000000	0.000000	0.000000	0.000000	-16.008848	0.000000	0.000000	0.000000
1764624655.679564476	0.000000	0.000000	-0.074409	0.000000	0.000000	0.000000	0.000000	0.000000	-0.145211	0.000000	0.000000	0.000000	0.000000	0.000000	0.000000	0.000000	0.000000	0.000000	0.000000	0.000000	-16.008848	0.000000	0.000000	0.000000
1764624655.689690590	0.000000	0.000000	-0.057122	0.000000	0.000000	0.000000	0.000000	0.000000	-0.145211	0.000000	0.000000	0.000000	0.000000	0.000000	0.000000	0.000000	0.000000	0.000000	0.000000	0.000000	-16.008848	0.000000	0.000000	0.000000
1764624655.699417591	0.000000	0.000000	-0.102050	0.000000	0.000000	0.000000	0.000000	0.000000	-0.145211	0.000000	0.000000	0.000000	0.000000	0.000000	0.000000	0.000000	0.000000	0.000000	0.000000	0.000000	-16.008848	0.000000	0.000000	0.000000
1764624655.708472013	0.000000	0.000000	-0.075517	0.000000	0.000000	0.000000	0.000000	0.000000	-0.167985	0.000000	0.000000	0.000000	0.000000	0.000000	0.000000	0.000000	0.000000	0.000000	0.000000	0.000000	-16.008848	0.000000	0.000000	0.000000
1764624655.718950748	0.000000	0.000000	-0.085209	0.000000	0.000000	0.000000	0.000000	0.000000	-0.167985	0.000000	0.000000	0.000000	0.000000	0.000000	0.000000	0.000000	0.000000	0.000000	0.000000	0.000000	-16.008848	0.000000	0.000000	0.000000
1764624655.728831530	0.000000	0.000000	-0.057567	0.000000	0.000000	0.000000	0.000000	0.000000	-0.167985	0.000000	0.000000	0.000000	0.000000	0.000000	0.000000	0.000000	0.000000	0.000000	0.000000	0.000000	-16.008848	0.000000	0.000000	0.000000
1764624655.748581409	0.000000	0.000000	-0.137416	0.000000	0.000000	0.000000	0.000000	0.000000	-0.167985	0.000000	0.000000	0.000000	0.000000	0.000000	0.000000	0.000000	0.000000	0.000000	0.000000	0.000000	-16.008848	0.000000	0.000000	0.000000
1764624655.748589277	0.000000	0.000000	-0.046192	0.000000	0.000000	0.000000	0.000000	0.000000	-0.167985	0.000000	0.000000	0.000000	0.000000	0.000000	0.000000	0.000000	0.000000	0.000000	0.000000	0.000000	-16.008848	0.000000	0.000000	0.000000
1764624655.759028196	0.000000	0.000000	-0.083925	0.000000	0.000000	0.000000	0.000000	0.000000	-0.167985	0.000000	0.000000	0.000000	0.000000	0.000000	0.000000	0.000000	0.000000	0.000000	0.000000	0.000000	-16.008848	0.000000	0.000000	0.000000
1764624655.769359827	0.000000	0.000000	-0.082581	0.000000	0.000000	0.000000	0.000000	0.000000	-0.167985	0.000000	0.000000	0.000000	0.000000	0.000000	0.000000	0.000000	0.000000	0.000000	0.000000	0.000000	-16.008848	0.000000	0.000000	0.000000
1764624655.779451132	0.000000	0.000000	-0.048409	0.000000	0.000000	0.000000	0.000000	0.000000	-0.167985	0.000000	0.000000	0.000000	0.000000	0.000000	0.000000	0.000000	0.000000	0.000000	0.000000	0.000000	-16.008848	0.000000	0.000000	0.000000
1764624655.788773060	0.000000	0.000000	-0.088097	0.000000	0.000000	0.000000	0.000000	0.000000	-0.167985	0.000000	0.000000	0.000000	0.000000	0.000000	0.000000	0.000000	0.000000	0.000000	0.000000	0.000000	-16.008848	0.000000	0.000000	0.000000
1764624655.804760933	0.000000	0.000000	-0.039330	0.000000	0.000000	0.000000	0.000000	0.000000	-0.167985	0.000000	0.000000	0.000000	0.000000	0.000000	0.000000	0.000000	0.000000	0.000000	0.000000	0.000000	-16.008848	0.000000	0.000000	0.000000
1764624655.808756590	0.000000	0.000000	-0.049470	0.000000	0.000000	0.000000	0.000000	0.000000	-0.167985	0.000000	0.000000	0.000000	0.000000	0.000000	0.000000	0.000000	0.000000	0.000000	0.000000	0.000000	-16.008848	0.000000	0.000000	0.000000
1764624655.828561306	0.000000	0.000000	-0.066033	0.000000	0.000000	0.000000	0.000000	0.000000	-0.167985	0.000000	0.000000	0.000000	0.000000	0.000000	0.000000	0.000000	0.000000	0.000000	0.000000	0.000000	-16.008848	0.000000	0.000000	0.000000
1764624655.831534624	0.000000	0.000000	-0.068354	0.000000	0.000000	0.000000	0.000000	0.000000	-0.167985	0.000000	0.000000	0.000000	0.000000	0.000000	0.000000	0.000000	0.000000	0.000000	0.000000	0.000000	-16.008848	0.000000	0.000000	0.000000
1764624655.838672638	0.000000	0.000000	-0.063602	0.000000	0.000000	0.000000	0.000000	0.000000	-0.167985	0.000000	0.000000	0.000000	0.000000	0.000000	0.000000	0.000000	0.000000	0.000000	0.000000	0.000000	-16.008848	0.000000	0.000000	0.000000
1764624655.848586559	0.000000	0.000000	-0.060199	0.000000	0.000000	0.000000	0.000000	0.000000	-0.167985	0.000000	0.000000	0.000000	0.000000	0.000000	0.000000	0.000000	0.000000	0.000000	0.000000	0.000000	-16.008848	0.000000	0.000000	0.000000
1764624655.858739614	0.000000	0.000000	-0.104283	0.000000	0.000000	0.000000	0.000000	0.000000	-0.167985	0.000000	0.000000	0.000000	0.000000	0.000000	0.000000	0.000000	0.000000	0.000000	0.000000	0.000000	-16.008848	0.000000	0.000000	0.000000
1764624655.869168758	0.000000	0.000000	-0.043929	0.000000	0.000000	0.000000	0.000000	0.000000	-0.167985	0.000000	0.000000	0.000000	0.000000	0.000000	0.000000	0.000000	0.000000	0.000000	0.000000	0.000000	-16.008848	0.000000	0.000000	0.000000
1764624655.884595156	0.000000	0.000000	-0.108187	0.000000	0.000000	0.000000	0.000000	0.000000	-0.167985	0.000000	0.000000	0.000000	0.000000	0.000000	0.000000	0.000000	0.000000	0.000000	0.000000	0.000000	-16.008848	0.000000	0.000000	0.000000
1764624655.889109373	0.000000	0.000000	-0.094611	0.000000	0.000000	0.000000	0.000000	0.000000	-0.167985	0.000000	0.000000	0.000000	0.000000	0.000000	0.000000	0.000000	0.000000	0.000000	0.000000	0.000000	-16.008848	0.000000	0.000000	0.000000
1764624655.899590015	0.000000	0.000000	-0.062545	0.000000	0.000000	0.000000	0.000000	0.000000	-0.167985	0.000000	0.000000	0.000000	0.000000	0.000000	0.000000	0.000000	0.000000	0.000000	0.000000	0.000000	-16.008848	0.000000	0.000000	0.000000
1764624655.913590908	0.000000	0.000000	-0.116953	0.000000	0.000000	0.000000	0.000000	0.000000	-0.167985	0.000000	0.000000	0.000000	0.000000	0.000000	0.000000	0.000000	0.000000	0.000000	0.000000	0.000000	-16.008848	0.000000	0.000000	0.000000
1764624655.919012547	0.000000	0.000000	-0.059370	0.000000	0.000000	0.000000	0.000000	0.000000	-0.167985	0.000000	0.000000	0.000000	0.000000	0.000000	0.000000	0.000000	0.000000	0.000000	0.000000	0.000000	-16.008848	0.000000	0.000000	0.000000
1764624655.929477692	0.000000	0.000000	-0.094716	0.000000	0.000000	0.000000	0.000000	0.000000	-0.167985	0.000000	0.000000	0.000000	0.000000	0.000000	0.000000	0.000000	0.000000	0.000000	0.000000	0.000000	-16.008848	0.000000	0.000000	0.000000
1764624655.938853741	0.000000	0.000000	-0.066428	0.000000	0.000000	0.000000	0.000000	0.000000	-0.167985	0.000000	0.000000	0.000000	0.000000	0.000000	0.000000	0.000000	0.000000	0.000000	0.000000	0.000000	-16.008848	0.000000	0.000000	0.000000
1764624655.948606014	0.000000	0.000000	-0.066119	0.000000	0.000000	0.000000	0.000000	0.000000	-0.167985	0.000000	0.000000	0.000000	0.000000	0.000000	0.000000	0.000000	0.000000	0.000000	0.000000	0.000000	-16.008848	0.000000	0.000000	0.000000
1764624655.967551708	0.000000	0.000000	-0.073334	0.000000	0.000000	0.000000	0.000000	0.000000	-0.188028	0.000000	0.000000	0.000000	0.000000	0.000000	0.000000	0.000000	0.000000	0.000000	0.000000	0.000000	-16.008848	0.000000	0.000000	0.000000
1764624655.969170809	0.000000	0.000000	-0.058236	0.000000	0.000000	0.000000	0.000000	0.000000	-0.188028	0.000000	0.000000	0.000000	0.000000	0.000000	0.000000	0.000000	0.000000	0.000000	0.000000	0.000000	-16.008848	0.000000	0.000000	0.000000
1764624655.978680372	0.000000	0.000000	-0.081985	0.000000	0.000000	0.000000	0.000000	0.000000	-0.188028	0.000000	0.000000	0.000000	0.000000	0.000000	0.000000	0.000000	0.000000	0.000000	0.000000	0.000000	-16.008848	0.000000	0.000000	0.000000
1764624655.992773771	0.000000	0.000000	-0.055758	0.000000	0.000000	0.000000	0.000000	0.000000	-0.188028	0.000000	0.000000	0.000000	0.000000	0.000000	0.000000	0.000000	0.000000	0.000000	0.000000	0.000000	-16.008848	0.000000	0.000000	0.000000
1764624655.998250008	0.000000	0.000000	-0.094168	0.000000	0.000000	0.000000	0.000000	0.000000	-0.188028	0.000000	0.000000	0.000000	0.000000	0.000000	0.000000	0.000000	0.000000	0.000000	0.000000	0.000000	-16.008848	0.000000	0.000000	0.000000
1764624656.009565115	0.000000	0.000000	-0.077537	0.000000	0.000000	0.000000	0.000000	0.000000	-0.188028	0.000000	0.000000	0.000000	0.000000	0.000000	0.000000	0.000000	0.000000	0.000000	0.000000	0.000000	-16.008848	0.000000	0.000000	0.000000
1764624656.019316196	0.000000	0.000000	-0.093091	0.000000	0.000000	0.000000	0.000000	0.000000	-0.188028	0.000000	0.000000	0.000000	0.000000	0.000000	0.000000	0.000000	0.000000	0.000000	0.000000	0.000000	-16.008848	0.000000	0.000000	0.000000
1764624656.029177427	0.000000	0.000000	-0.092182	0.000000	0.000000	0.000000	0.000000	0.000000	-0.188028	0.000000	0.000000	0.000000	0.000000	0.000000	0.000000	0.000000	0.000000	0.000000	0.000000	0.000000	-16.008848	0.000000	0.000000	0.000000
1764624656.043253899	0.000000	0.000000	-0.041928	0.000000	0.000000	0.000000	0.000000	0.000000	-0.188028	0.000000	0.000000	0.000000	0.000000	0.000000	0.000000	0.000000	0.000000	0.000000	0.000000	0.000000	-16.008848	0.000000	0.000000	0.000000
1764624656.048494339	0.000000	0.000000	-0.123480	0.000000	0.000000	0.000000	0.000000	0.000000	-0.188028	0.000000	0.000000	0.000000	0.000000	0.000000	0.000000	0.000000	0.000000	0.000000	0.000000	0.000000	-16.008848	0.000000	0.000000	0.000000
1764624656.058703423	0.000000	0.000000	-0.081091	0.000000	0.000000	0.000000	0.000000	0.000000	-0.188028	0.000000	0.000000	0.000000	0.000000	0.000000	0.000000	0.000000	0.000000	0.000000	0.000000	0.000000	-16.008848	0.000000	0.000000	0.000000
1764624656.078132629	0.000000	0.000000	-0.093194	0.000000	0.000000	0.000000	0.000000	0.000000	-0.188028	0.000000	0.000000	0.000000	0.000000	0.000000	0.000000	0.000000	0.000000	0.000000	0.000000	0.000000	-16.008848	0.000000	0.000000	0.000000
1764624656.081317902	0.000000	0.000000	-0.106922	0.000000	0.000000	0.000000	0.000000	0.000000	-0.188028	0.000000	0.000000	0.000000	0.000000	0.000000	0.000000	0.000000	0.000000	0.000000	0.000000	0.000000	-16.008848	0.000000	0.000000	0.000000
1764624656.088655949	0.000000	0.000000	-0.082063	0.000000	0.000000	0.000000	0.000000	0.000000	-0.188028	0.000000	0.000000	0.000000	0.000000	0.000000	0.000000	0.000000	0.000000	0.000000	0.000000	0.000000	-16.008848	0.000000	0.000000	0.000000
1764624656.099186659	0.000000	0.000000	-0.091576	0.000000	0.000000	0.000000	0.000000	0.000000	-0.188028	0.000000	0.000000	0.000000	0.000000	0.000000	0.000000	0.000000	0.000000	0.000000	0.000000	0.000000	-16.008848	0.000000	0.000000	0.000000
1764624656.109491825	0.000000	0.000000	-0.086610	0.000000	0.000000	0.000000	0.000000	0.000000	-0.188028	0.000000	0.000000	0.000000	0.000000	0.000000	0.000000	0.000000	0.000000	0.000000	0.000000	0.000000	-16.008848	0.000000	0.000000	0.000000
1764624656.119123220	0.000000	0.000000	-0.092156	0.000000	0.000000	0.000000	0.000000	0.000000	-0.188028	0.000000	0.000000	0.000000	0.000000	0.000000	0.000000	0.000000	0.000000	0.000000	0.000000	0.000000	-16.008848	0.000000	0.000000	0.000000
1764624656.129142284	0.000000	0.000000	-0.072153	0.000000	0.000000	0.000000	0.000000	0.000000	-0.188028	0.000000	0.000000	0.000000	0.000000	0.000000	0.000000	0.000000	0.000000	0.000000	0.000000	0.000000	-16.008848	0.000000	0.000000	0.000000
1764624656.139158487	0.000000	0.000000	-0.081463	0.000000	0.000000	0.000000	0.000000	0.000000	-0.188028	0.000000	0.000000	0.000000	0.000000	0.000000	0.000000	0.000000	0.000000	0.000000	0.000000	0.000000	-16.008848	0.000000	0.000000	0.000000
1764624656.148696423	0.000000	0.000000	-0.117752	0.000000	0.000000	0.000000	0.000000	0.000000	-0.188028	0.000000	0.000000	0.000000	0.000000	0.000000	0.000000	0.000000	0.000000	0.000000	0.000000	0.000000	-16.008848	0.000000	0.000000	0.000000
1764624656.166891575	0.000000	0.000000	-0.042504	0.000000	0.000000	0.000000	0.000000	0.000000	-0.188028	0.000000	0.000000	0.000000	0.000000	0.000000	0.000000	0.000000	0.000000	0.000000	0.000000	0.000000	-16.008848	0.000000	0.000000	0.000000
1764624656.168410778	0.000000	0.000000	-0.109761	0.000000	0.000000	0.000000	0.000000	0.000000	-0.188028	0.000000	0.000000	0.000000	0.000000	0.000000	0.000000	0.000000	0.000000	0.000000	0.000000	0.000000	-16.008848	0.000000	0.000000	0.000000
1764624656.183708429	0.000000	0.000000	-0.071126	0.000000	0.000000	0.000000	0.000000	0.000000	-0.188028	0.000000	0.000000	0.000000	0.000000	0.000000	0.000000	0.000000	0.000000	0.000000	0.000000	0.000000	-16.008848	0.000000	0.000000	0.000000
1764624656.188791037	0.000000	0.000000	-0.088065	0.000000	0.000000	0.000000	0.000000	0.000000	-0.188028	0.000000	0.000000	0.000000	0.000000	0.000000	0.000000	0.000000	0.000000	0.000000	0.000000	0.000000	-16.008848	0.000000	0.000000	0.000000
1764624656.203521729	0.000000	0.000000	-0.108781	0.000000	0.000000	0.000000	0.000000	0.000000	-0.188028	0.000000	0.000000	0.000000	0.000000	0.000000	0.000000	0.000000	0.000000	0.000000	0.000000	0.000000	-16.008848	0.000000	0.000000	0.000000
1764624656.209173203	0.000000	0.000000	-0.072494	0.000000	0.000000	0.000000	0.000000	0.000000	-0.212896	0.000000	0.000000	0.000000	0.000000	0.000000	0.000000	0.000000	0.000000	0.000000	0.000000	0.000000	-16.008848	0.000000	0.000000	0.000000
1764624656.228081226	0.000000	0.000000	-0.086760	0.000000	0.000000	0.000000	0.000000	0.000000	-0.212896	0.000000	0.000000	0.000000	0.000000	0.000000	0.000000	0.000000	0.000000	0.000000	0.000000	0.000000	-16.008848	0.000000	0.000000	0.000000
1764624656.228096008	0.000000	0.000000	-0.088383	0.000000	0.000000	0.000000	0.000000	0.000000	-0.212896	0.000000	0.000000	0.000000	0.000000	0.000000	0.000000	0.000000	0.000000	0.000000	0.000000	0.000000	-16.008848	0.000000	0.000000	0.000000
1764624656.239236355	0.000000	0.000000	-0.104290	0.000000	0.000000	0.000000	0.000000	0.000000	-0.212896	0.000000	0.000000	0.000000	0.000000	0.000000	0.000000	0.000000	0.000000	0.000000	0.000000	0.000000	-16.008848	0.000000	0.000000	0.000000
1764624656.248527288	0.000000	0.000000	-0.080500	0.000000	0.000000	0.000000	0.000000	0.000000	-0.212896	0.000000	0.000000	0.000000	0.000000	0.000000	0.000000	0.000000	0.000000	0.000000	0.000000	0.000000	-16.008848	0.000000	0.000000	0.000000
1764624656.258739710	0.000000	0.000000	-0.104408	0.000000	0.000000	0.000000	0.000000	0.000000	-0.212896	0.000000	0.000000	0.000000	0.000000	0.000000	0.000000	0.000000	0.000000	0.000000	0.000000	0.000000	-16.008848	0.000000	0.000000	0.000000
1764624656.273771524	0.000000	0.000000	-0.082475	0.000000	0.000000	0.000000	0.000000	0.000000	-0.212896	0.000000	0.000000	0.000000	0.000000	0.000000	0.000000	0.000000	0.000000	0.000000	0.000000	0.000000	-16.008848	0.000000	0.000000	0.000000
1764624656.279386044	0.000000	0.000000	-0.082931	0.000000	0.000000	0.000000	0.000000	0.000000	-0.212896	0.000000	0.000000	0.000000	0.000000	0.000000	0.000000	0.000000	0.000000	0.000000	0.000000	0.000000	-16.008848	0.000000	0.000000	0.000000
1764624656.289819717	0.000000	0.000000	-0.127876	0.000000	0.000000	0.000000	0.000000	0.000000	-0.212896	0.000000	0.000000	0.000000	0.000000	0.000000	0.000000	0.000000	0.000000	0.000000	0.000000	0.000000	-16.008848	0.000000	0.000000	0.000000
1764624656.299036741	0.000000	0.000000	-0.078358	0.000000	0.000000	0.000000	0.000000	0.000000	-0.212896	0.000000	0.000000	0.000000	0.000000	0.000000	0.000000	0.000000	0.000000	0.000000	0.000000	0.000000	-16.008848	0.000000	0.000000	0.000000
1764624656.309561491	0.000000	0.000000	-0.094436	0.000000	0.000000	0.000000	0.000000	0.000000	-0.212896	0.000000	0.000000	0.000000	0.000000	0.000000	0.000000	0.000000	0.000000	0.000000	0.000000	0.000000	-16.008848	0.000000	0.000000	0.000000
1764624656.334089756	0.000000	0.000000	-0.094754	0.000000	0.000000	0.000000	0.000000	0.000000	-0.212896	0.000000	0.000000	0.000000	0.000000	0.000000	0.000000	0.000000	0.000000	0.000000	0.000000	0.000000	-16.008848	0.000000	0.000000	0.000000
1764624656.334135056	0.000000	0.000000	-0.098796	0.000000	0.000000	0.000000	0.000000	0.000000	-0.212896	0.000000	0.000000	0.000000	0.000000	0.000000	0.000000	0.000000	0.000000	0.000000	0.000000	0.000000	-16.008848	0.000000	0.000000	0.000000
1764624656.338868856	0.000000	0.000000	-0.146562	0.000000	0.000000	0.000000	0.000000	0.000000	-0.212896	0.000000	0.000000	0.000000	0.000000	0.000000	0.000000	0.000000	0.000000	0.000000	0.000000	0.000000	-16.008848	0.000000	0.000000	0.000000
1764624656.359399319	0.000000	0.000000	-0.081324	0.000000	0.000000	0.000000	0.000000	0.000000	-0.212896	0.000000	0.000000	0.000000	0.000000	0.000000	0.000000	0.000000	0.000000	0.000000	0.000000	0.000000	-16.008848	0.000000	0.000000	0.000000
1764624656.359406233	0.000000	0.000000	-0.086744	0.000000	0.000000	0.000000	0.000000	0.000000	-0.212896	0.000000	0.000000	0.000000	0.000000	0.000000	0.000000	0.000000	0.000000	0.000000	0.000000	0.000000	-16.008848	0.000000	0.000000	0.000000
1764624656.369537115	0.000000	0.000000	-0.090277	0.000000	0.000000	0.000000	0.000000	0.000000	-0.212896	0.000000	0.000000	0.000000	0.000000	0.000000	0.000000	0.000000	0.000000	0.000000	0.000000	0.000000	-16.008848	0.000000	0.000000	0.000000
1764624656.379356623	0.000000	0.000000	-0.089984	0.000000	0.000000	0.000000	0.000000	0.000000	-0.212896	0.000000	0.000000	0.000000	0.000000	0.000000	0.000000	0.000000	0.000000	0.000000	0.000000	0.000000	-16.008848	0.000000	0.000000	0.000000
1764624656.400336027	0.000000	0.000000	-0.069192	0.000000	0.000000	0.000000	0.000000	0.000000	-0.212896	0.000000	0.000000	0.000000	0.000000	0.000000	0.000000	0.000000	0.000000	0.000000	0.000000	0.000000	-16.008848	0.000000	0.000000	0.000000
1764624656.400349379	0.000000	0.000000	-0.098156	0.000000	0.000000	0.000000	0.000000	0.000000	-0.212896	0.000000	0.000000	0.000000	0.000000	0.000000	0.000000	0.000000	0.000000	0.000000	0.000000	0.000000	-16.008848	0.000000	0.000000	0.000000
1764624656.409342527	0.000000	0.000000	-0.096126	0.000000	0.000000	0.000000	0.000000	0.000000	-0.212896	0.000000	0.000000	0.000000	0.000000	0.000000	0.000000	0.000000	0.000000	0.000000	0.000000	0.000000	-16.008848	0.000000	0.000000	0.000000
1764624656.418101072	0.000000	0.000000	-0.060457	0.000000	0.000000	0.000000	0.000000	0.000000	-0.212896	0.000000	0.000000	0.000000	0.000000	0.000000	0.000000	0.000000	0.000000	0.000000	0.000000	0.000000	-16.008848	0.000000	0.000000	0.000000
1764624656.429919481	0.000000	0.000000	-0.129333	0.000000	0.000000	0.000000	0.000000	0.000000	-0.212896	0.000000	0.000000	0.000000	0.000000	0.000000	0.000000	0.000000	0.000000	0.000000	0.000000	0.000000	-16.008848	0.000000	0.000000	0.000000
1764624656.439405441	0.000000	0.000000	-0.113059	0.000000	0.000000	0.000000	0.000000	0.000000	-0.212896	0.000000	0.000000	0.000000	0.000000	0.000000	0.000000	0.000000	0.000000	0.000000	0.000000	0.000000	-16.008848	0.000000	0.000000	0.000000
1764624656.448349237	0.000000	0.000000	-0.087171	0.000000	0.000000	0.000000	0.000000	0.000000	-0.212896	0.000000	0.000000	0.000000	0.000000	0.000000	0.000000	0.000000	0.000000	0.000000	0.000000	0.000000	-16.008848	0.000000	0.000000	0.000000
1764624656.458582163	0.000000	0.000000	-0.130316	0.000000	0.000000	0.000000	0.000000	0.000000	-0.235488	0.000000	0.000000	0.000000	0.000000	0.000000	0.000000	0.000000	0.000000	0.000000	0.000000	0.000000	-16.008848	0.000000	0.000000	0.000000
1764624656.469249487	0.000000	0.000000	-0.117914	0.000000	0.000000	0.000000	0.000000	0.000000	-0.235488	0.000000	0.000000	0.000000	0.000000	0.000000	0.000000	0.000000	0.000000	0.000000	0.000000	0.000000	-16.008848	0.000000	0.000000	0.000000
1764624656.490441322	0.000000	0.000000	-0.085091	0.000000	0.000000	0.000000	0.000000	0.000000	-0.235488	0.000000	0.000000	0.000000	0.000000	0.000000	0.000000	0.000000	0.000000	0.000000	0.000000	0.000000	-16.008848	0.000000	0.000000	0.000000
1764624656.490473509	0.000000	0.000000	-0.104826	0.000000	0.000000	0.000000	0.000000	0.000000	-0.235488	0.000000	0.000000	0.000000	0.000000	0.000000	0.000000	0.000000	0.000000	0.000000	0.000000	0.000000	-16.008848	0.000000	0.000000	0.000000
1764624656.498867512	0.000000	0.000000	-0.106873	0.000000	0.000000	0.000000	0.000000	0.000000	-0.235488	0.000000	0.000000	0.000000	0.000000	0.000000	0.000000	0.000000	0.000000	0.000000	0.000000	0.000000	-16.008848	0.000000	0.000000	0.000000
1764624656.519203663	0.000000	0.000000	-0.089258	0.000000	0.000000	0.000000	0.000000	0.000000	-0.235488	0.000000	0.000000	0.000000	0.000000	0.000000	0.000000	0.000000	0.000000	0.000000	0.000000	0.000000	-16.008848	0.000000	0.000000	0.000000
1764624656.519231319	0.000000	0.000000	-0.110269	0.000000	0.000000	0.000000	0.000000	0.000000	-0.235488	0.000000	0.000000	0.000000	0.000000	0.000000	0.000000	0.000000	0.000000	0.000000	0.000000	0.000000	-16.008848	0.000000	0.000000	0.000000
1764624656.529409409	0.000000	0.000000	-0.101701	0.000000	0.000000	0.000000	0.000000	0.000000	-0.235488	0.000000	0.000000	0.000000	0.000000	0.000000	0.000000	0.000000	0.000000	0.000000	0.000000	0.000000	-16.008848	0.000000	0.000000	0.000000
1764624656.547761202	0.000000	0.000000	-0.067899	0.000000	0.000000	0.000000	0.000000	0.000000	-0.235488	0.000000	0.000000	0.000000	0.000000	0.000000	0.000000	0.000000	0.000000	0.000000	0.000000	0.000000	-16.008848	0.000000	0.000000	0.000000
1764624656.549779415	0.000000	0.000000	-0.095474	0.000000	0.000000	0.000000	0.000000	0.000000	-0.235488	0.000000	0.000000	0.000000	0.000000	0.000000	0.000000	0.000000	0.000000	0.000000	0.000000	0.000000	-16.008848	0.000000	0.000000	0.000000
1764624656.558902979	0.000000	0.000000	-0.070957	0.000000	0.000000	0.000000	0.000000	0.000000	-0.235488	0.000000	0.000000	0.000000	0.000000	0.000000	0.000000	0.000000	0.000000	0.000000	0.000000	0.000000	-16.008848	0.000000	0.000000	0.000000
1764624656.569982290	0.000000	0.000000	-0.069915	0.000000	0.000000	0.000000	0.000000	0.000000	-0.235488	0.000000	0.000000	0.000000	0.000000	0.000000	0.000000	0.000000	0.000000	0.000000	0.000000	0.000000	-16.008848	0.000000	0.000000	0.000000
1764624656.579833508	0.000000	0.000000	-0.119396	0.000000	0.000000	0.000000	0.000000	0.000000	-0.235488	0.000000	0.000000	0.000000	0.000000	0.000000	0.000000	0.000000	0.000000	0.000000	0.000000	0.000000	-16.008848	0.000000	0.000000	0.000000
1764624656.588886976	0.000000	0.000000	-0.076067	0.000000	0.000000	0.000000	0.000000	0.000000	-0.235488	0.000000	0.000000	0.000000	0.000000	0.000000	0.000000	0.000000	0.000000	0.000000	0.000000	0.000000	-16.008848	0.000000	0.000000	0.000000
1764624656.611371040	0.000000	0.000000	-0.085505	0.000000	0.000000	0.000000	0.000000	0.000000	-0.235488	0.000000	0.000000	0.000000	0.000000	0.000000	0.000000	0.000000	0.000000	0.000000	0.000000	0.000000	-16.008848	0.000000	0.000000	0.000000
1764624656.613091946	0.000000	0.000000	-0.096883	0.000000	0.000000	0.000000	0.000000	0.000000	-0.235488	0.000000	0.000000	0.000000	0.000000	0.000000	0.000000	0.000000	0.000000	0.000000	0.000000	0.000000	-16.008848	0.000000	0.000000	0.000000
1764624656.618871212	0.000000	0.000000	-0.106847	0.000000	0.000000	0.000000	0.000000	0.000000	-0.235488	0.000000	0.000000	0.000000	0.000000	0.000000	0.000000	0.000000	0.000000	0.000000	0.000000	0.000000	-16.008848	0.000000	0.000000	0.000000
1764624656.628860712	0.000000	0.000000	-0.082426	0.000000	0.000000	0.000000	0.000000	0.000000	-0.235488	0.000000	0.000000	0.000000	0.000000	0.000000	0.000000	0.000000	0.000000	0.000000	0.000000	0.000000	-16.008848	0.000000	0.000000	0.000000
1764624656.639408350	0.000000	0.000000	-0.133850	0.000000	0.000000	0.000000	0.000000	0.000000	-0.235488	0.000000	0.000000	0.000000	0.000000	0.000000	0.000000	0.000000	0.000000	0.000000	0.000000	0.000000	-16.008848	0.000000	0.000000	0.000000
1764624656.648529053	0.000000	0.000000	-0.114475	0.000000	0.000000	0.000000	0.000000	0.000000	-0.235488	0.000000	0.000000	0.000000	0.000000	0.000000	0.000000	0.000000	0.000000	0.000000	0.000000	0.000000	-16.008848	0.000000	0.000000	0.000000
1764624656.662568569	0.000000	0.000000	-0.098974	0.000000	0.000000	0.000000	0.000000	0.000000	-0.235488	0.000000	0.000000	0.000000	0.000000	0.000000	0.000000	0.000000	0.000000	0.000000	0.000000	0.000000	-16.008848	0.000000	0.000000	0.000000
1764624656.682142496	0.000000	0.000000	-0.118334	0.000000	0.000000	0.000000	0.000000	0.000000	-0.235488	0.000000	0.000000	0.000000	0.000000	0.000000	0.000000	0.000000	0.000000	0.000000	0.000000	0.000000	-16.008848	0.000000	0.000000	0.000000
1764624656.682157278	0.000000	0.000000	-0.074064	0.000000	0.000000	0.000000	0.000000	0.000000	-0.235488	0.000000	0.000000	0.000000	0.000000	0.000000	0.000000	0.000000	0.000000	0.000000	0.000000	0.000000	-16.008848	0.000000	0.000000	0.000000
1764624656.689121962	0.000000	0.000000	-0.106956	0.000000	0.000000	0.000000	0.000000	0.000000	-0.235488	0.000000	0.000000	0.000000	0.000000	0.000000	0.000000	0.000000	0.000000	0.000000	0.000000	0.000000	-16.008848	0.000000	0.000000	0.000000
1764624656.699802876	0.000000	0.000000	-0.085291	0.000000	0.000000	0.000000	0.000000	0.000000	-0.235488	0.000000	0.000000	0.000000	0.000000	0.000000	0.000000	0.000000	0.000000	0.000000	0.000000	0.000000	-16.008848	0.000000	0.000000	0.000000
1764624656.724317789	0.000000	0.000000	-0.080629	0.000000	0.000000	0.000000	0.000000	0.000000	-0.248137	0.000000	0.000000	0.000000	0.000000	0.000000	0.000000	0.000000	0.000000	0.000000	0.000000	0.000000	-16.008848	0.000000	0.000000	0.000000
1764624656.724328995	0.000000	0.000000	-0.114204	0.000000	0.000000	0.000000	0.000000	0.000000	-0.248137	0.000000	0.000000	0.000000	0.000000	0.000000	0.000000	0.000000	0.000000	0.000000	0.000000	0.000000	-16.008848	0.000000	0.000000	0.000000
1764624656.729475021	0.000000	0.000000	-0.084569	0.000000	0.000000	0.000000	0.000000	0.000000	-0.248137	0.000000	0.000000	0.000000	0.000000	0.000000	0.000000	0.000000	0.000000	0.000000	0.000000	0.000000	-16.008848	0.000000	0.000000	0.000000
1764624656.738746881	0.000000	0.000000	-0.080007	0.000000	0.000000	0.000000	0.000000	0.000000	-0.248137	0.000000	0.000000	0.000000	0.000000	0.000000	0.000000	0.000000	0.000000	0.000000	0.000000	0.000000	-16.008848	0.000000	0.000000	0.000000
1764624656.748835325	0.000000	0.000000	-0.085915	0.000000	0.000000	0.000000	0.000000	0.000000	-0.248137	0.000000	0.000000	0.000000	0.000000	0.000000	0.000000	0.000000	0.000000	0.000000	0.000000	0.000000	-16.008848	0.000000	0.000000	0.000000
1764624656.767292023	0.000000	0.000000	-0.106236	0.000000	0.000000	0.000000	0.000000	0.000000	-0.248137	0.000000	0.000000	0.000000	0.000000	0.000000	0.000000	0.000000	0.000000	0.000000	0.000000	0.000000	-16.008848	0.000000	0.000000	0.000000
1764624656.769464254	0.000000	0.000000	-0.086854	0.000000	0.000000	0.000000	0.000000	0.000000	-0.248137	0.000000	0.000000	0.000000	0.000000	0.000000	0.000000	0.000000	0.000000	0.000000	0.000000	0.000000	-16.008848	0.000000	0.000000	0.000000
1764624656.779709339	0.000000	0.000000	-0.105902	0.000000	0.000000	0.000000	0.000000	0.000000	-0.248137	0.000000	0.000000	0.000000	0.000000	0.000000	0.000000	0.000000	0.000000	0.000000	0.000000	0.000000	-16.008848	0.000000	0.000000	0.000000
1764624656.789805651	0.000000	0.000000	-0.102144	0.000000	0.000000	0.000000	0.000000	0.000000	-0.248137	0.000000	0.000000	0.000000	0.000000	0.000000	0.000000	0.000000	0.000000	0.000000	0.000000	0.000000	-16.008848	0.000000	0.000000	0.000000
1764624656.807317495	0.000000	0.000000	-0.092396	0.000000	0.000000	0.000000	0.000000	0.000000	-0.248137	0.000000	0.000000	0.000000	0.000000	0.000000	0.000000	0.000000	0.000000	0.000000	0.000000	0.000000	-16.008848	0.000000	0.000000	0.000000
1764624656.809335709	0.000000	0.000000	-0.110660	0.000000	0.000000	0.000000	0.000000	0.000000	-0.248137	0.000000	0.000000	0.000000	0.000000	0.000000	0.000000	0.000000	0.000000	0.000000	0.000000	0.000000	-16.008848	0.000000	0.000000	0.000000
1764624656.819724083	0.000000	0.000000	-0.101448	0.000000	0.000000	0.000000	0.000000	0.000000	-0.248137	0.000000	0.000000	0.000000	0.000000	0.000000	0.000000	0.000000	0.000000	0.000000	0.000000	0.000000	-16.008848	0.000000	0.000000	0.000000
1764624656.842326403	0.000000	0.000000	-0.081025	0.000000	0.000000	0.000000	0.000000	0.000000	-0.248137	0.000000	0.000000	0.000000	0.000000	0.000000	0.000000	0.000000	0.000000	0.000000	0.000000	0.000000	-16.008848	0.000000	0.000000	0.000000
1764624656.842346907	0.000000	0.000000	-0.100378	0.000000	0.000000	0.000000	0.000000	0.000000	-0.248137	0.000000	0.000000	0.000000	0.000000	0.000000	0.000000	0.000000	0.000000	0.000000	0.000000	0.000000	-16.008848	0.000000	0.000000	0.000000
1764624656.848832369	0.000000	0.000000	-0.097298	0.000000	0.000000	0.000000	0.000000	0.000000	-0.248137	0.000000	0.000000	0.000000	0.000000	0.000000	0.000000	0.000000	0.000000	0.000000	0.000000	0.000000	-16.008848	0.000000	0.000000	0.000000
1764624656.859559774	0.000000	0.000000	-0.082454	0.000000	0.000000	0.000000	0.000000	0.000000	-0.248137	0.000000	0.000000	0.000000	0.000000	0.000000	0.000000	0.000000	0.000000	0.000000	0.000000	0.000000	-16.008848	0.000000	0.000000	0.000000
1764624656.869733810	0.000000	0.000000	-0.110442	0.000000	0.000000	0.000000	0.000000	0.000000	-0.248137	0.000000	0.000000	0.000000	0.000000	0.000000	0.000000	0.000000	0.000000	0.000000	0.000000	0.000000	-16.008848	0.000000	0.000000	0.000000
1764624656.889381409	0.000000	0.000000	-0.102809	0.000000	0.000000	0.000000	0.000000	0.000000	-0.248137	0.000000	0.000000	0.000000	0.000000	0.000000	0.000000	0.000000	0.000000	0.000000	0.000000	0.000000	-16.008848	0.000000	0.000000	0.000000
1764624656.889388561	0.000000	0.000000	-0.061049	0.000000	0.000000	0.000000	0.000000	0.000000	-0.248137	0.000000	0.000000	0.000000	0.000000	0.000000	0.000000	0.000000	0.000000	0.000000	0.000000	0.000000	-16.008848	0.000000	0.000000	0.000000
1764624656.898683310	0.000000	0.000000	-0.124928	0.000000	0.000000	0.000000	0.000000	0.000000	-0.248137	0.000000	0.000000	0.000000	0.000000	0.000000	0.000000	0.000000	0.000000	0.000000	0.000000	0.000000	-16.008848	0.000000	0.000000	0.000000
1764624656.909028769	0.000000	0.000000	-0.145366	0.000000	0.000000	0.000000	0.000000	0.000000	-0.248137	0.000000	0.000000	0.000000	0.000000	0.000000	0.000000	0.000000	0.000000	0.000000	0.000000	0.000000	-16.008848	0.000000	0.000000	0.000000
1764624656.926527262	0.000000	0.000000	-0.079068	0.000000	0.000000	0.000000	0.000000	0.000000	-0.248137	0.000000	0.000000	0.000000	0.000000	0.000000	0.000000	0.000000	0.000000	0.000000	0.000000	0.000000	-16.008848	0.000000	0.000000	0.000000
1764624656.928953171	0.000000	0.000000	-0.122190	0.000000	0.000000	0.000000	0.000000	0.000000	-0.248137	0.000000	0.000000	0.000000	0.000000	0.000000	0.000000	0.000000	0.000000	0.000000	0.000000	0.000000	-16.008848	0.000000	0.000000	0.000000
1764624656.939355850	0.000000	0.000000	-0.100795	0.000000	0.000000	0.000000	0.000000	0.000000	-0.248137	0.000000	0.000000	0.000000	0.000000	0.000000	0.000000	0.000000	0.000000	0.000000	0.000000	0.000000	-16.008848	0.000000	0.000000	0.000000
1764624656.948988438	0.000000	0.000000	-0.087699	0.000000	0.000000	0.000000	0.000000	0.000000	-0.248137	0.000000	0.000000	0.000000	0.000000	0.000000	0.000000	0.000000	0.000000	0.000000	0.000000	0.000000	-16.008848	0.000000	0.000000	0.000000
1764624656.972607851	0.000000	0.000000	-0.120467	0.000000	0.000000	0.000000	0.000000	0.000000	-0.265152	0.000000	0.000000	0.000000	0.000000	0.000000	0.000000	0.000000	0.000000	0.000000	0.000000	0.000000	-16.008848	0.000000	0.000000	0.000000
1764624656.972613811	0.000000	0.000000	-0.098257	0.000000	0.000000	0.000000	0.000000	0.000000	-0.265152	0.000000	0.000000	0.000000	0.000000	0.000000	0.000000	0.000000	0.000000	0.000000	0.000000	0.000000	-16.008848	0.000000	0.000000	0.000000
1764624656.979497433	0.000000	0.000000	-0.066213	0.000000	0.000000	0.000000	0.000000	0.000000	-0.265152	0.000000	0.000000	0.000000	0.000000	0.000000	0.000000	0.000000	0.000000	0.000000	0.000000	0.000000	-16.008848	0.000000	0.000000	0.000000
1764624657.003675222	0.000000	0.000000	-0.118387	0.000000	0.000000	0.000000	0.000000	0.000000	-0.265152	0.000000	0.000000	0.000000	0.000000	0.000000	0.000000	0.000000	0.000000	0.000000	0.000000	0.000000	-16.008848	0.000000	0.000000	0.000000
1764624657.003703356	0.000000	0.000000	-0.094809	0.000000	0.000000	0.000000	0.000000	0.000000	-0.265152	0.000000	0.000000	0.000000	0.000000	0.000000	0.000000	0.000000	0.000000	0.000000	0.000000	0.000000	-16.008848	0.000000	0.000000	0.000000
1764624657.009167194	0.000000	0.000000	-0.088332	0.000000	0.000000	0.000000	0.000000	0.000000	-0.265152	0.000000	0.000000	0.000000	0.000000	0.000000	0.000000	0.000000	0.000000	0.000000	0.000000	0.000000	-16.008848	0.000000	0.000000	0.000000
1764624657.019880533	0.000000	0.000000	-0.114938	0.000000	0.000000	0.000000	0.000000	0.000000	-0.265152	0.000000	0.000000	0.000000	0.000000	0.000000	0.000000	0.000000	0.000000	0.000000	0.000000	0.000000	-16.008848	0.000000	0.000000	0.000000
1764624657.043000221	0.000000	0.000000	-0.091710	0.000000	0.000000	0.000000	0.000000	0.000000	-0.265152	0.000000	0.000000	0.000000	0.000000	0.000000	0.000000	0.000000	0.000000	0.000000	0.000000	0.000000	-16.008848	0.000000	0.000000	0.000000
1764624657.043013334	0.000000	0.000000	-0.080712	0.000000	0.000000	0.000000	0.000000	0.000000	-0.265152	0.000000	0.000000	0.000000	0.000000	0.000000	0.000000	0.000000	0.000000	0.000000	0.000000	0.000000	-16.008848	0.000000	0.000000	0.000000
1764624657.048457384	0.000000	0.000000	-0.128783	0.000000	0.000000	0.000000	0.000000	0.000000	-0.265152	0.000000	0.000000	0.000000	0.000000	0.000000	0.000000	0.000000	0.000000	0.000000	0.000000	0.000000	-16.008848	0.000000	0.000000	0.000000
1764624657.058620691	0.000000	0.000000	-0.076541	0.000000	0.000000	0.000000	0.000000	0.000000	-0.265152	0.000000	0.000000	0.000000	0.000000	0.000000	0.000000	0.000000	0.000000	0.000000	0.000000	0.000000	-16.008848	0.000000	0.000000	0.000000
1764624657.084026575	0.000000	0.000000	-0.101127	0.000000	0.000000	0.000000	0.000000	0.000000	-0.265152	0.000000	0.000000	0.000000	0.000000	0.000000	0.000000	0.000000	0.000000	0.000000	0.000000	0.000000	-16.008848	0.000000	0.000000	0.000000
1764624657.084056854	0.000000	0.000000	-0.116729	0.000000	0.000000	0.000000	0.000000	0.000000	-0.265152	0.000000	0.000000	0.000000	0.000000	0.000000	0.000000	0.000000	0.000000	0.000000	0.000000	0.000000	-16.008848	0.000000	0.000000	0.000000
1764624657.088409185	0.000000	0.000000	-0.080281	0.000000	0.000000	0.000000	0.000000	0.000000	-0.265152	0.000000	0.000000	0.000000	0.000000	0.000000	0.000000	0.000000	0.000000	0.000000	0.000000	0.000000	-16.008848	0.000000	0.000000	0.000000
1764624657.098575354	0.000000	0.000000	-0.112505	0.000000	0.000000	0.000000	0.000000	0.000000	-0.265152	0.000000	0.000000	0.000000	0.000000	0.000000	0.000000	0.000000	0.000000	0.000000	0.000000	0.000000	-16.008848	0.000000	0.000000	0.000000
1764624657.108367920	0.000000	0.000000	-0.107114	0.000000	0.000000	0.000000	0.000000	0.000000	-0.265152	0.000000	0.000000	0.000000	0.000000	0.000000	0.000000	0.000000	0.000000	0.000000	0.000000	0.000000	0.000000	0.000000	0.000000	0.000000
1764624657.125872612	0.000000	0.000000	-0.093501	0.000000	0.000000	0.000000	0.000000	0.000000	-0.265152	0.000000	0.000000	0.000000	0.000000	0.000000	0.000000	0.000000	0.000000	0.000000	0.000000	0.000000	0.000000	0.000000	0.000000	0.000000
1764624657.128494263	0.000000	0.000000	-0.094275	0.000000	0.000000	0.000000	0.000000	0.000000	-0.265152	0.000000	0.000000	0.000000	0.000000	0.000000	0.000000	0.000000	0.000000	0.000000	0.000000	0.000000	0.000000	0.000000	0.000000	0.000000
1764624657.138873100	0.000000	0.000000	-0.099441	0.000000	0.000000	0.000000	0.000000	0.000000	-0.265152	0.000000	0.000000	0.000000	0.000000	0.000000	0.000000	0.000000	0.000000	0.000000	0.000000	0.000000	0.000000	0.000000	0.000000	0.000000
1764624657.161667347	0.000000	0.000000	-0.064837	0.000000	0.000000	0.000000	0.000000	0.000000	-0.265152	0.000000	0.000000	0.000000	0.000000	0.000000	0.000000	0.000000	0.000000	0.000000	0.000000	0.000000	0.000000	0.000000	0.000000	0.000000
1764624657.162931204	0.000000	0.000000	-0.081025	0.000000	0.000000	0.000000	0.000000	0.000000	-0.265152	0.000000	0.000000	0.000000	0.000000	0.000000	0.000000	0.000000	0.000000	0.000000	0.000000	0.000000	0.000000	0.000000	0.000000	0.000000
1764624657.168371916	0.000000	0.000000	-0.071743	0.000000	0.000000	0.000000	0.000000	0.000000	-0.265152	0.000000	0.000000	0.000000	0.000000	0.000000	0.000000	0.000000	0.000000	0.000000	0.000000	0.000000	0.000000	0.000000	0.000000	0.000000
1764624657.178967714	0.000000	0.000000	0.073665	0.000000	0.000000	0.000000	0.000000	0.000000	-0.265152	0.000000	0.000000	0.000000	0.000000	0.000000	0.000000	0.000000	0.000000	0.000000	0.000000	0.000000	0.000000	0.000000	0.000000	0.000000
1764624657.196999788	0.000000	0.000000	0.005905	0.000000	0.000000	0.000000	0.000000	0.000000	-0.265152	0.000000	0.000000	0.000000	0.000000	0.000000	0.000000	0.000000	0.000000	0.000000	0.000000	0.000000	0.000000	0.000000	0.000000	0.000000
1764624657.198819637	0.000000	0.000000	0.147958	0.000000	0.000000	0.000000	0.000000	0.000000	-0.265152	0.000000	0.000000	0.000000	0.000000	0.000000	0.000000	0.000000	0.000000	0.000000	0.000000	0.000000	0.000000	0.000000	0.000000	0.000000
1764624657.210546494	0.000000	0.000000	0.157520	0.000000	0.000000	0.000000	0.000000	0.000000	-0.236063	0.000000	0.000000	0.000000	0.000000	0.000000	0.000000	0.000000	0.000000	0.000000	0.000000	0.000000	0.000000	0.000000	0.000000	0.000000
1764624657.219369888	0.000000	0.000000	0.229107	0.000000	0.000000	0.000000	0.000000	0.000000	-0.236063	0.000000	0.000000	0.000000	0.000000	0.000000	0.000000	0.000000	0.000000	0.000000	0.000000	0.000000	0.000000	0.000000	0.000000	0.000000
1764624657.243386269	0.000000	0.000000	0.181361	0.000000	0.000000	0.000000	0.000000	0.000000	-0.236063	0.000000	0.000000	0.000000	0.000000	0.000000	0.000000	0.000000	0.000000	0.000000	0.000000	0.000000	0.000000	0.000000	0.000000	0.000000
1764624657.244649887	0.000000	0.000000	0.268006	0.000000	0.000000	0.000000	0.000000	0.000000	-0.236063	0.000000	0.000000	0.000000	0.000000	0.000000	0.000000	0.000000	0.000000	0.000000	0.000000	0.000000	0.000000	0.000000	0.000000	0.000000
1764624657.248468161	0.000000	0.000000	0.223071	0.000000	0.000000	0.000000	0.000000	0.000000	-0.236063	0.000000	0.000000	0.000000	0.000000	0.000000	0.000000	0.000000	0.000000	0.000000	0.000000	0.000000	0.000000	0.000000	0.000000	0.000000
1764624657.259083271	0.000000	0.000000	0.221768	0.000000	0.000000	0.000000	0.000000	0.000000	-0.236063	0.000000	0.000000	0.000000	0.000000	0.000000	0.000000	0.000000	0.000000	0.000000	0.000000	0.000000	0.000000	0.000000	0.000000	0.000000
1764624657.269373178	0.000000	0.000000	0.213426	0.000000	0.000000	0.000000	0.000000	0.000000	-0.236063	0.000000	0.000000	0.000000	0.000000	0.000000	0.000000	0.000000	0.000000	0.000000	0.000000	0.000000	0.000000	0.000000	0.000000	0.000000
1764624657.278757811	0.000000	0.000000	0.198620	0.000000	0.000000	0.000000	0.000000	0.000000	-0.236063	0.000000	0.000000	0.000000	0.000000	0.000000	0.000000	0.000000	0.000000	0.000000	0.000000	0.000000	0.000000	0.000000	0.000000	0.000000
1764624657.296359539	0.000000	0.000000	0.178884	0.000000	0.000000	0.000000	0.000000	0.000000	-0.236063	0.000000	0.000000	0.000000	0.000000	0.000000	0.000000	0.000000	0.000000	0.000000	0.000000	0.000000	0.000000	0.000000	0.000000	0.000000
1764624657.298712492	0.000000	0.000000	0.163690	0.000000	0.000000	0.000000	0.000000	0.000000	-0.236063	0.000000	0.000000	0.000000	0.000000	0.000000	0.000000	0.000000	0.000000	0.000000	0.000000	0.000000	17.593857	0.000000	0.000000	0.000000
1764624657.308809042	0.000000	0.000000	0.151601	0.000000	0.000000	0.000000	0.000000	0.000000	-0.236063	0.000000	0.000000	0.000000	0.000000	0.000000	0.000000	0.000000	0.000000	0.000000	0.000000	0.000000	17.593857	0.000000	0.000000	0.000000
1764624657.328318834	0.000000	0.000000	0.152655	0.000000	0.000000	0.000000	0.000000	0.000000	-0.236063	0.000000	0.000000	0.000000	0.000000	0.000000	0.000000	0.000000	0.000000	0.000000	0.000000	0.000000	17.593857	0.000000	0.000000	0.000000
1764624657.332357883	0.000000	0.000000	0.154342	0.000000	0.000000	0.000000	0.000000	0.000000	-0.236063	0.000000	0.000000	0.000000	0.000000	0.000000	0.000000	0.000000	0.000000	0.000000	0.000000	0.000000	17.593857	0.000000	0.000000	0.000000
1764624657.338572502	0.000000	0.000000	0.146123	0.000000	0.000000	0.000000	0.000000	0.000000	-0.236063	0.000000	0.000000	0.000000	0.000000	0.000000	0.000000	0.000000	0.000000	0.000000	0.000000	0.000000	17.593857	0.000000	0.000000	0.000000
1764624657.348348379	0.000000	0.000000	0.104273	0.000000	0.000000	0.000000	0.000000	0.000000	-0.236063	0.000000	0.000000	0.000000	0.000000	0.000000	0.000000	0.000000	0.000000	0.000000	0.000000	0.000000	17.593857	0.000000	0.000000	0.000000
1764624657.367234468	0.000000	0.000000	0.116386	0.000000	0.000000	0.000000	0.000000	0.000000	-0.236063	0.000000	0.000000	0.000000	0.000000	0.000000	0.000000	0.000000	0.000000	0.000000	0.000000	0.000000	17.593857	0.000000	0.000000	0.000000
1764624657.370361567	0.000000	0.000000	0.103243	0.000000	0.000000	0.000000	0.000000	0.000000	-0.236063	0.000000	0.000000	0.000000	0.000000	0.000000	0.000000	0.000000	0.000000	0.000000	0.000000	0.000000	17.593857	0.000000	0.000000	0.000000
1764624657.379267693	0.000000	0.000000	0.105378	0.000000	0.000000	0.000000	0.000000	0.000000	-0.236063	0.000000	0.000000	0.000000	0.000000	0.000000	0.000000	0.000000	0.000000	0.000000	0.000000	0.000000	17.593857	0.000000	0.000000	0.000000
1764624657.395470381	0.000000	0.000000	0.073214	0.000000	0.000000	0.000000	0.000000	0.000000	-0.236063	0.000000	0.000000	0.000000	0.000000	0.000000	0.000000	0.000000	0.000000	0.000000	0.000000	0.000000	17.593857	0.000000	0.000000	0.000000
1764624657.398370266	0.000000	0.000000	0.088770	0.000000	0.000000	0.000000	0.000000	0.000000	-0.236063	0.000000	0.000000	0.000000	0.000000	0.000000	0.000000	0.000000	0.000000	0.000000	0.000000	0.000000	17.593857	0.000000	0.000000	0.000000
1764624657.409020901	0.000000	0.000000	0.104979	0.000000	0.000000	0.000000	0.000000	0.000000	-0.236063	0.000000	0.000000	0.000000	0.000000	0.000000	0.000000	0.000000	0.000000	0.000000	0.000000	0.000000	17.593857	0.000000	0.000000	0.000000
1764624657.419521093	0.000000	0.000000	0.050784	0.000000	0.000000	0.000000	0.000000	0.000000	-0.236063	0.000000	0.000000	0.000000	0.000000	0.000000	0.000000	0.000000	0.000000	0.000000	0.000000	0.000000	17.593857	0.000000	0.000000	0.000000
1764624657.430961847	0.000000	0.000000	0.109833	0.000000	0.000000	0.000000	0.000000	0.000000	-0.236063	0.000000	0.000000	0.000000	0.000000	0.000000	0.000000	0.000000	0.000000	0.000000	0.000000	0.000000	17.593857	0.000000	0.000000	0.000000
1764624657.438870668	0.000000	0.000000	0.069142	0.000000	0.000000	0.000000	0.000000	0.000000	-0.236063	0.000000	0.000000	0.000000	0.000000	0.000000	0.000000	0.000000	0.000000	0.000000	0.000000	0.000000	17.593857	0.000000	0.000000	0.000000
1764624657.448545933	0.000000	0.000000	0.153044	0.000000	0.000000	0.000000	0.000000	0.000000	-0.236063	0.000000	0.000000	0.000000	0.000000	0.000000	0.000000	0.000000	0.000000	0.000000	0.000000	0.000000	17.593857	0.000000	0.000000	0.000000
1764624657.458949089	0.000000	0.000000	0.248010	0.000000	0.000000	0.000000	0.000000	0.000000	-0.159348	0.000000	0.000000	0.000000	0.000000	0.000000	0.000000	0.000000	0.000000	0.000000	0.000000	0.000000	17.593857	0.000000	0.000000	0.000000
1764624657.469408512	0.000000	0.000000	0.419381	0.000000	0.000000	0.000000	0.000000	0.000000	-0.159348	0.000000	0.000000	0.000000	0.000000	0.000000	0.000000	0.000000	0.000000	0.000000	0.000000	0.000000	17.593857	0.000000	0.000000	0.000000
1764624657.491490841	0.000000	0.000000	0.435405	0.000000	0.000000	0.000000	0.000000	0.000000	-0.159348	0.000000	0.000000	0.000000	0.000000	0.000000	0.000000	0.000000	0.000000	0.000000	0.000000	0.000000	17.593857	0.000000	0.000000	0.000000
1764624657.492874861	0.000000	0.000000	0.506695	0.000000	0.000000	0.000000	0.000000	0.000000	-0.159348	0.000000	0.000000	0.000000	0.000000	0.000000	0.000000	0.000000	0.000000	0.000000	0.000000	0.000000	17.593857	0.000000	0.000000	0.000000
1764624657.498613119	0.000000	0.000000	0.590612	0.000000	0.000000	0.000000	0.000000	0.000000	-0.159348	0.000000	0.000000	0.000000	0.000000	0.000000	0.000000	0.000000	0.000000	0.000000	0.000000	0.000000	17.593857	0.000000	0.000000	0.000000
1764624657.517518044	0.000000	0.000000	0.616095	0.000000	0.000000	0.000000	0.000000	0.000000	-0.159348	0.000000	0.000000	0.000000	0.000000	0.000000	0.000000	0.000000	0.000000	0.000000	0.000000	0.000000	17.593857	0.000000	0.000000	0.000000
1764624657.518641949	0.000000	0.000000	0.643357	0.000000	0.000000	0.000000	0.000000	0.000000	-0.159348	0.000000	0.000000	0.000000	0.000000	0.000000	0.000000	0.000000	0.000000	0.000000	0.000000	0.000000	17.593857	0.000000	0.000000	0.000000
1764624657.528870106	0.000000	0.000000	0.733236	0.000000	0.000000	0.000000	0.000000	0.000000	-0.159348	0.000000	0.000000	0.000000	0.000000	0.000000	0.000000	0.000000	0.000000	0.000000	0.000000	0.000000	17.593857	0.000000	0.000000	0.000000
1764624657.538879633	0.000000	0.000000	0.695110	0.000000	0.000000	0.000000	0.000000	0.000000	-0.159348	0.000000	0.000000	0.000000	0.000000	0.000000	0.000000	0.000000	0.000000	0.000000	0.000000	0.000000	17.593857	0.000000	0.000000	0.000000
1764624657.548404932	0.000000	0.000000	0.633131	0.000000	0.000000	0.000000	0.000000	0.000000	-0.159348	0.000000	0.000000	0.000000	0.000000	0.000000	0.000000	0.000000	0.000000	0.000000	0.000000	0.000000	17.593857	0.000000	0.000000	0.000000
1764624657.573316813	0.000000	0.000000	0.578118	0.000000	0.000000	0.000000	0.000000	0.000000	-0.159348	0.000000	0.000000	0.000000	0.000000	0.000000	0.000000	0.000000	0.000000	0.000000	0.000000	0.000000	17.593857	0.000000	0.000000	0.000000
1764624657.575007915	0.000000	0.000000	0.512866	0.000000	0.000000	0.000000	0.000000	0.000000	-0.159348	0.000000	0.000000	0.000000	0.000000	0.000000	0.000000	0.000000	0.000000	0.000000	0.000000	0.000000	17.593857	0.000000	0.000000	0.000000
1764624657.578056812	0.000000	0.000000	0.478799	0.000000	0.000000	0.000000	0.000000	0.000000	-0.159348	0.000000	0.000000	0.000000	0.000000	0.000000	0.000000	0.000000	0.000000	0.000000	0.000000	0.000000	17.593857	0.000000	0.000000	0.000000
1764624657.602808475	0.000000	0.000000	0.425530	0.000000	0.000000	0.000000	0.000000	0.000000	-0.159348	0.000000	0.000000	0.000000	0.000000	0.000000	0.000000	0.000000	0.000000	0.000000	0.000000	0.000000	17.593857	0.000000	0.000000	0.000000
1764624657.602828979	0.000000	0.000000	0.281910	0.000000	0.000000	0.000000	0.000000	0.000000	-0.159348	0.000000	0.000000	0.000000	0.000000	0.000000	0.000000	0.000000	0.000000	0.000000	0.000000	0.000000	17.593857	0.000000	0.000000	0.000000
1764624657.608662367	0.000000	0.000000	0.373155	0.000000	0.000000	0.000000	0.000000	0.000000	-0.159348	0.000000	0.000000	0.000000	0.000000	0.000000	0.000000	0.000000	0.000000	0.000000	0.000000	0.000000	17.593857	0.000000	0.000000	0.000000
1764624657.619047642	0.000000	0.000000	0.247639	0.000000	0.000000	0.000000	0.000000	0.000000	-0.159348	0.000000	0.000000	0.000000	0.000000	0.000000	0.000000	0.000000	0.000000	0.000000	0.000000	0.000000	17.593857	0.000000	0.000000	0.000000
1764624657.633396626	0.000000	0.000000	0.197088	0.000000	0.000000	0.000000	0.000000	0.000000	-0.159348	0.000000	0.000000	0.000000	0.000000	0.000000	0.000000	0.000000	0.000000	0.000000	0.000000	0.000000	17.593857	0.000000	0.000000	0.000000
1764624657.638813734	0.000000	0.000000	0.257429	0.000000	0.000000	0.000000	0.000000	0.000000	-0.159348	0.000000	0.000000	0.000000	0.000000	0.000000	0.000000	0.000000	0.000000	0.000000	0.000000	0.000000	17.593857	0.000000	0.000000	0.000000
1764624657.648297787	0.000000	0.000000	0.131390	0.000000	0.000000	0.000000	0.000000	0.000000	-0.159348	0.000000	0.000000	0.000000	0.000000	0.000000	0.000000	0.000000	0.000000	0.000000	0.000000	0.000000	17.593857	0.000000	0.000000	0.000000
1764624657.658518076	0.000000	0.000000	0.153558	0.000000	0.000000	0.000000	0.000000	0.000000	-0.159348	0.000000	0.000000	0.000000	0.000000	0.000000	0.000000	0.000000	0.000000	0.000000	0.000000	0.000000	17.593857	0.000000	0.000000	0.000000
1764624657.683957338	0.000000	0.000000	0.127734	0.000000	0.000000	0.000000	0.000000	0.000000	-0.159348	0.000000	0.000000	0.000000	0.000000	0.000000	0.000000	0.000000	0.000000	0.000000	0.000000	0.000000	17.593857	0.000000	0.000000	0.000000
1764624657.683976412	0.000000	0.000000	0.114790	0.000000	0.000000	0.000000	0.000000	0.000000	-0.159348	0.000000	0.000000	0.000000	0.000000	0.000000	0.000000	0.000000	0.000000	0.000000	0.000000	0.000000	17.593857	0.000000	0.000000	0.000000
1764624657.688016415	0.000000	0.000000	0.085596	0.000000	0.000000	0.000000	0.000000	0.000000	-0.159348	0.000000	0.000000	0.000000	0.000000	0.000000	0.000000	0.000000	0.000000	0.000000	0.000000	0.000000	17.593857	0.000000	0.000000	0.000000
1764624657.698017597	0.000000	0.000000	0.083770	0.000000	0.000000	0.000000	0.000000	0.000000	-0.159348	0.000000	0.000000	0.000000	0.000000	0.000000	0.000000	0.000000	0.000000	0.000000	0.000000	0.000000	17.593857	0.000000	0.000000	0.000000
1764624657.708455324	0.000000	0.000000	0.021975	0.000000	0.000000	0.000000	0.000000	0.000000	-0.159348	0.000000	0.000000	0.000000	0.000000	0.000000	0.000000	0.000000	0.000000	0.000000	0.000000	0.000000	17.593857	0.000000	0.000000	0.000000
1764624657.732385635	0.000000	0.000000	0.092160	0.000000	0.000000	0.000000	0.000000	0.000000	-0.126067	0.000000	0.000000	0.000000	0.000000	0.000000	0.000000	0.000000	0.000000	0.000000	0.000000	0.000000	17.593857	0.000000	0.000000	0.000000
1764624657.733459234	0.000000	0.000000	-0.010910	0.000000	0.000000	0.000000	0.000000	0.000000	-0.126067	0.000000	0.000000	0.000000	0.000000	0.000000	0.000000	0.000000	0.000000	0.000000	0.000000	0.000000	17.593857	0.000000	0.000000	0.000000
1764624657.737799883	0.000000	0.000000	-0.008969	0.000000	0.000000	0.000000	0.000000	0.000000	-0.126067	0.000000	0.000000	0.000000	0.000000	0.000000	0.000000	0.000000	0.000000	0.000000	0.000000	0.000000	17.593857	0.000000	0.000000	0.000000
1764624657.757004261	0.000000	0.000000	0.010175	0.000000	0.000000	0.000000	0.000000	0.000000	-0.126067	0.000000	0.000000	0.000000	0.000000	0.000000	0.000000	0.000000	0.000000	0.000000	0.000000	0.000000	17.593857	0.000000	0.000000	0.000000
1764624657.758399248	0.000000	0.000000	-0.003826	0.000000	0.000000	0.000000	0.000000	0.000000	-0.126067	0.000000	0.000000	0.000000	0.000000	0.000000	0.000000	0.000000	0.000000	0.000000	0.000000	0.000000	17.593857	0.000000	0.000000	0.000000
1764624657.769475222	0.000000	0.000000	0.071457	0.000000	0.000000	0.000000	0.000000	0.000000	-0.126067	0.000000	0.000000	0.000000	0.000000	0.000000	0.000000	0.000000	0.000000	0.000000	0.000000	0.000000	17.593857	0.000000	0.000000	0.000000
1764624657.779304981	0.000000	0.000000	-0.014635	0.000000	0.000000	0.000000	0.000000	0.000000	-0.126067	0.000000	0.000000	0.000000	0.000000	0.000000	0.000000	0.000000	0.000000	0.000000	0.000000	0.000000	17.593857	0.000000	0.000000	0.000000
1764624657.798953295	0.000000	0.000000	-0.013499	0.000000	0.000000	0.000000	0.000000	0.000000	-0.126067	0.000000	0.000000	0.000000	0.000000	0.000000	0.000000	0.000000	0.000000	0.000000	0.000000	0.000000	17.593857	0.000000	0.000000	0.000000
1764624657.800705433	0.000000	0.000000	0.035931	0.000000	0.000000	0.000000	0.000000	0.000000	-0.126067	0.000000	0.000000	0.000000	0.000000	0.000000	0.000000	0.000000	0.000000	0.000000	0.000000	0.000000	17.593857	0.000000	0.000000	0.000000
1764624657.809144020	0.000000	0.000000	-0.016012	0.000000	0.000000	0.000000	0.000000	0.000000	-0.126067	0.000000	0.000000	0.000000	0.000000	0.000000	0.000000	0.000000	0.000000	0.000000	0.000000	0.000000	17.593857	0.000000	0.000000	0.000000
1764624657.818886518	0.000000	0.000000	-0.050158	0.000000	0.000000	0.000000	0.000000	0.000000	-0.126067	0.000000	0.000000	0.000000	0.000000	0.000000	0.000000	0.000000	0.000000	0.000000	0.000000	0.000000	17.593857	0.000000	0.000000	0.000000
1764624657.842570066	0.000000	0.000000	0.049005	0.000000	0.000000	0.000000	0.000000	0.000000	-0.126067	0.000000	0.000000	0.000000	0.000000	0.000000	0.000000	0.000000	0.000000	0.000000	0.000000	0.000000	17.593857	0.000000	0.000000	0.000000
1764624657.842581511	0.000000	0.000000	-0.036989	0.000000	0.000000	0.000000	0.000000	0.000000	-0.126067	0.000000	0.000000	0.000000	0.000000	0.000000	0.000000	0.000000	0.000000	0.000000	0.000000	0.000000	17.593857	0.000000	0.000000	0.000000
1764624657.849134922	0.000000	0.000000	-0.005493	0.000000	0.000000	0.000000	0.000000	0.000000	-0.126067	0.000000	0.000000	0.000000	0.000000	0.000000	0.000000	0.000000	0.000000	0.000000	0.000000	0.000000	17.593857	0.000000	0.000000	0.000000
1764624657.859670877	0.000000	0.000000	-0.010058	0.000000	0.000000	0.000000	0.000000	0.000000	-0.126067	0.000000	0.000000	0.000000	0.000000	0.000000	0.000000	0.000000	0.000000	0.000000	0.000000	0.000000	17.593857	0.000000	0.000000	0.000000
1764624657.869491816	0.000000	0.000000	-0.089456	0.000000	0.000000	0.000000	0.000000	0.000000	-0.126067	0.000000	0.000000	0.000000	0.000000	0.000000	0.000000	0.000000	0.000000	0.000000	0.000000	0.000000	17.593857	0.000000	0.000000	0.000000
1764624657.890936136	0.000000	0.000000	0.098195	0.000000	0.000000	0.000000	0.000000	0.000000	-0.126067	0.000000	0.000000	0.000000	0.000000	0.000000	0.000000	0.000000	0.000000	0.000000	0.000000	0.000000	17.593857	0.000000	0.000000	0.000000
1764624657.890949965	0.000000	0.000000	-0.011571	0.000000	0.000000	0.000000	0.000000	0.000000	-0.126067	0.000000	0.000000	0.000000	0.000000	0.000000	0.000000	0.000000	0.000000	0.000000	0.000000	0.000000	17.593857	0.000000	0.000000	0.000000
1764624657.899156809	0.000000	0.000000	0.004263	0.000000	0.000000	0.000000	0.000000	0.000000	-0.126067	0.000000	0.000000	0.000000	0.000000	0.000000	0.000000	0.000000	0.000000	0.000000	0.000000	0.000000	17.593857	0.000000	0.000000	0.000000
1764624657.909652472	0.000000	0.000000	0.002418	0.000000	0.000000	0.000000	0.000000	0.000000	-0.126067	0.000000	0.000000	0.000000	0.000000	0.000000	0.000000	0.000000	0.000000	0.000000	0.000000	0.000000	17.593857	0.000000	0.000000	0.000000
1764624657.928078890	0.000000	0.000000	0.048061	0.000000	0.000000	0.000000	0.000000	0.000000	-0.126067	0.000000	0.000000	0.000000	0.000000	0.000000	0.000000	0.000000	0.000000	0.000000	0.000000	0.000000	17.593857	0.000000	0.000000	0.000000
1764624657.928102732	0.000000	0.000000	-0.029318	0.000000	0.000000	0.000000	0.000000	0.000000	-0.126067	0.000000	0.000000	0.000000	0.000000	0.000000	0.000000	0.000000	0.000000	0.000000	0.000000	0.000000	17.593857	0.000000	0.000000	0.000000
1764624657.939581394	0.000000	0.000000	0.048091	0.000000	0.000000	0.000000	0.000000	0.000000	-0.126067	0.000000	0.000000	0.000000	0.000000	0.000000	0.000000	0.000000	0.000000	0.000000	0.000000	0.000000	17.593857	0.000000	0.000000	0.000000
1764624657.948397160	0.000000	0.000000	-0.015690	0.000000	0.000000	0.000000	0.000000	0.000000	-0.126067	0.000000	0.000000	0.000000	0.000000	0.000000	0.000000	0.000000	0.000000	0.000000	0.000000	0.000000	17.593857	0.000000	0.000000	0.000000
1764624657.968638420	0.000000	0.000000	-0.019542	0.000000	0.000000	0.000000	0.000000	0.000000	-0.118174	0.000000	0.000000	0.000000	0.000000	0.000000	0.000000	0.000000	0.000000	0.000000	0.000000	0.000000	17.593857	0.000000	0.000000	0.000000
1764624657.974941969	0.000000	0.000000	0.035347	0.000000	0.000000	0.000000	0.000000	0.000000	-0.118174	0.000000	0.000000	0.000000	0.000000	0.000000	0.000000	0.000000	0.000000	0.000000	0.000000	0.000000	17.593857	0.000000	0.000000	0.000000
1764624657.978890657	0.000000	0.000000	0.040574	0.000000	0.000000	0.000000	0.000000	0.000000	-0.118174	0.000000	0.000000	0.000000	0.000000	0.000000	0.000000	0.000000	0.000000	0.000000	0.000000	0.000000	17.593857	0.000000	0.000000	0.000000
1764624657.998697281	0.000000	0.000000	-0.021870	0.000000	0.000000	0.000000	0.000000	0.000000	-0.118174	0.000000	0.000000	0.000000	0.000000	0.000000	0.000000	0.000000	0.000000	0.000000	0.000000	0.000000	17.593857	0.000000	0.000000	0.000000
1764624658.000195980	0.000000	0.000000	0.032715	0.000000	0.000000	0.000000	0.000000	0.000000	-0.118174	0.000000	0.000000	0.000000	0.000000	0.000000	0.000000	0.000000	0.000000	0.000000	0.000000	0.000000	17.593857	0.000000	0.000000	0.000000
1764624658.009020805	0.000000	0.000000	-0.003957	0.000000	0.000000	0.000000	0.000000	0.000000	-0.118174	0.000000	0.000000	0.000000	0.000000	0.000000	0.000000	0.000000	0.000000	0.000000	0.000000	0.000000	17.593857	0.000000	0.000000	0.000000
1764624658.023221731	0.000000	0.000000	0.082115	0.000000	0.000000	0.000000	0.000000	0.000000	-0.118174	0.000000	0.000000	0.000000	0.000000	0.000000	0.000000	0.000000	0.000000	0.000000	0.000000	0.000000	17.593857	0.000000	0.000000	0.000000
1764624658.028982162	0.000000	0.000000	0.017917	0.000000	0.000000	0.000000	0.000000	0.000000	-0.118174	0.000000	0.000000	0.000000	0.000000	0.000000	0.000000	0.000000	0.000000	0.000000	0.000000	0.000000	17.593857	0.000000	0.000000	0.000000
1764624658.048171520	0.000000	0.000000	-0.009779	0.000000	0.000000	0.000000	0.000000	0.000000	-0.118174	0.000000	0.000000	0.000000	0.000000	0.000000	0.000000	0.000000	0.000000	0.000000	0.000000	0.000000	17.593857	0.000000	0.000000	0.000000
1764624658.048195362	0.000000	0.000000	0.102244	0.000000	0.000000	0.000000	0.000000	0.000000	-0.118174	0.000000	0.000000	0.000000	0.000000	0.000000	0.000000	0.000000	0.000000	0.000000	0.000000	0.000000	17.593857	0.000000	0.000000	0.000000
1764624658.058391094	0.000000	0.000000	-0.010398	0.000000	0.000000	0.000000	0.000000	0.000000	-0.118174	0.000000	0.000000	0.000000	0.000000	0.000000	0.000000	0.000000	0.000000	0.000000	0.000000	0.000000	17.593857	0.000000	0.000000	0.000000
1764624658.078925610	0.000000	0.000000	0.060800	0.000000	0.000000	0.000000	0.000000	0.000000	-0.118174	0.000000	0.000000	0.000000	0.000000	0.000000	0.000000	0.000000	0.000000	0.000000	0.000000	0.000000	17.593857	0.000000	0.000000	0.000000
1764624658.085280418	0.000000	0.000000	0.078349	0.000000	0.000000	0.000000	0.000000	0.000000	-0.118174	0.000000	0.000000	0.000000	0.000000	0.000000	0.000000	0.000000	0.000000	0.000000	0.000000	0.000000	17.593857	0.000000	0.000000	0.000000
1764624658.088592052	0.000000	0.000000	0.012823	0.000000	0.000000	0.000000	0.000000	0.000000	-0.118174	0.000000	0.000000	0.000000	0.000000	0.000000	0.000000	0.000000	0.000000	0.000000	0.000000	0.000000	17.593857	0.000000	0.000000	0.000000
1764624658.098965406	0.000000	0.000000	0.046347	0.000000	0.000000	0.000000	0.000000	0.000000	-0.118174	0.000000	0.000000	0.000000	0.000000	0.000000	0.000000	0.000000	0.000000	0.000000	0.000000	0.000000	17.593857	0.000000	0.000000	0.000000
1764624658.125085354	0.000000	0.000000	0.054321	0.000000	0.000000	0.000000	0.000000	0.000000	-0.118174	0.000000	0.000000	0.000000	0.000000	0.000000	0.000000	0.000000	0.000000	0.000000	0.000000	0.000000	17.593857	0.000000	0.000000	0.000000
1764624658.125103235	0.000000	0.000000	-0.031342	0.000000	0.000000	0.000000	0.000000	0.000000	-0.118174	0.000000	0.000000	0.000000	0.000000	0.000000	0.000000	0.000000	0.000000	0.000000	0.000000	0.000000	17.593857	0.000000	0.000000	0.000000
1764624658.128683090	0.000000	0.000000	0.136649	0.000000	0.000000	0.000000	0.000000	0.000000	-0.118174	0.000000	0.000000	0.000000	0.000000	0.000000	0.000000	0.000000	0.000000	0.000000	0.000000	0.000000	17.593857	0.000000	0.000000	0.000000
1764624658.138743877	0.000000	0.000000	0.022575	0.000000	0.000000	0.000000	0.000000	0.000000	-0.118174	0.000000	0.000000	0.000000	0.000000	0.000000	0.000000	0.000000	0.000000	0.000000	0.000000	0.000000	17.593857	0.000000	0.000000	0.000000
1764624658.148661375	0.000000	0.000000	0.086261	0.000000	0.000000	0.000000	0.000000	0.000000	-0.118174	0.000000	0.000000	0.000000	0.000000	0.000000	0.000000	0.000000	0.000000	0.000000	0.000000	0.000000	17.593857	0.000000	0.000000	0.000000
1764624658.174067020	0.000000	0.000000	0.079904	0.000000	0.000000	0.000000	0.000000	0.000000	-0.118174	0.000000	0.000000	0.000000	0.000000	0.000000	0.000000	0.000000	0.000000	0.000000	0.000000	0.000000	17.593857	0.000000	0.000000	0.000000
1764624658.175351620	0.000000	0.000000	0.010939	0.000000	0.000000	0.000000	0.000000	0.000000	-0.118174	0.000000	0.000000	0.000000	0.000000	0.000000	0.000000	0.000000	0.000000	0.000000	0.000000	0.000000	17.593857	0.000000	0.000000	0.000000
1764624658.178450108	0.000000	0.000000	0.061714	0.000000	0.000000	0.000000	0.000000	0.000000	-0.118174	0.000000	0.000000	0.000000	0.000000	0.000000	0.000000	0.000000	0.000000	0.000000	0.000000	0.000000	17.593857	0.000000	0.000000	0.000000
1764624658.188513756	0.000000	0.000000	0.046475	0.000000	0.000000	0.000000	0.000000	0.000000	-0.118174	0.000000	0.000000	0.000000	0.000000	0.000000	0.000000	0.000000	0.000000	0.000000	0.000000	0.000000	17.593857	0.000000	0.000000	0.000000
1764624658.209433079	0.000000	0.000000	0.078008	0.000000	0.000000	0.000000	0.000000	0.000000	-0.118174	0.000000	0.000000	0.000000	0.000000	0.000000	0.000000	0.000000	0.000000	0.000000	0.000000	0.000000	17.593857	0.000000	0.000000	0.000000
1764624658.210599422	0.000000	0.000000	0.051298	0.000000	0.000000	0.000000	0.000000	0.000000	-0.092698	0.000000	0.000000	0.000000	0.000000	0.000000	0.000000	0.000000	0.000000	0.000000	0.000000	0.000000	17.593857	0.000000	0.000000	0.000000
1764624658.218945742	0.000000	0.000000	0.050399	0.000000	0.000000	0.000000	0.000000	0.000000	-0.092698	0.000000	0.000000	0.000000	0.000000	0.000000	0.000000	0.000000	0.000000	0.000000	0.000000	0.000000	17.593857	0.000000	0.000000	0.000000
1764624658.242402315	0.000000	0.000000	0.068570	0.000000	0.000000	0.000000	0.000000	0.000000	-0.092698	0.000000	0.000000	0.000000	0.000000	0.000000	0.000000	0.000000	0.000000	0.000000	0.000000	0.000000	17.593857	0.000000	0.000000	0.000000
1764624658.242413282	0.000000	0.000000	0.024056	0.000000	0.000000	0.000000	0.000000	0.000000	-0.092698	0.000000	0.000000	0.000000	0.000000	0.000000	0.000000	0.000000	0.000000	0.000000	0.000000	0.000000	17.593857	0.000000	0.000000	0.000000
1764624658.248504877	0.000000	0.000000	0.080816	0.000000	0.000000	0.000000	0.000000	0.000000	-0.092698	0.000000	0.000000	0.000000	0.000000	0.000000	0.000000	0.000000	0.000000	0.000000	0.000000	0.000000	17.593857	0.000000	0.000000	0.000000
1764624658.258759975	0.000000	0.000000	0.064619	0.000000	0.000000	0.000000	0.000000	0.000000	-0.092698	0.000000	0.000000	0.000000	0.000000	0.000000	0.000000	0.000000	0.000000	0.000000	0.000000	0.000000	17.593857	0.000000	0.000000	0.000000
1764624658.269703388	0.000000	0.000000	0.037900	0.000000	0.000000	0.000000	0.000000	0.000000	-0.092698	0.000000	0.000000	0.000000	0.000000	0.000000	0.000000	0.000000	0.000000	0.000000	0.000000	0.000000	17.593857	0.000000	0.000000	0.000000
1764624658.279623985	0.000000	0.000000	0.037207	0.000000	0.000000	0.000000	0.000000	0.000000	-0.092698	0.000000	0.000000	0.000000	0.000000	0.000000	0.000000	0.000000	0.000000	0.000000	0.000000	0.000000	17.593857	0.000000	0.000000	0.000000
1764624658.293989420	0.000000	0.000000	0.063226	0.000000	0.000000	0.000000	0.000000	0.000000	-0.092698	0.000000	0.000000	0.000000	0.000000	0.000000	0.000000	0.000000	0.000000	0.000000	0.000000	0.000000	17.593857	0.000000	0.000000	0.000000
1764624658.298939228	0.000000	0.000000	0.040177	0.000000	0.000000	0.000000	0.000000	0.000000	-0.092698	0.000000	0.000000	0.000000	0.000000	0.000000	0.000000	0.000000	0.000000	0.000000	0.000000	0.000000	17.593857	0.000000	0.000000	0.000000
1764624658.319572449	0.000000	0.000000	0.053833	0.000000	0.000000	0.000000	0.000000	0.000000	-0.092698	0.000000	0.000000	0.000000	0.000000	0.000000	0.000000	0.000000	0.000000	0.000000	0.000000	0.000000	17.593857	0.000000	0.000000	0.000000
1764624658.323507786	0.000000	0.000000	0.021714	0.000000	0.000000	0.000000	0.000000	0.000000	-0.092698	0.000000	0.000000	0.000000	0.000000	0.000000	0.000000	0.000000	0.000000	0.000000	0.000000	0.000000	17.593857	0.000000	0.000000	0.000000
1764624658.330655575	0.000000	0.000000	0.102014	0.000000	0.000000	0.000000	0.000000	0.000000	-0.092698	0.000000	0.000000	0.000000	0.000000	0.000000	0.000000	0.000000	0.000000	0.000000	0.000000	0.000000	17.593857	0.000000	0.000000	0.000000
1764624658.339410305	0.000000	0.000000	0.058126	0.000000	0.000000	0.000000	0.000000	0.000000	-0.092698	0.000000	0.000000	0.000000	0.000000	0.000000	0.000000	0.000000	0.000000	0.000000	0.000000	0.000000	17.593857	0.000000	0.000000	0.000000
1764624658.363026619	0.000000	0.000000	0.041448	0.000000	0.000000	0.000000	0.000000	0.000000	-0.092698	0.000000	0.000000	0.000000	0.000000	0.000000	0.000000	0.000000	0.000000	0.000000	0.000000	0.000000	17.593857	0.000000	0.000000	0.000000
1764624658.363038063	0.000000	0.000000	0.046921	0.000000	0.000000	0.000000	0.000000	0.000000	-0.092698	0.000000	0.000000	0.000000	0.000000	0.000000	0.000000	0.000000	0.000000	0.000000	0.000000	0.000000	17.593857	0.000000	0.000000	0.000000
1764624658.368931293	0.000000	0.000000	0.039143	0.000000	0.000000	0.000000	0.000000	0.000000	-0.092698	0.000000	0.000000	0.000000	0.000000	0.000000	0.000000	0.000000	0.000000	0.000000	0.000000	0.000000	17.593857	0.000000	0.000000	0.000000
1764624658.378612280	0.000000	0.000000	0.090821	0.000000	0.000000	0.000000	0.000000	0.000000	-0.092698	0.000000	0.000000	0.000000	0.000000	0.000000	0.000000	0.000000	0.000000	0.000000	0.000000	0.000000	17.593857	0.000000	0.000000	0.000000
1764624658.398272514	0.000000	0.000000	0.030274	0.000000	0.000000	0.000000	0.000000	0.000000	-0.092698	0.000000	0.000000	0.000000	0.000000	0.000000	0.000000	0.000000	0.000000	0.000000	0.000000	0.000000	17.593857	0.000000	0.000000	0.000000
1764624658.406255245	0.000000	0.000000	0.061960	0.000000	0.000000	0.000000	0.000000	0.000000	-0.092698	0.000000	0.000000	0.000000	0.000000	0.000000	0.000000	0.000000	0.000000	0.000000	0.000000	0.000000	17.593857	0.000000	0.000000	0.000000
1764624658.408920527	0.000000	0.000000	0.098080	0.000000	0.000000	0.000000	0.000000	0.000000	-0.092698	0.000000	0.000000	0.000000	0.000000	0.000000	0.000000	0.000000	0.000000	0.000000	0.000000	0.000000	17.593857	0.000000	0.000000	0.000000
1764624658.419079065	0.000000	0.000000	0.046705	0.000000	0.000000	0.000000	0.000000	0.000000	-0.092698	0.000000	0.000000	0.000000	0.000000	0.000000	0.000000	0.000000	0.000000	0.000000	0.000000	0.000000	17.593857	0.000000	0.000000	0.000000
1764624658.442767143	0.000000	0.000000	0.046614	0.000000	0.000000	0.000000	0.000000	0.000000	-0.092698	0.000000	0.000000	0.000000	0.000000	0.000000	0.000000	0.000000	0.000000	0.000000	0.000000	0.000000	17.593857	0.000000	0.000000	0.000000
1764624658.442788363	0.000000	0.000000	0.113625	0.000000	0.000000	0.000000	0.000000	0.000000	-0.092698	0.000000	0.000000	0.000000	0.000000	0.000000	0.000000	0.000000	0.000000	0.000000	0.000000	0.000000	17.593857	0.000000	0.000000	0.000000
1764624658.448126316	0.000000	0.000000	0.050399	0.000000	0.000000	0.000000	0.000000	0.000000	-0.092698	0.000000	0.000000	0.000000	0.000000	0.000000	0.000000	0.000000	0.000000	0.000000	0.000000	0.000000	17.593857	0.000000	0.000000	0.000000
1764624658.458350658	0.000000	0.000000	0.046632	0.000000	0.000000	0.000000	0.000000	0.000000	-0.062230	0.000000	0.000000	0.000000	0.000000	0.000000	0.000000	0.000000	0.000000	0.000000	0.000000	0.000000	17.593857	0.000000	0.000000	0.000000
1764624658.484524250	0.000000	0.000000	0.091175	0.000000	0.000000	0.000000	0.000000	0.000000	-0.062230	0.000000	0.000000	0.000000	0.000000	0.000000	0.000000	0.000000	0.000000	0.000000	0.000000	0.000000	17.593857	0.000000	0.000000	0.000000
1764624658.484535933	0.000000	0.000000	0.061383	0.000000	0.000000	0.000000	0.000000	0.000000	-0.062230	0.000000	0.000000	0.000000	0.000000	0.000000	0.000000	0.000000	0.000000	0.000000	0.000000	0.000000	17.593857	0.000000	0.000000	0.000000
1764624658.488945723	0.000000	0.000000	0.031727	0.000000	0.000000	0.000000	0.000000	0.000000	-0.062230	0.000000	0.000000	0.000000	0.000000	0.000000	0.000000	0.000000	0.000000	0.000000	0.000000	0.000000	17.593857	0.000000	0.000000	0.000000
1764624658.499032497	0.000000	0.000000	0.112674	0.000000	0.000000	0.000000	0.000000	0.000000	-0.062230	0.000000	0.000000	0.000000	0.000000	0.000000	0.000000	0.000000	0.000000	0.000000	0.000000	0.000000	17.593857	0.000000	0.000000	0.000000
1764624658.509130239	0.000000	0.000000	0.056920	0.000000	0.000000	0.000000	0.000000	0.000000	-0.062230	0.000000	0.000000	0.000000	0.000000	0.000000	0.000000	0.000000	0.000000	0.000000	0.000000	0.000000	17.593857	0.000000	0.000000	0.000000
1764624658.518880606	0.000000	0.000000	0.042399	0.000000	0.000000	0.000000	0.000000	0.000000	-0.062230	0.000000	0.000000	0.000000	0.000000	0.000000	0.000000	0.000000	0.000000	0.000000	0.000000	0.000000	17.593857	0.000000	0.000000	0.000000
1764624658.539536953	0.000000	0.000000	0.038648	0.000000	0.000000	0.000000	0.000000	0.000000	-0.062230	0.000000	0.000000	0.000000	0.000000	0.000000	0.000000	0.000000	0.000000	0.000000	0.000000	0.000000	17.593857	0.000000	0.000000	0.000000
1764624658.539551258	0.000000	0.000000	0.064502	0.000000	0.000000	0.000000	0.000000	0.000000	-0.062230	0.000000	0.000000	0.000000	0.000000	0.000000	0.000000	0.000000	0.000000	0.000000	0.000000	0.000000	17.593857	0.000000	0.000000	0.000000
1764624658.548641920	0.000000	0.000000	0.102498	0.000000	0.000000	0.000000	0.000000	0.000000	-0.062230	0.000000	0.000000	0.000000	0.000000	0.000000	0.000000	0.000000	0.000000	0.000000	0.000000	0.000000	17.593857	0.000000	0.000000	0.000000
1764624658.559262753	0.000000	0.000000	0.080680	0.000000	0.000000	0.000000	0.000000	0.000000	-0.062230	0.000000	0.000000	0.000000	0.000000	0.000000	0.000000	0.000000	0.000000	0.000000	0.000000	0.000000	17.593857	0.000000	0.000000	0.000000
1764624658.577807903	0.000000	0.000000	0.060382	0.000000	0.000000	0.000000	0.000000	0.000000	-0.062230	0.000000	0.000000	0.000000	0.000000	0.000000	0.000000	0.000000	0.000000	0.000000	0.000000	0.000000	17.593857	0.000000	0.000000	0.000000
1764624658.580157518	0.000000	0.000000	0.073147	0.000000	0.000000	0.000000	0.000000	0.000000	-0.062230	0.000000	0.000000	0.000000	0.000000	0.000000	0.000000	0.000000	0.000000	0.000000	0.000000	0.000000	17.593857	0.000000	0.000000	0.000000
1764624658.588767290	0.000000	0.000000	0.050879	0.000000	0.000000	0.000000	0.000000	0.000000	-0.062230	0.000000	0.000000	0.000000	0.000000	0.000000	0.000000	0.000000	0.000000	0.000000	0.000000	0.000000	17.593857	0.000000	0.000000	0.000000
1764624658.609844685	0.000000	0.000000	0.114795	0.000000	0.000000	0.000000	0.000000	0.000000	-0.062230	0.000000	0.000000	0.000000	0.000000	0.000000	0.000000	0.000000	0.000000	0.000000	0.000000	0.000000	17.593857	0.000000	0.000000	0.000000
1764624658.609852076	0.000000	0.000000	0.051683	0.000000	0.000000	0.000000	0.000000	0.000000	-0.062230	0.000000	0.000000	0.000000	0.000000	0.000000	0.000000	0.000000	0.000000	0.000000	0.000000	0.000000	17.593857	0.000000	0.000000	0.000000
1764624658.618879080	0.000000	0.000000	0.080402	0.000000	0.000000	0.000000	0.000000	0.000000	-0.062230	0.000000	0.000000	0.000000	0.000000	0.000000	0.000000	0.000000	0.000000	0.000000	0.000000	0.000000	17.593857	0.000000	0.000000	0.000000
1764624658.641079426	0.000000	0.000000	0.095814	0.000000	0.000000	0.000000	0.000000	0.000000	-0.062230	0.000000	0.000000	0.000000	0.000000	0.000000	0.000000	0.000000	0.000000	0.000000	0.000000	0.000000	17.593857	0.000000	0.000000	0.000000
1764624658.642455578	0.000000	0.000000	0.037370	0.000000	0.000000	0.000000	0.000000	0.000000	-0.062230	0.000000	0.000000	0.000000	0.000000	0.000000	0.000000	0.000000	0.000000	0.000000	0.000000	0.000000	17.593857	0.000000	0.000000	0.000000
1764624658.648401499	0.000000	0.000000	0.080978	0.000000	0.000000	0.000000	0.000000	0.000000	-0.062230	0.000000	0.000000	0.000000	0.000000	0.000000	0.000000	0.000000	0.000000	0.000000	0.000000	0.000000	17.593857	0.000000	0.000000	0.000000
1764624658.658936262	0.000000	0.000000	0.061601	0.000000	0.000000	0.000000	0.000000	0.000000	-0.062230	0.000000	0.000000	0.000000	0.000000	0.000000	0.000000	0.000000	0.000000	0.000000	0.000000	0.000000	17.593857	0.000000	0.000000	0.000000
1764624658.669727325	0.000000	0.000000	0.087411	0.000000	0.000000	0.000000	0.000000	0.000000	-0.062230	0.000000	0.000000	0.000000	0.000000	0.000000	0.000000	0.000000	0.000000	0.000000	0.000000	0.000000	17.593857	0.000000	0.000000	0.000000
1764624658.679417133	0.000000	0.000000	0.078424	0.000000	0.000000	0.000000	0.000000	0.000000	-0.062230	0.000000	0.000000	0.000000	0.000000	0.000000	0.000000	0.000000	0.000000	0.000000	0.000000	0.000000	17.593857	0.000000	0.000000	0.000000
1764624658.696364641	0.000000	0.000000	0.047391	0.000000	0.000000	0.000000	0.000000	0.000000	-0.062230	0.000000	0.000000	0.000000	0.000000	0.000000	0.000000	0.000000	0.000000	0.000000	0.000000	0.000000	17.593857	0.000000	0.000000	0.000000
1764624658.699434042	0.000000	0.000000	0.077131	0.000000	0.000000	0.000000	0.000000	0.000000	-0.062230	0.000000	0.000000	0.000000	0.000000	0.000000	0.000000	0.000000	0.000000	0.000000	0.000000	0.000000	17.593857	0.000000	0.000000	0.000000
1764624658.724759102	0.000000	0.000000	0.090401	0.000000	0.000000	0.000000	0.000000	0.000000	-0.031615	0.000000	0.000000	0.000000	0.000000	0.000000	0.000000	0.000000	0.000000	0.000000	0.000000	0.000000	17.593857	0.000000	0.000000	0.000000
1764624658.724767685	0.000000	0.000000	0.026280	0.000000	0.000000	0.000000	0.000000	0.000000	-0.031615	0.000000	0.000000	0.000000	0.000000	0.000000	0.000000	0.000000	0.000000	0.000000	0.000000	0.000000	17.593857	0.000000	0.000000	0.000000
1764624658.729075193	0.000000	0.000000	0.054489	0.000000	0.000000	0.000000	0.000000	0.000000	-0.031615	0.000000	0.000000	0.000000	0.000000	0.000000	0.000000	0.000000	0.000000	0.000000	0.000000	0.000000	17.593857	0.000000	0.000000	0.000000
1764624658.739534616	0.000000	0.000000	0.023123	0.000000	0.000000	0.000000	0.000000	0.000000	-0.031615	0.000000	0.000000	0.000000	0.000000	0.000000	0.000000	0.000000	0.000000	0.000000	0.000000	0.000000	17.593857	0.000000	0.000000	0.000000
1764624658.748650789	0.000000	0.000000	0.103327	0.000000	0.000000	0.000000	0.000000	0.000000	-0.031615	0.000000	0.000000	0.000000	0.000000	0.000000	0.000000	0.000000	0.000000	0.000000	0.000000	0.000000	17.593857	0.000000	0.000000	0.000000
1764624658.758822441	0.000000	0.000000	0.044805	0.000000	0.000000	0.000000	0.000000	0.000000	-0.031615	0.000000	0.000000	0.000000	0.000000	0.000000	0.000000	0.000000	0.000000	0.000000	0.000000	0.000000	17.593857	0.000000	0.000000	0.000000
1764624658.781204700	0.000000	0.000000	0.087637	0.000000	0.000000	0.000000	0.000000	0.000000	-0.031615	0.000000	0.000000	0.000000	0.000000	0.000000	0.000000	0.000000	0.000000	0.000000	0.000000	0.000000	17.593857	0.000000	0.000000	0.000000
1764624658.781210423	0.000000	0.000000	0.059356	0.000000	0.000000	0.000000	0.000000	0.000000	-0.031615	0.000000	0.000000	0.000000	0.000000	0.000000	0.000000	0.000000	0.000000	0.000000	0.000000	0.000000	17.593857	0.000000	0.000000	0.000000
1764624658.797954082	0.000000	0.000000	0.074149	0.000000	0.000000	0.000000	0.000000	0.000000	-0.031615	0.000000	0.000000	0.000000	0.000000	0.000000	0.000000	0.000000	0.000000	0.000000	0.000000	0.000000	17.593857	0.000000	0.000000	0.000000
1764624658.799522400	0.000000	0.000000	0.038188	0.000000	0.000000	0.000000	0.000000	0.000000	-0.031615	0.000000	0.000000	0.000000	0.000000	0.000000	0.000000	0.000000	0.000000	0.000000	0.000000	0.000000	17.593857	0.000000	0.000000	0.000000
1764624658.809548855	0.000000	0.000000	0.072366	0.000000	0.000000	0.000000	0.000000	0.000000	-0.031615	0.000000	0.000000	0.000000	0.000000	0.000000	0.000000	0.000000	0.000000	0.000000	0.000000	0.000000	17.593857	0.000000	0.000000	0.000000
1764624658.818905115	0.000000	0.000000	0.051019	0.000000	0.000000	0.000000	0.000000	0.000000	-0.031615	0.000000	0.000000	0.000000	0.000000	0.000000	0.000000	0.000000	0.000000	0.000000	0.000000	0.000000	17.593857	0.000000	0.000000	0.000000
1764624658.830387115	0.000000	0.000000	0.092763	0.000000	0.000000	0.000000	0.000000	0.000000	-0.031615	0.000000	0.000000	0.000000	0.000000	0.000000	0.000000	0.000000	0.000000	0.000000	0.000000	0.000000	17.593857	0.000000	0.000000	0.000000
1764624658.844909668	0.000000	0.000000	0.053320	0.000000	0.000000	0.000000	0.000000	0.000000	-0.031615	0.000000	0.000000	0.000000	0.000000	0.000000	0.000000	0.000000	0.000000	0.000000	0.000000	0.000000	17.593857	0.000000	0.000000	0.000000
1764624658.848339558	0.000000	0.000000	0.081327	0.000000	0.000000	0.000000	0.000000	0.000000	-0.031615	0.000000	0.000000	0.000000	0.000000	0.000000	0.000000	0.000000	0.000000	0.000000	0.000000	0.000000	17.593857	0.000000	0.000000	0.000000
1764624658.859296799	0.000000	0.000000	0.046444	0.000000	0.000000	0.000000	0.000000	0.000000	-0.031615	0.000000	0.000000	0.000000	0.000000	0.000000	0.000000	0.000000	0.000000	0.000000	0.000000	0.000000	17.593857	0.000000	0.000000	0.000000
1764624658.869610786	0.000000	0.000000	0.029826	0.000000	0.000000	0.000000	0.000000	0.000000	-0.031615	0.000000	0.000000	0.000000	0.000000	0.000000	0.000000	0.000000	0.000000	0.000000	0.000000	0.000000	17.593857	0.000000	0.000000	0.000000
1764624658.887693644	0.000000	0.000000	0.032444	0.000000	0.000000	0.000000	0.000000	0.000000	-0.031615	0.000000	0.000000	0.000000	0.000000	0.000000	0.000000	0.000000	0.000000	0.000000	0.000000	0.000000	17.593857	0.000000	0.000000	0.000000
1764624658.887703657	0.000000	0.000000	0.069542	0.000000	0.000000	0.000000	0.000000	0.000000	-0.031615	0.000000	0.000000	0.000000	0.000000	0.000000	0.000000	0.000000	0.000000	0.000000	0.000000	0.000000	17.593857	0.000000	0.000000	0.000000
1764624658.898743629	0.000000	0.000000	0.040477	0.000000	0.000000	0.000000	0.000000	0.000000	-0.031615	0.000000	0.000000	0.000000	0.000000	0.000000	0.000000	0.000000	0.000000	0.000000	0.000000	0.000000	17.593857	0.000000	0.000000	0.000000
1764624658.908522606	0.000000	0.000000	0.097465	0.000000	0.000000	0.000000	0.000000	0.000000	-0.031615	0.000000	0.000000	0.000000	0.000000	0.000000	0.000000	0.000000	0.000000	0.000000	0.000000	0.000000	17.593857	0.000000	0.000000	0.000000
1764624658.925909281	0.000000	0.000000	0.052157	0.000000	0.000000	0.000000	0.000000	0.000000	-0.031615	0.000000	0.000000	0.000000	0.000000	0.000000	0.000000	0.000000	0.000000	0.000000	0.000000	0.000000	17.593857	0.000000	0.000000	0.000000
1764624658.928117037	0.000000	0.000000	0.037035	0.000000	0.000000	0.000000	0.000000	0.000000	-0.031615	0.000000	0.000000	0.000000	0.000000	0.000000	0.000000	0.000000	0.000000	0.000000	0.000000	0.000000	17.593857	0.000000	0.000000	0.000000
1764624658.939010143	0.000000	0.000000	0.086346	0.000000	0.000000	0.000000	0.000000	0.000000	-0.031615	0.000000	0.000000	0.000000	0.000000	0.000000	0.000000	0.000000	0.000000	0.000000	0.000000	0.000000	17.593857	0.000000	0.000000	0.000000
1764624658.949202776	0.000000	0.000000	0.028627	0.000000	0.000000	0.000000	0.000000	0.000000	-0.031615	0.000000	0.000000	0.000000	0.000000	0.000000	0.000000	0.000000	0.000000	0.000000	0.000000	0.000000	17.593857	0.000000	0.000000	0.000000
1764624658.959415674	0.000000	0.000000	0.050762	0.000000	0.000000	0.000000	0.000000	0.000000	-0.004704	0.000000	0.000000	0.000000	0.000000	0.000000	0.000000	0.000000	0.000000	0.000000	0.000000	0.000000	17.593857	0.000000	0.000000	0.000000
1764624658.972195625	0.000000	0.000000	0.066323	0.000000	0.000000	0.000000	0.000000	0.000000	-0.004704	0.000000	0.000000	0.000000	0.000000	0.000000	0.000000	0.000000	0.000000	0.000000	0.000000	0.000000	17.593857	0.000000	0.000000	0.000000
1764624658.978941917	0.000000	0.000000	0.042784	0.000000	0.000000	0.000000	0.000000	0.000000	-0.004704	0.000000	0.000000	0.000000	0.000000	0.000000	0.000000	0.000000	0.000000	0.000000	0.000000	0.000000	17.593857	0.000000	0.000000	0.000000
1764624658.989839315	0.000000	0.000000	0.033391	0.000000	0.000000	0.000000	0.000000	0.000000	-0.004704	0.000000	0.000000	0.000000	0.000000	0.000000	0.000000	0.000000	0.000000	0.000000	0.000000	0.000000	17.593857	0.000000	0.000000	0.000000
1764624659.007673979	0.000000	0.000000	0.079030	0.000000	0.000000	0.000000	0.000000	0.000000	-0.004704	0.000000	0.000000	0.000000	0.000000	0.000000	0.000000	0.000000	0.000000	0.000000	0.000000	0.000000	17.593857	0.000000	0.000000	0.000000
1764624659.009039879	0.000000	0.000000	0.052050	0.000000	0.000000	0.000000	0.000000	0.000000	-0.004704	0.000000	0.000000	0.000000	0.000000	0.000000	0.000000	0.000000	0.000000	0.000000	0.000000	0.000000	17.593857	0.000000	0.000000	0.000000
1764624659.019891977	0.000000	0.000000	0.093213	0.000000	0.000000	0.000000	0.000000	0.000000	-0.004704	0.000000	0.000000	0.000000	0.000000	0.000000	0.000000	0.000000	0.000000	0.000000	0.000000	0.000000	17.593857	0.000000	0.000000	0.000000
1764624659.029388666	0.000000	0.000000	0.024060	0.000000	0.000000	0.000000	0.000000	0.000000	-0.004704	0.000000	0.000000	0.000000	0.000000	0.000000	0.000000	0.000000	0.000000	0.000000	0.000000	0.000000	17.593857	0.000000	0.000000	0.000000
1764624659.039009333	0.000000	0.000000	0.045090	0.000000	0.000000	0.000000	0.000000	0.000000	-0.004704	0.000000	0.000000	0.000000	0.000000	0.000000	0.000000	0.000000	0.000000	0.000000	0.000000	0.000000	17.593857	0.000000	0.000000	0.000000
1764624659.051600695	0.000000	0.000000	0.048256	0.000000	0.000000	0.000000	0.000000	0.000000	-0.004704	0.000000	0.000000	0.000000	0.000000	0.000000	0.000000	0.000000	0.000000	0.000000	0.000000	0.000000	17.593857	0.000000	0.000000	0.000000
1764624659.058682203	0.000000	0.000000	0.018128	0.000000	0.000000	0.000000	0.000000	0.000000	-0.004704	0.000000	0.000000	0.000000	0.000000	0.000000	0.000000	0.000000	0.000000	0.000000	0.000000	0.000000	17.593857	0.000000	0.000000	0.000000
1764624659.079106331	0.000000	0.000000	0.095933	0.000000	0.000000	0.000000	0.000000	0.000000	-0.004704	0.000000	0.000000	0.000000	0.000000	0.000000	0.000000	0.000000	0.000000	0.000000	0.000000	0.000000	17.593857	0.000000	0.000000	0.000000
1764624659.081441879	0.000000	0.000000	0.098914	0.000000	0.000000	0.000000	0.000000	0.000000	-0.004704	0.000000	0.000000	0.000000	0.000000	0.000000	0.000000	0.000000	0.000000	0.000000	0.000000	0.000000	17.593857	0.000000	0.000000	0.000000
1764624659.089375019	0.000000	0.000000	0.017766	0.000000	0.000000	0.000000	0.000000	0.000000	-0.004704	0.000000	0.000000	0.000000	0.000000	0.000000	0.000000	0.000000	0.000000	0.000000	0.000000	0.000000	17.593857	0.000000	0.000000	0.000000
1764624659.099465609	0.000000	0.000000	0.053393	0.000000	0.000000	0.000000	0.000000	0.000000	-0.004704	0.000000	0.000000	0.000000	0.000000	0.000000	0.000000	0.000000	0.000000	0.000000	0.000000	0.000000	17.593857	0.000000	0.000000	0.000000
1764624659.109499693	0.000000	0.000000	0.072351	0.000000	0.000000	0.000000	0.000000	0.000000	-0.004704	0.000000	0.000000	0.000000	0.000000	0.000000	0.000000	0.000000	0.000000	0.000000	0.000000	0.000000	17.593857	0.000000	0.000000	0.000000
1764624659.119816780	0.000000	0.000000	0.027054	0.000000	0.000000	0.000000	0.000000	0.000000	-0.004704	0.000000	0.000000	0.000000	0.000000	0.000000	0.000000	0.000000	0.000000	0.000000	0.000000	0.000000	17.593857	0.000000	0.000000	0.000000
1764624659.135154724	0.000000	0.000000	0.059166	0.000000	0.000000	0.000000	0.000000	0.000000	-0.004704	0.000000	0.000000	0.000000	0.000000	0.000000	0.000000	0.000000	0.000000	0.000000	0.000000	0.000000	17.593857	0.000000	0.000000	0.000000
1764624659.138952971	0.000000	0.000000	0.048088	0.000000	0.000000	0.000000	0.000000	0.000000	-0.004704	0.000000	0.000000	0.000000	0.000000	0.000000	0.000000	0.000000	0.000000	0.000000	0.000000	0.000000	17.593857	0.000000	0.000000	0.000000
1764624659.159590960	0.000000	0.000000	0.067486	0.000000	0.000000	0.000000	0.000000	0.000000	-0.004704	0.000000	0.000000	0.000000	0.000000	0.000000	0.000000	0.000000	0.000000	0.000000	0.000000	0.000000	17.593857	0.000000	0.000000	0.000000
1764624659.167992353	0.000000	0.000000	0.043560	0.000000	0.000000	0.000000	0.000000	0.000000	-0.004704	0.000000	0.000000	0.000000	0.000000	0.000000	0.000000	0.000000	0.000000	0.000000	0.000000	0.000000	17.593857	0.000000	0.000000	0.000000
1764624659.168007612	0.000000	0.000000	0.033597	0.000000	0.000000	0.000000	0.000000	0.000000	-0.004704	0.000000	0.000000	0.000000	0.000000	0.000000	0.000000	0.000000	0.000000	0.000000	0.000000	0.000000	17.593857	0.000000	0.000000	0.000000
1764624659.183299780	0.000000	0.000000	0.006304	0.000000	0.000000	0.000000	0.000000	0.000000	-0.004704	0.000000	0.000000	0.000000	0.000000	0.000000	0.000000	0.000000	0.000000	0.000000	0.000000	0.000000	17.593857	0.000000	0.000000	0.000000
1764624659.189405441	0.000000	0.000000	0.127563	0.000000	0.000000	0.000000	0.000000	0.000000	-0.004704	0.000000	0.000000	0.000000	0.000000	0.000000	0.000000	0.000000	0.000000	0.000000	0.000000	0.000000	17.593857	0.000000	0.000000	0.000000
1764624659.206331015	0.000000	0.000000	0.016571	0.000000	0.000000	0.000000	0.000000	0.000000	-0.004704	0.000000	0.000000	0.000000	0.000000	0.000000	0.000000	0.000000	0.000000	0.000000	0.000000	0.000000	17.593857	0.000000	0.000000	0.000000
1764624659.208767891	0.000000	0.000000	0.065305	0.000000	0.000000	0.000000	0.000000	0.000000	0.020282	0.000000	0.000000	0.000000	0.000000	0.000000	0.000000	0.000000	0.000000	0.000000	0.000000	0.000000	17.593857	0.000000	0.000000	0.000000
1764624659.218992949	0.000000	0.000000	0.070484	0.000000	0.000000	0.000000	0.000000	0.000000	0.020282	0.000000	0.000000	0.000000	0.000000	0.000000	0.000000	0.000000	0.000000	0.000000	0.000000	0.000000	17.593857	0.000000	0.000000	0.000000
1764624659.244103432	0.000000	0.000000	0.027242	0.000000	0.000000	0.000000	0.000000	0.000000	0.020282	0.000000	0.000000	0.000000	0.000000	0.000000	0.000000	0.000000	0.000000	0.000000	0.000000	0.000000	17.593857	0.000000	0.000000	0.000000
1764624659.244119644	0.000000	0.000000	0.094679	0.000000	0.000000	0.000000	0.000000	0.000000	0.020282	0.000000	0.000000	0.000000	0.000000	0.000000	0.000000	0.000000	0.000000	0.000000	0.000000	0.000000	17.593857	0.000000	0.000000	0.000000
1764624659.248245955	0.000000	0.000000	0.006855	0.000000	0.000000	0.000000	0.000000	0.000000	0.020282	0.000000	0.000000	0.000000	0.000000	0.000000	0.000000	0.000000	0.000000	0.000000	0.000000	0.000000	17.593857	0.000000	0.000000	0.000000
1764624659.259252071	0.000000	0.000000	0.068719	0.000000	0.000000	0.000000	0.000000	0.000000	0.020282	0.000000	0.000000	0.000000	0.000000	0.000000	0.000000	0.000000	0.000000	0.000000	0.000000	0.000000	17.593857	0.000000	0.000000	0.000000
1764624659.269718647	0.000000	0.000000	0.077066	0.000000	0.000000	0.000000	0.000000	0.000000	0.020282	0.000000	0.000000	0.000000	0.000000	0.000000	0.000000	0.000000	0.000000	0.000000	0.000000	0.000000	17.593857	0.000000	0.000000	0.000000
1764624659.288859129	0.000000	0.000000	0.006074	0.000000	0.000000	0.000000	0.000000	0.000000	0.020282	0.000000	0.000000	0.000000	0.000000	0.000000	0.000000	0.000000	0.000000	0.000000	0.000000	0.000000	17.593857	0.000000	0.000000	0.000000
1764624659.290174246	0.000000	0.000000	0.044540	0.000000	0.000000	0.000000	0.000000	0.000000	0.020282	0.000000	0.000000	0.000000	0.000000	0.000000	0.000000	0.000000	0.000000	0.000000	0.000000	0.000000	17.593857	0.000000	0.000000	0.000000
1764624659.299550295	0.000000	0.000000	0.061698	0.000000	0.000000	0.000000	0.000000	0.000000	0.020282	0.000000	0.000000	0.000000	0.000000	0.000000	0.000000	0.000000	0.000000	0.000000	0.000000	0.000000	17.593857	0.000000	0.000000	0.000000
1764624659.309044838	0.000000	0.000000	0.048394	0.000000	0.000000	0.000000	0.000000	0.000000	0.020282	0.000000	0.000000	0.000000	0.000000	0.000000	0.000000	0.000000	0.000000	0.000000	0.000000	0.000000	17.593857	0.000000	0.000000	0.000000
1764624659.331509590	0.000000	0.000000	0.047548	0.000000	0.000000	0.000000	0.000000	0.000000	0.020282	0.000000	0.000000	0.000000	0.000000	0.000000	0.000000	0.000000	0.000000	0.000000	0.000000	0.000000	17.593857	0.000000	0.000000	0.000000
1764624659.331535816	0.000000	0.000000	0.047638	0.000000	0.000000	0.000000	0.000000	0.000000	0.020282	0.000000	0.000000	0.000000	0.000000	0.000000	0.000000	0.000000	0.000000	0.000000	0.000000	0.000000	17.593857	0.000000	0.000000	0.000000
1764624659.338799000	0.000000	0.000000	0.046456	0.000000	0.000000	0.000000	0.000000	0.000000	0.020282	0.000000	0.000000	0.000000	0.000000	0.000000	0.000000	0.000000	0.000000	0.000000	0.000000	0.000000	17.593857	0.000000	0.000000	0.000000
1764624659.347857714	0.000000	0.000000	0.076932	0.000000	0.000000	0.000000	0.000000	0.000000	0.020282	0.000000	0.000000	0.000000	0.000000	0.000000	0.000000	0.000000	0.000000	0.000000	0.000000	0.000000	17.593857	0.000000	0.000000	0.000000
1764624659.358570814	0.000000	0.000000	0.006735	0.000000	0.000000	0.000000	0.000000	0.000000	0.020282	0.000000	0.000000	0.000000	0.000000	0.000000	0.000000	0.000000	0.000000	0.000000	0.000000	0.000000	17.593857	0.000000	0.000000	0.000000
1764624659.379561424	0.000000	0.000000	0.069730	0.000000	0.000000	0.000000	0.000000	0.000000	0.020282	0.000000	0.000000	0.000000	0.000000	0.000000	0.000000	0.000000	0.000000	0.000000	0.000000	0.000000	17.593857	0.000000	0.000000	0.000000
1764624659.379573345	0.000000	0.000000	0.070025	0.000000	0.000000	0.000000	0.000000	0.000000	0.020282	0.000000	0.000000	0.000000	0.000000	0.000000	0.000000	0.000000	0.000000	0.000000	0.000000	0.000000	17.593857	0.000000	0.000000	0.000000
1764624659.398705244	0.000000	0.000000	0.028136	0.000000	0.000000	0.000000	0.000000	0.000000	0.020282	0.000000	0.000000	0.000000	0.000000	0.000000	0.000000	0.000000	0.000000	0.000000	0.000000	0.000000	17.593857	0.000000	0.000000	0.000000
1764624659.400368214	0.000000	0.000000	0.016018	0.000000	0.000000	0.000000	0.000000	0.000000	0.020282	0.000000	0.000000	0.000000	0.000000	0.000000	0.000000	0.000000	0.000000	0.000000	0.000000	0.000000	17.593857	0.000000	0.000000	0.000000
1764624659.409401178	0.000000	0.000000	0.083461	0.000000	0.000000	0.000000	0.000000	0.000000	0.020282	0.000000	0.000000	0.000000	0.000000	0.000000	0.000000	0.000000	0.000000	0.000000	0.000000	0.000000	17.593857	0.000000	0.000000	0.000000
1764624659.419498444	0.000000	0.000000	0.006438	0.000000	0.000000	0.000000	0.000000	0.000000	0.020282	0.000000	0.000000	0.000000	0.000000	0.000000	0.000000	0.000000	0.000000	0.000000	0.000000	0.000000	17.593857	0.000000	0.000000	0.000000
1764624659.429953575	0.000000	0.000000	0.023283	0.000000	0.000000	0.000000	0.000000	0.000000	0.020282	0.000000	0.000000	0.000000	0.000000	0.000000	0.000000	0.000000	0.000000	0.000000	0.000000	0.000000	17.593857	0.000000	0.000000	0.000000
1764624659.438758612	0.000000	0.000000	0.097586	0.000000	0.000000	0.000000	0.000000	0.000000	0.020282	0.000000	0.000000	0.000000	0.000000	0.000000	0.000000	0.000000	0.000000	0.000000	0.000000	0.000000	17.593857	0.000000	0.000000	0.000000
1764624659.449295044	0.000000	0.000000	0.038489	0.000000	0.000000	0.000000	0.000000	0.000000	0.020282	0.000000	0.000000	0.000000	0.000000	0.000000	0.000000	0.000000	0.000000	0.000000	0.000000	0.000000	17.593857	0.000000	0.000000	0.000000
1764624659.458707809	0.000000	0.000000	0.053847	0.000000	0.000000	0.000000	0.000000	0.000000	0.043629	0.000000	0.000000	0.000000	0.000000	0.000000	0.000000	0.000000	0.000000	0.000000	0.000000	0.000000	17.593857	0.000000	0.000000	0.000000
1764624659.469729424	0.000000	0.000000	0.028143	0.000000	0.000000	0.000000	0.000000	0.000000	0.043629	0.000000	0.000000	0.000000	0.000000	0.000000	0.000000	0.000000	0.000000	0.000000	0.000000	0.000000	17.593857	0.000000	0.000000	0.000000
1764624659.484433174	0.000000	0.000000	0.049884	0.000000	0.000000	0.000000	0.000000	0.000000	0.043629	0.000000	0.000000	0.000000	0.000000	0.000000	0.000000	0.000000	0.000000	0.000000	0.000000	0.000000	17.593857	0.000000	0.000000	0.000000
1764624659.488624811	0.000000	0.000000	0.061767	0.000000	0.000000	0.000000	0.000000	0.000000	0.043629	0.000000	0.000000	0.000000	0.000000	0.000000	0.000000	0.000000	0.000000	0.000000	0.000000	0.000000	17.593857	0.000000	0.000000	0.000000
1764624659.499302149	0.000000	0.000000	0.010136	0.000000	0.000000	0.000000	0.000000	0.000000	0.043629	0.000000	0.000000	0.000000	0.000000	0.000000	0.000000	0.000000	0.000000	0.000000	0.000000	0.000000	17.593857	0.000000	0.000000	0.000000
1764624659.508460283	0.000000	0.000000	0.057800	0.000000	0.000000	0.000000	0.000000	0.000000	0.043629	0.000000	0.000000	0.000000	0.000000	0.000000	0.000000	0.000000	0.000000	0.000000	0.000000	0.000000	17.593857	0.000000	0.000000	0.000000
1764624659.528985023	0.000000	0.000000	0.068897	0.000000	0.000000	0.000000	0.000000	0.000000	0.043629	0.000000	0.000000	0.000000	0.000000	0.000000	0.000000	0.000000	0.000000	0.000000	0.000000	0.000000	17.593857	0.000000	0.000000	0.000000
1764624659.530397177	0.000000	0.000000	0.008131	0.000000	0.000000	0.000000	0.000000	0.000000	0.043629	0.000000	0.000000	0.000000	0.000000	0.000000	0.000000	0.000000	0.000000	0.000000	0.000000	0.000000	17.593857	0.000000	0.000000	0.000000
1764624659.538782835	0.000000	0.000000	0.080982	0.000000	0.000000	0.000000	0.000000	0.000000	0.043629	0.000000	0.000000	0.000000	0.000000	0.000000	0.000000	0.000000	0.000000	0.000000	0.000000	0.000000	17.593857	0.000000	0.000000	0.000000
1764624659.548449993	0.000000	0.000000	0.017430	0.000000	0.000000	0.000000	0.000000	0.000000	0.043629	0.000000	0.000000	0.000000	0.000000	0.000000	0.000000	0.000000	0.000000	0.000000	0.000000	0.000000	17.593857	0.000000	0.000000	0.000000
1764624659.557585001	0.000000	0.000000	0.070287	0.000000	0.000000	0.000000	0.000000	0.000000	0.043629	0.000000	0.000000	0.000000	0.000000	0.000000	0.000000	0.000000	0.000000	0.000000	0.000000	0.000000	17.593857	0.000000	0.000000	0.000000
1764624659.579292774	0.000000	0.000000	0.091444	0.000000	0.000000	0.000000	0.000000	0.000000	0.043629	0.000000	0.000000	0.000000	0.000000	0.000000	0.000000	0.000000	0.000000	0.000000	0.000000	0.000000	17.593857	0.000000	0.000000	0.000000
1764624659.579303503	0.000000	0.000000	-0.005781	0.000000	0.000000	0.000000	0.000000	0.000000	0.043629	0.000000	0.000000	0.000000	0.000000	0.000000	0.000000	0.000000	0.000000	0.000000	0.000000	0.000000	17.593857	0.000000	0.000000	0.000000
1764624659.597836971	0.000000	0.000000	0.066514	0.000000	0.000000	0.000000	0.000000	0.000000	0.043629	0.000000	0.000000	0.000000	0.000000	0.000000	0.000000	0.000000	0.000000	0.000000	0.000000	0.000000	17.593857	0.000000	0.000000	0.000000
1764624659.599815845	0.000000	0.000000	0.062971	0.000000	0.000000	0.000000	0.000000	0.000000	0.043629	0.000000	0.000000	0.000000	0.000000	0.000000	0.000000	0.000000	0.000000	0.000000	0.000000	0.000000	17.593857	0.000000	0.000000	0.000000
1764624659.609101772	0.000000	0.000000	0.003742	0.000000	0.000000	0.000000	0.000000	0.000000	0.043629	0.000000	0.000000	0.000000	0.000000	0.000000	0.000000	0.000000	0.000000	0.000000	0.000000	0.000000	17.593857	0.000000	0.000000	0.000000
1764624659.618518114	0.000000	0.000000	0.061684	0.000000	0.000000	0.000000	0.000000	0.000000	0.043629	0.000000	0.000000	0.000000	0.000000	0.000000	0.000000	0.000000	0.000000	0.000000	0.000000	0.000000	17.593857	0.000000	0.000000	0.000000
1764624659.629230022	0.000000	0.000000	0.007071	0.000000	0.000000	0.000000	0.000000	0.000000	0.043629	0.000000	0.000000	0.000000	0.000000	0.000000	0.000000	0.000000	0.000000	0.000000	0.000000	0.000000	17.593857	0.000000	0.000000	0.000000
1764624659.639134407	0.000000	0.000000	0.070285	0.000000	0.000000	0.000000	0.000000	0.000000	0.043629	0.000000	0.000000	0.000000	0.000000	0.000000	0.000000	0.000000	0.000000	0.000000	0.000000	0.000000	17.593857	0.000000	0.000000	0.000000
1764624659.651490927	0.000000	0.000000	0.016080	0.000000	0.000000	0.000000	0.000000	0.000000	0.043629	0.000000	0.000000	0.000000	0.000000	0.000000	0.000000	0.000000	0.000000	0.000000	0.000000	0.000000	17.593857	0.000000	0.000000	0.000000
1764624659.658470154	0.000000	0.000000	0.039975	0.000000	0.000000	0.000000	0.000000	0.000000	0.043629	0.000000	0.000000	0.000000	0.000000	0.000000	0.000000	0.000000	0.000000	0.000000	0.000000	0.000000	17.593857	0.000000	0.000000	0.000000
1764624659.669087887	0.000000	0.000000	0.056805	0.000000	0.000000	0.000000	0.000000	0.000000	0.043629	0.000000	0.000000	0.000000	0.000000	0.000000	0.000000	0.000000	0.000000	0.000000	0.000000	0.000000	17.593857	0.000000	0.000000	0.000000
1764624659.678916216	0.000000	0.000000	0.014342	0.000000	0.000000	0.000000	0.000000	0.000000	0.043629	0.000000	0.000000	0.000000	0.000000	0.000000	0.000000	0.000000	0.000000	0.000000	0.000000	0.000000	17.593857	0.000000	0.000000	0.000000
1764624659.703042746	0.000000	0.000000	0.013359	0.000000	0.000000	0.000000	0.000000	0.000000	0.043629	0.000000	0.000000	0.000000	0.000000	0.000000	0.000000	0.000000	0.000000	0.000000	0.000000	0.000000	17.593857	0.000000	0.000000	0.000000
1764624659.704301119	0.000000	0.000000	0.085190	0.000000	0.000000	0.000000	0.000000	0.000000	0.043629	0.000000	0.000000	0.000000	0.000000	0.000000	0.000000	0.000000	0.000000	0.000000	0.000000	0.000000	17.593857	0.000000	0.000000	0.000000
1764624659.708554745	0.000000	0.000000	0.013682	0.000000	0.000000	0.000000	0.000000	0.000000	0.062183	0.000000	0.000000	0.000000	0.000000	0.000000	0.000000	0.000000	0.000000	0.000000	0.000000	0.000000	17.593857	0.000000	0.000000	0.000000
1764624659.728456497	0.000000	0.000000	0.024786	0.000000	0.000000	0.000000	0.000000	0.000000	0.062183	0.000000	0.000000	0.000000	0.000000	0.000000	0.000000	0.000000	0.000000	0.000000	0.000000	0.000000	17.593857	0.000000	0.000000	0.000000
1764624659.728469133	0.000000	0.000000	0.028191	0.000000	0.000000	0.000000	0.000000	0.000000	0.062183	0.000000	0.000000	0.000000	0.000000	0.000000	0.000000	0.000000	0.000000	0.000000	0.000000	0.000000	17.593857	0.000000	0.000000	0.000000
1764624659.738596201	0.000000	0.000000	0.061795	0.000000	0.000000	0.000000	0.000000	0.000000	0.062183	0.000000	0.000000	0.000000	0.000000	0.000000	0.000000	0.000000	0.000000	0.000000	0.000000	0.000000	17.593857	0.000000	0.000000	0.000000
1764624659.748278141	0.000000	0.000000	0.024413	0.000000	0.000000	0.000000	0.000000	0.000000	0.062183	0.000000	0.000000	0.000000	0.000000	0.000000	0.000000	0.000000	0.000000	0.000000	0.000000	0.000000	17.593857	0.000000	0.000000	0.000000
1764624659.758517504	0.000000	0.000000	0.061145	0.000000	0.000000	0.000000	0.000000	0.000000	0.062183	0.000000	0.000000	0.000000	0.000000	0.000000	0.000000	0.000000	0.000000	0.000000	0.000000	0.000000	17.593857	0.000000	0.000000	0.000000
1764624659.782724857	0.000000	0.000000	0.044512	0.000000	0.000000	0.000000	0.000000	0.000000	0.062183	0.000000	0.000000	0.000000	0.000000	0.000000	0.000000	0.000000	0.000000	0.000000	0.000000	0.000000	17.593857	0.000000	0.000000	0.000000
1764624659.782745123	0.000000	0.000000	0.081102	0.000000	0.000000	0.000000	0.000000	0.000000	0.062183	0.000000	0.000000	0.000000	0.000000	0.000000	0.000000	0.000000	0.000000	0.000000	0.000000	0.000000	17.593857	0.000000	0.000000	0.000000
1764624659.788494349	0.000000	0.000000	-0.007823	0.000000	0.000000	0.000000	0.000000	0.000000	0.062183	0.000000	0.000000	0.000000	0.000000	0.000000	0.000000	0.000000	0.000000	0.000000	0.000000	0.000000	17.593857	0.000000	0.000000	0.000000
1764624659.803660631	0.000000	0.000000	0.067044	0.000000	0.000000	0.000000	0.000000	0.000000	0.062183	0.000000	0.000000	0.000000	0.000000	0.000000	0.000000	0.000000	0.000000	0.000000	0.000000	0.000000	17.593857	0.000000	0.000000	0.000000
1764624659.808350325	0.000000	0.000000	0.034856	0.000000	0.000000	0.000000	0.000000	0.000000	0.062183	0.000000	0.000000	0.000000	0.000000	0.000000	0.000000	0.000000	0.000000	0.000000	0.000000	0.000000	17.593857	0.000000	0.000000	0.000000
1764624659.818609715	0.000000	0.000000	0.019659	0.000000	0.000000	0.000000	0.000000	0.000000	0.062183	0.000000	0.000000	0.000000	0.000000	0.000000	0.000000	0.000000	0.000000	0.000000	0.000000	0.000000	17.593857	0.000000	0.000000	0.000000
1764624659.829836369	0.000000	0.000000	0.044527	0.000000	0.000000	0.000000	0.000000	0.000000	0.062183	0.000000	0.000000	0.000000	0.000000	0.000000	0.000000	0.000000	0.000000	0.000000	0.000000	0.000000	17.593857	0.000000	0.000000	0.000000
1764624659.838691950	0.000000	0.000000	0.049373	0.000000	0.000000	0.000000	0.000000	0.000000	0.062183	0.000000	0.000000	0.000000	0.000000	0.000000	0.000000	0.000000	0.000000	0.000000	0.000000	0.000000	17.593857	0.000000	0.000000	0.000000
1764624659.848791599	0.000000	0.000000	0.015178	0.000000	0.000000	0.000000	0.000000	0.000000	0.062183	0.000000	0.000000	0.000000	0.000000	0.000000	0.000000	0.000000	0.000000	0.000000	0.000000	0.000000	17.593857	0.000000	0.000000	0.000000
1764624659.859215021	0.000000	0.000000	0.057668	0.000000	0.000000	0.000000	0.000000	0.000000	0.062183	0.000000	0.000000	0.000000	0.000000	0.000000	0.000000	0.000000	0.000000	0.000000	0.000000	0.000000	17.593857	0.000000	0.000000	0.000000
1764624659.868779421	0.000000	0.000000	0.008283	0.000000	0.000000	0.000000	0.000000	0.000000	0.062183	0.000000	0.000000	0.000000	0.000000	0.000000	0.000000	0.000000	0.000000	0.000000	0.000000	0.000000	17.593857	0.000000	0.000000	0.000000
1764624659.878507853	0.000000	0.000000	0.056262	0.000000	0.000000	0.000000	0.000000	0.000000	0.062183	0.000000	0.000000	0.000000	0.000000	0.000000	0.000000	0.000000	0.000000	0.000000	0.000000	0.000000	17.593857	0.000000	0.000000	0.000000
1764624659.888785362	0.000000	0.000000	0.056690	0.000000	0.000000	0.000000	0.000000	0.000000	0.062183	0.000000	0.000000	0.000000	0.000000	0.000000	0.000000	0.000000	0.000000	0.000000	0.000000	0.000000	17.593857	0.000000	0.000000	0.000000
1764624659.898230791	0.000000	0.000000	0.004214	0.000000	0.000000	0.000000	0.000000	0.000000	0.062183	0.000000	0.000000	0.000000	0.000000	0.000000	0.000000	0.000000	0.000000	0.000000	0.000000	0.000000	17.593857	0.000000	0.000000	0.000000
1764624659.923600674	0.000000	0.000000	0.023877	0.000000	0.000000	0.000000	0.000000	0.000000	0.062183	0.000000	0.000000	0.000000	0.000000	0.000000	0.000000	0.000000	0.000000	0.000000	0.000000	0.000000	17.593857	0.000000	0.000000	0.000000
1764624659.923614740	0.000000	0.000000	0.052221	0.000000	0.000000	0.000000	0.000000	0.000000	0.062183	0.000000	0.000000	0.000000	0.000000	0.000000	0.000000	0.000000	0.000000	0.000000	0.000000	0.000000	17.593857	0.000000	0.000000	0.000000
1764624659.943198681	0.000000	0.000000	0.011803	0.000000	0.000000	0.000000	0.000000	0.000000	0.062183	0.000000	0.000000	0.000000	0.000000	0.000000	0.000000	0.000000	0.000000	0.000000	0.000000	0.000000	17.593857	0.000000	0.000000	0.000000
1764624659.943214655	0.000000	0.000000	0.044635	0.000000	0.000000	0.000000	0.000000	0.000000	0.062183	0.000000	0.000000	0.000000	0.000000	0.000000	0.000000	0.000000	0.000000	0.000000	0.000000	0.000000	17.593857	0.000000	0.000000	0.000000
1764624659.948574781	0.000000	0.000000	0.040226	0.000000	0.000000	0.000000	0.000000	0.000000	0.062183	0.000000	0.000000	0.000000	0.000000	0.000000	0.000000	0.000000	0.000000	0.000000	0.000000	0.000000	17.593857	0.000000	0.000000	0.000000
1764624659.968137980	0.000000	0.000000	0.027104	0.000000	0.000000	0.000000	0.000000	0.000000	0.082648	0.000000	0.000000	0.000000	0.000000	0.000000	0.000000	0.000000	0.000000	0.000000	0.000000	0.000000	17.593857	0.000000	0.000000	0.000000
1764624659.980783939	0.000000	0.000000	0.031143	0.000000	0.000000	0.000000	0.000000	0.000000	0.082648	0.000000	0.000000	0.000000	0.000000	0.000000	0.000000	0.000000	0.000000	0.000000	0.000000	0.000000	17.593857	0.000000	0.000000	0.000000
1764624659.980799913	0.000000	0.000000	0.027390	0.000000	0.000000	0.000000	0.000000	0.000000	0.082648	0.000000	0.000000	0.000000	0.000000	0.000000	0.000000	0.000000	0.000000	0.000000	0.000000	0.000000	17.593857	0.000000	0.000000	0.000000
1764624659.989400148	0.000000	0.000000	0.036846	0.000000	0.000000	0.000000	0.000000	0.000000	0.082648	0.000000	0.000000	0.000000	0.000000	0.000000	0.000000	0.000000	0.000000	0.000000	0.000000	0.000000	17.593857	0.000000	0.000000	0.000000
1764624660.001415491	0.000000	0.000000	0.068208	0.000000	0.000000	0.000000	0.000000	0.000000	0.082648	0.000000	0.000000	0.000000	0.000000	0.000000	0.000000	0.000000	0.000000	0.000000	0.000000	0.000000	17.593857	0.000000	0.000000	0.000000
1764624660.009301662	0.000000	0.000000	0.016042	0.000000	0.000000	0.000000	0.000000	0.000000	0.082648	0.000000	0.000000	0.000000	0.000000	0.000000	0.000000	0.000000	0.000000	0.000000	0.000000	0.000000	17.593857	0.000000	0.000000	0.000000
1764624660.021628380	0.000000	0.000000	0.066507	0.000000	0.000000	0.000000	0.000000	0.000000	0.082648	0.000000	0.000000	0.000000	0.000000	0.000000	0.000000	0.000000	0.000000	0.000000	0.000000	0.000000	17.593857	0.000000	0.000000	0.000000
1764624660.029247999	0.000000	0.000000	0.010460	0.000000	0.000000	0.000000	0.000000	0.000000	0.082648	0.000000	0.000000	0.000000	0.000000	0.000000	0.000000	0.000000	0.000000	0.000000	0.000000	0.000000	17.593857	0.000000	0.000000	0.000000
1764624660.049287558	0.000000	0.000000	0.015719	0.000000	0.000000	0.000000	0.000000	0.000000	0.082648	0.000000	0.000000	0.000000	0.000000	0.000000	0.000000	0.000000	0.000000	0.000000	0.000000	0.000000	17.593857	0.000000	0.000000	0.000000
1764624660.049297333	0.000000	0.000000	0.065506	0.000000	0.000000	0.000000	0.000000	0.000000	0.082648	0.000000	0.000000	0.000000	0.000000	0.000000	0.000000	0.000000	0.000000	0.000000	0.000000	0.000000	17.593857	0.000000	0.000000	0.000000
1764624660.058513880	0.000000	0.000000	0.022713	0.000000	0.000000	0.000000	0.000000	0.000000	0.082648	0.000000	0.000000	0.000000	0.000000	0.000000	0.000000	0.000000	0.000000	0.000000	0.000000	0.000000	17.593857	0.000000	0.000000	0.000000
1764624660.068234205	0.000000	0.000000	0.027846	0.000000	0.000000	0.000000	0.000000	0.000000	0.082648	0.000000	0.000000	0.000000	0.000000	0.000000	0.000000	0.000000	0.000000	0.000000	0.000000	0.000000	17.593857	0.000000	0.000000	0.000000
1764624660.086940289	0.000000	0.000000	0.060010	0.000000	0.000000	0.000000	0.000000	0.000000	0.082648	0.000000	0.000000	0.000000	0.000000	0.000000	0.000000	0.000000	0.000000	0.000000	0.000000	0.000000	17.593857	0.000000	0.000000	0.000000
1764624660.086957216	0.000000	0.000000	-0.018092	0.000000	0.000000	0.000000	0.000000	0.000000	0.082648	0.000000	0.000000	0.000000	0.000000	0.000000	0.000000	0.000000	0.000000	0.000000	0.000000	0.000000	17.593857	0.000000	0.000000	0.000000
1764624660.097738266	0.000000	0.000000	0.095004	0.000000	0.000000	0.000000	0.000000	0.000000	0.082648	0.000000	0.000000	0.000000	0.000000	0.000000	0.000000	0.000000	0.000000	0.000000	0.000000	0.000000	17.593857	0.000000	0.000000	0.000000
1764624660.108835220	0.000000	0.000000	-0.004247	0.000000	0.000000	0.000000	0.000000	0.000000	0.082648	0.000000	0.000000	0.000000	0.000000	0.000000	0.000000	0.000000	0.000000	0.000000	0.000000	0.000000	17.593857	0.000000	0.000000	0.000000
1764624660.129707098	0.000000	0.000000	0.016489	0.000000	0.000000	0.000000	0.000000	0.000000	0.082648	0.000000	0.000000	0.000000	0.000000	0.000000	0.000000	0.000000	0.000000	0.000000	0.000000	0.000000	17.593857	0.000000	0.000000	0.000000
1764624660.131325245	0.000000	0.000000	0.058672	0.000000	0.000000	0.000000	0.000000	0.000000	0.082648	0.000000	0.000000	0.000000	0.000000	0.000000	0.000000	0.000000	0.000000	0.000000	0.000000	0.000000	17.593857	0.000000	0.000000	0.000000
1764624660.138841629	0.000000	0.000000	0.031421	0.000000	0.000000	0.000000	0.000000	0.000000	0.082648	0.000000	0.000000	0.000000	0.000000	0.000000	0.000000	0.000000	0.000000	0.000000	0.000000	0.000000	17.593857	0.000000	0.000000	0.000000
1764624660.148228407	0.000000	0.000000	0.006144	0.000000	0.000000	0.000000	0.000000	0.000000	0.082648	0.000000	0.000000	0.000000	0.000000	0.000000	0.000000	0.000000	0.000000	0.000000	0.000000	0.000000	17.593857	0.000000	0.000000	0.000000
1764624660.158387899	0.000000	0.000000	0.065305	0.000000	0.000000	0.000000	0.000000	0.000000	0.082648	0.000000	0.000000	0.000000	0.000000	0.000000	0.000000	0.000000	0.000000	0.000000	0.000000	0.000000	17.593857	0.000000	0.000000	0.000000
1764624660.171500683	0.000000	0.000000	0.006100	0.000000	0.000000	0.000000	0.000000	0.000000	0.082648	0.000000	0.000000	0.000000	0.000000	0.000000	0.000000	0.000000	0.000000	0.000000	0.000000	0.000000	17.593857	0.000000	0.000000	0.000000
1764624660.178645372	0.000000	0.000000	0.046663	0.000000	0.000000	0.000000	0.000000	0.000000	0.082648	0.000000	0.000000	0.000000	0.000000	0.000000	0.000000	0.000000	0.000000	0.000000	0.000000	0.000000	17.593857	0.000000	0.000000	0.000000
1764624660.188978910	0.000000	0.000000	0.054516	0.000000	0.000000	0.000000	0.000000	0.000000	0.082648	0.000000	0.000000	0.000000	0.000000	0.000000	0.000000	0.000000	0.000000	0.000000	0.000000	0.000000	17.593857	0.000000	0.000000	0.000000
1764624660.198805332	0.000000	0.000000	0.022812	0.000000	0.000000	0.000000	0.000000	0.000000	0.082648	0.000000	0.000000	0.000000	0.000000	0.000000	0.000000	0.000000	0.000000	0.000000	0.000000	0.000000	17.593857	0.000000	0.000000	0.000000
1764624660.223873377	0.000000	0.000000	0.028594	0.000000	0.000000	0.000000	0.000000	0.000000	0.099548	0.000000	0.000000	0.000000	0.000000	0.000000	0.000000	0.000000	0.000000	0.000000	0.000000	0.000000	17.593857	0.000000	0.000000	0.000000
1764624660.225297451	0.000000	0.000000	0.005205	0.000000	0.000000	0.000000	0.000000	0.000000	0.099548	0.000000	0.000000	0.000000	0.000000	0.000000	0.000000	0.000000	0.000000	0.000000	0.000000	0.000000	17.593857	0.000000	0.000000	0.000000
1764624660.231208563	0.000000	0.000000	0.027620	0.000000	0.000000	0.000000	0.000000	0.000000	0.099548	0.000000	0.000000	0.000000	0.000000	0.000000	0.000000	0.000000	0.000000	0.000000	0.000000	0.000000	17.593857	0.000000	0.000000	0.000000
1764624660.251899958	0.000000	0.000000	0.054572	0.000000	0.000000	0.000000	0.000000	0.000000	0.099548	0.000000	0.000000	0.000000	0.000000	0.000000	0.000000	0.000000	0.000000	0.000000	0.000000	0.000000	17.593857	0.000000	0.000000	0.000000
1764624660.251926899	0.000000	0.000000	0.026329	0.000000	0.000000	0.000000	0.000000	0.000000	0.099548	0.000000	0.000000	0.000000	0.000000	0.000000	0.000000	0.000000	0.000000	0.000000	0.000000	0.000000	17.593857	0.000000	0.000000	0.000000
1764624660.258682728	0.000000	0.000000	0.056973	0.000000	0.000000	0.000000	0.000000	0.000000	0.099548	0.000000	0.000000	0.000000	0.000000	0.000000	0.000000	0.000000	0.000000	0.000000	0.000000	0.000000	17.593857	0.000000	0.000000	0.000000
1764624660.269301414	0.000000	0.000000	0.010023	0.000000	0.000000	0.000000	0.000000	0.000000	0.099548	0.000000	0.000000	0.000000	0.000000	0.000000	0.000000	0.000000	0.000000	0.000000	0.000000	0.000000	17.593857	0.000000	0.000000	0.000000
1764624660.289197683	0.000000	0.000000	0.036735	0.000000	0.000000	0.000000	0.000000	0.000000	0.099548	0.000000	0.000000	0.000000	0.000000	0.000000	0.000000	0.000000	0.000000	0.000000	0.000000	0.000000	17.593857	0.000000	0.000000	0.000000
1764624660.289225101	0.000000	0.000000	0.047337	0.000000	0.000000	0.000000	0.000000	0.000000	0.099548	0.000000	0.000000	0.000000	0.000000	0.000000	0.000000	0.000000	0.000000	0.000000	0.000000	0.000000	17.593857	0.000000	0.000000	0.000000
1764624660.299057484	0.000000	0.000000	0.021151	0.000000	0.000000	0.000000	0.000000	0.000000	0.099548	0.000000	0.000000	0.000000	0.000000	0.000000	0.000000	0.000000	0.000000	0.000000	0.000000	0.000000	17.593857	0.000000	0.000000	0.000000
1764624660.309123039	0.000000	0.000000	0.026596	0.000000	0.000000	0.000000	0.000000	0.000000	0.099548	0.000000	0.000000	0.000000	0.000000	0.000000	0.000000	0.000000	0.000000	0.000000	0.000000	0.000000	17.593857	0.000000	0.000000	0.000000
1764624660.335807323	0.000000	0.000000	0.020427	0.000000	0.000000	0.000000	0.000000	0.000000	0.099548	0.000000	0.000000	0.000000	0.000000	0.000000	0.000000	0.000000	0.000000	0.000000	0.000000	0.000000	17.593857	0.000000	0.000000	0.000000
1764624660.335818291	0.000000	0.000000	0.017038	0.000000	0.000000	0.000000	0.000000	0.000000	0.099548	0.000000	0.000000	0.000000	0.000000	0.000000	0.000000	0.000000	0.000000	0.000000	0.000000	0.000000	17.593857	0.000000	0.000000	0.000000
1764624660.338465691	0.000000	0.000000	0.073971	0.000000	0.000000	0.000000	0.000000	0.000000	0.099548	0.000000	0.000000	0.000000	0.000000	0.000000	0.000000	0.000000	0.000000	0.000000	0.000000	0.000000	17.593857	0.000000	0.000000	0.000000
1764624660.348871946	0.000000	0.000000	0.061228	0.000000	0.000000	0.000000	0.000000	0.000000	0.099548	0.000000	0.000000	0.000000	0.000000	0.000000	0.000000	0.000000	0.000000	0.000000	0.000000	0.000000	17.593857	0.000000	0.000000	0.000000
1764624660.358892679	0.000000	0.000000	0.019407	0.000000	0.000000	0.000000	0.000000	0.000000	0.099548	0.000000	0.000000	0.000000	0.000000	0.000000	0.000000	0.000000	0.000000	0.000000	0.000000	0.000000	17.593857	0.000000	0.000000	0.000000
1764624660.369310856	0.000000	0.000000	0.058793	0.000000	0.000000	0.000000	0.000000	0.000000	0.099548	0.000000	0.000000	0.000000	0.000000	0.000000	0.000000	0.000000	0.000000	0.000000	0.000000	0.000000	17.593857	0.000000	0.000000	0.000000
1764624660.378803730	0.000000	0.000000	0.002122	0.000000	0.000000	0.000000	0.000000	0.000000	0.099548	0.000000	0.000000	0.000000	0.000000	0.000000	0.000000	0.000000	0.000000	0.000000	0.000000	0.000000	17.593857	0.000000	0.000000	0.000000
1764624660.389463902	0.000000	0.000000	0.043596	0.000000	0.000000	0.000000	0.000000	0.000000	0.099548	0.000000	0.000000	0.000000	0.000000	0.000000	0.000000	0.000000	0.000000	0.000000	0.000000	0.000000	17.593857	0.000000	0.000000	0.000000
1764624660.411854029	0.000000	0.000000	0.018342	0.000000	0.000000	0.000000	0.000000	0.000000	0.099548	0.000000	0.000000	0.000000	0.000000	0.000000	0.000000	0.000000	0.000000	0.000000	0.000000	0.000000	17.593857	0.000000	0.000000	0.000000
1764624660.413619041	0.000000	0.000000	0.022847	0.000000	0.000000	0.000000	0.000000	0.000000	0.099548	0.000000	0.000000	0.000000	0.000000	0.000000	0.000000	0.000000	0.000000	0.000000	0.000000	0.000000	17.593857	0.000000	0.000000	0.000000
1764624660.418726921	0.000000	0.000000	0.018033	0.000000	0.000000	0.000000	0.000000	0.000000	0.099548	0.000000	0.000000	0.000000	0.000000	0.000000	0.000000	0.000000	0.000000	0.000000	0.000000	0.000000	17.593857	0.000000	0.000000	0.000000
1764624660.429089308	0.000000	0.000000	0.080303	0.000000	0.000000	0.000000	0.000000	0.000000	0.099548	0.000000	0.000000	0.000000	0.000000	0.000000	0.000000	0.000000	0.000000	0.000000	0.000000	0.000000	17.593857	0.000000	0.000000	0.000000
1764624660.439159632	0.000000	0.000000	0.030161	0.000000	0.000000	0.000000	0.000000	0.000000	0.099548	0.000000	0.000000	0.000000	0.000000	0.000000	0.000000	0.000000	0.000000	0.000000	0.000000	0.000000	17.593857	0.000000	0.000000	0.000000
1764624660.464011431	0.000000	0.000000	0.043617	0.000000	0.000000	0.000000	0.000000	0.000000	0.114882	0.000000	0.000000	0.000000	0.000000	0.000000	0.000000	0.000000	0.000000	0.000000	0.000000	0.000000	17.593857	0.000000	0.000000	0.000000
1764624660.464024782	0.000000	0.000000	0.003143	0.000000	0.000000	0.000000	0.000000	0.000000	0.114882	0.000000	0.000000	0.000000	0.000000	0.000000	0.000000	0.000000	0.000000	0.000000	0.000000	0.000000	17.593857	0.000000	0.000000	0.000000
1764624660.468504429	0.000000	0.000000	0.059503	0.000000	0.000000	0.000000	0.000000	0.000000	0.114882	0.000000	0.000000	0.000000	0.000000	0.000000	0.000000	0.000000	0.000000	0.000000	0.000000	0.000000	17.593857	0.000000	0.000000	0.000000
1764624660.492339134	0.000000	0.000000	0.015993	0.000000	0.000000	0.000000	0.000000	0.000000	0.114882	0.000000	0.000000	0.000000	0.000000	0.000000	0.000000	0.000000	0.000000	0.000000	0.000000	0.000000	17.593857	0.000000	0.000000	0.000000
1764624660.492353916	0.000000	0.000000	0.051528	0.000000	0.000000	0.000000	0.000000	0.000000	0.114882	0.000000	0.000000	0.000000	0.000000	0.000000	0.000000	0.000000	0.000000	0.000000	0.000000	0.000000	17.593857	0.000000	0.000000	0.000000
1764624660.498541594	0.000000	0.000000	-0.003664	0.000000	0.000000	0.000000	0.000000	0.000000	0.114882	0.000000	0.000000	0.000000	0.000000	0.000000	0.000000	0.000000	0.000000	0.000000	0.000000	0.000000	17.593857	0.000000	0.000000	0.000000
1764624660.508674622	0.000000	0.000000	0.041867	0.000000	0.000000	0.000000	0.000000	0.000000	0.114882	0.000000	0.000000	0.000000	0.000000	0.000000	0.000000	0.000000	0.000000	0.000000	0.000000	0.000000	17.593857	0.000000	0.000000	0.000000
1764624660.518947363	0.000000	0.000000	0.022184	0.000000	0.000000	0.000000	0.000000	0.000000	0.114882	0.000000	0.000000	0.000000	0.000000	0.000000	0.000000	0.000000	0.000000	0.000000	0.000000	0.000000	17.593857	0.000000	0.000000	0.000000
1764624660.545530558	0.000000	0.000000	0.029503	0.000000	0.000000	0.000000	0.000000	0.000000	0.114882	0.000000	0.000000	0.000000	0.000000	0.000000	0.000000	0.000000	0.000000	0.000000	0.000000	0.000000	17.593857	0.000000	0.000000	0.000000
1764624660.545549393	0.000000	0.000000	0.033591	0.000000	0.000000	0.000000	0.000000	0.000000	0.114882	0.000000	0.000000	0.000000	0.000000	0.000000	0.000000	0.000000	0.000000	0.000000	0.000000	0.000000	17.593857	0.000000	0.000000	0.000000
1764624660.548785210	0.000000	0.000000	0.016634	0.000000	0.000000	0.000000	0.000000	0.000000	0.114882	0.000000	0.000000	0.000000	0.000000	0.000000	0.000000	0.000000	0.000000	0.000000	0.000000	0.000000	17.593857	0.000000	0.000000	0.000000
1764624660.571126699	0.000000	0.000000	0.039776	0.000000	0.000000	0.000000	0.000000	0.000000	0.114882	0.000000	0.000000	0.000000	0.000000	0.000000	0.000000	0.000000	0.000000	0.000000	0.000000	0.000000	17.593857	0.000000	0.000000	0.000000
1764624660.571135998	0.000000	0.000000	0.003942	0.000000	0.000000	0.000000	0.000000	0.000000	0.114882	0.000000	0.000000	0.000000	0.000000	0.000000	0.000000	0.000000	0.000000	0.000000	0.000000	0.000000	17.593857	0.000000	0.000000	0.000000
1764624660.580829859	0.000000	0.000000	0.022799	0.000000	0.000000	0.000000	0.000000	0.000000	0.114882	0.000000	0.000000	0.000000	0.000000	0.000000	0.000000	0.000000	0.000000	0.000000	0.000000	0.000000	17.593857	0.000000	0.000000	0.000000
1764624660.588696480	0.000000	0.000000	0.059532	0.000000	0.000000	0.000000	0.000000	0.000000	0.114882	0.000000	0.000000	0.000000	0.000000	0.000000	0.000000	0.000000	0.000000	0.000000	0.000000	0.000000	17.593857	0.000000	0.000000	0.000000
1764624660.598776102	0.000000	0.000000	0.021079	0.000000	0.000000	0.000000	0.000000	0.000000	0.114882	0.000000	0.000000	0.000000	0.000000	0.000000	0.000000	0.000000	0.000000	0.000000	0.000000	0.000000	17.593857	0.000000	0.000000	0.000000
1764624660.611165285	0.000000	0.000000	0.011906	0.000000	0.000000	0.000000	0.000000	0.000000	0.114882	0.000000	0.000000	0.000000	0.000000	0.000000	0.000000	0.000000	0.000000	0.000000	0.000000	0.000000	17.593857	0.000000	0.000000	0.000000
1764624660.618491411	0.000000	0.000000	0.056714	0.000000	0.000000	0.000000	0.000000	0.000000	0.114882	0.000000	0.000000	0.000000	0.000000	0.000000	0.000000	0.000000	0.000000	0.000000	0.000000	0.000000	17.593857	0.000000	0.000000	0.000000
1764624660.629362345	0.000000	0.000000	0.006967	0.000000	0.000000	0.000000	0.000000	0.000000	0.114882	0.000000	0.000000	0.000000	0.000000	0.000000	0.000000	0.000000	0.000000	0.000000	0.000000	0.000000	17.593857	0.000000	0.000000	0.000000
1764624660.639248610	0.000000	0.000000	0.011094	0.000000	0.000000	0.000000	0.000000	0.000000	0.114882	0.000000	0.000000	0.000000	0.000000	0.000000	0.000000	0.000000	0.000000	0.000000	0.000000	0.000000	17.593857	0.000000	0.000000	0.000000
1764624660.661168337	0.000000	0.000000	0.030454	0.000000	0.000000	0.000000	0.000000	0.000000	0.114882	0.000000	0.000000	0.000000	0.000000	0.000000	0.000000	0.000000	0.000000	0.000000	0.000000	0.000000	17.593857	0.000000	0.000000	0.000000
1764624660.661176682	0.000000	0.000000	0.025675	0.000000	0.000000	0.000000	0.000000	0.000000	0.114882	0.000000	0.000000	0.000000	0.000000	0.000000	0.000000	0.000000	0.000000	0.000000	0.000000	0.000000	17.593857	0.000000	0.000000	0.000000
1764624660.668573141	0.000000	0.000000	0.030475	0.000000	0.000000	0.000000	0.000000	0.000000	0.114882	0.000000	0.000000	0.000000	0.000000	0.000000	0.000000	0.000000	0.000000	0.000000	0.000000	0.000000	17.593857	0.000000	0.000000	0.000000
1764624660.687265158	0.000000	0.000000	-0.004083	0.000000	0.000000	0.000000	0.000000	0.000000	0.114882	0.000000	0.000000	0.000000	0.000000	0.000000	0.000000	0.000000	0.000000	0.000000	0.000000	0.000000	17.593857	0.000000	0.000000	0.000000
1764624660.688701868	0.000000	0.000000	0.023909	0.000000	0.000000	0.000000	0.000000	0.000000	0.114882	0.000000	0.000000	0.000000	0.000000	0.000000	0.000000	0.000000	0.000000	0.000000	0.000000	0.000000	17.593857	0.000000	0.000000	0.000000
1764624660.699120283	0.000000	0.000000	0.035253	0.000000	0.000000	0.000000	0.000000	0.000000	0.114882	0.000000	0.000000	0.000000	0.000000	0.000000	0.000000	0.000000	0.000000	0.000000	0.000000	0.000000	17.593857	0.000000	0.000000	0.000000
1764624660.708302021	0.000000	0.000000	0.005973	0.000000	0.000000	0.000000	0.000000	0.000000	0.129425	0.000000	0.000000	0.000000	0.000000	0.000000	0.000000	0.000000	0.000000	0.000000	0.000000	0.000000	17.593857	0.000000	0.000000	0.000000
1764624660.718337059	0.000000	0.000000	0.036349	0.000000	0.000000	0.000000	0.000000	0.000000	0.129425	0.000000	0.000000	0.000000	0.000000	0.000000	0.000000	0.000000	0.000000	0.000000	0.000000	0.000000	17.593857	0.000000	0.000000	0.000000
1764624660.730817318	0.000000	0.000000	0.050181	0.000000	0.000000	0.000000	0.000000	0.000000	0.129425	0.000000	0.000000	0.000000	0.000000	0.000000	0.000000	0.000000	0.000000	0.000000	0.000000	0.000000	17.593857	0.000000	0.000000	0.000000
1764624660.738185167	0.000000	0.000000	-0.020732	0.000000	0.000000	0.000000	0.000000	0.000000	0.129425	0.000000	0.000000	0.000000	0.000000	0.000000	0.000000	0.000000	0.000000	0.000000	0.000000	0.000000	17.593857	0.000000	0.000000	0.000000
1764624660.747827053	0.000000	0.000000	0.041851	0.000000	0.000000	0.000000	0.000000	0.000000	0.129425	0.000000	0.000000	0.000000	0.000000	0.000000	0.000000	0.000000	0.000000	0.000000	0.000000	0.000000	17.593857	0.000000	0.000000	0.000000
1764624660.758596659	0.000000	0.000000	0.011524	0.000000	0.000000	0.000000	0.000000	0.000000	0.129425	0.000000	0.000000	0.000000	0.000000	0.000000	0.000000	0.000000	0.000000	0.000000	0.000000	0.000000	17.593857	0.000000	0.000000	0.000000
1764624660.783737659	0.000000	0.000000	-0.016213	0.000000	0.000000	0.000000	0.000000	0.000000	0.129425	0.000000	0.000000	0.000000	0.000000	0.000000	0.000000	0.000000	0.000000	0.000000	0.000000	0.000000	17.593857	0.000000	0.000000	0.000000
1764624660.783758163	0.000000	0.000000	0.062938	0.000000	0.000000	0.000000	0.000000	0.000000	0.129425	0.000000	0.000000	0.000000	0.000000	0.000000	0.000000	0.000000	0.000000	0.000000	0.000000	0.000000	17.593857	0.000000	0.000000	0.000000
1764624660.789361715	0.000000	0.000000	0.031447	0.000000	0.000000	0.000000	0.000000	0.000000	0.129425	0.000000	0.000000	0.000000	0.000000	0.000000	0.000000	0.000000	0.000000	0.000000	0.000000	0.000000	17.593857	0.000000	0.000000	0.000000
1764624660.798259735	0.000000	0.000000	-0.005454	0.000000	0.000000	0.000000	0.000000	0.000000	0.129425	0.000000	0.000000	0.000000	0.000000	0.000000	0.000000	0.000000	0.000000	0.000000	0.000000	0.000000	17.593857	0.000000	0.000000	0.000000
1764624660.817310572	0.000000	0.000000	0.018749	0.000000	0.000000	0.000000	0.000000	0.000000	0.129425	0.000000	0.000000	0.000000	0.000000	0.000000	0.000000	0.000000	0.000000	0.000000	0.000000	0.000000	17.593857	0.000000	0.000000	0.000000
1764624660.817325354	0.000000	0.000000	0.034598	0.000000	0.000000	0.000000	0.000000	0.000000	0.129425	0.000000	0.000000	0.000000	0.000000	0.000000	0.000000	0.000000	0.000000	0.000000	0.000000	0.000000	17.593857	0.000000	0.000000	0.000000
1764624660.828318596	0.000000	0.000000	-0.032497	0.000000	0.000000	0.000000	0.000000	0.000000	0.129425	0.000000	0.000000	0.000000	0.000000	0.000000	0.000000	0.000000	0.000000	0.000000	0.000000	0.000000	17.593857	0.000000	0.000000	0.000000
1764624660.847529650	0.000000	0.000000	0.078148	0.000000	0.000000	0.000000	0.000000	0.000000	0.129425	0.000000	0.000000	0.000000	0.000000	0.000000	0.000000	0.000000	0.000000	0.000000	0.000000	0.000000	17.593857	0.000000	0.000000	0.000000
1764624660.853865385	0.000000	0.000000	-0.016592	0.000000	0.000000	0.000000	0.000000	0.000000	0.129425	0.000000	0.000000	0.000000	0.000000	0.000000	0.000000	0.000000	0.000000	0.000000	0.000000	0.000000	17.593857	0.000000	0.000000	0.000000
1764624660.857934952	0.000000	0.000000	0.045326	0.000000	0.000000	0.000000	0.000000	0.000000	0.129425	0.000000	0.000000	0.000000	0.000000	0.000000	0.000000	0.000000	0.000000	0.000000	0.000000	0.000000	17.593857	0.000000	0.000000	0.000000
1764624660.868564606	0.000000	0.000000	0.019709	0.000000	0.000000	0.000000	0.000000	0.000000	0.129425	0.000000	0.000000	0.000000	0.000000	0.000000	0.000000	0.000000	0.000000	0.000000	0.000000	0.000000	17.593857	0.000000	0.000000	0.000000
1764624660.877963543	0.000000	0.000000	0.013804	0.000000	0.000000	0.000000	0.000000	0.000000	0.129425	0.000000	0.000000	0.000000	0.000000	0.000000	0.000000	0.000000	0.000000	0.000000	0.000000	0.000000	17.593857	0.000000	0.000000	0.000000
1764624660.897417068	0.000000	0.000000	0.060477	0.000000	0.000000	0.000000	0.000000	0.000000	0.129425	0.000000	0.000000	0.000000	0.000000	0.000000	0.000000	0.000000	0.000000	0.000000	0.000000	0.000000	17.593857	0.000000	0.000000	0.000000
1764624660.903766632	0.000000	0.000000	-0.016876	0.000000	0.000000	0.000000	0.000000	0.000000	0.129425	0.000000	0.000000	0.000000	0.000000	0.000000	0.000000	0.000000	0.000000	0.000000	0.000000	0.000000	17.593857	0.000000	0.000000	0.000000
1764624660.907716990	0.000000	0.000000	0.012806	0.000000	0.000000	0.000000	0.000000	0.000000	0.129425	0.000000	0.000000	0.000000	0.000000	0.000000	0.000000	0.000000	0.000000	0.000000	0.000000	0.000000	17.593857	0.000000	0.000000	0.000000
1764624660.918272018	0.000000	0.000000	0.061872	0.000000	0.000000	0.000000	0.000000	0.000000	0.129425	0.000000	0.000000	0.000000	0.000000	0.000000	0.000000	0.000000	0.000000	0.000000	0.000000	0.000000	17.593857	0.000000	0.000000	0.000000
1764624660.942789555	0.000000	0.000000	-0.015874	0.000000	0.000000	0.000000	0.000000	0.000000	0.129425	0.000000	0.000000	0.000000	0.000000	0.000000	0.000000	0.000000	0.000000	0.000000	0.000000	0.000000	17.593857	0.000000	0.000000	0.000000
1764624660.942809105	0.000000	0.000000	0.035252	0.000000	0.000000	0.000000	0.000000	0.000000	0.129425	0.000000	0.000000	0.000000	0.000000	0.000000	0.000000	0.000000	0.000000	0.000000	0.000000	0.000000	17.593857	0.000000	0.000000	0.000000
1764624660.947985411	0.000000	0.000000	0.008022	0.000000	0.000000	0.000000	0.000000	0.000000	0.129425	0.000000	0.000000	0.000000	0.000000	0.000000	0.000000	0.000000	0.000000	0.000000	0.000000	0.000000	17.593857	0.000000	0.000000	0.000000
1764624660.958295584	0.000000	0.000000	0.012417	0.000000	0.000000	0.000000	0.000000	0.000000	0.144330	0.000000	0.000000	0.000000	0.000000	0.000000	0.000000	0.000000	0.000000	0.000000	0.000000	0.000000	17.593857	0.000000	0.000000	0.000000
1764624660.978713274	0.000000	0.000000	0.033266	0.000000	0.000000	0.000000	0.000000	0.000000	0.144330	0.000000	0.000000	0.000000	0.000000	0.000000	0.000000	0.000000	0.000000	0.000000	0.000000	0.000000	17.593857	0.000000	0.000000	0.000000
1764624660.985277891	0.000000	0.000000	0.025887	0.000000	0.000000	0.000000	0.000000	0.000000	0.144330	0.000000	0.000000	0.000000	0.000000	0.000000	0.000000	0.000000	0.000000	0.000000	0.000000	0.000000	17.593857	0.000000	0.000000	0.000000
1764624660.988486528	0.000000	0.000000	-0.001049	0.000000	0.000000	0.000000	0.000000	0.000000	0.144330	0.000000	0.000000	0.000000	0.000000	0.000000	0.000000	0.000000	0.000000	0.000000	0.000000	0.000000	17.593857	0.000000	0.000000	0.000000
1764624661.004249096	0.000000	0.000000	0.026331	0.000000	0.000000	0.000000	0.000000	0.000000	0.144330	0.000000	0.000000	0.000000	0.000000	0.000000	0.000000	0.000000	0.000000	0.000000	0.000000	0.000000	17.593857	0.000000	0.000000	0.000000
1764624661.008765459	0.000000	0.000000	0.015213	0.000000	0.000000	0.000000	0.000000	0.000000	0.144330	0.000000	0.000000	0.000000	0.000000	0.000000	0.000000	0.000000	0.000000	0.000000	0.000000	0.000000	17.593857	0.000000	0.000000	0.000000
1764624661.021195650	0.000000	0.000000	0.044922	0.000000	0.000000	0.000000	0.000000	0.000000	0.144330	0.000000	0.000000	0.000000	0.000000	0.000000	0.000000	0.000000	0.000000	0.000000	0.000000	0.000000	17.593857	0.000000	0.000000	0.000000
1764624661.028509855	0.000000	0.000000	-0.005872	0.000000	0.000000	0.000000	0.000000	0.000000	0.144330	0.000000	0.000000	0.000000	0.000000	0.000000	0.000000	0.000000	0.000000	0.000000	0.000000	0.000000	17.593857	0.000000	0.000000	0.000000
1764624661.049892902	0.000000	0.000000	0.037302	0.000000	0.000000	0.000000	0.000000	0.000000	0.144330	0.000000	0.000000	0.000000	0.000000	0.000000	0.000000	0.000000	0.000000	0.000000	0.000000	0.000000	17.593857	0.000000	0.000000	0.000000
1764624661.049912691	0.000000	0.000000	0.022783	0.000000	0.000000	0.000000	0.000000	0.000000	0.144330	0.000000	0.000000	0.000000	0.000000	0.000000	0.000000	0.000000	0.000000	0.000000	0.000000	0.000000	17.593857	0.000000	0.000000	0.000000
1764624661.057866573	0.000000	0.000000	0.015940	0.000000	0.000000	0.000000	0.000000	0.000000	0.144330	0.000000	0.000000	0.000000	0.000000	0.000000	0.000000	0.000000	0.000000	0.000000	0.000000	0.000000	17.593857	0.000000	0.000000	0.000000
1764624661.068054676	0.000000	0.000000	-0.011099	0.000000	0.000000	0.000000	0.000000	0.000000	0.144330	0.000000	0.000000	0.000000	0.000000	0.000000	0.000000	0.000000	0.000000	0.000000	0.000000	0.000000	17.593857	0.000000	0.000000	0.000000
1764624661.078251362	0.000000	0.000000	0.040797	0.000000	0.000000	0.000000	0.000000	0.000000	0.144330	0.000000	0.000000	0.000000	0.000000	0.000000	0.000000	0.000000	0.000000	0.000000	0.000000	0.000000	17.593857	0.000000	0.000000	0.000000
1764624661.088131905	0.000000	0.000000	-0.026944	0.000000	0.000000	0.000000	0.000000	0.000000	0.144330	0.000000	0.000000	0.000000	0.000000	0.000000	0.000000	0.000000	0.000000	0.000000	0.000000	0.000000	17.593857	0.000000	0.000000	0.000000
1764624661.099266768	0.000000	0.000000	-0.005164	0.000000	0.000000	0.000000	0.000000	0.000000	0.144330	0.000000	0.000000	0.000000	0.000000	0.000000	0.000000	0.000000	0.000000	0.000000	0.000000	0.000000	17.593857	0.000000	0.000000	0.000000
1764624661.108040571	0.000000	0.000000	0.003839	0.000000	0.000000	0.000000	0.000000	0.000000	0.144330	0.000000	0.000000	0.000000	0.000000	0.000000	0.000000	0.000000	0.000000	0.000000	0.000000	0.000000	17.593857	0.000000	0.000000	0.000000
1764624661.117993593	0.000000	0.000000	0.004451	0.000000	0.000000	0.000000	0.000000	0.000000	0.144330	0.000000	0.000000	0.000000	0.000000	0.000000	0.000000	0.000000	0.000000	0.000000	0.000000	0.000000	17.593857	0.000000	0.000000	0.000000
1764624661.137367964	0.000000	0.000000	0.025544	0.000000	0.000000	0.000000	0.000000	0.000000	0.144330	0.000000	0.000000	0.000000	0.000000	0.000000	0.000000	0.000000	0.000000	0.000000	0.000000	0.000000	17.593857	0.000000	0.000000	0.000000
1764624661.143760443	0.000000	0.000000	0.020101	0.000000	0.000000	0.000000	0.000000	0.000000	0.144330	0.000000	0.000000	0.000000	0.000000	0.000000	0.000000	0.000000	0.000000	0.000000	0.000000	0.000000	17.593857	0.000000	0.000000	0.000000
1764624661.147323608	0.000000	0.000000	-0.005234	0.000000	0.000000	0.000000	0.000000	0.000000	0.144330	0.000000	0.000000	0.000000	0.000000	0.000000	0.000000	0.000000	0.000000	0.000000	0.000000	0.000000	17.593857	0.000000	0.000000	0.000000
1764624661.165462971	0.000000	0.000000	0.034604	0.000000	0.000000	0.000000	0.000000	0.000000	0.144330	0.000000	0.000000	0.000000	0.000000	0.000000	0.000000	0.000000	0.000000	0.000000	0.000000	0.000000	17.593857	0.000000	0.000000	0.000000
1764624661.168102741	0.000000	0.000000	-0.039054	0.000000	0.000000	0.000000	0.000000	0.000000	0.144330	0.000000	0.000000	0.000000	0.000000	0.000000	0.000000	0.000000	0.000000	0.000000	0.000000	0.000000	17.593857	0.000000	0.000000	0.000000
1764624661.178501129	0.000000	0.000000	0.037666	0.000000	0.000000	0.000000	0.000000	0.000000	0.144330	0.000000	0.000000	0.000000	0.000000	0.000000	0.000000	0.000000	0.000000	0.000000	0.000000	0.000000	17.593857	0.000000	0.000000	0.000000
1764624661.189056873	0.000000	0.000000	-0.027632	0.000000	0.000000	0.000000	0.000000	0.000000	0.144330	0.000000	0.000000	0.000000	0.000000	0.000000	0.000000	0.000000	0.000000	0.000000	0.000000	0.000000	17.593857	0.000000	0.000000	0.000000
1764624661.214363813	0.000000	0.000000	-0.007979	0.000000	0.000000	0.000000	0.000000	0.000000	0.160123	0.000000	0.000000	0.000000	0.000000	0.000000	0.000000	0.000000	0.000000	0.000000	0.000000	0.000000	17.593857	0.000000	0.000000	0.000000
1764624661.214390993	0.000000	0.000000	0.016606	0.000000	0.000000	0.000000	0.000000	0.000000	0.160123	0.000000	0.000000	0.000000	0.000000	0.000000	0.000000	0.000000	0.000000	0.000000	0.000000	0.000000	17.593857	0.000000	0.000000	0.000000
1764624661.218587399	0.000000	0.000000	0.028339	0.000000	0.000000	0.000000	0.000000	0.000000	0.160123	0.000000	0.000000	0.000000	0.000000	0.000000	0.000000	0.000000	0.000000	0.000000	0.000000	0.000000	17.593857	0.000000	0.000000	0.000000
1764624661.229660749	0.000000	0.000000	-0.002111	0.000000	0.000000	0.000000	0.000000	0.000000	0.160123	0.000000	0.000000	0.000000	0.000000	0.000000	0.000000	0.000000	0.000000	0.000000	0.000000	0.000000	17.593857	0.000000	0.000000	0.000000
1764624661.247713804	0.000000	0.000000	0.041170	0.000000	0.000000	0.000000	0.000000	0.000000	0.160123	0.000000	0.000000	0.000000	0.000000	0.000000	0.000000	0.000000	0.000000	0.000000	0.000000	0.000000	17.593857	0.000000	0.000000	0.000000
1764624661.250142574	0.000000	0.000000	-0.028346	0.000000	0.000000	0.000000	0.000000	0.000000	0.160123	0.000000	0.000000	0.000000	0.000000	0.000000	0.000000	0.000000	0.000000	0.000000	0.000000	0.000000	17.593857	0.000000	0.000000	0.000000
1764624661.258445263	0.000000	0.000000	0.014176	0.000000	0.000000	0.000000	0.000000	0.000000	0.160123	0.000000	0.000000	0.000000	0.000000	0.000000	0.000000	0.000000	0.000000	0.000000	0.000000	0.000000	17.593857	0.000000	0.000000	0.000000
1764624661.268929720	0.000000	0.000000	-0.002430	0.000000	0.000000	0.000000	0.000000	0.000000	0.160123	0.000000	0.000000	0.000000	0.000000	0.000000	0.000000	0.000000	0.000000	0.000000	0.000000	0.000000	17.593857	0.000000	0.000000	0.000000
1764624661.280353546	0.000000	0.000000	-0.005178	0.000000	0.000000	0.000000	0.000000	0.000000	0.160123	0.000000	0.000000	0.000000	0.000000	0.000000	0.000000	0.000000	0.000000	0.000000	0.000000	0.000000	17.593857	0.000000	0.000000	0.000000
1764624661.297991514	0.000000	0.000000	0.006219	0.000000	0.000000	0.000000	0.000000	0.000000	0.160123	0.000000	0.000000	0.000000	0.000000	0.000000	0.000000	0.000000	0.000000	0.000000	0.000000	0.000000	17.593857	0.000000	0.000000	0.000000
1764624661.299931526	0.000000	0.000000	-0.021356	0.000000	0.000000	0.000000	0.000000	0.000000	0.160123	0.000000	0.000000	0.000000	0.000000	0.000000	0.000000	0.000000	0.000000	0.000000	0.000000	0.000000	17.593857	0.000000	0.000000	0.000000
1764624661.309049368	0.000000	0.000000	0.005881	0.000000	0.000000	0.000000	0.000000	0.000000	0.160123	0.000000	0.000000	0.000000	0.000000	0.000000	0.000000	0.000000	0.000000	0.000000	0.000000	0.000000	17.593857	0.000000	0.000000	0.000000
1764624661.328531504	0.000000	0.000000	0.003747	0.000000	0.000000	0.000000	0.000000	0.000000	0.160123	0.000000	0.000000	0.000000	0.000000	0.000000	0.000000	0.000000	0.000000	0.000000	0.000000	0.000000	17.593857	0.000000	0.000000	0.000000
1764624661.339195728	0.000000	0.000000	-0.059424	0.000000	0.000000	0.000000	0.000000	0.000000	0.160123	0.000000	0.000000	0.000000	0.000000	0.000000	0.000000	0.000000	0.000000	0.000000	0.000000	0.000000	17.593857	0.000000	0.000000	0.000000
1764624661.339208364	0.000000	0.000000	0.039747	0.000000	0.000000	0.000000	0.000000	0.000000	0.160123	0.000000	0.000000	0.000000	0.000000	0.000000	0.000000	0.000000	0.000000	0.000000	0.000000	0.000000	17.593857	0.000000	0.000000	0.000000
1764624661.348047495	0.000000	0.000000	0.010003	0.000000	0.000000	0.000000	0.000000	0.000000	0.160123	0.000000	0.000000	0.000000	0.000000	0.000000	0.000000	0.000000	0.000000	0.000000	0.000000	0.000000	17.593857	0.000000	0.000000	0.000000
1764624661.368228674	0.000000	0.000000	-0.032827	0.000000	0.000000	0.000000	0.000000	0.000000	0.160123	0.000000	0.000000	0.000000	0.000000	0.000000	0.000000	0.000000	0.000000	0.000000	0.000000	0.000000	17.593857	0.000000	0.000000	0.000000
1764624661.368254662	0.000000	0.000000	0.008603	0.000000	0.000000	0.000000	0.000000	0.000000	0.160123	0.000000	0.000000	0.000000	0.000000	0.000000	0.000000	0.000000	0.000000	0.000000	0.000000	0.000000	17.593857	0.000000	0.000000	0.000000
1764624661.378855705	0.000000	0.000000	-0.014104	0.000000	0.000000	0.000000	0.000000	0.000000	0.160123	0.000000	0.000000	0.000000	0.000000	0.000000	0.000000	0.000000	0.000000	0.000000	0.000000	0.000000	17.593857	0.000000	0.000000	0.000000
1764624661.389355659	0.000000	0.000000	0.031094	0.000000	0.000000	0.000000	0.000000	0.000000	0.160123	0.000000	0.000000	0.000000	0.000000	0.000000	0.000000	0.000000	0.000000	0.000000	0.000000	0.000000	17.593857	0.000000	0.000000	0.000000
1764624661.408234596	0.000000	0.000000	-0.026267	0.000000	0.000000	0.000000	0.000000	0.000000	0.160123	0.000000	0.000000	0.000000	0.000000	0.000000	0.000000	0.000000	0.000000	0.000000	0.000000	0.000000	17.593857	0.000000	0.000000	0.000000
1764624661.408245325	0.000000	0.000000	-0.002403	0.000000	0.000000	0.000000	0.000000	0.000000	0.160123	0.000000	0.000000	0.000000	0.000000	0.000000	0.000000	0.000000	0.000000	0.000000	0.000000	0.000000	17.593857	0.000000	0.000000	0.000000
1764624661.419597387	0.000000	0.000000	0.006967	0.000000	0.000000	0.000000	0.000000	0.000000	0.160123	0.000000	0.000000	0.000000	0.000000	0.000000	0.000000	0.000000	0.000000	0.000000	0.000000	0.000000	17.593857	0.000000	0.000000	0.000000
1764624661.428849936	0.000000	0.000000	0.005161	0.000000	0.000000	0.000000	0.000000	0.000000	0.160123	0.000000	0.000000	0.000000	0.000000	0.000000	0.000000	0.000000	0.000000	0.000000	0.000000	0.000000	17.593857	0.000000	0.000000	0.000000
1764624661.440243006	0.000000	0.000000	-0.041044	0.000000	0.000000	0.000000	0.000000	0.000000	0.160123	0.000000	0.000000	0.000000	0.000000	0.000000	0.000000	0.000000	0.000000	0.000000	0.000000	0.000000	17.593857	0.000000	0.000000	0.000000
1764624661.457698345	0.000000	0.000000	0.051472	0.000000	0.000000	0.000000	0.000000	0.000000	0.160123	0.000000	0.000000	0.000000	0.000000	0.000000	0.000000	0.000000	0.000000	0.000000	0.000000	0.000000	17.593857	0.000000	0.000000	0.000000
1764624661.457714081	0.000000	0.000000	-0.020387	0.000000	0.000000	0.000000	0.000000	0.000000	0.160123	0.000000	0.000000	0.000000	0.000000	0.000000	0.000000	0.000000	0.000000	0.000000	0.000000	0.000000	17.593857	0.000000	0.000000	0.000000
1764624661.468905210	0.000000	0.000000	0.010016	0.000000	0.000000	0.000000	0.000000	0.000000	0.177008	0.000000	0.000000	0.000000	0.000000	0.000000	0.000000	0.000000	0.000000	0.000000	0.000000	0.000000	17.593857	0.000000	0.000000	0.000000
1764624661.479098082	0.000000	0.000000	0.005543	0.000000	0.000000	0.000000	0.000000	0.000000	0.177008	0.000000	0.000000	0.000000	0.000000	0.000000	0.000000	0.000000	0.000000	0.000000	0.000000	0.000000	17.593857	0.000000	0.000000	0.000000
1764624661.489754200	0.000000	0.000000	0.001419	0.000000	0.000000	0.000000	0.000000	0.000000	0.177008	0.000000	0.000000	0.000000	0.000000	0.000000	0.000000	0.000000	0.000000	0.000000	0.000000	0.000000	17.593857	0.000000	0.000000	0.000000
1764624661.497816086	0.000000	0.000000	-0.025151	0.000000	0.000000	0.000000	0.000000	0.000000	0.177008	0.000000	0.000000	0.000000	0.000000	0.000000	0.000000	0.000000	0.000000	0.000000	0.000000	0.000000	17.593857	0.000000	0.000000	0.000000
1764624661.509474039	0.000000	0.000000	0.009296	0.000000	0.000000	0.000000	0.000000	0.000000	0.177008	0.000000	0.000000	0.000000	0.000000	0.000000	0.000000	0.000000	0.000000	0.000000	0.000000	0.000000	17.593857	0.000000	0.000000	0.000000
1764624661.519465208	0.000000	0.000000	-0.029748	0.000000	0.000000	0.000000	0.000000	0.000000	0.177008	0.000000	0.000000	0.000000	0.000000	0.000000	0.000000	0.000000	0.000000	0.000000	0.000000	0.000000	17.593857	0.000000	0.000000	0.000000
1764624661.534651279	0.000000	0.000000	0.042940	0.000000	0.000000	0.000000	0.000000	0.000000	0.177008	0.000000	0.000000	0.000000	0.000000	0.000000	0.000000	0.000000	0.000000	0.000000	0.000000	0.000000	17.593857	0.000000	0.000000	0.000000
1764624661.538574934	0.000000	0.000000	0.022815	0.000000	0.000000	0.000000	0.000000	0.000000	0.177008	0.000000	0.000000	0.000000	0.000000	0.000000	0.000000	0.000000	0.000000	0.000000	0.000000	0.000000	17.593857	0.000000	0.000000	0.000000
1764624661.549809456	0.000000	0.000000	-0.003127	0.000000	0.000000	0.000000	0.000000	0.000000	0.177008	0.000000	0.000000	0.000000	0.000000	0.000000	0.000000	0.000000	0.000000	0.000000	0.000000	0.000000	17.593857	0.000000	0.000000	0.000000
1764624661.558712006	0.000000	0.000000	0.010716	0.000000	0.000000	0.000000	0.000000	0.000000	0.177008	0.000000	0.000000	0.000000	0.000000	0.000000	0.000000	0.000000	0.000000	0.000000	0.000000	0.000000	17.593857	0.000000	0.000000	0.000000
1764624661.570481777	0.000000	0.000000	-0.019714	0.000000	0.000000	0.000000	0.000000	0.000000	0.177008	0.000000	0.000000	0.000000	0.000000	0.000000	0.000000	0.000000	0.000000	0.000000	0.000000	0.000000	17.593857	0.000000	0.000000	0.000000
1764624661.585488558	0.000000	0.000000	-0.006117	0.000000	0.000000	0.000000	0.000000	0.000000	0.177008	0.000000	0.000000	0.000000	0.000000	0.000000	0.000000	0.000000	0.000000	0.000000	0.000000	0.000000	17.593857	0.000000	0.000000	0.000000
1764624661.588537455	0.000000	0.000000	0.017314	0.000000	0.000000	0.000000	0.000000	0.000000	0.177008	0.000000	0.000000	0.000000	0.000000	0.000000	0.000000	0.000000	0.000000	0.000000	0.000000	0.000000	17.593857	0.000000	0.000000	0.000000
1764624661.598953009	0.000000	0.000000	-0.022095	0.000000	0.000000	0.000000	0.000000	0.000000	0.177008	0.000000	0.000000	0.000000	0.000000	0.000000	0.000000	0.000000	0.000000	0.000000	0.000000	0.000000	17.593857	0.000000	0.000000	0.000000
1764624661.611685753	0.000000	0.000000	-0.007938	0.000000	0.000000	0.000000	0.000000	0.000000	0.177008	0.000000	0.000000	0.000000	0.000000	0.000000	0.000000	0.000000	0.000000	0.000000	0.000000	0.000000	17.593857	0.000000	0.000000	0.000000
1764624661.618625641	0.000000	0.000000	-0.010935	0.000000	0.000000	0.000000	0.000000	0.000000	0.177008	0.000000	0.000000	0.000000	0.000000	0.000000	0.000000	0.000000	0.000000	0.000000	0.000000	0.000000	17.593857	0.000000	0.000000	0.000000
1764624661.629773855	0.000000	0.000000	0.002810	0.000000	0.000000	0.000000	0.000000	0.000000	0.177008	0.000000	0.000000	0.000000	0.000000	0.000000	0.000000	0.000000	0.000000	0.000000	0.000000	0.000000	17.593857	0.000000	0.000000	0.000000
1764624661.638653040	0.000000	0.000000	-0.018575	0.000000	0.000000	0.000000	0.000000	0.000000	0.177008	0.000000	0.000000	0.000000	0.000000	0.000000	0.000000	0.000000	0.000000	0.000000	0.000000	0.000000	17.593857	0.000000	0.000000	0.000000
1764624661.649643660	0.000000	0.000000	0.045665	0.000000	0.000000	0.000000	0.000000	0.000000	0.177008	0.000000	0.000000	0.000000	0.000000	0.000000	0.000000	0.000000	0.000000	0.000000	0.000000	0.000000	17.593857	0.000000	0.000000	0.000000
1764624661.663834572	0.000000	0.000000	-0.010320	0.000000	0.000000	0.000000	0.000000	0.000000	0.177008	0.000000	0.000000	0.000000	0.000000	0.000000	0.000000	0.000000	0.000000	0.000000	0.000000	0.000000	17.593857	0.000000	0.000000	0.000000
1764624661.669511318	0.000000	0.000000	-0.018596	0.000000	0.000000	0.000000	0.000000	0.000000	0.177008	0.000000	0.000000	0.000000	0.000000	0.000000	0.000000	0.000000	0.000000	0.000000	0.000000	0.000000	17.593857	0.000000	0.000000	0.000000
1764624661.678977489	0.000000	0.000000	-0.010336	0.000000	0.000000	0.000000	0.000000	0.000000	0.177008	0.000000	0.000000	0.000000	0.000000	0.000000	0.000000	0.000000	0.000000	0.000000	0.000000	0.000000	17.593857	0.000000	0.000000	0.000000
1764624661.690576077	0.000000	0.000000	0.018081	0.000000	0.000000	0.000000	0.000000	0.000000	0.177008	0.000000	0.000000	0.000000	0.000000	0.000000	0.000000	0.000000	0.000000	0.000000	0.000000	0.000000	17.593857	0.000000	0.000000	0.000000
1764624661.700027704	0.000000	0.000000	-0.017276	0.000000	0.000000	0.000000	0.000000	0.000000	0.177008	0.000000	0.000000	0.000000	0.000000	0.000000	0.000000	0.000000	0.000000	0.000000	0.000000	0.000000	17.593857	0.000000	0.000000	0.000000
1764624661.709314585	0.000000	0.000000	0.002848	0.000000	0.000000	0.000000	0.000000	0.000000	0.168678	0.000000	0.000000	0.000000	0.000000	0.000000	0.000000	0.000000	0.000000	0.000000	0.000000	0.000000	17.593857	0.000000	0.000000	0.000000
1764624661.720804691	0.000000	0.000000	-0.037597	0.000000	0.000000	0.000000	0.000000	0.000000	0.168678	0.000000	0.000000	0.000000	0.000000	0.000000	0.000000	0.000000	0.000000	0.000000	0.000000	0.000000	0.000000	0.000000	0.000000	0.000000
1764624661.737895012	0.000000	0.000000	0.035018	0.000000	0.000000	0.000000	0.000000	0.000000	0.168678	0.000000	0.000000	0.000000	0.000000	0.000000	0.000000	0.000000	0.000000	0.000000	0.000000	0.000000	0.000000	0.000000	0.000000	0.000000
1764624661.739525318	0.000000	0.000000	-0.027222	0.000000	0.000000	0.000000	0.000000	0.000000	0.168678	0.000000	0.000000	0.000000	0.000000	0.000000	0.000000	0.000000	0.000000	0.000000	0.000000	0.000000	0.000000	0.000000	0.000000	0.000000
1764624661.748392820	0.000000	0.000000	0.010856	0.000000	0.000000	0.000000	0.000000	0.000000	0.168678	0.000000	0.000000	0.000000	0.000000	0.000000	0.000000	0.000000	0.000000	0.000000	0.000000	0.000000	0.000000	0.000000	0.000000	0.000000
1764624661.768625736	0.000000	0.000000	-0.025192	0.000000	0.000000	0.000000	0.000000	0.000000	0.168678	0.000000	0.000000	0.000000	0.000000	0.000000	0.000000	0.000000	0.000000	0.000000	0.000000	0.000000	0.000000	0.000000	0.000000	0.000000
1764624661.770455360	0.000000	0.000000	-0.040256	0.000000	0.000000	0.000000	0.000000	0.000000	0.168678	0.000000	0.000000	0.000000	0.000000	0.000000	0.000000	0.000000	0.000000	0.000000	0.000000	0.000000	0.000000	0.000000	0.000000	0.000000
1764624661.778981209	0.000000	0.000000	-0.120418	0.000000	0.000000	0.000000	0.000000	0.000000	0.168678	0.000000	0.000000	0.000000	0.000000	0.000000	0.000000	0.000000	0.000000	0.000000	0.000000	0.000000	0.000000	0.000000	0.000000	0.000000
1764624661.788272381	0.000000	0.000000	-0.188411	0.000000	0.000000	0.000000	0.000000	0.000000	0.168678	0.000000	0.000000	0.000000	0.000000	0.000000	0.000000	0.000000	0.000000	0.000000	0.000000	0.000000	0.000000	0.000000	0.000000	0.000000
1764624661.808438778	0.000000	0.000000	-0.259286	0.000000	0.000000	0.000000	0.000000	0.000000	0.168678	0.000000	0.000000	0.000000	0.000000	0.000000	0.000000	0.000000	0.000000	0.000000	0.000000	0.000000	0.000000	0.000000	0.000000	0.000000
1764624661.808451653	0.000000	0.000000	-0.319309	0.000000	0.000000	0.000000	0.000000	0.000000	0.168678	0.000000	0.000000	0.000000	0.000000	0.000000	0.000000	0.000000	0.000000	0.000000	0.000000	0.000000	0.000000	0.000000	0.000000	0.000000
1764624661.819125175	0.000000	0.000000	-0.314204	0.000000	0.000000	0.000000	0.000000	0.000000	0.168678	0.000000	0.000000	0.000000	0.000000	0.000000	0.000000	0.000000	0.000000	0.000000	0.000000	0.000000	0.000000	0.000000	0.000000	0.000000
1764624661.829658985	0.000000	0.000000	-0.345521	0.000000	0.000000	0.000000	0.000000	0.000000	0.168678	0.000000	0.000000	0.000000	0.000000	0.000000	0.000000	0.000000	0.000000	0.000000	0.000000	0.000000	0.000000	0.000000	0.000000	0.000000
1764624661.838480473	0.000000	0.000000	-0.332453	0.000000	0.000000	0.000000	0.000000	0.000000	0.168678	0.000000	0.000000	0.000000	0.000000	0.000000	0.000000	0.000000	0.000000	0.000000	0.000000	0.000000	0.000000	0.000000	0.000000	0.000000
1764624661.848773241	0.000000	0.000000	-0.329941	0.000000	0.000000	0.000000	0.000000	0.000000	0.168678	0.000000	0.000000	0.000000	0.000000	0.000000	0.000000	0.000000	0.000000	0.000000	0.000000	0.000000	0.000000	0.000000	0.000000	0.000000
1764624661.859516621	0.000000	0.000000	-0.372195	0.000000	0.000000	0.000000	0.000000	0.000000	0.168678	0.000000	0.000000	0.000000	0.000000	0.000000	0.000000	0.000000	0.000000	0.000000	0.000000	0.000000	0.000000	0.000000	0.000000	0.000000
1764624661.868504763	0.000000	0.000000	-0.330574	0.000000	0.000000	0.000000	0.000000	0.000000	0.168678	0.000000	0.000000	0.000000	0.000000	0.000000	0.000000	0.000000	0.000000	0.000000	0.000000	0.000000	0.000000	0.000000	0.000000	0.000000
1764624661.879211426	0.000000	0.000000	-0.416687	0.000000	0.000000	0.000000	0.000000	0.000000	0.168678	0.000000	0.000000	0.000000	0.000000	0.000000	0.000000	0.000000	0.000000	0.000000	0.000000	0.000000	0.000000	0.000000	0.000000	0.000000
1764624661.891797304	0.000000	0.000000	-0.311672	0.000000	0.000000	0.000000	0.000000	0.000000	0.168678	0.000000	0.000000	0.000000	0.000000	0.000000	0.000000	0.000000	0.000000	0.000000	0.000000	0.000000	0.000000	0.000000	0.000000	0.000000
1764624661.898607731	0.000000	0.000000	-0.279871	0.000000	0.000000	0.000000	0.000000	0.000000	0.168678	0.000000	0.000000	0.000000	0.000000	0.000000	0.000000	0.000000	0.000000	0.000000	0.000000	0.000000	0.000000	0.000000	0.000000	0.000000
1764624661.908644676	0.000000	0.000000	-0.311565	0.000000	0.000000	0.000000	0.000000	0.000000	0.168678	0.000000	0.000000	0.000000	0.000000	0.000000	0.000000	0.000000	0.000000	0.000000	0.000000	0.000000	0.000000	0.000000	0.000000	0.000000
1764624661.918672085	0.000000	0.000000	-0.291236	0.000000	0.000000	0.000000	0.000000	0.000000	0.168678	0.000000	0.000000	0.000000	0.000000	0.000000	0.000000	0.000000	0.000000	0.000000	0.000000	0.000000	0.000000	0.000000	0.000000	0.000000
1764624661.931109190	0.000000	0.000000	-0.279826	0.000000	0.000000	0.000000	0.000000	0.000000	0.168678	0.000000	0.000000	0.000000	0.000000	0.000000	0.000000	0.000000	0.000000	0.000000	0.000000	0.000000	0.000000	0.000000	0.000000	0.000000
1764624661.938528061	0.000000	0.000000	-0.237660	0.000000	0.000000	0.000000	0.000000	0.000000	0.168678	0.000000	0.000000	0.000000	0.000000	0.000000	0.000000	0.000000	0.000000	0.000000	0.000000	0.000000	0.000000	0.000000	0.000000	0.000000
1764624661.948580027	0.000000	0.000000	-0.242523	0.000000	0.000000	0.000000	0.000000	0.000000	0.168678	0.000000	0.000000	0.000000	0.000000	0.000000	0.000000	0.000000	0.000000	0.000000	0.000000	0.000000	0.000000	0.000000	0.000000	0.000000
1764624661.958273649	0.000000	0.000000	-0.236276	0.000000	0.000000	0.000000	0.000000	0.000000	0.116470	0.000000	0.000000	0.000000	0.000000	0.000000	0.000000	0.000000	0.000000	0.000000	0.000000	0.000000	0.000000	0.000000	0.000000	0.000000
1764624661.969417095	0.000000	0.000000	-0.223163	0.000000	0.000000	0.000000	0.000000	0.000000	0.116470	0.000000	0.000000	0.000000	0.000000	0.000000	0.000000	0.000000	0.000000	0.000000	0.000000	0.000000	0.000000	0.000000	0.000000	0.000000
1764624661.982708931	0.000000	0.000000	-0.199957	0.000000	0.000000	0.000000	0.000000	0.000000	0.116470	0.000000	0.000000	0.000000	0.000000	0.000000	0.000000	0.000000	0.000000	0.000000	0.000000	0.000000	0.000000	0.000000	0.000000	0.000000
1764624661.988524675	0.000000	0.000000	-0.196528	0.000000	0.000000	0.000000	0.000000	0.000000	0.116470	0.000000	0.000000	0.000000	0.000000	0.000000	0.000000	0.000000	0.000000	0.000000	0.000000	0.000000	0.000000	0.000000	0.000000	0.000000
1764624661.998419523	0.000000	0.000000	-0.193078	0.000000	0.000000	0.000000	0.000000	0.000000	0.116470	0.000000	0.000000	0.000000	0.000000	0.000000	0.000000	0.000000	0.000000	0.000000	0.000000	0.000000	0.000000	0.000000	0.000000	0.000000
1764624662.009526491	0.000000	0.000000	-0.185450	0.000000	0.000000	0.000000	0.000000	0.000000	0.116470	0.000000	0.000000	0.000000	0.000000	0.000000	0.000000	0.000000	0.000000	0.000000	0.000000	0.000000	0.000000	0.000000	0.000000	0.000000
1764624662.021107674	0.000000	0.000000	-0.183760	0.000000	0.000000	0.000000	0.000000	0.000000	0.116470	0.000000	0.000000	0.000000	0.000000	0.000000	0.000000	0.000000	0.000000	0.000000	0.000000	0.000000	0.000000	0.000000	0.000000	0.000000
1764624662.031232834	0.000000	0.000000	-0.169236	0.000000	0.000000	0.000000	0.000000	0.000000	0.116470	0.000000	0.000000	0.000000	0.000000	0.000000	0.000000	0.000000	0.000000	0.000000	0.000000	0.000000	0.000000	0.000000	0.000000	0.000000
1764624662.041626692	0.000000	0.000000	-0.155386	0.000000	0.000000	0.000000	0.000000	0.000000	0.116470	0.000000	0.000000	0.000000	0.000000	0.000000	0.000000	0.000000	0.000000	0.000000	0.000000	0.000000	0.000000	0.000000	0.000000	0.000000
1764624662.048789978	0.000000	0.000000	-0.163958	0.000000	0.000000	0.000000	0.000000	0.000000	0.116470	0.000000	0.000000	0.000000	0.000000	0.000000	0.000000	0.000000	0.000000	0.000000	0.000000	0.000000	0.000000	0.000000	0.000000	0.000000
1764624662.067883968	0.000000	0.000000	-0.165713	0.000000	0.000000	0.000000	0.000000	0.000000	0.116470	0.000000	0.000000	0.000000	0.000000	0.000000	0.000000	0.000000	0.000000	0.000000	0.000000	0.000000	0.000000	0.000000	0.000000	0.000000
1764624662.067905426	0.000000	0.000000	-0.153655	0.000000	0.000000	0.000000	0.000000	0.000000	0.116470	0.000000	0.000000	0.000000	0.000000	0.000000	0.000000	0.000000	0.000000	0.000000	0.000000	0.000000	0.000000	0.000000	0.000000	0.000000
1764624662.087383986	0.000000	0.000000	-0.159814	0.000000	0.000000	0.000000	0.000000	0.000000	0.116470	0.000000	0.000000	0.000000	0.000000	0.000000	0.000000	0.000000	0.000000	0.000000	0.000000	0.000000	0.000000	0.000000	0.000000	0.000000
1764624662.089132309	0.000000	0.000000	-0.138431	0.000000	0.000000	0.000000	0.000000	0.000000	0.116470	0.000000	0.000000	0.000000	0.000000	0.000000	0.000000	0.000000	0.000000	0.000000	0.000000	0.000000	0.000000	0.000000	0.000000	0.000000
1764624662.097812891	0.000000	0.000000	-0.137721	0.000000	0.000000	0.000000	0.000000	0.000000	0.116470	0.000000	0.000000	0.000000	0.000000	0.000000	0.000000	0.000000	0.000000	0.000000	0.000000	0.000000	0.000000	0.000000	0.000000	0.000000
1764624662.107791901	0.000000	0.000000	-0.136352	0.000000	0.000000	0.000000	0.000000	0.000000	0.116470	0.000000	0.000000	0.000000	0.000000	0.000000	0.000000	0.000000	0.000000	0.000000	0.000000	0.000000	0.000000	0.000000	0.000000	0.000000
1764624662.117529154	0.000000	0.000000	-0.136716	0.000000	0.000000	0.000000	0.000000	0.000000	0.116470	0.000000	0.000000	0.000000	0.000000	0.000000	0.000000	0.000000	0.000000	0.000000	0.000000	0.000000	0.000000	0.000000	0.000000	0.000000
1764624662.129737139	0.000000	0.000000	-0.138041	0.000000	0.000000	0.000000	0.000000	0.000000	0.116470	0.000000	0.000000	0.000000	0.000000	0.000000	0.000000	0.000000	0.000000	0.000000	0.000000	0.000000	0.000000	0.000000	0.000000	0.000000
1764624662.137794018	0.000000	0.000000	-0.143937	0.000000	0.000000	0.000000	0.000000	0.000000	0.116470	0.000000	0.000000	0.000000	0.000000	0.000000	0.000000	0.000000	0.000000	0.000000	0.000000	0.000000	0.000000	0.000000	0.000000	0.000000
1764624662.148491621	0.000000	0.000000	-0.129029	0.000000	0.000000	0.000000	0.000000	0.000000	0.116470	0.000000	0.000000	0.000000	0.000000	0.000000	0.000000	0.000000	0.000000	0.000000	0.000000	0.000000	0.000000	0.000000	0.000000	0.000000
1764624662.157849789	0.000000	0.000000	-0.134200	0.000000	0.000000	0.000000	0.000000	0.000000	0.116470	0.000000	0.000000	0.000000	0.000000	0.000000	0.000000	0.000000	0.000000	0.000000	0.000000	0.000000	0.000000	0.000000	0.000000	0.000000
1764624662.168286324	0.000000	0.000000	-0.141510	0.000000	0.000000	0.000000	0.000000	0.000000	0.116470	0.000000	0.000000	0.000000	0.000000	0.000000	0.000000	0.000000	0.000000	0.000000	0.000000	0.000000	0.000000	0.000000	0.000000	0.000000
1764624662.178068399	0.000000	0.000000	-0.128663	0.000000	0.000000	0.000000	0.000000	0.000000	0.116470	0.000000	0.000000	0.000000	0.000000	0.000000	0.000000	0.000000	0.000000	0.000000	0.000000	0.000000	0.000000	0.000000	0.000000	0.000000
1764624662.186615229	0.000000	0.000000	-0.124196	0.000000	0.000000	0.000000	0.000000	0.000000	0.116470	0.000000	0.000000	0.000000	0.000000	0.000000	0.000000	0.000000	0.000000	0.000000	0.000000	0.000000	0.000000	0.000000	0.000000	0.000000
1764624662.198002815	0.000000	0.000000	-0.113097	0.000000	0.000000	0.000000	0.000000	0.000000	0.116470	0.000000	0.000000	0.000000	0.000000	0.000000	0.000000	0.000000	0.000000	0.000000	0.000000	0.000000	0.000000	0.000000	0.000000	0.000000
1764624662.210554838	0.000000	0.000000	-0.126181	0.000000	0.000000	0.000000	0.000000	0.000000	0.083937	0.000000	0.000000	0.000000	0.000000	0.000000	0.000000	0.000000	0.000000	0.000000	0.000000	0.000000	0.000000	0.000000	0.000000	0.000000
1764624662.218675375	0.000000	0.000000	-0.120732	0.000000	0.000000	0.000000	0.000000	0.000000	0.083937	0.000000	0.000000	0.000000	0.000000	0.000000	0.000000	0.000000	0.000000	0.000000	0.000000	0.000000	0.000000	0.000000	0.000000	0.000000
1764624662.227842569	0.000000	0.000000	-0.113432	0.000000	0.000000	0.000000	0.000000	0.000000	0.083937	0.000000	0.000000	0.000000	0.000000	0.000000	0.000000	0.000000	0.000000	0.000000	0.000000	0.000000	0.000000	0.000000	0.000000	0.000000
1764624662.236930370	0.000000	0.000000	-0.117175	0.000000	0.000000	0.000000	0.000000	0.000000	0.083937	0.000000	0.000000	0.000000	0.000000	0.000000	0.000000	0.000000	0.000000	0.000000	0.000000	0.000000	0.000000	0.000000	0.000000	0.000000
1764624662.252400160	0.000000	0.000000	-0.116898	0.000000	0.000000	0.000000	0.000000	0.000000	0.083937	0.000000	0.000000	0.000000	0.000000	0.000000	0.000000	0.000000	0.000000	0.000000	0.000000	0.000000	0.000000	0.000000	0.000000	0.000000
1764624662.257783413	0.000000	0.000000	-0.115497	0.000000	0.000000	0.000000	0.000000	0.000000	0.083937	0.000000	0.000000	0.000000	0.000000	0.000000	0.000000	0.000000	0.000000	0.000000	0.000000	0.000000	0.000000	0.000000	0.000000	0.000000
1764624662.267642021	0.000000	0.000000	-0.109263	0.000000	0.000000	0.000000	0.000000	0.000000	0.083937	0.000000	0.000000	0.000000	0.000000	0.000000	0.000000	0.000000	0.000000	0.000000	0.000000	0.000000	0.000000	0.000000	0.000000	0.000000
1764624662.278178215	0.000000	0.000000	-0.111370	0.000000	0.000000	0.000000	0.000000	0.000000	0.083937	0.000000	0.000000	0.000000	0.000000	0.000000	0.000000	0.000000	0.000000	0.000000	0.000000	0.000000	0.000000	0.000000	0.000000	0.000000
1764624662.288818359	0.000000	0.000000	-0.108910	0.000000	0.000000	0.000000	0.000000	0.000000	0.083937	0.000000	0.000000	0.000000	0.000000	0.000000	0.000000	0.000000	0.000000	0.000000	0.000000	0.000000	0.000000	0.000000	0.000000	0.000000
1764624662.306930065	0.000000	0.000000	-0.110955	0.000000	0.000000	0.000000	0.000000	0.000000	0.083937	0.000000	0.000000	0.000000	0.000000	0.000000	0.000000	0.000000	0.000000	0.000000	0.000000	0.000000	0.000000	0.000000	0.000000	0.000000
1764624662.306941748	0.000000	0.000000	-0.102616	0.000000	0.000000	0.000000	0.000000	0.000000	0.083937	0.000000	0.000000	0.000000	0.000000	0.000000	0.000000	0.000000	0.000000	0.000000	0.000000	0.000000	0.000000	0.000000	0.000000	0.000000
1764624662.319754601	0.000000	0.000000	-0.102646	0.000000	0.000000	0.000000	0.000000	0.000000	0.083937	0.000000	0.000000	0.000000	0.000000	0.000000	0.000000	0.000000	0.000000	0.000000	0.000000	0.000000	0.000000	0.000000	0.000000	0.000000
1764624662.331144810	0.000000	0.000000	-0.114036	0.000000	0.000000	0.000000	0.000000	0.000000	0.083937	0.000000	0.000000	0.000000	0.000000	0.000000	0.000000	0.000000	0.000000	0.000000	0.000000	0.000000	0.000000	0.000000	0.000000	0.000000
1764624662.349390030	0.000000	0.000000	-0.111929	0.000000	0.000000	0.000000	0.000000	0.000000	0.083937	0.000000	0.000000	0.000000	0.000000	0.000000	0.000000	0.000000	0.000000	0.000000	0.000000	0.000000	0.000000	0.000000	0.000000	0.000000
1764624662.349397421	0.000000	0.000000	-0.103692	0.000000	0.000000	0.000000	0.000000	0.000000	0.083937	0.000000	0.000000	0.000000	0.000000	0.000000	0.000000	0.000000	0.000000	0.000000	0.000000	0.000000	0.000000	0.000000	0.000000	0.000000
1764624662.357914448	0.000000	0.000000	-0.103651	0.000000	0.000000	0.000000	0.000000	0.000000	0.083937	0.000000	0.000000	0.000000	0.000000	0.000000	0.000000	0.000000	0.000000	0.000000	0.000000	0.000000	0.000000	0.000000	0.000000	0.000000
1764624662.377383471	0.000000	0.000000	-0.097040	0.000000	0.000000	0.000000	0.000000	0.000000	0.083937	0.000000	0.000000	0.000000	0.000000	0.000000	0.000000	0.000000	0.000000	0.000000	0.000000	0.000000	0.000000	0.000000	0.000000	0.000000
1764624662.377403736	0.000000	0.000000	-0.100192	0.000000	0.000000	0.000000	0.000000	0.000000	0.083937	0.000000	0.000000	0.000000	0.000000	0.000000	0.000000	0.000000	0.000000	0.000000	0.000000	0.000000	0.000000	0.000000	0.000000	0.000000
1764624662.387088299	0.000000	0.000000	-0.086728	0.000000	0.000000	0.000000	0.000000	0.000000	0.083937	0.000000	0.000000	0.000000	0.000000	0.000000	0.000000	0.000000	0.000000	0.000000	0.000000	0.000000	0.000000	0.000000	0.000000	0.000000
1764624662.397693872	0.000000	0.000000	-0.086025	0.000000	0.000000	0.000000	0.000000	0.000000	0.083937	0.000000	0.000000	0.000000	0.000000	0.000000	0.000000	0.000000	0.000000	0.000000	0.000000	0.000000	0.000000	0.000000	0.000000	0.000000
1764624662.413536072	0.000000	0.000000	-0.084605	0.000000	0.000000	0.000000	0.000000	0.000000	0.083937	0.000000	0.000000	0.000000	0.000000	0.000000	0.000000	0.000000	0.000000	0.000000	0.000000	0.000000	0.000000	0.000000	0.000000	0.000000
1764624662.417785168	0.000000	0.000000	-0.095640	0.000000	0.000000	0.000000	0.000000	0.000000	0.083937	0.000000	0.000000	0.000000	0.000000	0.000000	0.000000	0.000000	0.000000	0.000000	0.000000	0.000000	0.000000	0.000000	0.000000	0.000000
1764624662.428043842	0.000000	0.000000	-0.087768	0.000000	0.000000	0.000000	0.000000	0.000000	0.083937	0.000000	0.000000	0.000000	0.000000	0.000000	0.000000	0.000000	0.000000	0.000000	0.000000	0.000000	0.000000	0.000000	0.000000	0.000000
1764624662.437080860	0.000000	0.000000	-0.090111	0.000000	0.000000	0.000000	0.000000	0.000000	0.083937	0.000000	0.000000	0.000000	0.000000	0.000000	0.000000	0.000000	0.000000	0.000000	0.000000	0.000000	0.000000	0.000000	0.000000	0.000000
1764624662.455375195	0.000000	0.000000	-0.105696	0.000000	0.000000	0.000000	0.000000	0.000000	0.063177	0.000000	0.000000	0.000000	0.000000	0.000000	0.000000	0.000000	0.000000	0.000000	0.000000	0.000000	0.000000	0.000000	0.000000	0.000000
1764624662.457668781	0.000000	0.000000	-0.092179	0.000000	0.000000	0.000000	0.000000	0.000000	0.063177	0.000000	0.000000	0.000000	0.000000	0.000000	0.000000	0.000000	0.000000	0.000000	0.000000	0.000000	0.000000	0.000000	0.000000	0.000000
1764624662.467696428	0.000000	0.000000	-0.079073	0.000000	0.000000	0.000000	0.000000	0.000000	0.063177	0.000000	0.000000	0.000000	0.000000	0.000000	0.000000	0.000000	0.000000	0.000000	0.000000	0.000000	0.000000	0.000000	0.000000	0.000000
1764624662.478015900	0.000000	0.000000	-0.082162	0.000000	0.000000	0.000000	0.000000	0.000000	0.063177	0.000000	0.000000	0.000000	0.000000	0.000000	0.000000	0.000000	0.000000	0.000000	0.000000	0.000000	0.000000	0.000000	0.000000	0.000000
1764624662.488368034	0.000000	0.000000	-0.087655	0.000000	0.000000	0.000000	0.000000	0.000000	0.063177	0.000000	0.000000	0.000000	0.000000	0.000000	0.000000	0.000000	0.000000	0.000000	0.000000	0.000000	0.000000	0.000000	0.000000	0.000000
1764624662.503838301	0.000000	0.000000	-0.089382	0.000000	0.000000	0.000000	0.000000	0.000000	0.063177	0.000000	0.000000	0.000000	0.000000	0.000000	0.000000	0.000000	0.000000	0.000000	0.000000	0.000000	0.000000	0.000000	0.000000	0.000000
1764624662.508029461	0.000000	0.000000	-0.083854	0.000000	0.000000	0.000000	0.000000	0.000000	0.063177	0.000000	0.000000	0.000000	0.000000	0.000000	0.000000	0.000000	0.000000	0.000000	0.000000	0.000000	0.000000	0.000000	0.000000	0.000000
1764624662.518228769	0.000000	0.000000	-0.084247	0.000000	0.000000	0.000000	0.000000	0.000000	0.063177	0.000000	0.000000	0.000000	0.000000	0.000000	0.000000	0.000000	0.000000	0.000000	0.000000	0.000000	0.000000	0.000000	0.000000	0.000000
1764624662.529781580	0.000000	0.000000	-0.086628	0.000000	0.000000	0.000000	0.000000	0.000000	0.063177	0.000000	0.000000	0.000000	0.000000	0.000000	0.000000	0.000000	0.000000	0.000000	0.000000	0.000000	0.000000	0.000000	0.000000	0.000000
1764624662.536789656	0.000000	0.000000	-0.071414	0.000000	0.000000	0.000000	0.000000	0.000000	0.063177	0.000000	0.000000	0.000000	0.000000	0.000000	0.000000	0.000000	0.000000	0.000000	0.000000	0.000000	0.000000	0.000000	0.000000	0.000000
1764624662.548128366	0.000000	0.000000	-0.076986	0.000000	0.000000	0.000000	0.000000	0.000000	0.063177	0.000000	0.000000	0.000000	0.000000	0.000000	0.000000	0.000000	0.000000	0.000000	0.000000	0.000000	0.000000	0.000000	0.000000	0.000000
1764624662.558047295	0.000000	0.000000	-0.080813	0.000000	0.000000	0.000000	0.000000	0.000000	0.063177	0.000000	0.000000	0.000000	0.000000	0.000000	0.000000	0.000000	0.000000	0.000000	0.000000	0.000000	0.000000	0.000000	0.000000	0.000000
1764624662.574927807	0.000000	0.000000	-0.078968	0.000000	0.000000	0.000000	0.000000	0.000000	0.063177	0.000000	0.000000	0.000000	0.000000	0.000000	0.000000	0.000000	0.000000	0.000000	0.000000	0.000000	0.000000	0.000000	0.000000	0.000000
1764624662.577760458	0.000000	0.000000	-0.079035	0.000000	0.000000	0.000000	0.000000	0.000000	0.063177	0.000000	0.000000	0.000000	0.000000	0.000000	0.000000	0.000000	0.000000	0.000000	0.000000	0.000000	0.000000	0.000000	0.000000	0.000000
1764624662.587514400	0.000000	0.000000	-0.077985	0.000000	0.000000	0.000000	0.000000	0.000000	0.063177	0.000000	0.000000	0.000000	0.000000	0.000000	0.000000	0.000000	0.000000	0.000000	0.000000	0.000000	0.000000	0.000000	0.000000	0.000000
1764624662.598098755	0.000000	0.000000	-0.077992	0.000000	0.000000	0.000000	0.000000	0.000000	0.063177	0.000000	0.000000	0.000000	0.000000	0.000000	0.000000	0.000000	0.000000	0.000000	0.000000	0.000000	0.000000	0.000000	0.000000	0.000000
1764624662.608423233	0.000000	0.000000	-0.059637	0.000000	0.000000	0.000000	0.000000	0.000000	0.063177	0.000000	0.000000	0.000000	0.000000	0.000000	0.000000	0.000000	0.000000	0.000000	0.000000	0.000000	0.000000	0.000000	0.000000	0.000000
1764624662.623349190	0.000000	0.000000	-0.076220	0.000000	0.000000	0.000000	0.000000	0.000000	0.063177	0.000000	0.000000	0.000000	0.000000	0.000000	0.000000	0.000000	0.000000	0.000000	0.000000	0.000000	0.000000	0.000000	0.000000	0.000000
1764624662.627840281	0.000000	0.000000	-0.072414	0.000000	0.000000	0.000000	0.000000	0.000000	0.063177	0.000000	0.000000	0.000000	0.000000	0.000000	0.000000	0.000000	0.000000	0.000000	0.000000	0.000000	0.000000	0.000000	0.000000	0.000000
1764624662.637898922	0.000000	0.000000	-0.075595	0.000000	0.000000	0.000000	0.000000	0.000000	0.063177	0.000000	0.000000	0.000000	0.000000	0.000000	0.000000	0.000000	0.000000	0.000000	0.000000	0.000000	0.000000	0.000000	0.000000	0.000000
1764624662.647875547	0.000000	0.000000	-0.069308	0.000000	0.000000	0.000000	0.000000	0.000000	0.063177	0.000000	0.000000	0.000000	0.000000	0.000000	0.000000	0.000000	0.000000	0.000000	0.000000	0.000000	0.000000	0.000000	0.000000	0.000000
1764624662.662765026	0.000000	0.000000	-0.076641	0.000000	0.000000	0.000000	0.000000	0.000000	0.063177	0.000000	0.000000	0.000000	0.000000	0.000000	0.000000	0.000000	0.000000	0.000000	0.000000	0.000000	0.000000	0.000000	0.000000	0.000000
1764624662.667769909	0.000000	0.000000	-0.078712	0.000000	0.000000	0.000000	0.000000	0.000000	0.063177	0.000000	0.000000	0.000000	0.000000	0.000000	0.000000	0.000000	0.000000	0.000000	0.000000	0.000000	0.000000	0.000000	0.000000	0.000000
1764624662.678067684	0.000000	0.000000	-0.067284	0.000000	0.000000	0.000000	0.000000	0.000000	0.063177	0.000000	0.000000	0.000000	0.000000	0.000000	0.000000	0.000000	0.000000	0.000000	0.000000	0.000000	0.000000	0.000000	0.000000	0.000000
1764624662.688585281	0.000000	0.000000	-0.063382	0.000000	0.000000	0.000000	0.000000	0.000000	0.063177	0.000000	0.000000	0.000000	0.000000	0.000000	0.000000	0.000000	0.000000	0.000000	0.000000	0.000000	0.000000	0.000000	0.000000	0.000000
1764624662.698147535	0.000000	0.000000	-0.068292	0.000000	0.000000	0.000000	0.000000	0.000000	0.063177	0.000000	0.000000	0.000000	0.000000	0.000000	0.000000	0.000000	0.000000	0.000000	0.000000	0.000000	0.000000	0.000000	0.000000	0.000000
1764624662.707972288	0.000000	0.000000	-0.063808	0.000000	0.000000	0.000000	0.000000	0.000000	0.044906	0.000000	0.000000	0.000000	0.000000	0.000000	0.000000	0.000000	0.000000	0.000000	0.000000	0.000000	0.000000	0.000000	0.000000	0.000000
1764624662.717814445	0.000000	0.000000	-0.062774	0.000000	0.000000	0.000000	0.000000	0.000000	0.044906	0.000000	0.000000	0.000000	0.000000	0.000000	0.000000	0.000000	0.000000	0.000000	0.000000	0.000000	0.000000	0.000000	0.000000	0.000000
1764624662.728274584	0.000000	0.000000	-0.066241	0.000000	0.000000	0.000000	0.000000	0.000000	0.044906	0.000000	0.000000	0.000000	0.000000	0.000000	0.000000	0.000000	0.000000	0.000000	0.000000	0.000000	0.000000	0.000000	0.000000	0.000000
1764624662.751025677	0.000000	0.000000	-0.064198	0.000000	0.000000	0.000000	0.000000	0.000000	0.044906	0.000000	0.000000	0.000000	0.000000	0.000000	0.000000	0.000000	0.000000	0.000000	0.000000	0.000000	0.000000	0.000000	0.000000	0.000000
1764624662.751042843	0.000000	0.000000	-0.066918	0.000000	0.000000	0.000000	0.000000	0.000000	0.044906	0.000000	0.000000	0.000000	0.000000	0.000000	0.000000	0.000000	0.000000	0.000000	0.000000	0.000000	0.000000	0.000000	0.000000	0.000000
1764624662.757599354	0.000000	0.000000	-0.059348	0.000000	0.000000	0.000000	0.000000	0.000000	0.044906	0.000000	0.000000	0.000000	0.000000	0.000000	0.000000	0.000000	0.000000	0.000000	0.000000	0.000000	0.000000	0.000000	0.000000	0.000000
1764624662.772919178	0.000000	0.000000	-0.049671	0.000000	0.000000	0.000000	0.000000	0.000000	0.044906	0.000000	0.000000	0.000000	0.000000	0.000000	0.000000	0.000000	0.000000	0.000000	0.000000	0.000000	0.000000	0.000000	0.000000	0.000000
1764624662.778492928	0.000000	0.000000	-0.056239	0.000000	0.000000	0.000000	0.000000	0.000000	0.044906	0.000000	0.000000	0.000000	0.000000	0.000000	0.000000	0.000000	0.000000	0.000000	0.000000	0.000000	0.000000	0.000000	0.000000	0.000000
1764624662.787629604	0.000000	0.000000	-0.057618	0.000000	0.000000	0.000000	0.000000	0.000000	0.044906	0.000000	0.000000	0.000000	0.000000	0.000000	0.000000	0.000000	0.000000	0.000000	0.000000	0.000000	0.000000	0.000000	0.000000	0.000000
1764624662.807903767	0.000000	0.000000	-0.067299	0.000000	0.000000	0.000000	0.000000	0.000000	0.044906	0.000000	0.000000	0.000000	0.000000	0.000000	0.000000	0.000000	0.000000	0.000000	0.000000	0.000000	0.000000	0.000000	0.000000	0.000000
1764624662.807914019	0.000000	0.000000	-0.068645	0.000000	0.000000	0.000000	0.000000	0.000000	0.044906	0.000000	0.000000	0.000000	0.000000	0.000000	0.000000	0.000000	0.000000	0.000000	0.000000	0.000000	0.000000	0.000000	0.000000	0.000000
1764624662.818297148	0.000000	0.000000	-0.057657	0.000000	0.000000	0.000000	0.000000	0.000000	0.044906	0.000000	0.000000	0.000000	0.000000	0.000000	0.000000	0.000000	0.000000	0.000000	0.000000	0.000000	0.000000	0.000000	0.000000	0.000000
1764624662.829361439	0.000000	0.000000	-0.055582	0.000000	0.000000	0.000000	0.000000	0.000000	0.044906	0.000000	0.000000	0.000000	0.000000	0.000000	0.000000	0.000000	0.000000	0.000000	0.000000	0.000000	0.000000	0.000000	0.000000	0.000000
1764624662.838106155	0.000000	0.000000	-0.053433	0.000000	0.000000	0.000000	0.000000	0.000000	0.044906	0.000000	0.000000	0.000000	0.000000	0.000000	0.000000	0.000000	0.000000	0.000000	0.000000	0.000000	0.000000	0.000000	0.000000	0.000000
1764624662.850805521	0.000000	0.000000	-0.048317	0.000000	0.000000	0.000000	0.000000	0.000000	0.044906	0.000000	0.000000	0.000000	0.000000	0.000000	0.000000	0.000000	0.000000	0.000000	0.000000	0.000000	0.000000	0.000000	0.000000	0.000000
1764624662.864034653	0.000000	0.000000	-0.052100	0.000000	0.000000	0.000000	0.000000	0.000000	0.044906	0.000000	0.000000	0.000000	0.000000	0.000000	0.000000	0.000000	0.000000	0.000000	0.000000	0.000000	0.000000	0.000000	0.000000	0.000000
1764624662.868264675	0.000000	0.000000	-0.052450	0.000000	0.000000	0.000000	0.000000	0.000000	0.044906	0.000000	0.000000	0.000000	0.000000	0.000000	0.000000	0.000000	0.000000	0.000000	0.000000	0.000000	0.000000	0.000000	0.000000	0.000000
1764624662.878809452	0.000000	0.000000	-0.054945	0.000000	0.000000	0.000000	0.000000	0.000000	0.044906	0.000000	0.000000	0.000000	0.000000	0.000000	0.000000	0.000000	0.000000	0.000000	0.000000	0.000000	0.000000	0.000000	0.000000	0.000000
1764624662.889074802	0.000000	0.000000	-0.046915	0.000000	0.000000	0.000000	0.000000	0.000000	0.044906	0.000000	0.000000	0.000000	0.000000	0.000000	0.000000	0.000000	0.000000	0.000000	0.000000	0.000000	0.000000	0.000000	0.000000	0.000000
1764624662.898815393	0.000000	0.000000	-0.049330	0.000000	0.000000	0.000000	0.000000	0.000000	0.044906	0.000000	0.000000	0.000000	0.000000	0.000000	0.000000	0.000000	0.000000	0.000000	0.000000	0.000000	0.000000	0.000000	0.000000	0.000000
1764624662.909002304	0.000000	0.000000	-0.037235	0.000000	0.000000	0.000000	0.000000	0.000000	0.044906	0.000000	0.000000	0.000000	0.000000	0.000000	0.000000	0.000000	0.000000	0.000000	0.000000	0.000000	0.000000	0.000000	0.000000	0.000000
1764624662.918651342	0.000000	0.000000	-0.050792	0.000000	0.000000	0.000000	0.000000	0.000000	0.044906	0.000000	0.000000	0.000000	0.000000	0.000000	0.000000	0.000000	0.000000	0.000000	0.000000	0.000000	0.000000	0.000000	0.000000	0.000000
1764624662.935885191	0.000000	0.000000	-0.061152	0.000000	0.000000	0.000000	0.000000	0.000000	0.044906	0.000000	0.000000	0.000000	0.000000	0.000000	0.000000	0.000000	0.000000	0.000000	0.000000	0.000000	0.000000	0.000000	0.000000	0.000000
1764624662.938185215	0.000000	0.000000	-0.049788	0.000000	0.000000	0.000000	0.000000	0.000000	0.044906	0.000000	0.000000	0.000000	0.000000	0.000000	0.000000	0.000000	0.000000	0.000000	0.000000	0.000000	0.000000	0.000000	0.000000	0.000000
1764624662.948654652	0.000000	0.000000	-0.047707	0.000000	0.000000	0.000000	0.000000	0.000000	0.044906	0.000000	0.000000	0.000000	0.000000	0.000000	0.000000	0.000000	0.000000	0.000000	0.000000	0.000000	0.000000	0.000000	0.000000	0.000000
1764624662.958127975	0.000000	0.000000	-0.045923	0.000000	0.000000	0.000000	0.000000	0.000000	0.030948	0.000000	0.000000	0.000000	0.000000	0.000000	0.000000	0.000000	0.000000	0.000000	0.000000	0.000000	0.000000	0.000000	0.000000	0.000000
1764624662.969257832	0.000000	0.000000	-0.039458	0.000000	0.000000	0.000000	0.000000	0.000000	0.030948	0.000000	0.000000	0.000000	0.000000	0.000000	0.000000	0.000000	0.000000	0.000000	0.000000	0.000000	0.000000	0.000000	0.000000	0.000000
1764624662.988189220	0.000000	0.000000	-0.056643	0.000000	0.000000	0.000000	0.000000	0.000000	0.030948	0.000000	0.000000	0.000000	0.000000	0.000000	0.000000	0.000000	0.000000	0.000000	0.000000	0.000000	0.000000	0.000000	0.000000	0.000000
1764624662.989567757	0.000000	0.000000	-0.047677	0.000000	0.000000	0.000000	0.000000	0.000000	0.030948	0.000000	0.000000	0.000000	0.000000	0.000000	0.000000	0.000000	0.000000	0.000000	0.000000	0.000000	0.000000	0.000000	0.000000	0.000000
1764624662.998343468	0.000000	0.000000	-0.040452	0.000000	0.000000	0.000000	0.000000	0.000000	0.030948	0.000000	0.000000	0.000000	0.000000	0.000000	0.000000	0.000000	0.000000	0.000000	0.000000	0.000000	0.000000	0.000000	0.000000	0.000000
1764624663.021798849	0.000000	0.000000	-0.041456	0.000000	0.000000	0.000000	0.000000	0.000000	0.030948	0.000000	0.000000	0.000000	0.000000	0.000000	0.000000	0.000000	0.000000	0.000000	0.000000	0.000000	0.000000	0.000000	0.000000	0.000000
1764624663.021814346	0.000000	0.000000	-0.036662	0.000000	0.000000	0.000000	0.000000	0.000000	0.030948	0.000000	0.000000	0.000000	0.000000	0.000000	0.000000	0.000000	0.000000	0.000000	0.000000	0.000000	0.000000	0.000000	0.000000	0.000000
1764624663.028778791	0.000000	0.000000	-0.037710	0.000000	0.000000	0.000000	0.000000	0.000000	0.030948	0.000000	0.000000	0.000000	0.000000	0.000000	0.000000	0.000000	0.000000	0.000000	0.000000	0.000000	0.000000	0.000000	0.000000	0.000000
1764624663.038689852	0.000000	0.000000	-0.038097	0.000000	0.000000	0.000000	0.000000	0.000000	0.030948	0.000000	0.000000	0.000000	0.000000	0.000000	0.000000	0.000000	0.000000	0.000000	0.000000	0.000000	0.000000	0.000000	0.000000	0.000000
1764624663.055145502	0.000000	0.000000	-0.050903	0.000000	0.000000	0.000000	0.000000	0.000000	0.030948	0.000000	0.000000	0.000000	0.000000	0.000000	0.000000	0.000000	0.000000	0.000000	0.000000	0.000000	0.000000	0.000000	0.000000	0.000000
1764624663.057992220	0.000000	0.000000	-0.019749	0.000000	0.000000	0.000000	0.000000	0.000000	0.030948	0.000000	0.000000	0.000000	0.000000	0.000000	0.000000	0.000000	0.000000	0.000000	0.000000	0.000000	0.000000	0.000000	0.000000	0.000000
1764624663.068970442	0.000000	0.000000	-0.039108	0.000000	0.000000	0.000000	0.000000	0.000000	0.030948	0.000000	0.000000	0.000000	0.000000	0.000000	0.000000	0.000000	0.000000	0.000000	0.000000	0.000000	0.000000	0.000000	0.000000	0.000000
1764624663.080406904	0.000000	0.000000	-0.035056	0.000000	0.000000	0.000000	0.000000	0.000000	0.030948	0.000000	0.000000	0.000000	0.000000	0.000000	0.000000	0.000000	0.000000	0.000000	0.000000	0.000000	0.000000	0.000000	0.000000	0.000000
1764624663.097627401	0.000000	0.000000	-0.047099	0.000000	0.000000	0.000000	0.000000	0.000000	0.030948	0.000000	0.000000	0.000000	0.000000	0.000000	0.000000	0.000000	0.000000	0.000000	0.000000	0.000000	0.000000	0.000000	0.000000	0.000000
1764624663.099286079	0.000000	0.000000	-0.033998	0.000000	0.000000	0.000000	0.000000	0.000000	0.030948	0.000000	0.000000	0.000000	0.000000	0.000000	0.000000	0.000000	0.000000	0.000000	0.000000	0.000000	0.000000	0.000000	0.000000	0.000000
1764624663.108847618	0.000000	0.000000	-0.045065	0.000000	0.000000	0.000000	0.000000	0.000000	0.030948	0.000000	0.000000	0.000000	0.000000	0.000000	0.000000	0.000000	0.000000	0.000000	0.000000	0.000000	0.000000	0.000000	0.000000	0.000000
1764624663.118895054	0.000000	0.000000	-0.038435	0.000000	0.000000	0.000000	0.000000	0.000000	0.030948	0.000000	0.000000	0.000000	0.000000	0.000000	0.000000	0.000000	0.000000	0.000000	0.000000	0.000000	0.000000	0.000000	0.000000	0.000000
1764624663.136440516	0.000000	0.000000	-0.035385	0.000000	0.000000	0.000000	0.000000	0.000000	0.030948	0.000000	0.000000	0.000000	0.000000	0.000000	0.000000	0.000000	0.000000	0.000000	0.000000	0.000000	0.000000	0.000000	0.000000	0.000000
1764624663.138326883	0.000000	0.000000	-0.035356	0.000000	0.000000	0.000000	0.000000	0.000000	0.030948	0.000000	0.000000	0.000000	0.000000	0.000000	0.000000	0.000000	0.000000	0.000000	0.000000	0.000000	0.000000	0.000000	0.000000	0.000000
1764624663.148293972	0.000000	0.000000	-0.028185	0.000000	0.000000	0.000000	0.000000	0.000000	0.030948	0.000000	0.000000	0.000000	0.000000	0.000000	0.000000	0.000000	0.000000	0.000000	0.000000	0.000000	0.000000	0.000000	0.000000	0.000000
1764624663.158650398	0.000000	0.000000	-0.029225	0.000000	0.000000	0.000000	0.000000	0.000000	0.030948	0.000000	0.000000	0.000000	0.000000	0.000000	0.000000	0.000000	0.000000	0.000000	0.000000	0.000000	0.000000	0.000000	0.000000	0.000000
1764624663.169559002	0.000000	0.000000	-0.037871	0.000000	0.000000	0.000000	0.000000	0.000000	0.030948	0.000000	0.000000	0.000000	0.000000	0.000000	0.000000	0.000000	0.000000	0.000000	0.000000	0.000000	0.000000	0.000000	0.000000	0.000000
1764624663.185375929	0.000000	0.000000	-0.031989	0.000000	0.000000	0.000000	0.000000	0.000000	0.030948	0.000000	0.000000	0.000000	0.000000	0.000000	0.000000	0.000000	0.000000	0.000000	0.000000	0.000000	0.000000	0.000000	0.000000	0.000000
1764624663.189086914	0.000000	0.000000	-0.028799	0.000000	0.000000	0.000000	0.000000	0.000000	0.030948	0.000000	0.000000	0.000000	0.000000	0.000000	0.000000	0.000000	0.000000	0.000000	0.000000	0.000000	0.000000	0.000000	0.000000	0.000000
1764624663.198307991	0.000000	0.000000	-0.028615	0.000000	0.000000	0.000000	0.000000	0.000000	0.030948	0.000000	0.000000	0.000000	0.000000	0.000000	0.000000	0.000000	0.000000	0.000000	0.000000	0.000000	0.000000	0.000000	0.000000	0.000000
1764624663.214744091	0.000000	0.000000	-0.027484	0.000000	0.000000	0.000000	0.000000	0.000000	0.016092	0.000000	0.000000	0.000000	0.000000	0.000000	0.000000	0.000000	0.000000	0.000000	0.000000	0.000000	0.000000	0.000000	0.000000	0.000000
1764624663.218486547	0.000000	0.000000	-0.027185	0.000000	0.000000	0.000000	0.000000	0.000000	0.016092	0.000000	0.000000	0.000000	0.000000	0.000000	0.000000	0.000000	0.000000	0.000000	0.000000	0.000000	0.000000	0.000000	0.000000	0.000000
1764624663.228604794	0.000000	0.000000	-0.041768	0.000000	0.000000	0.000000	0.000000	0.000000	0.016092	0.000000	0.000000	0.000000	0.000000	0.000000	0.000000	0.000000	0.000000	0.000000	0.000000	0.000000	0.000000	0.000000	0.000000	0.000000
1764624663.238916636	0.000000	0.000000	-0.040320	0.000000	0.000000	0.000000	0.000000	0.000000	0.016092	0.000000	0.000000	0.000000	0.000000	0.000000	0.000000	0.000000	0.000000	0.000000	0.000000	0.000000	0.000000	0.000000	0.000000	0.000000
1764624663.254811525	0.000000	0.000000	-0.030310	0.000000	0.000000	0.000000	0.000000	0.000000	0.016092	0.000000	0.000000	0.000000	0.000000	0.000000	0.000000	0.000000	0.000000	0.000000	0.000000	0.000000	0.000000	0.000000	0.000000	0.000000
1764624663.258250952	0.000000	0.000000	-0.024172	0.000000	0.000000	0.000000	0.000000	0.000000	0.016092	0.000000	0.000000	0.000000	0.000000	0.000000	0.000000	0.000000	0.000000	0.000000	0.000000	0.000000	0.000000	0.000000	0.000000	0.000000
1764624663.269115210	0.000000	0.000000	-0.034154	0.000000	0.000000	0.000000	0.000000	0.000000	0.016092	0.000000	0.000000	0.000000	0.000000	0.000000	0.000000	0.000000	0.000000	0.000000	0.000000	0.000000	0.000000	0.000000	0.000000	0.000000
1764624663.279008389	0.000000	0.000000	-0.030050	0.000000	0.000000	0.000000	0.000000	0.000000	0.016092	0.000000	0.000000	0.000000	0.000000	0.000000	0.000000	0.000000	0.000000	0.000000	0.000000	0.000000	0.000000	0.000000	0.000000	0.000000
1764624663.297971964	0.000000	0.000000	-0.024814	0.000000	0.000000	0.000000	0.000000	0.000000	0.016092	0.000000	0.000000	0.000000	0.000000	0.000000	0.000000	0.000000	0.000000	0.000000	0.000000	0.000000	0.000000	0.000000	0.000000	0.000000
1764624663.299543381	0.000000	0.000000	-0.020378	0.000000	0.000000	0.000000	0.000000	0.000000	0.016092	0.000000	0.000000	0.000000	0.000000	0.000000	0.000000	0.000000	0.000000	0.000000	0.000000	0.000000	0.000000	0.000000	0.000000	0.000000
1764624663.308979511	0.000000	0.000000	-0.033856	0.000000	0.000000	0.000000	0.000000	0.000000	0.016092	0.000000	0.000000	0.000000	0.000000	0.000000	0.000000	0.000000	0.000000	0.000000	0.000000	0.000000	0.000000	0.000000	0.000000	0.000000
1764624663.318849087	0.000000	0.000000	-0.027668	0.000000	0.000000	0.000000	0.000000	0.000000	0.016092	0.000000	0.000000	0.000000	0.000000	0.000000	0.000000	0.000000	0.000000	0.000000	0.000000	0.000000	0.000000	0.000000	0.000000	0.000000
1764624663.343348742	0.000000	0.000000	-0.025615	0.000000	0.000000	0.000000	0.000000	0.000000	0.016092	0.000000	0.000000	0.000000	0.000000	0.000000	0.000000	0.000000	0.000000	0.000000	0.000000	0.000000	0.000000	0.000000	0.000000	0.000000
1764624663.347077847	0.000000	0.000000	-0.024259	0.000000	0.000000	0.000000	0.000000	0.000000	0.016092	0.000000	0.000000	0.000000	0.000000	0.000000	0.000000	0.000000	0.000000	0.000000	0.000000	0.000000	0.000000	0.000000	0.000000	0.000000
1764624663.348053932	0.000000	0.000000	-0.022171	0.000000	0.000000	0.000000	0.000000	0.000000	0.016092	0.000000	0.000000	0.000000	0.000000	0.000000	0.000000	0.000000	0.000000	0.000000	0.000000	0.000000	0.000000	0.000000	0.000000	0.000000
1764624663.358704805	0.000000	0.000000	-0.033966	0.000000	0.000000	0.000000	0.000000	0.000000	0.016092	0.000000	0.000000	0.000000	0.000000	0.000000	0.000000	0.000000	0.000000	0.000000	0.000000	0.000000	0.000000	0.000000	0.000000	0.000000
1764624663.383275747	0.000000	0.000000	-0.019744	0.000000	0.000000	0.000000	0.000000	0.000000	0.016092	0.000000	0.000000	0.000000	0.000000	0.000000	0.000000	0.000000	0.000000	0.000000	0.000000	0.000000	0.000000	0.000000	0.000000	0.000000
1764624663.383288383	0.000000	0.000000	-0.013855	0.000000	0.000000	0.000000	0.000000	0.000000	0.016092	0.000000	0.000000	0.000000	0.000000	0.000000	0.000000	0.000000	0.000000	0.000000	0.000000	0.000000	0.000000	0.000000	0.000000	0.000000
1764624663.388096571	0.000000	0.000000	-0.029444	0.000000	0.000000	0.000000	0.000000	0.000000	0.016092	0.000000	0.000000	0.000000	0.000000	0.000000	0.000000	0.000000	0.000000	0.000000	0.000000	0.000000	0.000000	0.000000	0.000000	0.000000
1764624663.398491144	0.000000	0.000000	-0.023896	0.000000	0.000000	0.000000	0.000000	0.000000	0.016092	0.000000	0.000000	0.000000	0.000000	0.000000	0.000000	0.000000	0.000000	0.000000	0.000000	0.000000	0.000000	0.000000	0.000000	0.000000
1764624663.415095806	0.000000	0.000000	-0.011870	0.000000	0.000000	0.000000	0.000000	0.000000	0.016092	0.000000	0.000000	0.000000	0.000000	0.000000	0.000000	0.000000	0.000000	0.000000	0.000000	0.000000	0.000000	0.000000	0.000000	0.000000
1764624663.418407202	0.000000	0.000000	-0.031201	0.000000	0.000000	0.000000	0.000000	0.000000	0.016092	0.000000	0.000000	0.000000	0.000000	0.000000	0.000000	0.000000	0.000000	0.000000	0.000000	0.000000	0.000000	0.000000	0.000000	0.000000
1764624663.428872108	0.000000	0.000000	-0.025364	0.000000	0.000000	0.000000	0.000000	0.000000	0.016092	0.000000	0.000000	0.000000	0.000000	0.000000	0.000000	0.000000	0.000000	0.000000	0.000000	0.000000	0.000000	0.000000	0.000000	0.000000
1764624663.438880682	0.000000	0.000000	-0.025708	0.000000	0.000000	0.000000	0.000000	0.000000	0.016092	0.000000	0.000000	0.000000	0.000000	0.000000	0.000000	0.000000	0.000000	0.000000	0.000000	0.000000	0.000000	0.000000	0.000000	0.000000
1764624663.448176384	0.000000	0.000000	-0.023637	0.000000	0.000000	0.000000	0.000000	0.000000	0.016092	0.000000	0.000000	0.000000	0.000000	0.000000	0.000000	0.000000	0.000000	0.000000	0.000000	0.000000	0.000000	0.000000	0.000000	0.000000
1764624663.469589472	0.000000	0.000000	-0.033266	0.000000	0.000000	0.000000	0.000000	0.000000	0.006761	0.000000	0.000000	0.000000	0.000000	0.000000	0.000000	0.000000	0.000000	0.000000	0.000000	0.000000	0.000000	0.000000	0.000000	0.000000
1764624663.469607830	0.000000	0.000000	-0.021926	0.000000	0.000000	0.000000	0.000000	0.000000	0.006761	0.000000	0.000000	0.000000	0.000000	0.000000	0.000000	0.000000	0.000000	0.000000	0.000000	0.000000	0.000000	0.000000	0.000000	0.000000
1764624663.478164434	0.000000	0.000000	-0.028859	0.000000	0.000000	0.000000	0.000000	0.000000	0.006761	0.000000	0.000000	0.000000	0.000000	0.000000	0.000000	0.000000	0.000000	0.000000	0.000000	0.000000	0.000000	0.000000	0.000000	0.000000
1764624663.495136976	0.000000	0.000000	-0.024045	0.000000	0.000000	0.000000	0.000000	0.000000	0.006761	0.000000	0.000000	0.000000	0.000000	0.000000	0.000000	0.000000	0.000000	0.000000	0.000000	0.000000	0.000000	0.000000	0.000000	0.000000
1764624663.498265028	0.000000	0.000000	-0.027786	0.000000	0.000000	0.000000	0.000000	0.000000	0.006761	0.000000	0.000000	0.000000	0.000000	0.000000	0.000000	0.000000	0.000000	0.000000	0.000000	0.000000	0.000000	0.000000	0.000000	0.000000
1764624663.507686138	0.000000	0.000000	-0.019549	0.000000	0.000000	0.000000	0.000000	0.000000	0.006761	0.000000	0.000000	0.000000	0.000000	0.000000	0.000000	0.000000	0.000000	0.000000	0.000000	0.000000	0.000000	0.000000	0.000000	0.000000
1764624663.519154787	0.000000	0.000000	-0.019565	0.000000	0.000000	0.000000	0.000000	0.000000	0.006761	0.000000	0.000000	0.000000	0.000000	0.000000	0.000000	0.000000	0.000000	0.000000	0.000000	0.000000	0.000000	0.000000	0.000000	0.000000
1764624663.528813601	0.000000	0.000000	-0.018154	0.000000	0.000000	0.000000	0.000000	0.000000	0.006761	0.000000	0.000000	0.000000	0.000000	0.000000	0.000000	0.000000	0.000000	0.000000	0.000000	0.000000	0.000000	0.000000	0.000000	0.000000
1764624663.547877073	0.000000	0.000000	-0.023039	0.000000	0.000000	0.000000	0.000000	0.000000	0.006761	0.000000	0.000000	0.000000	0.000000	0.000000	0.000000	0.000000	0.000000	0.000000	0.000000	0.000000	0.000000	0.000000	0.000000	0.000000
1764624663.547888041	0.000000	0.000000	-0.024388	0.000000	0.000000	0.000000	0.000000	0.000000	0.006761	0.000000	0.000000	0.000000	0.000000	0.000000	0.000000	0.000000	0.000000	0.000000	0.000000	0.000000	0.000000	0.000000	0.000000	0.000000
1764624663.558319330	0.000000	0.000000	-0.018434	0.000000	0.000000	0.000000	0.000000	0.000000	0.006761	0.000000	0.000000	0.000000	0.000000	0.000000	0.000000	0.000000	0.000000	0.000000	0.000000	0.000000	0.000000	0.000000	0.000000	0.000000
1764624663.578106165	0.000000	0.000000	-0.021635	0.000000	0.000000	0.000000	0.000000	0.000000	0.006761	0.000000	0.000000	0.000000	0.000000	0.000000	0.000000	0.000000	0.000000	0.000000	0.000000	0.000000	0.000000	0.000000	0.000000	0.000000
1764624663.587487936	0.000000	0.000000	-0.031024	0.000000	0.000000	0.000000	0.000000	0.000000	0.006761	0.000000	0.000000	0.000000	0.000000	0.000000	0.000000	0.000000	0.000000	0.000000	0.000000	0.000000	0.000000	0.000000	0.000000	0.000000
1764624663.587496281	0.000000	0.000000	-0.020244	0.000000	0.000000	0.000000	0.000000	0.000000	0.006761	0.000000	0.000000	0.000000	0.000000	0.000000	0.000000	0.000000	0.000000	0.000000	0.000000	0.000000	0.000000	0.000000	0.000000	0.000000
1764624663.602496862	0.000000	0.000000	-0.022033	0.000000	0.000000	0.000000	0.000000	0.000000	0.006761	0.000000	0.000000	0.000000	0.000000	0.000000	0.000000	0.000000	0.000000	0.000000	0.000000	0.000000	0.000000	0.000000	0.000000	0.000000
1764624663.613236666	0.000000	0.000000	-0.022712	0.000000	0.000000	0.000000	0.000000	0.000000	0.006761	0.000000	0.000000	0.000000	0.000000	0.000000	0.000000	0.000000	0.000000	0.000000	0.000000	0.000000	0.000000	0.000000	0.000000	0.000000
1764624663.619427204	0.000000	0.000000	-0.022026	0.000000	0.000000	0.000000	0.000000	0.000000	0.006761	0.000000	0.000000	0.000000	0.000000	0.000000	0.000000	0.000000	0.000000	0.000000	0.000000	0.000000	0.000000	0.000000	0.000000	0.000000
1764624663.628939867	0.000000	0.000000	-0.020254	0.000000	0.000000	0.000000	0.000000	0.000000	0.006761	0.000000	0.000000	0.000000	0.000000	0.000000	0.000000	0.000000	0.000000	0.000000	0.000000	0.000000	0.000000	0.000000	0.000000	0.000000
1764624663.639625311	0.000000	0.000000	-0.011648	0.000000	0.000000	0.000000	0.000000	0.000000	0.006761	0.000000	0.000000	0.000000	0.000000	0.000000	0.000000	0.000000	0.000000	0.000000	0.000000	0.000000	0.000000	0.000000	0.000000	0.000000
1764624663.652108192	0.000000	0.000000	-0.028231	0.000000	0.000000	0.000000	0.000000	0.000000	0.006761	0.000000	0.000000	0.000000	0.000000	0.000000	0.000000	0.000000	0.000000	0.000000	0.000000	0.000000	0.000000	0.000000	0.000000	0.000000
1764624663.658526659	0.000000	0.000000	-0.029741	0.000000	0.000000	0.000000	0.000000	0.000000	0.006761	0.000000	0.000000	0.000000	0.000000	0.000000	0.000000	0.000000	0.000000	0.000000	0.000000	0.000000	0.000000	0.000000	0.000000	0.000000
1764624663.669016361	0.000000	0.000000	-0.021057	0.000000	0.000000	0.000000	0.000000	0.000000	0.006761	0.000000	0.000000	0.000000	0.000000	0.000000	0.000000	0.000000	0.000000	0.000000	0.000000	0.000000	0.000000	0.000000	0.000000	0.000000
1764624663.678342581	0.000000	0.000000	-0.042174	0.000000	0.000000	0.000000	0.000000	0.000000	0.006761	0.000000	0.000000	0.000000	0.000000	0.000000	0.000000	0.000000	0.000000	0.000000	0.000000	0.000000	0.000000	0.000000	0.000000	0.000000
1764624663.690542221	0.000000	0.000000	-0.035517	0.000000	0.000000	0.000000	0.000000	0.000000	0.006761	0.000000	0.000000	0.000000	0.000000	0.000000	0.000000	0.000000	0.000000	0.000000	0.000000	0.000000	0.000000	0.000000	0.000000	0.000000
1764624663.714357853	0.000000	0.000000	-0.014497	0.000000	0.000000	0.000000	0.000000	0.000000	-0.001668	0.000000	0.000000	0.000000	0.000000	0.000000	0.000000	0.000000	0.000000	0.000000	0.000000	0.000000	0.000000	0.000000	0.000000	0.000000
1764624663.716106176	0.000000	0.000000	-0.010631	0.000000	0.000000	0.000000	0.000000	0.000000	-0.001668	0.000000	0.000000	0.000000	0.000000	0.000000	0.000000	0.000000	0.000000	0.000000	0.000000	0.000000	0.000000	0.000000	0.000000	0.000000
1764624663.718172789	0.000000	0.000000	-0.022367	0.000000	0.000000	0.000000	0.000000	0.000000	-0.001668	0.000000	0.000000	0.000000	0.000000	0.000000	0.000000	0.000000	0.000000	0.000000	0.000000	0.000000	0.000000	0.000000	0.000000	0.000000
1764624663.733315706	0.000000	0.000000	-0.019249	0.000000	0.000000	0.000000	0.000000	0.000000	-0.001668	0.000000	0.000000	0.000000	0.000000	0.000000	0.000000	0.000000	0.000000	0.000000	0.000000	0.000000	0.000000	0.000000	0.000000	0.000000
1764624663.738225937	0.000000	0.000000	-0.025872	0.000000	0.000000	0.000000	0.000000	0.000000	-0.001668	0.000000	0.000000	0.000000	0.000000	0.000000	0.000000	0.000000	0.000000	0.000000	0.000000	0.000000	0.000000	0.000000	0.000000	0.000000
1764624663.748356581	0.000000	0.000000	-0.028272	0.000000	0.000000	0.000000	0.000000	0.000000	-0.001668	0.000000	0.000000	0.000000	0.000000	0.000000	0.000000	0.000000	0.000000	0.000000	0.000000	0.000000	0.000000	0.000000	0.000000	0.000000
1764624663.758277655	0.000000	0.000000	-0.023538	0.000000	0.000000	0.000000	0.000000	0.000000	-0.001668	0.000000	0.000000	0.000000	0.000000	0.000000	0.000000	0.000000	0.000000	0.000000	0.000000	0.000000	0.000000	0.000000	0.000000	0.000000
1764624663.769644737	0.000000	0.000000	-0.034995	0.000000	0.000000	0.000000	0.000000	0.000000	-0.001668	0.000000	0.000000	0.000000	0.000000	0.000000	0.000000	0.000000	0.000000	0.000000	0.000000	0.000000	0.000000	0.000000	0.000000	0.000000
1764624663.787893295	0.000000	0.000000	-0.029375	0.000000	0.000000	0.000000	0.000000	0.000000	-0.001668	0.000000	0.000000	0.000000	0.000000	0.000000	0.000000	0.000000	0.000000	0.000000	0.000000	0.000000	0.000000	0.000000	0.000000	0.000000
1764624663.787907600	0.000000	0.000000	-0.024862	0.000000	0.000000	0.000000	0.000000	0.000000	-0.001668	0.000000	0.000000	0.000000	0.000000	0.000000	0.000000	0.000000	0.000000	0.000000	0.000000	0.000000	0.000000	0.000000	0.000000	0.000000
1764624663.798588276	0.000000	0.000000	-0.031746	0.000000	0.000000	0.000000	0.000000	0.000000	-0.001668	0.000000	0.000000	0.000000	0.000000	0.000000	0.000000	0.000000	0.000000	0.000000	0.000000	0.000000	0.000000	0.000000	0.000000	0.000000
1764624663.822190762	0.000000	0.000000	-0.028643	0.000000	0.000000	0.000000	0.000000	0.000000	-0.001668	0.000000	0.000000	0.000000	0.000000	0.000000	0.000000	0.000000	0.000000	0.000000	0.000000	0.000000	0.000000	0.000000	0.000000	0.000000
1764624663.823892117	0.000000	0.000000	-0.030446	0.000000	0.000000	0.000000	0.000000	0.000000	-0.001668	0.000000	0.000000	0.000000	0.000000	0.000000	0.000000	0.000000	0.000000	0.000000	0.000000	0.000000	0.000000	0.000000	0.000000	0.000000
1764624663.828793287	0.000000	0.000000	-0.025936	0.000000	0.000000	0.000000	0.000000	0.000000	-0.001668	0.000000	0.000000	0.000000	0.000000	0.000000	0.000000	0.000000	0.000000	0.000000	0.000000	0.000000	0.000000	0.000000	0.000000	0.000000
1764624663.838647127	0.000000	0.000000	-0.025153	0.000000	0.000000	0.000000	0.000000	0.000000	-0.001668	0.000000	0.000000	0.000000	0.000000	0.000000	0.000000	0.000000	0.000000	0.000000	0.000000	0.000000	0.000000	0.000000	0.000000	0.000000
1764624663.857444286	0.000000	0.000000	-0.029703	0.000000	0.000000	0.000000	0.000000	0.000000	-0.001668	0.000000	0.000000	0.000000	0.000000	0.000000	0.000000	0.000000	0.000000	0.000000	0.000000	0.000000	0.000000	0.000000	0.000000	0.000000
1764624663.857451677	0.000000	0.000000	-0.017302	0.000000	0.000000	0.000000	0.000000	0.000000	-0.001668	0.000000	0.000000	0.000000	0.000000	0.000000	0.000000	0.000000	0.000000	0.000000	0.000000	0.000000	0.000000	0.000000	0.000000	0.000000
1764624663.868686676	0.000000	0.000000	-0.030352	0.000000	0.000000	0.000000	0.000000	0.000000	-0.001668	0.000000	0.000000	0.000000	0.000000	0.000000	0.000000	0.000000	0.000000	0.000000	0.000000	0.000000	0.000000	0.000000	0.000000	0.000000
1764624663.878533602	0.000000	0.000000	-0.038385	0.000000	0.000000	0.000000	0.000000	0.000000	-0.001668	0.000000	0.000000	0.000000	0.000000	0.000000	0.000000	0.000000	0.000000	0.000000	0.000000	0.000000	0.000000	0.000000	0.000000	0.000000
1764624663.894253731	0.000000	0.000000	-0.029318	0.000000	0.000000	0.000000	0.000000	0.000000	-0.001668	0.000000	0.000000	0.000000	0.000000	0.000000	0.000000	0.000000	0.000000	0.000000	0.000000	0.000000	0.000000	0.000000	0.000000	0.000000
1764624663.898323059	0.000000	0.000000	-0.028019	0.000000	0.000000	0.000000	0.000000	0.000000	-0.001668	0.000000	0.000000	0.000000	0.000000	0.000000	0.000000	0.000000	0.000000	0.000000	0.000000	0.000000	0.000000	0.000000	0.000000	0.000000
1764624663.908638239	0.000000	0.000000	-0.032891	0.000000	0.000000	0.000000	0.000000	0.000000	-0.001668	0.000000	0.000000	0.000000	0.000000	0.000000	0.000000	0.000000	0.000000	0.000000	0.000000	0.000000	0.000000	0.000000	0.000000	0.000000
1764624663.918796539	0.000000	0.000000	-0.028047	0.000000	0.000000	0.000000	0.000000	0.000000	-0.001668	0.000000	0.000000	0.000000	0.000000	0.000000	0.000000	0.000000	0.000000	0.000000	0.000000	0.000000	0.000000	0.000000	0.000000	0.000000
1764624663.929456472	0.000000	0.000000	-0.025979	0.000000	0.000000	0.000000	0.000000	0.000000	-0.001668	0.000000	0.000000	0.000000	0.000000	0.000000	0.000000	0.000000	0.000000	0.000000	0.000000	0.000000	0.000000	0.000000	0.000000	0.000000
1764624663.947877169	0.000000	0.000000	-0.029737	0.000000	0.000000	0.000000	0.000000	0.000000	-0.001668	0.000000	0.000000	0.000000	0.000000	0.000000	0.000000	0.000000	0.000000	0.000000	0.000000	0.000000	0.000000	0.000000	0.000000	0.000000
1764624663.949801683	0.000000	0.000000	-0.023875	0.000000	0.000000	0.000000	0.000000	0.000000	-0.001668	0.000000	0.000000	0.000000	0.000000	0.000000	0.000000	0.000000	0.000000	0.000000	0.000000	0.000000	0.000000	0.000000	0.000000	0.000000
1764624663.958330154	0.000000	0.000000	-0.022582	0.000000	0.000000	0.000000	0.000000	0.000000	-0.011452	0.000000	0.000000	0.000000	0.000000	0.000000	0.000000	0.000000	0.000000	0.000000	0.000000	0.000000	0.000000	0.000000	0.000000	0.000000
1764624663.969016075	0.000000	0.000000	-0.028024	0.000000	0.000000	0.000000	0.000000	0.000000	-0.011452	0.000000	0.000000	0.000000	0.000000	0.000000	0.000000	0.000000	0.000000	0.000000	0.000000	0.000000	0.000000	0.000000	0.000000	0.000000
1764624663.988209009	0.000000	0.000000	-0.023136	0.000000	0.000000	0.000000	0.000000	0.000000	-0.011452	0.000000	0.000000	0.000000	0.000000	0.000000	0.000000	0.000000	0.000000	0.000000	0.000000	0.000000	0.000000	0.000000	0.000000	0.000000
1764624663.990413666	0.000000	0.000000	-0.021427	0.000000	0.000000	0.000000	0.000000	0.000000	-0.011452	0.000000	0.000000	0.000000	0.000000	0.000000	0.000000	0.000000	0.000000	0.000000	0.000000	0.000000	0.000000	0.000000	0.000000	0.000000
1764624663.999004841	0.000000	0.000000	-0.035237	0.000000	0.000000	0.000000	0.000000	0.000000	-0.011452	0.000000	0.000000	0.000000	0.000000	0.000000	0.000000	0.000000	0.000000	0.000000	0.000000	0.000000	0.000000	0.000000	0.000000	0.000000
1764624664.023212671	0.000000	0.000000	-0.041550	0.000000	0.000000	0.000000	0.000000	0.000000	-0.011452	0.000000	0.000000	0.000000	0.000000	0.000000	0.000000	0.000000	0.000000	0.000000	0.000000	0.000000	0.000000	0.000000	0.000000	0.000000
1764624664.023241282	0.000000	0.000000	-0.036653	0.000000	0.000000	0.000000	0.000000	0.000000	-0.011452	0.000000	0.000000	0.000000	0.000000	0.000000	0.000000	0.000000	0.000000	0.000000	0.000000	0.000000	0.000000	0.000000	0.000000	0.000000
1764624664.028409243	0.000000	0.000000	-0.028403	0.000000	0.000000	0.000000	0.000000	0.000000	-0.011452	0.000000	0.000000	0.000000	0.000000	0.000000	0.000000	0.000000	0.000000	0.000000	0.000000	0.000000	0.000000	0.000000	0.000000	0.000000
1764624664.039115667	0.000000	0.000000	-0.023834	0.000000	0.000000	0.000000	0.000000	0.000000	-0.011452	0.000000	0.000000	0.000000	0.000000	0.000000	0.000000	0.000000	0.000000	0.000000	0.000000	0.000000	0.000000	0.000000	0.000000	0.000000
1764624664.054161310	0.000000	0.000000	-0.043588	0.000000	0.000000	0.000000	0.000000	0.000000	-0.011452	0.000000	0.000000	0.000000	0.000000	0.000000	0.000000	0.000000	0.000000	0.000000	0.000000	0.000000	0.000000	0.000000	0.000000	0.000000
1764624664.058313370	0.000000	0.000000	-0.033887	0.000000	0.000000	0.000000	0.000000	0.000000	-0.011452	0.000000	0.000000	0.000000	0.000000	0.000000	0.000000	0.000000	0.000000	0.000000	0.000000	0.000000	0.000000	0.000000	0.000000	0.000000
1764624664.068922281	0.000000	0.000000	-0.025606	0.000000	0.000000	0.000000	0.000000	0.000000	-0.011452	0.000000	0.000000	0.000000	0.000000	0.000000	0.000000	0.000000	0.000000	0.000000	0.000000	0.000000	0.000000	0.000000	0.000000	0.000000
1764624664.078297615	0.000000	0.000000	-0.030114	0.000000	0.000000	0.000000	0.000000	0.000000	-0.011452	0.000000	0.000000	0.000000	0.000000	0.000000	0.000000	0.000000	0.000000	0.000000	0.000000	0.000000	0.000000	0.000000	0.000000	0.000000
1764624664.098221779	0.000000	0.000000	-0.031461	0.000000	0.000000	0.000000	0.000000	0.000000	-0.011452	0.000000	0.000000	0.000000	0.000000	0.000000	0.000000	0.000000	0.000000	0.000000	0.000000	0.000000	0.000000	0.000000	0.000000	0.000000
1764624664.098232746	0.000000	0.000000	-0.038675	0.000000	0.000000	0.000000	0.000000	0.000000	-0.011452	0.000000	0.000000	0.000000	0.000000	0.000000	0.000000	0.000000	0.000000	0.000000	0.000000	0.000000	0.000000	0.000000	0.000000	0.000000
1764624664.109166861	0.000000	0.000000	-0.043230	0.000000	0.000000	0.000000	0.000000	0.000000	-0.011452	0.000000	0.000000	0.000000	0.000000	0.000000	0.000000	0.000000	0.000000	0.000000	0.000000	0.000000	0.000000	0.000000	0.000000	0.000000
1764624664.118306875	0.000000	0.000000	-0.034602	0.000000	0.000000	0.000000	0.000000	0.000000	-0.011452	0.000000	0.000000	0.000000	0.000000	0.000000	0.000000	0.000000	0.000000	0.000000	0.000000	0.000000	0.000000	0.000000	0.000000	0.000000
1764624664.138944626	0.000000	0.000000	-0.042835	0.000000	0.000000	0.000000	0.000000	0.000000	-0.011452	0.000000	0.000000	0.000000	0.000000	0.000000	0.000000	0.000000	0.000000	0.000000	0.000000	0.000000	0.000000	0.000000	0.000000	0.000000
1764624664.140379667	0.000000	0.000000	-0.034556	0.000000	0.000000	0.000000	0.000000	0.000000	-0.011452	0.000000	0.000000	0.000000	0.000000	0.000000	0.000000	0.000000	0.000000	0.000000	0.000000	0.000000	0.000000	0.000000	0.000000	0.000000
1764624664.148379803	0.000000	0.000000	-0.035240	0.000000	0.000000	0.000000	0.000000	0.000000	-0.011452	0.000000	0.000000	0.000000	0.000000	0.000000	0.000000	0.000000	0.000000	0.000000	0.000000	0.000000	0.000000	0.000000	0.000000	0.000000
