time	u_dot	v_dot	w_dot	p_dot	q_dot	r_dot	u	v	w	p	q	r	x	y	z	phi	theta	psi	X	Y	Z	K	M	N
1764621939.817997456	0.946964	0.000864	-0.066059	0.000000	0.000000	0.000000	-0.041425	-0.025643	-0.013691	-0.004591	0.004914	-0.027107	nan	nan	nan	0.393270	-5.446942	253.083588	0.000000	0.000000	0.000000	0.000000	0.000000	0.000000
1764621939.823681355	0.949291	0.000361	-0.067172	0.000000	0.000000	0.000000	-0.041425	-0.025643	-0.013691	0.009882	0.013246	-0.024384	nan	nan	nan	0.400444	-5.438858	253.071915	0.000000	0.000000	0.000000	0.000000	0.000000	0.000000
1764621939.830844164	0.958946	0.000953	-0.056769	0.000000	0.000000	0.000000	-0.041425	-0.025643	-0.013691	-0.001975	0.012249	-0.020944	nan	nan	nan	0.404543	-5.433711	253.059731	0.000000	0.000000	0.000000	0.000000	0.000000	0.000000
1764621939.840975761	0.930833	-0.008836	-0.062303	0.000000	0.000000	0.000000	-0.041425	-0.025643	-0.013691	0.002350	0.004508	-0.022292	nan	nan	nan	0.407312	-5.429116	253.046089	0.000000	0.000000	0.000000	0.000000	0.000000	0.000000
1764621939.850196123	0.938348	-0.011134	-0.065072	0.000000	0.000000	0.000000	-0.041425	-0.025643	-0.013691	0.000344	0.015217	-0.018850	nan	nan	nan	0.413679	-5.425915	253.033997	0.000000	0.000000	0.000000	0.000000	0.000000	0.000000
1764621939.869607687	0.935666	0.003413	-0.058834	0.000000	0.000000	0.000000	-0.041425	-0.025643	-0.013691	0.004320	0.007980	-0.022184	nan	nan	nan	0.419444	-5.417500	253.022995	0.000000	0.000000	0.000000	0.000000	0.000000	0.000000
1764621939.869621754	0.930398	-0.006723	-0.066487	0.000000	0.000000	0.000000	-0.041425	-0.025643	-0.013691	0.005578	0.012303	-0.015324	nan	nan	nan	0.423704	-5.408878	253.014938	0.000000	0.000000	0.000000	0.000000	0.000000	0.000000
1764621939.880791903	0.948572	0.001199	-0.055396	0.000000	0.000000	0.000000	-0.041425	-0.025643	-0.013691	0.002862	0.009099	-0.023341	nan	nan	nan	0.429626	-5.402215	253.002777	0.000000	0.000000	0.000000	0.000000	0.000000	0.000000
1764621939.897387743	0.932047	-0.001622	-0.070908	0.000000	0.000000	0.000000	-0.041425	-0.025643	-0.013691	0.000305	0.005320	-0.017893	nan	nan	nan	0.432207	-5.401048	252.991203	0.000000	0.000000	0.000000	0.000000	0.000000	0.000000
1764621939.900712013	0.928212	-0.009026	-0.065090	0.000000	0.000000	0.000000	-0.041425	-0.025643	-0.013691	-0.008444	0.011824	-0.014292	nan	nan	nan	0.432446	-5.394949	252.982277	0.000000	0.000000	0.000000	0.000000	0.000000	0.000000
1764621939.910832167	0.937238	-0.003315	-0.069528	0.000000	0.000000	0.000000	-0.041425	-0.025643	-0.013691	-0.003884	0.000331	-0.017646	nan	nan	nan	0.432940	-5.392187	252.973984	0.000000	0.000000	0.000000	0.000000	0.000000	0.000000
1764621939.920455933	0.935536	-0.004473	-0.060202	0.000000	0.000000	0.000000	-0.041425	-0.025643	-0.013691	-0.009003	0.006763	-0.019064	nan	nan	nan	0.432714	-5.391787	252.962936	0.000000	0.000000	0.000000	0.000000	0.000000	0.000000
1764621939.930953264	0.930722	-0.001106	-0.049837	0.000000	0.000000	0.000000	-0.041425	-0.025643	-0.013691	0.009337	0.005907	-0.025217	nan	nan	nan	0.436215	-5.386854	252.950508	0.000000	0.000000	0.000000	0.000000	0.000000	0.000000
1764621939.947751760	0.940319	-0.008035	-0.069913	0.000000	0.000000	0.000000	-0.041425	-0.025643	-0.013691	-0.004327	0.007980	-0.020430	nan	nan	nan	0.439750	-5.382031	252.937675	0.000000	0.000000	0.000000	0.000000	0.000000	0.000000
1764621939.950469255	0.927488	-0.003587	-0.057827	0.000000	0.000000	0.000000	-0.041425	-0.025643	-0.013691	-0.007472	0.012051	-0.022285	nan	nan	nan	0.440307	-5.375806	252.924927	0.000000	0.000000	0.000000	0.000000	0.000000	0.000000
1764621939.960612535	0.927794	-0.000734	-0.065743	0.000000	0.000000	0.000000	-0.041425	-0.025643	-0.013691	0.000513	0.005151	-0.017431	nan	nan	nan	0.441613	-5.372002	252.914909	0.000000	0.000000	0.000000	0.000000	0.000000	0.000000
1764621939.978285074	0.922052	-0.004952	-0.055344	0.000000	0.000000	0.000000	-0.007324	0.008382	-0.026533	-0.003474	0.002972	-0.017424	nan	nan	nan	0.445168	-5.372959	252.905006	0.000000	0.000000	0.000000	0.000000	0.000000	0.000000
1764621939.980633736	0.936146	-0.003303	-0.055405	0.000000	0.000000	0.000000	-0.007324	0.008382	-0.026533	-0.005412	0.011361	-0.024005	nan	nan	nan	0.444274	-5.363933	252.892441	0.000000	0.000000	0.000000	0.000000	0.000000	0.000000
1764621939.990176916	0.938158	-0.010127	-0.070270	0.000000	0.000000	0.000000	-0.007324	0.008382	-0.026533	-0.001999	0.011185	-0.024078	nan	nan	nan	0.445573	-5.358113	252.878242	0.000000	0.000000	0.000000	0.000000	0.000000	0.000000
1764621940.000776291	0.930816	-0.007537	-0.065064	0.000000	0.000000	0.000000	-0.007324	0.008382	-0.026533	-0.000446	0.003525	-0.021153	nan	nan	nan	0.448586	-5.355009	252.866028	0.000000	0.000000	0.000000	0.000000	0.000000	0.000000
1764621940.010479927	0.917417	0.015883	-0.043282	0.000000	0.000000	0.000000	-0.007324	0.008382	-0.026533	-0.009709	0.009252	-0.010330	nan	nan	nan	0.446488	-5.351940	252.860832	0.000000	0.000000	0.000000	0.000000	0.000000	0.000000
1764621940.027139664	0.920155	-0.004535	-0.066128	0.000000	0.000000	0.000000	-0.007324	0.008382	-0.026533	-0.006164	0.011107	-0.013358	nan	nan	nan	0.445206	-5.342184	252.852951	0.000000	0.000000	0.000000	0.000000	0.000000	0.000000
1764621940.030718088	0.932391	-0.008150	-0.081695	0.000000	0.000000	0.000000	-0.007324	0.008382	-0.026533	-0.003679	0.016371	-0.013132	nan	nan	nan	0.448223	-5.334796	252.846390	0.000000	0.000000	0.000000	0.000000	0.000000	0.000000
1764621940.040570974	0.932545	0.000679	-0.059218	0.000000	0.000000	0.000000	-0.007324	0.008382	-0.026533	-0.005251	0.012187	-0.010662	nan	nan	nan	0.446240	-5.329104	252.837440	0.000000	0.000000	0.000000	0.000000	0.000000	0.000000
1764621940.059955835	0.932003	-0.002382	-0.059553	0.000000	0.000000	0.000000	-0.007324	0.008382	-0.026533	-0.009561	0.008371	-0.013099	nan	nan	nan	0.443861	-5.323331	252.833473	0.000000	0.000000	0.000000	0.000000	0.000000	0.000000
1764621940.061152220	0.927039	-0.002437	-0.065057	0.000000	0.000000	0.000000	-0.007324	0.008382	-0.026533	0.002436	0.011049	-0.022799	nan	nan	nan	0.446298	-5.318294	252.821808	0.000000	0.000000	0.000000	0.000000	0.000000	0.000000
1764621940.074632883	0.920059	-0.006097	-0.059546	0.000000	0.000000	0.000000	-0.007324	0.008382	-0.026533	-0.012350	0.012084	-0.016237	nan	nan	nan	0.446291	-5.311674	252.811134	0.000000	0.000000	0.000000	0.000000	0.000000	0.000000
1764621940.080309153	0.922953	-0.002738	-0.066438	0.000000	0.000000	0.000000	-0.007324	0.008382	-0.026533	-0.004902	0.007936	-0.010219	nan	nan	nan	0.444711	-5.305357	252.806107	0.000000	0.000000	0.000000	0.000000	0.000000	0.000000
1764621940.095024824	0.905369	0.005150	-0.061288	0.000000	0.000000	0.000000	-0.007324	0.008382	-0.026533	-0.013085	0.011654	-0.018367	nan	nan	nan	0.440656	-5.298367	252.794174	0.000000	0.000000	0.000000	0.000000	0.000000	0.000000
1764621940.100520134	0.916706	-0.001379	-0.054704	0.000000	0.000000	0.000000	-0.007324	0.008382	-0.026533	-0.013012	0.006007	-0.018364	nan	nan	nan	0.436677	-5.293771	252.785202	0.000000	0.000000	0.000000	0.000000	0.000000	0.000000
1764621940.111058235	0.926113	0.006490	-0.063034	0.000000	0.000000	0.000000	-0.007324	0.008382	-0.026533	-0.006982	0.020192	-0.014069	nan	nan	nan	0.436658	-5.284961	252.776596	0.000000	0.000000	0.000000	0.000000	0.000000	0.000000
1764621940.120192766	0.932380	-0.006920	-0.060938	0.000000	0.000000	0.000000	-0.007324	0.008382	-0.026533	-0.008680	0.006385	-0.008521	nan	nan	nan	0.432435	-5.279682	252.770630	0.000000	0.000000	0.000000	0.000000	0.000000	0.000000
1764621940.130574465	0.918649	-0.003904	-0.056440	0.000000	0.000000	0.000000	-0.007324	0.008382	-0.026533	-0.009315	0.005929	-0.008243	nan	nan	nan	0.429244	-5.275582	252.765991	0.000000	0.000000	0.000000	0.000000	0.000000	0.000000
1764621940.147891760	0.909708	0.006594	-0.057435	0.000000	0.000000	0.000000	-0.007324	0.008382	-0.026533	0.000435	0.005245	-0.014348	nan	nan	nan	0.432245	-5.273876	252.759468	0.000000	0.000000	0.000000	0.000000	0.000000	0.000000
1764621940.150500298	0.913301	0.001124	-0.058120	0.000000	0.000000	0.000000	-0.007324	0.008382	-0.026533	-0.009318	0.002541	-0.000136	nan	nan	nan	0.430493	-5.271276	252.756325	0.000000	0.000000	0.000000	0.000000	0.000000	0.000000
1764621940.160975456	0.924210	0.004608	-0.070205	0.000000	0.000000	0.000000	-0.007324	0.008382	-0.026533	-0.012622	-0.000593	-0.009364	nan	nan	nan	0.425563	-5.269276	252.753357	0.000000	0.000000	0.000000	0.000000	0.000000	0.000000
1764621940.172457933	0.924180	-0.002865	-0.057126	0.000000	0.000000	0.000000	-0.007324	0.008382	-0.026533	-0.010364	0.010124	-0.013056	nan	nan	nan	0.423193	-5.267824	252.748856	0.000000	0.000000	0.000000	0.000000	0.000000	0.000000
1764621940.185949326	0.909776	0.008146	-0.053347	0.000000	0.000000	0.000000	-0.007324	0.008382	-0.026533	-0.017975	0.017981	-0.011201	nan	nan	nan	0.417774	-5.258993	252.742439	0.000000	0.000000	0.000000	0.000000	0.000000	0.000000
1764621940.190642834	0.915356	-0.000072	-0.063369	0.000000	0.000000	0.000000	-0.007324	0.008382	-0.026533	-0.014284	0.007695	-0.006609	nan	nan	nan	0.408170	-5.249829	252.734184	0.000000	0.000000	0.000000	0.000000	0.000000	0.000000
1764621940.200946093	0.899497	-0.002454	-0.058506	0.000000	0.000000	0.000000	-0.007324	0.008382	-0.026533	-0.009980	0.006661	-0.019358	nan	nan	nan	0.407231	-5.249569	252.726898	0.000000	0.000000	0.000000	0.000000	0.000000	0.000000
1764621940.209476233	0.908793	0.000869	-0.053316	0.000000	0.000000	0.000000	-0.007324	0.008382	-0.026533	-0.009528	0.005870	-0.018171	nan	nan	nan	0.405565	-5.243973	252.717346	0.000000	0.000000	0.000000	0.000000	0.000000	0.000000
1764621940.231344700	0.905476	0.012029	-0.056122	0.000000	0.000000	0.000000	-0.021598	0.003906	-0.041942	-0.005993	0.015069	-0.010951	nan	nan	nan	0.404541	-5.234862	252.709709	0.000000	0.000000	0.000000	0.000000	0.000000	0.000000
1764621940.233342886	0.912433	0.006722	-0.061929	0.000000	0.000000	0.000000	-0.021598	0.003906	-0.041942	-0.014585	0.002266	-0.013546	nan	nan	nan	0.400106	-5.233487	252.702568	0.000000	0.000000	0.000000	0.000000	0.000000	0.000000
1764621940.240499735	0.907227	0.002810	-0.056409	0.000000	0.000000	0.000000	-0.021598	0.003906	-0.041942	-0.008419	0.006489	-0.009097	nan	nan	nan	0.396200	-5.232717	252.694847	0.000000	0.000000	0.000000	0.000000	0.000000	0.000000
1764621940.256905317	0.902626	0.024635	-0.049118	0.000000	0.000000	0.000000	-0.021598	0.003906	-0.041942	-0.010292	0.006205	-0.009346	nan	nan	nan	0.393589	-5.228320	252.691528	0.000000	0.000000	0.000000	0.000000	0.000000	0.000000
1764621940.260832548	0.912820	-0.002540	-0.055745	0.000000	0.000000	0.000000	-0.021598	0.003906	-0.041942	-0.007080	0.008308	-0.011125	nan	nan	nan	0.392805	-5.222873	252.683083	0.000000	0.000000	0.000000	0.000000	0.000000	0.000000
1764621940.269219875	0.909278	0.004286	-0.065422	0.000000	0.000000	0.000000	-0.021598	0.003906	-0.041942	-0.015740	0.008234	-0.014009	nan	nan	nan	0.385453	-5.215917	252.676987	0.000000	0.000000	0.000000	0.000000	0.000000	0.000000
1764621940.289799213	0.899643	0.008719	-0.050224	0.000000	0.000000	0.000000	-0.021598	0.003906	-0.041942	-0.011641	0.013244	-0.000487	nan	nan	nan	0.383364	-5.212651	252.676422	0.000000	0.000000	0.000000	0.000000	0.000000	0.000000
1764621940.291283846	0.896868	0.015394	-0.051600	0.000000	0.000000	0.000000	-0.021598	0.003906	-0.041942	-0.017422	0.009879	-0.008993	nan	nan	nan	0.376823	-5.202471	252.669945	0.000000	0.000000	0.000000	0.000000	0.000000	0.000000
1764621940.299759388	0.900239	0.002048	-0.058813	0.000000	0.000000	0.000000	-0.021598	0.003906	-0.041942	-0.013078	-0.003907	-0.018397	nan	nan	nan	0.370336	-5.205103	252.662552	0.000000	0.000000	0.000000	0.000000	0.000000	0.000000
1764621940.309564590	0.909869	0.010991	-0.057762	0.000000	0.000000	0.000000	-0.021598	0.003906	-0.041942	-0.015053	-0.000094	-0.010198	nan	nan	nan	0.363467	-5.206158	252.655739	0.000000	0.000000	0.000000	0.000000	0.000000	0.000000
1764621940.319847584	0.902983	0.006783	-0.054662	0.000000	0.000000	0.000000	-0.021598	0.003906	-0.041942	-0.004616	0.001600	-0.009386	nan	nan	nan	0.363946	-5.206594	252.651451	0.000000	0.000000	0.000000	0.000000	0.000000	0.000000
1764621940.337206602	0.890407	0.006374	-0.052636	0.000000	0.000000	0.000000	-0.021598	0.003906	-0.041942	-0.002882	0.008283	-0.000763	nan	nan	nan	0.364156	-5.201542	252.648491	0.000000	0.000000	0.000000	0.000000	0.000000	0.000000
1764621940.339754820	0.887376	-0.000224	-0.056096	0.000000	0.000000	0.000000	-0.021598	0.003906	-0.041942	-0.009192	0.005524	0.003878	nan	nan	nan	0.359095	-5.197179	252.650383	0.000000	0.000000	0.000000	0.000000	0.000000	0.000000
1764621940.350115776	0.901811	0.005990	-0.064717	0.000000	0.000000	0.000000	-0.021598	0.003906	-0.041942	-0.004406	0.011859	-0.011380	nan	nan	nan	0.362133	-5.192179	252.645042	0.000000	0.000000	0.000000	0.000000	0.000000	0.000000
1764621940.359944820	0.910648	-0.015540	-0.062302	0.000000	0.000000	0.000000	-0.021598	0.003906	-0.041942	0.001791	0.004874	-0.007222	nan	nan	nan	0.364464	-5.191101	252.643539	0.000000	0.000000	0.000000	0.000000	0.000000	0.000000
1764621940.369606733	0.892820	0.012306	-0.057850	0.000000	0.000000	0.000000	-0.021598	0.003906	-0.041942	-0.011274	0.015641	0.000505	nan	nan	nan	0.360441	-5.180959	252.639336	0.000000	0.000000	0.000000	0.000000	0.000000	0.000000
1764621940.385720491	0.890221	0.012615	-0.059868	0.000000	0.000000	0.000000	-0.021598	0.003906	-0.041942	-0.008750	0.011538	-0.001363	nan	nan	nan	0.357390	-5.176319	252.639771	0.000000	0.000000	0.000000	0.000000	2.273736	0.000000
1764621940.389632463	0.891099	0.015050	-0.049837	0.000000	0.000000	0.000000	-0.021598	0.003906	-0.041942	-0.009082	0.006476	-0.008027	nan	nan	nan	0.353744	-5.170506	252.638512	0.000000	0.000000	0.000000	0.000000	2.273736	0.000000
1764621940.400078297	0.898585	0.003872	-0.056037	0.000000	0.000000	0.000000	-0.021598	0.003906	-0.041942	-0.005539	-0.000711	0.001495	nan	nan	nan	0.355099	-5.170691	252.636063	0.000000	0.000000	0.000000	0.000000	2.273736	0.000000
1764621940.412625313	0.894131	0.003244	-0.052616	0.000000	0.000000	0.000000	-0.021598	0.003906	-0.041942	-0.003745	0.000734	0.003502	nan	nan	nan	0.352759	-5.168366	252.637184	0.000000	0.000000	0.000000	0.000000	2.273736	0.000000
1764621940.419504404	0.870649	0.018197	-0.020460	0.000000	0.000000	0.000000	-0.021598	0.003906	-0.041942	-0.003400	0.001721	-0.004652	nan	nan	nan	0.352465	-5.168668	252.637680	0.000000	0.000000	0.000000	0.000000	2.273736	0.000000
1764621940.429542065	0.897914	-0.003262	-0.068857	0.000000	0.000000	0.000000	-0.021598	0.003906	-0.041942	-0.003624	0.009934	0.007701	nan	nan	nan	0.353472	-5.166836	252.637619	0.000000	0.000000	0.000000	0.000000	2.273736	0.000000
1764621940.439574242	0.899635	0.014541	-0.051879	0.000000	0.000000	0.000000	-0.021598	0.003906	-0.041942	-0.002918	0.004497	0.002065	nan	nan	nan	0.354317	-5.162658	252.643356	0.000000	0.000000	0.000000	0.000000	2.273736	0.000000
1764621940.450284243	0.896987	0.019739	-0.079215	0.000000	0.000000	0.000000	-0.021598	0.003906	-0.041942	-0.008672	0.011936	0.000612	nan	nan	nan	0.351314	-5.155921	252.640770	0.000000	0.000000	0.000000	0.000000	2.273736	0.000000
1764621940.465685368	0.888610	-0.011030	-0.036467	0.000000	0.000000	0.000000	nan	nan	nan	0.003107	0.011696	-0.003716	nan	nan	nan	0.355957	-5.147862	252.641266	0.000000	0.000000	0.000000	0.000000	2.273736	0.000000
1764621940.469888449	0.914475	0.019286	-0.081603	0.000000	0.000000	0.000000	nan	nan	nan	0.004503	0.000641	-0.000773	nan	nan	nan	0.359690	-5.144449	252.639030	0.000000	0.000000	0.000000	0.000000	2.273736	0.000000
1764621940.479578018	0.922986	0.007727	-0.061936	0.000000	0.000000	0.000000	nan	nan	nan	0.007965	0.007767	-0.002689	nan	nan	nan	0.363633	-5.143642	252.638229	0.000000	0.000000	0.000000	0.000000	2.273736	0.000000
1764621940.496185780	0.953121	0.044635	-0.098893	0.000000	0.000000	0.000000	nan	nan	nan	0.007256	0.023158	-0.004664	nan	nan	nan	0.371407	-5.132332	252.636360	0.000000	0.000000	0.000000	0.000000	2.273736	0.000000
1764621940.499699116	0.958052	0.042227	-0.119322	0.000000	0.000000	0.000000	nan	nan	nan	0.000687	0.028800	-0.000110	nan	nan	nan	0.376659	-5.114617	252.637321	0.000000	0.000000	0.000000	0.000000	2.273736	0.000000
1764621940.510003567	0.975343	0.030000	-0.106689	0.000000	0.000000	0.000000	nan	nan	nan	0.009410	0.054357	-0.002406	nan	nan	nan	0.381298	-5.086917	252.635033	0.000000	0.000000	0.000000	0.000000	2.273736	0.000000
1764621940.519600153	1.011829	0.007964	-0.174158	0.000000	0.000000	0.000000	nan	nan	nan	0.007138	0.075021	-0.004263	nan	nan	nan	0.388399	-5.046929	252.634583	0.000000	0.000000	0.000000	0.000000	2.273736	0.000000
1764621940.534852028	1.009564	-0.043095	-0.175712	0.000000	0.000000	0.000000	nan	nan	nan	0.006759	0.097017	0.002965	nan	nan	nan	0.392526	-4.997605	252.636261	0.000000	0.000000	0.000000	0.000000	2.273736	0.000000
1764621940.539427280	0.942995	0.014596	-0.086274	0.000000	0.000000	0.000000	nan	nan	nan	0.012210	0.117438	-0.008523	nan	nan	nan	0.402965	-4.932912	252.632553	0.000000	0.000000	0.000000	0.000000	2.273736	0.000000
1764621940.549139500	0.955358	0.020550	-0.149255	0.000000	0.000000	0.000000	nan	nan	nan	-0.002134	0.146312	0.004140	nan	nan	nan	0.406716	-4.850571	252.633858	0.000000	0.000000	0.000000	0.000000	2.273736	0.000000
1764621940.559880495	0.901694	-0.040980	-0.132835	0.000000	0.000000	0.000000	nan	nan	nan	0.016215	0.162237	0.000948	nan	nan	nan	0.411914	-4.759878	252.634514	0.000000	0.000000	0.000000	0.000000	2.273736	0.000000
1764621940.574914217	0.913845	0.046862	-0.140656	0.000000	0.000000	0.000000	nan	nan	nan	0.015565	0.167339	0.005639	nan	nan	nan	0.424782	-4.667746	252.640297	0.000000	0.000000	0.000000	0.000000	2.273736	0.000000
1764621940.579468966	0.868545	-0.018277	-0.097660	0.000000	0.000000	0.000000	nan	nan	nan	0.007668	0.186161	-0.000814	nan	nan	nan	0.431699	-4.561474	252.637817	0.000000	0.000000	0.000000	0.000000	2.273736	0.000000
1764621940.589914083	0.853407	0.006365	-0.121511	0.000000	0.000000	0.000000	nan	nan	nan	0.009669	0.208017	0.003267	nan	nan	nan	0.440650	-4.447536	252.640625	0.000000	0.000000	0.000000	0.000000	2.273736	0.000000
1764621940.599703074	0.872052	-0.005213	-0.184777	0.000000	0.000000	0.000000	nan	nan	nan	0.019356	0.217424	0.003494	nan	nan	nan	0.452664	-4.323528	252.645218	0.000000	0.000000	0.000000	0.000000	2.273736	0.000000
1764621940.609949350	0.794304	-0.011199	-0.107379	0.000000	0.000000	0.000000	nan	nan	nan	0.010909	0.223622	0.009786	nan	nan	nan	0.461440	-4.197247	252.650085	0.000000	0.000000	0.000000	0.000000	2.273736	0.000000
1764621940.629084110	0.795213	-0.007393	-0.165158	0.000000	0.000000	0.000000	nan	nan	nan	0.010340	0.243655	0.003637	nan	nan	nan	0.470901	-4.060342	252.653572	0.000000	0.000000	0.000000	0.000000	2.273736	0.000000
1764621940.629102230	0.760891	-0.041286	-0.121664	0.000000	0.000000	0.000000	nan	nan	nan	0.010783	0.237577	0.001695	nan	nan	nan	0.477251	-3.922302	252.656906	0.000000	0.000000	0.000000	0.000000	2.273736	0.000000
1764621940.639494181	0.734869	0.033611	-0.125769	0.000000	0.000000	0.000000	nan	nan	nan	0.023463	0.264225	0.013844	nan	nan	nan	0.489880	-3.774981	252.665733	0.000000	0.000000	0.000000	0.000000	2.273736	0.000000
1764621940.657126904	0.731477	-0.073973	-0.153528	0.000000	0.000000	0.000000	nan	nan	nan	0.007348	0.266851	0.012224	nan	nan	nan	0.497076	-3.624187	252.672188	0.000000	0.000000	0.000000	0.000000	2.273736	0.000000
1764621940.659980536	0.668132	0.030627	-0.091171	0.000000	0.000000	0.000000	nan	nan	nan	0.024182	0.272153	0.007594	nan	nan	nan	0.511302	-3.470675	252.680443	0.000000	0.000000	0.000000	0.000000	2.273736	0.000000
1764621940.669887781	0.668068	-0.057226	-0.165565	0.000000	0.000000	0.000000	nan	nan	nan	0.009890	0.280030	0.001833	nan	nan	nan	0.521507	-3.311707	252.682968	0.000000	0.000000	0.000000	0.000000	2.273736	0.000000
1764621940.681629181	0.613086	-0.008536	-0.100595	0.000000	0.000000	0.000000	nan	nan	nan	0.013671	0.290665	0.014010	nan	nan	nan	0.532040	-3.144051	252.692375	0.000000	0.000000	0.000000	0.000000	2.273736	0.000000
1764621940.691980124	0.562838	0.014231	-0.131594	0.000000	0.000000	0.000000	nan	nan	nan	0.017141	0.291119	0.005612	nan	nan	nan	0.541319	-2.978043	252.696686	0.000000	0.000000	0.000000	0.000000	2.273736	0.000000
1764621940.708069801	0.570997	-0.069841	-0.126881	0.000000	0.000000	0.000000	nan	nan	nan	0.015407	0.295341	0.015829	nan	nan	nan	0.549585	-2.807844	252.705376	0.000000	0.000000	0.000000	0.000000	2.273736	0.000000
1764621940.710279465	0.517963	0.036238	-0.123201	0.000000	0.000000	0.000000	nan	nan	-0.020261	0.017925	0.301082	0.008387	nan	nan	nan	0.562549	-2.639612	252.712982	0.000000	0.000000	0.000000	0.000000	2.273736	0.000000
1764621940.721046925	0.495010	-0.101951	-0.130988	0.000000	0.000000	0.000000	nan	nan	-0.020261	0.013488	0.306231	0.002830	nan	nan	nan	0.575003	-2.461465	252.716385	0.000000	0.000000	0.000000	0.000000	2.273736	0.000000
1764621940.731192350	0.451118	0.040931	-0.106921	0.000000	0.000000	0.000000	nan	nan	-0.020261	0.022151	0.313498	0.024311	nan	nan	nan	0.588694	-2.285573	252.730148	0.000000	0.000000	0.000000	0.000000	2.273736	0.000000
1764621940.754212618	0.402831	-0.078486	-0.134343	0.000000	0.000000	0.000000	nan	nan	-0.020261	0.013284	0.309076	0.015730	nan	nan	nan	0.597454	-2.106083	252.744476	0.000000	0.000000	0.000000	0.000000	2.273736	0.000000
1764621940.754223824	0.384387	-0.004820	-0.114529	0.000000	0.000000	0.000000	nan	nan	-0.020261	0.020653	0.309987	0.018784	nan	nan	nan	0.609857	-1.930684	252.755127	0.000000	0.000000	0.000000	0.000000	2.273736	0.000000
1764621940.760510206	0.356307	-0.056446	-0.116656	0.000000	0.000000	0.000000	nan	nan	-0.020261	0.026250	0.314908	0.013998	nan	nan	nan	0.625496	-1.749817	252.763519	0.000000	0.000000	0.000000	0.000000	2.273736	0.000000
1764621940.774913788	0.322442	-0.040528	-0.100694	0.000000	0.000000	0.000000	nan	nan	-0.020261	0.021368	0.322067	0.021337	nan	nan	nan	0.639882	-1.568116	252.777710	0.000000	0.000000	0.000000	0.000000	2.273736	0.000000
1764621940.780123234	0.278139	-0.020814	-0.112662	0.000000	0.000000	0.000000	nan	nan	-0.020261	0.018649	0.310938	0.012434	nan	nan	nan	0.654807	-1.387714	252.788506	0.000000	0.000000	0.000000	0.000000	2.273736	0.000000
1764621940.789969921	0.253553	-0.060470	-0.087853	0.000000	0.000000	0.000000	nan	nan	-0.020261	0.028395	0.327324	0.025406	nan	nan	nan	0.669301	-1.202628	252.804657	0.000000	0.000000	0.000000	0.000000	2.273736	0.000000
1764621940.800827742	0.219811	-0.023502	-0.113631	0.000000	0.000000	0.000000	nan	nan	-0.020261	0.024989	0.313440	0.016767	nan	nan	nan	0.686686	-1.021571	252.814827	0.000000	0.000000	0.000000	0.000000	2.273736	0.000000
1764621940.820884943	0.177435	-0.095675	-0.073657	0.000000	0.000000	0.000000	nan	nan	-0.020261	0.023013	0.322462	0.026975	nan	nan	nan	0.703161	-0.838083	252.830582	0.000000	0.000000	0.000000	0.000000	2.273736	0.000000
1764621940.820908546	0.138506	-0.039883	-0.132215	0.000000	0.000000	0.000000	nan	nan	-0.020261	0.029134	0.327970	0.018997	nan	nan	nan	0.721011	-0.653105	252.846100	0.000000	0.000000	0.000000	0.000000	2.273736	0.000000
1764621940.831048489	0.097464	-0.070376	-0.064533	0.000000	0.000000	0.000000	nan	nan	-0.020261	0.027158	0.317899	0.017747	nan	nan	nan	0.737047	-0.466931	252.859299	0.000000	0.000000	0.000000	0.000000	2.273736	0.000000
1764621940.840455055	0.082066	-0.057514	-0.121479	0.000000	0.000000	0.000000	nan	nan	-0.020261	0.024771	0.324135	0.025659	nan	nan	nan	0.755992	-0.283038	252.876335	0.000000	0.000000	0.000000	0.000000	2.273736	0.000000
1764621940.859324455	0.026189	-0.089637	-0.065152	0.000000	0.000000	0.000000	nan	nan	-0.020261	0.023453	0.324434	0.025894	nan	nan	nan	0.772424	-0.097338	252.891602	0.000000	0.000000	0.000000	0.000000	2.273736	0.000000
1764621940.860599041	-0.002544	-0.048229	-0.104784	0.000000	0.000000	0.000000	nan	nan	-0.020261	0.027245	0.328124	0.024043	nan	nan	nan	0.790597	0.090142	252.908867	0.000000	0.000000	0.000000	0.000000	2.273736	0.000000
1764621940.869899273	-0.021245	-0.081280	-0.095136	0.000000	0.000000	0.000000	nan	nan	-0.020261	0.040574	0.335346	0.021116	nan	nan	nan	0.813239	0.278645	252.922646	0.000000	0.000000	0.000000	0.000000	2.273736	0.000000
1764621940.879704237	-0.062535	-0.066847	-0.080561	0.000000	0.000000	0.000000	nan	nan	-0.020261	0.035985	0.330776	0.021030	nan	nan	nan	0.834507	0.470058	252.941078	0.000000	0.000000	0.000000	0.000000	2.273736	0.000000
1764621940.889178276	-0.083433	-0.123816	-0.123432	0.000000	0.000000	0.000000	nan	nan	-0.020261	0.020182	0.322465	0.027420	nan	nan	nan	0.850186	0.656547	252.955132	0.000000	0.000000	0.000000	0.000000	2.273736	0.000000
1764621940.907750845	-0.141800	-0.024711	-0.042059	0.000000	0.000000	0.000000	nan	nan	-0.020261	0.026908	0.332154	0.030131	nan	nan	nan	0.867293	0.841738	252.974579	0.000000	0.000000	0.000000	0.000000	2.273736	0.000000
1764621940.910322905	-0.153072	-0.134544	-0.141682	0.000000	0.000000	0.000000	nan	nan	-0.020261	0.026783	0.322450	0.018314	nan	nan	nan	0.886209	1.027783	252.990250	0.000000	0.000000	0.000000	0.000000	2.273736	0.000000
1764621940.920394897	-0.186229	-0.076558	-0.047613	0.000000	0.000000	0.000000	nan	nan	-0.020261	0.019560	0.318581	0.035258	nan	nan	nan	0.901007	1.213652	253.012207	0.000000	0.000000	0.000000	0.000000	2.273736	0.000000
1764621940.934832573	-0.228040	-0.131785	-0.121869	0.000000	0.000000	0.000000	nan	nan	-0.020261	0.038615	0.319990	0.033637	nan	nan	nan	0.921082	1.395867	253.034531	0.000000	0.000000	0.000000	0.000000	2.273736	0.000000
1764621940.940323353	-0.261281	-0.113285	-0.050659	0.000000	0.000000	0.000000	nan	nan	-0.020261	0.030277	0.326171	0.041858	nan	nan	nan	0.946592	1.580965	253.061653	0.000000	0.000000	0.000000	0.000000	2.273736	0.000000
1764621940.950779915	-0.296753	-0.085843	-0.085448	0.000000	0.000000	0.000000	nan	nan	-0.020261	0.035552	0.323460	0.027053	nan	nan	nan	0.965784	1.767477	253.083008	0.000000	0.000000	0.000000	0.000000	2.273736	0.000000
1764621940.960466862	-0.321453	-0.162624	-0.080693	0.000000	0.000000	0.000000	nan	nan	-0.020261	0.029173	0.326115	0.028361	nan	nan	nan	0.987224	1.952343	253.097542	0.000000	0.000000	0.000000	0.000000	2.273736	0.000000
1764621940.979800224	-0.366508	-0.048600	-0.071156	0.000000	0.000000	0.000000	-0.002353	0.001784	-0.032102	0.028465	0.322567	0.031469	nan	nan	nan	1.007028	2.136140	253.118362	0.000000	0.000000	0.000000	0.000000	2.273736	0.000000
1764621940.979815483	-0.399581	-0.171177	-0.075120	0.000000	0.000000	0.000000	-0.002353	0.001784	-0.032102	0.016981	0.319653	0.035476	nan	nan	nan	1.020000	2.321113	253.143456	0.000000	0.000000	0.000000	0.000000	2.273736	0.000000
1764621940.990911007	-0.434434	-0.056364	-0.051085	0.000000	0.000000	0.000000	-0.002353	0.001784	-0.032102	0.021531	0.319529	0.047351	nan	nan	nan	1.037256	2.500806	253.169876	0.000000	0.000000	0.000000	0.000000	2.273736	0.000000
1764621941.000602245	-0.461198	-0.188012	-0.089200	0.000000	0.000000	0.000000	-0.002353	0.001784	-0.032102	0.026657	0.317411	0.037783	nan	nan	nan	1.052940	2.684464	253.196960	0.000000	0.000000	0.000000	0.000000	2.273736	0.000000
1764621941.010944366	-0.482245	-0.070769	-0.047909	0.000000	0.000000	0.000000	-0.002353	0.001784	-0.032102	0.019341	0.320594	0.046470	nan	nan	nan	1.071232	2.865366	253.227859	0.000000	0.000000	0.000000	0.000000	2.273736	0.000000
1764621941.030011415	-0.530143	-0.190881	-0.057335	0.000000	0.000000	0.000000	-0.002353	0.001784	-0.032102	0.019100	0.323346	0.036429	nan	nan	nan	1.083700	3.048649	253.250290	0.000000	0.000000	0.000000	0.000000	2.273736	0.000000
1764621941.037652493	-0.568159	-0.100032	-0.052997	0.000000	0.000000	0.000000	-0.002353	0.001784	-0.032102	0.015108	0.320543	0.037273	nan	nan	nan	1.098561	3.235129	253.277237	0.000000	0.000000	0.000000	0.000000	2.273736	0.000000
1764621941.040667057	-0.609267	-0.110901	-0.046111	0.000000	0.000000	0.000000	-0.002353	0.001784	-0.032102	0.017298	0.317478	0.039369	nan	nan	nan	1.108127	3.415337	253.302132	0.000000	0.000000	0.000000	0.000000	2.273736	0.000000
1764621941.060301781	-0.606966	-0.172702	-0.064838	0.000000	0.000000	0.000000	-0.002353	0.001784	-0.032102	0.017035	0.323986	0.046996	nan	nan	nan	1.125313	3.601557	253.330917	0.000000	0.000000	0.000000	0.000000	2.273736	0.000000
1764621941.061715364	-0.660438	-0.101801	-0.053276	0.000000	0.000000	0.000000	-0.002353	0.001784	-0.032102	0.017409	0.317606	0.039446	nan	nan	nan	1.138664	3.785050	253.355354	0.000000	0.000000	0.000000	0.000000	2.273736	0.000000
1764621941.070635080	-0.683038	-0.211053	-0.074509	0.000000	0.000000	0.000000	-0.002353	0.001784	-0.032102	0.012828	0.312944	0.050831	nan	nan	nan	1.150499	3.961705	253.391457	0.000000	0.000000	0.000000	0.000000	2.273736	0.000000
1764621941.079893827	-0.712680	-0.111630	-0.053269	0.000000	0.000000	0.000000	-0.002353	0.001784	-0.032102	0.011351	0.313169	0.049987	nan	nan	nan	1.161422	4.139514	253.422791	0.000000	0.000000	0.000000	0.000000	2.273736	0.000000
1764621941.104970694	-0.737146	-0.219164	-0.050608	0.000000	0.000000	0.000000	-0.002353	0.001784	-0.032102	0.006781	0.318056	0.047100	nan	nan	nan	1.170627	4.322353	253.450302	0.000000	0.000000	0.000000	0.000000	2.273736	0.000000
1764621941.104976416	-0.767377	-0.111254	-0.065594	0.000000	0.000000	0.000000	-0.002353	0.001784	-0.032102	0.009002	0.317106	0.047492	nan	nan	nan	1.181205	4.502694	253.480522	0.000000	0.000000	0.000000	0.000000	2.273736	0.000000
1764621941.111388445	-0.820584	-0.185622	-0.014237	0.000000	0.000000	0.000000	-0.002353	0.001784	-0.032102	0.009196	0.304720	0.056689	nan	nan	nan	1.190915	4.678212	253.516472	0.000000	0.000000	0.000000	0.000000	2.273736	0.000000
1764621941.119782448	-0.819152	-0.141432	-0.048701	0.000000	0.000000	0.000000	-0.002353	0.001784	-0.032102	0.000501	0.311273	0.049913	nan	nan	nan	1.198094	4.853117	253.551079	0.000000	0.000000	0.000000	0.000000	2.273736	0.000000
1764621941.139500380	-0.885015	-0.170061	-0.010008	0.000000	0.000000	0.000000	-0.002353	0.001784	-0.032102	-0.002880	0.304061	0.053627	nan	nan	nan	1.200241	5.029923	253.585861	0.000000	0.000000	0.000000	0.000000	2.273736	0.000000
1764621941.140945911	-0.902320	-0.155174	-0.031728	0.000000	0.000000	0.000000	-0.002353	0.001784	-0.032102	-0.001290	0.304207	0.060133	nan	nan	nan	1.206919	5.202818	253.621483	0.000000	0.000000	0.000000	0.000000	2.273736	0.000000
1764621941.150773048	-0.912619	-0.175628	-0.029334	0.000000	0.000000	0.000000	-0.002353	0.001784	-0.032102	-0.010872	0.311026	0.051140	nan	nan	nan	1.205703	5.379519	253.655777	0.000000	0.000000	0.000000	0.000000	2.273736	0.000000
1764621941.160550594	-0.954294	-0.185621	-0.031331	0.000000	0.000000	0.000000	-0.002353	0.001784	-0.032102	-0.005564	0.307672	0.060466	nan	nan	nan	1.207947	5.556482	253.694046	0.000000	0.000000	0.000000	0.000000	2.273736	0.000000
1764621941.177954912	-0.994806	-0.178472	-0.032023	0.000000	0.000000	0.000000	-0.002353	0.001784	-0.032102	-0.004611	0.303767	0.049609	nan	nan	nan	1.210112	5.727360	253.727196	0.000000	0.000000	0.000000	0.000000	2.273736	0.000000
1764621941.180378199	-1.018847	-0.156972	0.012611	0.000000	0.000000	0.000000	-0.002353	0.001784	-0.032102	-0.001223	0.301659	0.064380	nan	nan	nan	1.215998	5.902318	253.763794	0.000000	0.000000	0.000000	0.000000	2.273736	0.000000
1764621941.188681841	-1.037008	-0.171870	-0.053018	0.000000	0.000000	0.000000	-0.002353	0.001784	-0.032102	-0.004862	0.297868	0.051298	nan	nan	nan	1.220517	6.070904	253.798187	0.000000	0.000000	0.000000	0.000000	2.273736	0.000000
1764621941.200843573	-1.081064	-0.166673	0.031623	0.000000	0.000000	0.000000	-0.002353	0.001784	-0.032102	-0.003305	0.294353	0.056404	nan	nan	nan	1.221220	6.239837	253.834724	0.000000	0.000000	0.000000	0.000000	2.273736	0.000000
1764621941.220047235	-1.113432	-0.149998	-0.022470	0.000000	0.000000	0.000000	0.008778	0.000281	-0.045314	-0.013082	0.297616	0.057118	nan	nan	nan	1.222115	6.410503	253.871552	0.000000	0.000000	0.000000	0.000000	2.273736	0.000000
1764621941.221606731	-1.162509	-0.182894	0.026505	0.000000	0.000000	0.000000	0.008778	0.000281	-0.045314	-0.018021	0.294496	0.062123	nan	nan	nan	1.218546	6.576854	253.906357	0.000000	0.000000	0.000000	0.000000	2.273736	0.000000
1764621941.230788231	-1.173712	-0.154211	-0.022809	0.000000	0.000000	0.000000	0.008778	0.000281	-0.045314	-0.020230	0.298927	0.063237	nan	nan	nan	1.215676	6.747347	253.947212	0.000000	0.000000	0.000000	0.000000	2.273736	0.000000
1764621941.240616322	-1.197442	-0.212777	0.003056	0.000000	0.000000	0.000000	0.008778	0.000281	-0.045314	-0.017639	0.305828	0.055070	nan	nan	nan	1.212284	6.920923	253.984833	0.000000	0.000000	0.000000	0.000000	2.273736	0.000000
1764621941.250846863	-1.232807	-0.118606	0.021502	0.000000	0.000000	0.000000	0.008778	0.000281	-0.045314	-0.023224	0.295649	0.057171	nan	nan	nan	1.205326	7.091947	254.021042	0.000000	0.000000	0.000000	0.000000	2.273736	0.000000
1764621941.269617796	-1.246844	-0.233819	-0.021939	0.000000	0.000000	0.000000	0.008778	0.000281	-0.045314	-0.022412	0.283627	0.057723	nan	nan	nan	1.197141	7.254347	254.057655	0.000000	0.000000	0.000000	0.000000	2.273736	0.000000
1764621941.269628048	-1.309267	-0.115068	0.042217	0.000000	0.000000	0.000000	0.008778	0.000281	-0.045314	-0.031210	0.282757	0.056188	nan	nan	nan	1.190778	7.416260	254.093857	0.000000	0.000000	0.000000	0.000000	2.273736	0.000000
1764621941.280078411	-1.296486	-0.242604	-0.015319	0.000000	0.000000	0.000000	0.008778	0.000281	-0.045314	-0.014873	0.279701	0.058583	nan	nan	nan	1.184331	7.578231	254.129784	0.000000	0.000000	0.000000	0.000000	2.273736	0.000000
1764621941.300079823	-1.325617	-0.146501	0.047827	0.000000	0.000000	0.000000	0.008778	0.000281	-0.045314	-0.030486	0.296623	0.062199	nan	nan	nan	1.176794	7.743062	254.167686	0.000000	0.000000	0.000000	0.000000	2.273736	0.000000
1764621941.300113678	-1.383026	-0.171782	0.006689	0.000000	0.000000	0.000000	0.008778	0.000281	-0.045314	-0.031383	0.288665	0.064230	nan	nan	nan	1.166052	7.908997	254.208138	0.000000	0.000000	0.000000	0.000000	2.273736	0.000000
1764621941.309875488	-1.394236	-0.177344	0.039738	0.000000	0.000000	0.000000	0.008778	0.000281	-0.045314	-0.040387	0.280095	0.063720	nan	nan	nan	1.155445	8.068968	254.245583	0.000000	0.000000	0.000000	0.000000	2.273736	0.000000
1764621941.319656610	-1.421692	-0.102579	0.033292	0.000000	0.000000	0.000000	0.008778	0.000281	-0.045314	-0.043863	0.274605	0.062309	nan	nan	nan	1.137376	8.225923	254.286980	0.000000	0.000000	0.000000	0.000000	2.273736	0.000000
1764621941.329786062	-1.451120	-0.249987	0.025877	0.000000	0.000000	0.000000	0.008778	0.000281	-0.045314	-0.036500	0.277889	0.054247	nan	nan	nan	1.123364	8.385284	254.321335	0.000000	0.000000	0.000000	0.000000	2.273736	0.000000
1764621941.349939346	-1.487734	-0.076447	0.063541	0.000000	0.000000	0.000000	0.008778	0.000281	-0.045314	-0.036969	0.283688	0.066899	nan	nan	nan	1.110198	8.544239	254.363518	0.000000	0.000000	0.000000	0.000000	2.273736	0.000000
1764621941.349964857	-1.509916	-0.238597	0.024535	0.000000	0.000000	0.000000	0.008778	0.000281	-0.045314	-0.042902	0.276457	0.060551	nan	nan	nan	1.095314	8.702443	254.399529	0.000000	0.000000	0.000000	0.000000	2.273736	0.000000
1764621941.359642029	-1.537327	-0.075753	0.073536	0.000000	0.000000	0.000000	0.008778	0.000281	-0.045314	-0.047959	0.274320	0.054596	nan	nan	nan	1.074519	8.859903	254.437073	0.000000	0.000000	0.000000	0.000000	2.273736	0.000000
1764621941.379590511	-1.556358	-0.198973	0.053299	0.000000	0.000000	0.000000	0.008778	0.000281	-0.045314	-0.042073	0.276296	0.056649	nan	nan	nan	1.055496	9.017868	254.469475	0.000000	0.000000	0.000000	0.000000	2.273736	0.000000
1764621941.379617929	-1.579528	-0.103739	0.064644	0.000000	0.000000	0.000000	0.008778	0.000281	-0.045314	-0.055658	0.279071	0.062230	nan	nan	nan	1.034086	9.178679	254.509613	0.000000	0.000000	0.000000	0.000000	2.273736	0.000000
1764621941.389720440	-1.624390	-0.133757	0.078414	0.000000	0.000000	0.000000	0.008778	0.000281	-0.045314	-0.060656	0.284755	0.060826	nan	nan	nan	1.007091	9.338243	254.545387	0.000000	0.000000	0.000000	0.000000	2.273736	0.000000
1764621941.399619579	-1.635304	-0.169614	0.075523	0.000000	0.000000	0.000000	0.008778	0.000281	-0.045314	-0.051288	0.269753	0.056003	nan	nan	nan	0.988818	9.494202	254.582481	0.000000	0.000000	0.000000	0.000000	2.273736	0.000000
1764621941.410004139	-1.688520	-0.067240	0.097148	0.000000	0.000000	0.000000	0.008778	0.000281	-0.045314	-0.052999	0.266096	0.066004	nan	nan	nan	0.965341	9.646311	254.620583	0.000000	0.000000	0.000000	0.000000	2.273736	0.000000
1764621941.434055567	-1.689237	-0.205043	0.070999	0.000000	0.000000	0.000000	0.008778	0.000281	-0.045314	-0.042960	0.268718	0.061480	nan	nan	nan	0.948306	9.797556	254.657951	0.000000	0.000000	0.000000	0.000000	2.273736	0.000000
1764621941.434081793	-1.736979	-0.044339	0.099912	0.000000	0.000000	0.000000	0.008778	0.000281	-0.045314	-0.054564	0.255737	0.057932	nan	nan	nan	0.925796	9.948245	254.696449	0.000000	0.000000	0.000000	0.000000	2.273736	0.000000
1764621941.439629316	-1.749747	-0.184694	0.088937	0.000000	0.000000	0.000000	0.008778	0.000281	-0.045314	-0.054079	0.263670	0.058470	nan	nan	nan	0.905411	10.094514	254.732391	0.000000	0.000000	0.000000	0.000000	2.273736	0.000000
1764621941.458679676	-1.747968	-0.056876	0.080231	0.000000	0.000000	0.000000	0.008778	0.000281	-0.045314	-0.051065	0.258361	0.063431	nan	nan	nan	0.884515	10.246010	254.767967	0.000000	0.000000	0.000000	0.000000	2.273736	0.000000
1764621941.460068941	-1.789315	-0.145777	0.112557	0.000000	0.000000	0.000000	0.008778	0.000281	-0.045314	-0.048379	0.259035	0.058457	nan	nan	nan	0.863187	10.392076	254.803200	0.000000	0.000000	0.000000	0.000000	2.273736	0.000000
1764621941.470758915	-1.805022	-0.091351	0.091589	0.000000	0.000000	0.000000	nan	nan	nan	-0.063284	0.256716	0.047150	nan	nan	nan	0.836510	10.538121	254.836609	0.000000	0.000000	0.000000	0.000000	2.273736	0.000000
1764621941.481773615	-1.846724	-0.113917	0.131226	0.000000	0.000000	0.000000	nan	nan	nan	-0.055946	0.245305	0.057437	nan	nan	nan	0.813036	10.679488	254.869713	0.000000	0.000000	0.000000	0.000000	2.273736	0.000000
1764621941.498799801	-1.860674	-0.099504	0.090624	0.000000	0.000000	0.000000	nan	nan	nan	-0.048971	0.255758	0.059003	nan	nan	nan	0.794409	10.826115	254.903824	0.000000	0.000000	0.000000	0.000000	2.273736	0.000000
1764621941.500252008	-1.903817	-0.065800	0.136188	0.000000	0.000000	0.000000	nan	nan	nan	-0.057733	0.248076	0.057976	nan	nan	nan	0.770740	10.968359	254.942856	0.000000	0.000000	0.000000	0.000000	2.273736	0.000000
1764621941.509645700	-1.934256	-0.102381	0.147507	0.000000	0.000000	0.000000	nan	nan	nan	-0.068850	0.248804	0.058084	nan	nan	nan	0.741201	11.109714	254.978134	0.000000	0.000000	0.000000	0.000000	2.273736	0.000000
1764621941.519433022	-1.933367	-0.061832	0.098273	0.000000	0.000000	0.000000	nan	nan	nan	-0.057967	0.250901	0.055462	nan	nan	nan	0.715744	11.254858	255.009430	0.000000	0.000000	0.000000	0.000000	2.273736	0.000000
1764621941.529094934	-1.963592	-0.096327	0.153040	0.000000	0.000000	0.000000	nan	nan	nan	-0.056086	0.246397	0.054102	nan	nan	nan	0.692142	11.393222	255.044296	0.000000	0.000000	0.000000	0.000000	2.273736	0.000000
1764621941.548900366	-1.969023	-0.064470	0.107556	0.000000	0.000000	0.000000	nan	nan	nan	-0.067846	0.237588	0.058807	nan	nan	nan	0.664478	11.533298	255.078667	0.000000	0.000000	0.000000	0.000000	2.273736	0.000000
1764621941.550228119	-2.019174	-0.068999	0.194157	0.000000	0.000000	0.000000	nan	nan	nan	-0.064237	0.238239	0.052538	nan	nan	nan	0.636783	11.667328	255.111465	0.000000	0.000000	0.000000	0.000000	2.273736	0.000000
1764621941.559496164	-2.016488	-0.072600	0.118602	0.000000	0.000000	0.000000	nan	nan	nan	-0.059928	0.242722	0.053997	nan	nan	nan	0.609129	11.804837	255.143227	0.000000	0.000000	0.000000	0.000000	2.273736	0.000000
1764621941.579783440	-2.052202	-0.091395	0.197286	0.000000	0.000000	0.000000	nan	nan	nan	-0.066513	0.237538	0.049612	nan	nan	nan	0.581666	11.942245	255.173660	0.000000	0.000000	0.000000	0.000000	2.273736	0.000000
1764621941.579812050	-2.087577	-0.024383	0.155436	0.000000	0.000000	0.000000	nan	nan	nan	-0.069011	0.250429	0.058360	nan	nan	nan	0.551720	12.083467	255.205582	0.000000	0.000000	0.000000	0.000000	2.273736	0.000000
1764621941.590432882	-2.096080	-0.096130	0.163426	0.000000	0.000000	0.000000	nan	nan	nan	-0.049862	0.230946	0.047519	nan	nan	nan	0.530792	12.217793	255.236938	0.000000	0.000000	0.000000	0.000000	2.273736	0.000000
1764621941.600906134	-2.124319	-0.009984	0.205074	0.000000	0.000000	0.000000	nan	nan	nan	-0.064336	0.231640	0.058903	nan	nan	nan	0.502477	12.351343	255.269539	0.000000	0.000000	0.000000	0.000000	2.273736	0.000000
1764621941.615371704	-2.120891	-0.095832	0.153443	0.000000	0.000000	0.000000	nan	nan	nan	-0.067181	0.232264	0.041484	nan	nan	nan	0.472720	12.482605	255.298286	0.000000	0.000000	0.000000	0.000000	2.273736	0.000000
1764621941.631780863	-2.182395	0.015197	0.236513	0.000000	0.000000	0.000000	nan	nan	nan	-0.073656	0.227165	0.048627	nan	nan	nan	0.442911	12.612758	255.325554	0.000000	0.000000	0.000000	0.000000	2.273736	0.000000
1764621941.631814480	-2.192864	-0.050573	0.153106	0.000000	0.000000	0.000000	nan	nan	nan	-0.070508	0.223836	0.057094	nan	nan	nan	0.409408	12.740170	255.358704	0.000000	0.000000	0.000000	0.000000	2.273736	0.000000
1764621941.640512705	-2.205706	-0.025680	0.240837	0.000000	0.000000	0.000000	nan	nan	nan	-0.070788	0.219111	0.046606	nan	nan	nan	0.378318	12.867998	255.384979	0.000000	0.000000	0.000000	0.000000	2.273736	0.000000
1764621941.650470972	-2.228239	-0.001919	0.164563	0.000000	0.000000	0.000000	nan	nan	nan	-0.063407	0.220888	0.052302	nan	nan	nan	0.349728	12.993104	255.418564	0.000000	0.000000	0.000000	0.000000	2.273736	0.000000
1764621941.670361996	-2.266957	-0.041825	0.231228	0.000000	0.000000	0.000000	nan	nan	nan	-0.071242	0.221490	0.050413	nan	nan	nan	0.320801	13.120253	255.447861	0.000000	0.000000	0.000000	0.000000	2.273736	0.000000
1764621941.676786184	-2.269424	0.036293	0.195074	0.000000	0.000000	0.000000	nan	nan	nan	-0.071644	0.219787	0.055783	nan	nan	nan	0.287955	13.244321	255.478653	0.000000	0.000000	0.000000	0.000000	2.273736	0.000000
1764621941.681080580	-2.279503	-0.093363	0.200487	0.000000	0.000000	0.000000	nan	nan	nan	-0.068187	0.225968	0.044206	nan	nan	nan	0.257847	13.373314	255.504845	0.000000	0.000000	0.000000	0.000000	2.273736	0.000000
1764621941.698254585	-2.325881	0.066803	0.252120	0.000000	0.000000	0.000000	nan	nan	nan	-0.068463	0.210825	0.044901	nan	nan	nan	0.225143	13.497130	255.533424	0.000000	0.000000	0.000000	0.000000	2.273736	0.000000
1764621941.700096846	-2.326751	-0.078631	0.207738	0.000000	0.000000	0.000000	nan	nan	nan	-0.059390	0.217423	0.053270	nan	nan	nan	0.199710	13.621776	255.563522	0.000000	0.000000	0.000000	0.000000	2.273736	0.000000
1764621941.711233139	-2.369064	0.076825	0.253480	0.000000	0.000000	0.000000	nan	nan	nan	-0.059816	0.208003	0.043414	nan	nan	nan	0.175986	13.742218	255.589249	0.000000	0.000000	0.000000	0.000000	2.273736	0.000000
1764621941.720797062	-2.370161	-0.033931	0.209871	0.000000	0.000000	0.000000	0.038032	-0.003895	-0.066055	-0.071051	0.215333	0.044498	nan	nan	nan	0.141214	13.863133	255.613068	0.000000	0.000000	0.000000	0.000000	2.273736	0.000000
1764621941.730626583	-2.394800	0.025022	0.248043	0.000000	0.000000	0.000000	0.038032	-0.003895	-0.066055	-0.072924	0.197362	0.050649	nan	nan	nan	0.112725	13.977406	255.643402	0.000000	0.000000	0.000000	0.000000	2.273736	0.000000
1764621941.740568399	-2.435556	0.059368	0.241826	0.000000	0.000000	0.000000	0.038032	-0.003895	-0.066055	-0.068542	0.216133	0.041204	nan	nan	nan	0.078831	14.098815	255.665283	0.000000	0.000000	0.000000	0.000000	2.273736	0.000000
1764621941.750649691	-2.434876	-0.005650	0.256528	0.000000	0.000000	0.000000	0.038032	-0.003895	-0.066055	-0.073762	0.210234	0.043767	nan	nan	nan	0.048384	14.222486	255.692352	0.000000	0.000000	0.000000	0.000000	2.273736	0.000000
1764621941.760853529	-2.459816	0.094041	0.250946	0.000000	0.000000	0.000000	0.038032	-0.003895	-0.066055	-0.067526	0.196863	0.044161	nan	nan	nan	0.015979	14.334344	255.718102	0.000000	0.000000	0.000000	0.000000	2.273736	0.000000
1764621941.774482965	-2.475868	-0.018179	0.283360	0.000000	0.000000	0.000000	0.038032	-0.003895	-0.066055	-0.066345	0.205344	0.035887	nan	nan	nan	-0.013800	14.452685	255.737122	0.000000	0.000000	0.000000	0.000000	2.273736	0.000000
1764621941.790113926	-2.484277	0.104092	0.271102	0.000000	0.000000	0.000000	0.038032	-0.003895	-0.066055	-0.070812	0.200457	0.039459	nan	nan	nan	-0.046299	14.568402	255.760696	0.000000	0.000000	0.000000	0.000000	2.273736	0.000000
1764621941.791401148	-2.510325	-0.003668	0.297845	0.000000	0.000000	0.000000	0.038032	-0.003895	-0.066055	-0.068292	0.194183	0.042250	nan	nan	nan	-0.075153	14.681129	255.786835	0.000000	0.000000	0.000000	0.000000	2.273736	0.000000
1764621941.800746441	-2.519348	0.092011	0.268849	0.000000	0.000000	0.000000	0.038032	-0.003895	-0.066055	-0.068039	0.184019	0.042469	nan	nan	nan	-0.108124	14.785929	255.811111	0.000000	0.000000	0.000000	0.000000	2.273736	0.000000
1764621941.819646358	-2.551016	0.048606	0.302408	0.000000	0.000000	0.000000	0.038032	-0.003895	-0.066055	-0.060350	0.190738	0.039038	nan	nan	nan	-0.137785	14.894720	255.834190	0.000000	0.000000	0.000000	0.000000	2.273736	0.000000
1764621941.828044415	-2.561325	0.071958	0.280964	0.000000	0.000000	0.000000	0.038032	-0.003895	-0.066055	-0.063598	0.186872	0.032914	nan	nan	nan	-0.163268	15.002514	255.851654	0.000000	0.000000	0.000000	0.000000	2.273736	0.000000
1764621941.830452919	-2.592784	0.078020	0.313736	0.000000	0.000000	0.000000	0.038032	-0.003895	-0.066055	-0.059555	0.181288	0.030746	nan	nan	nan	-0.193460	15.107724	255.868904	0.000000	0.000000	0.000000	0.000000	2.273736	0.000000
1764621941.840303659	-2.601187	0.059700	0.305768	0.000000	0.000000	0.000000	0.038032	-0.003895	-0.066055	-0.059680	0.180357	0.036757	nan	nan	nan	-0.217650	15.211366	255.888016	0.000000	0.000000	0.000000	0.000000	2.273736	0.000000
1764621941.851825237	-2.607489	0.113915	0.309331	0.000000	0.000000	0.000000	0.038032	-0.003895	-0.066055	-0.060210	0.185312	0.039430	nan	nan	nan	-0.243405	15.315405	255.912590	0.000000	0.000000	0.000000	0.000000	2.273736	0.000000
1764621941.868887186	-2.623612	0.077178	0.335552	0.000000	0.000000	0.000000	0.038032	-0.003895	-0.066055	-0.069827	0.184996	0.023367	nan	nan	nan	-0.277213	15.421014	255.925751	0.000000	0.000000	0.000000	0.000000	2.273736	0.000000
1764621941.875427485	-2.635190	0.079002	0.274666	0.000000	0.000000	0.000000	0.038032	-0.003895	-0.066055	-0.062669	0.177189	0.030390	nan	nan	nan	-0.307090	15.523244	255.941330	0.000000	0.000000	0.000000	0.000000	2.273736	0.000000
1764621941.879994392	-2.657869	0.096206	0.358520	0.000000	0.000000	0.000000	0.038032	-0.003895	-0.066055	-0.056512	0.169113	0.033735	nan	nan	nan	-0.333163	15.621961	255.961143	0.000000	0.000000	0.000000	0.000000	2.273736	0.000000
1764621941.898185015	-2.669823	0.075418	0.282907	0.000000	0.000000	0.000000	0.038032	-0.003895	-0.066055	-0.063467	0.174036	0.039569	nan	nan	nan	-0.359953	15.720346	255.980690	0.000000	0.000000	0.000000	0.000000	2.273736	0.000000
1764621941.900410414	-2.689515	0.100739	0.352761	0.000000	0.000000	0.000000	0.038032	-0.003895	-0.066055	-0.063272	0.170907	0.034844	nan	nan	nan	-0.389113	15.822441	255.999290	0.000000	0.000000	0.000000	0.000000	2.273736	0.000000
1764621941.910158396	-2.721275	0.124196	0.305698	0.000000	0.000000	0.000000	0.038032	-0.003895	-0.066055	-0.057119	0.162622	0.033715	nan	nan	nan	-0.417940	15.913535	256.017319	0.000000	0.000000	0.000000	0.000000	2.273736	0.000000
1764621941.920347929	-2.724691	0.065579	0.337796	0.000000	0.000000	0.000000	0.038032	-0.003895	-0.066055	-0.060762	0.168844	0.033730	nan	nan	nan	-0.440930	16.011093	256.036682	0.000000	0.000000	0.000000	0.000000	2.273736	0.000000
1764621941.930371761	-2.742156	0.183983	0.378405	0.000000	0.000000	0.000000	0.038032	-0.003895	-0.066055	-0.056375	0.165980	0.027949	nan	nan	nan	-0.467917	16.107311	256.053276	0.000000	0.000000	0.000000	0.000000	2.273736	0.000000
1764621941.949093819	-2.735318	0.043210	0.320627	0.000000	0.000000	0.000000	0.038032	-0.003895	-0.066055	-0.059508	0.151401	0.023508	nan	nan	nan	-0.496056	16.195019	256.065399	0.000000	0.000000	0.000000	0.000000	2.273736	0.000000
1764621941.949106216	-2.795755	0.200286	0.403670	0.000000	0.000000	0.000000	0.038032	-0.003895	-0.066055	-0.060596	0.169572	0.026191	nan	nan	nan	-0.522962	16.288485	256.079453	0.000000	0.000000	0.000000	0.000000	2.273736	0.000000
1764621941.959615231	-2.790397	0.078050	0.331344	0.000000	0.000000	0.000000	0.038032	-0.003895	-0.066055	-0.054999	0.143288	0.025528	nan	nan	nan	-0.549629	16.379345	256.092163	0.000000	0.000000	0.000000	0.000000	2.273736	0.000000
1764621941.969863176	-2.801234	0.168140	0.398238	0.000000	0.000000	0.000000	0.039943	-0.014147	-0.079737	-0.052238	0.152284	0.035198	nan	nan	nan	-0.571836	16.462605	256.108543	0.000000	0.000000	0.000000	0.000000	2.273736	0.000000
1764621941.984570980	-2.818917	0.120656	0.343092	0.000000	0.000000	0.000000	0.039943	-0.014147	-0.079737	-0.047145	0.145575	0.020735	nan	nan	nan	-0.596375	16.545282	256.122658	0.000000	0.000000	0.000000	0.000000	2.273736	0.000000
1764621941.990290880	-2.824121	0.113052	0.367352	0.000000	0.000000	0.000000	0.039943	-0.014147	-0.079737	-0.058173	0.150815	0.025096	nan	nan	nan	-0.619415	16.631901	256.134331	0.000000	0.000000	0.000000	0.000000	2.273736	0.000000
1764621942.000315666	-2.855459	0.211929	0.366462	0.000000	0.000000	0.000000	0.039943	-0.014147	-0.079737	-0.043094	0.146691	0.025982	nan	nan	nan	-0.641497	16.717094	256.147202	0.000000	0.000000	0.000000	0.000000	2.273736	0.000000
1764621942.010885000	-2.851182	0.066354	0.385363	0.000000	0.000000	0.000000	0.039943	-0.014147	-0.079737	-0.053388	0.142504	0.030294	nan	nan	nan	-0.664015	16.795824	256.163162	0.000000	0.000000	0.000000	0.000000	2.273736	0.000000
1764621942.020960808	-2.876805	0.240468	0.408508	0.000000	0.000000	0.000000	0.039943	-0.014147	-0.079737	-0.044383	0.139196	0.017508	nan	nan	nan	-0.683099	16.878141	256.175285	0.000000	0.000000	0.000000	0.000000	2.273736	0.000000
1764621942.034631491	-2.880427	0.054987	0.362195	0.000000	0.000000	0.000000	0.039943	-0.014147	-0.079737	-0.051878	0.137407	0.026467	nan	nan	nan	-0.708316	16.956186	256.187981	0.000000	0.000000	0.000000	0.000000	2.273736	0.000000
1764621942.040263653	-2.893862	0.246251	0.415034	0.000000	0.000000	0.000000	0.039943	-0.014147	-0.079737	-0.042008	0.137713	0.018141	nan	nan	nan	-0.726783	17.034359	256.196983	0.000000	0.000000	0.000000	0.000000	2.273736	0.000000
1764621942.050665617	-2.913523	0.093380	0.408607	0.000000	0.000000	0.000000	0.039943	-0.014147	-0.079737	-0.050217	0.132887	0.019957	nan	nan	nan	-0.750624	17.114565	256.205086	0.000000	0.000000	0.000000	0.000000	2.273736	0.000000
1764621942.060543537	-2.921759	0.211970	0.403179	0.000000	0.000000	0.000000	0.039943	-0.014147	-0.079737	-0.044285	0.127834	0.021980	nan	nan	nan	-0.768898	17.188072	256.217720	0.000000	0.000000	0.000000	0.000000	2.273736	0.000000
1764621942.073646784	-2.945111	0.161382	0.413909	0.000000	0.000000	0.000000	0.039943	-0.014147	-0.079737	-0.036817	0.121031	0.014965	nan	nan	nan	-0.785381	17.255960	256.223900	0.000000	0.000000	0.000000	0.000000	2.273736	0.000000
1764621942.080004454	-2.936740	0.160596	0.388554	0.000000	0.000000	0.000000	0.039943	-0.014147	-0.079737	-0.040065	0.128655	0.029024	nan	nan	nan	-0.803638	17.330776	256.237816	0.000000	0.000000	0.000000	0.000000	2.273736	0.000000
1764621942.099635124	-2.955716	0.199779	0.441428	0.000000	0.000000	0.000000	0.039943	-0.014147	-0.079737	-0.042673	0.124365	0.011952	nan	nan	nan	-0.821882	17.401854	256.244263	0.000000	0.000000	0.000000	0.000000	2.273736	0.000000
1764621942.103184938	-2.972324	0.140001	0.422233	0.000000	0.000000	0.000000	0.039943	-0.014147	-0.079737	-0.044125	0.121234	0.025008	nan	nan	nan	-0.840362	17.471970	256.256706	0.000000	0.000000	0.000000	0.000000	2.273736	0.000000
1764621942.110330820	-2.979195	0.235656	0.423721	0.000000	0.000000	0.000000	0.039943	-0.014147	-0.079737	-0.032285	0.118445	0.014814	nan	nan	nan	-0.855713	17.540285	256.263687	0.000000	0.000000	0.000000	0.000000	2.273736	0.000000
1764621942.120107412	-2.986976	0.138712	0.437709	0.000000	0.000000	0.000000	0.039943	-0.014147	-0.079737	-0.034795	0.115687	0.009209	nan	nan	nan	-0.871449	17.607983	256.268654	0.000000	0.000000	0.000000	0.000000	2.273736	0.000000
1764621942.130704403	-2.985443	0.210058	0.404555	0.000000	0.000000	0.000000	0.039943	-0.014147	-0.079737	-0.032003	0.103536	0.019795	nan	nan	nan	-0.884823	17.669088	256.277580	0.000000	0.000000	0.000000	0.000000	2.273736	0.000000
1764621942.143716812	-3.009236	0.179815	0.463958	0.000000	0.000000	0.000000	0.039943	-0.014147	-0.079737	-0.029458	0.112284	0.013480	nan	nan	nan	-0.899109	17.731628	256.285904	0.000000	0.000000	0.000000	0.000000	2.273736	0.000000
1764621942.150631189	-3.002878	0.199314	0.395258	0.000000	0.000000	0.000000	0.039943	-0.014147	-0.079737	-0.024534	0.102879	0.012454	nan	nan	nan	-0.909636	17.794483	256.289795	0.000000	0.000000	0.000000	0.000000	2.273736	0.000000
1764621942.160083532	-3.027842	0.155589	0.457661	0.000000	0.000000	0.000000	0.039943	-0.014147	-0.079737	-0.026252	0.104414	0.016474	nan	nan	nan	-0.918787	17.851875	256.297554	0.000000	0.000000	0.000000	0.000000	2.273736	0.000000
1764621942.169875145	-3.047369	0.213354	0.424902	0.000000	0.000000	0.000000	0.039943	-0.014147	-0.079737	-0.023770	0.102055	0.017258	nan	nan	nan	-0.927963	17.913851	256.303543	0.000000	0.000000	0.000000	0.000000	2.273736	0.000000
1764621942.179780722	-3.038200	0.145465	0.429538	0.000000	0.000000	0.000000	0.039943	-0.014147	-0.079737	-0.019988	0.101342	0.014121	nan	nan	nan	-0.937160	17.967896	256.309402	0.000000	0.000000	0.000000	0.000000	2.273736	0.000000
1764621942.193564177	-3.046507	0.239480	0.460381	0.000000	0.000000	0.000000	0.039943	-0.014147	-0.079737	-0.019583	0.098634	0.009460	nan	nan	nan	-0.941510	18.025717	256.314430	0.000000	0.000000	0.000000	0.000000	2.273736	0.000000
1764621942.200446367	-3.051121	0.152367	0.412480	0.000000	0.000000	0.000000	0.039943	-0.014147	-0.079737	-0.024241	0.091722	0.014997	nan	nan	nan	-0.949956	18.078756	256.322166	0.000000	0.000000	0.000000	0.000000	2.273736	0.000000
1764621942.210688829	-3.097622	0.240474	0.501635	0.000000	0.000000	0.000000	0.039943	-0.014147	-0.079737	-0.018671	0.084395	0.017798	nan	nan	nan	-0.959107	18.128166	256.329681	0.000000	0.000000	0.000000	0.000000	2.273736	0.000000
1764621942.223670244	-3.060454	0.178665	0.412815	0.000000	0.000000	0.000000	0.043448	-0.003431	-0.089489	-0.021949	0.085999	0.006377	nan	nan	nan	-0.966837	18.178505	256.334747	0.000000	0.000000	0.000000	0.000000	2.273736	0.000000
1764621942.230622768	-3.081333	0.205221	0.494685	0.000000	0.000000	0.000000	0.043448	-0.003431	-0.089489	-0.021023	0.088816	0.025942	nan	nan	nan	-0.971365	18.227812	256.345314	0.000000	0.000000	0.000000	0.000000	2.273736	0.000000
1764621942.240252256	-3.072871	0.195060	0.432423	0.000000	0.000000	0.000000	0.043448	-0.003431	-0.089489	-0.009727	0.083578	0.016124	nan	nan	nan	-0.975544	18.276823	256.354561	0.000000	0.000000	0.000000	0.000000	2.273736	0.000000
1764621942.250103235	-3.105006	0.154179	0.479961	0.000000	0.000000	0.000000	0.043448	-0.003431	-0.089489	-0.013961	0.076677	0.010432	nan	nan	nan	-0.975764	18.321499	256.360214	0.000000	0.000000	0.000000	0.000000	2.273736	0.000000
1764621942.260469198	-3.106142	0.277283	0.470067	0.000000	0.000000	0.000000	0.043448	-0.003431	-0.089489	-0.007110	0.071728	0.000662	nan	nan	nan	-0.980413	18.365238	256.357132	0.000000	0.000000	0.000000	0.000000	2.273736	0.000000
1764621942.272629023	-3.099696	0.114433	0.447670	0.000000	0.000000	0.000000	0.043448	-0.003431	-0.089489	-0.021101	0.070356	0.010857	nan	nan	nan	-0.986235	18.405178	256.361168	0.000000	0.000000	0.000000	0.000000	2.273736	0.000000
1764621942.279839993	-3.118049	0.279713	0.490068	0.000000	0.000000	0.000000	0.043448	-0.003431	-0.089489	-0.011063	0.070045	0.014756	nan	nan	nan	-0.988817	18.444532	256.367912	0.000000	0.000000	0.000000	0.000000	2.273736	0.000000
1764621942.300508976	-3.132189	0.126699	0.467435	0.000000	0.000000	0.000000	0.043448	-0.003431	-0.089489	-0.006651	0.071811	0.011734	nan	nan	nan	-0.989928	18.486462	256.373077	0.000000	0.000000	0.000000	0.000000	2.273736	0.000000
1764621942.302034378	-3.141987	0.266025	0.501465	0.000000	0.000000	0.000000	0.043448	-0.003431	-0.089489	-0.014404	0.067388	0.015301	nan	nan	nan	-0.991379	18.525694	256.378494	0.000000	0.000000	0.000000	0.000000	2.273736	0.000000
1764621942.310203552	-3.135449	0.188792	0.469881	0.000000	0.000000	0.000000	0.043448	-0.003431	-0.089489	-0.005781	0.072032	-0.004604	nan	nan	nan	-0.994753	18.565533	256.377251	0.000000	0.000000	0.000000	0.000000	2.273736	0.000000
1764621942.320444107	-3.150625	0.207941	0.486064	0.000000	0.000000	0.000000	0.043448	-0.003431	-0.089489	-0.011371	0.060851	0.015951	nan	nan	nan	-0.994332	18.603195	256.383018	0.000000	0.000000	0.000000	0.000000	2.273736	0.000000
1764621942.340272903	-3.144493	0.254128	0.496372	0.000000	0.000000	0.000000	0.043448	-0.003431	-0.089489	-0.004172	0.056872	-0.003154	nan	nan	nan	-0.995872	18.634857	256.382568	0.000000	0.000000	0.000000	0.000000	2.273736	0.000000
1764621942.342309475	-3.152406	0.155352	0.477039	0.000000	0.000000	0.000000	0.043448	-0.003431	-0.089489	-0.006548	0.063540	-0.000874	nan	nan	nan	-0.997969	18.670889	256.379486	0.000000	0.000000	0.000000	0.000000	2.273736	0.000000
1764621942.351109028	-3.163486	0.270631	0.482863	0.000000	0.000000	0.000000	0.043448	-0.003431	-0.089489	0.002184	0.050511	0.005877	nan	nan	nan	-0.997128	18.702612	256.379745	0.000000	0.000000	0.000000	0.000000	2.273736	0.000000
1764621942.360611439	-3.165348	0.143107	0.496040	0.000000	0.000000	0.000000	0.043448	-0.003431	-0.089489	0.005333	0.046831	0.000988	nan	nan	nan	-0.989807	18.727478	256.380836	0.000000	0.000000	0.000000	0.000000	2.273736	0.000000
1764621942.379317760	-3.156835	0.248085	0.458355	0.000000	0.000000	0.000000	0.043448	-0.003431	-0.089489	-0.009375	0.051676	0.010630	nan	nan	nan	-0.988639	18.757681	256.382645	0.000000	0.000000	0.000000	0.000000	2.273736	0.000000
1764621942.387480259	-3.179206	0.179793	0.503786	0.000000	0.000000	0.000000	0.043448	-0.003431	-0.089489	-0.002356	0.051441	0.005457	nan	nan	nan	-0.991278	18.788631	256.383575	0.000000	0.000000	0.000000	0.000000	2.273736	0.000000
1764621942.390254498	-3.162752	0.242511	0.477914	0.000000	0.000000	0.000000	0.043448	-0.003431	-0.089489	0.002214	0.041832	0.002353	nan	nan	nan	-0.986144	18.813848	256.386070	0.000000	0.000000	0.000000	0.000000	2.273736	0.000000
1764621942.400113821	-3.177220	0.198740	0.520913	0.000000	0.000000	0.000000	0.043448	-0.003431	-0.089489	0.003908	0.042118	0.010515	nan	nan	nan	-0.982880	18.837305	256.389671	0.000000	0.000000	0.000000	0.000000	2.273736	0.000000
1764621942.410155296	-3.170003	0.197569	0.479133	0.000000	0.000000	0.000000	0.043448	-0.003431	-0.089489	0.013465	0.036352	0.012029	nan	nan	nan	-0.970351	18.860142	256.392052	0.000000	0.000000	0.000000	0.000000	2.273736	0.000000
1764621942.420753479	-3.181826	0.183204	0.516055	0.000000	0.000000	0.000000	0.043448	-0.003431	-0.089489	0.021249	0.038859	0.004009	nan	nan	nan	-0.956555	18.881800	256.398209	0.000000	0.000000	0.000000	0.000000	2.273736	0.000000
1764621942.433581829	-3.191808	0.186486	0.495119	0.000000	0.000000	0.000000	0.043448	-0.003431	-0.089489	0.008154	0.027804	0.006472	nan	nan	nan	-0.944346	18.896679	256.398682	0.000000	0.000000	0.000000	0.000000	2.273736	0.000000
1764621942.440370321	-3.195889	0.215151	0.475163	0.000000	0.000000	0.000000	0.043448	-0.003431	-0.089489	0.021272	0.028796	0.007435	nan	nan	nan	-0.931816	18.914616	256.400131	0.000000	0.000000	0.000000	0.000000	2.273736	0.000000
1764621942.450205803	-3.207829	0.190268	0.518905	0.000000	0.000000	0.000000	0.043448	-0.003431	-0.089489	0.009674	0.042190	0.000250	nan	nan	nan	-0.923340	18.939306	256.399605	0.000000	0.000000	0.000000	0.000000	2.273736	0.000000
1764621942.462836742	-3.192125	0.207583	0.467210	0.000000	0.000000	0.000000	0.043448	-0.003431	-0.089489	0.013675	0.033014	-0.001024	nan	nan	nan	-0.911388	18.956417	256.397186	0.000000	0.000000	0.000000	0.000000	2.273736	0.000000
1764621942.469882727	-3.201964	0.175841	0.531492	0.000000	0.000000	0.000000	0.043252	-0.031999	-0.106879	0.009092	0.014839	0.001416	nan	nan	nan	-0.904221	18.967333	256.399391	0.000000	0.000000	0.000000	0.000000	2.273736	0.000000
1764621942.479827881	-3.185690	0.203646	0.466651	0.000000	0.000000	0.000000	0.043252	-0.031999	-0.106879	0.017150	0.019457	0.005350	nan	nan	nan	-0.893641	18.977907	256.399017	0.000000	0.000000	0.000000	0.000000	2.273736	0.000000
1764621942.490490437	-3.193659	0.146760	0.506519	0.000000	0.000000	0.000000	0.043252	-0.031999	-0.106879	0.020342	0.013779	0.007742	nan	nan	nan	-0.879205	18.985590	256.401611	0.000000	0.000000	0.000000	0.000000	2.273736	0.000000
1764621942.500280142	-3.199888	0.219931	0.496190	0.000000	0.000000	0.000000	0.043252	-0.031999	-0.106879	0.019451	0.009229	-0.009927	nan	nan	nan	-0.865723	18.991550	256.396622	0.000000	0.000000	0.000000	0.000000	2.273736	0.000000
1764621942.513177156	-3.191759	0.127492	0.486950	0.000000	0.000000	0.000000	0.043252	-0.031999	-0.106879	0.015848	0.016400	0.002996	nan	nan	nan	-0.854098	19.002586	256.393272	0.000000	0.000000	0.000000	0.000000	2.273736	0.000000
1764621942.520315647	-3.216846	0.263033	0.536281	0.000000	0.000000	0.000000	0.043252	-0.031999	-0.106879	0.013656	0.004339	0.004465	nan	nan	nan	-0.842233	19.004868	256.395294	0.000000	0.000000	0.000000	0.000000	2.273736	0.000000
1764621942.539610147	-3.195233	0.143648	0.475155	0.000000	0.000000	0.000000	0.043252	-0.031999	-0.106879	0.017693	0.017562	-0.002481	nan	nan	nan	-0.833394	19.013794	256.392807	0.000000	0.000000	0.000000	0.000000	2.273736	0.000000
1764621942.541280031	-3.219613	0.203764	0.539995	0.000000	0.000000	0.000000	0.043252	-0.031999	-0.106879	0.017441	0.006261	-0.001334	nan	nan	nan	-0.820044	19.017416	256.390480	0.000000	0.000000	0.000000	0.000000	2.273736	0.000000
1764621942.550506592	-3.207560	0.157358	0.479421	0.000000	0.000000	0.000000	0.043252	-0.031999	-0.106879	0.018146	0.002692	-0.002935	nan	nan	nan	-0.807626	19.018772	256.386429	0.000000	0.000000	0.000000	0.000000	2.273736	0.000000
1764621942.560259342	-3.209548	0.145541	0.510768	0.000000	0.000000	0.000000	0.043252	-0.031999	-0.106879	0.022443	-0.003436	-0.009335	nan	nan	nan	-0.792421	19.020601	256.381142	0.000000	0.000000	0.000000	0.000000	2.273736	0.000000
1764621942.583095312	-3.199535	0.195785	0.472614	0.000000	0.000000	0.000000	0.043252	-0.031999	-0.106879	0.028461	0.002475	-0.001418	nan	nan	nan	-0.778866	19.020397	256.377380	0.000000	0.000000	0.000000	0.000000	2.273736	0.000000
1764621942.583155394	-3.193679	0.095965	0.485863	0.000000	0.000000	0.000000	0.043252	-0.031999	-0.106879	0.023632	-0.005402	-0.002529	nan	nan	nan	-0.760339	19.018854	256.375160	0.000000	0.000000	0.000000	0.000000	2.273736	0.000000
1764621942.590104342	-3.207318	0.250831	0.510482	0.000000	0.000000	0.000000	0.043252	-0.031999	-0.106879	0.032631	-0.006730	-0.008394	nan	nan	nan	-0.744800	19.012997	256.370117	0.000000	0.000000	0.000000	0.000000	2.273736	0.000000
1764621942.599965096	-3.185743	0.064592	0.495423	0.000000	0.000000	0.000000	0.043252	-0.031999	-0.106879	0.021818	-0.009046	0.000176	nan	nan	nan	-0.728388	19.009546	256.368423	0.000000	0.000000	0.000000	0.000000	2.273736	0.000000
1764621942.611055613	-3.212368	0.216580	0.520232	0.000000	0.000000	0.000000	0.043252	-0.031999	-0.106879	0.030912	-0.004817	-0.004340	nan	nan	nan	-0.710951	19.007185	256.366158	0.000000	0.000000	0.000000	0.000000	2.273736	0.000000
1764621942.622663021	-3.194611	0.085207	0.503270	0.000000	0.000000	0.000000	0.043252	-0.031999	-0.106879	0.026686	-0.017656	-0.006639	nan	nan	nan	-0.692946	18.999691	256.358383	0.000000	0.000000	0.000000	0.000000	2.273736	0.000000
1764621942.630517244	-3.206657	0.194046	0.492927	0.000000	0.000000	0.000000	0.043252	-0.031999	-0.106879	0.029984	-0.002512	-0.001322	nan	nan	nan	-0.672831	18.992844	256.357239	0.000000	0.000000	0.000000	0.000000	2.273736	0.000000
1764621942.640718937	-3.203576	0.160248	0.500530	0.000000	0.000000	0.000000	0.043252	-0.031999	-0.106879	0.031868	-0.022373	-0.006902	nan	nan	nan	-0.656244	18.984734	256.353333	0.000000	0.000000	0.000000	0.000000	2.273736	0.000000
1764621942.650280952	-3.186793	0.109018	0.506729	0.000000	0.000000	0.000000	0.043252	-0.031999	-0.106879	0.026263	-0.016879	-0.002444	nan	nan	nan	-0.637876	18.972021	256.347221	0.000000	0.000000	0.000000	0.000000	2.273736	0.000000
1764621942.669693947	-3.182232	0.194736	0.489266	0.000000	0.000000	0.000000	0.043252	-0.031999	-0.106879	0.033148	-0.018545	-0.006480	nan	nan	nan	-0.618252	18.963951	256.342804	0.000000	0.000000	0.000000	0.000000	2.273736	0.000000
1764621942.676011562	-3.188668	0.079750	0.496207	0.000000	0.000000	0.000000	0.043252	-0.031999	-0.106879	0.029316	-0.021483	-0.009276	nan	nan	nan	-0.602442	18.950130	256.335480	0.000000	0.000000	0.000000	0.000000	2.273736	0.000000
1764621942.680216789	-3.183802	0.179920	0.481459	0.000000	0.000000	0.000000	0.043252	-0.031999	-0.106879	0.026978	-0.023977	0.001395	nan	nan	nan	-0.583458	18.936079	256.335365	0.000000	0.000000	0.000000	0.000000	2.273736	0.000000
1764621942.690015316	-3.205530	0.088453	0.533622	0.000000	0.000000	0.000000	0.043252	-0.031999	-0.106879	0.026950	-0.018492	0.000050	nan	nan	nan	-0.566744	18.926052	256.332535	0.000000	0.000000	0.000000	0.000000	2.273736	0.000000
1764621942.703786612	-3.167300	0.149591	0.459857	0.000000	0.000000	0.000000	0.043252	-0.031999	-0.106879	0.024805	-0.033242	-0.012518	nan	nan	nan	-0.550110	18.905991	256.325882	0.000000	0.000000	0.000000	0.000000	2.273736	0.000000
1764621942.709869862	-3.187448	0.122392	0.537596	0.000000	0.000000	0.000000	0.043252	-0.031999	-0.106879	0.031423	-0.030304	-0.009606	nan	nan	nan	-0.534501	18.891329	256.317299	0.000000	0.000000	0.000000	0.000000	2.273736	0.000000
1764621942.719812632	-3.158664	0.137118	0.474778	0.000000	0.000000	0.000000	0.046196	-0.015580	-0.110218	0.030480	-0.028942	-0.001813	nan	nan	nan	-0.512519	18.873030	256.317688	0.000000	0.000000	0.000000	0.000000	2.273736	0.000000
1764621942.730743408	-3.165034	0.111221	0.501894	0.000000	0.000000	0.000000	0.046196	-0.015580	-0.110218	0.018724	-0.035865	0.001921	nan	nan	nan	-0.498640	18.853357	256.313782	0.000000	0.000000	0.000000	0.000000	2.273736	0.000000
1764621942.749361277	-3.180593	0.111240	0.507766	0.000000	0.000000	0.000000	0.046196	-0.015580	-0.110218	0.032535	-0.041292	-0.004441	nan	nan	nan	-0.481308	18.831532	256.309883	0.000000	0.000000	0.000000	0.000000	2.273736	0.000000
1764621942.750669241	-3.166513	0.116294	0.483299	0.000000	0.000000	0.000000	0.046196	-0.015580	-0.110218	0.034715	-0.031652	-0.004625	nan	nan	nan	-0.458789	18.810991	256.307190	0.000000	0.000000	0.000000	0.000000	2.273736	0.000000
1764621942.760281563	-3.176800	0.120336	0.530928	0.000000	0.000000	0.000000	0.046196	-0.015580	-0.110218	0.036254	-0.034097	-0.016291	nan	nan	nan	-0.438403	18.791845	256.297600	0.000000	0.000000	0.000000	0.000000	2.273736	0.000000
1764621942.779405832	-3.135003	0.102686	0.439263	0.000000	0.000000	0.000000	0.046196	-0.015580	-0.110218	0.030377	-0.046514	0.002326	nan	nan	nan	-0.418766	18.767704	256.295021	0.000000	0.000000	0.000000	0.000000	2.273736	0.000000
1764621942.787312746	-3.154565	0.103604	0.549120	0.000000	0.000000	0.000000	0.046196	-0.015580	-0.110218	0.025207	-0.042251	-0.013302	nan	nan	nan	-0.404139	18.740953	256.286873	0.000000	0.000000	0.000000	0.000000	2.273736	0.000000
1764621942.790882349	-3.120099	0.115236	0.434792	0.000000	0.000000	0.000000	0.046196	-0.015580	-0.110218	0.038926	-0.047279	-0.009700	nan	nan	nan	-0.383550	18.715818	256.278725	0.000000	0.000000	0.000000	0.000000	2.273736	0.000000
1764621942.800436258	-3.151651	0.082982	0.522066	0.000000	0.000000	0.000000	0.046196	-0.015580	-0.110218	0.026405	-0.047079	-0.003316	nan	nan	nan	-0.363298	18.687485	256.276497	0.000000	0.000000	0.000000	0.000000	2.273736	0.000000
1764621942.810555220	-3.135523	0.133758	0.466242	0.000000	0.000000	0.000000	0.046196	-0.015580	-0.110218	0.031292	-0.046312	-0.004548	nan	nan	nan	-0.346269	18.661724	256.272049	0.000000	0.000000	0.000000	0.000000	2.273736	0.000000
1764621942.824710369	-3.137503	0.028172	0.466547	0.000000	0.000000	0.000000	0.046196	-0.015580	-0.110218	0.030412	-0.043293	-0.016067	nan	nan	nan	-0.330736	18.638126	256.261818	0.000000	0.000000	0.000000	0.000000	2.273736	0.000000
1764621942.830299139	-3.140694	0.170411	0.504906	0.000000	0.000000	0.000000	0.046196	-0.015580	-0.110218	0.024755	-0.053840	-0.005659	nan	nan	nan	-0.315080	18.607649	256.253571	0.000000	0.000000	0.000000	0.000000	2.273736	0.000000
1764621942.839849234	-3.114006	0.003732	0.432744	0.000000	0.000000	0.000000	0.046196	-0.015580	-0.110218	0.025273	-0.061190	0.000481	nan	nan	nan	-0.299711	18.574938	256.255890	0.000000	0.000000	0.000000	0.000000	2.273736	0.000000
1764621942.859000206	-3.113146	0.148331	0.518658	0.000000	0.000000	0.000000	0.046196	-0.015580	-0.110218	0.031701	-0.058166	-0.006075	nan	nan	nan	-0.278056	18.538465	256.249565	0.000000	0.000000	0.000000	0.000000	2.273736	0.000000
1764621942.859013081	-3.111297	0.033222	0.444363	0.000000	0.000000	0.000000	0.046196	-0.015580	-0.110218	0.029244	-0.065159	-0.015084	nan	nan	nan	-0.262711	18.501558	256.240517	0.000000	0.000000	0.000000	0.000000	2.273736	0.000000
1764621942.870177031	-3.100756	0.079993	0.503376	0.000000	0.000000	0.000000	0.046196	-0.015580	-0.110218	0.025120	-0.056774	0.004731	nan	nan	nan	-0.244860	18.468781	256.237442	0.000000	0.000000	0.000000	0.000000	2.273736	0.000000
1764621942.880003214	-3.087172	0.103988	0.437703	0.000000	0.000000	0.000000	0.046196	-0.015580	-0.110218	0.035672	-0.057131	-0.010570	nan	nan	nan	-0.226935	18.433987	256.233070	0.000000	0.000000	0.000000	0.000000	2.273736	0.000000
1764621942.899422169	-3.087452	0.005243	0.470276	0.000000	0.000000	0.000000	0.046196	-0.015580	-0.110218	0.033889	-0.066649	-0.003397	nan	nan	nan	-0.204594	18.398369	256.227180	0.000000	0.000000	0.000000	0.000000	2.273736	0.000000
1764621942.900835037	-3.097509	0.146503	0.441193	0.000000	0.000000	0.000000	0.046196	-0.015580	-0.110218	0.018439	-0.062751	-0.012252	nan	nan	nan	-0.189547	18.362421	256.222122	0.000000	0.000000	0.000000	0.000000	2.273736	0.000000
1764621942.910028219	-3.077967	-0.010505	0.452552	0.000000	0.000000	0.000000	0.046196	-0.015580	-0.110218	0.021180	-0.070515	-0.009345	nan	nan	nan	-0.178660	18.323008	256.215561	0.000000	0.000000	0.000000	0.000000	2.273736	0.000000
1764621942.919940472	-3.078704	0.151390	0.464861	0.000000	0.000000	0.000000	0.046196	-0.015580	-0.110218	0.024875	-0.072730	-0.012172	nan	nan	nan	-0.162599	18.282372	256.206970	0.000000	0.000000	0.000000	0.000000	2.273736	0.000000
1764621942.930771112	-3.072961	-0.014415	0.440521	0.000000	0.000000	0.000000	0.046196	-0.015580	-0.110218	0.027076	-0.073293	-0.000587	nan	nan	nan	-0.147495	18.241810	256.202484	0.000000	0.000000	0.000000	0.000000	2.273736	0.000000
1764621942.948969603	-3.077969	0.108636	0.451241	0.000000	0.000000	0.000000	0.046196	-0.015580	-0.110218	0.022032	-0.077281	-0.012599	nan	nan	nan	-0.133601	18.195406	256.194206	0.000000	0.000000	0.000000	0.000000	2.273736	0.000000
1764621942.957614899	-3.052680	0.036228	0.457756	0.000000	0.000000	0.000000	0.046196	-0.015580	-0.110218	0.025208	-0.074189	-0.010296	nan	nan	nan	-0.122403	18.152849	256.186424	0.000000	0.000000	0.000000	0.000000	2.273736	0.000000
1764621942.960245609	-3.039630	0.070570	0.456972	0.000000	0.000000	0.000000	0.046196	-0.015580	-0.110218	0.012759	-0.063478	-0.006783	nan	nan	nan	-0.107479	18.114576	256.180260	0.000000	0.000000	0.000000	0.000000	2.273736	0.000000
1764621942.970185041	-3.040371	0.083331	0.461640	0.000000	0.000000	0.000000	0.054952	-0.018918	-0.116142	0.017686	-0.079421	-0.004563	nan	nan	nan	-0.101943	18.072145	256.173164	0.000000	0.000000	0.000000	0.000000	2.273736	0.000000
1764621942.982165098	-3.020277	0.013776	0.476097	0.000000	0.000000	0.000000	0.054952	-0.018918	-0.116142	0.015666	-0.073385	-0.006317	nan	nan	nan	-0.088490	18.028759	256.168785	0.000000	0.000000	0.000000	0.000000	2.273736	0.000000
1764621942.990059853	-3.022298	0.088696	0.421121	0.000000	0.000000	0.000000	0.054952	-0.018918	-0.116142	0.015159	-0.084744	-0.003981	nan	nan	nan	-0.075385	17.982349	256.168587	0.000000	0.000000	0.000000	0.000000	2.273736	0.000000
1764621942.999919176	-3.031206	0.022432	0.459181	0.000000	0.000000	0.000000	0.054952	-0.018918	-0.116142	0.018682	-0.073801	0.002141	nan	nan	nan	-0.065758	17.937761	256.166122	0.000000	0.000000	0.000000	0.000000	2.273736	0.000000
1764621943.009990931	-3.005577	0.087932	0.404270	0.000000	0.000000	0.000000	0.054952	-0.018918	-0.116142	0.019856	-0.085881	-0.003484	nan	nan	nan	-0.052883	17.892544	256.162056	0.000000	0.000000	0.000000	0.000000	2.273736	0.000000
1764621943.029530048	-3.016881	0.044430	0.478664	0.000000	0.000000	0.000000	0.054952	-0.018918	-0.116142	0.012334	-0.087911	-0.012002	nan	nan	nan	-0.044803	17.837595	256.153717	0.000000	0.000000	0.000000	0.000000	2.273736	0.000000
1764621943.029548645	-2.988822	0.054679	0.392717	0.000000	0.000000	0.000000	0.054952	-0.018918	-0.116142	0.013651	-0.086284	-0.006769	nan	nan	nan	-0.036007	17.790470	256.145813	0.000000	0.000000	0.000000	0.000000	2.273736	0.000000
1764621943.039975643	-2.977258	0.058653	0.453888	0.000000	0.000000	0.000000	0.054952	-0.018918	-0.116142	0.012630	-0.088605	-0.001937	nan	nan	nan	-0.025689	17.741177	256.145416	0.000000	0.000000	0.000000	0.000000	2.273736	0.000000
1764621943.049554110	-2.959522	0.044488	0.406743	0.000000	0.000000	0.000000	0.054952	-0.018918	-0.116142	0.002800	-0.099911	-0.003145	nan	nan	nan	-0.022577	17.684879	256.141350	0.000000	0.000000	0.000000	0.000000	2.273736	0.000000
1764621943.064021826	-2.961739	0.000900	0.415487	0.000000	0.000000	0.000000	0.054952	-0.018918	-0.116142	0.002844	-0.091191	-0.006825	nan	nan	nan	-0.018176	17.631519	256.136192	0.000000	0.000000	0.000000	0.000000	2.273736	0.000000
1764621943.069657803	-2.980363	0.069698	0.444944	0.000000	0.000000	0.000000	0.054952	-0.018918	-0.116142	0.006091	-0.086537	-0.007403	nan	nan	nan	-0.017284	17.580944	256.128380	0.000000	0.000000	0.000000	0.000000	2.273736	0.000000
1764621943.079555988	-2.947575	0.011120	0.396092	0.000000	0.000000	0.000000	0.054952	-0.018918	-0.116142	0.001145	-0.091743	-0.008006	nan	nan	nan	-0.016434	17.527676	256.122818	0.000000	0.000000	0.000000	0.000000	2.273736	0.000000
1764621943.089456320	-2.969977	0.080717	0.466036	0.000000	0.000000	0.000000	0.054952	-0.018918	-0.116142	-0.002572	-0.086716	-0.005159	nan	nan	nan	-0.011994	17.477085	256.117561	0.000000	0.000000	0.000000	0.000000	2.273736	0.000000
1764621943.108923197	-2.924402	0.008291	0.370292	0.000000	0.000000	0.000000	0.054952	-0.018918	-0.116142	-0.002386	-0.090786	-0.003101	nan	nan	nan	-0.013034	17.427252	256.115013	0.000000	0.000000	0.000000	0.000000	2.273736	0.000000
1764621943.116495132	-2.922840	0.032685	0.435798	0.000000	0.000000	0.000000	0.054952	-0.018918	-0.116142	0.009872	-0.097374	-0.000031	nan	nan	nan	-0.007277	17.371284	256.112297	0.000000	0.000000	0.000000	0.000000	2.273736	0.000000
1764621943.119772673	-2.908077	0.048545	0.363621	0.000000	0.000000	0.000000	0.054952	-0.018918	-0.116142	0.009054	-0.094289	0.004067	nan	nan	nan	0.000200	17.315151	256.114334	0.000000	0.000000	0.000000	0.000000	2.273736	0.000000
1764621943.138715982	-2.913045	0.007262	0.410578	0.000000	0.000000	0.000000	0.054952	-0.018918	-0.116142	-0.002252	-0.094189	-0.000040	nan	nan	nan	0.005555	17.262493	256.112686	0.000000	0.000000	0.000000	0.000000	2.273736	0.000000
1764621943.146209955	-2.905373	0.097220	0.393048	0.000000	0.000000	0.000000	0.054952	-0.018918	-0.116142	0.006413	-0.094980	-0.009501	nan	nan	nan	0.007075	17.206924	256.104286	0.000000	0.000000	0.000000	0.000000	2.273736	0.000000
1764621943.149432421	-2.865515	-0.025429	0.382216	0.000000	0.000000	0.000000	0.054952	-0.018918	-0.116142	-0.004403	-0.093202	0.000366	nan	nan	nan	0.009127	17.153303	256.101509	0.000000	0.000000	0.000000	0.000000	2.273736	0.000000
1764621943.159436703	-2.876509	0.115660	0.435854	0.000000	0.000000	0.000000	0.054952	-0.018918	-0.116142	-0.007767	-0.104541	0.000271	nan	nan	nan	0.006634	17.096275	256.100677	0.000000	0.000000	0.000000	0.000000	2.273736	0.000000
1764621943.169789314	-2.855056	-0.033157	0.376284	0.000000	0.000000	0.000000	0.054952	-0.018918	-0.116142	-0.010056	-0.098792	0.000776	nan	nan	nan	0.003110	17.038601	256.095993	0.000000	0.000000	0.000000	0.000000	2.273736	0.000000
1764621943.179644108	-2.867932	0.115992	0.417914	0.000000	0.000000	0.000000	0.054952	-0.018918	-0.116142	-0.006161	-0.102702	-0.002011	nan	nan	nan	-0.000270	16.982227	256.094772	0.000000	0.000000	0.000000	0.000000	2.273736	0.000000
1764621943.193218708	-2.858433	-0.006794	0.378073	0.000000	0.000000	0.000000	0.054952	-0.018918	-0.116142	0.000837	-0.100508	-0.002167	nan	nan	nan	0.000203	16.923248	256.093788	0.000000	0.000000	0.000000	0.000000	2.273736	0.000000
1764621943.198486567	-2.841585	0.037805	0.382964	0.000000	0.000000	0.000000	0.054952	-0.018918	-0.116142	-0.007223	-0.099962	-0.002301	nan	nan	nan	0.003280	16.865103	256.090858	0.000000	0.000000	0.000000	0.000000	2.273736	0.000000
1764621943.209511042	-2.831948	0.070772	0.388180	0.000000	0.000000	0.000000	0.054952	-0.018918	-0.116142	-0.002364	-0.102245	-0.004198	nan	nan	nan	-0.000119	16.806726	256.085976	0.000000	0.000000	0.000000	0.000000	2.273736	0.000000
1764621943.221858740	-2.804963	-0.008434	0.372328	0.000000	0.000000	0.000000	0.054245	-0.020480	-0.121025	-0.019184	-0.092868	-0.003463	nan	nan	nan	-0.004907	16.752146	256.084084	0.000000	0.000000	0.000000	0.000000	2.273736	0.000000
1764621943.229914188	-2.817167	0.111464	0.381930	0.000000	0.000000	0.000000	0.054245	-0.020480	-0.121025	-0.021961	-0.113168	-0.011249	nan	nan	nan	-0.017257	16.689734	256.076065	0.000000	0.000000	0.000000	0.000000	2.273736	0.000000
1764621943.239565611	-2.789740	-0.022821	0.365617	0.000000	0.000000	0.000000	0.054245	-0.020480	-0.121025	-0.011827	-0.108106	-0.011518	nan	nan	nan	-0.024964	16.629715	256.065704	0.000000	0.000000	0.000000	0.000000	2.273736	0.000000
1764621943.249034405	-2.774194	0.099021	0.333179	0.000000	0.000000	0.000000	0.054245	-0.020480	-0.121025	-0.017379	-0.111569	-0.007411	nan	nan	nan	-0.033521	16.562653	256.059052	0.000000	0.000000	0.000000	0.000000	2.273736	0.000000
1764621943.261795521	-2.781859	0.002139	0.372175	0.000000	0.000000	0.000000	0.054245	-0.020480	-0.121025	-0.009113	-0.108393	0.001002	nan	nan	nan	-0.039087	16.501709	256.056969	0.000000	0.000000	0.000000	0.000000	2.273736	0.000000
1764621943.269774675	-2.775892	0.075856	0.339159	0.000000	0.000000	0.000000	0.054245	-0.020480	-0.121025	-0.009930	-0.105470	-0.000653	nan	nan	nan	-0.041847	16.440247	256.055069	0.000000	0.000000	0.000000	0.000000	2.273736	0.000000
1764621943.279480696	-2.773662	0.040938	0.376048	0.000000	0.000000	0.000000	0.054245	-0.020480	-0.121025	-0.024276	-0.112069	-0.011218	nan	nan	nan	-0.055889	16.378702	256.049316	0.000000	0.000000	0.000000	0.000000	2.273736	0.000000
1764621943.289617777	-2.750129	0.060166	0.325260	0.000000	0.000000	0.000000	0.054245	-0.020480	-0.121025	-0.022864	-0.110443	-0.004627	nan	nan	nan	-0.066045	16.312237	256.044571	0.000000	0.000000	0.000000	0.000000	2.273736	0.000000
1764621943.314178228	-2.738996	0.042667	0.373945	0.000000	0.000000	0.000000	0.054245	-0.020480	-0.121025	-0.023434	-0.108857	-0.003535	nan	nan	nan	-0.078659	16.250481	256.038445	0.000000	0.000000	0.000000	0.000000	2.273736	0.000000
1764621943.314190149	-2.733005	0.086075	0.369663	0.000000	0.000000	0.000000	0.054245	-0.020480	-0.121025	-0.031372	-0.099355	0.004365	nan	nan	nan	-0.088899	16.192501	256.040054	0.000000	0.000000	0.000000	0.000000	2.273736	0.000000
1764621943.319475412	-2.708228	0.034484	0.311088	0.000000	0.000000	0.000000	0.054245	-0.020480	-0.121025	-0.017751	-0.112176	0.004437	nan	nan	nan	-0.100430	16.129150	256.041039	0.000000	0.000000	0.000000	0.000000	2.273736	0.000000
1764621943.329084158	-2.712784	0.089879	0.357195	0.000000	0.000000	0.000000	0.054245	-0.020480	-0.121025	-0.025970	-0.107303	0.000856	nan	nan	nan	-0.112075	16.068464	256.041603	0.000000	0.000000	0.000000	0.000000	2.273736	0.000000
1764621943.341126680	-2.690938	0.053498	0.295377	0.000000	0.000000	0.000000	0.054245	-0.020480	-0.121025	-0.021124	-0.103104	0.002808	nan	nan	nan	-0.121583	16.007439	256.040535	0.000000	0.000000	0.000000	0.000000	2.273736	0.000000
1764621943.349650145	-2.696040	0.049816	0.378433	0.000000	0.000000	0.000000	0.054245	-0.020480	-0.121025	-0.024768	-0.114218	0.001991	nan	nan	nan	-0.131608	15.943148	256.039093	0.000000	0.000000	0.000000	0.000000	2.273736	0.000000
1764621943.359506607	-2.672260	0.081823	0.306767	0.000000	0.000000	0.000000	0.054245	-0.020480	-0.121025	-0.024315	-0.112662	-0.007108	nan	nan	nan	-0.142954	15.880190	256.037033	0.000000	0.000000	0.000000	0.000000	2.273736	0.000000
1764621943.369623423	-2.635868	0.020611	0.330645	0.000000	0.000000	0.000000	0.054245	-0.020480	-0.121025	-0.030329	-0.100108	-0.011836	nan	nan	nan	-0.159812	15.818807	256.027359	0.000000	0.000000	0.000000	0.000000	2.273736	0.000000
1764621943.379476070	-2.625862	0.115911	0.334017	0.000000	0.000000	0.000000	0.054245	-0.020480	-0.121025	-0.031744	-0.117942	-0.002013	nan	nan	nan	-0.176396	15.754142	256.023796	0.000000	0.000000	0.000000	0.000000	2.273736	0.000000
1764621943.393217564	-2.633640	-0.002624	0.309011	0.000000	0.000000	0.000000	0.054245	-0.020480	-0.121025	-0.026704	-0.111479	-0.007361	nan	nan	nan	-0.192234	15.689259	256.017212	0.000000	0.000000	0.000000	0.000000	2.273736	0.000000
1764621943.399425983	-2.642678	0.172263	0.349801	0.000000	0.000000	0.000000	0.054245	-0.020480	-0.121025	-0.022473	-0.105599	-0.005874	nan	nan	nan	-0.204205	15.627583	256.010849	0.000000	0.000000	0.000000	0.000000	2.273736	0.000000
1764621943.409581423	-2.605472	0.013479	0.287277	0.000000	0.000000	0.000000	0.054245	-0.020480	-0.121025	-0.023956	-0.110479	0.001192	nan	nan	nan	-0.216692	15.564990	256.010674	0.000000	0.000000	0.000000	0.000000	2.273736	0.000000
1764621943.422310829	-2.621664	0.157318	0.340354	0.000000	0.000000	0.000000	0.054245	-0.020480	-0.121025	-0.021666	-0.114042	-0.004714	nan	nan	nan	-0.228328	15.500645	256.007088	0.000000	0.000000	0.000000	0.000000	2.273736	0.000000
1764621943.429532290	-2.581678	0.018616	0.278249	0.000000	0.000000	0.000000	0.054245	-0.020480	-0.121025	-0.022850	-0.114937	0.002768	nan	nan	nan	-0.239061	15.432715	256.005272	0.000000	0.000000	0.000000	0.000000	2.273736	0.000000
1764621943.439440012	-2.585778	0.104745	0.318997	0.000000	0.000000	0.000000	0.054245	-0.020480	-0.121025	-0.026646	-0.105777	-0.013632	nan	nan	nan	-0.249603	15.372101	255.997650	0.000000	0.000000	0.000000	0.000000	2.273736	0.000000
1764621943.449819803	-2.593265	0.131559	0.297461	0.000000	0.000000	0.000000	0.054245	-0.020480	-0.121025	-0.028266	-0.114232	-0.011365	nan	nan	nan	-0.266565	15.307506	255.989281	0.000000	0.000000	0.000000	0.000000	2.273736	0.000000
1764621943.459630966	-2.568366	0.053447	0.295999	0.000000	0.000000	0.000000	0.054245	-0.020480	-0.121025	-0.032041	-0.114861	0.007359	nan	nan	nan	-0.281072	15.241419	255.988373	0.000000	0.000000	0.000000	0.000000	2.273736	0.000000
1764621943.472519636	-2.567582	0.187059	0.319902	0.000000	0.000000	0.000000	0.059511	-0.012511	-0.130716	-0.036115	-0.105938	-0.009215	nan	nan	nan	-0.301532	15.182362	255.985207	0.000000	0.000000	0.000000	0.000000	2.273736	0.000000
1764621943.479437113	-2.544102	0.023298	0.267942	0.000000	0.000000	0.000000	0.059511	-0.012511	-0.130716	-0.031216	-0.116107	-0.000550	nan	nan	nan	-0.317729	15.114327	255.981415	0.000000	0.000000	0.000000	0.000000	2.273736	0.000000
1764621943.489854336	-2.524973	0.165517	0.286311	0.000000	0.000000	0.000000	0.059511	-0.012511	-0.130716	-0.019672	-0.110349	-0.005659	nan	nan	nan	-0.328588	15.051442	255.977470	0.000000	0.000000	0.000000	0.000000	2.273736	0.000000
1764621943.502605438	-2.522691	0.047059	0.285723	0.000000	0.000000	0.000000	0.059511	-0.012511	-0.130716	-0.026392	-0.112365	-0.005766	nan	nan	nan	-0.345346	14.988316	255.973564	0.000000	0.000000	0.000000	0.000000	2.273736	0.000000
1764621943.510293961	-2.489014	0.165647	0.275538	0.000000	0.000000	0.000000	0.059511	-0.012511	-0.130716	-0.031609	-0.119013	0.000053	nan	nan	nan	-0.357946	14.920715	255.970795	0.000000	0.000000	0.000000	0.000000	2.273736	0.000000
1764621943.521493912	-2.510602	0.088576	0.296809	0.000000	0.000000	0.000000	0.059511	-0.012511	-0.130716	-0.025287	-0.118866	-0.004551	nan	nan	nan	-0.368883	14.852948	255.967369	0.000000	0.000000	0.000000	0.000000	2.273736	0.000000
1764621943.530079126	-2.484505	0.099324	0.243735	0.000000	0.000000	0.000000	0.059511	-0.012511	-0.130716	-0.036497	-0.111488	-0.005524	nan	nan	nan	-0.388275	14.788069	255.963310	0.000000	0.000000	0.000000	0.000000	2.273736	0.000000
1764621943.546966314	-2.476675	0.143265	0.278689	0.000000	0.000000	0.000000	0.059511	-0.012511	-0.130716	-0.030579	-0.113430	-0.010889	nan	nan	nan	-0.406083	14.722206	255.955711	0.000000	0.000000	0.000000	0.000000	2.273736	0.000000
1764621943.549996853	-2.479873	0.096569	0.269247	0.000000	0.000000	0.000000	0.059511	-0.012511	-0.130716	-0.030372	-0.113052	-0.008591	nan	nan	nan	-0.422285	14.655614	255.950340	0.000000	0.000000	0.000000	0.000000	2.273736	0.000000
1764621943.559941530	-2.463889	0.143573	0.249713	0.000000	0.000000	0.000000	0.059511	-0.012511	-0.130716	-0.034339	-0.111307	-0.000352	nan	nan	nan	-0.440378	14.592858	255.949150	0.000000	0.000000	0.000000	0.000000	2.273736	0.000000
1764621943.570210457	-2.436471	0.096418	0.280262	0.000000	0.000000	0.000000	0.059511	-0.012511	-0.130716	-0.038632	-0.122533	-0.003177	nan	nan	nan	-0.461188	14.523470	255.941544	0.000000	0.000000	0.000000	0.000000	2.273736	0.000000
1764621943.579491377	-2.431324	0.153809	0.225892	0.000000	0.000000	0.000000	0.059511	-0.012511	-0.130716	-0.030015	-0.116483	-0.004372	nan	nan	nan	-0.475227	14.457629	255.941177	0.000000	0.000000	0.000000	0.000000	2.273736	0.000000
1764621943.592287779	-2.437438	0.133764	0.306232	0.000000	0.000000	0.000000	0.059511	-0.012511	-0.130716	-0.031415	-0.121632	0.007121	nan	nan	nan	-0.490001	14.387999	255.942558	0.000000	0.000000	0.000000	0.000000	2.273736	0.000000
1764621943.599538565	-2.386242	0.159924	0.221469	0.000000	0.000000	0.000000	0.059511	-0.012511	-0.130716	-0.023049	-0.113345	-0.005279	nan	nan	nan	-0.501762	14.320412	255.942734	0.000000	0.000000	0.000000	0.000000	2.273736	0.000000
1764621943.609609842	-2.428944	0.139463	0.316819	0.000000	0.000000	0.000000	0.059511	-0.012511	-0.130716	-0.032512	-0.110186	0.003196	nan	nan	nan	-0.518692	14.260788	255.939346	0.000000	0.000000	0.000000	0.000000	2.273736	0.000000
1764621943.628993988	-2.394593	0.152754	0.247012	0.000000	0.000000	0.000000	0.059511	-0.012511	-0.130716	-0.025163	-0.111990	-0.003849	nan	nan	nan	-0.529125	14.194642	255.938499	0.000000	0.000000	0.000000	0.000000	2.273736	0.000000
1764621943.635245323	-2.382157	0.123273	0.246154	0.000000	0.000000	0.000000	0.059511	-0.012511	-0.130716	-0.034216	-0.119106	-0.003241	nan	nan	nan	-0.546385	14.123899	255.932945	0.000000	0.000000	0.000000	0.000000	2.273736	0.000000
1764621943.639436722	-2.379786	0.187531	0.231610	0.000000	0.000000	0.000000	0.059511	-0.012511	-0.130716	-0.033840	-0.107345	-0.001845	nan	nan	nan	-0.564131	14.064096	255.930786	0.000000	0.000000	0.000000	0.000000	2.273736	0.000000
1764621943.662775755	-2.335986	0.113926	0.211732	0.000000	0.000000	0.000000	0.059511	-0.012511	-0.130716	-0.029303	-0.116906	0.003248	nan	nan	nan	-0.577745	13.998363	255.931213	0.000000	0.000000	0.000000	0.000000	2.273736	0.000000
1764621943.662797213	-2.358746	0.203186	0.260061	0.000000	0.000000	0.000000	0.059511	-0.012511	-0.130716	-0.032912	-0.100168	0.004329	nan	nan	nan	-0.595017	13.937796	255.931808	0.000000	0.000000	0.000000	0.000000	2.273736	0.000000
1764621943.670667648	-2.330724	0.134384	0.214287	0.000000	0.000000	0.000000	0.059511	-0.012511	-0.130716	-0.030383	-0.105988	-0.004381	nan	nan	nan	-0.608470	13.879217	255.931107	0.000000	0.000000	0.000000	0.000000	2.273736	0.000000
1764621943.679459333	-2.331141	0.188160	0.286876	0.000000	0.000000	0.000000	0.059511	-0.012511	-0.130716	-0.023301	-0.112318	-0.010401	nan	nan	nan	-0.625099	13.814932	255.920212	0.000000	0.000000	0.000000	0.000000	2.273736	0.000000
1764621943.689684153	-2.305976	0.150507	0.184929	0.000000	0.000000	0.000000	0.059511	-0.012511	-0.130716	-0.021439	-0.110635	0.002991	nan	nan	nan	-0.632727	13.749825	255.921471	0.000000	0.000000	0.000000	0.000000	2.273736	0.000000
1764621943.699547052	-2.302396	0.135870	0.253381	0.000000	0.000000	0.000000	0.059511	-0.012511	-0.130716	-0.036278	-0.102098	-0.002198	nan	nan	nan	-0.649315	13.690700	255.919556	0.000000	0.000000	0.000000	0.000000	2.273736	0.000000
1764621943.711571932	-2.293295	0.216784	0.224770	0.000000	0.000000	0.000000	0.059511	-0.012511	-0.130716	-0.028080	-0.111237	0.003965	nan	nan	nan	-0.667613	13.627766	255.921005	0.000000	0.000000	0.000000	0.000000	2.273736	0.000000
1764621943.719556093	-2.289079	0.113752	0.195946	0.000000	0.000000	0.000000	0.051489	-0.021674	-0.125737	-0.028371	-0.110759	0.004332	nan	nan	nan	-0.675252	13.564574	255.921944	0.000000	0.000000	0.000000	0.000000	2.273736	0.000000
1764621943.729659319	-2.295007	0.256568	0.237672	0.000000	0.000000	0.000000	0.051489	-0.021674	-0.125737	-0.027913	-0.109084	-0.000187	nan	nan	nan	-0.691983	13.501575	255.921242	0.000000	0.000000	0.000000	0.000000	2.273736	0.000000
1764621943.739668131	-2.262719	0.104682	0.199036	0.000000	0.000000	0.000000	0.051489	-0.021674	-0.125737	-0.028998	-0.107342	0.005160	nan	nan	nan	-0.705976	13.438726	255.924927	0.000000	0.000000	0.000000	0.000000	2.273736	0.000000
1764621943.751438379	-2.264130	0.250049	0.244559	0.000000	0.000000	0.000000	0.051489	-0.021674	-0.125737	-0.034384	-0.110198	0.000462	nan	nan	nan	-0.721146	13.376508	255.922188	0.000000	0.000000	0.000000	0.000000	2.273736	0.000000
1764621943.759442806	-2.224380	0.122017	0.187192	0.000000	0.000000	0.000000	0.051489	-0.021674	-0.125737	-0.032486	-0.099084	0.001956	nan	nan	nan	-0.738074	13.319734	255.922302	0.000000	0.000000	0.000000	0.000000	2.273736	0.000000
1764621943.778750420	-2.226911	0.207240	0.213889	0.000000	0.000000	0.000000	0.051489	-0.021674	-0.125737	-0.026081	-0.102915	-0.002686	nan	nan	nan	-0.752310	13.259578	255.919922	0.000000	0.000000	0.000000	0.000000	2.273736	0.000000
1764621943.778792858	-2.209133	0.196035	0.191804	0.000000	0.000000	0.000000	0.051489	-0.021674	-0.125737	-0.024712	-0.106105	-0.001842	nan	nan	nan	-0.763851	13.201955	255.919151	0.000000	0.000000	0.000000	0.000000	2.273736	0.000000
1764621943.789648294	-2.210803	0.158328	0.219203	0.000000	0.000000	0.000000	0.051489	-0.021674	-0.125737	-0.038724	-0.114982	-0.009674	nan	nan	nan	-0.781697	13.136215	255.913788	0.000000	0.000000	0.000000	0.000000	2.273736	0.000000
1764621943.799648762	-2.212459	0.263290	0.202177	0.000000	0.000000	0.000000	0.051489	-0.021674	-0.125737	-0.028604	-0.107972	-0.001177	nan	nan	nan	-0.798712	13.072148	255.910599	0.000000	0.000000	0.000000	0.000000	2.273736	0.000000
1764621943.818959713	-2.193504	0.129714	0.205472	0.000000	0.000000	0.000000	0.051489	-0.021674	-0.125737	-0.029913	-0.101303	0.006626	nan	nan	nan	-0.811649	13.011237	255.914330	0.000000	0.000000	0.000000	0.000000	2.273736	0.000000
1764621943.818974972	-2.178869	0.285950	0.210937	0.000000	0.000000	0.000000	0.051489	-0.021674	-0.125737	-0.027893	-0.102311	0.005214	nan	nan	nan	-0.825562	12.954012	255.912483	0.000000	0.000000	0.000000	0.000000	2.273736	0.000000
1764621943.830061436	-2.163400	0.123219	0.191298	0.000000	0.000000	0.000000	0.051489	-0.021674	-0.125737	-0.019001	-0.102035	-0.003722	nan	nan	nan	-0.833458	12.896320	255.913101	0.000000	0.000000	0.000000	0.000000	2.273736	0.000000
1764621943.839564323	-2.166741	0.253900	0.176302	0.000000	0.000000	0.000000	0.051489	-0.021674	-0.125737	-0.024374	-0.101686	0.001462	nan	nan	nan	-0.845576	12.836484	255.912254	0.000000	0.000000	0.000000	0.000000	2.273736	0.000000
1764621943.849707127	-2.153959	0.199617	0.199010	0.000000	0.000000	0.000000	0.051489	-0.021674	-0.125737	-0.021579	-0.099225	-0.003080	nan	nan	nan	-0.858525	12.777636	255.910454	0.000000	0.000000	0.000000	0.000000	2.273736	0.000000
1764621943.859377861	-2.120784	0.224448	0.168730	0.000000	0.000000	0.000000	0.051489	-0.021674	-0.125737	-0.027135	-0.105629	-0.001613	nan	nan	nan	-0.868934	12.720293	255.907318	0.000000	0.000000	0.000000	0.000000	2.273736	0.000000
1764621943.873195887	-2.142840	0.223371	0.227128	0.000000	0.000000	0.000000	0.051489	-0.021674	-0.125737	-0.034855	-0.100528	0.002748	nan	nan	nan	-0.884834	12.664140	255.907814	0.000000	0.000000	0.000000	0.000000	2.273736	0.000000
1764621943.879554749	-2.114977	0.225627	0.193403	0.000000	0.000000	0.000000	0.051489	-0.021674	-0.125737	-0.029641	-0.091669	0.005492	nan	nan	nan	-0.902766	12.608882	255.908081	0.000000	0.000000	0.000000	0.000000	2.273736	0.000000
1764621943.900129080	-2.095312	0.203029	0.163601	0.000000	0.000000	0.000000	0.051489	-0.021674	-0.125737	-0.038098	-0.099590	-0.006878	nan	nan	nan	-0.920143	12.553331	255.906097	0.000000	0.000000	0.000000	0.000000	2.273736	0.000000
1764621943.904329062	-2.103857	0.186679	0.210470	0.000000	0.000000	0.000000	0.051489	-0.021674	-0.125737	-0.033998	-0.102744	-0.010727	nan	nan	nan	-0.939711	12.493711	255.898842	0.000000	0.000000	0.000000	0.000000	2.273736	0.000000
1764621943.909675598	-2.080395	0.227033	0.120746	0.000000	0.000000	0.000000	0.051489	-0.021674	-0.125737	-0.019863	-0.107733	-0.003118	nan	nan	nan	-0.948752	12.432778	255.896042	0.000000	0.000000	0.000000	0.000000	2.273736	0.000000
1764621943.920126915	-2.110185	0.214016	0.198889	0.000000	0.000000	0.000000	0.051489	-0.021674	-0.125737	-0.020557	-0.093399	-0.003915	nan	nan	nan	-0.959430	12.378286	255.892868	0.000000	0.000000	0.000000	0.000000	2.273736	0.000000
1764621943.931524038	-2.079056	0.240140	0.130545	0.000000	0.000000	0.000000	0.051489	-0.021674	-0.125737	-0.019825	-0.093727	-0.006835	nan	nan	nan	-0.968166	12.323433	255.889923	0.000000	0.000000	0.000000	0.000000	2.273736	0.000000
1764621943.944131374	-2.089870	0.199094	0.207866	0.000000	0.000000	0.000000	0.051489	-0.021674	-0.125737	-0.026012	-0.095317	-0.001951	nan	nan	nan	-0.982848	12.270778	255.885529	0.000000	0.000000	0.000000	0.000000	2.273736	0.000000
1764621943.950340033	-2.052312	0.252114	0.133750	0.000000	0.000000	0.000000	0.051489	-0.021674	-0.125737	-0.021355	-0.095721	-0.003635	nan	nan	nan	-0.991682	12.215698	255.884674	0.000000	0.000000	0.000000	0.000000	2.273736	0.000000
1764621943.960651159	-2.043901	0.189152	0.169432	0.000000	0.000000	0.000000	0.051489	-0.021674	-0.125737	-0.003231	-0.102428	-0.004761	nan	nan	nan	-0.995266	12.156112	255.877831	0.000000	0.000000	0.000000	0.000000	2.273736	0.000000
1764621943.978090525	-2.030708	0.269906	0.179676	0.000000	0.000000	0.000000	0.051644	-0.018223	-0.126161	-0.025235	-0.093991	-0.003733	nan	nan	nan	-1.004387	12.100523	255.875046	0.000000	0.000000	0.000000	0.000000	2.273736	0.000000
1764621943.979876280	-2.004467	0.174138	0.137171	0.000000	0.000000	0.000000	0.051644	-0.018223	-0.126161	-0.027622	-0.087870	0.000564	nan	nan	nan	-1.018458	12.052444	255.874771	0.000000	0.000000	0.000000	0.000000	2.273736	0.000000
1764621943.990512133	-2.033613	0.295709	0.207306	0.000000	0.000000	0.000000	0.051644	-0.018223	-0.126161	-0.014340	-0.096960	0.001596	nan	nan	nan	-1.023276	11.995443	255.875511	0.000000	0.000000	0.000000	0.000000	2.273736	0.000000
1764621944.001329422	-2.006554	0.204469	0.115336	0.000000	0.000000	0.000000	0.051644	-0.018223	-0.126161	-0.016343	-0.094322	0.004682	nan	nan	nan	-1.029691	11.940742	255.876717	0.000000	0.000000	0.000000	0.000000	2.273736	0.000000
1764621944.009751320	-2.025005	0.287156	0.223543	0.000000	0.000000	0.000000	0.051644	-0.018223	-0.126161	-0.026122	-0.100066	-0.011202	nan	nan	nan	-1.041653	11.886434	255.871170	0.000000	0.000000	0.000000	0.000000	2.273736	0.000000
1764621944.022204638	-1.978260	0.207439	0.110347	0.000000	0.000000	0.000000	0.051644	-0.018223	-0.126161	-0.023623	-0.082581	-0.001962	nan	nan	nan	-1.057745	11.835589	255.870476	0.000000	0.000000	0.000000	0.000000	2.273736	0.000000
1764621944.031962156	-1.970886	0.211062	0.168327	0.000000	0.000000	0.000000	0.051644	-0.018223	-0.126161	-0.019610	-0.083380	0.011898	nan	nan	nan	-1.063097	11.787436	255.872658	0.000000	0.000000	0.000000	0.000000	2.273736	0.000000
1764621944.040306091	-1.977565	0.280005	0.137044	0.000000	0.000000	0.000000	0.051644	-0.018223	-0.126161	-0.011613	-0.083222	0.008774	nan	nan	nan	-1.068450	11.739929	255.876640	0.000000	0.000000	0.000000	0.000000	2.273736	0.000000
1764621944.050894022	-1.965941	0.212923	0.143446	0.000000	0.000000	0.000000	0.051644	-0.018223	-0.126161	-0.011299	-0.082988	-0.001854	nan	nan	nan	-1.072182	11.691179	255.876633	0.000000	0.000000	0.000000	0.000000	2.273736	0.000000
1764621944.060066462	-1.968471	0.335581	0.167154	0.000000	0.000000	0.000000	0.051644	-0.018223	-0.126161	-0.017264	-0.082840	-0.001080	nan	nan	nan	-1.079397	11.643237	255.873322	0.000000	0.000000	0.000000	0.000000	2.273736	0.000000
1764621944.073483944	-1.950725	0.165627	0.136835	0.000000	0.000000	0.000000	0.051644	-0.018223	-0.126161	-0.015691	-0.080475	0.006226	nan	nan	nan	-1.087184	11.594540	255.877167	0.000000	0.000000	0.000000	0.000000	2.273736	0.000000
1764621944.079585791	-1.946522	0.334629	0.172357	0.000000	0.000000	0.000000	0.051644	-0.018223	-0.126161	-0.009947	-0.082583	-0.001685	nan	nan	nan	-1.088523	11.550486	255.875252	0.000000	0.000000	0.000000	0.000000	2.273736	0.000000
1764621944.100979805	-1.931800	0.171158	0.125822	0.000000	0.000000	0.000000	0.051644	-0.018223	-0.126161	-0.019183	-0.081170	-0.007755	nan	nan	nan	-1.097756	11.502536	255.870827	0.000000	0.000000	0.000000	0.000000	2.273736	0.000000
1764621944.103786469	-1.916286	0.275729	0.149529	0.000000	0.000000	0.000000	0.051644	-0.018223	-0.126161	-0.015227	-0.081492	-0.000607	nan	nan	nan	-1.105155	11.458126	255.867416	0.000000	0.000000	0.000000	0.000000	2.273736	0.000000
1764621944.111455441	-1.911193	0.235008	0.125884	0.000000	0.000000	0.000000	0.051644	-0.018223	-0.126161	-0.011902	-0.090100	-0.006743	nan	nan	nan	-1.110064	11.406494	255.864632	0.000000	0.000000	0.000000	0.000000	2.273736	0.000000
1764621944.120886803	-1.896545	0.221138	0.114905	0.000000	0.000000	0.000000	0.051644	-0.018223	-0.126161	-0.015296	-0.079632	-0.004322	nan	nan	nan	-1.114657	11.360377	255.861237	0.000000	0.000000	0.000000	0.000000	2.273736	0.000000
1764621944.140079498	-1.922536	0.299915	0.144336	0.000000	0.000000	0.000000	0.051644	-0.018223	-0.126161	-0.008687	-0.084116	-0.004695	nan	nan	nan	-1.119545	11.311752	255.857964	0.000000	0.000000	0.000000	0.000000	2.273736	0.000000
1764621944.142200470	-1.902427	0.212993	0.125594	0.000000	0.000000	0.000000	0.051644	-0.018223	-0.126161	-0.004499	-0.080198	-0.007499	nan	nan	nan	-1.123086	11.264579	255.853981	0.000000	0.000000	0.000000	0.000000	2.273736	0.000000
1764621944.150852680	-1.876223	0.297154	0.130006	0.000000	0.000000	0.000000	0.051644	-0.018223	-0.126161	-0.018184	-0.073680	-0.005336	nan	nan	nan	-1.129292	11.222965	255.844902	0.000000	0.000000	0.000000	0.000000	2.273736	0.000000
1764621944.160434484	-1.878368	0.185509	0.145933	0.000000	0.000000	0.000000	0.051644	-0.018223	-0.126161	-0.016686	-0.080070	-0.008243	nan	nan	nan	-1.135905	11.175364	255.844330	0.000000	0.000000	0.000000	0.000000	2.273736	0.000000
1764621944.179350138	-1.859044	0.291079	0.103041	0.000000	0.000000	0.000000	0.051644	-0.018223	-0.126161	0.001410	-0.069144	0.000441	nan	nan	nan	-1.135699	11.134966	255.840363	0.000000	0.000000	0.000000	0.000000	2.273736	0.000000
1764621944.180782795	-1.866623	0.244781	0.159594	0.000000	0.000000	0.000000	0.051644	-0.018223	-0.126161	-0.002128	-0.076225	-0.003653	nan	nan	nan	-1.135026	11.095249	255.840332	0.000000	0.000000	0.000000	0.000000	2.273736	0.000000
1764621944.190737486	-1.845221	0.246947	0.092905	0.000000	0.000000	0.000000	0.051644	-0.018223	-0.126161	-0.002818	-0.077753	0.001448	nan	nan	nan	-1.131970	11.050017	255.839607	0.000000	0.000000	0.000000	0.000000	2.273736	0.000000
1764621944.199953556	-1.882327	0.262831	0.167535	0.000000	0.000000	0.000000	0.051644	-0.018223	-0.126161	0.009728	-0.069659	-0.003802	nan	nan	nan	-1.128016	11.007369	255.833183	0.000000	0.000000	0.000000	0.000000	2.273736	0.000000
1764621944.210828543	-1.845094	0.231406	0.104998	0.000000	0.000000	0.000000	0.051644	-0.018223	-0.126161	0.003457	-0.070933	-0.002968	nan	nan	nan	-1.123321	10.965929	255.832008	0.000000	0.000000	0.000000	0.000000	2.273736	0.000000
1764621944.222720623	-1.837655	0.245696	0.142708	0.000000	0.000000	0.000000	0.057777	-0.011624	-0.130826	-0.001939	-0.066272	-0.006017	nan	nan	nan	-1.122072	10.925129	255.829422	0.000000	0.000000	0.000000	0.000000	2.273736	0.000000
1764621944.230845213	-1.824080	0.252040	0.128077	0.000000	0.000000	0.000000	0.057777	-0.011624	-0.130826	0.003101	-0.079277	-0.005751	nan	nan	nan	-1.119285	10.881196	255.824104	0.000000	0.000000	0.000000	0.000000	2.273736	0.000000
1764621944.240474939	-1.807516	0.210754	0.079492	0.000000	0.000000	0.000000	0.057777	-0.011624	-0.130826	-0.001519	-0.071064	-0.005676	nan	nan	nan	-1.119879	10.841800	255.819466	0.000000	0.000000	0.000000	0.000000	2.273736	0.000000
1764621944.250912666	-1.838133	0.293478	0.155148	0.000000	0.000000	0.000000	0.057777	-0.011624	-0.130826	-0.000054	-0.072116	0.001439	nan	nan	nan	-1.115297	10.800720	255.817207	0.000000	0.000000	0.000000	0.000000	2.273736	0.000000
1764621944.263484478	-1.796558	0.216022	0.060923	0.000000	0.000000	0.000000	0.057777	-0.011624	-0.130826	0.010199	-0.059254	0.004996	nan	nan	nan	-1.109079	10.764416	255.819946	0.000000	0.000000	0.000000	0.000000	2.273736	0.000000
1764621944.270077467	-1.820112	0.280614	0.166294	0.000000	0.000000	0.000000	0.057777	-0.011624	-0.130826	-0.003358	-0.066430	0.003864	nan	nan	nan	-1.106772	10.728136	255.821899	0.000000	0.000000	0.000000	0.000000	2.273736	0.000000
1764621944.279974699	-1.807285	0.230305	0.086390	0.000000	0.000000	0.000000	0.057777	-0.011624	-0.130826	0.014470	-0.068318	0.000172	nan	nan	nan	-1.098387	10.687962	255.820854	0.000000	0.000000	0.000000	0.000000	2.273736	0.000000
1764621944.290122747	-1.789497	0.234503	0.139677	0.000000	0.000000	0.000000	0.057777	-0.011624	-0.130826	0.007959	-0.064294	-0.009824	nan	nan	nan	-1.092373	10.652455	255.815643	0.000000	0.000000	0.000000	0.000000	2.273736	0.000000
1764621944.309328318	-1.776024	0.269427	0.089287	0.000000	0.000000	0.000000	0.057777	-0.011624	-0.130826	0.013140	-0.067880	-0.000964	nan	nan	nan	-1.082072	10.612682	255.811737	0.000000	0.000000	0.000000	0.000000	2.273736	0.000000
1764621944.311605215	-1.779550	0.186594	0.097513	0.000000	0.000000	0.000000	0.057777	-0.011624	-0.130826	0.006890	-0.057296	-0.004585	nan	nan	nan	-1.075227	10.577608	255.807732	0.000000	0.000000	0.000000	0.000000	2.273736	0.000000
1764621944.320552349	-1.780282	0.319911	0.122920	0.000000	0.000000	0.000000	0.057777	-0.011624	-0.130826	0.013412	-0.063608	0.006178	nan	nan	nan	-1.066876	10.543984	255.809982	0.000000	0.000000	0.000000	0.000000	2.273736	0.000000
1764621944.330648184	-1.764523	0.162922	0.095740	0.000000	0.000000	0.000000	0.057777	-0.011624	-0.130826	0.012928	-0.056254	-0.002223	nan	nan	nan	-1.054572	10.508843	255.805916	0.000000	0.000000	0.000000	0.000000	2.273736	0.000000
1764621944.339323282	-1.763014	0.292233	0.122922	0.000000	0.000000	0.000000	0.057777	-0.011624	-0.130826	0.014015	-0.055497	-0.001742	nan	nan	nan	-1.045896	10.478095	255.807045	0.000000	0.000000	0.000000	0.000000	2.273736	0.000000
1764621944.357056141	-1.765013	0.171675	0.074388	0.000000	0.000000	0.000000	0.057777	-0.011624	-0.130826	0.012579	-0.055548	-0.000623	nan	nan	nan	-1.037723	10.445719	255.804337	0.000000	0.000000	0.000000	0.000000	2.273736	0.000000
1764621944.361220121	-1.749994	0.267898	0.110043	0.000000	0.000000	0.000000	0.057777	-0.011624	-0.130826	0.014009	-0.065260	0.001042	nan	nan	nan	-1.024106	10.409287	255.803604	0.000000	0.000000	0.000000	0.000000	2.273736	0.000000
1764621944.370555162	-1.744971	0.235913	0.088317	0.000000	0.000000	0.000000	0.057777	-0.011624	-0.130826	0.015493	-0.056616	-0.011821	nan	nan	nan	-1.017365	10.377102	255.795898	0.000000	0.000000	0.000000	0.000000	2.273736	0.000000
1764621944.389111996	-1.733318	0.221759	0.107623	0.000000	0.000000	0.000000	0.057777	-0.011624	-0.130826	0.008365	-0.054506	-0.001828	nan	nan	nan	-1.007295	10.344172	255.796257	0.000000	0.000000	0.000000	0.000000	2.273736	0.000000
1764621944.397538662	-1.747290	0.258931	0.114851	0.000000	0.000000	0.000000	0.057777	-0.011624	-0.130826	0.024061	-0.057409	-0.006582	nan	nan	nan	-0.995454	10.309726	255.789124	0.000000	0.000000	0.000000	0.000000	2.273736	0.000000
1764621944.400595903	-1.737978	0.186167	0.099611	0.000000	0.000000	0.000000	0.057777	-0.011624	-0.130826	0.020400	-0.059467	0.001853	nan	nan	nan	-0.979302	10.279679	255.786606	0.000000	0.000000	0.000000	0.000000	2.273736	0.000000
1764621944.412211895	-1.725892	0.274387	0.096391	0.000000	0.000000	0.000000	0.057777	-0.011624	-0.130826	0.016795	-0.047618	0.001253	nan	nan	nan	-0.969188	10.249044	255.789169	0.000000	0.000000	0.000000	0.000000	2.273736	0.000000
1764621944.423777819	-1.735348	0.155079	0.120279	0.000000	0.000000	0.000000	0.057777	-0.011624	-0.130826	0.022736	-0.054184	-0.002890	nan	nan	nan	-0.956419	10.218968	255.783852	0.000000	0.000000	0.000000	0.000000	2.273736	0.000000
1764621944.431041479	-1.705047	0.252568	0.074912	0.000000	0.000000	0.000000	0.057777	-0.011624	-0.130826	0.015901	-0.050896	-0.004052	nan	nan	nan	-0.941741	10.188929	255.781898	0.000000	0.000000	0.000000	0.000000	2.273736	0.000000
1764621944.441048145	-1.721209	0.184513	0.118638	0.000000	0.000000	0.000000	0.057777	-0.011624	-0.130826	0.017869	-0.054206	-0.003142	nan	nan	nan	-0.930990	10.158509	255.776703	0.000000	0.000000	0.000000	0.000000	2.273736	0.000000
1764621944.451140881	-1.702205	0.230068	0.075938	0.000000	0.000000	0.000000	0.057777	-0.011624	-0.130826	0.024695	-0.048453	-0.009530	nan	nan	nan	-0.916413	10.129594	255.773132	0.000000	0.000000	0.000000	0.000000	2.273736	0.000000
1764621944.465383291	-1.713796	0.210417	0.111136	0.000000	0.000000	0.000000	0.053363	-0.014119	-0.129009	0.029594	-0.048240	-0.008086	nan	nan	nan	-0.897561	10.102018	255.766556	0.000000	0.000000	0.000000	0.000000	2.273736	0.000000
1764621944.469922066	-1.702659	0.225776	0.091883	0.000000	0.000000	0.000000	0.053363	-0.014119	-0.129009	0.022443	-0.041050	-0.000266	nan	nan	nan	-0.880591	10.076778	255.763779	0.000000	0.000000	0.000000	0.000000	2.273736	0.000000
1764621944.479896545	-1.693952	0.189126	0.085978	0.000000	0.000000	0.000000	0.053363	-0.014119	-0.129009	0.016899	-0.044057	-0.009119	nan	nan	nan	-0.870949	10.053345	255.758591	0.000000	0.000000	0.000000	0.000000	2.273736	0.000000
1764621944.490693569	-1.684425	0.237888	0.105746	0.000000	0.000000	0.000000	0.053363	-0.014119	-0.129009	0.018804	-0.036653	-0.003856	nan	nan	nan	-0.858020	10.028284	255.755150	0.000000	0.000000	0.000000	0.000000	2.273736	0.000000
1764621944.509235144	-1.692190	0.162120	0.052071	0.000000	0.000000	0.000000	0.053363	-0.014119	-0.129009	0.018879	-0.044353	-0.002342	nan	nan	nan	-0.845116	10.006865	255.750450	0.000000	0.000000	0.000000	0.000000	2.273736	0.000000
1764621944.516093254	-1.697843	0.248113	0.130964	0.000000	0.000000	0.000000	0.053363	-0.014119	-0.129009	0.021966	-0.042345	0.003685	nan	nan	nan	-0.830451	9.981645	255.749886	0.000000	0.000000	0.000000	0.000000	2.273736	0.000000
1764621944.520445585	-1.668721	0.171291	0.047897	0.000000	0.000000	0.000000	0.053363	-0.014119	-0.129009	0.025231	-0.044775	-0.000572	nan	nan	nan	-0.814009	9.954645	255.749435	0.000000	0.000000	0.000000	0.000000	2.273736	0.000000
1764621944.539997101	-1.667900	0.198835	0.119529	0.000000	0.000000	0.000000	0.053363	-0.014119	-0.129009	0.014496	-0.040742	-0.000262	nan	nan	nan	-0.799281	9.933209	255.747330	0.000000	0.000000	0.000000	0.000000	2.273736	0.000000
1764621944.551551580	-1.659114	0.199800	0.041464	0.000000	0.000000	0.000000	0.053363	-0.014119	-0.129009	0.028244	-0.037182	-0.005976	nan	nan	nan	-0.786730	9.908870	255.743889	0.000000	0.000000	0.000000	0.000000	2.273736	0.000000
1764621944.551579714	-1.672765	0.147285	0.092420	0.000000	0.000000	0.000000	0.053363	-0.014119	-0.129009	0.022485	-0.043561	-0.004241	nan	nan	nan	-0.773899	9.883510	255.741119	0.000000	0.000000	0.000000	0.000000	2.273736	0.000000
1764621944.560268641	-1.664802	0.239331	0.086750	0.000000	0.000000	0.000000	0.053363	-0.014119	-0.129009	0.036027	-0.034906	-0.001832	nan	nan	nan	-0.749351	9.863697	255.734879	0.000000	0.000000	0.000000	0.000000	2.273736	0.000000
1764621944.570266008	-1.656467	0.117742	0.073118	0.000000	0.000000	0.000000	0.053363	-0.014119	-0.129009	0.030197	-0.039941	-0.002803	nan	nan	nan	-0.728298	9.841396	255.735313	0.000000	0.000000	0.000000	0.000000	2.273736	0.000000
1764621944.588582516	-1.655491	0.241737	0.118948	0.000000	0.000000	0.000000	0.053363	-0.014119	-0.129009	0.026829	-0.029465	-0.003990	nan	nan	nan	-0.710275	9.822927	255.730835	0.000000	0.000000	0.000000	0.000000	2.273736	0.000000
1764621944.590998173	-1.640952	0.089715	0.056190	0.000000	0.000000	0.000000	0.053363	-0.014119	-0.129009	0.032630	-0.031201	-0.008350	nan	nan	nan	-0.691523	9.805266	255.725471	0.000000	0.000000	0.000000	0.000000	2.273736	0.000000
1764621944.600268602	-1.654004	0.237296	0.118967	0.000000	0.000000	0.000000	0.053363	-0.014119	-0.129009	0.033973	-0.026996	-0.012133	nan	nan	nan	-0.671167	9.789559	255.716400	0.000000	0.000000	0.000000	0.000000	2.273736	0.000000
1764621944.610655785	-1.646904	0.095035	0.054777	0.000000	0.000000	0.000000	0.053363	-0.014119	-0.129009	0.030563	-0.038851	-0.004947	nan	nan	nan	-0.655958	9.768666	255.709038	0.000000	0.000000	0.000000	0.000000	2.273736	0.000000
1764621944.620469332	-1.660291	0.174614	0.100587	0.000000	0.000000	0.000000	0.053363	-0.014119	-0.129009	0.027233	-0.023862	-0.017390	nan	nan	nan	-0.636479	9.751611	255.702255	0.000000	0.000000	0.000000	0.000000	2.273736	0.000000
1764621944.632326365	-1.648556	0.178831	0.090572	0.000000	0.000000	0.000000	0.053363	-0.014119	-0.129009	0.037185	-0.020827	-0.013700	nan	nan	nan	-0.616646	9.739818	255.688507	0.000000	0.000000	0.000000	0.000000	2.273736	0.000000
1764621944.639874935	-1.636865	0.092757	0.075606	0.000000	0.000000	0.000000	0.053363	-0.014119	-0.129009	0.022236	-0.023896	-0.000810	nan	nan	nan	-0.598589	9.725222	255.686348	0.000000	0.000000	0.000000	0.000000	2.273736	0.000000
1764621944.650503397	-1.649063	0.207187	0.092697	0.000000	0.000000	0.000000	0.053363	-0.014119	-0.129009	0.031601	-0.021218	-0.000646	nan	nan	nan	-0.580547	9.712708	255.682640	0.000000	0.000000	0.000000	0.000000	2.273736	0.000000
1764621944.662075281	-1.633094	0.095656	0.065317	0.000000	0.000000	0.000000	0.053363	-0.014119	-0.129009	0.033490	-0.017321	-0.010092	nan	nan	nan	-0.558730	9.702789	255.675995	0.000000	0.000000	0.000000	0.000000	2.273736	0.000000
1764621944.678078651	-1.624739	0.169047	0.069284	0.000000	0.000000	0.000000	0.053363	-0.014119	-0.129009	0.026276	-0.011250	0.001733	nan	nan	nan	-0.539542	9.696473	255.675652	0.000000	0.000000	0.000000	0.000000	2.273736	0.000000
1764621944.700112343	-1.609358	0.173017	0.063449	0.000000	0.000000	0.000000	0.053363	-0.014119	-0.129009	0.027243	-0.012877	-0.005330	nan	nan	nan	-0.501186	9.682271	255.664757	0.000000	0.000000	0.000000	0.000000	2.273736	0.000000
1764621944.705856323	-1.648358	0.106319	0.117827	0.000000	0.000000	0.000000	0.053363	-0.014119	-0.129009	0.038119	-0.019211	-0.007568	nan	nan	nan	-0.481428	9.672477	255.660118	0.000000	0.000000	0.000000	0.000000	2.273736	0.000000
1764621944.709822178	-1.627490	0.135501	0.060275	0.000000	0.000000	0.000000	0.053363	-0.014119	-0.129009	0.033675	-0.011380	-0.008899	nan	nan	nan	-0.457430	9.664083	255.652931	0.000000	0.000000	0.000000	0.000000	2.273736	0.000000
1764621944.719761372	-1.637265	0.132639	0.095499	0.000000	0.000000	0.000000	0.057048	-0.016078	-0.127129	0.040381	-0.011226	-0.004835	nan	nan	nan	-0.433892	9.657045	255.648270	0.000000	0.000000	0.000000	0.000000	2.273736	0.000000
1764621944.730449200	-1.642888	0.115423	0.066085	0.000000	0.000000	0.000000	0.057048	-0.016078	-0.127129	0.022067	-0.011672	-0.004853	nan	nan	nan	-0.417161	9.649714	255.641068	0.000000	0.000000	0.000000	0.000000	2.273736	0.000000
1764621944.746410131	-1.626326	0.070400	0.046583	0.000000	0.000000	0.000000	0.057048	-0.016078	-0.127129	0.032487	-0.024529	-0.003991	nan	nan	nan	-0.400962	9.637807	255.635124	0.000000	0.000000	0.000000	0.000000	2.273736	0.000000
1764621944.750563622	-1.631079	0.138589	0.088550	0.000000	0.000000	0.000000	0.057048	-0.016078	-0.127129	0.044900	-0.011875	-0.003712	nan	nan	nan	-0.371586	9.630931	255.633316	0.000000	0.000000	0.000000	0.000000	2.273736	0.000000
1764621944.760395527	-1.621084	0.053980	0.022820	0.000000	0.000000	0.000000	0.057048	-0.016078	-0.127129	0.036167	-0.011516	-0.005993	nan	nan	nan	-0.351813	9.622784	255.628159	0.000000	0.000000	0.000000	0.000000	2.273736	0.000000
1764621944.778986692	-1.647018	0.153327	0.131141	0.000000	0.000000	0.000000	0.057048	-0.016078	-0.127129	0.026108	-0.005746	0.003626	nan	nan	nan	-0.333779	9.619864	255.625366	0.000000	0.000000	0.000000	0.000000	2.273736	0.000000
1764621944.779014826	-1.610041	0.088336	0.037064	0.000000	0.000000	0.000000	0.057048	-0.016078	-0.127129	0.032236	-0.010126	-0.009158	nan	nan	nan	-0.311601	9.615394	255.623169	0.000000	0.000000	0.000000	0.000000	2.273736	0.000000
1764621944.790562391	-1.627991	0.093560	0.132539	0.000000	0.000000	0.000000	0.057048	-0.016078	-0.127129	0.030237	0.000531	-0.002645	nan	nan	nan	-0.291869	9.615145	255.617851	0.000000	0.000000	0.000000	0.000000	2.273736	0.000000
1764621944.800488234	-1.607822	0.098811	0.055757	0.000000	0.000000	0.000000	0.057048	-0.016078	-0.127129	0.041288	-0.004760	0.001228	nan	nan	nan	-0.269249	9.607799	255.617485	0.000000	0.000000	0.000000	0.000000	2.273736	0.000000
1764621944.810335636	-1.619166	0.039047	0.070110	0.000000	0.000000	0.000000	0.057048	-0.016078	-0.127129	0.037827	-0.014925	-0.007265	nan	nan	nan	-0.246205	9.602116	255.612579	0.000000	0.000000	0.000000	0.000000	2.273736	0.000000
1764621944.821800470	-1.613868	0.144710	0.091398	0.000000	0.000000	0.000000	0.057048	-0.016078	-0.127129	0.044496	-0.010179	-0.007764	nan	nan	nan	-0.219092	9.598807	255.605026	0.000000	0.000000	0.000000	0.000000	2.273736	0.000000
1764621944.830350399	-1.619010	0.003811	0.036621	0.000000	0.000000	0.000000	0.057048	-0.016078	-0.127129	0.028838	-0.003845	-0.002778	nan	nan	nan	-0.195391	9.592240	255.603439	0.000000	0.000000	0.000000	0.000000	2.273736	0.000000
1764621944.840041876	-1.641104	0.165519	0.101117	0.000000	0.000000	0.000000	0.057048	-0.016078	-0.127129	0.030895	-0.001687	-0.004929	nan	nan	nan	-0.177274	9.593207	255.598099	0.000000	0.000000	0.000000	0.000000	2.273736	0.000000
1764621944.850111246	-1.610074	-0.004061	0.051859	0.000000	0.000000	0.000000	0.057048	-0.016078	-0.127129	0.033060	-0.005325	0.001851	nan	nan	nan	-0.156483	9.590942	255.596466	0.000000	0.000000	0.000000	0.000000	2.273736	0.000000
1764621944.860335112	-1.621131	0.140567	0.098301	0.000000	0.000000	0.000000	0.057048	-0.016078	-0.127129	0.031504	-0.007515	-0.005519	nan	nan	nan	-0.136939	9.585697	255.591934	0.000000	0.000000	0.000000	0.000000	2.273736	0.000000
1764621944.877274275	-1.599524	0.015718	0.070181	0.000000	0.000000	0.000000	0.057048	-0.016078	-0.127129	0.045338	-0.003381	-0.007796	nan	nan	nan	-0.113267	9.581567	255.587708	0.000000	0.000000	0.000000	0.000000	2.273736	0.000000
1764621944.879658461	-1.596781	0.065866	0.089920	0.000000	0.000000	0.000000	0.057048	-0.016078	-0.127129	0.029562	-0.007555	-0.007377	nan	nan	nan	-0.090204	9.579216	255.582512	0.000000	0.000000	0.000000	0.000000	2.273736	0.000000
1764621944.899993896	-1.616271	0.082733	0.081295	0.000000	0.000000	0.000000	0.057048	-0.016078	-0.127129	0.037300	-0.006853	0.007500	nan	nan	nan	-0.069525	9.575809	255.580482	0.000000	0.000000	0.000000	0.000000	2.273736	0.000000
1764621944.900017738	-1.614395	-0.017286	0.079547	0.000000	0.000000	0.000000	0.057048	-0.016078	-0.127129	0.041160	0.007462	0.002601	nan	nan	nan	-0.043325	9.576903	255.580261	0.000000	0.000000	0.000000	0.000000	2.273736	0.000000
1764621944.910547256	-1.630162	0.124132	0.074100	0.000000	0.000000	0.000000	0.057048	-0.016078	-0.127129	0.040386	-0.000705	-0.012404	nan	nan	nan	-0.019563	9.576810	255.573395	0.000000	0.000000	0.000000	0.000000	2.273736	0.000000
1764621944.920379162	-1.641793	-0.026275	0.062568	0.000000	0.000000	0.000000	0.057048	-0.016078	-0.127129	0.037665	0.000912	-0.000319	nan	nan	nan	0.004675	9.578688	255.571198	0.000000	0.000000	0.000000	0.000000	2.273736	0.000000
1764621944.940279007	-1.621734	0.096796	0.057901	0.000000	0.000000	0.000000	0.057048	-0.016078	-0.127129	0.035083	-0.000685	0.003139	nan	nan	nan	0.029391	9.578332	255.568329	0.000000	0.000000	0.000000	0.000000	2.273736	0.000000
1764621944.940305233	-1.635297	-0.033969	0.081544	0.000000	0.000000	0.000000	0.057048	-0.016078	-0.127129	0.031533	0.005017	-0.003535	nan	nan	nan	0.047101	9.577815	255.566643	0.000000	0.000000	0.000000	0.000000	2.273736	0.000000
1764621944.951288939	-1.585979	0.062314	0.050308	0.000000	0.000000	0.000000	0.057048	-0.016078	-0.127129	0.027252	0.009521	-0.001282	nan	nan	nan	0.068560	9.582856	255.565460	0.000000	0.000000	0.000000	0.000000	2.273736	0.000000
1764621944.960340023	-1.601123	-0.009464	0.086092	0.000000	0.000000	0.000000	0.057048	-0.016078	-0.127129	0.036028	0.005353	0.002260	nan	nan	nan	0.087870	9.588634	255.562500	0.000000	0.000000	0.000000	0.000000	2.273736	0.000000
1764621944.970859528	-1.590861	0.023260	0.075836	0.000000	0.000000	0.000000	0.052754	-0.019408	-0.129592	0.028526	0.009332	-0.005822	nan	nan	nan	0.109155	9.591715	255.558418	0.000000	0.000000	0.000000	0.000000	2.273736	0.000000
1764621944.983384132	-1.610172	0.016141	0.097221	0.000000	0.000000	0.000000	0.052754	-0.019408	-0.129592	0.026379	0.009711	0.003452	nan	nan	nan	0.126223	9.599587	255.558319	0.000000	0.000000	0.000000	0.000000	2.273736	0.000000
1764621944.990103960	-1.620043	0.005616	0.068505	0.000000	0.000000	0.000000	0.052754	-0.019408	-0.129592	0.029565	0.001255	-0.008225	nan	nan	nan	0.143766	9.602016	255.554054	0.000000	0.000000	0.000000	0.000000	2.273736	0.000000
1764621945.000414848	-1.617304	0.036781	0.068874	0.000000	0.000000	0.000000	0.052754	-0.019408	-0.129592	0.028811	0.002604	-0.003471	nan	nan	nan	0.162114	9.601147	255.550247	0.000000	0.000000	0.000000	0.000000	2.273736	0.000000
1764621945.020235538	-1.632030	-0.001886	0.071298	0.000000	0.000000	0.000000	0.052754	-0.019408	-0.129592	0.034299	0.015003	-0.003733	nan	nan	nan	0.183753	9.605136	255.544014	0.000000	0.000000	0.000000	0.000000	2.273736	0.000000
1764621945.021999359	-1.626863	0.002030	0.029872	0.000000	0.000000	0.000000	0.052754	-0.019408	-0.129592	0.019382	0.014625	-0.004344	nan	nan	nan	0.197779	9.614924	255.540031	0.000000	0.000000	0.000000	0.000000	2.273736	0.000000
1764621945.030863762	-1.638745	-0.008246	0.113434	0.000000	0.000000	0.000000	0.052754	-0.019408	-0.129592	0.039388	0.014947	-0.006437	nan	nan	nan	0.218833	9.626041	255.535873	0.000000	0.000000	0.000000	0.000000	2.273736	0.000000
1764621945.040553570	-1.620669	-0.005933	0.028072	0.000000	0.000000	0.000000	0.052754	-0.019408	-0.129592	0.030642	0.006469	-0.006093	nan	nan	nan	0.239588	9.630536	255.528816	0.000000	0.000000	0.000000	0.000000	2.273736	0.000000
1764621945.051666975	-1.628361	-0.013916	0.108985	0.000000	0.000000	0.000000	0.052754	-0.019408	-0.129592	0.031032	0.017176	-0.001992	nan	nan	nan	0.257212	9.639050	255.526451	0.000000	0.000000	0.000000	0.000000	2.273736	0.000000
1764621945.060323477	-1.625886	0.012781	0.072374	0.000000	0.000000	0.000000	0.052754	-0.019408	-0.129592	0.027557	0.012195	-0.006002	nan	nan	nan	0.275882	9.646651	255.518929	0.000000	0.000000	0.000000	0.000000	2.273736	0.000000
1764621945.073548555	-1.619422	-0.052287	0.084726	0.000000	0.000000	0.000000	0.052754	-0.019408	-0.129592	0.025185	0.013938	-0.005867	nan	nan	nan	0.291861	9.653484	255.516365	0.000000	0.000000	0.000000	0.000000	2.273736	0.000000
1764621945.079873085	-1.622311	0.044139	0.092109	0.000000	0.000000	0.000000	0.052754	-0.019408	-0.129592	0.032140	0.015057	-0.007513	nan	nan	nan	0.309668	9.660543	255.511024	0.000000	0.000000	0.000000	0.000000	2.273736	0.000000
1764621945.090325117	-1.609954	-0.082024	0.045266	0.000000	0.000000	0.000000	0.052754	-0.019408	-0.129592	0.021602	0.011046	-0.011512	nan	nan	nan	0.330925	9.666908	255.503227	0.000000	0.000000	0.000000	0.000000	2.273736	0.000000
1764621945.104954481	-1.651899	0.054923	0.110773	0.000000	0.000000	0.000000	0.052754	-0.019408	-0.129592	0.023609	0.014906	-0.008038	nan	nan	nan	0.340306	9.676604	255.492615	0.000000	0.000000	0.000000	0.000000	2.273736	0.000000
1764621945.110279799	-1.642466	-0.087683	0.044218	0.000000	0.000000	0.000000	0.052754	-0.019408	-0.129592	0.015456	0.010938	-0.006021	nan	nan	nan	0.351291	9.683048	255.490921	0.000000	0.000000	0.000000	0.000000	2.273736	0.000000
1764621945.120345116	-1.645345	0.023219	0.088306	0.000000	0.000000	0.000000	0.052754	-0.019408	-0.129592	0.014013	0.022340	-0.000461	nan	nan	nan	0.364796	9.692071	255.486427	0.000000	0.000000	0.000000	0.000000	2.273736	0.000000
1764621945.138421059	-1.640076	-0.047818	0.037308	0.000000	0.000000	0.000000	0.052754	-0.019408	-0.129592	0.026334	0.001442	-0.009469	nan	nan	nan	0.379214	9.697010	255.479576	0.000000	0.000000	0.000000	0.000000	2.273736	0.000000
1764621945.139635324	-1.638892	-0.029928	0.079959	0.000000	0.000000	0.000000	0.052754	-0.019408	-0.129592	0.019315	0.023454	-0.013586	nan	nan	nan	0.393201	9.707290	255.470619	0.000000	0.000000	0.000000	0.000000	2.273736	0.000000
1764621945.150275946	-1.633525	0.008591	0.071333	0.000000	0.000000	0.000000	0.052754	-0.019408	-0.129592	0.020938	0.018889	-0.011877	nan	nan	nan	0.406441	9.719096	255.463722	0.000000	0.000000	0.000000	0.000000	2.273736	0.000000
1764621945.159716129	-1.626551	-0.099613	0.087806	0.000000	0.000000	0.000000	0.052754	-0.019408	-0.129592	0.022404	0.015152	-0.007718	nan	nan	nan	0.418770	9.730392	255.457420	0.000000	0.000000	0.000000	0.000000	2.273736	0.000000
1764621945.170276880	-1.638960	0.034722	0.098321	0.000000	0.000000	0.000000	0.052754	-0.019408	-0.129592	0.020527	0.013216	0.000560	nan	nan	nan	0.433738	9.737549	255.455391	0.000000	0.000000	0.000000	0.000000	2.273736	0.000000
1764621945.179763317	-1.630671	-0.114253	0.073205	0.000000	0.000000	0.000000	0.052754	-0.019408	-0.129592	0.014416	0.013888	-0.003973	nan	nan	nan	0.441407	9.744181	255.450119	0.000000	0.000000	0.000000	0.000000	2.273736	0.000000
1764621945.193184614	-1.646238	0.003888	0.058546	0.000000	0.000000	0.000000	0.052754	-0.019408	-0.129592	0.019516	0.012640	-0.002831	nan	nan	nan	0.455741	9.750302	255.444168	0.000000	0.000000	0.000000	0.000000	2.273736	0.000000
1764621945.200420380	-1.682760	-0.090095	0.096049	0.000000	0.000000	0.000000	0.052754	-0.019408	-0.129592	0.018109	0.015572	-0.004242	nan	nan	nan	0.467286	9.760579	255.444664	0.000000	0.000000	0.000000	0.000000	2.273736	0.000000
1764621945.220236063	-1.644280	-0.017221	0.069270	0.000000	0.000000	0.000000	0.061315	-0.010325	-0.134128	0.010570	0.019883	0.000796	nan	nan	nan	0.478514	9.769777	255.439980	0.000000	0.000000	0.000000	0.000000	2.273736	0.000000
1764621945.221781015	-1.664826	-0.056994	0.083360	0.000000	0.000000	0.000000	0.061315	-0.010325	-0.134128	0.016180	0.021573	-0.019670	nan	nan	nan	0.485797	9.784256	255.432373	0.000000	0.000000	0.000000	0.000000	2.273736	0.000000
1764621945.229922533	-1.659445	-0.044600	0.060967	0.000000	0.000000	0.000000	0.061315	-0.010325	-0.134128	0.007810	0.023232	-0.006778	nan	nan	nan	0.495285	9.796733	255.421814	0.000000	0.000000	0.000000	0.000000	2.273736	0.000000
1764621945.240705729	-1.642055	-0.040779	0.089559	0.000000	0.000000	0.000000	0.061315	-0.010325	-0.134128	0.012126	0.017547	-0.007790	nan	nan	nan	0.504580	9.805424	255.418304	0.000000	0.000000	0.000000	0.000000	2.273736	0.000000
1764621945.250884533	-1.650905	-0.079123	0.112002	0.000000	0.000000	0.000000	0.061315	-0.010325	-0.134128	0.016290	0.020611	-0.005075	nan	nan	nan	0.513399	9.817241	255.413147	0.000000	0.000000	0.000000	0.000000	2.273736	0.000000
1764621945.269850731	-1.642193	-0.045459	0.066841	0.000000	0.000000	0.000000	0.061315	-0.010325	-0.134128	0.008618	0.021204	-0.005286	nan	nan	nan	0.522112	9.830784	255.406883	0.000000	0.000000	0.000000	0.000000	2.273736	0.000000
1764621945.276846647	-1.671252	-0.064726	0.105757	0.000000	0.000000	0.000000	0.061315	-0.010325	-0.134128	0.008897	0.014253	-0.018200	nan	nan	nan	0.524095	9.839340	255.397354	0.000000	0.000000	0.000000	0.000000	2.273736	0.000000
1764621945.279890299	-1.659781	-0.066674	0.034384	0.000000	0.000000	0.000000	0.061315	-0.010325	-0.134128	0.009453	0.030876	-0.005987	nan	nan	nan	0.531440	9.854708	255.390633	0.000000	0.000000	0.000000	0.000000	2.273736	0.000000
1764621945.289937973	-1.674402	-0.057376	0.140435	0.000000	0.000000	0.000000	0.061315	-0.010325	-0.134128	0.013058	0.028567	0.000473	nan	nan	nan	0.540710	9.870870	255.388008	0.000000	0.000000	0.000000	0.000000	2.273736	0.000000
1764621945.300418615	-1.658989	-0.067886	0.025334	0.000000	0.000000	0.000000	0.061315	-0.010325	-0.134128	0.006124	0.018684	-0.008574	nan	nan	nan	0.547416	9.882951	255.381592	0.000000	0.000000	0.000000	0.000000	2.273736	0.000000
1764621945.313084841	-1.690935	-0.067977	0.103050	0.000000	0.000000	0.000000	0.061315	-0.010325	-0.134128	0.005060	0.025290	0.000577	nan	nan	nan	0.554520	9.895755	255.380371	0.000000	0.000000	0.000000	0.000000	2.273736	0.000000
1764621945.320449352	-1.687665	-0.021512	0.058596	0.000000	0.000000	0.000000	0.061315	-0.010325	-0.134128	0.001722	0.029702	-0.002738	nan	nan	nan	0.556656	9.910251	255.375359	0.000000	0.000000	0.000000	0.000000	2.273736	0.000000
1764621945.340110302	-1.674655	-0.108568	0.055400	0.000000	0.000000	0.000000	0.061315	-0.010325	-0.134128	0.002245	0.028419	-0.003749	nan	nan	nan	0.560631	9.931657	255.372566	0.000000	0.000000	0.000000	0.000000	2.273736	0.000000
1764621945.343605757	-1.692065	-0.005295	0.107593	0.000000	0.000000	0.000000	0.061315	-0.010325	-0.134128	0.007244	0.022303	-0.008403	nan	nan	nan	0.566155	9.941902	255.368652	0.000000	0.000000	0.000000	0.000000	2.273736	0.000000
1764621945.350356340	-1.674546	-0.110747	0.040066	0.000000	0.000000	0.000000	0.061315	-0.010325	-0.134128	-0.001930	0.022425	-0.012448	nan	nan	nan	0.564173	9.951868	255.358246	0.000000	0.000000	0.000000	0.000000	2.273736	0.000000
1764621945.360403776	-1.708184	0.009070	0.136612	0.000000	0.000000	0.000000	0.061315	-0.010325	-0.134128	-0.009110	0.019331	-0.013034	nan	nan	nan	0.562071	9.966419	255.350655	0.000000	0.000000	0.000000	0.000000	2.273736	0.000000
1764621945.370344639	-1.676260	-0.126162	0.058560	0.000000	0.000000	0.000000	0.061315	-0.010325	-0.134128	-0.000512	0.037001	-0.004882	nan	nan	nan	0.561929	9.987875	255.343666	0.000000	0.000000	0.000000	0.000000	2.273736	0.000000
1764621945.388925791	-1.671088	-0.017805	0.109016	0.000000	0.000000	0.000000	0.061315	-0.010325	-0.134128	0.000351	0.025937	-0.007618	nan	nan	nan	0.564593	10.002494	255.337166	0.000000	0.000000	0.000000	0.000000	2.273736	0.000000
1764621945.396220446	-1.698552	-0.088591	0.052997	0.000000	0.000000	0.000000	0.061315	-0.010325	-0.134128	0.003866	0.023983	-0.009967	nan	nan	nan	0.567966	10.017978	255.332680	0.000000	0.000000	0.000000	0.000000	2.273736	0.000000
1764621945.399788857	-1.702428	-0.067409	0.097540	0.000000	0.000000	0.000000	0.061315	-0.010325	-0.134128	-0.008591	0.028744	-0.003775	nan	nan	nan	0.565116	10.030462	255.325562	0.000000	0.000000	0.000000	0.000000	2.273736	0.000000
1764621945.410136938	-1.713737	-0.011103	0.070106	0.000000	0.000000	0.000000	0.061315	-0.010325	-0.134128	-0.007959	0.037101	0.000248	nan	nan	nan	0.562588	10.052786	255.326752	0.000000	0.000000	0.000000	0.000000	2.273736	0.000000
1764621945.422975540	-1.707330	-0.132203	0.070225	0.000000	0.000000	0.000000	0.061315	-0.010325	-0.134128	-0.004896	0.036227	-0.010014	nan	nan	nan	0.561713	10.072490	255.317917	0.000000	0.000000	0.000000	0.000000	2.273736	0.000000
1764621945.430476904	-1.709900	0.001580	0.099127	0.000000	0.000000	0.000000	0.061315	-0.010325	-0.134128	-0.002630	0.039287	-0.004611	nan	nan	nan	0.560295	10.095183	255.311043	0.000000	0.000000	0.000000	0.000000	2.273736	0.000000
1764621945.440518618	-1.710761	-0.134465	0.068363	0.000000	0.000000	0.000000	0.061315	-0.010325	-0.134128	-0.003937	0.020642	-0.006629	nan	nan	nan	0.558289	10.109684	255.307793	0.000000	0.000000	0.000000	0.000000	2.273736	0.000000
1764621945.450395346	-1.692110	-0.019299	0.095248	0.000000	0.000000	0.000000	0.061315	-0.010325	-0.134128	-0.010741	0.034933	-0.015580	nan	nan	nan	0.558445	10.127047	255.298828	0.000000	0.000000	0.000000	0.000000	2.273736	0.000000
1764621945.459766150	-1.713161	-0.100754	0.098613	0.000000	0.000000	0.000000	0.061315	-0.010325	-0.134128	-0.008622	0.035348	-0.011538	nan	nan	nan	0.551923	10.148265	255.288628	0.000000	0.000000	0.000000	0.000000	2.273736	0.000000
1764621945.471978188	-1.709270	-0.026466	0.098395	0.000000	0.000000	0.000000	0.063089	-0.011653	-0.132502	-0.009715	0.039341	-0.009615	nan	nan	nan	0.548620	10.168037	255.281784	0.000000	0.000000	0.000000	0.000000	2.273736	0.000000
1764621945.479660034	-1.737949	-0.063087	0.118897	0.000000	0.000000	0.000000	0.063089	-0.011653	-0.132502	-0.014726	0.025593	-0.004815	nan	nan	nan	0.539785	10.183668	255.275368	0.000000	0.000000	0.000000	0.000000	2.273736	0.000000
1764621945.490581512	-1.726539	-0.064980	0.086271	0.000000	0.000000	0.000000	0.063089	-0.011653	-0.132502	-0.009440	0.041610	-0.008850	nan	nan	nan	0.538106	10.207622	255.270752	0.000000	0.000000	0.000000	0.000000	2.273736	0.000000
1764621945.503595829	-1.728183	-0.041258	0.081832	0.000000	0.000000	0.000000	0.063089	-0.011653	-0.132502	-0.003852	0.038923	-0.009035	nan	nan	nan	0.537031	10.230947	255.264168	0.000000	0.000000	0.000000	0.000000	2.273736	0.000000
1764621945.509739399	-1.746411	-0.073409	0.104116	0.000000	0.000000	0.000000	0.063089	-0.011653	-0.132502	-0.012342	0.030168	-0.016146	nan	nan	nan	0.533383	10.247024	255.253418	0.000000	0.000000	0.000000	0.000000	2.273736	0.000000
1764621945.520002127	-1.740021	-0.017865	0.072461	0.000000	0.000000	0.000000	0.063089	-0.011653	-0.132502	-0.013251	0.030788	-0.007726	nan	nan	nan	0.521681	10.265829	255.246300	0.000000	0.000000	0.000000	0.000000	2.273736	0.000000
1764621945.538004637	-1.751750	-0.074673	0.107240	0.000000	0.000000	0.000000	0.063089	-0.011653	-0.132502	-0.021700	0.035751	-0.008852	nan	nan	nan	0.513799	10.284416	255.238800	0.000000	0.000000	0.000000	0.000000	2.273736	0.000000
1764621945.539859772	-1.756141	-0.035440	0.073150	0.000000	0.000000	0.000000	0.063089	-0.011653	-0.132502	-0.011488	0.036282	-0.003814	nan	nan	nan	0.509039	10.306789	255.234337	0.000000	0.000000	0.000000	0.000000	2.273736	0.000000
1764621945.549867153	-1.764347	-0.038351	0.133262	0.000000	0.000000	0.000000	0.063089	-0.011653	-0.132502	-0.023896	0.042879	-0.021787	nan	nan	nan	0.496412	10.330076	255.222450	0.000000	0.000000	0.000000	0.000000	2.273736	0.000000
1764621945.560029984	-1.734463	-0.051814	0.076151	0.000000	0.000000	0.000000	0.063089	-0.011653	-0.132502	-0.018972	0.033017	-0.011574	nan	nan	nan	0.484552	10.349434	255.210579	0.000000	0.000000	0.000000	0.000000	2.273736	0.000000
1764621945.569942951	-1.748419	-0.066441	0.127997	0.000000	0.000000	0.000000	0.063089	-0.011653	-0.132502	-0.018894	0.032417	-0.009633	nan	nan	nan	0.475271	10.370801	255.207275	0.000000	0.000000	0.000000	0.000000	2.273736	0.000000
1764621945.579738617	-1.754935	-0.012444	0.098380	0.000000	0.000000	0.000000	0.063089	-0.011653	-0.132502	-0.019742	0.035364	-0.012421	nan	nan	nan	0.464145	10.389201	255.197235	0.000000	0.000000	0.000000	0.000000	2.273736	0.000000
1764621945.594722271	-1.763652	-0.084689	0.087224	0.000000	0.000000	0.000000	0.063089	-0.011653	-0.132502	-0.021534	0.033060	-0.002421	nan	nan	nan	0.456354	10.407760	255.193184	0.000000	0.000000	0.000000	0.000000	2.273736	0.000000
1764621945.600297928	-1.780111	0.023614	0.125762	0.000000	0.000000	0.000000	0.063089	-0.011653	-0.132502	-0.018952	0.033843	-0.007613	nan	nan	nan	0.442769	10.429851	255.184692	0.000000	0.000000	0.000000	0.000000	2.273736	0.000000
1764621945.619626522	-1.757745	-0.103933	0.072026	0.000000	0.000000	0.000000	0.063089	-0.011653	-0.132502	-0.020970	0.038305	-0.012937	nan	nan	nan	0.433202	10.449492	255.178749	0.000000	0.000000	0.000000	0.000000	2.273736	0.000000
1764621945.619637251	-1.779154	0.031524	0.134704	0.000000	0.000000	0.000000	0.063089	-0.011653	-0.132502	-0.017545	0.033862	-0.011877	nan	nan	nan	0.425507	10.469172	255.168503	0.000000	0.000000	0.000000	0.000000	2.273736	0.000000
1764621945.630325317	-1.779973	-0.071076	0.074149	0.000000	0.000000	0.000000	0.063089	-0.011653	-0.132502	-0.022377	0.038782	-0.009626	nan	nan	nan	0.413298	10.490815	255.162086	0.000000	0.000000	0.000000	0.000000	2.273736	0.000000
1764621945.640252829	-1.766962	-0.011729	0.131234	0.000000	0.000000	0.000000	0.063089	-0.011653	-0.132502	-0.018502	0.037602	-0.010327	nan	nan	nan	0.403791	10.510324	255.152641	0.000000	0.000000	0.000000	0.000000	2.273736	0.000000
1764621945.650866508	-1.764545	-0.041116	0.084138	0.000000	0.000000	0.000000	0.063089	-0.011653	-0.132502	-0.019540	0.032452	-0.006073	nan	nan	nan	0.394243	10.530350	255.148643	0.000000	0.000000	0.000000	0.000000	2.273736	0.000000
1764621945.670031786	-1.775412	-0.090617	0.105856	0.000000	0.000000	0.000000	0.063089	-0.011653	-0.132502	-0.016213	0.037863	-0.011532	nan	nan	nan	0.386769	10.550386	255.140854	0.000000	0.000000	0.000000	0.000000	2.273736	0.000000
1764621945.680042028	-1.788562	0.041288	0.118812	0.000000	0.000000	0.000000	0.063089	-0.011653	-0.132502	-0.014187	0.032726	-0.010601	nan	nan	nan	0.378010	10.569264	255.131554	0.000000	0.000000	0.000000	0.000000	2.273736	0.000000
1764621945.699917078	-1.781822	0.060251	0.114461	0.000000	0.000000	0.000000	0.063089	-0.011653	-0.132502	-0.013916	0.040354	-0.012546	nan	nan	nan	0.358759	10.615653	255.118019	0.000000	0.000000	0.000000	0.000000	2.273736	0.000000
1764621945.701775312	-1.805129	-0.109858	0.107256	0.000000	0.000000	0.000000	0.063089	-0.011653	-0.132502	-0.019866	0.040242	-0.008541	nan	nan	nan	0.350105	10.637797	255.109047	0.000000	0.000000	0.000000	0.000000	2.273736	0.000000
1764621945.710212231	-1.788898	0.026739	0.094035	0.000000	0.000000	0.000000	0.063089	-0.011653	-0.132502	-0.018542	0.042387	0.000729	nan	nan	nan	0.343847	10.660815	255.106781	0.000000	0.000000	0.000000	0.000000	2.273736	0.000000
1764621945.720512867	-1.829609	-0.048866	0.125248	0.000000	0.000000	0.000000	0.068374	-0.007623	-0.136819	-0.020758	0.039510	-0.011381	nan	nan	nan	0.331481	10.683450	255.098740	0.000000	0.000000	0.000000	0.000000	2.273736	0.000000
1764621945.730475187	-1.799054	-0.007205	0.086646	0.000000	0.000000	0.000000	0.068374	-0.007623	-0.136819	-0.027579	0.037469	-0.010521	nan	nan	nan	0.320247	10.703888	255.090393	0.000000	0.000000	0.000000	0.000000	2.273736	0.000000
1764621945.747232199	-1.823559	0.011281	0.138498	0.000000	0.000000	0.000000	0.068374	-0.007623	-0.136819	-0.020473	0.037075	-0.006403	nan	nan	nan	0.306338	10.726962	255.083435	0.000000	0.000000	0.000000	0.000000	2.273736	0.000000
1764621945.750600576	-1.833289	-0.033437	0.104266	0.000000	0.000000	0.000000	0.068374	-0.007623	-0.136819	-0.025690	0.043206	0.003174	nan	nan	nan	0.296385	10.750159	255.085266	0.000000	0.000000	0.000000	0.000000	2.273736	0.000000
1764621945.760409355	-1.826508	0.024682	0.120675	0.000000	0.000000	0.000000	0.068374	-0.007623	-0.136819	-0.027340	0.045260	-0.005367	nan	nan	nan	0.280375	10.777113	255.079498	0.000000	0.000000	0.000000	0.000000	2.273736	0.000000
1764621945.770144463	-1.810850	-0.041293	0.118957	0.000000	0.000000	0.000000	0.068374	-0.007623	-0.136819	-0.033411	0.023817	-0.006574	nan	nan	nan	0.263905	10.794089	255.075493	0.000000	0.000000	0.000000	0.000000	2.273736	0.000000
1764621945.787327290	-1.824421	0.015405	0.088822	0.000000	0.000000	0.000000	0.068374	-0.007623	-0.136819	-0.025762	0.042473	-0.009280	nan	nan	nan	0.249991	10.815252	255.067436	0.000000	0.000000	0.000000	0.000000	2.273736	0.000000
1764621945.789976120	-1.856879	0.002425	0.159918	0.000000	0.000000	0.000000	0.068374	-0.007623	-0.136819	-0.033050	0.039347	-0.011349	nan	nan	nan	0.233573	10.837470	255.062347	0.000000	0.000000	0.000000	0.000000	2.273736	0.000000
1764621945.801310778	-1.846850	0.012380	0.080249	0.000000	0.000000	0.000000	0.068374	-0.007623	-0.136819	-0.029915	0.047499	-0.012983	nan	nan	nan	0.218505	10.865737	255.051491	0.000000	0.000000	0.000000	0.000000	2.273736	0.000000
1764621945.809710979	-1.852624	-0.007945	0.148955	0.000000	0.000000	0.000000	0.068374	-0.007623	-0.136819	-0.040932	0.052410	-0.007882	nan	nan	nan	0.194058	10.892614	255.043488	0.000000	0.000000	0.000000	0.000000	2.273736	0.000000
1764621945.826285839	-1.860161	0.006479	0.092577	0.000000	0.000000	0.000000	0.068374	-0.007623	-0.136819	-0.032283	0.042086	-0.006982	nan	nan	nan	0.178599	10.917817	255.036514	0.000000	0.000000	0.000000	0.000000	2.273736	0.000000
1764621945.830012083	-1.858288	-0.009415	0.128473	0.000000	0.000000	0.000000	0.068374	-0.007623	-0.136819	-0.042710	0.042969	-0.003956	nan	nan	nan	0.157259	10.943650	255.033875	0.000000	0.000000	0.000000	0.000000	2.273736	0.000000
1764621945.839672089	-1.873679	0.068650	0.133087	0.000000	0.000000	0.000000	0.068374	-0.007623	-0.136819	-0.025201	0.039834	-0.014317	nan	nan	nan	0.140768	10.967251	255.023109	0.000000	0.000000	0.000000	0.000000	2.273736	0.000000
1764621945.851060152	-1.845956	-0.042725	0.103191	0.000000	0.000000	0.000000	0.068374	-0.007623	-0.136819	-0.035419	0.037888	-0.007717	nan	nan	nan	0.125243	10.988357	255.016548	0.000000	0.000000	0.000000	0.000000	2.273736	0.000000
1764621945.860420465	-1.880415	0.104884	0.153806	0.000000	0.000000	0.000000	0.068374	-0.007623	-0.136819	-0.026787	0.039656	-0.017942	nan	nan	nan	0.107815	11.008182	255.004814	0.000000	0.000000	0.000000	0.000000	2.273736	0.000000
1764621945.876575232	-1.855527	-0.014810	0.090188	0.000000	0.000000	0.000000	0.068374	-0.007623	-0.136819	-0.027415	0.046831	-0.016134	nan	nan	nan	0.092380	11.037008	254.994743	0.000000	0.000000	0.000000	0.000000	2.273736	0.000000
1764621945.879800320	-1.883993	0.076640	0.177369	0.000000	0.000000	0.000000	0.068374	-0.007623	-0.136819	-0.034668	0.047652	-0.011550	nan	nan	nan	0.073168	11.063988	254.984627	0.000000	0.000000	0.000000	0.000000	2.273736	0.000000
1764621945.890429258	-1.866263	-0.028868	0.105985	0.000000	0.000000	0.000000	0.068374	-0.007623	-0.136819	-0.023578	0.034549	-0.010261	nan	nan	nan	0.059033	11.087027	254.975273	0.000000	0.000000	0.000000	0.000000	2.273736	0.000000
1764621945.909054041	-1.866619	0.053313	0.143379	0.000000	0.000000	0.000000	0.068374	-0.007623	-0.136819	-0.033133	0.038189	-0.018027	nan	nan	nan	0.043480	11.105097	254.964920	0.000000	0.000000	0.000000	0.000000	0.000000	0.000000
1764621945.909082890	-1.892665	0.051227	0.113024	0.000000	0.000000	0.000000	0.068374	-0.007623	-0.136819	-0.030064	0.039507	-0.014951	nan	nan	nan	0.023749	11.128204	254.953651	0.000000	0.000000	0.000000	0.000000	0.000000	0.000000
1764621945.919733763	-1.888530	0.010203	0.132242	0.000000	0.000000	0.000000	0.068374	-0.007623	-0.136819	-0.029280	0.032663	-0.015097	nan	nan	nan	0.010694	11.148871	254.941978	0.000000	0.000000	0.000000	0.000000	0.000000	0.000000
1764621945.930907488	-1.896103	0.111853	0.138051	0.000000	0.000000	0.000000	0.068374	-0.007623	-0.136819	-0.029055	0.043156	-0.013139	nan	nan	nan	-0.008895	11.172515	254.931755	0.000000	0.000000	0.000000	0.000000	0.000000	0.000000
1764621945.942560673	-1.902812	-0.020414	0.125957	0.000000	0.000000	0.000000	0.068374	-0.007623	-0.136819	-0.032325	0.040409	-0.018085	nan	nan	nan	-0.023975	11.191711	254.920380	0.000000	0.000000	0.000000	0.000000	0.000000	0.000000
1764621945.951312065	-1.887549	0.110972	0.112098	0.000000	0.000000	0.000000	0.068374	-0.007623	-0.136819	-0.029752	0.039434	-0.008086	nan	nan	nan	-0.040616	11.216222	254.913605	0.000000	0.000000	0.000000	0.000000	0.000000	0.000000
1764621945.960147619	-1.903061	-0.039405	0.107657	0.000000	0.000000	0.000000	0.068374	-0.007623	-0.136819	-0.026103	0.039852	-0.007796	nan	nan	nan	-0.057922	11.239519	254.906319	0.000000	0.000000	0.000000	0.000000	0.000000	0.000000
1764621945.971419573	-1.910940	0.109344	0.137635	0.000000	0.000000	0.000000	0.060542	-0.010719	-0.154773	-0.030112	0.035010	-0.002890	nan	nan	nan	-0.071717	11.262910	254.900246	0.000000	0.000000	0.000000	0.000000	0.000000	0.000000
1764621945.989366293	-1.958851	0.042600	0.170575	0.000000	0.000000	0.000000	0.060542	-0.010719	-0.154773	-0.022851	0.031442	-0.012543	nan	nan	nan	-0.084011	11.278189	254.894753	0.000000	0.000000	0.000000	0.000000	0.000000	0.000000
1764621946.000895262	-1.965935	0.037679	0.181584	0.000000	0.000000	0.000000	0.060542	-0.010719	-0.154773	-0.032986	0.029996	-0.009772	nan	nan	nan	-0.098773	11.295877	254.885567	0.000000	0.000000	0.000000	0.000000	0.000000	0.000000
1764621946.003080845	-2.004812	0.112076	0.238941	0.000000	0.000000	0.000000	0.060542	-0.010719	-0.154773	-0.026738	0.017970	-0.011164	nan	nan	nan	-0.115489	11.308790	254.877434	0.000000	0.000000	0.000000	0.000000	0.000000	0.000000
1764621946.016293764	-1.984341	0.056774	0.171977	0.000000	0.000000	0.000000	0.060542	-0.010719	-0.154773	-0.020551	0.000141	-0.013517	nan	nan	nan	-0.125697	11.310262	254.866493	0.000000	0.000000	0.000000	0.000000	0.000000	0.000000
1764621946.020149469	-2.002609	-0.026909	0.216896	0.000000	0.000000	0.000000	0.060542	-0.010719	-0.154773	-0.022103	-0.016328	-0.007828	nan	nan	nan	-0.138862	11.302967	254.860588	0.000000	0.000000	0.000000	0.000000	0.000000	0.000000
1764621946.030333519	-2.018938	0.102156	0.236339	0.000000	0.000000	0.000000	0.060542	-0.010719	-0.154773	-0.019400	-0.029295	-0.018635	nan	nan	nan	-0.151892	11.288381	254.848343	0.000000	0.000000	0.000000	0.000000	0.000000	0.000000
1764621946.040033340	-2.022943	0.084328	0.240518	0.000000	0.000000	0.000000	0.060542	-0.010719	-0.154773	-0.016586	-0.051560	-0.010298	nan	nan	nan	-0.158911	11.259145	254.840576	0.000000	0.000000	0.000000	0.000000	0.000000	0.000000
1764621946.050628662	-2.020624	0.038698	0.233158	0.000000	0.000000	0.000000	0.060542	-0.010719	-0.154773	-0.018716	-0.058639	-0.008523	nan	nan	nan	-0.169309	11.228282	254.831406	0.000000	0.000000	0.000000	0.000000	0.000000	0.000000
1764621946.063455820	-2.007082	0.085515	0.214968	0.000000	0.000000	0.000000	0.060542	-0.010719	-0.154773	-0.025334	-0.086251	-0.015732	nan	nan	nan	-0.181526	11.181543	254.820709	0.000000	0.000000	0.000000	0.000000	0.000000	0.000000
1764621946.071782351	-1.990967	0.065385	0.189938	0.000000	0.000000	0.000000	0.060542	-0.010719	-0.154773	-0.015335	-0.108071	-0.017003	nan	nan	nan	-0.190142	11.124794	254.811432	0.000000	0.000000	0.000000	0.000000	0.000000	0.000000
1764621946.079863071	-1.975850	0.069865	0.211044	0.000000	0.000000	0.000000	0.060542	-0.010719	-0.154773	-0.030292	-0.106747	-0.011894	nan	nan	nan	-0.204522	11.064556	254.800133	0.000000	0.000000	0.000000	0.000000	0.000000	0.000000
1764621946.089953184	-1.949195	0.065443	0.207087	0.000000	0.000000	0.000000	0.060542	-0.010719	-0.154773	-0.019703	-0.121828	-0.021455	nan	nan	nan	-0.217158	10.995536	254.789459	0.000000	0.000000	0.000000	0.000000	0.000000	0.000000
1764621946.106036186	-1.939138	0.086600	0.191473	0.000000	0.000000	0.000000	0.060542	-0.010719	-0.154773	-0.020194	-0.132082	-0.022906	nan	nan	nan	-0.228366	10.918951	254.773788	0.000000	0.000000	0.000000	0.000000	0.000000	0.000000
1764621946.109788418	-1.902451	0.079614	0.197938	0.000000	0.000000	0.000000	0.060542	-0.010719	-0.154773	-0.019229	-0.151584	-0.022587	nan	nan	nan	-0.240074	10.839261	254.757095	0.000000	0.000000	0.000000	0.000000	0.000000	0.000000
1764621946.120499372	-1.887386	0.073751	0.189198	0.000000	0.000000	0.000000	0.060542	-0.010719	-0.154773	-0.019224	-0.159403	-0.019930	nan	nan	nan	-0.252247	10.746121	254.745674	0.000000	0.000000	0.000000	0.000000	0.000000	0.000000
1764621946.130425930	-1.896702	0.082057	0.195702	0.000000	0.000000	0.000000	0.060542	-0.010719	-0.154773	-0.017930	-0.167187	-0.028134	nan	nan	nan	-0.262908	10.651826	254.726318	0.000000	0.000000	0.000000	0.000000	0.000000	0.000000
1764621946.139755964	-1.856030	0.092286	0.185291	0.000000	0.000000	0.000000	0.060542	-0.010719	-0.154773	-0.029764	-0.181448	-0.027678	nan	nan	nan	-0.281675	10.551003	254.707649	0.000000	0.000000	0.000000	0.000000	0.000000	0.000000
1764621946.154368162	-1.836267	0.077260	0.178285	0.000000	0.000000	0.000000	0.060542	-0.010719	-0.154773	-0.019954	-0.192926	-0.010974	nan	nan	nan	-0.288486	10.441582	254.698990	0.000000	0.000000	0.000000	0.000000	0.000000	0.000000
1764621946.159952641	-1.806617	0.074005	0.175486	0.000000	0.000000	0.000000	0.060542	-0.010719	-0.154773	-0.018804	-0.200894	-0.018675	nan	nan	nan	-0.299927	10.327933	254.687836	0.000000	0.000000	0.000000	0.000000	0.000000	0.000000
1764621946.170299292	-1.788069	0.107342	0.168511	0.000000	0.000000	0.000000	0.060542	-0.010719	-0.154773	-0.019553	-0.215813	-0.028151	nan	nan	nan	-0.313077	10.205688	254.673355	0.000000	0.000000	0.000000	0.000000	0.000000	0.000000
1764621946.189450264	-1.773999	0.099000	0.173696	0.000000	0.000000	0.000000	0.060542	-0.010719	-0.154773	-0.030331	-0.216795	-0.024651	nan	nan	nan	-0.329852	10.081277	254.655891	0.000000	0.000000	0.000000	0.000000	0.000000	0.000000
1764621946.191032410	-1.745764	0.087138	0.165352	0.000000	0.000000	0.000000	0.060542	-0.010719	-0.154773	-0.023663	-0.223301	-0.017902	nan	nan	nan	-0.341152	9.953350	254.643250	0.000000	0.000000	0.000000	0.000000	0.000000	0.000000
1764621946.200393915	-1.701220	0.090321	0.144577	0.000000	0.000000	0.000000	0.060542	-0.010719	-0.154773	-0.015229	-0.233801	-0.020963	nan	nan	nan	-0.350554	9.819631	254.628395	0.000000	0.000000	0.000000	0.000000	0.000000	0.000000
1764621946.224127531	-1.683711	0.095537	0.155287	0.000000	0.000000	0.000000	0.056487	-0.006543	-0.186957	-0.022456	-0.243464	-0.028460	nan	nan	nan	-0.368657	9.682460	254.613129	0.000000	0.000000	0.000000	0.000000	0.000000	0.000000
1764621946.225557327	-1.661137	0.114813	0.151828	0.000000	0.000000	0.000000	0.056487	-0.006543	-0.186957	-0.015737	-0.249437	-0.020888	nan	nan	nan	-0.373272	9.540292	254.598885	0.000000	0.000000	0.000000	0.000000	0.000000	0.000000
1764621946.230015993	-1.634292	0.108790	0.148734	0.000000	0.000000	0.000000	0.056487	-0.006543	-0.186957	-0.008322	-0.252297	-0.020856	nan	nan	nan	-0.379234	9.395842	254.583588	0.000000	0.000000	0.000000	0.000000	0.000000	0.000000
1764621946.239815235	-1.601595	0.108057	0.149717	0.000000	0.000000	0.000000	0.056487	-0.006543	-0.186957	-0.014526	-0.262396	-0.033004	nan	nan	nan	-0.386663	9.247319	254.564484	0.000000	0.000000	0.000000	0.000000	0.000000	0.000000
1764621946.250311852	-1.572013	0.105712	0.132051	0.000000	0.000000	0.000000	0.056487	-0.006543	-0.186957	-0.004754	-0.274303	-0.023553	nan	nan	nan	-0.390401	9.090435	254.550461	0.000000	0.000000	0.000000	0.000000	0.000000	0.000000
1764621946.262351751	-1.537083	0.098024	0.124233	0.000000	0.000000	0.000000	0.056487	-0.006543	-0.186957	-0.010531	-0.269312	-0.022893	nan	nan	nan	-0.396056	8.936293	254.535141	0.000000	0.000000	0.000000	0.000000	0.000000	0.000000
1764621946.270707607	-1.505773	0.097385	0.115159	0.000000	0.000000	0.000000	0.056487	-0.006543	-0.186957	-0.013316	-0.283477	-0.033941	nan	nan	nan	-0.405891	8.776402	254.514793	0.000000	0.000000	0.000000	0.000000	0.000000	0.000000
1764621946.279770374	-1.474824	0.110801	0.121479	0.000000	0.000000	0.000000	0.056487	-0.006543	-0.186957	-0.013834	-0.282624	-0.022543	nan	nan	nan	-0.410877	8.612349	254.501785	0.000000	0.000000	0.000000	0.000000	0.000000	0.000000
1764621946.290076733	-1.463200	0.119807	0.108650	0.000000	0.000000	0.000000	0.056487	-0.006543	-0.186957	-0.010663	-0.293547	-0.030393	nan	nan	nan	-0.417324	8.445700	254.484909	0.000000	0.000000	0.000000	0.000000	0.000000	0.000000
1764621946.300261497	-1.426748	0.115455	0.106202	0.000000	0.000000	0.000000	0.056487	-0.006543	-0.186957	-0.009600	-0.300138	-0.025578	nan	nan	nan	-0.425146	8.273702	254.467781	0.000000	0.000000	0.000000	0.000000	0.000000	0.000000
1764621946.313658237	-1.393200	0.107228	0.101400	0.000000	0.000000	0.000000	0.056487	-0.006543	-0.186957	-0.018967	-0.310287	-0.027369	nan	nan	nan	-0.433346	8.099380	254.450531	0.000000	0.000000	0.000000	0.000000	0.000000	0.000000
1764621946.320282936	-1.369878	0.122672	0.099769	0.000000	0.000000	0.000000	0.056487	-0.006543	-0.186957	-0.011501	-0.303662	-0.026863	nan	nan	nan	-0.441600	7.923214	254.432526	0.000000	0.000000	0.000000	0.000000	0.000000	0.000000
1764621946.330458641	-1.324635	0.117473	0.082857	0.000000	0.000000	0.000000	0.056487	-0.006543	-0.186957	-0.008120	-0.310749	-0.026924	nan	nan	nan	-0.447319	7.744279	254.416443	0.000000	0.000000	0.000000	0.000000	0.000000	0.000000
1764621946.345403433	-1.290695	0.107408	0.084995	0.000000	0.000000	0.000000	0.056487	-0.006543	-0.186957	-0.013756	-0.306272	-0.020401	nan	nan	nan	-0.453023	7.567953	254.403946	0.000000	0.000000	0.000000	0.000000	0.000000	0.000000
1764621946.350005865	-1.274419	0.111117	0.079855	0.000000	0.000000	0.000000	0.056487	-0.006543	-0.186957	-0.014768	-0.315224	-0.021003	nan	nan	nan	-0.462061	7.391973	254.390305	0.000000	0.000000	0.000000	0.000000	0.000000	0.000000
1764621946.360060692	-1.214158	0.105257	0.065377	0.000000	0.000000	0.000000	0.056487	-0.006543	-0.186957	-0.005200	-0.325756	-0.023950	nan	nan	nan	-0.464764	7.205729	254.375923	0.000000	0.000000	0.000000	0.000000	0.000000	0.000000
1764621946.370358467	-1.183820	0.109792	0.068241	0.000000	0.000000	0.000000	0.056487	-0.006543	-0.186957	-0.000173	-0.318953	-0.030390	nan	nan	nan	-0.465510	7.022165	254.356743	0.000000	0.000000	0.000000	0.000000	0.000000	0.000000
1764621946.378873348	-1.153576	0.117242	0.060344	0.000000	0.000000	0.000000	0.056487	-0.006543	-0.186957	-0.008914	-0.324407	-0.022089	nan	nan	nan	-0.466463	6.836779	254.343994	0.000000	0.000000	0.000000	0.000000	0.000000	0.000000
1764621946.393983841	-1.121915	0.116851	0.062094	0.000000	0.000000	0.000000	0.056487	-0.006543	-0.186957	-0.003398	-0.328213	-0.024173	nan	nan	nan	-0.467395	6.648631	254.331680	0.000000	0.000000	0.000000	0.000000	0.000000	0.000000
1764621946.400331259	-1.072725	0.110946	0.046972	0.000000	0.000000	0.000000	0.056487	-0.006543	-0.186957	-0.004461	-0.330655	-0.016567	nan	nan	nan	-0.471890	6.459177	254.319946	0.000000	0.000000	0.000000	0.000000	0.000000	0.000000
1764621946.410661936	-1.050290	0.129097	0.049421	0.000000	0.000000	0.000000	0.056487	-0.006543	-0.186957	-0.002731	-0.342006	-0.028143	nan	nan	nan	-0.472242	6.264908	254.303688	0.000000	0.000000	0.000000	0.000000	0.000000	0.000000
1764621946.425344706	-1.021019	0.112487	0.050099	0.000000	0.000000	0.000000	0.056487	-0.006543	-0.186957	0.002869	-0.348824	-0.031053	nan	nan	nan	-0.472272	6.065609	254.284409	0.000000	0.000000	0.000000	0.000000	0.000000	0.000000
1764621946.430306435	-0.963692	0.110933	0.029144	0.000000	0.000000	0.000000	0.056487	-0.006543	-0.186957	0.002356	-0.353395	-0.033204	nan	nan	nan	-0.468288	5.864444	254.267021	0.000000	0.000000	0.000000	0.000000	0.000000	0.000000
1764621946.440311432	-0.950875	0.111512	0.036069	0.000000	0.000000	0.000000	0.056487	-0.006543	-0.186957	0.007855	-0.352298	-0.033479	nan	nan	nan	-0.463329	5.662191	254.246025	0.000000	0.000000	0.000000	0.000000	0.000000	0.000000
1764621946.464770079	-0.923853	0.112821	0.028152	0.000000	0.000000	0.000000	0.056487	-0.006543	-0.186957	-0.003619	-0.358740	-0.017443	nan	nan	nan	-0.464087	5.455388	254.234703	0.000000	0.000000	0.000000	0.000000	0.000000	0.000000
1764621946.466117144	-0.879408	0.115997	0.041372	0.000000	0.000000	0.000000	0.056487	-0.006543	-0.186957	0.004922	-0.358802	-0.023494	nan	nan	nan	-0.460520	5.251993	254.222534	0.000000	0.000000	0.000000	0.000000	0.000000	0.000000
1764621946.470589399	-0.843375	0.117725	0.020380	0.000000	0.000000	0.000000	0.056487	-0.006543	-0.186957	0.003449	-0.360814	-0.021271	nan	nan	nan	-0.457794	5.043215	254.210159	0.000000	0.000000	0.000000	0.000000	0.000000	0.000000
1764621946.479922533	-0.800321	0.111198	0.017023	0.000000	0.000000	0.000000	0.013489	0.014215	-0.199601	0.002300	-0.356774	-0.023752	nan	nan	nan	-0.455546	4.838597	254.195442	0.000000	0.000000	0.000000	0.000000	0.000000	0.000000
1764621946.496939898	-0.766475	0.124116	0.006410	0.000000	0.000000	0.000000	0.013489	0.014215	-0.199601	0.001613	-0.357716	-0.023931	nan	nan	nan	-0.452289	4.634154	254.177956	0.000000	0.000000	0.000000	0.000000	0.000000	0.000000
1764621946.500651121	-0.725673	0.106441	0.006137	0.000000	0.000000	0.000000	0.013489	0.014215	-0.199601	-0.003077	-0.356834	-0.031777	nan	nan	nan	-0.451076	4.430959	254.162567	0.000000	0.000000	0.000000	0.000000	0.000000	0.000000
1764621946.510669708	-0.688713	0.112648	0.006185	0.000000	0.000000	0.000000	0.013489	0.014215	-0.199601	0.010317	-0.365302	-0.027425	nan	nan	nan	-0.448528	4.220213	254.145767	0.000000	0.000000	0.000000	0.000000	0.000000	0.000000
1764621946.519874811	-0.657249	0.106471	-0.002732	0.000000	0.000000	0.000000	0.013489	0.014215	-0.199601	0.009673	-0.359900	-0.021954	nan	nan	nan	-0.441584	4.012326	254.130356	0.000000	0.000000	0.000000	0.000000	0.000000	0.000000
1764621946.530574083	-0.625584	0.127205	0.010822	0.000000	0.000000	0.000000	0.013489	0.014215	-0.199601	0.006236	-0.368932	-0.021369	nan	nan	nan	-0.434056	3.803320	254.118919	0.000000	0.000000	0.000000	0.000000	0.000000	0.000000
1764621946.545807362	-0.596301	0.113592	0.000896	0.000000	0.000000	0.000000	0.013489	0.014215	-0.199601	0.009180	-0.359558	-0.022473	nan	nan	nan	-0.431430	3.596862	254.103073	0.000000	0.000000	0.000000	0.000000	0.000000	0.000000
1764621946.550428629	-0.550422	0.107629	-0.013208	0.000000	0.000000	0.000000	0.013489	0.014215	-0.199601	0.009044	-0.362729	-0.031909	nan	nan	nan	-0.422907	3.388761	254.085899	0.000000	0.000000	0.000000	0.000000	0.000000	0.000000
1764621946.559875965	-0.514843	0.106032	-0.016280	0.000000	0.000000	0.000000	0.013489	0.014215	-0.199601	0.004035	-0.377455	-0.027580	nan	nan	nan	-0.417987	3.173051	254.071518	0.000000	0.000000	0.000000	0.000000	0.000000	0.000000
1764621946.570507050	-0.473757	0.107305	-0.003717	0.000000	0.000000	0.000000	0.013489	0.014215	-0.199601	0.001819	-0.364820	-0.014902	nan	nan	nan	-0.417610	2.961981	254.059479	0.000000	0.000000	0.000000	0.000000	0.000000	0.000000
1764621946.589138031	-0.427125	0.098403	-0.028524	0.000000	0.000000	0.000000	0.013489	0.014215	-0.199601	0.003510	-0.377326	-0.028132	nan	nan	nan	-0.411100	2.748178	254.042236	0.000000	0.000000	0.000000	0.000000	0.000000	0.000000
1764621946.596009016	-0.386644	0.105627	-0.027725	0.000000	0.000000	0.000000	0.013489	0.014215	-0.199601	0.005763	-0.373073	-0.020829	nan	nan	nan	-0.405527	2.534616	254.030098	0.000000	0.000000	0.000000	0.000000	0.000000	0.000000
1764621946.599960327	-0.350595	0.102316	-0.029012	0.000000	0.000000	0.000000	0.013489	0.014215	-0.199601	0.006481	-0.361932	-0.029651	nan	nan	nan	-0.401420	2.324585	254.015900	0.000000	0.000000	0.000000	0.000000	0.000000	0.000000
1764621946.620455027	-0.308576	0.102000	-0.022712	0.000000	0.000000	0.000000	0.013489	0.014215	-0.199601	0.004969	-0.369057	-0.026634	nan	nan	nan	-0.397669	2.111947	253.997040	0.000000	0.000000	0.000000	0.000000	0.000000	0.000000
1764621946.621586800	-0.275643	0.103532	-0.037485	0.000000	0.000000	0.000000	0.013489	0.014215	-0.199601	0.006835	-0.373386	-0.034357	nan	nan	nan	-0.390851	1.901994	253.975899	0.000000	0.000000	0.000000	0.000000	0.000000	0.000000
1764621946.630500317	-0.230940	0.096509	-0.039469	0.000000	0.000000	0.000000	0.013489	0.014215	-0.199601	0.009017	-0.371074	-0.020157	nan	nan	nan	-0.384229	1.688003	253.963989	0.000000	0.000000	0.000000	0.000000	0.000000	0.000000
1764621946.640057802	-0.205344	0.099471	-0.022493	0.000000	0.000000	0.000000	0.013489	0.014215	-0.199601	0.002897	-0.372661	-0.024514	nan	nan	nan	-0.381316	1.475470	253.952515	0.000000	0.000000	0.000000	0.000000	0.000000	0.000000
1764621946.649581909	-0.164408	0.101360	-0.041736	0.000000	0.000000	0.000000	0.013489	0.014215	-0.199601	0.006483	-0.371893	-0.024160	nan	nan	nan	-0.378526	1.261103	253.936806	0.000000	0.000000	0.000000	0.000000	0.000000	0.000000
1764621946.659506798	-0.136002	0.106721	-0.039255	0.000000	0.000000	0.000000	0.013489	0.014215	-0.199601	0.015326	-0.366760	-0.026206	nan	nan	nan	-0.366699	1.050171	253.919678	0.000000	0.000000	0.000000	0.000000	0.000000	0.000000
1764621946.672435999	-0.097787	0.100969	-0.029502	0.000000	0.000000	0.000000	0.013489	0.014215	-0.199601	0.012809	-0.365373	-0.017066	nan	nan	nan	-0.360189	0.838590	253.908218	0.000000	0.000000	0.000000	0.000000	0.000000	0.000000
1764621946.679527044	-0.062620	0.094531	-0.045678	0.000000	0.000000	0.000000	0.013489	0.014215	-0.199601	0.007261	-0.380272	-0.029300	nan	nan	nan	-0.352187	0.623473	253.892654	0.000000	0.000000	0.000000	0.000000	0.000000	0.000000
1764621946.690053225	-0.020933	0.096849	-0.045575	0.000000	0.000000	0.000000	0.013489	0.014215	-0.199601	0.008543	-0.372108	-0.018706	nan	nan	nan	-0.341697	0.409188	253.877823	0.000000	0.000000	0.000000	0.000000	0.000000	0.000000
1764621946.710672855	0.021079	0.087227	-0.043432	0.000000	0.000000	0.000000	0.013489	0.014215	-0.199601	0.011749	-0.374455	-0.024635	nan	nan	nan	-0.334304	0.196197	253.863548	0.000000	0.000000	0.000000	0.000000	0.000000	0.000000
1764621946.710697889	0.069135	0.095383	-0.046413	0.000000	0.000000	0.000000	0.013489	0.014215	-0.199601	0.003288	-0.362609	-0.018662	nan	nan	nan	-0.328713	-0.014525	253.849785	0.000000	0.000000	0.000000	0.000000	0.000000	0.000000
1764621946.720190763	0.099703	0.097177	-0.050138	0.000000	0.000000	0.000000	0.016705	-0.001315	-0.200921	0.011302	-0.364587	-0.019444	nan	nan	nan	-0.323255	-0.223871	253.839386	0.000000	0.000000	0.000000	0.000000	0.000000	0.000000
1764621946.729761124	0.135285	0.083957	-0.050435	0.000000	0.000000	0.000000	0.016705	-0.001315	-0.200921	0.008657	-0.360639	-0.024088	nan	nan	nan	-0.313901	-0.431138	253.824944	0.000000	0.000000	0.000000	0.000000	0.000000	0.000000
1764621946.748389244	0.157928	0.096473	-0.040010	0.000000	0.000000	0.000000	0.016705	-0.001315	-0.200921	0.009925	-0.361866	-0.023473	nan	nan	nan	-0.307499	-0.636527	253.809662	0.000000	0.000000	0.000000	0.000000	0.000000	0.000000
1764621946.754754066	0.207335	0.084494	-0.048906	0.000000	0.000000	0.000000	0.016705	-0.001315	-0.200921	0.025639	-0.366671	-0.024351	nan	nan	nan	-0.292188	-0.847032	253.795509	0.000000	0.000000	0.000000	0.000000	0.000000	0.000000
1764621946.759169102	0.239908	0.083246	-0.048153	0.000000	0.000000	0.000000	0.016705	-0.001315	-0.200921	0.012868	-0.353519	-0.027118	nan	nan	nan	-0.282255	-1.052439	253.779282	0.000000	0.000000	0.000000	0.000000	0.000000	0.000000
1764621946.768314362	0.279725	0.075158	-0.049096	0.000000	0.000000	0.000000	0.016705	-0.001315	-0.200921	0.021560	-0.365689	-0.031208	nan	nan	nan	-0.266377	-1.259294	253.758797	0.000000	0.000000	0.000000	0.000000	0.000000	0.000000
1764621946.787055016	0.313343	0.079448	-0.049713	0.000000	0.000000	0.000000	0.016705	-0.001315	-0.200921	0.008843	-0.363423	-0.022112	nan	nan	nan	-0.256990	-1.467668	253.746628	0.000000	0.000000	0.000000	0.000000	0.000000	0.000000
1764621946.789443254	0.352553	0.079836	-0.049980	0.000000	0.000000	0.000000	0.016705	-0.001315	-0.200921	0.003160	-0.355535	-0.028133	nan	nan	nan	-0.252807	-1.675007	253.731079	0.000000	0.000000	0.000000	0.000000	0.000000	0.000000
1764621946.799438000	0.396035	0.077821	-0.063029	0.000000	0.000000	0.000000	0.016705	-0.001315	-0.200921	0.014540	-0.359740	-0.018108	nan	nan	nan	-0.241313	-1.876605	253.720345	0.000000	0.000000	0.000000	0.000000	0.000000	0.000000
1764621946.819567204	0.421457	0.066625	-0.056789	0.000000	0.000000	0.000000	0.016705	-0.001315	-0.200921	0.016841	-0.346753	-0.023621	nan	nan	nan	-0.231139	-2.078818	253.702301	0.000000	0.000000	0.000000	0.000000	0.000000	0.000000
1764621946.825859070	0.464421	0.065134	-0.054591	0.000000	0.000000	0.000000	0.016705	-0.001315	-0.200921	0.012070	-0.359077	-0.022260	nan	nan	nan	-0.220969	-2.282439	253.691765	0.000000	0.000000	0.000000	0.000000	0.000000	0.000000
1764621946.829956532	0.481987	0.062478	-0.055655	0.000000	0.000000	0.000000	0.016705	-0.001315	-0.200921	0.013034	-0.341359	-0.022618	nan	nan	nan	-0.212171	-2.481193	253.673164	0.000000	0.000000	0.000000	0.000000	0.000000	0.000000
1764621946.839627028	0.533027	0.069771	-0.043065	0.000000	0.000000	0.000000	0.016705	-0.001315	-0.200921	0.010458	-0.348441	-0.026271	nan	nan	nan	-0.202986	-2.680924	253.659630	0.000000	0.000000	0.000000	0.000000	0.000000	0.000000
1764621946.859502792	0.570745	0.063522	-0.046813	0.000000	0.000000	0.000000	0.016705	-0.001315	-0.200921	0.015344	-0.344589	-0.030583	nan	nan	nan	-0.190447	-2.879256	253.639816	0.000000	0.000000	0.000000	0.000000	0.000000	0.000000
1764621946.861071587	0.589273	0.063888	-0.046089	0.000000	0.000000	0.000000	0.016705	-0.001315	-0.200921	0.008956	-0.341036	-0.024242	nan	nan	nan	-0.181750	-3.075668	253.623787	0.000000	0.000000	0.000000	0.000000	0.000000	0.000000
1764621946.871764898	0.630354	0.062640	-0.055707	0.000000	0.000000	0.000000	0.016705	-0.001315	-0.200921	0.015913	-0.336192	-0.016167	nan	nan	nan	-0.169503	-3.269137	253.611504	0.000000	0.000000	0.000000	0.000000	0.000000	0.000000
1764621946.879716635	0.670373	0.054270	-0.058034	0.000000	0.000000	0.000000	0.016705	-0.001315	-0.200921	0.017166	-0.334266	-0.033038	nan	nan	nan	-0.158261	-3.462201	253.592499	0.000000	0.000000	0.000000	0.000000	0.000000	0.000000
1764621946.897683382	0.699490	0.061689	-0.045172	0.000000	0.000000	0.000000	0.016705	-0.001315	-0.200921	0.008443	-0.337560	-0.031471	nan	nan	nan	-0.145534	-3.653153	253.576019	0.000000	0.000000	0.000000	0.000000	0.000000	0.000000
1764621946.899946928	0.726585	0.054823	-0.051725	0.000000	0.000000	0.000000	0.016705	-0.001315	-0.200921	0.005527	-0.336577	-0.019624	nan	nan	nan	-0.144276	-3.844596	253.560303	0.000000	0.000000	0.000000	0.000000	0.000000	0.000000
1764621946.910182714	0.754945	0.057224	-0.038545	0.000000	0.000000	0.000000	0.016705	-0.001315	-0.200921	0.011262	-0.333518	-0.025017	nan	nan	nan	-0.135368	-4.037353	253.544769	0.000000	0.000000	0.000000	0.000000	0.000000	0.000000
1764621946.920093298	0.796508	0.054031	-0.047841	0.000000	0.000000	0.000000	0.016705	-0.001315	-0.200921	0.010994	-0.322915	-0.019292	nan	nan	nan	-0.122025	-4.224401	253.531372	0.000000	0.000000	0.000000	0.000000	0.000000	0.000000
1764621946.930467367	0.835107	0.036208	-0.043649	0.000000	0.000000	0.000000	0.016705	-0.001315	-0.200921	0.012886	-0.322725	-0.027172	nan	nan	nan	-0.111819	-4.408278	253.513405	0.000000	0.000000	0.000000	0.000000	0.000000	0.000000
1764621946.943621397	0.862383	0.049813	-0.034625	0.000000	0.000000	0.000000	0.016705	-0.001315	-0.200921	0.006091	-0.315070	-0.021283	nan	nan	nan	-0.106463	-4.590991	253.500938	0.000000	0.000000	0.000000	0.000000	0.000000	0.000000
1764621946.950281143	0.870019	0.054679	-0.035644	0.000000	0.000000	0.000000	0.016705	-0.001315	-0.200921	0.002380	-0.313554	-0.024043	nan	nan	nan	-0.099367	-4.770842	253.484550	0.000000	0.000000	0.000000	0.000000	0.000000	0.000000
1764621946.959879637	0.917647	0.039762	-0.043505	0.000000	0.000000	0.000000	0.016705	-0.001315	-0.200921	0.016270	-0.318135	-0.024654	nan	nan	nan	-0.089207	-4.951772	253.469788	0.000000	0.000000	0.000000	0.000000	0.000000	0.000000
1764621946.970857859	0.953585	0.045556	-0.040371	0.000000	0.000000	0.000000	0.006258	-0.000439	-0.191861	0.007165	-0.300587	-0.025606	nan	nan	nan	-0.080390	-5.128422	253.450005	0.000000	0.000000	0.000000	0.000000	0.000000	0.000000
1764621946.979969740	0.988085	0.041359	-0.041688	0.000000	0.000000	0.000000	0.006258	-0.000439	-0.191861	0.001691	-0.305145	-0.029002	nan	nan	nan	-0.074364	-5.301510	253.434586	0.000000	0.000000	0.000000	0.000000	0.000000	0.000000
1764621946.998324871	1.007669	0.042249	-0.032716	0.000000	0.000000	0.000000	0.006258	-0.000439	-0.191861	0.009739	-0.293610	-0.023278	nan	nan	nan	-0.066523	-5.472732	253.418877	0.000000	0.000000	0.000000	0.000000	0.000000	0.000000
1764621947.000174284	1.038639	0.046118	-0.025024	0.000000	0.000000	0.000000	0.006258	-0.000439	-0.191861	0.016624	-0.299854	-0.022494	nan	nan	nan	-0.056134	-5.642966	253.405151	0.000000	0.000000	0.000000	0.000000	0.000000	0.000000
1764621947.009779215	1.072995	0.028675	-0.036075	0.000000	0.000000	0.000000	0.006258	-0.000439	-0.191861	0.014305	-0.295052	-0.020925	nan	nan	nan	-0.044154	-5.813522	253.389557	0.000000	0.000000	0.000000	0.000000	0.000000	0.000000
1764621947.028205872	1.106757	0.038574	-0.028408	0.000000	0.000000	0.000000	0.006258	-0.000439	-0.191861	0.014679	-0.291078	-0.021894	nan	nan	nan	-0.032088	-5.980814	253.376617	0.000000	0.000000	0.000000	0.000000	0.000000	0.000000
1764621947.028232336	1.117773	0.041990	-0.025286	0.000000	0.000000	0.000000	0.006258	-0.000439	-0.191861	0.017106	-0.289454	-0.017763	nan	nan	nan	-0.018485	-6.147036	253.363373	0.000000	0.000000	0.000000	0.000000	0.000000	0.000000
1764621947.039637327	1.151981	0.035496	-0.023488	0.000000	0.000000	0.000000	0.006258	-0.000439	-0.191861	0.014395	-0.296912	-0.015069	nan	nan	nan	-0.008609	-6.315356	253.351883	0.000000	0.000000	0.000000	0.000000	0.000000	0.000000
1764621947.049876690	1.181194	0.033526	-0.014544	0.000000	0.000000	0.000000	0.006258	-0.000439	-0.191861	0.012027	-0.281702	-0.016515	nan	nan	nan	0.003291	-6.479254	253.341263	0.000000	0.000000	0.000000	0.000000	0.000000	0.000000
1764621947.060184240	1.208616	0.024321	-0.012838	0.000000	0.000000	0.000000	0.006258	-0.000439	-0.191861	0.001595	-0.274271	-0.027566	nan	nan	nan	0.008631	-6.636940	253.325005	0.000000	0.000000	0.000000	0.000000	0.000000	0.000000
1764621947.074114084	1.225919	0.022916	-0.014491	0.000000	0.000000	0.000000	0.006258	-0.000439	-0.191861	0.011466	-0.280879	-0.019746	nan	nan	nan	0.020033	-6.797941	253.309792	0.000000	0.000000	0.000000	0.000000	0.000000	0.000000
1764621947.079826593	1.268587	0.009751	-0.024922	0.000000	0.000000	0.000000	0.006258	-0.000439	-0.191861	0.009926	-0.261981	-0.017178	nan	nan	nan	0.026975	-6.950455	253.295891	0.000000	0.000000	0.000000	0.000000	0.000000	0.000000
1764621947.089897394	1.289449	0.038281	-0.008562	0.000000	0.000000	0.000000	0.006258	-0.000439	-0.191861	0.001871	-0.269373	-0.014475	nan	nan	nan	0.032271	-7.103337	253.287735	0.000000	0.000000	0.000000	0.000000	0.000000	0.000000
1764621947.102969408	1.312162	0.032553	0.009775	0.000000	0.000000	0.000000	0.006258	-0.000439	-0.191861	0.007550	-0.267128	-0.007126	nan	nan	nan	0.040331	-7.257098	253.279594	0.000000	0.000000	0.000000	0.000000	0.000000	0.000000
1764621947.110257149	1.352024	0.018444	-0.025812	0.000000	0.000000	0.000000	0.006258	-0.000439	-0.191861	0.012613	-0.261219	-0.019633	nan	nan	nan	0.047833	-7.408136	253.267952	0.000000	0.000000	0.000000	0.000000	0.000000	0.000000
1764621947.120228052	1.364375	0.025199	-0.009566	0.000000	0.000000	0.000000	0.006258	-0.000439	-0.191861	0.009515	-0.261012	-0.024464	nan	nan	nan	0.056228	-7.557151	253.253487	0.000000	0.000000	0.000000	0.000000	0.000000	0.000000
1764621947.130606413	1.392693	0.029570	0.000813	0.000000	0.000000	0.000000	0.006258	-0.000439	-0.191861	0.000933	-0.253671	-0.014811	nan	nan	nan	0.064393	-7.703929	253.240585	0.000000	0.000000	0.000000	0.000000	0.000000	0.000000
1764621947.149510145	1.410526	0.033696	0.003549	0.000000	0.000000	0.000000	0.006258	-0.000439	-0.191861	-0.003630	-0.241343	-0.013354	nan	nan	nan	0.065441	-7.844943	253.231209	0.000000	0.000000	0.000000	0.000000	0.000000	0.000000
1764621947.151293039	1.438138	0.027121	-0.003313	0.000000	0.000000	0.000000	0.006258	-0.000439	-0.191861	0.008855	-0.242025	-0.007663	nan	nan	nan	0.072236	-7.983528	253.226540	0.000000	0.000000	0.000000	0.000000	0.000000	0.000000
1764621947.159961700	1.457184	0.021192	0.010491	0.000000	0.000000	0.000000	0.006258	-0.000439	-0.191861	0.009196	-0.239884	-0.022337	nan	nan	nan	0.082157	-8.121337	253.210541	0.000000	0.000000	0.000000	0.000000	0.000000	0.000000
1764621947.170888901	1.477436	0.017145	0.012126	0.000000	0.000000	0.000000	0.006258	-0.000439	-0.191861	0.004230	-0.229614	-0.011162	nan	nan	nan	0.088728	-8.251282	253.201782	0.000000	0.000000	0.000000	0.000000	0.000000	0.000000
1764621947.188281775	1.505742	0.023417	0.010547	0.000000	0.000000	0.000000	0.006258	-0.000439	-0.191861	0.000130	-0.238859	-0.019183	nan	nan	nan	0.092765	-8.389326	253.188835	0.000000	0.000000	0.000000	0.000000	0.000000	0.000000
1764621947.189941406	1.530277	0.027907	0.021957	0.000000	0.000000	0.000000	0.006258	-0.000439	-0.191861	0.005680	-0.232250	-0.018250	nan	nan	nan	0.097452	-8.523574	253.174889	0.000000	0.000000	0.000000	0.000000	0.000000	0.000000
1764621947.200368166	1.548554	0.020846	0.023253	0.000000	0.000000	0.000000	0.006258	-0.000439	-0.191861	0.006363	-0.220349	-0.012509	nan	nan	nan	0.104388	-8.651770	253.164688	0.000000	0.000000	0.000000	0.000000	0.000000	0.000000
1764621947.210786104	1.573008	0.014847	0.012805	0.000000	0.000000	0.000000	0.006258	-0.000439	-0.191861	-0.004300	-0.207753	-0.012685	nan	nan	nan	0.108681	-8.771985	253.156288	0.000000	0.000000	0.000000	0.000000	0.000000	0.000000
1764621947.220317364	1.593251	0.019104	0.024631	0.000000	0.000000	0.000000	-0.015834	-0.020336	-0.188247	0.001241	-0.207697	-0.004813	nan	nan	nan	0.112090	-8.892663	253.150146	0.000000	0.000000	0.000000	0.000000	0.000000	0.000000
1764621947.237380981	1.600816	0.020022	0.027745	0.000000	0.000000	0.000000	-0.015834	-0.020336	-0.188247	0.000071	-0.212959	-0.020749	nan	nan	nan	0.115001	-9.012527	253.137909	0.000000	0.000000	0.000000	0.000000	0.000000	0.000000
1764621947.240279436	1.632134	0.032733	0.024678	0.000000	0.000000	0.000000	-0.015834	-0.020336	-0.188247	-0.005838	-0.210497	-0.020579	nan	nan	nan	0.115070	-9.133417	253.122940	0.000000	0.000000	0.000000	0.000000	0.000000	0.000000
1764621947.251233578	1.651935	0.019093	0.023635	0.000000	0.000000	0.000000	-0.015834	-0.020336	-0.188247	0.002248	-0.207667	-0.023228	nan	nan	nan	0.119375	-9.253774	253.108444	0.000000	0.000000	0.000000	0.000000	0.000000	0.000000
1764621947.259979486	1.660999	0.022021	0.028735	0.000000	0.000000	0.000000	-0.015834	-0.020336	-0.188247	-0.000514	-0.191368	-0.011232	nan	nan	nan	0.124408	-9.366422	253.098961	0.000000	0.000000	0.000000	0.000000	0.000000	0.000000
1764621947.273200512	1.680154	0.018310	0.032878	0.000000	0.000000	0.000000	-0.015834	-0.020336	-0.188247	-0.006914	-0.197280	-0.019185	nan	nan	nan	0.125934	-9.476158	253.087189	0.000000	0.000000	0.000000	0.000000	0.000000	0.000000
1764621947.279638052	1.705027	0.024477	0.033613	0.000000	0.000000	0.000000	-0.015834	-0.020336	-0.188247	-0.001760	-0.191465	-0.009042	nan	nan	nan	0.125108	-9.588731	253.077194	0.000000	0.000000	0.000000	0.000000	0.000000	0.000000
1764621947.290217638	1.720382	0.025507	0.042471	0.000000	0.000000	0.000000	-0.015834	-0.020336	-0.188247	-0.006984	-0.176205	-0.023356	nan	nan	nan	0.126658	-9.692499	253.065498	0.000000	0.000000	0.000000	0.000000	0.000000	0.000000
1764621947.300428391	1.726360	0.019946	0.046300	0.000000	0.000000	0.000000	-0.015834	-0.020336	-0.188247	-0.007491	-0.182787	-0.011289	nan	nan	nan	0.124850	-9.795572	253.056633	0.000000	0.000000	0.000000	0.000000	0.000000	0.000000
1764621947.313465595	1.752276	0.030486	0.051466	0.000000	0.000000	0.000000	-0.015834	-0.020336	-0.188247	-0.005886	-0.173331	-0.015549	nan	nan	nan	0.124162	-9.894731	253.044632	0.000000	0.000000	0.000000	0.000000	0.000000	0.000000
1764621947.320150614	1.754516	0.023801	0.049990	0.000000	0.000000	0.000000	-0.015834	-0.020336	-0.188247	-0.007846	-0.162311	-0.024390	nan	nan	nan	0.125575	-9.991118	253.029846	0.000000	0.000000	0.000000	0.000000	0.000000	0.000000
1764621947.340074301	1.799806	0.015429	0.046608	0.000000	0.000000	0.000000	-0.015834	-0.020336	-0.188247	-0.008809	-0.169736	-0.012238	nan	nan	nan	0.126024	-10.086652	253.018272	0.000000	0.000000	0.000000	0.000000	0.000000	0.000000
1764621947.343842506	1.797099	0.006975	0.043379	0.000000	0.000000	0.000000	-0.015834	-0.020336	-0.188247	-0.008914	-0.155677	-0.013016	nan	nan	nan	0.124637	-10.178177	253.011421	0.000000	0.000000	0.000000	0.000000	0.000000	0.000000
1764621947.349814892	1.818428	0.022736	0.050780	0.000000	0.000000	0.000000	-0.015834	-0.020336	-0.188247	-0.013405	-0.162830	-0.012444	nan	nan	nan	0.119485	-10.271636	252.999825	0.000000	0.000000	0.000000	0.000000	0.000000	0.000000
1764621947.360337734	1.827391	0.014045	0.054806	0.000000	0.000000	0.000000	-0.015834	-0.020336	-0.188247	-0.013833	-0.157638	-0.011102	nan	nan	nan	0.115508	-10.360488	252.992485	0.000000	0.000000	0.000000	0.000000	0.000000	0.000000
1764621947.370088816	1.828191	0.030847	0.061336	0.000000	0.000000	0.000000	-0.015834	-0.020336	-0.188247	-0.003233	-0.146345	-0.007623	nan	nan	nan	0.115219	-10.446837	252.984039	0.000000	0.000000	0.000000	0.000000	0.000000	0.000000
1764621947.379774570	1.845239	0.035762	0.068989	0.000000	0.000000	0.000000	-0.015834	-0.020336	-0.188247	-0.006975	-0.142815	-0.008601	nan	nan	nan	0.113150	-10.531451	252.978386	0.000000	0.000000	0.000000	0.000000	0.000000	0.000000
1764621947.395579338	1.871097	0.029260	0.063352	0.000000	0.000000	0.000000	-0.015834	-0.020336	-0.188247	-0.007277	-0.139158	-0.021118	nan	nan	nan	0.114424	-10.608468	252.964149	0.000000	0.000000	0.000000	0.000000	0.000000	0.000000
1764621947.400141954	1.877510	0.029337	0.070652	0.000000	0.000000	0.000000	-0.015834	-0.020336	-0.188247	-0.013962	-0.138470	-0.008901	nan	nan	nan	0.111085	-10.690516	252.958321	0.000000	0.000000	0.000000	0.000000	0.000000	0.000000
1764621947.409231424	1.896626	0.013752	0.076718	0.000000	0.000000	0.000000	-0.015834	-0.020336	-0.188247	-0.016351	-0.128970	-0.005468	nan	nan	nan	0.105174	-10.763600	252.951843	0.000000	0.000000	0.000000	0.000000	0.000000	0.000000
1764621947.420051098	1.906546	0.023994	0.071257	0.000000	0.000000	0.000000	-0.015834	-0.020336	-0.188247	-0.014700	-0.130561	-0.011236	nan	nan	nan	0.101490	-10.839851	252.943733	0.000000	0.000000	0.000000	0.000000	0.000000	0.000000
1764621947.432095051	1.916664	0.026039	0.066668	0.000000	0.000000	0.000000	-0.015834	-0.020336	-0.188247	-0.017038	-0.121698	-0.005905	nan	nan	nan	0.094402	-10.910170	252.940277	0.000000	0.000000	0.000000	0.000000	0.000000	0.000000
1764621947.439983845	1.934176	0.027152	0.065974	0.000000	0.000000	0.000000	-0.015834	-0.020336	-0.188247	-0.014916	-0.118657	-0.008481	nan	nan	nan	0.088442	-10.977394	252.933670	0.000000	0.000000	0.000000	0.000000	0.000000	0.000000
1764621947.450380564	1.940273	0.028471	0.074252	0.000000	0.000000	0.000000	-0.015834	-0.020336	-0.188247	-0.009895	-0.113183	-0.009916	nan	nan	nan	0.086255	-11.044940	252.922943	0.000000	0.000000	0.000000	0.000000	0.000000	0.000000
1764621947.463720322	1.941722	0.023363	0.080011	0.000000	0.000000	0.000000	-0.015834	-0.020336	-0.188247	-0.016287	-0.101961	-0.011333	nan	nan	nan	0.078492	-11.103471	252.919228	0.000000	0.000000	0.000000	0.000000	0.000000	0.000000
1764621947.470092297	1.955019	0.021656	0.086346	0.000000	0.000000	0.000000	-0.014557	-0.013538	-0.179241	-0.010366	-0.113870	-0.010927	nan	nan	nan	0.078629	-11.169329	252.910095	0.000000	0.000000	0.000000	0.000000	0.000000	0.000000
1764621947.479485035	1.973062	0.024799	0.080441	0.000000	0.000000	0.000000	-0.014557	-0.013538	-0.179241	-0.012950	-0.109877	-0.012414	nan	nan	nan	0.074844	-11.232070	252.899559	0.000000	0.000000	0.000000	0.000000	0.000000	0.000000
1764621947.490226269	1.982045	0.034951	0.093514	0.000000	0.000000	0.000000	-0.014557	-0.013538	-0.179241	-0.012651	-0.099833	-0.009628	nan	nan	nan	0.070313	-11.290844	252.893288	0.000000	0.000000	0.000000	0.000000	0.000000	0.000000
1764621947.500359535	1.992340	0.028083	0.084039	0.000000	0.000000	0.000000	-0.014557	-0.013538	-0.179241	-0.015150	-0.089118	-0.008180	nan	nan	nan	0.063452	-11.341895	252.886459	0.000000	0.000000	0.000000	0.000000	0.000000	0.000000
1764621947.516157627	1.994609	0.035018	0.090307	0.000000	0.000000	0.000000	-0.014557	-0.013538	-0.179241	-0.005343	-0.092576	-0.003048	nan	nan	nan	0.062241	-11.396462	252.882561	0.000000	0.000000	0.000000	0.000000	0.000000	0.000000
1764621947.520213604	2.001643	0.036291	0.092072	0.000000	0.000000	0.000000	-0.014557	-0.013538	-0.179241	-0.011673	-0.087219	-0.016282	nan	nan	nan	0.060659	-11.448611	252.872215	0.000000	0.000000	0.000000	0.000000	0.000000	0.000000
1764621947.530615568	2.009895	0.049981	0.089517	0.000000	0.000000	0.000000	-0.014557	-0.013538	-0.179241	-0.017049	-0.077385	0.000976	nan	nan	nan	0.054580	-11.493341	252.871895	0.000000	0.000000	0.000000	0.000000	0.000000	0.000000
1764621947.542678833	2.017673	0.033638	0.078774	0.000000	0.000000	0.000000	-0.014557	-0.013538	-0.179241	-0.014847	-0.076594	-0.011159	nan	nan	nan	0.046951	-11.535965	252.861816	0.000000	0.000000	0.000000	0.000000	0.000000	0.000000
1764621947.549911261	2.020464	0.028787	0.094601	0.000000	0.000000	0.000000	-0.014557	-0.013538	-0.179241	-0.013564	-0.068657	-0.005299	nan	nan	nan	0.043953	-11.577447	252.857330	0.000000	0.000000	0.000000	0.000000	0.000000	0.000000
1764621947.559383869	2.027423	0.038283	0.098074	0.000000	0.000000	0.000000	-0.014557	-0.013538	-0.179241	-0.014001	-0.068145	-0.005071	nan	nan	nan	0.039375	-11.617219	252.852859	0.000000	0.000000	0.000000	0.000000	0.000000	0.000000
1764621947.579173803	2.029557	0.049428	0.103964	0.000000	0.000000	0.000000	-0.014557	-0.013538	-0.179241	-0.015008	-0.064114	-0.011714	nan	nan	nan	0.033333	-11.657781	252.844803	0.000000	0.000000	0.000000	0.000000	0.000000	0.000000
1764621947.579188108	2.052020	0.030704	0.094867	0.000000	0.000000	0.000000	-0.014557	-0.013538	-0.179241	-0.008384	-0.058943	-0.008679	nan	nan	nan	0.029836	-11.690283	252.840889	0.000000	0.000000	0.000000	0.000000	0.000000	0.000000
1764621947.590169907	2.058451	0.040293	0.094917	0.000000	0.000000	0.000000	-0.014557	-0.013538	-0.179241	-0.019389	-0.059113	-0.006924	nan	nan	nan	0.023653	-11.723777	252.832985	0.000000	0.000000	0.000000	0.000000	0.000000	0.000000
1764621947.600080729	2.051001	0.027950	0.096796	0.000000	0.000000	0.000000	-0.014557	-0.013538	-0.179241	-0.015100	-0.044090	0.001371	nan	nan	nan	0.017878	-11.751216	252.829941	0.000000	0.000000	0.000000	0.000000	0.000000	0.000000
1764621947.609880447	2.054393	0.044482	0.098665	0.000000	0.000000	0.000000	-0.014557	-0.013538	-0.179241	-0.014110	-0.053709	-0.010140	nan	nan	nan	0.012356	-11.780521	252.824211	0.000000	0.000000	0.000000	0.000000	0.000000	0.000000
1764621947.620516300	2.052273	0.040768	0.100649	0.000000	0.000000	0.000000	-0.014557	-0.013538	-0.179241	-0.018853	-0.052863	-0.001563	nan	nan	nan	0.003396	-11.809817	252.822227	0.000000	0.000000	0.000000	0.000000	0.000000	0.000000
1764621947.634950399	2.054306	0.040227	0.104718	0.000000	0.000000	0.000000	-0.014557	-0.013538	-0.179241	-0.018161	-0.041162	-0.011750	nan	nan	nan	-0.003960	-11.834367	252.813843	0.000000	0.000000	0.000000	0.000000	0.000000	0.000000
1764621947.640484810	2.048550	0.062752	0.115453	0.000000	0.000000	0.000000	-0.014557	-0.013538	-0.179241	-0.017780	-0.044343	-0.003856	nan	nan	nan	-0.012420	-11.858897	252.809448	0.000000	0.000000	0.000000	0.000000	0.000000	0.000000
1764621947.650779724	2.071912	0.048629	0.110804	0.000000	0.000000	0.000000	-0.014557	-0.013538	-0.179241	-0.022714	-0.030016	0.001479	nan	nan	nan	-0.021362	-11.879854	252.808975	0.000000	0.000000	0.000000	0.000000	0.000000	0.000000
1764621947.666943550	2.072313	0.061421	0.108210	0.000000	0.000000	0.000000	-0.014557	-0.013538	-0.179241	-0.021054	-0.036433	-0.000750	nan	nan	nan	-0.029505	-11.902899	252.804398	0.000000	0.000000	0.000000	0.000000	0.000000	0.000000
1764621947.670052767	2.074111	0.042047	0.106688	0.000000	0.000000	0.000000	-0.014557	-0.013538	-0.179241	-0.014658	-0.030575	-0.002159	nan	nan	nan	-0.038053	-11.917736	252.806213	0.000000	0.000000	0.000000	0.000000	0.000000	0.000000
1764621947.678982258	2.072896	0.059675	0.102786	0.000000	0.000000	0.000000	-0.014557	-0.013538	-0.179241	-0.027819	-0.018567	-0.006147	nan	nan	nan	-0.047688	-11.929683	252.800697	0.000000	0.000000	0.000000	0.000000	0.000000	0.000000
1764621947.690461874	2.073521	0.049456	0.110713	0.000000	0.000000	0.000000	-0.014557	-0.013538	-0.179241	-0.017123	-0.018959	-0.005718	nan	nan	nan	-0.056768	-11.940566	252.795120	0.000000	0.000000	0.000000	0.000000	0.000000	0.000000
1764621947.701268673	2.078701	0.050616	0.112027	0.000000	0.000000	0.000000	-0.014557	-0.013538	-0.179241	-0.018512	-0.013383	-0.013767	nan	nan	nan	-0.064175	-11.949541	252.785889	0.000000	0.000000	0.000000	0.000000	0.000000	0.000000
1764621947.715315342	2.066470	0.057298	0.111514	0.000000	0.000000	0.000000	-0.013144	0.004344	-0.177027	-0.020302	-0.026730	-0.012489	nan	nan	nan	-0.070571	-11.963665	252.778984	0.000000	0.000000	0.000000	0.000000	0.000000	0.000000
1764621947.720624924	2.082655	0.059673	0.119245	0.000000	0.000000	0.000000	-0.013144	0.004344	-0.177027	-0.019674	-0.008502	-0.007758	nan	nan	nan	-0.080443	-11.970774	252.773697	0.000000	0.000000	0.000000	0.000000	0.000000	0.000000
1764621947.730825663	2.080501	0.057831	0.119298	0.000000	0.000000	0.000000	-0.013144	0.004344	-0.177027	-0.020551	-0.010200	-0.001249	nan	nan	nan	-0.090277	-11.977831	252.768631	0.000000	0.000000	0.000000	0.000000	0.000000	0.000000
1764621947.739848375	2.079470	0.057544	0.118190	0.000000	0.000000	0.000000	-0.013144	0.004344	-0.177027	-0.017171	-0.008585	-0.004327	nan	nan	nan	-0.097436	-11.981405	252.763969	0.000000	0.000000	0.000000	0.000000	0.000000	0.000000
1764621947.759598017	2.085144	0.052680	0.110202	0.000000	0.000000	0.000000	-0.013144	0.004344	-0.177027	-0.013812	0.002339	-0.004525	nan	nan	nan	-0.104429	-11.982897	252.759254	0.000000	0.000000	0.000000	0.000000	0.000000	0.000000
1764621947.759608746	2.074275	0.064870	0.115964	0.000000	0.000000	0.000000	-0.013144	0.004344	-0.177027	-0.022583	0.015175	-0.004512	nan	nan	nan	-0.109846	-11.978119	252.756439	0.000000	0.000000	0.000000	0.000000	0.000000	0.000000
1764621947.770694494	2.072752	0.066347	0.119807	0.000000	0.000000	0.000000	-0.013144	0.004344	-0.177027	-0.023722	0.009330	-0.012555	nan	nan	nan	-0.121655	-11.969914	252.751366	0.000000	0.000000	0.000000	0.000000	0.000000	0.000000
1764621947.779244184	2.076781	0.064682	0.111838	0.000000	0.000000	0.000000	-0.013144	0.004344	-0.177027	-0.022396	0.011036	-0.005241	nan	nan	nan	-0.131051	-11.964291	252.742935	0.000000	0.000000	0.000000	0.000000	0.000000	0.000000
1764621947.793700218	2.070359	0.062222	0.111104	0.000000	0.000000	0.000000	-0.013144	0.004344	-0.177027	-0.030334	0.013715	-0.007320	nan	nan	nan	-0.144141	-11.958150	252.738564	0.000000	0.000000	0.000000	0.000000	0.000000	0.000000
1764621947.799601555	2.065644	0.078101	0.125710	0.000000	0.000000	0.000000	-0.013144	0.004344	-0.177027	-0.015160	0.011233	-0.000369	nan	nan	nan	-0.153342	-11.950196	252.736649	0.000000	0.000000	0.000000	0.000000	0.000000	0.000000
1764621947.810043335	2.075915	0.075521	0.119063	0.000000	0.000000	0.000000	-0.013144	0.004344	-0.177027	-0.015778	0.011910	0.001089	nan	nan	nan	-0.161564	-11.941956	252.738274	0.000000	0.000000	0.000000	0.000000	0.000000	0.000000
1764621947.825858116	2.067557	0.075568	0.114399	0.000000	0.000000	0.000000	-0.013144	0.004344	-0.177027	-0.016469	0.029648	0.004943	nan	nan	nan	-0.168955	-11.929138	252.739616	0.000000	0.000000	0.000000	0.000000	0.000000	0.000000
1764621947.830092192	2.056384	0.081378	0.113755	0.000000	0.000000	0.000000	-0.013144	0.004344	-0.177027	-0.018009	0.026362	-0.008037	nan	nan	nan	-0.176212	-11.913337	252.733887	0.000000	0.000000	0.000000	0.000000	0.000000	0.000000
1764621947.839966774	2.056976	0.073083	0.119875	0.000000	0.000000	0.000000	-0.013144	0.004344	-0.177027	-0.026128	0.033009	-0.004199	nan	nan	nan	-0.185344	-11.894133	252.726578	0.000000	0.000000	0.000000	0.000000	0.000000	0.000000
1764621947.851721048	2.058345	0.081964	0.114005	0.000000	0.000000	0.000000	-0.013144	0.004344	-0.177027	-0.023167	0.035430	0.001108	nan	nan	nan	-0.196928	-11.875210	252.725861	0.000000	0.000000	0.000000	0.000000	0.000000	0.000000
1764621947.859118700	2.047954	0.080628	0.122084	0.000000	0.000000	0.000000	-0.013144	0.004344	-0.177027	-0.023347	0.028063	0.003908	nan	nan	nan	-0.207777	-11.860956	252.727196	0.000000	0.000000	0.000000	0.000000	0.000000	0.000000
1764621947.872475147	2.039813	0.071492	0.120995	0.000000	0.000000	0.000000	-0.013144	0.004344	-0.177027	-0.015325	0.028991	-0.007576	nan	nan	nan	-0.213571	-11.842734	252.721375	0.000000	0.000000	0.000000	0.000000	0.000000	0.000000
1764621947.879318953	2.045082	0.070437	0.107130	0.000000	0.000000	0.000000	-0.013144	0.004344	-0.177027	-0.027827	0.028423	-0.008772	nan	nan	nan	-0.228599	-11.824347	252.720802	0.000000	0.000000	0.000000	0.000000	0.000000	0.000000
1764621947.889141798	2.044061	0.092696	0.117772	0.000000	0.000000	0.000000	-0.013144	0.004344	-0.177027	-0.016466	0.043368	-0.000048	nan	nan	nan	-0.234635	-11.804471	252.713921	0.000000	0.000000	0.000000	0.000000	0.000000	0.000000
1764621947.903497219	2.030709	0.085336	0.113294	0.000000	0.000000	0.000000	-0.013144	0.004344	-0.177027	-0.015901	0.037311	-0.004928	nan	nan	nan	-0.243647	-11.781941	252.711266	0.000000	0.000000	0.000000	0.000000	0.000000	0.000000
1764621947.908218145	2.037746	0.069229	0.105924	0.000000	0.000000	0.000000	-0.013144	0.004344	-0.177027	-0.014771	0.047052	0.001382	nan	nan	nan	-0.249771	-11.754539	252.711166	0.000000	0.000000	0.000000	0.000000	0.000000	0.000000
1764621947.919291973	2.019894	0.074189	0.111118	0.000000	0.000000	0.000000	-0.013144	0.004344	-0.177027	-0.015967	0.048194	-0.003930	nan	nan	nan	-0.257436	-11.729781	252.706856	0.000000	0.000000	0.000000	0.000000	0.000000	0.000000
1764621947.929482698	2.020367	0.085071	0.107626	0.000000	0.000000	0.000000	-0.013144	0.004344	-0.177027	-0.021007	0.054375	-0.005619	nan	nan	nan	-0.264750	-11.699038	252.700157	0.000000	0.000000	0.000000	0.000000	0.000000	0.000000
1764621947.939398289	2.002820	0.093090	0.116271	0.000000	0.000000	0.000000	-0.013144	0.004344	-0.177027	-0.026645	0.054139	0.005513	nan	nan	nan	-0.276000	-11.668235	252.699310	0.000000	0.000000	0.000000	0.000000	0.000000	0.000000
1764621947.955403805	2.003081	0.090997	0.123779	0.000000	0.000000	0.000000	-0.013144	0.004344	-0.177027	-0.021805	0.057425	-0.002778	nan	nan	nan	-0.285557	-11.634749	252.698273	0.000000	0.000000	0.000000	0.000000	0.000000	0.000000
1764621947.958832741	2.008614	0.084401	0.099666	0.000000	0.000000	0.000000	-0.013144	0.004344	-0.177027	-0.014325	0.054587	-0.003884	nan	nan	nan	-0.293501	-11.603449	252.696465	0.000000	0.000000	0.000000	0.000000	0.000000	0.000000
1764621947.969465733	1.998721	0.088997	0.109019	0.000000	0.000000	0.000000	-0.006581	-0.001126	-0.173073	-0.023034	0.055028	-0.003865	nan	nan	nan	-0.304229	-11.574537	252.692665	0.000000	0.000000	0.000000	0.000000	0.000000	0.000000
1764621947.979534149	1.992116	0.092331	0.101610	0.000000	0.000000	0.000000	-0.006581	-0.001126	-0.173073	-0.011804	0.068028	-0.006450	nan	nan	nan	-0.308262	-11.534385	252.685440	0.000000	0.000000	0.000000	0.000000	0.000000	0.000000
1764621947.994836330	1.980323	0.092318	0.111551	0.000000	0.000000	0.000000	-0.006581	-0.001126	-0.173073	-0.027506	0.072664	-0.010247	nan	nan	nan	-0.319592	-11.492862	252.679504	0.000000	0.000000	0.000000	0.000000	0.000000	0.000000
1764621948.000821352	1.978224	0.094221	0.101941	0.000000	0.000000	0.000000	-0.006581	-0.001126	-0.173073	-0.017538	0.069800	-0.007291	nan	nan	nan	-0.326358	-11.453258	252.673370	0.000000	0.000000	0.000000	0.000000	0.000000	0.000000
1764621948.010608673	1.962398	0.088388	0.108427	0.000000	0.000000	0.000000	-0.006581	-0.001126	-0.173073	-0.010190	0.071583	-0.003614	nan	nan	nan	-0.332475	-11.411259	252.673210	0.000000	0.000000	0.000000	0.000000	0.000000	0.000000
1764621948.026596785	1.948681	0.097113	0.115701	0.000000	0.000000	0.000000	-0.006581	-0.001126	-0.173073	-0.008798	0.076543	-0.008007	nan	nan	nan	-0.333521	-11.371323	252.664185	0.000000	0.000000	0.000000	0.000000	0.000000	0.000000
1764621948.029910088	1.953671	0.089402	0.098533	0.000000	0.000000	0.000000	-0.006581	-0.001126	-0.173073	-0.015656	0.065492	-0.002979	nan	nan	nan	-0.337810	-11.332110	252.662231	0.000000	0.000000	0.000000	0.000000	0.000000	0.000000
1764621948.039969683	1.933025	0.093495	0.100408	0.000000	0.000000	0.000000	-0.006581	-0.001126	-0.173073	-0.016649	0.083240	-0.006602	nan	nan	nan	-0.346420	-11.284285	252.657127	0.000000	0.000000	0.000000	0.000000	0.000000	0.000000
1764621948.050463915	1.924721	0.099411	0.105583	0.000000	0.000000	0.000000	-0.006581	-0.001126	-0.173073	-0.011910	0.086156	-0.005550	nan	nan	nan	-0.349151	-11.236837	252.650787	0.000000	0.000000	0.000000	0.000000	0.000000	0.000000
1764621948.060188293	1.914243	0.100460	0.099132	0.000000	0.000000	0.000000	-0.006581	-0.001126	-0.173073	-0.009869	0.078076	0.000079	nan	nan	nan	-0.352711	-11.193655	252.648743	0.000000	0.000000	0.000000	0.000000	0.000000	0.000000
1764621948.075821877	1.917525	0.100199	0.104971	0.000000	0.000000	0.000000	-0.006581	-0.001126	-0.173073	-0.010520	0.078705	-0.006116	nan	nan	nan	-0.356521	-11.147650	252.644386	0.000000	0.000000	0.000000	0.000000	0.000000	0.000000
1764621948.079480171	1.906841	0.095331	0.098690	0.000000	0.000000	0.000000	-0.006581	-0.001126	-0.173073	-0.020112	0.084488	0.003695	nan	nan	nan	-0.363897	-11.099510	252.643051	0.000000	0.000000	0.000000	0.000000	0.000000	0.000000
1764621948.090075493	1.899716	0.093083	0.097539	0.000000	0.000000	0.000000	-0.006581	-0.001126	-0.173073	-0.010581	0.091661	0.000263	nan	nan	nan	-0.370867	-11.046324	252.641197	0.000000	0.000000	0.000000	0.000000	0.000000	0.000000
1764621948.100322962	1.886618	0.106437	0.095894	0.000000	0.000000	0.000000	-0.006581	-0.001126	-0.173073	-0.017619	0.092183	0.005606	nan	nan	nan	-0.379243	-10.994457	252.646561	0.000000	0.000000	0.000000	0.000000	0.000000	0.000000
1764621948.115257740	1.876934	0.102122	0.092353	0.000000	0.000000	0.000000	-0.006581	-0.001126	-0.173073	-0.010972	0.096583	-0.012396	nan	nan	nan	-0.381389	-10.939510	252.639061	0.000000	0.000000	0.000000	0.000000	0.000000	0.000000
1764621948.119978189	1.867656	0.102984	0.101407	0.000000	0.000000	0.000000	-0.006581	-0.001126	-0.173073	-0.006371	0.091453	-0.001612	nan	nan	nan	-0.384792	-10.887055	252.633720	0.000000	0.000000	0.000000	0.000000	0.000000	0.000000
1764621948.129911184	1.858317	0.112463	0.097269	0.000000	0.000000	0.000000	-0.006581	-0.001126	-0.173073	-0.016452	0.093833	-0.009299	nan	nan	nan	-0.387074	-10.833356	252.626678	0.000000	0.000000	0.000000	0.000000	0.000000	0.000000
1764621948.141985893	1.848375	0.106502	0.096511	0.000000	0.000000	0.000000	-0.006581	-0.001126	-0.173073	-0.005567	0.094049	-0.003427	nan	nan	nan	-0.389543	-10.779359	252.622429	0.000000	0.000000	0.000000	0.000000	0.000000	0.000000
1764621948.150248528	1.830329	0.099207	0.091649	0.000000	0.000000	0.000000	-0.006581	-0.001126	-0.173073	-0.006310	0.100650	-0.011150	nan	nan	nan	-0.387975	-10.723314	252.615295	0.000000	0.000000	0.000000	0.000000	0.000000	0.000000
1764621948.160540819	1.836668	0.095458	0.086837	0.000000	0.000000	0.000000	-0.006581	-0.001126	-0.173073	-0.016290	0.094665	0.002579	nan	nan	nan	-0.394884	-10.667747	252.616699	0.000000	0.000000	0.000000	0.000000	0.000000	0.000000
1764621948.170233250	1.822763	0.107576	0.086479	0.000000	0.000000	0.000000	-0.006581	-0.001126	-0.173073	-0.006136	0.100236	-0.002594	nan	nan	nan	-0.398382	-10.610789	252.611458	0.000000	0.000000	0.000000	0.000000	0.000000	0.000000
1764621948.179641962	1.811195	0.102913	0.090944	0.000000	0.000000	0.000000	-0.006581	-0.001126	-0.173073	-0.012046	0.100151	-0.001163	nan	nan	nan	-0.403981	-10.553285	252.609970	0.000000	0.000000	0.000000	0.000000	0.000000	0.000000
1764621948.195207119	1.799922	0.100754	0.089517	0.000000	0.000000	0.000000	-0.006581	-0.001126	-0.173073	-0.010218	0.106474	0.003000	nan	nan	nan	-0.408811	-10.494470	252.609718	0.000000	0.000000	0.000000	0.000000	0.000000	0.000000
1764621948.200225353	1.792926	0.104194	0.089490	0.000000	0.000000	0.000000	-0.006581	-0.001126	-0.173073	-0.002546	0.115915	-0.004184	nan	nan	nan	-0.403985	-10.432090	252.606270	0.000000	0.000000	0.000000	0.000000	0.000000	0.000000
1764621948.210489750	1.781430	0.098825	0.087181	0.000000	0.000000	0.000000	-0.006581	-0.001126	-0.173073	-0.006069	0.100369	-0.004487	nan	nan	nan	-0.406536	-10.370826	252.602867	0.000000	0.000000	0.000000	0.000000	0.000000	0.000000
1764621948.223444939	1.768184	0.110351	0.083295	0.000000	0.000000	0.000000	0.002863	-0.002917	-0.172927	-0.000564	0.113005	-0.000938	nan	nan	nan	-0.404836	-10.307321	252.598740	0.000000	0.000000	0.000000	0.000000	0.000000	0.000000
1764621948.230323076	1.760017	0.099456	0.089183	0.000000	0.000000	0.000000	0.002863	-0.002917	-0.172927	-0.000858	0.106218	0.001583	nan	nan	nan	-0.403156	-10.244848	252.597710	0.000000	0.000000	0.000000	0.000000	0.000000	0.000000
1764621948.240327597	1.732417	0.123149	0.082006	0.000000	0.000000	0.000000	0.002863	-0.002917	-0.172927	-0.010361	0.105969	-0.001402	nan	nan	nan	-0.405649	-10.185477	252.593712	0.000000	0.000000	0.000000	0.000000	0.000000	0.000000
1764621948.250330210	1.728645	0.109960	0.088723	0.000000	0.000000	0.000000	0.002863	-0.002917	-0.172927	-0.000105	0.117290	-0.001608	nan	nan	nan	-0.405045	-10.117866	252.594170	0.000000	0.000000	0.000000	0.000000	0.000000	0.000000
1764621948.260385036	1.732138	0.094499	0.077395	0.000000	0.000000	0.000000	0.002863	-0.002917	-0.172927	-0.000245	0.115831	-0.002196	nan	nan	nan	-0.402364	-10.053821	252.591759	0.000000	0.000000	0.000000	0.000000	0.000000	0.000000
1764621948.275354624	1.711714	0.108143	0.062998	0.000000	0.000000	0.000000	0.002863	-0.002917	-0.172927	0.003502	0.108427	0.000198	nan	nan	nan	-0.398243	-9.991417	252.588264	0.000000	0.000000	0.000000	0.000000	0.000000	0.000000
1764621948.279453993	1.704065	0.096038	0.069823	0.000000	0.000000	0.000000	0.002863	-0.002917	-0.172927	-0.005192	0.105683	-0.003835	nan	nan	nan	-0.396485	-9.927826	252.584572	0.000000	0.000000	0.000000	0.000000	0.000000	0.000000
1764621948.290533543	1.684927	0.094301	0.073941	0.000000	0.000000	0.000000	0.002863	-0.002917	-0.172927	-0.005500	0.115422	-0.006992	nan	nan	nan	-0.398226	-9.865457	252.582260	0.000000	0.000000	0.000000	0.000000	0.000000	0.000000
1764621948.306674719	1.681289	0.099952	0.071679	0.000000	0.000000	0.000000	0.002863	-0.002917	-0.172927	-0.001600	0.102328	-0.004864	nan	nan	nan	-0.397099	-9.804404	252.575775	0.000000	0.000000	0.000000	0.000000	0.000000	0.000000
1764621948.309828281	1.671343	0.095856	0.071904	0.000000	0.000000	0.000000	0.002863	-0.002917	-0.172927	0.003276	0.112134	-0.003595	nan	nan	nan	-0.391273	-9.742355	252.570404	0.000000	0.000000	0.000000	0.000000	0.000000	0.000000
1764621948.320278883	1.660292	0.105784	0.060109	0.000000	0.000000	0.000000	0.002863	-0.002917	-0.172927	0.004811	0.117466	-0.004818	nan	nan	nan	-0.389341	-9.673987	252.566124	0.000000	0.000000	0.000000	0.000000	0.000000	0.000000
1764621948.340054274	1.635984	0.099500	0.080514	0.000000	0.000000	0.000000	0.002863	-0.002917	-0.172927	-0.001229	0.115723	-0.000364	nan	nan	nan	-0.386109	-9.609258	252.565880	0.000000	0.000000	0.000000	0.000000	0.000000	0.000000
1764621948.346675873	1.635148	0.092891	0.055690	0.000000	0.000000	0.000000	0.002863	-0.002917	-0.172927	-0.014205	0.112462	-0.006387	nan	nan	nan	-0.388198	-9.545342	252.559418	0.000000	0.000000	0.000000	0.000000	0.000000	0.000000
1764621948.350244045	1.626344	0.092948	0.058414	0.000000	0.000000	0.000000	0.002863	-0.002917	-0.172927	-0.001634	0.112232	0.006531	nan	nan	nan	-0.390847	-9.479679	252.561279	0.000000	0.000000	0.000000	0.000000	0.000000	0.000000
1764621948.360247850	1.621360	0.099956	0.065297	0.000000	0.000000	0.000000	0.002863	-0.002917	-0.172927	0.003517	0.116021	-0.004984	nan	nan	nan	-0.383644	-9.413204	252.558929	0.000000	0.000000	0.000000	0.000000	0.000000	0.000000
1764621948.369865179	1.603207	0.090378	0.058357	0.000000	0.000000	0.000000	0.002863	-0.002917	-0.172927	0.002112	0.120729	-0.005182	nan	nan	nan	-0.380214	-9.345661	252.554192	0.000000	0.000000	0.000000	0.000000	0.000000	0.000000
1764621948.385926008	1.592087	0.105099	0.057654	0.000000	0.000000	0.000000	0.002863	-0.002917	-0.172927	0.005724	0.122985	-0.005481	nan	nan	nan	-0.374691	-9.276371	252.550323	0.000000	0.000000	0.000000	0.000000	0.000000	0.000000
1764621948.389416456	1.581902	0.105605	0.045951	0.000000	0.000000	0.000000	0.002863	-0.002917	-0.172927	0.003312	0.118170	0.003758	nan	nan	nan	-0.371996	-9.207896	252.547638	0.000000	0.000000	0.000000	0.000000	0.000000	0.000000
1764621948.400436640	1.575193	0.083563	0.045212	0.000000	0.000000	0.000000	0.002863	-0.002917	-0.172927	-0.006564	0.123657	-0.007441	nan	nan	nan	-0.370903	-9.135853	252.545288	0.000000	0.000000	0.000000	0.000000	0.000000	0.000000
1764621948.410344362	1.551108	0.084786	0.046620	0.000000	0.000000	0.000000	0.002863	-0.002917	-0.172927	0.002429	0.123165	-0.003159	nan	nan	nan	-0.368889	-9.066942	252.539032	0.000000	0.000000	0.000000	0.000000	0.000000	0.000000
1764621948.420600891	1.547988	0.086083	0.048338	0.000000	0.000000	0.000000	0.002863	-0.002917	-0.172927	0.004104	0.122350	-0.014014	nan	nan	nan	-0.363131	-8.996847	252.531593	0.000000	0.000000	0.000000	0.000000	0.000000	0.000000
1764621948.442963362	1.531515	0.093119	0.049343	0.000000	0.000000	0.000000	0.002863	-0.002917	-0.172927	0.012974	0.128871	0.000436	nan	nan	nan	-0.354907	-8.923930	252.527016	0.000000	0.000000	0.000000	0.000000	0.000000	0.000000
1764621948.442994833	1.520737	0.085258	0.056342	0.000000	0.000000	0.000000	0.002863	-0.002917	-0.172927	0.008469	0.118161	-0.002255	nan	nan	nan	-0.345992	-8.854608	252.525742	0.000000	0.000000	0.000000	0.000000	0.000000	0.000000
1764621948.452050209	1.503283	0.095374	0.050787	0.000000	0.000000	0.000000	0.002863	-0.002917	-0.172927	0.001679	0.116037	-0.002825	nan	nan	nan	-0.340453	-8.786302	252.520103	0.000000	0.000000	0.000000	0.000000	0.000000	0.000000
1764621948.466275454	1.501995	0.069099	0.031045	0.000000	0.000000	0.000000	0.002863	-0.002917	-0.172927	0.004969	0.121640	-0.002162	nan	nan	nan	-0.336632	-8.718373	252.519836	0.000000	0.000000	0.000000	0.000000	0.000000	0.000000
1764621948.469484806	1.492808	0.080634	0.037932	0.000000	0.000000	0.000000	0.002863	-0.002917	-0.172927	0.010208	0.125391	-0.003923	nan	nan	nan	-0.331557	-8.645308	252.515411	0.000000	0.000000	0.000000	0.000000	0.000000	0.000000
1764621948.479586124	1.465885	0.083870	0.036896	0.000000	0.000000	0.000000	0.010391	-0.010568	-0.174938	0.009492	0.128381	-0.003507	nan	nan	nan	-0.323382	-8.574024	252.509201	0.000000	0.000000	0.000000	0.000000	0.000000	0.000000
1764621948.490483284	1.449846	0.096930	0.048778	0.000000	0.000000	0.000000	0.010391	-0.010568	-0.174938	0.002359	0.123507	-0.005779	nan	nan	nan	-0.316785	-8.505667	252.507202	0.000000	0.000000	0.000000	0.000000	0.000000	0.000000
1764621948.500033855	1.431648	0.091440	0.043907	0.000000	0.000000	0.000000	0.010391	-0.010568	-0.174938	0.004273	0.124964	-0.003700	nan	nan	nan	-0.312804	-8.434808	252.503639	0.000000	0.000000	0.000000	0.000000	0.000000	0.000000
1764621948.519420624	1.430547	0.094227	0.043891	0.000000	0.000000	0.000000	0.010391	-0.010568	-0.174938	0.004366	0.120448	-0.001336	nan	nan	nan	-0.304936	-8.361607	252.502075	0.000000	0.000000	0.000000	0.000000	0.000000	0.000000
1764621948.520886660	1.431513	0.082068	0.028338	0.000000	0.000000	0.000000	0.010391	-0.010568	-0.174938	0.009962	0.120678	-0.006767	nan	nan	nan	-0.300464	-8.292842	252.494675	0.000000	0.000000	0.000000	0.000000	0.000000	0.000000
1764621948.530212402	1.422123	0.076920	0.023939	0.000000	0.000000	0.000000	0.010391	-0.010568	-0.174938	0.003315	0.114434	-0.010660	nan	nan	nan	-0.294765	-8.229583	252.489075	0.000000	0.000000	0.000000	0.000000	0.000000	0.000000
1764621948.547661304	1.402436	0.077105	0.036268	0.000000	0.000000	0.000000	0.010391	-0.010568	-0.174938	0.004520	0.124556	-0.001661	nan	nan	nan	-0.289464	-8.156657	252.484001	0.000000	0.000000	0.000000	0.000000	0.000000	0.000000
1764621948.550359249	1.395691	0.086425	0.039109	0.000000	0.000000	0.000000	0.010391	-0.010568	-0.174938	0.013449	0.113443	-0.007663	nan	nan	nan	-0.280495	-8.088778	252.479904	0.000000	0.000000	0.000000	0.000000	0.000000	0.000000
1764621948.560133457	1.388882	0.076305	0.020416	0.000000	0.000000	0.000000	0.010391	-0.010568	-0.174938	0.011027	0.117830	-0.003889	nan	nan	nan	-0.271090	-8.023551	252.477493	0.000000	0.000000	0.000000	0.000000	0.000000	0.000000
1764621948.569911242	1.373489	0.070223	0.023193	0.000000	0.000000	0.000000	0.010391	-0.010568	-0.174938	0.004155	0.115871	-0.003352	nan	nan	nan	-0.265758	-7.957819	252.472939	0.000000	0.000000	0.000000	0.000000	0.000000	0.000000
1764621948.587697983	1.364323	0.057940	0.013487	0.000000	0.000000	0.000000	0.010391	-0.010568	-0.174938	0.000164	0.120849	-0.000899	nan	nan	nan	-0.260517	-7.888182	252.471359	0.000000	0.000000	0.000000	0.000000	0.000000	0.000000
1764621948.589802504	1.348454	0.072089	0.029389	0.000000	0.000000	0.000000	0.010391	-0.010568	-0.174938	0.017703	0.122393	-0.005282	nan	nan	nan	-0.249652	-7.819451	252.466766	0.000000	0.000000	0.000000	0.000000	0.000000	0.000000
1764621948.601073742	1.346588	0.064449	0.018017	0.000000	0.000000	0.000000	0.010391	-0.010568	-0.174938	0.004474	0.117646	0.000477	nan	nan	nan	-0.246536	-7.751863	252.464828	0.000000	0.000000	0.000000	0.000000	0.000000	0.000000
1764621948.610465288	1.324644	0.068007	0.020062	0.000000	0.000000	0.000000	0.010391	-0.010568	-0.174938	0.009551	0.120495	-0.011780	nan	nan	nan	-0.235405	-7.682150	252.457993	0.000000	0.000000	0.000000	0.000000	0.000000	0.000000
1764621948.619824648	1.309578	0.070400	0.018654	0.000000	0.000000	0.000000	0.010391	-0.010568	-0.174938	0.001673	0.126248	-0.007981	nan	nan	nan	-0.232592	-7.610646	252.447868	0.000000	0.000000	0.000000	0.000000	0.000000	0.000000
1764621948.638885260	1.295294	0.071419	0.021445	0.000000	0.000000	0.000000	0.010391	-0.010568	-0.174938	0.001336	0.122136	-0.012636	nan	nan	nan	-0.227735	-7.540473	252.441978	0.000000	0.000000	0.000000	0.000000	0.000000	0.000000
1764621948.641964197	1.283326	0.067769	0.022055	0.000000	0.000000	0.000000	0.010391	-0.010568	-0.174938	-0.000069	0.128775	-0.003948	nan	nan	nan	-0.224950	-7.466653	252.436584	0.000000	0.000000	0.000000	0.000000	0.000000	0.000000
1764621948.651091099	1.269931	0.069389	0.011800	0.000000	0.000000	0.000000	0.010391	-0.010568	-0.174938	0.006207	0.119632	-0.003638	nan	nan	nan	-0.219854	-7.398670	252.434639	0.000000	0.000000	0.000000	0.000000	0.000000	0.000000
1764621948.667850971	1.254615	0.066853	0.018344	0.000000	0.000000	0.000000	0.010391	-0.010568	-0.174938	0.010406	0.120656	-0.001309	nan	nan	nan	-0.212522	-7.328026	252.431099	0.000000	0.000000	0.000000	0.000000	0.000000	0.000000
1764621948.669942617	1.248242	0.071655	0.013919	0.000000	0.000000	0.000000	0.010391	-0.010568	-0.174938	0.013428	0.113902	-0.008554	nan	nan	nan	-0.202595	-7.263834	252.424919	0.000000	0.000000	0.000000	0.000000	0.000000	0.000000
1764621948.679104328	1.234443	0.066386	0.009735	0.000000	0.000000	0.000000	0.010391	-0.010568	-0.174938	0.003536	0.118113	-0.007218	nan	nan	nan	-0.197171	-7.196030	252.420036	0.000000	0.000000	0.000000	0.000000	0.000000	0.000000
1764621948.690204859	1.228183	0.062087	0.015593	0.000000	0.000000	0.000000	0.010391	-0.010568	-0.174938	0.010182	0.123502	-0.004905	nan	nan	nan	-0.186826	-7.127501	252.416939	0.000000	0.000000	0.000000	0.000000	0.000000	0.000000
1764621948.706964254	1.215191	0.062276	0.011900	0.000000	0.000000	0.000000	0.010391	-0.010568	-0.174938	0.004889	0.109372	-0.008329	nan	nan	nan	-0.182057	-7.064242	252.409912	0.000000	0.000000	0.000000	0.000000	0.000000	0.000000
1764621948.710469484	1.198582	0.046755	0.012837	0.000000	0.000000	0.000000	0.010391	-0.010568	-0.174938	0.010005	0.119338	-0.003926	nan	nan	nan	-0.175135	-6.995526	252.403931	0.000000	0.000000	0.000000	0.000000	0.000000	0.000000
1764621948.721021891	1.192874	0.052112	0.010096	0.000000	0.000000	0.000000	0.026396	0.002923	-0.179721	0.005157	0.116295	-0.018566	nan	nan	nan	-0.166637	-6.927865	252.394585	0.000000	0.000000	0.000000	0.000000	0.000000	0.000000
1764621948.730671883	1.179388	0.053890	0.004263	0.000000	0.000000	0.000000	0.026396	0.002923	-0.179721	0.022255	0.111688	-0.005835	nan	nan	nan	-0.153475	-6.864918	252.388252	0.000000	0.000000	0.000000	0.000000	0.000000	0.000000
1764621948.740136623	1.179715	0.047423	0.004601	0.000000	0.000000	0.000000	0.026396	0.002923	-0.179721	0.009720	0.113781	-0.000099	nan	nan	nan	-0.144758	-6.800758	252.381935	0.000000	0.000000	0.000000	0.000000	0.000000	0.000000
1764621948.757090569	1.151248	0.045235	0.005964	0.000000	0.000000	0.000000	0.026396	0.002923	-0.179721	0.009841	0.112100	-0.000525	nan	nan	nan	-0.136715	-6.734646	252.386642	0.000000	0.000000	0.000000	0.000000	0.000000	0.000000
1764621948.760097504	1.144192	0.048978	0.005646	0.000000	0.000000	0.000000	0.026396	0.002923	-0.179721	0.013219	0.105255	-0.012267	nan	nan	nan	-0.128760	-6.673094	252.378540	0.000000	0.000000	0.000000	0.000000	0.000000	0.000000
1764621948.770129442	1.147068	0.055364	0.003206	0.000000	0.000000	0.000000	0.026396	0.002923	-0.179721	0.014074	0.113404	-0.008662	nan	nan	nan	-0.116955	-6.608556	252.373077	0.000000	0.000000	0.000000	0.000000	0.000000	0.000000
1764621948.787020922	1.135392	0.028154	-0.004413	0.000000	0.000000	0.000000	0.026396	0.002923	-0.179721	-0.003350	0.112820	-0.000541	nan	nan	nan	-0.113910	-6.546362	252.367409	0.000000	0.000000	0.000000	0.000000	0.000000	0.000000
1764621948.790345907	1.109663	0.052051	0.005948	0.000000	0.000000	0.000000	0.026396	0.002923	-0.179721	0.004219	0.116959	-0.009255	nan	nan	nan	-0.110317	-6.477768	252.362457	0.000000	0.000000	0.000000	0.000000	0.000000	0.000000
1764621948.800927162	1.108291	0.034327	0.003558	0.000000	0.000000	0.000000	0.026396	0.002923	-0.179721	0.012064	0.106473	-0.003142	nan	nan	nan	-0.102358	-6.415584	252.355736	0.000000	0.000000	0.000000	0.000000	0.000000	0.000000
1764621948.811347961	1.093697	0.034061	-0.002288	0.000000	0.000000	0.000000	0.026396	0.002923	-0.179721	0.003549	0.107816	0.003392	nan	nan	nan	-0.094329	-6.355179	252.357735	0.000000	0.000000	0.000000	0.000000	0.000000	0.000000
1764621948.820022106	1.082368	0.037345	0.008736	0.000000	0.000000	0.000000	0.026396	0.002923	-0.179721	0.009935	0.108648	-0.009650	nan	nan	nan	-0.087864	-6.291831	252.353378	0.000000	0.000000	0.000000	0.000000	0.000000	0.000000
1764621948.838523149	1.070660	0.033366	-0.003655	0.000000	0.000000	0.000000	0.026396	0.002923	-0.179721	0.014943	0.103862	0.007540	nan	nan	nan	-0.079259	-6.232542	252.353485	0.000000	0.000000	0.000000	0.000000	0.000000	0.000000
1764621948.841476917	1.065315	0.037994	-0.000254	0.000000	0.000000	0.000000	0.026396	0.002923	-0.179721	0.004286	0.110689	-0.003274	nan	nan	nan	-0.071425	-6.169070	252.349922	0.000000	0.000000	0.000000	0.000000	0.000000	0.000000
1764621948.851159096	1.045195	0.030643	-0.001922	0.000000	0.000000	0.000000	0.026396	0.002923	-0.179721	0.016979	0.101555	-0.003581	nan	nan	nan	-0.064116	-6.109947	252.348267	0.000000	0.000000	0.000000	0.000000	0.000000	0.000000
1764621948.874002695	1.038741	0.036787	-0.007435	0.000000	0.000000	0.000000	0.026396	0.002923	-0.179721	0.009693	0.099468	-0.002591	nan	nan	nan	-0.051429	-6.053088	252.346458	0.000000	0.000000	0.000000	0.000000	0.000000	0.000000
1764621948.874026060	1.034417	0.023117	-0.009875	0.000000	0.000000	0.000000	0.026396	0.002923	-0.179721	0.009801	0.109210	-0.009691	nan	nan	nan	-0.044389	-5.994514	252.339874	0.000000	0.000000	0.000000	0.000000	0.000000	0.000000
1764621948.879638433	1.025778	0.029196	-0.002589	0.000000	0.000000	0.000000	0.026396	0.002923	-0.179721	0.014323	0.100541	-0.000898	nan	nan	nan	-0.037480	-5.934603	252.337143	0.000000	0.000000	0.000000	0.000000	0.000000	0.000000
1764621948.889948368	1.007598	0.032172	0.000806	0.000000	0.000000	0.000000	0.026396	0.002923	-0.179721	0.012373	0.109207	-0.003364	nan	nan	nan	-0.025017	-5.872056	252.334969	0.000000	0.000000	0.000000	0.000000	0.000000	0.000000
1764621948.899579287	0.992979	0.027087	-0.002285	0.000000	0.000000	0.000000	0.026396	0.002923	-0.179721	0.012160	0.106728	-0.010566	nan	nan	nan	-0.017547	-5.811842	252.329529	0.000000	0.000000	0.000000	0.000000	0.000000	0.000000
1764621948.918735504	0.989865	0.016235	-0.002254	0.000000	0.000000	0.000000	0.026396	0.002923	-0.179721	0.014937	0.102416	0.000486	nan	nan	nan	-0.002781	-5.753907	252.326469	0.000000	0.000000	0.000000	0.000000	0.000000	0.000000
1764621948.918751717	0.968112	0.031611	0.005732	0.000000	0.000000	0.000000	0.026396	0.002923	-0.179721	0.011014	0.096056	-0.003985	nan	nan	nan	0.003824	-5.697898	252.321671	0.000000	0.000000	0.000000	0.000000	0.000000	0.000000
1764621948.929971457	0.966936	0.033956	-0.000493	0.000000	0.000000	0.000000	0.026396	0.002923	-0.179721	0.010045	0.094142	-0.007291	nan	nan	nan	0.011791	-5.642020	252.317398	0.000000	0.000000	0.000000	0.000000	0.000000	0.000000
1764621948.954221725	0.963574	0.015019	-0.013657	0.000000	0.000000	0.000000	0.026396	0.002923	-0.179721	0.007454	0.097956	-0.010962	nan	nan	nan	0.019605	-5.584715	252.309975	0.000000	0.000000	0.000000	0.000000	0.000000	0.000000
1764621948.954232216	0.952323	0.011138	-0.009131	0.000000	0.000000	0.000000	0.026396	0.002923	-0.179721	0.007930	0.088589	-0.005325	nan	nan	nan	0.025528	-5.535645	252.304367	0.000000	0.000000	0.000000	0.000000	0.000000	0.000000
1764621948.959287167	0.938619	0.013372	-0.009152	0.000000	0.000000	0.000000	0.026396	0.002923	-0.179721	0.016308	0.097637	-0.005857	nan	nan	nan	0.036103	-5.480585	252.298935	0.000000	0.000000	0.000000	0.000000	0.000000	0.000000
1764621948.969609976	0.936503	0.019875	-0.012948	0.000000	0.000000	0.000000	0.025851	-0.001711	-0.186194	0.000729	0.094585	-0.011792	nan	nan	nan	0.042074	-5.427277	252.292801	0.000000	0.000000	0.000000	0.000000	0.000000	0.000000
1764621948.989480495	0.923217	0.017552	-0.010486	0.000000	0.000000	0.000000	0.025851	-0.001711	-0.186194	0.013043	0.085496	-0.002285	nan	nan	nan	0.051041	-5.376370	252.291191	0.000000	0.000000	0.000000	0.000000	0.000000	0.000000
1764621948.989491940	0.927666	0.008752	-0.012254	0.000000	0.000000	0.000000	0.025851	-0.001711	-0.186194	0.009217	0.098444	-0.013609	nan	nan	nan	0.058432	-5.321569	252.280472	0.000000	0.000000	0.000000	0.000000	0.000000	0.000000
1764621949.000136137	0.903915	0.008700	-0.011900	0.000000	0.000000	0.000000	0.025851	-0.001711	-0.186194	0.012156	0.087255	-0.004800	nan	nan	nan	0.070414	-5.268711	252.278366	0.000000	0.000000	0.000000	0.000000	0.000000	0.000000
1764621949.010113239	0.899708	0.001085	-0.009786	0.000000	0.000000	0.000000	0.025851	-0.001711	-0.186194	0.012035	0.080894	-0.005546	nan	nan	nan	0.077385	-5.221205	252.270416	0.000000	0.000000	0.000000	0.000000	0.000000	0.000000
1764621949.032023668	0.905679	0.003652	-0.009870	0.000000	0.000000	0.000000	0.025851	-0.001711	-0.186194	0.002824	0.096924	-0.005121	nan	nan	nan	0.082137	-5.168818	252.267639	0.000000	0.000000	0.000000	0.000000	0.000000	0.000000
1764621949.032030344	0.884804	-0.002855	-0.015322	0.000000	0.000000	0.000000	0.025851	-0.001711	-0.186194	0.008265	0.081760	-0.011356	nan	nan	nan	0.090588	-5.120255	252.259888	0.000000	0.000000	0.000000	0.000000	0.000000	0.000000
1764621949.041494846	0.875974	-0.010748	-0.021595	0.000000	0.000000	0.000000	0.025851	-0.001711	-0.186194	0.011525	0.090074	-0.008818	nan	nan	nan	0.097929	-5.070575	252.254578	0.000000	0.000000	0.000000	0.000000	0.000000	0.000000
1764621949.052034616	0.879620	-0.001676	-0.019498	0.000000	0.000000	0.000000	0.025851	-0.001711	-0.186194	0.010802	0.083418	-0.002409	nan	nan	nan	0.108552	-5.019165	252.249611	0.000000	0.000000	0.000000	0.000000	0.000000	0.000000
1764621949.060283899	0.855386	-0.002384	-0.016715	0.000000	0.000000	0.000000	0.025851	-0.001711	-0.186194	0.007566	0.083500	-0.008518	nan	nan	nan	0.114595	-4.972980	252.247566	0.000000	0.000000	0.000000	0.000000	0.000000	0.000000
1764621949.079699516	0.840562	0.012115	0.000256	0.000000	0.000000	0.000000	0.025851	-0.001711	-0.186194	0.003099	0.080857	-0.012845	nan	nan	nan	0.118371	-4.928152	252.236580	0.000000	0.000000	0.000000	0.000000	0.000000	0.000000
1764621949.088576317	0.838693	-0.008071	-0.022945	0.000000	0.000000	0.000000	0.025851	-0.001711	-0.186194	0.008422	0.083482	-0.016606	nan	nan	nan	0.126420	-4.878396	252.227936	0.000000	0.000000	0.000000	0.000000	0.000000	0.000000
1764621949.088593721	0.837248	0.001605	-0.009699	0.000000	0.000000	0.000000	0.025851	-0.001711	-0.186194	0.004797	0.068437	-0.006307	nan	nan	nan	0.130830	-4.840984	252.222069	0.000000	0.000000	0.000000	0.000000	0.000000	0.000000
1764621949.100681067	0.828442	0.000821	-0.018090	0.000000	0.000000	0.000000	0.025851	-0.001711	-0.186194	0.003105	0.085334	-0.010709	nan	nan	nan	0.137203	-4.790493	252.214462	0.000000	0.000000	0.000000	0.000000	0.000000	0.000000
1764621949.119985819	0.813001	-0.005967	-0.018071	0.000000	0.000000	0.000000	0.025851	-0.001711	-0.186194	0.009866	0.078126	-0.005410	nan	nan	nan	0.146027	-4.745330	252.209198	0.000000	0.000000	0.000000	0.000000	0.000000	0.000000
1764621949.121476650	0.800766	-0.012706	-0.018752	0.000000	0.000000	0.000000	0.025851	-0.001711	-0.186194	0.014664	0.073221	0.003342	nan	nan	nan	0.156645	-4.704014	252.209892	0.000000	0.000000	0.000000	0.000000	0.000000	0.000000
1764621949.130210638	0.808727	-0.006199	-0.019808	0.000000	0.000000	0.000000	0.025851	-0.001711	-0.186194	0.000366	0.075887	-0.003077	nan	nan	nan	0.159779	-4.660067	252.209381	0.000000	0.000000	0.000000	0.000000	0.000000	0.000000
1764621949.147702217	0.806694	-0.006966	-0.019082	0.000000	0.000000	0.000000	0.025851	-0.001711	-0.186194	0.002368	0.072002	-0.007559	nan	nan	nan	0.162861	-4.619287	252.201698	0.000000	0.000000	0.000000	0.000000	0.000000	0.000000
1764621949.149031878	0.804990	-0.025725	-0.031533	0.000000	0.000000	0.000000	0.025851	-0.001711	-0.186194	0.003482	0.071854	-0.002222	nan	nan	nan	0.168055	-4.577888	252.195435	0.000000	0.000000	0.000000	0.000000	0.000000	0.000000
1764621949.160475254	0.775401	-0.003894	-0.014932	0.000000	0.000000	0.000000	0.025851	-0.001711	-0.186194	0.017841	0.069018	0.002820	nan	nan	nan	0.176220	-4.537730	252.197548	0.000000	0.000000	0.000000	0.000000	0.000000	0.000000
1764621949.170062780	0.778263	-0.011942	-0.007364	0.000000	0.000000	0.000000	0.025851	-0.001711	-0.186194	0.007089	0.076293	-0.013526	nan	nan	nan	0.184935	-4.496663	252.191368	0.000000	0.000000	0.000000	0.000000	0.000000	0.000000
1764621949.179066181	0.773017	-0.014857	-0.008352	0.000000	0.000000	0.000000	0.025851	-0.001711	-0.186194	0.011573	0.063301	-0.008144	nan	nan	nan	0.191085	-4.458165	252.185005	0.000000	0.000000	0.000000	0.000000	0.000000	0.000000
1764621949.195549488	0.757814	-0.007597	-0.019053	0.000000	0.000000	0.000000	0.025851	-0.001711	-0.186194	0.003866	0.059439	-0.003381	nan	nan	nan	0.198688	-4.421344	252.180756	0.000000	0.000000	0.000000	0.000000	0.000000	0.000000
1764621949.199721575	0.756669	-0.013555	-0.015273	0.000000	0.000000	0.000000	0.025851	-0.001711	-0.186194	0.005663	0.063870	-0.006575	nan	nan	nan	0.204168	-4.387661	252.175812	0.000000	0.000000	0.000000	0.000000	0.000000	0.000000
1764621949.209650517	0.757347	-0.008366	-0.015241	0.000000	0.000000	0.000000	0.025851	-0.001711	-0.186194	-0.002347	0.062581	-0.014855	nan	nan	nan	0.206434	-4.351246	252.167389	0.000000	0.000000	0.000000	0.000000	0.000000	0.000000
1764621949.229848623	0.743575	-0.010985	-0.015246	0.000000	0.000000	0.000000	0.027861	0.002140	-0.191970	0.006065	0.062718	-0.009138	nan	nan	nan	0.214511	-4.316037	252.161285	0.000000	0.000000	0.000000	0.000000	0.000000	0.000000
1764621949.231046438	0.744417	-0.012666	-0.025247	0.000000	0.000000	0.000000	0.027861	0.002140	-0.191970	0.000494	0.049313	0.003908	nan	nan	nan	0.215718	-4.284954	252.158951	0.000000	0.000000	0.000000	0.000000	0.000000	0.000000
1764621949.240001678	0.732231	-0.016763	-0.028715	0.000000	0.000000	0.000000	0.027861	0.002140	-0.191970	-0.001938	0.053513	-0.010640	nan	nan	nan	0.218835	-4.253938	252.153381	0.000000	0.000000	0.000000	0.000000	0.000000	0.000000
1764621949.250564098	0.733843	-0.016618	-0.021815	0.000000	0.000000	0.000000	0.027861	0.002140	-0.191970	0.005195	0.052398	-0.009806	nan	nan	nan	0.220269	-4.222466	252.147156	0.000000	0.000000	0.000000	0.000000	0.000000	0.000000
1764621949.266352177	0.725326	-0.021789	-0.024232	0.000000	0.000000	0.000000	0.027861	0.002140	-0.191970	0.002395	0.055158	-0.011223	nan	nan	nan	0.226275	-4.192241	252.138062	0.000000	0.000000	0.000000	0.000000	0.000000	0.000000
1764621949.270853519	0.720659	-0.019618	-0.018004	0.000000	0.000000	0.000000	0.027861	0.002140	-0.191970	-0.001170	0.052067	-0.009506	nan	nan	nan	0.229676	-4.162190	252.132225	0.000000	0.000000	0.000000	0.000000	0.000000	0.000000
1764621949.279268742	0.712583	-0.000208	-0.015230	0.000000	0.000000	0.000000	0.027861	0.002140	-0.191970	0.003247	0.062565	-0.010702	nan	nan	nan	0.230928	-4.131283	252.124733	0.000000	0.000000	0.000000	0.000000	0.000000	0.000000
1764621949.290026665	0.697615	-0.002293	-0.017980	0.000000	0.000000	0.000000	0.027861	0.002140	-0.191970	-0.001767	0.052857	-0.002069	nan	nan	nan	0.233261	-4.097457	252.120720	0.000000	0.000000	0.000000	0.000000	0.000000	0.000000
1764621949.302993298	0.698116	-0.014782	-0.025261	0.000000	0.000000	0.000000	0.027861	0.002140	-0.191970	0.001247	0.056389	-0.005013	nan	nan	nan	0.236110	-4.066541	252.119057	0.000000	0.000000	0.000000	0.000000	0.000000	0.000000
1764621949.310169458	0.696634	-0.024677	-0.018349	0.000000	0.000000	0.000000	0.027861	0.002140	-0.191970	0.000138	0.050108	-0.010981	nan	nan	nan	0.238338	-4.035619	252.110519	0.000000	0.000000	0.000000	0.000000	0.000000	0.000000
1764621949.320492744	0.695344	-0.021969	-0.027319	0.000000	0.000000	0.000000	0.027861	0.002140	-0.191970	0.005108	0.054091	-0.013177	nan	nan	nan	0.246166	-4.007277	252.103333	0.000000	0.000000	0.000000	0.000000	0.000000	0.000000
1764621949.329434872	0.682398	-0.014172	-0.024561	0.000000	0.000000	0.000000	0.027861	0.002140	-0.191970	-0.004771	0.050869	-0.013404	nan	nan	nan	0.244152	-3.976042	252.092209	0.000000	0.000000	0.000000	0.000000	0.000000	0.000000
1764621949.350033760	0.685198	-0.018179	-0.021430	0.000000	0.000000	0.000000	0.027861	0.002140	-0.191970	-0.005253	0.042709	-0.003204	nan	nan	nan	0.246812	-3.950802	252.089188	0.000000	0.000000	0.000000	0.000000	0.000000	0.000000
1764621949.351421833	0.690323	-0.026691	-0.024895	0.000000	0.000000	0.000000	0.027861	0.002140	-0.191970	0.004603	0.045108	-0.018384	nan	nan	nan	0.251471	-3.924998	252.077721	0.000000	0.000000	0.000000	0.000000	0.000000	0.000000
1764621949.360260248	0.689584	-0.037479	-0.025944	0.000000	0.000000	0.000000	0.027861	0.002140	-0.191970	0.003466	0.043381	-0.010127	nan	nan	nan	0.255205	-3.899893	252.070190	0.000000	0.000000	0.000000	0.000000	0.000000	0.000000
1764621949.370221853	0.678033	-0.028402	-0.027657	0.000000	0.000000	0.000000	0.027861	0.002140	-0.191970	-0.004168	0.040815	-0.015055	nan	nan	nan	0.256133	-3.875385	252.060432	0.000000	0.000000	0.000000	0.000000	0.000000	0.000000
1764621949.379503012	0.685484	-0.017770	-0.022447	0.000000	0.000000	0.000000	0.027861	0.002140	-0.191970	-0.014989	0.035453	-0.009014	nan	nan	nan	0.250116	-3.853478	252.054619	0.000000	0.000000	0.000000	0.000000	0.000000	0.000000
1764621949.405201912	0.679966	-0.021195	-0.031063	0.000000	0.000000	0.000000	0.027861	0.002140	-0.191970	-0.005319	0.035684	-0.019011	nan	nan	nan	0.251026	-3.835319	252.042381	0.000000	0.000000	0.000000	0.000000	0.000000	0.000000
1764621949.405215025	0.664001	-0.011629	-0.021761	0.000000	0.000000	0.000000	0.027861	0.002140	-0.191970	0.002919	0.041021	-0.012842	nan	nan	nan	0.252402	-3.811606	252.033501	0.000000	0.000000	0.000000	0.000000	0.000000	0.000000
1764621949.409869909	0.661857	-0.013406	-0.026577	0.000000	0.000000	0.000000	0.027861	0.002140	-0.191970	-0.014846	0.037080	-0.014985	nan	nan	nan	0.249977	-3.789679	252.022797	0.000000	0.000000	0.000000	0.000000	0.000000	0.000000
1764621949.420402527	0.668731	-0.022170	-0.026216	0.000000	0.000000	0.000000	0.027861	0.002140	-0.191970	-0.007763	0.034535	-0.011580	nan	nan	nan	0.248296	-3.771753	252.014572	0.000000	0.000000	0.000000	0.000000	0.000000	0.000000
1764621949.441586971	0.657081	-0.027246	-0.031406	0.000000	0.000000	0.000000	0.027861	0.002140	-0.191970	-0.007988	0.029175	-0.015384	nan	nan	nan	0.244280	-3.753586	252.003433	0.000000	0.000000	0.000000	0.000000	0.000000	0.000000
1764621949.441606998	0.657144	-0.022661	-0.035214	0.000000	0.000000	0.000000	0.027861	0.002140	-0.191970	-0.006722	0.029796	-0.013735	nan	nan	nan	0.244509	-3.735343	251.997101	0.000000	0.000000	0.000000	0.000000	0.000000	0.000000
1764621949.450611115	0.656958	-0.016411	-0.028265	0.000000	0.000000	0.000000	0.027861	0.002140	-0.191970	-0.009015	0.024768	-0.014851	nan	nan	nan	0.242428	-3.722398	251.985855	0.000000	0.000000	0.000000	0.000000	0.000000	0.000000
1764621949.467705011	0.652850	-0.025990	-0.027261	0.000000	0.000000	0.000000	0.027861	0.002140	-0.191970	-0.006279	0.032890	-0.016156	nan	nan	nan	0.242076	-3.704601	251.975685	0.000000	0.000000	0.000000	0.000000	0.000000	0.000000
1764621949.470462084	0.652618	-0.011992	-0.018974	0.000000	0.000000	0.000000	0.027861	0.002140	-0.191970	-0.011203	0.030722	-0.016969	nan	nan	nan	0.237433	-3.684636	251.963211	0.000000	0.000000	0.000000	0.000000	0.000000	0.000000
1764621949.479197741	0.647045	-0.001851	-0.029286	0.000000	0.000000	0.000000	0.027861	0.002140	-0.191970	-0.013249	0.023467	-0.017015	nan	nan	nan	0.231406	-3.670404	251.953110	0.000000	0.000000	0.000000	0.000000	0.000000	0.000000
1764621949.488858461	0.638339	-0.002490	-0.024121	0.000000	0.000000	0.000000	0.027861	0.002140	-0.191970	-0.010931	0.029353	-0.008639	nan	nan	nan	0.225339	-3.656556	251.944923	0.000000	0.000000	0.000000	0.000000	0.000000	0.000000
1764621949.499840736	0.626327	-0.005361	-0.011684	0.000000	0.000000	0.000000	0.027861	0.002140	-0.191970	-0.011039	0.025687	-0.016610	nan	nan	nan	0.225740	-3.639312	251.934135	0.000000	0.000000	0.000000	0.000000	0.000000	0.000000
1764621949.518601894	0.622006	-0.009173	-0.032748	0.000000	0.000000	0.000000	0.027861	0.002140	-0.191970	-0.007369	0.018117	-0.012708	nan	nan	nan	0.221986	-3.627023	251.923607	0.000000	0.000000	0.000000	0.000000	0.000000	0.000000
1764621949.520352602	0.627436	-0.011178	-0.018559	0.000000	0.000000	0.000000	0.027861	0.002140	-0.191970	-0.015225	0.014516	-0.015359	nan	nan	nan	0.219221	-3.619621	251.914894	0.000000	0.000000	0.000000	0.000000	0.000000	0.000000
1764621949.530600786	0.637948	-0.007916	-0.033446	0.000000	0.000000	0.000000	0.027861	0.002140	-0.191970	-0.018596	0.023618	-0.017219	nan	nan	nan	0.212496	-3.607508	251.902779	0.000000	0.000000	0.000000	0.000000	0.000000	0.000000
1764621949.549893856	0.634933	-0.011135	-0.037240	0.000000	0.000000	0.000000	0.027861	0.002140	-0.191970	-0.006930	0.023905	-0.015871	nan	nan	nan	0.207893	-3.594139	251.894264	0.000000	0.000000	0.000000	0.000000	0.000000	0.000000
1764621949.549919844	0.639672	-0.017466	-0.030301	0.000000	0.000000	0.000000	0.027861	0.002140	-0.191970	-0.011145	0.015822	-0.017194	nan	nan	nan	0.207608	-3.586399	251.883766	0.000000	0.000000	0.000000	0.000000	0.000000	0.000000
1764621949.559884071	0.634963	-0.022099	-0.033454	0.000000	0.000000	0.000000	0.027861	0.002140	-0.191970	-0.006240	0.022959	-0.011885	nan	nan	nan	0.202762	-3.573141	251.871849	0.000000	0.000000	0.000000	0.000000	0.000000	0.000000
