time	u_dot	v_dot	w_dot	p_dot	q_dot	r_dot	u	v	w	p	q	r	x	y	z	phi	theta	psi	X	Y	Z	K	M	N	norm_dof	norm_value
1761685595.253106833	-0.000000	0.000000	-0.000000	-0.000000	-0.000000	0.000000	0.000000	-0.000000	0.000000	0.000000	0.000000	0.000000	0.027147	0.199605	-1.976129	-0.000000	-0.000000	0.000204	0.000000	0.000000	0.000000	0.000000	0.000000	0.000000	0.000000	0.000000
1761685595.352804422	-0.000000	0.000000	-0.000000	-0.000000	-0.000000	0.000000	0.000000	-0.000000	0.000000	0.000000	0.000000	0.000000	0.027147	0.199605	-1.976129	-0.000000	-0.000000	0.000204	0.000000	0.000000	0.000000	0.000000	0.000000	0.000000	0.000000	0.000000
1761685595.453035593	-0.000000	0.000000	-0.000000	0.000000	0.000000	-0.000000	0.000000	-0.000000	0.000000	0.000000	0.000000	0.000000	0.027147	0.199605	-1.976129	-0.000000	-0.000000	0.000204	0.000000	0.000000	0.000000	0.000000	0.000000	0.000000	0.000000	0.000000
1761685595.552757025	-0.000000	0.000000	-0.000000	-0.000000	-0.000000	0.000000	0.000000	-0.000000	0.000000	0.000000	0.000000	0.000000	0.027147	0.199605	-1.976129	-0.000000	-0.000000	0.000204	0.000000	0.000000	0.000000	0.000000	0.000000	0.000000	0.000000	0.000000
1761685595.652753830	-0.000000	0.000000	-0.000000	0.000000	-0.000000	-0.000000	0.000000	-0.000000	0.000000	0.000000	0.000000	0.000000	0.027147	0.199605	-1.976129	-0.000000	-0.000000	0.000204	0.000000	0.000000	0.000000	0.000000	0.000000	0.000000	0.000000	0.000000
1761685595.752810717	-0.000000	0.000000	-0.000000	-0.000000	0.000000	-0.000000	0.000000	-0.000000	0.000000	0.000000	0.000000	0.000000	0.027147	0.199605	-1.976129	-0.000000	-0.000000	0.000204	0.000000	0.000000	0.000000	0.000000	0.000000	0.000000	0.000000	0.000000
1761685595.852766037	-0.000000	0.000000	-0.000000	-0.000000	-0.000000	0.000000	0.000000	-0.000000	0.000000	0.000000	0.000000	0.000000	0.027147	0.199605	-1.976129	-0.000000	-0.000000	0.000204	0.000000	0.000000	0.000000	0.000000	0.000000	0.000000	0.000000	0.000000
1761685595.952811480	-0.000000	0.000000	-0.000000	0.000000	-0.000000	-0.000000	0.000000	-0.000000	0.000000	0.000000	0.000000	0.000000	0.027147	0.199605	-1.976129	-0.000000	-0.000000	0.000204	0.000000	0.000000	0.000000	0.000000	0.000000	0.000000	0.000000	0.000000
1761685596.052928925	-0.000000	0.000000	-0.000000	-0.000000	0.000000	-0.000000	0.000000	-0.000000	0.000000	0.000000	0.000000	0.000000	0.027147	0.199605	-1.976129	-0.000000	-0.000000	0.000204	0.000000	0.000000	0.000000	0.000000	0.000000	0.000000	0.000000	0.000000
1761685596.152744293	-0.000000	0.000000	-0.000000	0.000000	-0.000000	0.000000	0.000000	-0.000000	0.000000	0.000000	0.000000	0.000000	0.027147	0.199605	-1.976129	-0.000000	-0.000000	0.000204	0.000000	0.000000	0.000000	0.000000	0.000000	0.000000	0.000000	0.000000
1761685596.252787590	-0.000000	0.000000	-0.000000	-0.000000	0.000000	0.000000	0.000000	-0.000000	0.000000	0.000000	0.000000	0.000000	0.027147	0.199605	-1.976129	-0.000000	-0.000000	0.000204	0.000000	0.000000	0.000000	0.000000	0.000000	0.000000	0.000000	0.000000
1761685596.352874279	-0.000000	0.000000	-0.000000	-0.000000	-0.000000	0.000000	0.000000	-0.000000	0.000000	0.000000	0.000000	0.000000	0.027147	0.199605	-1.976129	-0.000000	-0.000000	0.000204	0.000000	0.000000	0.000000	0.000000	0.000000	0.000000	0.000000	0.000000
1761685596.452978849	-0.000000	0.000000	-0.000000	0.041460	-0.000000	-0.000000	0.000000	-0.000000	0.000000	0.000000	0.000000	0.000000	0.027147	0.199605	-1.976129	-0.000000	-0.000000	0.000204	0.000000	0.000000	0.000000	0.044736	0.000000	0.000000	0.000000	0.000000
1761685596.552727461	-0.000000	-0.000019	0.000081	0.192477	-0.000085	-0.000000	0.000000	0.000090	-0.000225	0.003455	0.000000	0.000000	0.027147	0.199609	-1.976140	0.000208	0.000013	0.000204	0.000000	0.000000	0.000000	0.214645	0.000000	0.000000	0.000000	0.000000
1761685596.652781725	-0.000000	-0.000093	0.000415	0.297533	-0.000071	-0.000000	0.000000	0.000460	-0.001143	0.017669	-0.000005	0.000000	0.027147	0.199636	-1.976205	0.001215	0.000012	0.000204	0.000000	0.000000	0.000000	0.358437	0.000000	0.000000	0.000000	0.000000
1761685596.752835035	-0.000000	-0.000223	0.001047	0.354775	-0.000047	-0.000000	0.000000	0.001138	-0.002819	0.043921	-0.000013	0.000000	0.027147	0.199719	-1.976410	0.004396	0.000011	0.000204	0.000000	0.000000	0.000000	0.489787	0.000000	0.000000	0.000000	0.000000
1761685596.852730989	-0.000000	-0.000375	0.001876	0.395332	-0.000023	-0.000000	0.000000	0.001996	-0.004916	0.077490	-0.000018	-0.000000	0.027147	0.199884	-1.976810	0.010683	0.000010	0.000204	0.000000	0.000000	0.000000	0.645442	0.000000	0.000000	0.000000	0.000000
1761685596.952744007	-0.000000	-0.000530	0.002857	0.391364	-0.000003	0.000000	0.000001	0.002978	-0.007267	0.116347	-0.000021	-0.000000	0.027147	0.200150	-1.977433	0.020671	0.000008	0.000204	0.000000	0.000000	0.000000	0.799425	0.000000	0.000000	0.000000	0.000000
1761685597.052735090	-0.000000	-0.000668	0.003859	0.350480	0.000013	0.000000	0.000001	0.003958	-0.009544	0.155550	-0.000022	-0.000000	0.027147	0.200529	-1.978283	0.034595	0.000006	0.000204	0.000000	0.000000	0.000000	0.953805	0.000000	0.000000	0.000000	0.000000
1761685597.152741909	-0.000000	-0.000778	0.004761	0.273786	0.000025	0.000000	0.000001	0.004843	-0.011493	0.191279	-0.000021	-0.000000	0.027147	0.201023	-1.979333	0.052263	0.000003	0.000204	0.000000	0.000000	0.000000	1.099425	0.000000	0.000000	0.000000	0.000000
1761685597.252724171	-0.000000	-0.000860	0.005435	0.177447	0.000032	0.000001	0.000000	0.005544	-0.012890	0.219936	-0.000019	-0.000000	0.027147	0.201625	-1.980533	0.073115	0.000002	0.000204	0.000000	0.000000	0.000000	1.238603	0.000000	0.000000	0.000000	0.000000
1761685597.352790117	-0.000000	-0.000915	0.005797	0.085045	0.000036	0.000001	0.000000	0.006011	-0.013609	0.239286	-0.000015	-0.000000	0.027147	0.202319	-1.981815	0.096305	-0.000000	0.000204	0.000000	0.000000	0.000000	1.381319	0.000000	0.000000	0.000000	0.000000
1761685597.452914476	-0.000000	-0.000952	0.005847	-0.002543	0.000037	0.000001	0.000000	0.006247	-0.013680	0.249331	-0.000012	-0.000000	0.027147	0.203080	-1.983109	0.120883	-0.000001	0.000204	0.000000	0.000000	0.000000	1.518108	0.000000	0.000000	0.000000	0.000000
1761685597.553026915	-0.000000	-0.000970	0.005610	-0.108155	0.000035	0.000001	0.000000	0.006264	-0.013167	0.250536	-0.000008	-0.000000	0.027147	0.203879	-1.984356	0.145947	-0.000002	0.000204	0.000000	0.000000	0.000000	1.616585	0.000000	0.000000	0.000000	0.000000
1761685597.653233528	-0.000000	-0.000965	0.005064	-0.190098	0.000031	0.000001	0.000000	0.006024	-0.012005	0.241481	-0.000005	-0.000000	0.027147	0.204682	-1.985497	0.170546	-0.000003	0.000204	0.000000	0.000000	0.000000	1.709954	0.000000	0.000000	0.000000	0.000000
1761685597.752752781	-0.000000	-0.000933	0.004290	-0.234020	0.000025	0.000001	0.000000	0.005567	-0.010335	0.223837	-0.000001	-0.000000	0.027146	0.205450	-1.986481	0.193722	-0.000003	0.000203	0.000000	0.000000	0.000000	1.810948	0.000000	0.000000	0.000000	0.000000
1761685597.852759838	0.000000	-0.000877	0.003427	-0.256629	0.000019	0.000000	-0.000000	0.004982	-0.008413	0.201167	0.000001	-0.000000	0.027146	0.206148	-1.987279	0.214814	-0.000003	0.000203	0.000000	0.000000	0.000000	1.906380	0.000000	0.000000	0.000000	0.000000
1761685597.952798843	0.000000	-0.000813	0.002702	-0.251787	0.000014	0.000000	-0.000000	0.004329	-0.006407	0.175881	0.000003	-0.000000	0.027146	0.206757	-1.987883	0.233471	-0.000003	0.000204	0.000000	0.000000	0.000000	1.992535	0.000000	0.000000	0.000000	0.000000
1761685598.052759409	0.000000	-0.000725	0.001888	-0.254288	0.000008	0.000000	-0.000000	0.003674	-0.004478	0.150621	0.000005	-0.000000	0.027146	0.207266	-1.988301	0.249582	-0.000003	0.000204	0.000000	0.000000	0.000000	2.069381	0.000000	0.000000	0.000000	0.000000
1761685598.152798891	0.000000	-0.000624	0.001138	-0.246658	0.000002	0.000000	-0.000000	0.003125	-0.002929	0.129472	0.000005	-0.000000	0.027146	0.207610	-1.988517	0.261078	-0.000002	0.000204	0.000000	0.000000	0.000000	2.138719	0.000000	0.000000	0.000000	0.000000
1761685598.252912760	0.000000	-0.000513	0.000459	-0.211013	-0.000002	0.000000	-0.000000	0.002474	-0.001168	0.104552	0.000006	-0.000000	0.027146	0.207924	-1.988627	0.272563	-0.000002	0.000204	0.000000	0.000000	0.000000	2.206778	0.000000	0.000000	0.000000	0.000000
1761685598.352779150	0.000000	-0.000408	-0.000087	-0.193259	-0.000006	0.000000	-0.000000	0.001907	0.000302	0.082857	0.000006	0.000000	0.027146	0.208136	-1.988596	0.281728	-0.000001	0.000204	0.000000	0.000000	0.000000	2.273294	0.000000	0.000000	0.000000	0.000000
1761685598.452730656	0.000000	-0.000307	-0.000563	-0.153674	-0.000008	0.000000	-0.000000	0.001394	0.001580	0.063235	0.000005	0.000000	0.027146	0.208260	-1.988450	0.288857	-0.000001	0.000204	0.000000	0.000000	0.000000	2.329692	0.000000	0.000000	0.000000	0.000000
1761685598.553179026	0.000000	-0.000220	-0.000941	-0.133400	-0.000010	0.000000	-0.000000	0.000973	0.002574	0.047208	0.000005	0.000000	0.027146	0.208307	-1.988208	0.294218	-0.000000	0.000204	0.000000	0.000000	0.000000	2.375601	0.000000	0.000000	0.000000	0.000000
1761685598.652783632	0.000000	-0.000143	-0.001251	-0.104622	-0.000010	-0.000000	-0.000000	0.000615	0.003376	0.033530	0.000004	0.000000	0.027146	0.208290	-1.987894	0.298127	0.000000	0.000204	0.000000	0.000000	0.000000	2.410825	0.000000	0.000000	0.000000	0.000000
1761685598.752762079	0.000000	-0.000090	-0.001445	-0.089614	-0.000010	-0.000000	-0.000000	0.000328	0.003968	0.022588	0.000003	0.000000	0.027146	0.208222	-1.987524	0.300821	0.000001	0.000205	0.000000	0.000000	0.000000	2.435275	0.000000	0.000000	0.000000	0.000000
1761685598.852910995	0.000000	-0.000026	-0.001662	-0.076583	-0.000009	-0.000000	-0.000000	0.000087	0.004426	0.013377	0.000002	0.000000	0.027146	0.208113	-1.987113	0.302533	0.000001	0.000205	0.000000	0.000000	0.000000	2.448835	0.000000	0.000000	0.000000	0.000000
1761685598.953228712	0.000000	0.000013	-0.001778	-0.070529	-0.000008	-0.000000	-0.000000	-0.000117	0.004775	0.005501	0.000001	0.000000	0.027146	0.207972	-1.986672	0.303402	0.000001	0.000205	0.000000	0.000000	0.000000	2.451444	0.000000	0.000000	0.000000	0.000000
1761685599.052816868	0.000000	0.000057	-0.001896	-0.069953	-0.000006	-0.000000	-0.000000	-0.000303	0.005064	-0.001653	-0.000000	-0.000000	0.027146	0.207802	-1.986206	0.303530	0.000001	0.000205	0.000000	0.000000	0.000000	2.443080	0.000000	0.000000	0.000000	0.000000
1761685599.152826071	-0.000000	0.000100	-0.002003	-0.074515	-0.000004	0.000000	0.000000	-0.000483	0.005332	-0.008657	-0.000001	-0.000000	0.027146	0.207607	-1.985720	0.302956	0.000001	0.000205	0.000000	0.000000	0.000000	2.423838	0.000000	0.000000	0.000000	0.000000
1761685599.252972126	-0.000000	0.000145	-0.002113	-0.083229	-0.000003	0.000000	0.000000	-0.000640	0.005565	-0.014791	-0.000001	-0.000000	0.027146	0.207426	-1.985299	0.301931	0.000001	0.000205	0.000000	0.000000	0.000000	2.393732	0.000000	0.000000	0.000000	0.000000
1761685599.352854490	-0.000000	0.000195	-0.002241	-0.094559	-0.000001	0.000000	0.000000	-0.000849	0.005886	-0.022969	-0.000001	0.000000	0.027146	0.207183	-1.984773	0.299980	0.000001	0.000205	0.000000	0.000000	0.000000	2.352896	0.000000	0.000000	0.000000	0.000000
1761685599.452922106	-0.000000	0.000254	-0.002393	-0.107209	0.000000	-0.000000	0.000000	-0.001083	0.006266	-0.032236	-0.000002	0.000000	0.027146	0.206909	-1.984218	0.297151	0.000001	0.000205	0.000000	0.000000	0.000000	2.301478	0.000000	0.000000	0.000000	0.000000
1761685599.552760839	-0.000000	0.000322	-0.002572	-0.119699	0.000001	-0.000000	0.000000	-0.001348	0.006711	-0.042746	-0.000002	0.000000	0.027146	0.206601	-1.983630	0.293323	0.000000	0.000204	0.000000	0.000000	0.000000	2.239716	0.000000	0.000000	0.000000	0.000000
1761685599.652890205	-0.000000	0.000399	-0.002778	-0.129560	0.000002	-0.000000	0.000000	-0.001642	0.007220	-0.054508	-0.000001	0.000000	0.027146	0.206255	-1.983003	0.288371	0.000000	0.000204	0.000000	0.000000	0.000000	2.169048	0.000000	0.000000	0.000000	0.000000
1761685599.752829552	-0.000000	0.000484	-0.003004	-0.123188	0.000002	-0.000000	0.000000	-0.001958	0.007776	-0.067299	-0.000001	0.000000	0.027146	0.205868	-1.982331	0.282181	0.000000	0.000204	0.000000	0.000000	0.000000	2.103402	0.000000	0.000000	0.000000	0.000000
1761685599.853126049	-0.000000	0.000567	-0.003212	-0.114368	0.000003	-0.000000	0.000000	-0.002259	0.008285	-0.079724	-0.000001	0.000000	0.027146	0.205441	-1.981613	0.274722	-0.000000	0.000204	0.000000	0.000000	0.000000	2.030001	0.000000	0.000000	0.000000	0.000000
1761685599.952762127	-0.000000	0.000646	-0.003395	-0.103675	0.000003	-0.000000	0.000000	-0.002535	0.008732	-0.091455	-0.000001	0.000000	0.027146	0.204979	-1.980853	0.266055	-0.000000	0.000204	0.000000	0.000000	0.000000	1.949337	0.000000	0.000000	0.000000	0.000000
1761685600.052808046	-0.000000	0.000715	-0.003537	-0.109437	0.000002	-0.000000	0.000000	-0.002770	0.009080	-0.102001	-0.000001	0.000000	0.027147	0.204490	-1.980058	0.256287	-0.000000	0.000204	0.000000	0.000000	0.000000	1.857340	0.000000	0.000000	0.000000	0.000000
1761685600.153167725	-0.000000	0.000773	-0.003657	-0.104467	0.000002	-0.000000	-0.000000	-0.003005	0.009433	-0.112848	-0.000000	0.000000	0.027147	0.203978	-1.979231	0.245458	-0.000000	0.000204	0.000000	0.000000	0.000000	1.758237	0.000000	0.000000	0.000000	0.000000
1761685600.252790213	0.000000	0.000841	-0.003791	-0.085410	0.000002	-0.000000	-0.000000	-0.003224	0.009754	-0.123378	-0.000000	0.000000	0.027147	0.203445	-1.978370	0.233556	-0.000000	0.000204	0.000000	0.000000	0.000000	1.661729	0.000000	0.000000	0.000000	0.000000
1761685600.352820158	0.000000	0.000895	-0.003881	-0.060444	0.000001	-0.000000	-0.000000	-0.003389	0.009954	-0.132236	0.000000	0.000000	0.027147	0.202899	-1.977483	0.220688	-0.000000	0.000204	0.000000	0.000000	0.000000	1.565637	0.000000	0.000000	0.000000	0.000000
1761685600.452840090	0.000000	0.000929	-0.003904	-0.053593	0.000001	-0.000000	-0.000000	-0.003481	0.009989	-0.138697	0.000000	0.000000	0.027147	0.202350	-1.976580	0.207070	-0.000000	0.000204	0.000000	0.000000	0.000000	1.447624	0.000000	0.000000	0.000000	0.000000
1761685600.552772284	0.000000	0.000950	-0.003890	-0.065210	0.000000	-0.000000	-0.000000	-0.003539	0.009958	-0.144170	0.000000	0.000000	0.027147	0.201807	-1.975672	0.192877	-0.000000	0.000204	0.000000	0.000000	0.000000	1.306980	0.000000	0.000000	0.000000	0.000000
1761685600.652908802	0.000000	0.000974	-0.003891	-0.070848	0.000000	-0.000000	-0.000000	-0.003611	0.009985	-0.150498	0.000000	-0.000000	0.027147	0.201272	-1.974759	0.178098	-0.000000	0.000204	0.000000	0.000000	0.000000	1.166444	0.000000	0.000000	0.000000	0.000000
1761685600.752816916	0.000000	0.001002	-0.003915	-0.070454	-0.000000	-0.000000	-0.000000	-0.003693	0.010057	-0.157489	0.000000	-0.000000	0.027147	0.200741	-1.973833	0.162645	-0.000000	0.000204	0.000000	0.000000	0.000000	1.024763	0.000000	0.000000	0.000000	0.000000
1761685600.852985620	0.000000	0.001030	-0.003943	-0.072649	-0.000000	0.000000	-0.000000	-0.003767	0.010133	-0.164540	0.000000	-0.000000	0.027147	0.200216	-1.972892	0.146484	-0.000000	0.000204	0.000000	0.000000	0.000000	0.873528	0.000000	0.000000	0.000000	0.000000
1761685600.952751875	0.000000	0.001057	-0.003975	-0.072646	-0.000001	0.000000	-0.000000	-0.003836	0.010220	-0.171769	0.000000	-0.000000	0.027148	0.199699	-1.971936	0.129610	-0.000000	0.000204	0.000000	0.000000	0.000000	0.717900	0.000000	0.000000	0.000000	0.000000
1761685601.052734375	0.000000	0.001083	-0.004009	-0.064706	-0.000001	0.000000	-0.000000	-0.003887	0.010293	-0.177823	0.000000	-0.000000	0.027148	0.199275	-1.971127	0.114993	0.000000	0.000204	0.000000	0.000000	0.000000	0.564066	0.000000	0.000000	0.000000	0.000000
1761685601.152936220	0.000000	0.001102	-0.004028	-0.042380	-0.000001	0.000000	-0.000000	-0.003924	0.010348	-0.184558	0.000000	-0.000000	0.027148	0.198776	-1.970141	0.096809	0.000000	0.000204	0.000000	0.000000	0.000000	0.420533	0.000000	0.000000	0.000000	0.000000
1761685601.252882481	0.000000	0.001100	-0.003997	-0.033760	-0.000001	0.000000	-0.000000	-0.003895	0.010264	-0.189168	0.000000	-0.000000	0.027148	0.198296	-1.969148	0.078069	0.000000	0.000204	0.000000	0.000000	0.000000	0.290071	0.000000	0.000000	0.000000	0.000000
1761685601.352822304	0.000000	0.001088	-0.003935	-0.030109	-0.000001	0.000000	-0.000000	-0.003829	0.010115	-0.192688	0.000000	-0.000000	0.027148	0.197841	-1.968159	0.058941	0.000000	0.000204	0.000000	0.000000	0.000000	0.125286	0.000000	0.000000	0.000000	0.000000
1761685601.452796459	0.000000	0.001069	-0.003863	-0.023686	-0.000001	0.000000	-0.000000	-0.003745	0.009947	-0.195760	0.000000	-0.000000	0.027148	0.197414	-1.967178	0.039491	0.000000	0.000204	0.000000	0.000000	0.000000	-0.038301	0.000000	0.000000	0.000000	0.000000
1761685601.552794456	0.000000	0.001045	-0.003781	-0.000003	-0.000000	0.000000	-0.000000	-0.003639	0.009750	-0.198235	-0.000000	-0.000000	0.027148	0.197016	-1.966206	0.019766	0.000000	0.000204	0.000000	0.000000	0.000000	-0.184553	0.000000	0.000000	0.000000	0.000000
1761685601.652801752	0.000000	0.001003	-0.003656	0.032162	-0.000000	0.000000	-0.000000	-0.003473	0.009430	-0.198630	-0.000000	-0.000000	0.027148	0.196651	-1.965252	-0.000097	0.000000	0.000204	0.000000	0.000000	0.000000	-0.319021	0.000000	0.000000	0.000000	0.000000
1761685601.752844334	0.000000	0.000936	-0.003460	0.063128	-0.000000	0.000000	-0.000000	-0.003226	0.008925	-0.195950	-0.000000	-0.000000	0.027148	0.196326	-1.964335	-0.019826	0.000000	0.000204	0.000000	0.000000	0.000000	-0.447259	0.000000	0.000000	0.000000	0.000000
1761685601.852838993	0.000000	0.000843	-0.003190	0.077739	-0.000000	0.000000	-0.000000	-0.002899	0.008238	-0.190154	-0.000000	0.000000	0.027148	0.196047	-1.963473	-0.039105	0.000000	0.000204	0.000000	0.000000	0.000000	-0.582506	0.000000	0.000000	0.000000	0.000000
1761685601.952934027	0.000000	0.000737	-0.002882	0.062234	0.000000	0.000000	-0.000000	-0.002533	0.007466	-0.182623	-0.000000	0.000000	0.027148	0.195815	-1.962682	-0.057691	0.000000	0.000204	0.000000	0.000000	0.000000	-0.740102	0.000000	0.000000	0.000000	0.000000
1761685602.052941322	0.000000	0.000640	-0.002604	0.013216	0.000000	-0.000000	-0.000000	-0.002204	0.006794	-0.176141	-0.000000	0.000000	0.027148	0.195628	-1.961962	-0.075564	0.000000	0.000204	0.000000	0.000000	0.000000	-0.929010	0.000000	0.000000	0.000000	0.000000
1761685602.152744532	0.000000	0.000578	-0.002439	-0.009513	0.000000	-0.000000	-0.000000	-0.002028	0.006484	-0.174223	-0.000000	0.000000	0.027148	0.195499	-1.961401	-0.090119	0.000000	0.000204	0.000000	0.000000	0.000000	-1.093844	0.000000	0.000000	0.000000	0.000000
1761685602.252725840	0.000000	0.000543	-0.002364	-0.014695	0.000000	-0.000000	-0.000000	-0.001884	0.006293	-0.174417	-0.000000	0.000000	0.027148	0.195368	-1.960750	-0.107528	-0.000000	0.000204	0.000000	0.000000	0.000000	-1.245867	0.000000	0.000000	0.000000	0.000000
1761685602.352754831	0.000000	0.000517	-0.002326	0.032787	0.000000	-0.000000	-0.000000	-0.001772	0.006194	-0.175800	-0.000000	0.000000	0.027148	0.195259	-1.960110	-0.125047	-0.000000	0.000204	0.000000	0.000000	0.000000	-1.344374	0.000000	0.000000	0.000000	0.000000
1761685602.452732325	0.000000	0.000462	-0.002192	0.078380	0.000000	-0.000000	-0.000000	-0.001560	0.005850	-0.173313	-0.000000	0.000000	0.027148	0.195175	-1.959492	-0.142514	-0.000000	0.000204	0.000000	0.000000	0.000000	-1.435526	0.000000	0.000000	0.000000	0.000000
1761685602.552879095	0.000000	0.000372	-0.001949	0.107483	0.000000	-0.000000	-0.000000	-0.001232	0.005221	-0.166234	-0.000000	0.000000	0.027148	0.195120	-1.958928	-0.159464	-0.000000	0.000204	0.000000	0.000000	0.000000	-1.529687	0.000000	0.000000	0.000000	0.000000
1761685602.652869463	0.000000	0.000264	-0.001636	0.127534	0.000000	-0.000000	-0.000000	-0.000833	0.004406	-0.155971	-0.000000	0.000000	0.027148	0.195100	-1.958442	-0.175509	-0.000000	0.000204	0.000000	0.000000	0.000000	-1.619045	0.000000	0.000000	0.000000	0.000000
1761685602.752729177	0.000000	0.000147	-0.001286	0.092860	0.000000	-0.000000	-0.000000	-0.000393	0.003479	-0.143552	0.000000	0.000000	0.027148	0.195112	-1.958051	-0.190396	-0.000000	0.000204	0.000000	0.000000	0.000000	-1.753387	0.000000	0.000000	0.000000	0.000000
1761685602.852777243	0.000000	0.000055	-0.001014	0.059143	0.000000	-0.000000	-0.000000	-0.000036	0.002751	-0.133688	0.000000	0.000000	0.027148	0.195154	-1.957750	-0.204152	-0.000000	0.000204	0.000000	0.000000	0.000000	-1.882912	0.000000	0.000000	0.000000	0.000000
1761685602.952732563	0.000000	-0.000008	-0.000837	0.050636	0.000000	-0.000000	-0.000000	0.000218	0.002270	-0.127212	0.000000	0.000000	0.027148	0.195216	-1.957513	-0.217119	-0.000000	0.000204	0.000000	0.000000	0.000000	-1.985704	0.000000	0.000000	0.000000	0.000000
1761685603.053230047	0.000000	-0.000051	-0.000720	0.049051	0.000000	-0.000000	-0.000000	0.000429	0.001889	-0.122006	0.000000	0.000000	0.027148	0.195294	-1.957322	-0.229531	-0.000000	0.000204	0.000000	0.000000	0.000000	-2.063895	0.000000	0.000000	0.000000	0.000000
1761685603.152988434	0.000000	-0.000100	-0.000591	0.065924	-0.000000	-0.000000	-0.000000	0.000626	0.001538	-0.117075	0.000000	-0.000000	0.027148	0.195386	-1.957171	-0.241443	-0.000000	0.000204	0.000000	0.000000	0.000000	-2.134088	0.000000	0.000000	0.000000	0.000000
1761685603.252811670	0.000000	-0.000153	-0.000442	0.088362	-0.000000	-0.000000	-0.000000	0.000813	0.001183	-0.111863	0.000000	-0.000000	0.027148	0.195471	-1.957078	-0.250948	-0.000000	0.000204	0.000000	0.000000	0.000000	-2.191588	0.000000	0.000000	0.000000	0.000000
1761685603.352743864	0.000000	-0.000217	-0.000249	0.113937	-0.000000	0.000000	-0.000000	0.001076	0.000649	-0.103774	0.000000	-0.000000	0.027148	0.195586	-1.957017	-0.261687	-0.000000	0.000204	0.000000	0.000000	0.000000	-2.235751	0.000000	0.000000	0.000000	0.000000
1761685603.452785969	0.000000	-0.000294	-0.000007	0.134373	-0.000000	0.000000	-0.000000	0.001391	-0.000030	-0.093233	0.000000	-0.000000	0.027148	0.195714	-1.957025	-0.271478	-0.000000	0.000204	0.000000	0.000000	0.000000	-2.273131	0.000000	0.000000	0.000000	0.000000
1761685603.552856207	0.000000	-0.000379	0.000283	0.148780	-0.000000	0.000000	-0.000000	0.001750	-0.000835	-0.080477	0.000000	-0.000000	0.027148	0.195853	-1.957115	-0.280080	0.000000	0.000204	0.000000	0.000000	0.000000	-2.303556	0.000000	0.000000	0.000000	0.000000
1761685603.652770758	0.000000	-0.000469	0.000610	0.157177	-0.000000	0.000000	-0.000000	0.002134	-0.001725	-0.066079	0.000000	-0.000000	0.027148	0.196005	-1.957300	-0.287304	0.000000	0.000204	0.000000	0.000000	0.000000	-2.326916	0.000000	0.000000	0.000000	0.000000
1761685603.752784014	0.000000	-0.000558	0.000961	0.159948	-0.000000	0.000000	-0.000000	0.002527	-0.002656	-0.050641	0.000000	-0.000000	0.027148	0.196166	-1.957585	-0.293020	0.000000	0.000204	0.000000	0.000000	0.000000	-2.343153	0.000000	0.000000	0.000000	0.000000
1761685603.852835417	0.000000	-0.000642	0.001322	0.157826	-0.000000	0.000000	-0.000000	0.002913	-0.003589	-0.034739	0.000000	-0.000000	0.027148	0.196336	-1.957971	-0.297160	0.000000	0.000204	0.000000	0.000000	0.000000	-2.352119	0.000000	0.000000	0.000000	0.000000
1761685603.952727318	0.000000	-0.000719	0.001678	0.151537	-0.000000	-0.000000	-0.000000	0.003279	-0.004490	-0.018886	-0.000000	-0.000000	0.027148	0.196513	-1.958457	-0.299707	0.000000	0.000204	0.000000	0.000000	0.000000	-2.353856	0.000000	0.000000	0.000000	0.000000
1761685604.052859783	0.000000	-0.000786	0.002018	0.141986	-0.000000	-0.000000	-0.000000	0.003616	-0.005328	-0.003522	-0.000000	-0.000000	0.027148	0.196698	-1.959036	-0.300692	0.000000	0.000204	0.000000	0.000000	0.000000	-2.348327	0.000000	0.000000	0.000000	0.000000
1761685604.153244734	0.000000	-0.000834	0.002279	0.134364	-0.000000	-0.000000	-0.000000	0.003916	-0.006083	0.010995	-0.000000	-0.000000	0.027148	0.196890	-1.959700	-0.300187	0.000000	0.000204	0.000000	0.000000	0.000000	-2.335552	0.000000	0.000000	0.000000	0.000000
1761685604.252928019	0.000000	-0.000882	0.002563	0.120527	-0.000000	-0.000000	-0.000000	0.004177	-0.006748	0.024558	-0.000000	-0.000000	0.027148	0.197088	-1.960439	-0.298291	0.000000	0.000204	0.000000	0.000000	0.000000	-2.315610	0.000000	0.000000	0.000000	0.000000
1761685604.352764845	0.000000	-0.000920	0.002809	0.104601	0.000000	-0.000000	-0.000000	0.004395	-0.007305	0.036841	-0.000000	-0.000000	0.027148	0.197293	-1.961242	-0.295109	0.000000	0.000204	0.000000	0.000000	0.000000	-2.288531	0.000000	0.000000	0.000000	0.000000
1761685604.452771187	0.000000	-0.000948	0.003006	0.088222	0.000000	-0.000000	-0.000000	0.004563	-0.007740	0.047567	-0.000000	-0.000000	0.027148	0.197505	-1.962096	-0.290788	0.000000	0.000204	0.000000	0.000000	0.000000	-2.254441	0.000000	0.000000	0.000000	0.000000
1761685604.552796602	0.000000	-0.000966	0.003152	0.072759	0.000000	-0.000000	-0.000000	0.004683	-0.008050	0.056662	-0.000000	-0.000000	0.027148	0.197724	-1.962988	-0.285490	0.000000	0.000204	0.000000	0.000000	0.000000	-2.213506	0.000000	0.000000	0.000000	0.000000
1761685604.652777672	0.000000	-0.000975	0.003248	0.060314	0.000000	0.000000	-0.000000	0.004759	-0.008246	0.064196	-0.000000	-0.000000	0.027148	0.197951	-1.963905	-0.279373	0.000000	0.000204	0.000000	0.000000	0.000000	-2.164838	0.000000	0.000000	0.000000	0.000000
1761685604.752832413	0.000000	-0.000978	0.003302	0.061164	0.000000	0.000000	-0.000000	0.004799	-0.008348	0.070435	-0.000000	-0.000000	0.027148	0.198185	-1.964835	-0.272581	-0.000000	0.000204	0.000000	0.000000	0.000000	-2.098242	0.000000	0.000000	0.000000	0.000000
1761685604.852787971	0.000000	-0.000978	0.003344	0.065009	0.000000	0.000000	-0.000000	0.004835	-0.008437	0.076537	-0.000000	-0.000000	0.027148	0.198427	-1.965773	-0.265182	-0.000000	0.000204	0.000000	0.000000	0.000000	-2.023837	0.000000	0.000000	0.000000	0.000000
1761685604.952771425	0.000000	-0.000980	0.003392	0.070823	0.000000	0.000000	-0.000000	0.004881	-0.008543	0.082974	-0.000000	-0.000000	0.027148	0.198677	-1.966719	-0.257156	-0.000000	0.000204	0.000000	0.000000	0.000000	-1.941442	0.000000	0.000000	0.000000	0.000000
1761685605.052748919	0.000000	-0.000985	0.003454	0.109891	0.000000	0.000000	-0.000000	0.004930	-0.008657	0.088779	-0.000000	-0.000000	0.027148	0.198893	-1.967516	-0.249954	-0.000000	0.000204	0.000000	0.000000	0.000000	-1.816463	0.000000	0.000000	0.000000	0.000000
1761685605.152778149	0.000000	-0.001000	0.003595	0.146321	0.000000	0.000000	-0.000000	0.005061	-0.008966	0.098466	-0.000000	-0.000000	0.027148	0.199164	-1.968492	-0.240555	-0.000000	0.000204	0.000000	0.000000	0.000000	-1.681969	0.000000	0.000000	0.000000	0.000000
1761685605.252808332	0.000000	-0.001027	0.003811	0.160067	0.000000	0.000000	-0.000000	0.005304	-0.009546	0.112490	0.000000	-0.000000	0.027148	0.199453	-1.969516	-0.229915	-0.000000	0.000204	0.000000	0.000000	0.000000	-1.572868	0.000000	0.000000	0.000000	0.000000
1761685605.352956772	0.000000	-0.001063	0.004115	0.125926	0.000000	-0.000000	-0.000000	0.005591	-0.010221	0.128268	0.000000	-0.000000	0.027148	0.199766	-1.970606	-0.217755	-0.000000	0.000204	0.000000	0.000000	0.000000	-1.480970	0.000000	0.000000	0.000000	0.000000
1761685605.452953815	0.000000	-0.001090	0.004359	0.083560	0.000000	-0.000000	-0.000000	0.005809	-0.010699	0.141430	0.000000	-0.000000	0.027147	0.200106	-1.971754	-0.204137	-0.000000	0.000204	0.000000	0.000000	0.000000	-1.388080	0.000000	0.000000	0.000000	0.000000
1761685605.552772522	0.000000	-0.001103	0.004473	0.039078	0.000000	-0.000000	-0.000000	0.005922	-0.010885	0.150492	0.000000	-0.000000	0.027147	0.200471	-1.972931	-0.189436	-0.000000	0.000204	0.000000	0.000000	0.000000	-1.295307	0.000000	0.000000	0.000000	0.000000
1761685605.652824879	0.000000	-0.001102	0.004450	0.030021	-0.000000	-0.000000	-0.000000	0.005924	-0.010770	0.155141	0.000000	-0.000000	0.027147	0.200859	-1.974104	-0.174085	-0.000000	0.000204	0.000000	0.000000	0.000000	-1.167011	0.000000	0.000000	0.000000	0.000000
1761685605.752781153	0.000000	-0.001095	0.004362	0.046188	-0.000000	-0.000000	-0.000000	0.005893	-0.010557	0.158294	0.000000	-0.000000	0.027147	0.201265	-1.975252	-0.158381	-0.000000	0.000204	0.000000	0.000000	0.000000	-1.012408	0.000000	0.000000	0.000000	0.000000
1761685605.852789640	0.000000	-0.001092	0.004300	0.082647	-0.000000	-0.000000	-0.000000	0.005900	-0.010429	0.162643	0.000000	0.000000	0.027147	0.201691	-1.976375	-0.142309	-0.000000	0.000204	0.000000	0.000000	0.000000	-0.830945	0.000000	0.000000	0.000000	0.000000
1761685605.952924252	0.000000	-0.001101	0.004330	0.111287	-0.000000	-0.000000	-0.000000	0.006001	-0.010521	0.170300	0.000000	0.000000	0.027147	0.202141	-1.977492	-0.125623	0.000000	0.000204	0.000000	0.000000	0.000000	-0.646323	0.000000	0.000000	0.000000	0.000000
1761685606.052853107	0.000000	-0.001122	0.004455	0.079947	-0.000000	-0.000000	-0.000000	0.006187	-0.010806	0.180952	0.000000	0.000000	0.027147	0.202622	-1.978623	-0.107992	0.000000	0.000204	0.000000	0.000000	0.000000	-0.511396	0.000000	0.000000	0.000000	0.000000
1761685606.152730703	0.000000	-0.001141	0.004543	0.039056	-0.000000	-0.000000	-0.000000	0.006303	-0.010925	0.188136	0.000000	0.000000	0.027147	0.203051	-1.979578	-0.092536	0.000000	0.000204	0.000000	0.000000	0.000000	-0.380116	0.000000	0.000000	0.000000	0.000000
1761685606.252785683	0.000000	-0.001150	0.004511	-0.002393	-0.000000	-0.000000	-0.000000	0.006362	-0.010840	0.193405	0.000000	0.000000	0.027147	0.203593	-1.980717	-0.073369	0.000000	0.000204	0.000000	0.000000	0.000000	-0.251739	0.000000	0.000000	0.000000	0.000000
1761685606.352768183	0.000000	-0.001148	0.004354	-0.023410	-0.000000	-0.000000	-0.000000	0.006320	-0.010486	0.194547	0.000000	-0.000000	0.027147	0.204158	-1.981822	-0.053916	0.000000	0.000204	0.000000	0.000000	0.000000	-0.108154	0.000000	0.000000	0.000000	0.000000
1761685606.452845335	0.000000	-0.001136	0.004111	-0.028757	-0.000000	-0.000000	-0.000000	0.006205	-0.009941	0.192557	-0.000000	-0.000000	0.027146	0.204738	-1.982866	-0.034563	0.000000	0.000204	0.000000	0.000000	0.000000	0.044419	0.000000	0.000000	0.000000	0.000000
1761685606.553112984	0.000000	-0.001124	0.003855	-0.014244	-0.000000	-0.000000	-0.000000	0.006077	-0.009365	0.189770	-0.000000	-0.000000	0.027146	0.205326	-1.983841	-0.015466	0.000000	0.000204	0.000000	0.000000	0.000000	0.214558	0.000000	0.000000	0.000000	0.000000
1761685606.652726889	0.000000	-0.001115	0.003637	-0.024093	-0.000000	-0.000000	-0.000000	0.005979	-0.008866	0.187862	-0.000000	-0.000000	0.027146	0.205921	-1.984751	0.003383	0.000000	0.000204	0.000000	0.000000	0.000000	0.358415	0.000000	0.000000	0.000000	0.000000
1761685606.752809048	0.000000	-0.001106	0.003422	-0.043450	-0.000000	0.000000	-0.000000	0.005879	-0.008371	0.185617	-0.000000	-0.000000	0.027146	0.206524	-1.985601	0.022046	0.000000	0.000204	0.000000	0.000000	0.000000	0.489670	0.000000	0.000000	0.000000	0.000000
1761685606.852757454	0.000000	-0.001090	0.003166	-0.034353	0.000000	0.000000	-0.000000	0.005738	-0.007782	0.181594	-0.000000	-0.000000	0.027146	0.207128	-1.986386	0.040386	0.000000	0.000204	0.000000	0.000000	0.000000	0.644847	0.000000	0.000000	0.000000	0.000000
1761685606.952723503	0.000000	-0.001077	0.002936	-0.023653	0.000000	0.000000	-0.000000	0.005614	-0.007244	0.178007	-0.000000	-0.000000	0.027146	0.207730	-1.987103	0.058330	0.000000	0.000204	0.000000	0.000000	0.000000	0.799348	0.000000	0.000000	0.000000	0.000000
1761685607.052792072	0.000000	-0.001069	0.002778	0.009368	0.000000	0.000000	-0.000000	0.005522	-0.006797	0.175464	-0.000000	-0.000000	0.027146	0.208330	-1.987762	0.075975	0.000000	0.000204	0.000000	0.000000	0.000000	0.953953	0.000000	0.000000	0.000000	0.000000
1761685607.153012276	0.000000	-0.001070	0.002662	0.007974	0.000000	0.000000	-0.000000	0.005512	-0.006557	0.175850	-0.000000	-0.000000	0.027146	0.208935	-1.988377	0.093521	-0.000000	0.000204	0.000000	0.000000	0.000000	1.099410	0.000000	0.000000	0.000000	0.000000
1761685607.252746582	0.000000	-0.001075	0.002581	-0.001724	0.000000	0.000000	-0.000000	0.005516	-0.006390	0.176538	-0.000000	-0.000000	0.027146	0.209446	-1.988866	0.108210	-0.000000	0.000204	0.000000	0.000000	0.000000	1.238603	0.000000	0.000000	0.000000	0.000000
1761685607.352750301	0.000000	-0.001078	0.002485	-0.006975	0.000000	0.000000	-0.000000	0.005508	-0.006154	0.176689	-0.000000	-0.000000	0.027145	0.210065	-1.989423	0.125883	-0.000000	0.000204	0.000000	0.000000	0.000000	1.381206	0.000000	0.000000	0.000000	0.000000
1761685607.453160048	0.000000	-0.001079	0.002391	0.007063	0.000000	0.000000	-0.000000	0.005483	-0.005879	0.176079	-0.000000	-0.000000	0.027145	0.210689	-1.989943	0.143520	-0.000000	0.000204	0.000000	0.000000	0.000000	1.518059	0.000000	0.000000	0.000000	0.000000
1761685607.552972317	0.000000	-0.001084	0.002306	-0.038059	0.000000	0.000000	-0.000000	0.005490	-0.005683	0.176551	-0.000000	-0.000000	0.027145	0.211318	-1.990429	0.161146	-0.000000	0.000204	0.000000	0.000000	0.000000	1.616733	0.000000	0.000000	0.000000	0.000000
1761685607.652874231	0.000000	-0.001079	0.002154	-0.082286	0.000000	0.000000	-0.000000	0.005408	-0.005267	0.173497	0.000000	-0.000000	0.027145	0.211947	-1.990875	0.178654	-0.000000	0.000204	0.000000	0.000000	0.000000	1.709794	0.000000	0.000000	0.000000	0.000000
1761685607.752832413	0.000000	-0.001056	0.001889	-0.105779	0.000000	0.000000	-0.000000	0.005211	-0.004576	0.166006	0.000000	-0.000000	0.027145	0.212557	-1.991256	0.195598	-0.000000	0.000204	0.000000	0.000000	0.000000	1.810885	0.000000	0.000000	0.000000	0.000000
1761685607.852991343	0.000000	-0.001019	0.001554	-0.121391	0.000000	0.000000	-0.000000	0.004942	-0.003734	0.155820	0.000000	-0.000000	0.027145	0.213135	-1.991555	0.211621	-0.000000	0.000204	0.000000	0.000000	0.000000	1.906387	0.000000	0.000000	0.000000	0.000000
1761685607.952883482	0.000000	-0.000971	0.001190	-0.133665	0.000000	0.000000	-0.000000	0.004628	-0.002813	0.143941	0.000000	-0.000000	0.027145	0.213668	-1.991764	0.226520	-0.000000	0.000204	0.000000	0.000000	0.000000	1.992581	0.000000	0.000000	0.000000	0.000000
1761685608.053177357	0.000000	-0.000913	0.000813	-0.142751	-0.000000	0.000000	-0.000000	0.004278	-0.001843	0.130779	0.000000	-0.000000	0.027145	0.214150	-1.991881	0.240155	-0.000000	0.000204	0.000000	0.000000	0.000000	2.069410	0.000000	0.000000	0.000000	0.000000
1761685608.152840137	0.000000	-0.000847	0.000431	-0.146952	-0.000000	0.000000	-0.000000	0.003900	-0.000848	0.116655	0.000000	-0.000000	0.027144	0.214574	-1.991904	0.252415	-0.000000	0.000204	0.000000	0.000000	0.000000	2.138713	0.000000	0.000000	0.000000	0.000000
1761685608.252853870	0.000000	-0.000773	0.000058	-0.140861	-0.000000	0.000000	-0.000000	0.003507	0.000144	0.102030	0.000000	-0.000000	0.027144	0.214935	-1.991837	0.263231	-0.000000	0.000204	0.000000	0.000000	0.000000	2.206789	0.000000	0.000000	0.000000	0.000000
1761685608.352729082	0.000000	-0.000697	-0.000293	-0.126357	-0.000000	0.000000	-0.000000	0.003186	0.000918	0.090190	0.000000	-0.000000	0.027144	0.215187	-1.991715	0.271138	-0.000000	0.000204	0.000000	0.000000	0.000000	2.273282	0.000000	0.000000	0.000000	0.000000
1761685608.452857256	0.000000	-0.000624	-0.000608	-0.113457	-0.000000	0.000000	-0.000000	0.002827	0.001746	0.077071	0.000000	-0.000000	0.027144	0.215434	-1.991498	0.279375	0.000000	0.000204	0.000000	0.000000	0.000000	2.329727	0.000000	0.000000	0.000000	0.000000
1761685608.552943230	0.000000	-0.000557	-0.000873	-0.096157	-0.000000	0.000000	-0.000000	0.002509	0.002437	0.065510	0.000000	-0.000000	0.027144	0.215627	-1.991217	0.286399	0.000000	0.000204	0.000000	0.000000	0.000000	2.375606	0.000000	0.000000	0.000000	0.000000
1761685608.653049469	0.000000	-0.000497	-0.001090	-0.100220	-0.000000	0.000000	-0.000000	0.002233	0.002993	0.055606	0.000000	-0.000000	0.027144	0.215772	-1.990885	0.292360	0.000000	0.000204	0.000000	0.000000	0.000000	2.410828	0.000000	0.000000	0.000000	0.000000
1761685608.752791405	0.000000	-0.000436	-0.001301	-0.098983	-0.000000	0.000000	-0.000000	0.001955	0.003531	0.045652	0.000000	-0.000000	0.027144	0.215874	-1.990508	0.297343	0.000000	0.000204	0.000000	0.000000	0.000000	2.435297	0.000000	0.000000	0.000000	0.000000
1761685608.852977276	0.000000	-0.000374	-0.001505	-0.100821	-0.000000	0.000000	-0.000000	0.001677	0.004046	0.035733	0.000000	-0.000000	0.027144	0.215932	-1.990089	0.301329	0.000000	0.000204	0.000000	0.000000	0.000000	2.448838	0.000000	0.000000	0.000000	0.000000
1761685608.952823639	0.000000	-0.000309	-0.001706	-0.102321	-0.000000	0.000000	-0.000000	0.001395	0.004550	0.025681	-0.000000	-0.000000	0.027144	0.215947	-1.989630	0.304317	0.000000	0.000204	0.000000	0.000000	0.000000	2.451443	0.000000	0.000000	0.000000	0.000000
1761685609.052927971	0.000000	-0.000243	-0.001904	-0.112951	-0.000000	0.000000	-0.000000	0.001108	0.005045	0.015474	-0.000000	-0.000000	0.027144	0.215919	-1.989131	0.306291	0.000000	0.000204	0.000000	0.000000	0.000000	2.443087	0.000000	0.000000	0.000000	0.000000
1761685609.153018236	0.000000	-0.000170	-0.002120	-0.121677	-0.000000	0.000000	-0.000000	0.000798	0.005579	0.004356	-0.000000	-0.000000	0.027144	0.215845	-1.988593	0.307197	0.000000	0.000204	0.000000	0.000000	0.000000	2.423813	0.000000	0.000000	0.000000	0.000000
1761685609.252956152	0.000000	-0.000104	-0.002313	-0.134593	-0.000000	0.000000	-0.000000	0.000465	0.006152	-0.007666	-0.000000	-0.000000	0.027144	0.215724	-1.988011	0.306938	0.000000	0.000204	0.000000	0.000000	0.000000	2.393720	0.000000	0.000000	0.000000	0.000000
1761685609.352775812	0.000000	-0.000017	-0.002567	-0.143945	0.000000	0.000000	-0.000000	0.000162	0.006678	-0.018667	-0.000000	-0.000000	0.027144	0.215585	-1.987490	0.305756	0.000000	0.000204	0.000000	0.000000	0.000000	2.352898	0.000000	0.000000	0.000000	0.000000
1761685609.452731609	0.000000	0.000078	-0.002842	-0.150662	0.000000	0.000000	-0.000000	-0.000224	0.007347	-0.032750	-0.000000	-0.000000	0.027144	0.215367	-1.986818	0.303078	0.000000	0.000204	0.000000	0.000000	0.000000	2.301474	0.000000	0.000000	0.000000	0.000000
1761685609.552716255	0.000000	0.000181	-0.003130	-0.153850	0.000000	0.000000	-0.000000	-0.000628	0.008042	-0.047704	-0.000000	-0.000000	0.027144	0.215094	-1.986091	0.298935	0.000000	0.000204	0.000000	0.000000	0.000000	2.239732	0.000000	0.000000	0.000000	0.000000
1761685609.652720451	0.000000	0.000290	-0.003418	-0.152409	0.000000	0.000000	-0.000000	-0.001038	0.008733	-0.063036	-0.000000	-0.000000	0.027144	0.214764	-1.985309	0.293273	0.000000	0.000204	0.000000	0.000000	0.000000	2.169075	0.000000	0.000000	0.000000	0.000000
1761685609.752735376	0.000000	0.000400	-0.003695	-0.133980	0.000000	0.000000	-0.000000	-0.001440	0.009393	-0.078301	-0.000000	-0.000000	0.027145	0.214382	-1.984471	0.286078	0.000000	0.000204	0.000000	0.000000	0.000000	2.103418	0.000000	0.000000	0.000000	0.000000
1761685609.852734804	0.000000	0.000499	-0.003918	-0.113472	0.000000	0.000000	-0.000000	-0.001793	0.009924	-0.092006	-0.000000	-0.000000	0.027145	0.213954	-1.983584	0.277436	0.000000	0.000204	0.000000	0.000000	0.000000	2.030121	0.000000	0.000000	0.000000	0.000000
1761685609.952726364	0.000000	0.000582	-0.004077	-0.093158	0.000000	0.000000	-0.000000	-0.002084	0.010302	-0.103695	-0.000000	-0.000000	0.027145	0.213491	-1.982659	0.267539	0.000000	0.000204	0.000000	0.000000	0.000000	1.949370	0.000000	0.000000	0.000000	0.000000
1761685610.052784920	0.000000	0.000649	-0.004172	-0.078344	0.000000	0.000000	-0.000000	-0.002313	0.010531	-0.113349	-0.000000	-0.000000	0.027145	0.213006	-1.981708	0.256592	0.000000	0.000204	0.000000	0.000000	0.000000	1.857363	0.000000	0.000000	0.000000	0.000000
1761685610.152857542	0.000000	0.000701	-0.004218	-0.065770	0.000000	0.000000	-0.000000	-0.002492	0.010649	-0.121430	0.000000	-0.000000	0.027145	0.212509	-1.980740	0.244776	0.000000	0.000204	0.000000	0.000000	0.000000	1.758347	0.000000	0.000000	0.000000	0.000000
1761685610.252759695	0.000000	0.000741	-0.004226	-0.047304	0.000000	0.000000	-0.000000	-0.002628	0.010679	-0.128217	0.000000	-0.000000	0.027145	0.212007	-1.979764	0.232228	0.000000	0.000204	0.000000	0.000000	0.000000	1.661776	0.000000	0.000000	0.000000	0.000000
1761685610.352716923	0.000000	0.000765	-0.004186	-0.026818	0.000000	0.000000	-0.000000	-0.002711	0.010594	-0.133255	0.000000	-0.000000	0.027145	0.211508	-1.978787	0.219099	0.000000	0.000204	0.000000	0.000000	0.000000	1.565717	0.000000	0.000000	0.000000	0.000000
1761685610.452888966	0.000000	0.000770	-0.004091	-0.027424	0.000000	0.000000	-0.000000	-0.002733	0.010382	-0.136278	0.000000	0.000000	0.027145	0.211020	-1.977820	0.205583	0.000000	0.000204	0.000000	0.000000	0.000000	1.447462	0.000000	0.000000	0.000000	0.000000
1761685610.552941561	0.000000	0.000772	-0.004009	-0.065345	-0.000000	0.000000	-0.000000	-0.002742	0.010162	-0.139011	0.000000	0.000000	0.027145	0.210550	-1.976869	0.191797	0.000000	0.000204	0.000000	0.000000	0.000000	1.307076	0.000000	0.000000	0.000000	0.000000
1761685610.652804375	0.000000	0.000793	-0.003985	-0.077126	-0.000000	0.000000	-0.000000	-0.002828	0.010157	-0.144913	0.000000	-0.000000	0.027145	0.210090	-1.975924	0.177577	0.000000	0.000204	0.000000	0.000000	0.000000	1.166400	0.000000	0.000000	0.000000	0.000000
1761685610.752788544	0.000000	0.000831	-0.004020	-0.080083	-0.000000	0.000000	-0.000000	-0.002950	0.010262	-0.152429	0.000000	-0.000000	0.027145	0.209631	-1.974966	0.162656	0.000000	0.000204	0.000000	0.000000	0.000000	1.024846	0.000000	0.000000	0.000000	0.000000
1761685610.852818251	0.000000	0.000872	-0.004071	-0.084441	-0.000000	0.000000	-0.000000	-0.003053	0.010373	-0.159054	0.000000	-0.000000	0.027146	0.209249	-1.974155	0.149624	0.000000	0.000204	0.000000	0.000000	0.000000	0.873505	0.000000	0.000000	0.000000	0.000000
1761685610.952770472	0.000000	0.000915	-0.004134	-0.084946	-0.000000	0.000000	-0.000000	-0.003179	0.010530	-0.167425	0.000000	-0.000000	0.027146	0.208792	-1.973164	0.133233	0.000000	0.000204	0.000000	0.000000	0.000000	0.717903	0.000000	0.000000	0.000000	0.000000
1761685611.052785158	0.000000	0.000956	-0.004199	-0.076454	-0.000000	0.000000	-0.000000	-0.003297	0.010691	-0.175911	0.000000	-0.000000	0.027146	0.208338	-1.972150	0.115996	0.000000	0.000204	0.000000	0.000000	0.000000	0.564072	0.000000	0.000000	0.000000	0.000000
1761685611.152837515	0.000000	0.000989	-0.004243	-0.052978	-0.000000	0.000000	-0.000000	-0.003384	0.010803	-0.183698	-0.000000	-0.000000	0.027146	0.207890	-1.971117	0.097945	0.000000	0.000204	0.000000	0.000000	0.000000	0.420577	0.000000	0.000000	0.000000	0.000000
1761685611.252792835	0.000000	0.001002	-0.004228	-0.016309	-0.000000	0.000000	-0.000000	-0.003406	0.010778	-0.189387	-0.000000	-0.000000	0.027146	0.207455	-1.970071	0.079227	0.000000	0.000204	0.000000	0.000000	0.000000	0.290017	0.000000	0.000000	0.000000	0.000000
1761685611.352743864	0.000000	0.000981	-0.004121	-0.014939	-0.000000	0.000000	-0.000000	-0.003327	0.010532	-0.191629	-0.000000	0.000000	0.027146	0.207045	-1.969033	0.060132	0.000000	0.000204	0.000000	0.000000	0.000000	0.125800	0.000000	0.000000	0.000000	0.000000
1761685611.452827454	0.000000	0.000953	-0.003999	-0.013578	-0.000000	0.000000	-0.000000	-0.003224	0.010251	-0.193146	-0.000000	0.000000	0.027146	0.206665	-1.968014	0.040879	0.000000	0.000204	0.000000	0.000000	0.000000	-0.038281	0.000000	0.000000	0.000000	0.000000
1761685611.552718639	0.000000	0.000923	-0.003881	0.005271	-0.000000	0.000000	-0.000000	-0.003112	0.009977	-0.194527	-0.000000	0.000000	0.027146	0.206318	-1.967016	0.021483	0.000000	0.000204	0.000000	0.000000	0.000000	-0.184526	0.000000	0.000000	0.000000	0.000000
1761685611.652779341	0.000000	0.000878	-0.003728	0.032146	-0.000000	-0.000000	-0.000000	-0.002954	0.009613	-0.194314	-0.000000	0.000000	0.027146	0.206003	-1.966042	0.002030	0.000000	0.000204	0.000000	0.000000	0.000000	-0.318972	0.000000	0.000000	0.000000	0.000000
1761685611.752738714	0.000000	0.000812	-0.003514	0.058024	-0.000000	-0.000000	-0.000000	-0.002729	0.009101	-0.191547	-0.000000	0.000000	0.027146	0.205727	-1.965108	-0.017259	0.000000	0.000204	0.000000	0.000000	0.000000	-0.447215	0.000000	0.000000	0.000000	0.000000
1761685611.852740049	0.000000	0.000725	-0.003242	0.068485	-0.000000	-0.000000	-0.000000	-0.002437	0.008442	-0.186176	-0.000000	0.000000	0.027146	0.205494	-1.964229	-0.036118	0.000000	0.000204	0.000000	0.000000	0.000000	-0.582496	0.000000	0.000000	0.000000	0.000000
1761685611.952765226	0.000000	0.000631	-0.002950	0.050771	-0.000000	-0.000000	-0.000000	-0.002117	0.007726	-0.179502	-0.000000	0.000000	0.027146	0.205304	-1.963418	-0.054353	0.000000	0.000204	0.000000	0.000000	0.000000	-0.740002	0.000000	0.000000	0.000000	0.000000
1761685612.052731514	0.000000	0.000551	-0.002707	0.001764	-0.000000	-0.000000	-0.000000	-0.001837	0.007124	-0.174129	-0.000000	0.000000	0.027146	0.205156	-1.962671	-0.071978	0.000000	0.000204	0.000000	0.000000	0.000000	-0.929072	0.000000	0.000000	0.000000	0.000000
1761685612.152782202	0.000000	0.000515	-0.002606	-0.040512	0.000000	-0.000000	-0.000000	-0.001677	0.006834	-0.173136	-0.000000	0.000000	0.027146	0.205038	-1.961966	-0.089299	0.000000	0.000204	0.000000	0.000000	0.000000	-1.093818	0.000000	0.000000	0.000000	0.000000
1761685612.252817869	0.000000	0.000502	-0.002590	-0.040708	0.000000	0.000000	-0.000000	-0.001630	0.006840	-0.176483	-0.000000	-0.000000	0.027146	0.204940	-1.961272	-0.106778	0.000000	0.000204	0.000000	0.000000	0.000000	-1.246110	0.000000	0.000000	0.000000	0.000000
1761685612.352884293	0.000000	0.000501	-0.002614	0.014866	0.000000	0.000000	-0.000000	-0.001598	0.006900	-0.180550	-0.000000	-0.000000	0.027146	0.204859	-1.960571	-0.124664	0.000000	0.000204	0.000000	0.000000	0.000000	-1.344489	0.000000	0.000000	0.000000	0.000000
1761685612.453227282	0.000000	0.000468	-0.002544	0.071211	0.000000	0.000000	-0.000000	-0.001441	0.006661	-0.179990	-0.000000	0.000000	0.027146	0.204798	-1.959879	-0.142725	0.000000	0.000204	0.000000	0.000000	0.000000	-1.435514	0.000000	0.000000	0.000000	0.000000
1761685612.552925348	0.000000	0.000392	-0.002332	0.124568	0.000000	-0.000000	-0.000000	-0.001139	0.006063	-0.173808	-0.000000	0.000000	0.027146	0.204767	-1.959233	-0.160402	0.000000	0.000204	0.000000	0.000000	0.000000	-1.529832	0.000000	0.000000	0.000000	0.000000
1761685612.653035641	0.000000	0.000277	-0.001990	0.136144	0.000000	-0.000000	-0.000000	-0.000705	0.005133	-0.162240	-0.000000	0.000000	0.027146	0.204771	-1.958672	-0.177145	0.000000	0.000204	0.000000	0.000000	0.000000	-1.619021	0.000000	0.000000	0.000000	0.000000
1761685612.753040075	0.000000	0.000150	-0.001599	0.105475	-0.000000	-0.000000	-0.000000	-0.000238	0.004112	-0.148819	-0.000000	0.000000	0.027146	0.204811	-1.958218	-0.192594	0.000000	0.000204	0.000000	0.000000	0.000000	-1.753408	0.000000	0.000000	0.000000	0.000000
1761685612.853301048	0.000000	0.000044	-0.001269	0.073071	-0.000000	-0.000000	-0.000000	0.000149	0.003279	-0.137760	-0.000000	0.000000	0.027146	0.204881	-1.957865	-0.206810	0.000000	0.000204	0.000000	0.000000	0.000000	-1.882962	0.000000	0.000000	0.000000	0.000000
1761685612.953116417	0.000000	-0.000034	-0.001033	0.063901	-0.000000	-0.000000	-0.000000	0.000437	0.002688	-0.129913	-0.000000	0.000000	0.027146	0.204974	-1.957587	-0.220105	0.000000	0.000204	0.000000	0.000000	0.000000	-1.986152	0.000000	0.000000	0.000000	0.000000
1761685613.052748919	0.000000	-0.000097	-0.000848	0.076186	-0.000000	-0.000000	-0.000000	0.000640	0.002282	-0.124435	-0.000000	0.000000	0.027146	0.205064	-1.957399	-0.230653	0.000000	0.000204	0.000000	0.000000	0.000000	-2.063714	0.000000	0.000000	0.000000	0.000000
1761685613.152722120	0.000000	-0.000160	-0.000660	0.088964	-0.000000	-0.000000	-0.000000	0.000891	0.001770	-0.117226	-0.000000	0.000000	0.027146	0.205186	-1.957224	-0.242689	0.000000	0.000204	0.000000	0.000000	0.000000	-2.134071	0.000000	0.000000	0.000000	0.000000
1761685613.252758026	0.000000	-0.000218	-0.000482	0.093727	-0.000000	-0.000000	-0.000000	0.001169	0.001181	-0.108543	-0.000000	0.000000	0.027146	0.205323	-1.957112	-0.253914	0.000000	0.000204	0.000000	0.000000	0.000000	-2.191635	0.000000	0.000000	0.000000	0.000000
1761685613.352771521	0.000000	-0.000288	-0.000261	0.115344	-0.000000	-0.000000	-0.000000	0.001452	0.000567	-0.099249	-0.000000	0.000000	0.027146	0.205472	-1.957067	-0.264230	0.000000	0.000204	0.000000	0.000000	0.000000	-2.235747	0.000000	0.000000	0.000000	0.000000
1761685613.452783108	0.000000	-0.000364	-0.000011	0.133020	-0.000000	-0.000000	-0.000000	0.001770	-0.000151	-0.088075	-0.000000	0.000000	0.027146	0.205633	-1.957095	-0.273518	0.000000	0.000204	0.000000	0.000000	0.000000	-2.273135	0.000000	0.000000	0.000000	0.000000
1761685613.553121328	0.000000	-0.000447	0.000278	0.145217	0.000000	-0.000000	-0.000000	0.002122	-0.000969	-0.075068	-0.000000	0.000000	0.027146	0.205805	-1.957209	-0.281579	0.000000	0.000204	0.000000	0.000000	0.000000	-2.303561	0.000000	0.000000	0.000000	0.000000
1761685613.652760267	0.000000	-0.000533	0.000599	0.151956	0.000000	-0.000000	-0.000000	0.002491	-0.001849	-0.060749	-0.000000	0.000000	0.027146	0.205988	-1.957417	-0.288259	0.000000	0.000204	0.000000	0.000000	0.000000	-2.326932	0.000000	0.000000	0.000000	0.000000
1761685613.752756596	0.000000	-0.000617	0.000940	0.153686	0.000000	-0.000000	-0.000000	0.002862	-0.002754	-0.045666	-0.000000	0.000000	0.027146	0.206179	-1.957722	-0.293459	-0.000000	0.000204	0.000000	0.000000	0.000000	-2.343133	0.000000	0.000000	0.000000	0.000000
1761685613.853221178	0.000000	-0.000697	0.001287	0.151017	-0.000000	-0.000000	-0.000000	0.003223	-0.003648	-0.030326	-0.000000	0.000000	0.027146	0.206377	-1.958125	-0.297132	0.000000	0.000204	0.000000	0.000000	0.000000	-2.352123	0.000000	0.000000	0.000000	0.000000
1761685613.952772141	0.000000	-0.000769	0.001627	0.144722	-0.000000	-0.000000	-0.000000	0.003561	-0.004501	-0.015180	-0.000000	0.000000	0.027146	0.206582	-1.958622	-0.299279	-0.000000	0.000204	0.000000	0.000000	0.000000	-2.353851	0.000000	0.000000	0.000000	0.000000
1761685614.052853584	0.000000	-0.000831	0.001950	0.135603	-0.000000	-0.000000	-0.000000	0.003869	-0.005288	-0.000603	-0.000000	0.000000	0.027146	0.206793	-1.959207	-0.299942	-0.000000	0.000204	0.000000	0.000000	0.000000	-2.348327	0.000000	0.000000	0.000000	0.000000
1761685614.152755499	0.000000	-0.000884	0.002246	0.124059	0.000000	-0.000000	-0.000000	0.004141	-0.005993	0.013109	-0.000000	0.000000	0.027146	0.207010	-1.959871	-0.299196	-0.000000	0.000204	0.000000	0.000000	0.000000	-2.335556	0.000000	0.000000	0.000000	0.000000
1761685614.252763987	0.000000	-0.000927	0.002508	0.110148	0.000000	-0.000000	-0.000000	0.004335	-0.006501	0.023640	-0.000000	0.000000	0.027146	0.207194	-1.960478	-0.297571	-0.000000	0.000204	0.000000	0.000000	0.000000	-2.315601	0.000000	0.000000	0.000000	0.000000
1761685614.352790833	0.000000	-0.000960	0.002727	0.095192	0.000000	-0.000000	-0.000000	0.004528	-0.007016	0.035118	-0.000000	0.000000	0.027146	0.207422	-1.961259	-0.294522	-0.000000	0.000204	0.000000	0.000000	0.000000	-2.288526	0.000000	0.000000	0.000000	0.000000
1761685614.452737570	0.000000	-0.000982	0.002900	0.080533	0.000000	-0.000000	-0.000000	0.004677	-0.007416	0.045136	-0.000000	0.000000	0.027146	0.207655	-1.962088	-0.290409	-0.000000	0.000204	0.000000	0.000000	0.000000	-2.254438	0.000000	0.000000	0.000000	0.000000
1761685614.552749634	0.000000	-0.000996	0.003027	0.067296	0.000000	-0.000000	-0.000000	0.004781	-0.007703	0.053678	-0.000000	0.000000	0.027146	0.207894	-1.962951	-0.285381	-0.000000	0.000204	0.000000	0.000000	0.000000	-2.213503	0.000000	0.000000	0.000000	0.000000
1761685614.652724504	0.000000	-0.001003	0.003110	0.057618	0.000000	-0.000000	-0.000000	0.004846	-0.007890	0.060849	-0.000000	0.000000	0.027146	0.208139	-1.963837	-0.279580	-0.000000	0.000204	0.000000	0.000000	0.000000	-2.164513	0.000000	0.000000	0.000000	0.000000
1761685614.752762556	0.000000	-0.001004	0.003160	0.060629	0.000000	-0.000000	-0.000000	0.004882	-0.007997	0.066933	-0.000000	0.000000	0.027146	0.208391	-1.964735	-0.273129	-0.000000	0.000204	0.000000	0.000000	0.000000	-2.098202	0.000000	0.000000	0.000000	0.000000
1761685614.852797031	0.000000	-0.001004	0.003204	0.066619	0.000000	-0.000000	-0.000000	0.004914	-0.008092	0.072896	-0.000000	0.000000	0.027146	0.208649	-1.965641	-0.266092	-0.000000	0.000204	0.000000	0.000000	0.000000	-2.023873	0.000000	0.000000	0.000000	0.000000
1761685614.953558922	0.000000	-0.001007	0.003263	0.074284	0.000000	-0.000000	-0.000000	0.004961	-0.008221	0.079458	-0.000000	0.000000	0.027146	0.208915	-1.966558	-0.258423	-0.000000	0.000204	0.000000	0.000000	0.000000	-1.941242	0.000000	0.000000	0.000000	0.000000
1761685615.053138971	0.000000	-0.001013	0.003342	0.114213	0.000000	-0.000000	-0.000000	0.005028	-0.008393	0.086759	-0.000000	0.000000	0.027146	0.209189	-1.967489	-0.250057	-0.000000	0.000204	0.000000	0.000000	0.000000	-1.816416	0.000000	0.000000	0.000000	0.000000
1761685615.152737141	0.000000	-0.001033	0.003517	0.149743	0.000000	-0.000000	-0.000000	0.005185	-0.008784	0.097514	-0.000000	0.000000	0.027146	0.209476	-1.968447	-0.240782	-0.000000	0.000204	0.000000	0.000000	0.000000	-1.681952	0.000000	0.000000	0.000000	0.000000
1761685615.252891779	0.000000	-0.001066	0.003794	0.144622	-0.000000	-0.000000	-0.000000	0.005435	-0.009396	0.111896	0.000000	0.000000	0.027145	0.209781	-1.969459	-0.230216	-0.000000	0.000204	0.000000	0.000000	0.000000	-1.572991	0.000000	0.000000	0.000000	0.000000
1761685615.353462696	0.000000	-0.001098	0.004074	0.127094	0.000000	-0.000000	-0.000000	0.005690	-0.010006	0.126529	0.000000	0.000000	0.027145	0.210109	-1.970534	-0.218167	-0.000000	0.000204	0.000000	0.000000	0.000000	-1.480970	0.000000	0.000000	0.000000	0.000000
1761685615.452895403	0.000000	-0.001119	0.004260	0.091499	-0.000000	-0.000000	-0.000000	0.005902	-0.010478	0.139531	0.000000	0.000000	0.027145	0.210462	-1.971662	-0.204743	-0.000000	0.000204	0.000000	0.000000	0.000000	-1.388246	0.000000	0.000000	0.000000	0.000000
1761685615.552773952	0.000000	-0.001134	0.004396	0.047424	0.000000	-0.000000	-0.000000	0.006031	-0.010719	0.149274	-0.000000	0.000000	0.027145	0.210840	-1.972822	-0.190197	-0.000000	0.000204	0.000000	0.000000	0.000000	-1.295297	0.000000	0.000000	0.000000	0.000000
1761685615.652862072	0.000000	-0.001135	0.004402	0.037450	-0.000000	-0.000000	-0.000000	0.006052	-0.010668	0.154751	0.000000	0.000000	0.027145	0.211241	-1.973985	-0.174920	-0.000000	0.000204	0.000000	0.000000	0.000000	-1.167005	0.000000	0.000000	0.000000	0.000000
1761685615.752778292	0.000000	-0.001130	0.004341	0.052076	-0.000000	-0.000000	-0.000000	0.006039	-0.010512	0.158662	-0.000000	-0.000000	0.027145	0.211661	-1.975129	-0.159210	-0.000000	0.000204	0.000000	0.000000	0.000000	-1.012474	0.000000	0.000000	0.000000	0.000000
1761685615.852740049	0.000000	-0.001128	0.004301	0.087274	0.000000	-0.000000	-0.000000	0.006060	-0.010428	0.163626	-0.000000	-0.000000	0.027145	0.212101	-1.976253	-0.143064	-0.000000	0.000204	0.000000	0.000000	0.000000	-0.830457	0.000000	0.000000	0.000000	0.000000
1761685615.952803373	0.000000	-0.001139	0.004348	0.113599	-0.000000	-0.000000	-0.000000	0.006171	-0.010554	0.171767	-0.000000	0.000000	0.027145	0.212567	-1.977374	-0.126251	-0.000000	0.000204	0.000000	0.000000	0.000000	-0.646209	0.000000	0.000000	0.000000	0.000000
1761685616.052977562	0.000000	-0.001161	0.004483	0.079823	-0.000000	-0.000000	-0.000000	0.006362	-0.010858	0.182688	-0.000000	0.000000	0.027145	0.213065	-1.978512	-0.108456	-0.000000	0.000204	0.000000	0.000000	0.000000	-0.511830	0.000000	0.000000	0.000000	0.000000
1761685616.152968645	0.000000	-0.001179	0.004573	0.037788	0.000000	-0.000000	-0.000000	0.006498	-0.010995	0.191233	-0.000000	0.000000	0.027145	0.213598	-1.979666	-0.089665	-0.000000	0.000204	0.000000	0.000000	0.000000	-0.380088	0.000000	0.000000	0.000000	0.000000
1761685616.253130436	0.000000	-0.001187	0.004538	-0.004855	0.000000	-0.000000	-0.000000	0.006535	-0.010857	0.195713	-0.000000	0.000000	0.027145	0.214160	-1.980807	-0.070251	-0.000000	0.000204	0.000000	0.000000	0.000000	-0.251717	0.000000	0.000000	0.000000	0.000000
1761685616.352758884	0.000000	-0.001183	0.004375	-0.026672	0.000000	-0.000000	-0.000000	0.006482	-0.010520	0.196019	-0.000000	-0.000000	0.027144	0.214646	-1.981729	-0.053903	-0.000000	0.000204	0.000000	0.000000	0.000000	-0.108148	0.000000	0.000000	0.000000	0.000000
1761685616.452816248	0.000000	-0.001172	0.004132	-0.007813	0.000000	0.000000	-0.000000	0.006366	-0.009976	0.194079	-0.000000	-0.000000	0.027144	0.215242	-1.982777	-0.034390	-0.000000	0.000204	0.000000	0.000000	0.000000	0.044750	0.000000	0.000000	0.000000	0.000000
1761685616.552790165	0.000000	-0.001165	0.003958	0.000663	0.000000	0.000000	-0.000000	0.006280	-0.009511	0.192983	0.000000	-0.000000	0.027144	0.215849	-1.983762	-0.015059	-0.000000	0.000204	0.000000	0.000000	0.000000	0.214672	0.000000	0.000000	0.000000	0.000000
1761685616.652808905	0.000000	-0.001162	0.003787	-0.016275	0.000000	0.000000	-0.000000	0.006229	-0.009129	0.192908	0.000000	-0.000000	0.027144	0.216468	-1.984693	0.004229	-0.000000	0.000204	0.000000	0.000000	0.000000	0.358459	0.000000	0.000000	0.000000	0.000000
1761685616.752780676	0.000000	-0.001157	0.003599	-0.042564	0.000000	0.000000	-0.000000	0.006151	-0.008681	0.191563	0.000000	-0.000000	0.027144	0.217098	-1.985572	0.023453	-0.000000	0.000204	0.000000	0.000000	0.000000	0.489838	0.000000	0.000000	0.000000	0.000000
1761685616.852812290	0.000000	-0.001145	0.003352	-0.040148	0.000000	0.000000	-0.000000	0.006015	-0.008090	0.187745	0.000000	-0.000000	0.027144	0.217732	-1.986386	0.042405	-0.000000	0.000204	0.000000	0.000000	0.000000	0.644865	0.000000	0.000000	0.000000	0.000000
1761685616.952993155	0.000000	-0.001130	0.003098	-0.033367	0.000000	0.000000	-0.000000	0.005878	-0.007506	0.183690	0.000000	-0.000000	0.027144	0.218364	-1.987129	0.060941	-0.000000	0.000204	0.000000	0.000000	0.000000	0.799439	0.000000	0.000000	0.000000	0.000000
1761685617.052792788	0.000000	-0.001118	0.002871	-0.024770	0.000000	0.000000	-0.000000	0.005762	-0.006986	0.180240	0.000000	-0.000000	0.027144	0.218993	-1.987806	0.079104	-0.000000	0.000204	0.000000	0.000000	0.000000	0.953855	0.000000	0.000000	0.000000	0.000000
1761685617.152847290	0.000000	-0.001109	0.002678	-0.023448	0.000000	0.000000	-0.000000	0.005672	-0.006543	0.177620	0.000000	-0.000000	0.027143	0.219620	-1.988425	0.096969	-0.000000	0.000204	0.000000	0.000000	0.000000	1.099443	0.000000	0.000000	0.000000	0.000000
1761685617.252874613	0.000000	-0.001101	0.002506	-0.026684	-0.000000	0.000000	-0.000000	0.005593	-0.006135	0.175253	0.000000	-0.000000	0.027143	0.220245	-1.988993	0.114592	-0.000000	0.000204	0.000000	0.000000	0.000000	1.238665	0.000000	0.000000	0.000000	0.000000
1761685617.352939606	0.000000	-0.001093	0.002337	-0.024318	-0.000000	0.000000	-0.000000	0.005511	-0.005728	0.172638	0.000000	-0.000000	0.027143	0.220867	-1.989510	0.131967	-0.000000	0.000204	0.000000	0.000000	0.000000	1.381242	0.000000	0.000000	0.000000	0.000000
1761685617.452874660	0.000000	-0.001086	0.002178	-0.025086	0.000000	0.000000	-0.000000	0.005435	-0.005346	0.170167	0.000000	-0.000000	0.027143	0.221484	-1.989978	0.149085	-0.000000	0.000204	0.000000	0.000000	0.000000	1.518083	0.000000	0.000000	0.000000	0.000000
1761685617.552741528	0.000000	-0.001078	0.002027	-0.059261	0.000000	0.000000	-0.000000	0.005374	-0.005040	0.168089	0.000000	-0.000000	0.027143	0.221995	-1.990333	0.163163	-0.000000	0.000204	0.000000	0.000000	0.000000	1.616560	0.000000	0.000000	0.000000	0.000000
1761685617.652730703	0.000000	-0.001061	0.001822	-0.090450	-0.000000	0.000000	-0.000000	0.005243	-0.004537	0.163302	0.000000	-0.000000	0.027143	0.222598	-1.990713	0.179730	-0.000000	0.000204	0.000000	0.000000	0.000000	1.709978	0.000000	0.000000	0.000000	0.000000
1761685617.752733707	0.000000	-0.001030	0.001540	-0.102774	-0.000000	0.000000	-0.000000	0.005027	-0.003842	0.155297	0.000000	-0.000000	0.027143	0.223178	-1.991025	0.195628	-0.000000	0.000204	0.000000	0.000000	0.000000	1.810951	0.000000	0.000000	0.000000	0.000000
1761685617.852834225	0.000000	-0.000988	0.001223	-0.109369	-0.000000	0.000000	-0.000000	0.004762	-0.003051	0.145430	0.000000	-0.000000	0.027143	0.223723	-1.991258	0.210596	-0.000000	0.000204	0.000000	0.000000	0.000000	1.906361	0.000000	0.000000	0.000000	0.000000
1761685617.952715635	0.000000	-0.000940	0.000901	-0.114970	-0.000000	0.000000	-0.000000	0.004474	-0.002234	0.134713	0.000000	-0.000000	0.027142	0.224227	-1.991410	0.224521	-0.000000	0.000204	0.000000	0.000000	0.000000	1.992531	0.000000	0.000000	0.000000	0.000000
1761685618.052730083	0.000000	-0.000886	0.000582	-0.119817	0.000000	0.000000	-0.000000	0.004168	-0.001409	0.123403	0.000000	-0.000000	0.027142	0.224685	-1.991483	0.237339	-0.000000	0.000204	0.000000	0.000000	0.000000	2.069366	0.000000	0.000000	0.000000	0.000000
1761685618.152965307	0.000000	-0.000827	0.000268	-0.122053	-0.000000	0.000000	-0.000000	0.003848	-0.000583	0.111583	0.000000	-0.000000	0.027142	0.225093	-1.991477	0.248995	0.000000	0.000204	0.000000	0.000000	0.000000	2.138738	0.000000	0.000000	0.000000	0.000000
1761685618.252767801	0.000000	-0.000764	-0.000036	-0.116296	-0.000000	0.000000	-0.000000	0.003517	0.000234	0.099452	0.000000	-0.000000	0.027142	0.225449	-1.991395	0.259448	0.000000	0.000204	0.000000	0.000000	0.000000	2.206645	0.000000	0.000000	0.000000	0.000000
1761685618.352714300	0.000000	-0.000699	-0.000324	-0.103433	0.000000	0.000000	-0.000000	0.003192	0.001001	0.087631	0.000000	-0.000000	0.027142	0.225751	-1.991242	0.268697	0.000000	0.000204	0.000000	0.000000	0.000000	2.273399	0.000000	0.000000	0.000000	0.000000
1761685618.453097582	0.000000	-0.000649	-0.000532	-0.087657	0.000000	0.000000	-0.000000	0.002900	0.001652	0.077073	0.000000	-0.000000	0.027142	0.226004	-1.991027	0.276836	-0.000000	0.000204	0.000000	0.000000	0.000000	2.329720	0.000000	0.000000	0.000000	0.000000
1761685618.553010464	0.000000	-0.000595	-0.000743	-0.084531	-0.000000	0.000000	-0.000000	0.002646	0.002183	0.068044	0.000000	-0.000000	0.027142	0.226213	-1.990762	0.284005	0.000000	0.000204	0.000000	0.000000	0.000000	2.375568	0.000000	0.000000	0.000000	0.000000
1761685618.652744055	0.000000	-0.000543	-0.000930	-0.086119	-0.000000	0.000000	-0.000000	0.002445	0.002582	0.060948	0.000000	-0.000000	0.027142	0.226357	-1.990508	0.289319	0.000000	0.000204	0.000000	0.000000	0.000000	2.410807	0.000000	0.000000	0.000000	0.000000
1761685618.752742290	0.000000	-0.000490	-0.001112	-0.091533	-0.000000	0.000000	-0.000000	0.002202	0.003046	0.052389	-0.000000	-0.000000	0.027142	0.226496	-1.990169	0.294916	0.000000	0.000204	0.000000	0.000000	0.000000	2.435266	0.000000	0.000000	0.000000	0.000000
1761685618.852739334	0.000000	-0.000433	-0.001298	-0.100069	0.000000	0.000000	-0.000000	0.001947	0.003521	0.043416	-0.000000	-0.000000	0.027142	0.226594	-1.989791	0.299638	0.000000	0.000204	0.000000	0.000000	0.000000	2.448838	0.000000	0.000000	0.000000	0.000000
1761685618.952785969	0.000000	-0.000371	-0.001498	-0.110902	0.000000	0.000000	-0.000000	0.001671	0.004026	0.033694	-0.000000	-0.000000	0.027142	0.226652	-1.989374	0.303422	0.000000	0.000204	0.000000	0.000000	0.000000	2.451444	0.000000	0.000000	0.000000	0.000000
1761685619.052792072	0.000000	-0.000302	-0.001717	-0.123104	0.000000	0.000000	-0.000000	0.001369	0.004578	0.022965	-0.000000	-0.000000	0.027142	0.226664	-1.988915	0.306177	-0.000000	0.000204	0.000000	0.000000	0.000000	2.443061	0.000000	0.000000	0.000000	0.000000
1761685619.153286934	0.000000	-0.000225	-0.001961	-0.135621	-0.000000	0.000000	-0.000000	0.001035	0.005186	0.011061	0.000000	-0.000000	0.027142	0.226627	-1.988410	0.307793	0.000000	0.000204	0.000000	0.000000	0.000000	2.423828	0.000000	0.000000	0.000000	0.000000
1761685619.252774715	0.000000	-0.000138	-0.002230	-0.147635	-0.000000	0.000000	-0.000000	0.000669	0.005852	-0.002084	0.000000	-0.000000	0.027142	0.226537	-1.987854	0.308146	0.000000	0.000204	0.000000	0.000000	0.000000	2.393719	0.000000	0.000000	0.000000	0.000000
1761685619.352707148	0.000000	-0.000043	-0.002524	-0.157288	-0.000000	0.000000	-0.000000	0.000272	0.006572	-0.016447	0.000000	-0.000000	0.027142	0.226390	-1.987244	0.307113	0.000000	0.000204	0.000000	0.000000	0.000000	2.352902	0.000000	0.000000	0.000000	0.000000
1761685619.452846050	0.000000	0.000044	-0.002785	-0.170836	0.000000	0.000000	-0.000000	-0.000153	0.007338	-0.032015	-0.000000	-0.000000	0.027142	0.226181	-1.986574	0.304567	0.000000	0.000204	0.000000	0.000000	0.000000	2.301444	0.000000	0.000000	0.000000	0.000000
1761685619.552744150	0.000000	0.000159	-0.003123	-0.173443	-0.000000	0.000000	-0.000000	-0.000533	0.008023	-0.046026	-0.000000	-0.000000	0.027142	0.225958	-1.985967	0.301206	0.000000	0.000204	0.000000	0.000000	0.000000	2.239723	0.000000	0.000000	0.000000	0.000000
1761685619.652865410	0.000000	0.000282	-0.003467	-0.169377	-0.000000	0.000000	-0.000000	-0.000997	0.008847	-0.063283	-0.000000	-0.000000	0.027142	0.225632	-1.985178	0.295600	0.000000	0.000204	0.000000	0.000000	0.000000	2.169100	0.000000	0.000000	0.000000	0.000000
1761685619.752726316	0.000000	0.000407	-0.003795	-0.146930	-0.000000	0.000000	-0.000000	-0.001451	0.009626	-0.080356	-0.000000	-0.000000	0.027142	0.225243	-1.984323	0.288271	0.000000	0.000204	0.000000	0.000000	0.000000	2.103406	0.000000	0.000000	0.000000	0.000000
1761685619.852759838	0.000000	0.000521	-0.004067	-0.120889	0.000000	0.000000	-0.000000	-0.001853	0.010267	-0.095797	-0.000000	-0.000000	0.027142	0.224800	-1.983408	0.279310	0.000000	0.000204	0.000000	0.000000	0.000000	2.030124	0.000000	0.000000	0.000000	0.000000
1761685619.952797651	0.000000	0.000616	-0.004258	-0.094603	-0.000000	0.000000	-0.000000	-0.002180	0.010718	-0.108754	-0.000000	-0.000000	0.027142	0.224317	-1.982448	0.268945	0.000000	0.000204	0.000000	0.000000	0.000000	1.949395	0.000000	0.000000	0.000000	0.000000
1761685620.053068399	0.000000	0.000689	-0.004366	-0.074141	-0.000000	0.000000	-0.000000	-0.002427	0.010979	-0.119091	-0.000000	-0.000000	0.027143	0.223809	-1.981457	0.257438	0.000000	0.000204	0.000000	0.000000	0.000000	1.857376	0.000000	0.000000	0.000000	0.000000
1761685620.152971268	0.000000	0.000741	-0.004406	-0.056936	0.000000	0.000000	-0.000000	-0.002606	0.011081	-0.127187	-0.000000	-0.000000	0.027143	0.223288	-1.980450	0.245034	0.000000	0.000204	0.000000	0.000000	0.000000	1.758350	0.000000	0.000000	0.000000	0.000000
1761685620.252766609	0.000000	0.000777	-0.004392	-0.035231	0.000000	0.000000	-0.000000	-0.002728	0.011059	-0.133454	-0.000000	-0.000000	0.027143	0.222766	-1.979436	0.231930	0.000000	0.000204	0.000000	0.000000	0.000000	1.661629	0.000000	0.000000	0.000000	0.000000
1761685620.352769136	0.000000	0.000793	-0.004321	-0.012308	0.000000	0.000000	-0.000000	-0.002788	0.010907	-0.137701	-0.000000	-0.000000	0.027143	0.222251	-1.978427	0.218313	0.000000	0.000204	0.000000	0.000000	0.000000	1.565706	0.000000	0.000000	0.000000	0.000000
1761685620.452781200	0.000000	0.000791	-0.004216	-0.030181	-0.000000	0.000000	-0.000000	-0.002781	0.010614	-0.139696	-0.000000	-0.000000	0.027143	0.221753	-1.977435	0.204401	0.000000	0.000204	0.000000	0.000000	0.000000	1.447264	0.000000	0.000000	0.000000	0.000000
1761685620.552918673	0.000000	0.000790	-0.004103	-0.047703	-0.000000	0.000000	-0.000000	-0.002788	0.010381	-0.142416	-0.000000	-0.000000	0.027143	0.221353	-1.976624	0.192659	0.000000	0.000204	0.000000	0.000000	0.000000	1.307065	0.000000	0.000000	0.000000	0.000000
1761685620.652805805	0.000000	0.000802	-0.004044	-0.059177	-0.000000	0.000000	-0.000000	-0.002827	0.010289	-0.146099	-0.000000	-0.000000	0.027143	0.220887	-1.975660	0.178243	0.000000	0.000204	0.000000	0.000000	0.000000	1.166460	0.000000	0.000000	0.000000	0.000000
1761685620.752731562	0.000000	0.000824	-0.004027	-0.064997	0.000000	0.000000	-0.000000	-0.002896	0.010258	-0.151634	-0.000000	-0.000000	0.027143	0.220431	-1.974698	0.163323	0.000000	0.000204	0.000000	0.000000	0.000000	1.024500	0.000000	0.000000	0.000000	0.000000
1761685620.852730989	0.000000	0.000852	-0.004034	-0.072511	-0.000000	0.000000	-0.000000	-0.002978	0.010282	-0.157940	-0.000000	-0.000000	0.027143	0.219981	-1.973729	0.147798	0.000000	0.000204	0.000000	0.000000	0.000000	0.873573	0.000000	0.000000	0.000000	0.000000
1761685620.953098774	0.000000	0.000883	-0.004060	-0.077388	0.000000	0.000000	-0.000000	-0.003069	0.010354	-0.164941	-0.000000	-0.000000	0.027143	0.219537	-1.972750	0.131604	0.000000	0.000204	0.000000	0.000000	0.000000	0.717910	0.000000	0.000000	0.000000	0.000000
1761685621.052854538	0.000000	0.000917	-0.004103	-0.073158	0.000000	0.000000	-0.000000	-0.003166	0.010464	-0.172517	-0.000000	-0.000000	0.027144	0.219099	-1.971755	0.114674	0.000000	0.000204	0.000000	0.000000	0.000000	0.564132	0.000000	0.000000	0.000000	0.000000
1761685621.152779818	0.000000	0.000948	-0.004143	-0.053327	0.000000	0.000000	-0.000000	-0.003248	0.010566	-0.179974	-0.000000	-0.000000	0.027144	0.218668	-1.970742	0.096982	0.000000	0.000204	0.000000	0.000000	0.000000	0.420558	0.000000	0.000000	0.000000	0.000000
1761685621.252818584	0.000000	0.000964	-0.004142	-0.018781	0.000000	0.000000	-0.000000	-0.003282	0.010571	-0.185967	-0.000000	-0.000000	0.027144	0.218249	-1.969717	0.078613	0.000000	0.000204	0.000000	0.000000	0.000000	0.290021	0.000000	0.000000	0.000000	0.000000
1761685621.352737665	0.000000	0.000951	-0.004060	-0.018049	0.000000	0.000000	-0.000000	-0.003228	0.010386	-0.188997	-0.000000	-0.000000	0.027144	0.217851	-1.968694	0.059801	0.000000	0.000204	0.000000	0.000000	0.000000	0.125717	0.000000	0.000000	0.000000	0.000000
1761685621.452854633	0.000000	0.000927	-0.003950	-0.017816	0.000000	0.000000	-0.000000	-0.003135	0.010131	-0.190826	-0.000000	-0.000000	0.027144	0.217482	-1.967688	0.040794	0.000000	0.000204	0.000000	0.000000	0.000000	-0.038222	0.000000	0.000000	0.000000	0.000000
1761685621.552925825	0.000000	0.000906	-0.003863	-0.025542	0.000000	0.000000	-0.000000	-0.003037	0.009888	-0.192612	-0.000000	-0.000000	0.027144	0.217143	-1.966699	0.021607	0.000000	0.000204	0.000000	0.000000	0.000000	-0.184567	0.000000	0.000000	0.000000	0.000000
1761685621.652744055	0.000000	0.000884	-0.003777	0.005987	0.000000	0.000000	-0.000000	-0.002964	0.009728	-0.194612	-0.000000	-0.000000	0.027144	0.216882	-1.965887	0.005461	0.000000	0.000204	0.000000	0.000000	0.000000	-0.318977	0.000000	0.000000	0.000000	0.000000
1761685621.752877712	0.000000	0.000845	-0.003648	0.040574	-0.000000	0.000000	-0.000000	-0.002822	0.009421	-0.195064	-0.000000	0.000000	0.027144	0.216596	-1.964929	-0.014062	0.000000	0.000204	0.000000	0.000000	0.000000	-0.447237	0.000000	0.000000	0.000000	0.000000
1761685621.852959871	0.000000	0.000772	-0.003420	0.058707	-0.000000	-0.000000	-0.000000	-0.002576	0.008874	-0.191583	-0.000000	0.000000	0.027144	0.216349	-1.964012	-0.033389	0.000000	0.000204	0.000000	0.000000	0.000000	-0.582466	0.000000	0.000000	0.000000	0.000000
1761685621.952798605	0.000000	0.000685	-0.003149	0.047874	0.000000	-0.000000	-0.000000	-0.002279	0.008214	-0.186014	-0.000000	0.000000	0.027144	0.216144	-1.963153	-0.052235	0.000000	0.000204	0.000000	0.000000	0.000000	-0.740071	0.000000	0.000000	0.000000	0.000000
1761685622.052983046	0.000000	0.000605	-0.002908	0.004904	-0.000000	-0.000000	-0.000000	-0.002003	0.007621	-0.181046	-0.000000	0.000000	0.027144	0.215981	-1.962356	-0.070539	0.000000	0.000204	0.000000	0.000000	0.000000	-0.929129	0.000000	0.000000	0.000000	0.000000
1761685622.152930975	0.000000	0.000553	-0.002758	-0.012116	-0.000000	-0.000000	-0.000000	-0.001809	0.007248	-0.179124	-0.000000	0.000000	0.027144	0.215851	-1.961607	-0.088484	0.000000	0.000204	0.000000	0.000000	0.000000	-1.093913	0.000000	0.000000	0.000000	0.000000
1761685622.252742290	0.000000	0.000525	-0.002692	-0.011465	-0.000000	0.000000	-0.000000	-0.001694	0.007084	-0.180052	-0.000000	-0.000000	0.027144	0.215747	-1.960879	-0.106439	0.000000	0.000204	0.000000	0.000000	0.000000	-1.245904	0.000000	0.000000	0.000000	0.000000
1761685622.352726936	0.000000	0.000499	-0.002637	0.039917	-0.000000	0.000000	-0.000000	-0.001584	0.006944	-0.181209	-0.000000	-0.000000	0.027144	0.215665	-1.960166	-0.124512	0.000000	0.000204	0.000000	0.000000	0.000000	-1.344380	0.000000	0.000000	0.000000	0.000000
1761685622.452719212	0.000000	0.000438	-0.002475	0.088101	-0.000000	-0.000000	-0.000000	-0.001360	0.006534	-0.178074	-0.000000	0.000000	0.027144	0.215609	-1.959480	-0.142486	0.000000	0.000204	0.000000	0.000000	0.000000	-1.435453	0.000000	0.000000	0.000000	0.000000
1761685622.553119898	0.000000	0.000365	-0.002264	0.101571	-0.000000	-0.000000	-0.000000	-0.001034	0.005872	-0.170870	-0.000000	0.000000	0.027144	0.215584	-1.958851	-0.159926	0.000000	0.000204	0.000000	0.000000	0.000000	-1.529705	0.000000	0.000000	0.000000	0.000000
1761685622.652853727	0.000000	0.000259	-0.001950	0.127494	0.000000	-0.000000	-0.000000	-0.000647	0.005055	-0.160937	-0.000000	0.000000	0.027144	0.215594	-1.958306	-0.176443	0.000000	0.000204	0.000000	0.000000	0.000000	-1.619021	0.000000	0.000000	0.000000	0.000000
1761685622.752830744	0.000000	0.000143	-0.001595	0.098965	-0.000000	-0.000000	-0.000000	-0.000212	0.004110	-0.148620	-0.000000	0.000000	0.027144	0.215636	-1.957855	-0.191836	0.000000	0.000204	0.000000	0.000000	0.000000	-1.753456	0.000000	0.000000	0.000000	0.000000
1761685622.853074551	0.000000	0.000042	-0.001284	0.068111	0.000000	-0.000000	-0.000000	0.000157	0.003324	-0.138248	-0.000000	0.000000	0.027144	0.215708	-1.957499	-0.206074	0.000000	0.000204	0.000000	0.000000	0.000000	-1.882963	0.000000	0.000000	0.000000	0.000000
1761685622.952773809	0.000000	-0.000032	-0.001060	0.060911	-0.000000	-0.000000	-0.000000	0.000431	0.002765	-0.130923	-0.000000	0.000000	0.027144	0.215802	-1.957215	-0.219450	0.000000	0.000204	0.000000	0.000000	0.000000	-1.985745	0.000000	0.000000	0.000000	0.000000
1761685623.052790165	0.000000	-0.000092	-0.000884	0.074365	-0.000000	-0.000000	-0.000000	0.000666	0.002301	-0.124711	-0.000000	0.000000	0.027144	0.215913	-1.956985	-0.232175	0.000000	0.000204	0.000000	0.000000	0.000000	-2.063727	0.000000	0.000000	0.000000	0.000000
1761685623.152786016	0.000000	-0.000154	-0.000700	0.088617	-0.000000	-0.000000	-0.000000	0.000917	0.001789	-0.117499	-0.000000	0.000000	0.027144	0.216038	-1.956809	-0.244234	0.000000	0.000204	0.000000	0.000000	0.000000	-2.134082	0.000000	0.000000	0.000000	0.000000
1761685623.252951145	0.000000	-0.000223	-0.000490	0.106252	0.000000	-0.000000	-0.000000	0.001194	0.001200	-0.108875	-0.000000	0.000000	0.027144	0.216178	-1.956696	-0.255491	0.000000	0.000204	0.000000	0.000000	0.000000	-2.191583	0.000000	0.000000	0.000000	0.000000
1761685623.352822781	0.000000	-0.000298	-0.000249	0.126309	-0.000000	-0.000000	-0.000000	0.001503	0.000518	-0.098544	-0.000000	0.000000	0.027144	0.216331	-1.956653	-0.265788	0.000000	0.000204	0.000000	0.000000	0.000000	-2.235739	0.000000	0.000000	0.000000	0.000000
1761685623.452748060	0.000000	-0.000381	0.000028	0.141078	-0.000000	-0.000000	-0.000000	0.001849	-0.000272	-0.086247	-0.000000	0.000000	0.027144	0.216496	-1.956693	-0.274939	0.000000	0.000204	0.000000	0.000000	0.000000	-2.273140	0.000000	0.000000	0.000000	0.000000
1761685623.552759886	0.000000	-0.000469	0.000338	0.150154	0.000000	-0.000000	-0.000000	0.002158	-0.000996	-0.074737	-0.000000	0.000000	0.027144	0.216642	-1.956795	-0.281559	0.000000	0.000204	0.000000	0.000000	0.000000	-2.303570	0.000000	0.000000	0.000000	0.000000
1761685623.653132439	0.000000	-0.000543	0.000619	0.150107	-0.000000	-0.000000	-0.000000	0.002539	-0.001906	-0.059873	-0.000000	0.000000	0.027144	0.216827	-1.957009	-0.288172	0.000000	0.000204	0.000000	0.000000	0.000000	-2.326942	0.000000	0.000000	0.000000	0.000000
1761685623.752993584	0.000000	-0.000627	0.000960	0.151077	0.000000	-0.000000	-0.000000	0.002906	-0.002804	-0.044861	-0.000000	0.000000	0.027144	0.217021	-1.957321	-0.293284	0.000000	0.000204	0.000000	0.000000	0.000000	-2.343222	0.000000	0.000000	0.000000	0.000000
1761685623.853235245	0.000000	-0.000705	0.001300	0.148364	-0.000000	-0.000000	-0.000000	0.003259	-0.003680	-0.029770	-0.000000	0.000000	0.027144	0.217222	-1.957729	-0.296890	-0.000000	0.000204	0.000000	0.000000	0.000000	-2.352131	0.000000	0.000000	0.000000	0.000000
1761685623.952802181	0.000000	-0.000775	0.001634	0.142159	0.000000	-0.000000	-0.000000	0.003589	-0.004514	-0.014888	-0.000000	0.000000	0.027144	0.217430	-1.958229	-0.298997	-0.000000	0.000204	0.000000	0.000000	0.000000	-2.353856	0.000000	0.000000	0.000000	0.000000
1761685624.052784443	0.000000	-0.000836	0.001950	0.133295	-0.000000	-0.000000	-0.000000	0.003890	-0.005284	-0.000569	-0.000000	0.000000	0.027144	0.217643	-1.958814	-0.299646	0.000000	0.000204	0.000000	0.000000	0.000000	-2.348322	0.000000	0.000000	0.000000	0.000000
1761685624.152776241	0.000000	-0.000888	0.002239	0.122140	-0.000000	-0.000000	-0.000000	0.004155	-0.005973	0.012909	-0.000000	0.000000	0.027144	0.217862	-1.959478	-0.298911	0.000000	0.000204	0.000000	0.000000	0.000000	-2.335551	0.000000	0.000000	0.000000	0.000000
1761685624.252886295	0.000000	-0.000930	0.002495	0.108756	0.000000	-0.000000	-0.000000	0.004381	-0.006567	0.025308	-0.000000	0.000000	0.027144	0.218086	-1.960208	-0.296889	0.000000	0.000204	0.000000	0.000000	0.000000	-2.315593	0.000000	0.000000	0.000000	0.000000
1761685624.352789164	0.000000	-0.000962	0.002711	0.094383	-0.000000	-0.000000	-0.000000	0.004563	-0.007055	0.036407	-0.000000	0.000000	0.027144	0.218317	-1.960995	-0.293701	-0.000000	0.000204	0.000000	0.000000	0.000000	-2.288536	0.000000	0.000000	0.000000	0.000000
1761685624.452892542	0.000000	-0.000984	0.002881	0.080321	-0.000000	-0.000000	-0.000000	0.004701	-0.007431	0.046085	-0.000000	0.000000	0.027144	0.218552	-1.961826	-0.289486	-0.000000	0.000204	0.000000	0.000000	0.000000	-2.254469	0.000000	0.000000	0.000000	0.000000
1761685624.552859068	0.000000	-0.000998	0.003007	0.067693	0.000000	-0.000000	-0.000000	0.004798	-0.007700	0.054351	-0.000000	0.000000	0.027144	0.218794	-1.962689	-0.284385	-0.000000	0.000204	0.000000	0.000000	0.000000	-2.213497	0.000000	0.000000	0.000000	0.000000
1761685624.652949810	0.000000	-0.001004	0.003092	0.058148	0.000000	-0.000000	-0.000000	0.004849	-0.007847	0.060203	-0.000000	0.000000	0.027144	0.219000	-1.963425	-0.279557	-0.000000	0.000204	0.000000	0.000000	0.000000	-2.164884	0.000000	0.000000	0.000000	0.000000
1761685624.752752542	0.000000	-0.001006	0.003143	0.061831	0.000000	-0.000000	-0.000000	0.004886	-0.007960	0.066336	-0.000000	0.000000	0.027144	0.219253	-1.964320	-0.273168	-0.000000	0.000204	0.000000	0.000000	0.000000	-2.098281	0.000000	0.000000	0.000000	0.000000
1761685624.852852821	0.000000	-0.001006	0.003184	0.078804	0.000000	-0.000000	-0.000000	0.004922	-0.008065	0.072458	-0.000000	0.000000	0.027143	0.219513	-1.965224	-0.266180	-0.000000	0.000204	0.000000	0.000000	0.000000	-2.023907	0.000000	0.000000	0.000000	0.000000
1761685624.952800989	0.000000	-0.001013	0.003266	0.086008	0.000000	-0.000000	-0.000000	0.004996	-0.008264	0.080055	-0.000000	0.000000	0.027143	0.219780	-1.966142	-0.258503	-0.000000	0.000204	0.000000	0.000000	0.000000	-1.941419	0.000000	0.000000	0.000000	0.000000
1761685625.052766562	0.000000	-0.001023	0.003375	0.124339	0.000000	-0.000000	-0.000000	0.005093	-0.008513	0.088536	-0.000000	0.000000	0.027143	0.220058	-1.967082	-0.250007	-0.000000	0.000204	0.000000	0.000000	0.000000	-1.816489	0.000000	0.000000	0.000000	0.000000
1761685625.152797461	0.000000	-0.001044	0.003563	0.159019	0.000000	-0.000000	-0.000000	0.005276	-0.008969	0.100331	-0.000000	0.000000	0.027143	0.220349	-1.968058	-0.240492	-0.000000	0.000204	0.000000	0.000000	0.000000	-1.681838	0.000000	0.000000	0.000000	0.000000
1761685625.252812386	0.000000	-0.001078	0.003851	0.152447	0.000000	-0.000000	-0.000000	0.005549	-0.009639	0.115655	-0.000000	0.000000	0.027143	0.220660	-1.969093	-0.229589	-0.000000	0.000204	0.000000	0.000000	0.000000	-1.573038	0.000000	0.000000	0.000000	0.000000
1761685625.352797508	0.000000	-0.001113	0.004154	0.115973	-0.000000	-0.000000	-0.000000	0.005821	-0.010287	0.131009	-0.000000	0.000000	0.027143	0.220995	-1.970197	-0.217124	-0.000000	0.000204	0.000000	0.000000	0.000000	-1.481057	0.000000	0.000000	0.000000	0.000000
1761685625.452761650	0.000000	-0.001136	0.004370	0.073247	-0.000000	-0.000000	-0.000000	0.006011	-0.010701	0.143214	-0.000000	0.000000	0.027143	0.221355	-1.971352	-0.203286	-0.000000	0.000204	0.000000	0.000000	0.000000	-1.388353	0.000000	0.000000	0.000000	0.000000
1761685625.552883625	0.000000	-0.001145	0.004454	0.030032	0.000000	-0.000000	-0.000000	0.006094	-0.010822	0.151251	-0.000000	0.000000	0.027143	0.221740	-1.972528	-0.188466	-0.000000	0.000204	0.000000	0.000000	0.000000	-1.295161	0.000000	0.000000	0.000000	0.000000
1761685625.652752638	0.000000	-0.001140	0.004404	0.022400	0.000000	-0.000000	-0.000000	0.006075	-0.010687	0.154474	-0.000000	0.000000	0.027143	0.222077	-1.973502	-0.175676	-0.000000	0.000204	0.000000	0.000000	0.000000	-1.167017	0.000000	0.000000	0.000000	0.000000
1761685625.752898932	0.000000	-0.001129	0.004294	0.040354	0.000000	-0.000000	-0.000000	0.006024	-0.010437	0.156968	-0.000000	0.000000	0.027143	0.222497	-1.974643	-0.160075	-0.000000	0.000204	0.000000	0.000000	0.000000	-1.012632	0.000000	0.000000	0.000000	0.000000
1761685625.852726221	0.000000	-0.001123	0.004217	0.079439	0.000000	-0.000000	-0.000000	0.006004	-0.010256	0.160405	-0.000000	0.000000	0.027143	0.222935	-1.975753	-0.144197	-0.000000	0.000204	0.000000	0.000000	0.000000	-0.830746	0.000000	0.000000	0.000000	0.000000
1761685625.952740431	0.000000	-0.001133	0.004260	0.108371	0.000000	-0.000000	-0.000000	0.006093	-0.010335	0.167698	-0.000000	0.000000	0.027143	0.223394	-1.976854	-0.127759	-0.000000	0.000204	0.000000	0.000000	0.000000	-0.646300	0.000000	0.000000	0.000000	0.000000
1761685626.052739620	0.000000	-0.001155	0.004394	0.077315	0.000000	-0.000000	-0.000000	0.006268	-0.010610	0.178053	-0.000000	0.000000	0.027143	0.223884	-1.977968	-0.110405	-0.000000	0.000204	0.000000	0.000000	0.000000	-0.511540	0.000000	0.000000	0.000000	0.000000
1761685626.152857542	0.000000	-0.001170	0.004460	0.039553	0.000000	-0.000000	-0.000000	0.006394	-0.010736	0.186302	0.000000	0.000000	0.027142	0.224407	-1.979096	-0.092097	-0.000000	0.000204	0.000000	0.000000	0.000000	-0.380092	0.000000	0.000000	0.000000	0.000000
1761685626.252910376	0.000000	-0.001176	0.004412	0.002002	0.000000	-0.000000	-0.000000	0.006432	-0.010616	0.190887	0.000000	0.000000	0.027142	0.224959	-1.980214	-0.073173	-0.000000	0.000204	0.000000	0.000000	0.000000	-0.251158	0.000000	0.000000	0.000000	0.000000
1761685626.352731466	0.000000	-0.001172	0.004252	-0.016472	0.000000	-0.000000	-0.000000	0.006380	-0.010254	0.191713	0.000000	0.000000	0.027142	0.225532	-1.981294	-0.054010	-0.000000	0.000204	0.000000	0.000000	0.000000	-0.108012	0.000000	0.000000	0.000000	0.000000
1761685626.452923059	0.000000	-0.001161	0.004033	-0.020708	0.000000	0.000000	-0.000000	0.006280	-0.009763	0.190373	0.000000	-0.000000	0.027142	0.226119	-1.982319	-0.034904	-0.000000	0.000204	0.000000	0.000000	0.000000	0.045199	0.000000	0.000000	0.000000	0.000000
1761685626.552724600	0.000000	-0.001150	0.003806	-0.007216	0.000000	0.000000	-0.000000	0.006169	-0.009249	0.188373	0.000000	-0.000000	0.027142	0.226716	-1.983280	-0.015981	-0.000000	0.000204	0.000000	0.000000	0.000000	0.214600	0.000000	0.000000	0.000000	0.000000
1761685626.652955294	0.000000	-0.001144	0.003651	0.005603	0.000000	0.000000	-0.000000	0.006094	-0.008825	0.187427	0.000000	-0.000000	0.027142	0.227321	-1.984183	0.002792	-0.000000	0.000204	0.000000	0.000000	0.000000	0.358424	0.000000	0.000000	0.000000	0.000000
1761685626.752751589	0.000000	-0.001143	0.003505	-0.019370	0.000000	0.000000	-0.000000	0.006063	-0.008552	0.187680	0.000000	-0.000000	0.027142	0.227834	-1.984899	0.018416	-0.000000	0.000204	0.000000	0.000000	0.000000	0.489784	0.000000	0.000000	0.000000	0.000000
1761685626.852721453	0.000000	-0.001138	0.003330	-0.018781	0.000000	0.000000	-0.000000	0.005996	-0.008145	0.186575	0.000000	-0.000000	0.027142	0.228460	-1.985715	0.037148	-0.000000	0.000204	0.000000	0.000000	0.000000	0.645699	0.000000	0.000000	0.000000	0.000000
1761685626.952789068	0.000000	-0.001131	0.003141	-0.017027	0.000000	0.000000	-0.000000	0.005914	-0.007706	0.184687	0.000000	-0.000000	0.027141	0.229090	-1.986475	0.055695	-0.000000	0.000204	0.000000	0.000000	0.000000	0.799432	0.000000	0.000000	0.000000	0.000000
1761685627.052766323	0.000000	-0.001125	0.002964	-0.013340	-0.000000	0.000000	-0.000000	0.005841	-0.007289	0.182926	0.000000	-0.000000	0.027141	0.229723	-1.987181	0.074059	-0.000000	0.000204	0.000000	0.000000	0.000000	0.953854	0.000000	0.000000	0.000000	0.000000
1761685627.152803898	0.000000	-0.001121	0.002805	-0.017086	0.000000	0.000000	-0.000000	0.005780	-0.006910	0.181469	0.000000	-0.000000	0.027141	0.230360	-1.987837	0.092262	-0.000000	0.000204	0.000000	0.000000	0.000000	1.099399	0.000000	0.000000	0.000000	0.000000
1761685627.252743483	0.000000	-0.001117	0.002649	-0.025057	-0.000000	0.000000	-0.000000	0.005720	-0.006539	0.179886	0.000000	-0.000000	0.027141	0.230998	-1.988445	0.110321	-0.000000	0.000204	0.000000	0.000000	0.000000	1.238638	0.000000	0.000000	0.000000	0.000000
1761685627.352828026	0.000000	-0.001111	0.002483	-0.026746	0.000000	0.000000	-0.000000	0.005648	-0.006140	0.177646	0.000000	-0.000000	0.027141	0.231636	-1.989003	0.128188	-0.000000	0.000204	0.000000	0.000000	0.000000	1.381283	0.000000	0.000000	0.000000	0.000000
1761685627.452823639	0.000000	-0.001104	0.002314	-0.030783	0.000000	0.000000	-0.000000	0.005569	-0.005732	0.175027	0.000000	-0.000000	0.027141	0.232271	-1.989512	0.145801	-0.000000	0.000204	0.000000	0.000000	0.000000	1.518118	0.000000	0.000000	0.000000	0.000000
1761685627.552765131	0.000000	-0.001095	0.002145	-0.067305	-0.000000	0.000000	-0.000000	0.005484	-0.005320	0.172084	0.000000	-0.000000	0.027141	0.232900	-1.989969	0.163137	-0.000000	0.000204	0.000000	0.000000	0.000000	1.616511	0.000000	0.000000	0.000000	0.000000
1761685627.652860641	0.000000	-0.001077	0.001941	-0.079141	-0.000000	0.000000	-0.000000	0.005317	-0.004721	0.165962	0.000000	-0.000000	0.027141	0.233516	-1.990369	0.180013	-0.000000	0.000204	0.000000	0.000000	0.000000	1.709884	0.000000	0.000000	0.000000	0.000000
1761685627.752921104	0.000000	-0.001049	0.001666	-0.095240	-0.000000	0.000000	-0.000000	0.005110	-0.004036	0.158245	0.000000	-0.000000	0.027140	0.234106	-1.990696	0.196168	-0.000000	0.000204	0.000000	0.000000	0.000000	1.810955	0.000000	0.000000	0.000000	0.000000
1761685627.852731466	0.000000	-0.001012	0.001366	-0.107101	0.000000	0.000000	-0.000000	0.004904	-0.003406	0.150577	0.000000	-0.000000	0.027140	0.234574	-1.990912	0.208980	-0.000000	0.000204	0.000000	0.000000	0.000000	1.906408	0.000000	0.000000	0.000000	0.000000
1761685627.952736616	0.000000	-0.000967	0.001047	-0.117492	0.000000	0.000000	-0.000000	0.004628	-0.002603	0.140262	0.000000	-0.000000	0.027140	0.235100	-1.991097	0.223449	-0.000000	0.000204	0.000000	0.000000	0.000000	1.992530	0.000000	0.000000	0.000000	0.000000
1761685628.052783251	0.000000	-0.000914	0.000717	-0.126148	-0.000000	0.000000	-0.000000	0.004321	-0.001758	0.128859	0.000000	-0.000000	0.027140	0.235581	-1.991202	0.236822	0.000000	0.000204	0.000000	0.000000	0.000000	2.069374	0.000000	0.000000	0.000000	0.000000
1761685628.152814150	0.000000	-0.000854	0.000382	-0.130825	-0.000000	0.000000	-0.000000	0.003985	-0.000881	0.116388	0.000000	-0.000000	0.027140	0.236011	-1.991224	0.248986	0.000000	0.000204	0.000000	0.000000	0.000000	2.138711	0.000000	0.000000	0.000000	0.000000
1761685628.252740145	0.000000	-0.000787	0.000052	-0.126484	-0.000000	0.000000	-0.000000	0.003632	-0.000002	0.103384	-0.000000	-0.000000	0.027140	0.236385	-1.991164	0.259870	0.000000	0.000204	0.000000	0.000000	0.000000	2.206660	0.000000	0.000000	0.000000	0.000000
1761685628.352738142	0.000000	-0.000719	-0.000258	-0.114555	0.000000	0.000000	-0.000000	0.003285	0.000827	0.090663	-0.000000	-0.000000	0.027140	0.236703	-1.991028	0.269463	-0.000000	0.000204	0.000000	0.000000	0.000000	2.273304	0.000000	0.000000	0.000000	0.000000
1761685628.453210115	0.000000	-0.000653	-0.000535	-0.105266	-0.000000	0.000000	-0.000000	0.002965	0.001556	0.079009	-0.000000	-0.000000	0.027140	0.236966	-1.990823	0.277841	0.000000	0.000204	0.000000	0.000000	0.000000	2.329677	0.000000	0.000000	0.000000	0.000000
1761685628.552773476	0.000000	-0.000591	-0.000780	-0.099268	-0.000000	0.000000	-0.000000	0.002668	0.002195	0.068327	-0.000000	-0.000000	0.027140	0.237180	-1.990560	0.285113	0.000000	0.000204	0.000000	0.000000	0.000000	2.375693	0.000000	0.000000	0.000000	0.000000
1761685628.652794123	0.000000	-0.000531	-0.001002	-0.097073	-0.000000	0.000000	-0.000000	0.002387	0.002768	0.058301	-0.000000	-0.000000	0.027140	0.237348	-1.990246	0.291356	0.000000	0.000204	0.000000	0.000000	0.000000	2.410807	0.000000	0.000000	0.000000	0.000000
1761685628.752766848	0.000000	-0.000470	-0.001210	-0.098145	-0.000000	0.000000	-0.000000	0.002113	0.003300	0.048557	-0.000000	-0.000000	0.027140	0.237471	-1.989886	0.296617	0.000000	0.000204	0.000000	0.000000	0.000000	2.435277	0.000000	0.000000	0.000000	0.000000
1761685628.853118658	0.000000	-0.000419	-0.001380	-0.099995	-0.000000	0.000000	-0.000000	0.001836	0.003816	0.038760	-0.000000	-0.000000	0.027140	0.237552	-1.989485	0.300902	0.000000	0.000204	0.000000	0.000000	0.000000	2.448829	0.000000	0.000000	0.000000	0.000000
1761685628.952741385	0.000000	-0.000355	-0.001583	-0.108203	0.000000	0.000000	-0.000000	0.001554	0.004326	0.028791	-0.000000	-0.000000	0.027140	0.237588	-1.989042	0.304197	0.000000	0.000204	0.000000	0.000000	0.000000	2.451444	0.000000	0.000000	0.000000	0.000000
1761685629.052724361	0.000000	-0.000287	-0.001795	-0.118413	-0.000000	0.000000	-0.000000	0.001252	0.004863	0.018108	-0.000000	-0.000000	0.027140	0.237580	-1.988559	0.306459	0.000000	0.000204	0.000000	0.000000	0.000000	2.443105	0.000000	0.000000	0.000000	0.000000
1761685629.152738094	0.000000	-0.000212	-0.002026	-0.129557	0.000000	0.000000	-0.000000	0.000980	0.005347	0.008410	-0.000000	-0.000000	0.027140	0.237537	-1.988122	0.307489	0.000000	0.000204	0.000000	0.000000	0.000000	2.423843	0.000000	0.000000	0.000000	0.000000
1761685629.252726793	0.000000	-0.000128	-0.002278	-0.140683	0.000000	0.000000	-0.000000	0.000629	0.005970	-0.004174	-0.000000	-0.000000	0.027140	0.237439	-1.987555	0.307608	0.000000	0.000204	0.000000	0.000000	0.000000	2.393735	0.000000	0.000000	0.000000	0.000000
1761685629.352740526	0.000000	-0.000036	-0.002552	-0.149938	0.000000	0.000000	-0.000000	0.000249	0.006641	-0.017871	-0.000000	-0.000000	0.027140	0.237286	-1.986937	0.306404	0.000000	0.000204	0.000000	0.000000	0.000000	2.352895	0.000000	0.000000	0.000000	0.000000
1761685629.452857733	0.000000	0.000063	-0.002844	-0.156103	0.000000	0.000000	-0.000000	-0.000154	0.007351	-0.032557	-0.000000	-0.000000	0.027140	0.237075	-1.986264	0.303771	0.000000	0.000204	0.000000	0.000000	0.000000	2.301489	0.000000	0.000000	0.000000	0.000000
1761685629.553005219	0.000000	0.000170	-0.003146	-0.158858	-0.000000	0.000000	-0.000000	-0.000574	0.008080	-0.047961	-0.000000	-0.000000	0.027140	0.236806	-1.985533	0.299623	0.000000	0.000204	0.000000	0.000000	0.000000	2.239428	0.000000	0.000000	0.000000	0.000000
1761685629.653470278	0.000000	0.000283	-0.003450	-2.174192	-0.000000	0.000000	-0.000000	-0.000999	0.008806	-0.063755	-0.000000	-0.000000	0.027140	0.236479	-1.984744	0.293909	0.000000	0.000204	0.000000	0.000000	0.000000	0.000000	0.000000	0.000000	0.000000	0.000000
1761685629.753038406	-0.000000	0.001713	-0.008320	-1.824420	0.000006	-0.000005	0.000000	-0.005453	0.019478	-0.233070	-0.000003	0.000001	0.027140	0.235765	-1.983473	0.278935	-0.000000	0.000204	0.000000	0.000000	0.000000	0.000000	0.000000	0.000000	0.000000	0.000000
1761685629.853332281	-0.000000	0.004075	-0.014177	-1.022538	0.000010	-0.000005	0.000000	-0.010263	0.030798	-0.418438	-0.000003	0.000001	0.027140	0.234286	-1.981158	0.244693	-0.000000	0.000204	0.000000	0.000000	0.000000	0.000000	0.000000	0.000000	0.000000	0.000000
1761685629.952757359	-0.000000	0.005461	-0.017205	-0.346770	0.000010	-0.000002	0.000000	-0.013020	0.037040	-0.534057	-0.000002	0.000000	0.027141	0.232351	-1.978022	0.195548	-0.000001	0.000204	0.000000	0.000000	0.000000	0.000000	0.000000	0.000000	0.000000	0.000000
1761685630.052895546	-0.000000	0.006178	-0.018442	0.283184	0.000008	0.000000	0.000000	-0.013670	0.038332	-0.574217	-0.000001	0.000000	0.027141	0.230696	-1.975086	0.148660	-0.000001	0.000204	0.000000	0.000000	0.000000	0.000000	0.000000	0.000000	0.000000	0.000000
1761685630.152888060	-0.000000	0.005751	-0.017112	0.704093	0.000007	0.000000	0.000000	-0.012828	0.036171	-0.566897	-0.000000	-0.000000	0.027142	0.228919	-1.971521	0.090966	-0.000001	0.000204	0.000000	0.000000	0.000000	0.000000	0.000000	0.000000	0.000000	0.000000
1761685630.253055096	0.000000	0.004545	-0.014085	0.927316	0.000005	-0.000000	-0.000000	-0.010624	0.030900	-0.510518	0.000000	0.000000	0.027142	0.227540	-1.968266	0.037098	-0.000001	0.000204	0.000000	0.000000	0.000000	0.000000	0.000000	0.000000	0.000000	0.000000
1761685630.352764606	0.000000	0.003081	-0.010419	1.015157	0.000003	-0.000000	-0.000000	-0.007715	0.024007	-0.425227	0.000001	0.000000	0.027142	0.226603	-1.965579	-0.009226	-0.000001	0.000204	0.000000	0.000000	0.000000	0.000000	0.000000	0.000000	0.000000	0.000000
1761685630.452869892	0.000000	0.001713	-0.006816	1.021674	0.000002	-0.000000	-0.000000	-0.004600	0.016583	-0.326639	0.000001	0.000000	0.027142	0.226066	-1.963595	-0.046096	-0.000001	0.000204	0.000000	0.000000	0.000000	0.000000	0.000000	0.000000	0.000000	0.000000
1761685630.552765846	0.000000	0.000603	-0.003610	0.978904	0.000000	-0.000000	-0.000000	-0.001572	0.009272	-0.224689	0.000002	0.000000	0.027142	0.225856	-1.962353	-0.072820	-0.000001	0.000204	0.000000	0.000000	0.000000	0.000000	0.000000	0.000000	0.000000	0.000000
1761685630.652776003	0.000000	-0.000216	-0.000912	0.902620	-0.000001	-0.000000	-0.000000	0.001216	0.002425	-0.125373	0.000002	0.000000	0.027142	0.225905	-1.961835	-0.089448	-0.000000	0.000204	0.000000	0.000000	0.000000	0.000000	0.000000	0.000000	0.000000	0.000000
1761685630.752729654	0.000000	-0.000815	0.001384	0.799824	-0.000002	-0.000000	-0.000000	0.003685	-0.003755	-0.032568	0.000002	0.000000	0.027142	0.226161	-1.961986	-0.096486	-0.000000	0.000204	0.000000	0.000000	0.000000	0.000000	0.000000	0.000000	0.000000	0.000000
1761685630.852789402	0.000000	-0.001216	0.003567	0.667212	-0.000003	-0.000000	-0.000000	0.005736	-0.008971	0.049127	0.000001	0.000000	0.027142	0.226583	-1.962716	-0.094906	-0.000000	0.000204	0.000000	0.000000	0.000000	0.000000	0.000000	0.000000	0.000000	0.000000
1761685630.952858686	0.000000	-0.001465	0.005516	0.478753	-0.000003	-0.000000	-0.000000	0.007369	-0.013169	0.118059	0.000001	0.000000	0.027142	0.227149	-1.963921	-0.085881	0.000000	0.000204	0.000000	0.000000	0.000000	0.000000	0.000000	0.000000	0.000000	0.000000
1761685631.053787470	0.000000	-0.001591	0.006944	0.285159	-0.000003	-0.000000	-0.000000	0.008483	-0.016026	0.169075	0.000001	0.000000	0.027142	0.227835	-1.965473	-0.070968	0.000000	0.000204	0.000000	0.000000	0.000000	0.000000	0.000000	0.000000	0.000000	0.000000
1761685631.152961731	-0.000000	-0.001630	0.007605	0.085319	-0.000003	-0.000000	-0.000000	0.009073	-0.017491	0.200817	0.000001	0.000000	0.027142	0.228616	-1.967221	-0.052074	0.000000	0.000204	0.000000	0.000000	0.000000	0.000000	0.000000	0.000000	0.000000	0.000000
1761685631.253333807	-0.000000	-0.001627	0.007789	-0.109480	-0.000002	-0.000000	-0.000000	0.009144	-0.017588	0.212680	0.000000	0.000000	0.027141	0.229457	-1.969021	-0.031162	0.000000	0.000204	0.000000	0.000000	0.000000	0.000000	0.000000	0.000000	0.000000	0.000000
1761685631.352979898	-0.000000	-0.001577	0.007286	-0.264287	-0.000002	-0.000000	0.000000	0.008719	-0.016382	0.204979	0.000000	0.000000	0.027141	0.230316	-1.970736	-0.010208	0.000000	0.000204	0.000000	0.000000	0.000000	0.000000	0.000000	0.000000	0.000000	0.000000
1761685631.453354597	-0.000000	-0.001482	0.006248	-0.371668	-0.000001	-0.000000	0.000000	0.007896	-0.014156	0.181130	-0.000000	0.000000	0.027141	0.231142	-1.972251	0.009006	0.000000	0.000204	0.000000	0.000000	0.000000	0.000000	0.000000	0.000000	0.000000	0.000000
1761685631.553152084	-0.000000	-0.001341	0.004901	-0.433454	-0.000001	-0.000000	0.000000	0.006798	-0.011264	0.145753	-0.000000	0.000000	0.027141	0.231890	-1.973489	0.025130	0.000000	0.000204	0.000000	0.000000	0.000000	0.000000	0.000000	0.000000	0.000000	0.000000
1761685631.653200388	-0.000000	-0.001155	0.003449	-0.455331	-0.000000	-0.000000	0.000000	0.005543	-0.008035	0.103437	-0.000000	0.000000	0.027141	0.232527	-1.974409	0.037280	0.000000	0.000204	0.000000	0.000000	0.000000	0.000000	0.000000	0.000000	0.000000	0.000000
1761685631.752928019	-0.000000	-0.000930	0.002048	-0.443818	-0.000000	-0.000000	0.000000	0.004240	-0.004752	0.058269	-0.000000	0.000000	0.027141	0.233031	-1.975001	0.045004	0.000000	0.000204	0.000000	0.000000	0.000000	0.000000	0.000000	0.000000	0.000000	0.000000
1761685631.852938175	-0.000000	-0.000681	0.000797	-0.404925	0.000000	-0.000000	0.000000	0.002979	-0.001636	0.013695	-0.000000	0.000000	0.027141	0.233394	-1.975276	0.048223	0.000000	0.000204	0.000000	0.000000	0.000000	0.000000	0.000000	0.000000	0.000000	0.000000
1761685631.952802658	-0.000000	-0.000428	-0.000254	-0.342233	0.000001	-0.000000	0.000000	0.001834	0.001141	-0.027446	-0.000000	0.000000	0.027141	0.233624	-1.975264	0.047166	0.000000	0.000204	0.000000	0.000000	0.000000	0.000000	0.000000	0.000000	0.000000	0.000000
1761685632.052828550	-0.000000	-0.000193	-0.001144	-0.253039	0.000001	-0.000000	0.000000	0.001026	0.003068	-0.057010	-0.000000	0.000000	0.027141	0.233726	-1.975065	0.043365	0.000000	0.000204	0.000000	0.000000	0.000000	0.000000	0.000000	0.000000	0.000000	0.000000
1761685632.152730227	-0.000000	-0.000002	-0.001828	-0.147755	0.000001	-0.000000	0.000000	0.000266	0.004840	-0.085287	-0.000000	0.000000	0.027141	0.233765	-1.974646	0.035916	-0.000000	0.000204	0.000000	0.000000	0.000000	0.000000	0.000000	0.000000	0.000000	0.000000
1761685632.253051519	-0.000000	0.000093	-0.002140	-0.061709	0.000001	-0.000000	0.000000	-0.000160	0.005766	-0.101817	-0.000000	0.000000	0.027141	0.233748	-1.974103	0.026350	-0.000000	0.000204	0.000000	0.000000	0.000000	0.000000	0.000000	0.000000	0.000000	0.000000
1761685632.352894068	-0.000000	0.000151	-0.002303	0.036961	0.000001	-0.000000	0.000000	-0.000339	0.006078	-0.109422	-0.000000	0.000000	0.027141	0.233707	-1.973505	0.015665	-0.000000	0.000204	0.000000	0.000000	0.000000	0.000000	0.000000	0.000000	0.000000	0.000000
1761685632.452968836	-0.000000	0.000140	-0.002213	0.121553	0.000001	-0.000000	0.000000	-0.000258	0.005745	-0.107371	-0.000000	0.000000	0.027141	0.233670	-1.972913	0.004773	-0.000000	0.000204	0.000000	0.000000	0.000000	0.000000	0.000000	0.000000	0.000000	0.000000
1761685632.552984238	-0.000000	0.000066	-0.001894	0.185648	0.000001	-0.000000	0.000000	0.000052	0.004850	-0.096625	-0.000000	0.000000	0.027141	0.233661	-1.972387	-0.005395	-0.000000	0.000204	0.000000	0.000000	0.000000	0.000000	0.000000	0.000000	0.000000	0.000000
1761685632.652947664	-0.000000	-0.000053	-0.001411	0.227150	0.000000	-0.000000	0.000000	0.000531	0.003541	-0.079129	0.000000	0.000000	0.027141	0.233696	-1.971976	-0.014082	-0.000000	0.000204	0.000000	0.000000	0.000000	0.000000	0.000000	0.000000	0.000000	0.000000
1761685632.752941370	0.000000	-0.000195	-0.000832	0.246411	0.000000	-0.000000	-0.000000	0.001114	0.001978	-0.057105	0.000000	0.000000	0.027141	0.233787	-1.971713	-0.020739	-0.000000	0.000204	0.000000	0.000000	0.000000	0.000000	0.000000	0.000000	0.000000	0.000000
1761685632.853176355	0.000000	-0.000343	-0.000223	0.245266	0.000000	-0.000000	-0.000000	0.001739	0.000316	-0.032785	0.000000	0.000000	0.027141	0.233937	-1.971616	-0.025044	-0.000000	0.000204	0.000000	0.000000	0.000000	0.000000	0.000000	0.000000	0.000000	0.000000
1761685632.952958107	0.000000	-0.000481	0.000372	0.226372	-0.000000	-0.000000	-0.000000	0.002351	-0.001307	-0.008240	0.000000	0.000000	0.027140	0.234145	-1.971685	-0.026890	-0.000000	0.000204	0.000000	0.000000	0.000000	0.000000	0.000000	0.000000	0.000000	0.000000
1761685633.053111076	0.000000	-0.000600	0.000936	0.192363	-0.000000	-0.000000	-0.000000	0.002903	-0.002772	0.014713	0.000000	0.000000	0.027140	0.234407	-1.971909	-0.026362	-0.000000	0.000204	0.000000	0.000000	0.000000	0.000000	0.000000	0.000000	0.000000	0.000000
1761685633.152828693	0.000000	-0.000693	0.001426	0.144255	-0.000000	-0.000000	-0.000000	0.003357	-0.003981	0.034516	0.000000	0.000000	0.027140	0.234715	-1.972267	-0.023712	-0.000000	0.000204	0.000000	0.000000	0.000000	0.000000	0.000000	0.000000	0.000000	0.000000
1761685633.252878666	-0.000000	-0.000757	0.001798	0.087351	-0.000000	-0.000000	-0.000000	0.003629	-0.004713	0.047339	0.000000	0.000000	0.027140	0.235001	-1.972643	-0.020168	-0.000000	0.000204	0.000000	0.000000	0.000000	0.000000	0.000000	0.000000	0.000000	0.000000
1761685633.352753162	-0.000000	-0.000786	0.001990	0.030232	-0.000000	-0.000000	0.000000	0.003799	-0.005181	0.057022	0.000000	0.000000	0.027140	0.235367	-1.973151	-0.014829	0.000000	0.000204	0.000000	0.000000	0.000000	0.000000	0.000000	0.000000	0.000000	0.000000
1761685633.452796936	-0.000000	-0.000792	0.002049	-0.025035	-0.000000	-0.000000	0.000000	0.003842	-0.005322	0.061949	0.000000	0.000000	0.027140	0.235744	-1.973686	-0.008776	0.000000	0.000204	0.000000	0.000000	0.000000	0.000000	0.000000	0.000000	0.000000	0.000000
1761685633.552746296	-0.000000	-0.000771	0.001955	-0.072523	-0.000000	-0.000000	0.000000	0.003739	-0.005089	0.061288	0.000000	0.000000	0.027140	0.236121	-1.974211	-0.002559	0.000000	0.000204	0.000000	0.000000	0.000000	0.000000	0.000000	0.000000	0.000000	0.000000
1761685633.652987957	-0.000000	-0.000726	0.001731	-0.109053	-0.000000	-0.000000	0.000000	0.003509	-0.004534	0.055619	0.000000	0.000000	0.027140	0.236483	-1.974690	0.003292	0.000000	0.000204	0.000000	0.000000	0.000000	0.000000	0.000000	0.000000	0.000000	0.000000
1761685633.752954483	-0.000000	-0.000663	0.001412	-0.133017	-0.000000	-0.000000	0.000000	0.003178	-0.003734	0.045931	0.000000	0.000000	0.027140	0.236818	-1.975097	0.008330	0.000000	0.000204	0.000000	0.000000	0.000000	0.000000	0.000000	0.000000	0.000000	0.000000
1761685633.852879524	-0.000000	-0.000585	0.001037	-0.144092	-0.000000	-0.000000	0.000000	0.002782	-0.002777	0.033428	-0.000000	0.000000	0.027140	0.237117	-1.975413	0.012220	0.000000	0.000204	0.000000	0.000000	0.000000	0.000000	0.000000	0.000000	0.000000	0.000000
1761685633.953013182	-0.000000	-0.000498	0.000646	-0.142939	-0.000000	-0.000000	0.000000	0.002353	-0.001753	0.019388	-0.000000	0.000000	0.027140	0.237373	-1.975628	0.014756	0.000000	0.000204	0.000000	0.000000	0.000000	0.000000	0.000000	0.000000	0.000000	0.000000
1761685634.052972078	-0.000000	-0.000424	0.000334	-0.133684	-0.000000	-0.000000	0.000000	0.001928	-0.000754	0.005075	-0.000000	0.000000	0.027140	0.237585	-1.975741	0.015859	0.000000	0.000204	0.000000	0.000000	0.000000	0.000000	0.000000	0.000000	0.000000	0.000000
1761685634.153393269	-0.000000	-0.000338	-0.000006	-0.114001	-0.000000	-0.000000	0.000000	0.001532	0.000164	-0.008448	-0.000000	0.000000	0.027140	0.237755	-1.975760	0.015571	0.000000	0.000204	0.000000	0.000000	0.000000	0.000000	0.000000	0.000000	0.000000	0.000000
1761685634.252836227	-0.000000	-0.000261	-0.000296	-0.086145	0.000000	-0.000000	0.000000	0.001246	0.000810	-0.018276	-0.000000	0.000000	0.027140	0.237868	-1.975711	0.014365	0.000000	0.000204	0.000000	0.000000	0.000000	0.000000	0.000000	0.000000	0.000000	0.000000
1761685634.352786303	-0.000000	-0.000198	-0.000518	-0.053159	0.000000	-0.000000	0.000000	0.000970	0.001414	-0.027819	-0.000000	0.000000	0.027140	0.237974	-1.975591	0.011950	0.000000	0.000204	0.000000	0.000000	0.000000	0.000000	0.000000	0.000000	0.000000	0.000000
1761685634.452747345	-0.000000	-0.000156	-0.000658	-0.018529	0.000000	-0.000000	0.000000	0.000782	0.001792	-0.034234	-0.000000	0.000000	0.027140	0.238057	-1.975424	0.008757	0.000000	0.000204	0.000000	0.000000	0.000000	0.000000	0.000000	0.000000	0.000000	0.000000
1761685634.552808046	-0.000000	-0.000138	-0.000695	0.013220	0.000000	-0.000000	0.000000	0.000704	0.001893	-0.036664	-0.000000	0.000000	0.027140	0.238129	-1.975237	0.005168	-0.000000	0.000204	0.000000	0.000000	0.000000	0.000000	0.000000	0.000000	0.000000	0.000000
1761685634.652796745	-0.000000	-0.000141	-0.000653	0.040454	0.000000	-0.000000	0.000000	0.000713	0.001778	-0.035871	-0.000000	0.000000	0.027140	0.238198	-1.975053	0.001526	-0.000000	0.000204	0.000000	0.000000	0.000000	0.000000	0.000000	0.000000	0.000000	0.000000
1761685634.752886534	-0.000000	-0.000160	-0.000544	0.061516	0.000000	-0.000000	0.000000	0.000795	0.001484	-0.032280	-0.000000	0.000000	0.027140	0.238274	-1.974891	-0.001871	-0.000000	0.000204	0.000000	0.000000	0.000000	0.000000	0.000000	0.000000	0.000000	0.000000
1761685634.853181839	-0.000000	-0.000186	-0.000413	0.073559	0.000000	-0.000000	0.000000	0.000932	0.001056	-0.026479	-0.000000	0.000000	0.027140	0.238361	-1.974767	-0.004775	-0.000000	0.000204	0.000000	0.000000	0.000000	0.000000	0.000000	0.000000	0.000000	0.000000
1761685634.953353167	-0.000000	-0.000224	-0.000233	0.081660	0.000000	-0.000000	0.000000	0.001102	0.000551	-0.019324	-0.000000	0.000000	0.027140	0.238465	-1.974691	-0.007014	-0.000000	0.000204	0.000000	0.000000	0.000000	0.000000	0.000000	0.000000	0.000000	0.000000
1761685635.053472519	-0.000000	-0.000265	-0.000037	0.082697	0.000000	-0.000000	0.000000	0.001291	0.000005	-0.011293	0.000000	0.000000	0.027140	0.238586	-1.974669	-0.008484	-0.000000	0.000204	0.000000	0.000000	0.000000	0.000000	0.000000	0.000000	0.000000	0.000000
1761685635.152863264	-0.000000	-0.000306	0.000160	0.077116	0.000000	-0.000000	0.000000	0.001481	-0.000537	-0.003041	0.000000	0.000000	0.027140	0.238726	-1.974701	-0.009132	-0.000000	0.000204	0.000000	0.000000	0.000000	0.000000	0.000000	0.000000	0.000000	0.000000
1761685635.252800941	-0.000000	-0.000344	0.000345	0.065880	0.000000	-0.000000	0.000000	0.001654	-0.001032	0.004764	0.000000	0.000000	0.027139	0.238884	-1.974785	-0.008977	-0.000000	0.000204	0.000000	0.000000	0.000000	0.000000	0.000000	0.000000	0.000000	0.000000
1761685635.352932692	-0.000000	-0.000369	0.000478	0.052954	0.000000	-0.000000	0.000000	0.001774	-0.001376	0.010441	0.000000	0.000000	0.027139	0.239027	-1.974890	-0.008290	-0.000000	0.000204	0.000000	0.000000	0.000000	0.000000	0.000000	0.000000	0.000000	0.000000
1761685635.452948093	-0.000000	-0.000389	0.000583	0.037941	-0.000000	-0.000000	0.000000	0.001864	-0.001641	0.015069	0.000000	0.000000	0.027139	0.239178	-1.975020	-0.007181	-0.000000	0.000204	0.000000	0.000000	0.000000	0.000000	0.000000	0.000000	0.000000	0.000000
1761685635.552968979	-0.000000	-0.000403	0.000669	0.018530	-0.000000	-0.000000	0.000000	0.001930	-0.001849	0.019114	0.000000	0.000000	0.027139	0.239368	-1.975198	-0.005428	-0.000000	0.000204	0.000000	0.000000	0.000000	0.000000	0.000000	0.000000	0.000000	0.000000
1761685635.653012514	-0.000000	-0.000408	0.000707	-0.000880	-0.000000	-0.000000	0.000000	0.001944	-0.001919	0.020981	0.000000	0.000000	0.027139	0.239529	-1.975357	-0.003731	-0.000000	0.000204	0.000000	0.000000	0.000000	0.000000	0.000000	0.000000	0.000000	0.000000
1761685635.753045321	-0.000000	-0.000403	0.000700	-0.015733	-0.000000	-0.000000	0.000000	0.001917	-0.001889	0.021540	0.000000	0.000000	0.027139	0.239722	-1.975549	-0.001579	0.000000	0.000204	0.000000	0.000000	0.000000	0.000000	0.000000	0.000000	0.000000	0.000000
1761685635.853569984	-0.000000	-0.000394	0.000670	-0.026026	-0.000000	-0.000000	0.000000	0.001868	-0.001792	0.020739	0.000000	0.000000	0.027139	0.239847	-1.975672	-0.000170	0.000000	0.000204	0.000000	0.000000	0.000000	0.000000	0.000000	0.000000	0.000000	0.000000
1761685635.953598738	-0.000000	-0.000374	0.000590	-0.038174	-0.000000	-0.000000	0.000000	0.001765	-0.001569	0.018308	0.000000	0.000000	0.027139	0.240029	-1.975838	0.001769	0.000000	0.000204	0.000000	0.000000	0.000000	0.000000	0.000000	0.000000	0.000000	0.000000
1761685636.052875996	-0.000000	-0.000348	0.000485	-0.046393	-0.000000	0.000000	0.000000	0.001655	-0.001326	0.015329	0.000000	0.000000	0.027139	0.240171	-1.975957	0.003153	0.000000	0.000204	0.000000	0.000000	0.000000	0.000000	0.000000	0.000000	0.000000	0.000000
1761685636.153769016	-0.000000	-0.000322	0.000383	-0.049839	-0.000000	0.000000	0.000000	0.001505	-0.000992	0.010964	0.000000	-0.000000	0.027139	0.240328	-1.976070	0.004440	0.000000	0.000204	0.000000	0.000000	0.000000	0.000000	0.000000	0.000000	0.000000	0.000000
1761685636.252790451	-0.000000	-0.000289	0.000251	-0.049873	-0.000000	0.000000	0.000000	0.001371	-0.000693	0.006868	0.000000	-0.000000	0.027139	0.240447	-1.976137	0.005151	0.000000	0.000204	0.000000	0.000000	0.000000	0.000000	0.000000	0.000000	0.000000	0.000000
1761685636.353190660	-0.000000	-0.000255	0.000123	-0.045950	-0.000000	0.000000	0.000000	0.001211	-0.000340	0.001882	-0.000000	-0.000000	0.027139	0.240575	-1.976185	0.005547	0.000000	0.000204	0.000000	0.000000	0.000000	0.000000	0.000000	0.000000	0.000000	0.000000
1761685636.452848196	-0.000000	-0.000223	0.000008	-0.039136	-0.000000	0.000000	0.000000	0.001063	-0.000023	-0.002778	-0.000000	-0.000000	0.027139	0.240688	-1.976200	0.005461	0.000000	0.000204	0.000000	0.000000	0.000000	0.000000	0.000000	0.000000	0.000000	0.000000
1761685636.553165674	-0.000000	-0.000200	-0.000072	-0.030868	-0.000000	0.000000	0.000000	0.000936	0.000242	-0.006806	-0.000000	-0.000000	0.027139	0.240786	-1.976185	0.004943	0.000000	0.000204	0.000000	0.000000	0.000000	0.000000	0.000000	0.000000	0.000000	0.000000
1761685636.652879238	-0.000000	-0.000177	-0.000150	-0.019681	-0.000000	0.000000	0.000000	0.000831	0.000447	-0.010030	-0.000000	-0.000000	0.027139	0.240873	-1.976148	0.004069	0.000000	0.000204	0.000000	0.000000	0.000000	0.000000	0.000000	0.000000	0.000000	0.000000
1761685636.752933025	-0.000000	-0.000160	-0.000201	-0.007733	0.000000	0.000000	0.000000	0.000757	0.000574	-0.012185	-0.000000	-0.000000	0.027139	0.240952	-1.976095	0.002932	0.000000	0.000204	0.000000	0.000000	0.000000	0.000000	0.000000	0.000000	0.000000	0.000000
1761685636.853004694	-0.000000	-0.000150	-0.000223	0.003851	0.000000	0.000000	0.000000	0.000716	0.000620	-0.013157	-0.000000	0.000000	0.027139	0.241025	-1.976035	0.001649	0.000000	0.000204	0.000000	0.000000	0.000000	0.000000	0.000000	0.000000	0.000000	0.000000
1761685636.953091621	-0.000000	-0.000147	-0.000215	0.014130	0.000000	-0.000000	0.000000	0.000706	0.000587	-0.012965	-0.000000	0.000000	0.027139	0.241095	-1.975974	0.000336	0.000000	0.000204	0.000000	0.000000	0.000000	0.000000	0.000000	0.000000	0.000000	0.000000
1761685637.053053379	-0.000000	-0.000150	-0.000183	0.022368	0.000000	-0.000000	0.000000	0.000724	0.000485	-0.011724	-0.000000	0.000000	0.027139	0.241167	-1.975921	-0.000895	-0.000000	0.000204	0.000000	0.000000	0.000000	0.000000	0.000000	0.000000	0.000000	0.000000
1761685637.153005362	-0.000000	-0.000158	-0.000130	0.028075	0.000000	-0.000000	0.000000	0.000764	0.000331	-0.009624	-0.000000	0.000000	0.027139	0.241241	-1.975881	-0.001951	-0.000000	0.000204	0.000000	0.000000	0.000000	0.000000	0.000000	0.000000	0.000000	0.000000
1761685637.252941847	-0.000000	-0.000169	-0.000063	0.031014	0.000000	-0.000000	0.000000	0.000819	0.000142	-0.006912	-0.000000	0.000000	0.027139	0.241321	-1.975859	-0.002759	-0.000000	0.000204	0.000000	0.000000	0.000000	0.000000	0.000000	0.000000	0.000000	0.000000
1761685637.353137732	-0.000000	-0.000183	0.000010	0.031191	0.000000	-0.000000	0.000000	0.000882	-0.000063	-0.003859	-0.000000	0.000000	0.027139	0.241407	-1.975857	-0.003274	-0.000000	0.000204	0.000000	0.000000	0.000000	0.000000	0.000000	0.000000	0.000000	0.000000
1761685637.452987671	-0.000000	-0.000196	0.000083	0.028830	0.000000	-0.000000	0.000000	0.000946	-0.000266	-0.000743	-0.000000	0.000000	0.027139	0.241499	-1.975875	-0.003478	-0.000000	0.000204	0.000000	0.000000	0.000000	0.000000	0.000000	0.000000	0.000000	0.000000
1761685637.552874565	-0.000000	-0.000208	0.000151	0.024321	0.000000	-0.000000	0.000000	0.001003	-0.000449	0.002179	0.000000	0.000000	0.027139	0.241596	-1.975913	-0.003380	-0.000000	0.000204	0.000000	0.000000	0.000000	0.000000	0.000000	0.000000	0.000000	0.000000
1761685637.652946711	-0.000000	-0.000218	0.000207	0.018158	0.000000	-0.000000	0.000000	0.001047	-0.000598	0.004687	0.000000	0.000000	0.027139	0.241699	-1.975967	-0.003013	-0.000000	0.000204	0.000000	0.000000	0.000000	0.000000	0.000000	0.000000	0.000000	0.000000
1761685637.752981186	-0.000000	-0.000225	0.000249	0.010988	0.000000	-0.000000	0.000000	0.001075	-0.000703	0.006605	0.000000	0.000000	0.027139	0.241805	-1.976034	-0.002428	-0.000000	0.000204	0.000000	0.000000	0.000000	0.000000	0.000000	0.000000	0.000000	0.000000
1761685637.852988958	-0.000000	-0.000227	0.000272	0.003497	-0.000000	-0.000000	0.000000	0.001085	-0.000759	0.007823	0.000000	0.000000	0.027139	0.241914	-1.976108	-0.001692	-0.000000	0.000204	0.000000	0.000000	0.000000	0.000000	0.000000	0.000000	0.000000	0.000000
1761685637.952834129	-0.000000	-0.000225	0.000277	-0.003660	-0.000000	-0.000000	0.000000	0.001077	-0.000764	0.008240	0.000000	0.000000	0.027139	0.242004	-1.976172	-0.001015	-0.000000	0.000204	0.000000	0.000000	0.000000	0.000000	0.000000	0.000000	0.000000	0.000000
1761685638.052947760	-0.000000	-0.000220	0.000264	-0.009919	-0.000000	0.000000	0.000000	0.001050	-0.000729	0.008112	0.000000	0.000000	0.027139	0.242110	-1.976247	-0.000190	-0.000000	0.000204	0.000000	0.000000	0.000000	0.000000	0.000000	0.000000	0.000000	0.000000
1761685638.152930260	-0.000000	-0.000211	0.000236	-0.014840	-0.000000	0.000000	0.000000	0.001000	-0.000637	0.007329	0.000000	0.000000	0.027139	0.242213	-1.976316	0.000582	-0.000000	0.000204	0.000000	0.000000	0.000000	0.000000	0.000000	0.000000	0.000000	0.000000
1761685638.252986193	-0.000000	-0.000199	0.000196	-0.018137	-0.000000	0.000000	0.000000	0.000942	-0.000522	0.005762	0.000000	-0.000000	0.027139	0.242326	-1.976384	0.001340	0.000000	0.000204	0.000000	0.000000	0.000000	0.000000	0.000000	0.000000	0.000000	0.000000
1761685638.352964640	-0.000000	-0.000186	0.000148	-0.019680	-0.000000	0.000000	0.000000	0.000876	-0.000388	0.004003	0.000000	-0.000000	0.027139	0.242416	-1.976428	0.001815	0.000000	0.000204	0.000000	0.000000	0.000000	0.000000	0.000000	0.000000	0.000000	0.000000
1761685638.452948332	-0.000000	-0.000171	0.000097	-0.019494	-0.000000	0.000000	0.000000	0.000806	-0.000247	0.002061	0.000000	-0.000000	0.027139	0.242487	-1.976454	0.002069	0.000000	0.000204	0.000000	0.000000	0.000000	0.000000	0.000000	0.000000	0.000000	0.000000
1761685638.552766562	-0.000000	-0.000157	0.000047	-0.017737	-0.000000	0.000000	0.000000	0.000749	-0.000132	0.000433	0.000000	-0.000000	0.027139	0.242564	-1.976473	0.002194	0.000000	0.000204	0.000000	0.000000	0.000000	0.000000	0.000000	0.000000	0.000000	0.000000
1761685638.652809143	-0.000000	-0.000143	0.000002	-0.014674	-0.000000	0.000000	0.000000	0.000685	-0.000006	-0.001399	0.000000	-0.000000	0.027139	0.242636	-1.976479	0.002128	0.000000	0.000204	0.000000	0.000000	0.000000	0.000000	0.000000	0.000000	0.000000	0.000000
1761685638.752903223	-0.000000	-0.000132	-0.000035	-0.010644	-0.000000	0.000000	0.000000	0.000630	0.000097	-0.002969	-0.000000	-0.000000	0.027139	0.242701	-1.976473	0.001893	0.000000	0.000204	0.000000	0.000000	0.000000	0.000000	0.000000	0.000000	0.000000	0.000000
1761685638.852870226	-0.000000	-0.000122	-0.000063	-0.006061	-0.000000	0.000000	0.000000	0.000585	0.000173	-0.004168	-0.000000	-0.000000	0.027139	0.242761	-1.976458	0.001522	0.000000	0.000204	0.000000	0.000000	0.000000	0.000000	0.000000	0.000000	0.000000	0.000000
1761685638.952993870	-0.000000	-0.000115	-0.000078	-0.001352	-0.000000	0.000000	0.000000	0.000553	0.000218	-0.004926	-0.000000	-0.000000	0.027139	0.242817	-1.976438	0.001056	0.000000	0.000204	0.000000	0.000000	0.000000	0.000000	0.000000	0.000000	0.000000	0.000000
1761685639.052922249	-0.000000	-0.000111	-0.000083	0.003082	0.000000	0.000000	0.000000	0.000533	0.000230	-0.005219	-0.000000	0.000000	0.027139	0.242871	-1.976415	0.000541	0.000000	0.000204	0.000000	0.000000	0.000000	0.000000	0.000000	0.000000	0.000000	0.000000
1761685639.152768373	-0.000000	-0.000110	-0.000076	0.006897	0.000000	-0.000000	0.000000	0.000526	0.000211	-0.005058	-0.000000	0.000000	0.027139	0.242924	-1.976393	0.000024	0.000000	0.000204	0.000000	0.000000	0.000000	0.000000	0.000000	0.000000	0.000000	0.000000
1761685639.252820253	-0.000000	-0.000111	-0.000060	0.009833	0.000000	-0.000000	0.000000	0.000530	0.000167	-0.004496	-0.000000	0.000000	0.027139	0.242977	-1.976374	-0.000454	0.000000	0.000204	0.000000	0.000000	0.000000	0.000000	0.000000	0.000000	0.000000	0.000000
1761685639.352819204	-0.000000	-0.000113	-0.000037	0.011721	0.000000	-0.000000	0.000000	0.000542	0.000103	-0.003610	-0.000000	0.000000	0.027139	0.243030	-1.976361	-0.000855	0.000000	0.000204	0.000000	0.000000	0.000000	0.000000	0.000000	0.000000	0.000000	0.000000
1761685639.452800274	-0.000000	-0.000117	-0.000010	0.012497	0.000000	-0.000000	0.000000	0.000560	0.000027	-0.002501	-0.000000	0.000000	0.027139	0.243086	-1.976355	-0.001153	-0.000000	0.000204	0.000000	0.000000	0.000000	0.000000	0.000000	0.000000	0.000000	0.000000
1761685639.552844286	-0.000000	-0.000121	0.000019	0.012189	0.000000	-0.000000	0.000000	0.000580	-0.000054	-0.001277	-0.000000	0.000000	0.027139	0.243143	-1.976357	-0.001333	-0.000000	0.000204	0.000000	0.000000	0.000000	0.000000	0.000000	0.000000	0.000000	0.000000
1761685639.652828932	-0.000000	-0.000125	0.000048	0.010906	0.000000	-0.000000	0.000000	0.000600	-0.000133	-0.000048	-0.000000	0.000000	0.027139	0.243202	-1.976367	-0.001388	-0.000000	0.000204	0.000000	0.000000	0.000000	0.000000	0.000000	0.000000	0.000000	0.000000
1761685639.752903700	-0.000000	-0.000129	0.000073	0.008844	0.000000	-0.000000	0.000000	0.000617	-0.000203	0.001085	-0.000000	0.000000	0.027139	0.243263	-1.976385	-0.001326	-0.000000	0.000204	0.000000	0.000000	0.000000	0.000000	0.000000	0.000000	0.000000	0.000000
1761685639.852786303	-0.000000	-0.000131	0.000093	0.006213	0.000000	-0.000000	0.000000	0.000630	-0.000259	0.002039	0.000000	0.000000	0.027139	0.243326	-1.976408	-0.001159	-0.000000	0.000204	0.000000	0.000000	0.000000	0.000000	0.000000	0.000000	0.000000	0.000000
1761685639.952765465	-0.000000	-0.000133	0.000107	0.003283	0.000000	-0.000000	0.000000	0.000635	-0.000296	0.002748	0.000000	0.000000	0.027139	0.243389	-1.976437	-0.000911	-0.000000	0.000204	0.000000	0.000000	0.000000	0.000000	0.000000	0.000000	0.000000	0.000000
1761685640.053242683	-0.000000	-0.000132	0.000113	0.000320	0.000000	-0.000000	0.000000	0.000633	-0.000314	0.003174	0.000000	0.000000	0.027139	0.243452	-1.976468	-0.000608	-0.000000	0.000204	0.000000	0.000000	0.000000	0.000000	0.000000	0.000000	0.000000	0.000000
1761685640.152977705	-0.000000	-0.000130	0.000112	-0.002427	0.000000	-0.000000	0.000000	0.000623	-0.000311	0.003304	0.000000	0.000000	0.027139	0.243515	-1.976499	-0.000280	-0.000000	0.000204	0.000000	0.000000	0.000000	0.000000	0.000000	0.000000	0.000000	0.000000
1761685640.252794266	-0.000000	-0.000126	0.000105	-0.004751	-0.000000	0.000000	0.000000	0.000606	-0.000290	0.003153	0.000000	0.000000	0.027139	0.243576	-1.976529	0.000045	-0.000000	0.000204	0.000000	0.000000	0.000000	0.000000	0.000000	0.000000	0.000000	0.000000
1761685640.352922201	-0.000000	-0.000122	0.000091	-0.006496	-0.000000	0.000000	0.000000	0.000583	-0.000254	0.002756	0.000000	-0.000000	0.027139	0.243636	-1.976556	0.000339	-0.000000	0.000204	0.000000	0.000000	0.000000	0.000000	0.000000	0.000000	0.000000	0.000000
1761685640.453016758	-0.000000	-0.000117	0.000077	-0.007380	-0.000000	0.000000	0.000000	0.000554	-0.000204	0.002135	0.000000	-0.000000	0.027139	0.243692	-1.976579	0.000580	-0.000000	0.000204	0.000000	0.000000	0.000000	0.000000	0.000000	0.000000	0.000000	0.000000
1761685640.553275585	-0.000000	-0.000110	0.000057	-0.007827	-0.000000	0.000000	0.000000	0.000524	-0.000150	0.001412	0.000000	-0.000000	0.027139	0.243746	-1.976596	0.000752	-0.000000	0.000204	0.000000	0.000000	0.000000	0.000000	0.000000	0.000000	0.000000	0.000000
1761685640.652916670	-0.000000	-0.000104	0.000037	-0.007609	-0.000000	0.000000	0.000000	0.000492	-0.000093	0.000637	0.000000	-0.000000	0.027138	0.243797	-1.976608	0.000848	0.000000	0.000204	0.000000	0.000000	0.000000	0.000000	0.000000	0.000000	0.000000	0.000000
1761685640.753137350	-0.000000	-0.000097	0.000017	-0.006787	-0.000000	0.000000	0.000000	0.000462	-0.000040	-0.000128	0.000000	-0.000000	0.027138	0.243844	-1.976614	0.000867	0.000000	0.000204	0.000000	0.000000	0.000000	0.000000	0.000000	0.000000	0.000000	0.000000
1761685640.852847576	-0.000000	-0.000091	0.000000	-0.005475	-0.000000	0.000000	0.000000	0.000434	0.000007	-0.000820	0.000000	-0.000000	0.027138	0.243889	-1.976615	0.000813	0.000000	0.000204	0.000000	0.000000	0.000000	0.000000	0.000000	0.000000	0.000000	0.000000
1761685640.952902317	-0.000000	-0.000086	-0.000014	-0.003817	-0.000000	0.000000	0.000000	0.000410	0.000045	-0.001390	0.000000	-0.000000	0.027138	0.243931	-1.976612	0.000697	0.000000	0.000204	0.000000	0.000000	0.000000	0.000000	0.000000	0.000000	0.000000	0.000000
1761685641.052998781	-0.000000	-0.000082	-0.000024	-0.001979	-0.000000	0.000000	0.000000	0.000391	0.000070	-0.001799	-0.000000	-0.000000	0.027138	0.243970	-1.976606	0.000533	0.000000	0.000204	0.000000	0.000000	0.000000	0.000000	0.000000	0.000000	0.000000	0.000000
1761685641.152873039	-0.000000	-0.000079	-0.000029	-0.000128	-0.000000	0.000000	0.000000	0.000376	0.000083	-0.002028	-0.000000	-0.000000	0.027138	0.244009	-1.976598	0.000339	0.000000	0.000204	0.000000	0.000000	0.000000	0.000000	0.000000	0.000000	0.000000	0.000000
1761685641.252851248	-0.000000	-0.000077	-0.000030	0.001585	-0.000000	0.000000	0.000000	0.000367	0.000083	-0.002071	-0.000000	0.000000	0.027138	0.244046	-1.976590	0.000132	0.000000	0.000204	0.000000	0.000000	0.000000	0.000000	0.000000	0.000000	0.000000	0.000000
1761685641.352897406	-0.000000	-0.000076	-0.000027	0.003028	-0.000000	-0.000000	0.000000	0.000363	0.000072	-0.001941	-0.000000	0.000000	0.027138	0.244082	-1.976582	-0.000069	0.000000	0.000204	0.000000	0.000000	0.000000	0.000000	0.000000	0.000000	0.000000	0.000000
1761685641.453013659	-0.000000	-0.000076	-0.000020	0.004105	0.000000	-0.000000	0.000000	0.000363	0.000051	-0.001663	-0.000000	0.000000	0.027138	0.244118	-1.976576	-0.000248	0.000000	0.000204	0.000000	0.000000	0.000000	0.000000	0.000000	0.000000	0.000000	0.000000
1761685641.553798676	-0.000000	-0.000076	-0.000010	0.004759	0.000000	-0.000000	0.000000	0.000365	0.000023	-0.001270	-0.000000	0.000000	0.027138	0.244155	-1.976572	-0.000392	0.000000	0.000204	0.000000	0.000000	0.000000	0.000000	0.000000	0.000000	0.000000	0.000000
1761685641.652885675	-0.000000	-0.000077	0.000001	0.004970	0.000000	-0.000000	0.000000	0.000370	-0.000008	-0.000805	-0.000000	0.000000	0.027138	0.244192	-1.976572	-0.000492	0.000000	0.000204	0.000000	0.000000	0.000000	0.000000	0.000000	0.000000	0.000000	0.000000
1761685641.752847433	-0.000000	-0.000078	0.000012	0.004757	0.000000	-0.000000	0.000000	0.000375	-0.000040	-0.000312	-0.000000	0.000000	0.027138	0.244229	-1.976574	-0.000544	-0.000000	0.000204	0.000000	0.000000	0.000000	0.000000	0.000000	0.000000	0.000000	0.000000
1761685641.852861881	-0.000000	-0.000079	0.000023	0.004175	0.000000	-0.000000	0.000000	0.000380	-0.000070	0.000168	-0.000000	0.000000	0.027138	0.244267	-1.976580	-0.000547	-0.000000	0.000204	0.000000	0.000000	0.000000	0.000000	0.000000	0.000000	0.000000	0.000000
1761685641.953281641	-0.000000	-0.000080	0.000033	0.003291	0.000000	-0.000000	0.000000	0.000383	-0.000096	0.000595	-0.000000	0.000000	0.027138	0.244305	-1.976589	-0.000505	-0.000000	0.000204	0.000000	0.000000	0.000000	0.000000	0.000000	0.000000	0.000000	0.000000
1761685642.053030252	-0.000000	-0.000080	0.000040	0.002210	0.000000	-0.000000	0.000000	0.000384	-0.000115	0.000939	-0.000000	0.000000	0.027138	0.244343	-1.976600	-0.000425	-0.000000	0.000204	0.000000	0.000000	0.000000	0.000000	0.000000	0.000000	0.000000	0.000000
1761685642.152992725	-0.000000	-0.000080	0.000045	0.001035	0.000000	-0.000000	0.000000	0.000382	-0.000127	0.001178	-0.000000	0.000000	0.027138	0.244381	-1.976612	-0.000316	-0.000000	0.000204	0.000000	0.000000	0.000000	0.000000	0.000000	0.000000	0.000000	0.000000
1761685642.252940178	-0.000000	-0.000079	0.000047	-0.000131	0.000000	-0.000000	0.000000	0.000378	-0.000130	0.001301	0.000000	0.000000	0.027138	0.244419	-1.976625	-0.000190	-0.000000	0.000204	0.000000	0.000000	0.000000	0.000000	0.000000	0.000000	0.000000	0.000000
1761685642.352917910	-0.000000	-0.000077	0.000046	-0.001191	0.000000	-0.000000	0.000000	0.000370	-0.000126	0.001307	0.000000	0.000000	0.027138	0.244457	-1.976638	-0.000059	-0.000000	0.000204	0.000000	0.000000	0.000000	0.000000	0.000000	0.000000	0.000000	0.000000
1761685642.452835321	-0.000000	-0.000075	0.000042	-0.002068	0.000000	0.000000	0.000000	0.000359	-0.000115	0.001206	0.000000	0.000000	0.027138	0.244493	-1.976650	0.000066	-0.000000	0.000204	0.000000	0.000000	0.000000	0.000000	0.000000	0.000000	0.000000	0.000000
1761685642.552803755	-0.000000	-0.000073	0.000036	-0.002704	0.000000	0.000000	0.000000	0.000347	-0.000098	0.001014	0.000000	-0.000000	0.027138	0.244528	-1.976660	0.000176	-0.000000	0.000204	0.000000	0.000000	0.000000	0.000000	0.000000	0.000000	0.000000	0.000000
1761685642.652773142	-0.000000	-0.000070	0.000029	-0.003068	-0.000000	0.000000	0.000000	0.000333	-0.000078	0.000754	0.000000	-0.000000	0.027138	0.244562	-1.976669	0.000263	-0.000000	0.000204	0.000000	0.000000	0.000000	0.000000	0.000000	0.000000	0.000000	0.000000
1761685642.753059864	-0.000000	-0.000067	0.000021	-0.003150	-0.000000	0.000000	0.000000	0.000318	-0.000055	0.000453	0.000000	-0.000000	0.027138	0.244595	-1.976675	0.000321	-0.000000	0.000204	0.000000	0.000000	0.000000	0.000000	0.000000	0.000000	0.000000	0.000000
1761685642.853093624	-0.000000	-0.000064	0.000013	-0.002968	-0.000000	0.000000	0.000000	0.000303	-0.000033	0.000139	0.000000	-0.000000	0.027138	0.244626	-1.976679	0.000348	-0.000000	0.000204	0.000000	0.000000	0.000000	0.000000	0.000000	0.000000	0.000000	0.000000
1761685642.953307867	-0.000000	-0.000061	0.000005	-0.002557	-0.000000	0.000000	0.000000	0.000289	-0.000012	-0.000160	0.000000	-0.000000	0.027138	0.244655	-1.976681	0.000344	0.000000	0.000204	0.000000	0.000000	0.000000	0.000000	0.000000	0.000000	0.000000	0.000000
1761685643.053145647	-0.000000	-0.000058	-0.000001	-0.001969	-0.000000	0.000000	0.000000	0.000276	0.000006	-0.000423	0.000000	-0.000000	0.027138	0.244683	-1.976682	0.000313	0.000000	0.000204	0.000000	0.000000	0.000000	0.000000	0.000000	0.000000	0.000000	0.000000
1761685643.153153658	-0.000000	-0.000055	-0.000006	-0.001267	-0.000000	0.000000	0.000000	0.000265	0.000020	-0.000630	0.000000	-0.000000	0.027138	0.244710	-1.976680	0.000258	0.000000	0.000204	0.000000	0.000000	0.000000	0.000000	0.000000	0.000000	0.000000	0.000000
1761685643.253497362	-0.000000	-0.000053	-0.000010	-0.000517	-0.000000	0.000000	0.000000	0.000255	0.000028	-0.000768	0.000000	-0.000000	0.027138	0.244736	-1.976678	0.000186	0.000000	0.000204	0.000000	0.000000	0.000000	0.000000	0.000000	0.000000	0.000000	0.000000
1761685643.352896929	-0.000000	-0.000052	-0.000011	0.000215	-0.000000	0.000000	0.000000	0.000248	0.000031	-0.000832	0.000000	0.000000	0.027138	0.244761	-1.976675	0.000105	0.000000	0.000204	0.000000	0.000000	0.000000	0.000000	0.000000	0.000000	0.000000	0.000000
1761685643.452798605	-0.000000	-0.000051	-0.000011	0.000870	-0.000000	-0.000000	0.000000	0.000243	0.000030	-0.000823	-0.000000	0.000000	0.027138	0.244786	-1.976671	0.000022	0.000000	0.000204	0.000000	0.000000	0.000000	0.000000	0.000000	0.000000	0.000000	0.000000
1761685643.553209543	-0.000000	-0.000050	-0.000009	0.001401	-0.000000	-0.000000	0.000000	0.000240	0.000024	-0.000747	-0.000000	0.000000	0.027138	0.244810	-1.976669	-0.000056	0.000000	0.000204	0.000000	0.000000	0.000000	0.000000	0.000000	0.000000	0.000000	0.000000
1761685643.652985811	-0.000000	-0.000050	-0.000006	0.001774	-0.000000	-0.000000	0.000000	0.000239	0.000014	-0.000616	-0.000000	0.000000	0.027138	0.244834	-1.976667	-0.000124	0.000000	0.000204	0.000000	0.000000	0.000000	0.000000	0.000000	0.000000	0.000000	0.000000
1761685643.752836943	-0.000000	-0.000050	-0.000002	0.001971	0.000000	-0.000000	0.000000	0.000238	0.000003	-0.000445	-0.000000	0.000000	0.027138	0.244857	-1.976666	-0.000175	0.000000	0.000204	0.000000	0.000000	0.000000	0.000000	0.000000	0.000000	0.000000	0.000000
1761685643.852817059	-0.000000	-0.000050	0.000003	0.001992	0.000000	-0.000000	0.000000	0.000238	-0.000010	-0.000251	-0.000000	0.000000	0.027138	0.244881	-1.976667	-0.000209	0.000000	0.000204	0.000000	0.000000	0.000000	0.000000	0.000000	0.000000	0.000000	0.000000
1761685643.952819109	-0.000000	-0.000050	0.000007	0.001836	0.000000	-0.000000	0.000000	0.000238	-0.000023	-0.000052	-0.000000	0.000000	0.027138	0.244905	-1.976669	-0.000222	0.000000	0.000204	0.000000	0.000000	0.000000	0.000000	0.000000	0.000000	0.000000	0.000000
1761685644.052811861	-0.000000	-0.000050	0.000012	0.001577	0.000000	-0.000000	0.000000	0.000238	-0.000034	0.000134	-0.000000	0.000000	0.027138	0.244929	-1.976672	-0.000216	0.000000	0.000204	0.000000	0.000000	0.000000	0.000000	0.000000	0.000000	0.000000	0.000000
1761685644.152977228	-0.000000	-0.000049	0.000015	0.001173	0.000000	-0.000000	0.000000	0.000238	-0.000044	0.000296	-0.000000	0.000000	0.027138	0.244953	-1.976676	-0.000193	-0.000000	0.000204	0.000000	0.000000	0.000000	0.000000	0.000000	0.000000	0.000000	0.000000
1761685644.252827644	-0.000000	-0.000049	0.000018	0.000717	0.000000	-0.000000	0.000000	0.000236	-0.000050	0.000420	-0.000000	0.000000	0.027138	0.244976	-1.976680	-0.000156	-0.000000	0.000204	0.000000	0.000000	0.000000	0.000000	0.000000	0.000000	0.000000	0.000000
1761685644.352925777	-0.000000	-0.000049	0.000019	0.000240	0.000000	-0.000000	0.000000	0.000233	-0.000054	0.000500	-0.000000	0.000000	0.027138	0.245000	-1.976686	-0.000109	-0.000000	0.000204	0.000000	0.000000	0.000000	0.000000	0.000000	0.000000	0.000000	0.000000
1761685644.452871323	-0.000000	-0.000048	0.000019	-0.000219	0.000000	-0.000000	0.000000	0.000229	-0.000054	0.000532	-0.000000	0.000000	0.027138	0.245023	-1.976691	-0.000057	-0.000000	0.000204	0.000000	0.000000	0.000000	0.000000	0.000000	0.000000	0.000000	0.000000
1761685644.553246021	-0.000000	-0.000047	0.000019	-0.000623	0.000000	0.000000	0.000000	0.000224	-0.000051	0.000517	0.000000	0.000000	0.027138	0.245046	-1.976696	-0.000004	-0.000000	0.000204	0.000000	0.000000	0.000000	0.000000	0.000000	0.000000	0.000000	0.000000
1761685644.652976036	-0.000000	-0.000045	0.000017	-0.000943	0.000000	0.000000	0.000000	0.000218	-0.000046	0.000462	0.000000	0.000000	0.027138	0.245068	-1.976701	0.000044	-0.000000	0.000204	0.000000	0.000000	0.000000	0.000000	0.000000	0.000000	0.000000	0.000000
1761685644.752957344	-0.000000	-0.000044	0.000014	-0.001160	0.000000	0.000000	0.000000	0.000211	-0.000038	0.000373	0.000000	-0.000000	0.027138	0.245089	-1.976705	0.000086	-0.000000	0.000204	0.000000	0.000000	0.000000	0.000000	0.000000	0.000000	0.000000	0.000000
1761685644.853074551	-0.000000	-0.000043	0.000011	-0.001264	0.000000	0.000000	0.000000	0.000203	-0.000030	0.000260	0.000000	-0.000000	0.027138	0.245110	-1.976709	0.000116	-0.000000	0.000204	0.000000	0.000000	0.000000	0.000000	0.000000	0.000000	0.000000	0.000000
1761685644.952897072	-0.000000	-0.000041	0.000008	-0.001257	-0.000000	0.000000	0.000000	0.000196	-0.000020	0.000136	0.000000	-0.000000	0.027138	0.245130	-1.976711	0.000135	-0.000000	0.000204	0.000000	0.000000	0.000000	0.000000	0.000000	0.000000	0.000000	0.000000
1761685645.052858114	-0.000000	-0.000039	0.000005	-0.001136	-0.000000	0.000000	0.000000	0.000189	-0.000011	0.000010	0.000000	-0.000000	0.027138	0.245149	-1.976713	0.000140	-0.000000	0.000204	0.000000	0.000000	0.000000	0.000000	0.000000	0.000000	0.000000	0.000000
1761685645.152817965	-0.000000	-0.000038	0.000002	-0.000952	-0.000000	0.000000	0.000000	0.000182	-0.000003	-0.000106	0.000000	-0.000000	0.027138	0.245167	-1.976713	0.000136	-0.000000	0.000204	0.000000	0.000000	0.000000	0.000000	0.000000	0.000000	0.000000	0.000000
1761685645.252954245	-0.000000	-0.000037	-0.000001	-0.000696	-0.000000	0.000000	0.000000	0.000175	0.000003	-0.000204	0.000000	-0.000000	0.027138	0.245185	-1.976713	0.000119	0.000000	0.000204	0.000000	0.000000	0.000000	0.000000	0.000000	0.000000	0.000000	0.000000
1761685645.353011131	-0.000000	-0.000035	-0.000003	-0.000402	-0.000000	0.000000	0.000000	0.000170	0.000008	-0.000278	0.000000	-0.000000	0.027138	0.245202	-1.976712	0.000094	0.000000	0.000204	0.000000	0.000000	0.000000	0.000000	0.000000	0.000000	0.000000	0.000000
1761685645.453167915	-0.000000	-0.000034	-0.000004	-0.000099	-0.000000	0.000000	0.000000	0.000165	0.000011	-0.000323	0.000000	0.000000	0.027138	0.245219	-1.976712	0.000064	0.000000	0.000204	0.000000	0.000000	0.000000	0.000000	0.000000	0.000000	0.000000	0.000000
1761685645.553239822	-0.000000	-0.000034	-0.000004	0.000187	-0.000000	0.000000	0.000000	0.000161	0.000011	-0.000338	0.000000	0.000000	0.027138	0.245235	-1.976710	0.000030	0.000000	0.000204	0.000000	0.000000	0.000000	0.000000	0.000000	0.000000	0.000000	0.000000
1761685645.652837992	-0.000000	-0.000033	-0.000004	0.000436	-0.000000	-0.000000	0.000000	0.000158	0.000010	-0.000324	0.000000	0.000000	0.027138	0.245251	-1.976709	-0.000003	0.000000	0.000204	0.000000	0.000000	0.000000	0.000000	0.000000	0.000000	0.000000	0.000000
1761685645.752993584	-0.000000	-0.000032	-0.000003	0.000628	-0.000000	-0.000000	0.000000	0.000156	0.000007	-0.000285	-0.000000	0.000000	0.027138	0.245267	-1.976708	-0.000033	0.000000	0.000204	0.000000	0.000000	0.000000	0.000000	0.000000	0.000000	0.000000	0.000000
1761685645.853331089	-0.000000	-0.000032	-0.000001	0.000754	-0.000000	-0.000000	0.000000	0.000154	0.000003	-0.000225	-0.000000	0.000000	0.027138	0.245282	-1.976708	-0.000058	0.000000	0.000204	0.000000	0.000000	0.000000	0.000000	0.000000	0.000000	0.000000	0.000000
1761685645.953520060	-0.000000	-0.000032	0.000000	0.000807	-0.000000	-0.000000	0.000000	0.000153	-0.000002	-0.000152	-0.000000	0.000000	0.027138	0.245297	-1.976708	-0.000077	0.000000	0.000204	0.000000	0.000000	0.000000	0.000000	0.000000	0.000000	0.000000	0.000000
1761685646.053054571	-0.000000	-0.000032	0.000002	0.000790	0.000000	-0.000000	0.000000	0.000152	-0.000007	-0.000072	-0.000000	0.000000	0.027138	0.245313	-1.976708	-0.000086	0.000000	0.000204	0.000000	0.000000	0.000000	0.000000	0.000000	0.000000	0.000000	0.000000
1761685646.152925968	-0.000000	-0.000031	0.000004	0.000697	0.000000	-0.000000	0.000000	0.000150	-0.000012	0.000007	-0.000000	0.000000	0.027138	0.245328	-1.976709	-0.000088	0.000000	0.000204	0.000000	0.000000	0.000000	0.000000	0.000000	0.000000	0.000000	0.000000
1761685646.252934933	-0.000000	-0.000031	0.000006	0.000579	0.000000	-0.000000	0.000000	0.000149	-0.000016	0.000079	-0.000000	0.000000	0.027138	0.245343	-1.976711	-0.000086	0.000000	0.000204	0.000000	0.000000	0.000000	0.000000	0.000000	0.000000	0.000000	0.000000
1761685646.352900743	-0.000000	-0.000031	0.000007	0.000412	0.000000	-0.000000	0.000000	0.000148	-0.000020	0.000139	-0.000000	0.000000	0.027138	0.245357	-1.976713	-0.000073	0.000000	0.000204	0.000000	0.000000	0.000000	0.000000	0.000000	0.000000	0.000000	0.000000
1761685646.452886820	-0.000000	-0.000030	0.000008	0.000223	0.000000	-0.000000	0.000000	0.000146	-0.000022	0.000182	-0.000000	0.000000	0.027138	0.245372	-1.976715	-0.000057	-0.000000	0.000204	0.000000	0.000000	0.000000	0.000000	0.000000	0.000000	0.000000	0.000000
1761685646.553170681	-0.000000	-0.000030	0.000008	0.000032	0.000000	-0.000000	0.000000	0.000143	-0.000023	0.000208	-0.000000	0.000000	0.027138	0.245387	-1.976717	-0.000037	-0.000000	0.000204	0.000000	0.000000	0.000000	0.000000	0.000000	0.000000	0.000000	0.000000
1761685646.652914524	-0.000000	-0.000029	0.000008	-0.000147	0.000000	-0.000000	0.000000	0.000141	-0.000022	0.000214	-0.000000	0.000000	0.027138	0.245401	-1.976719	-0.000016	-0.000000	0.000204	0.000000	0.000000	0.000000	0.000000	0.000000	0.000000	0.000000	0.000000
1761685646.752868414	-0.000000	-0.000029	0.000008	-0.000300	0.000000	0.000000	0.000000	0.000137	-0.000021	0.000203	-0.000000	0.000000	0.027138	0.245415	-1.976722	0.000005	-0.000000	0.000204	0.000000	0.000000	0.000000	0.000000	0.000000	0.000000	0.000000	0.000000
1761685646.852898121	-0.000000	-0.000028	0.000007	-0.000415	0.000000	0.000000	0.000000	0.000134	-0.000018	0.000175	0.000000	0.000000	0.027138	0.245428	-1.976723	0.000024	-0.000000	0.000204	0.000000	0.000000	0.000000	0.000000	0.000000	0.000000	0.000000	0.000000
1761685646.953181744	-0.000000	-0.000027	0.000006	-0.000487	0.000000	0.000000	0.000000	0.000130	-0.000015	0.000136	0.000000	-0.000000	0.027138	0.245441	-1.976725	0.000039	-0.000000	0.000204	0.000000	0.000000	0.000000	0.000000	0.000000	0.000000	0.000000	0.000000
1761685647.052975655	-0.000000	-0.000026	0.000004	-0.000514	0.000000	0.000000	0.000000	0.000126	-0.000011	0.000088	0.000000	-0.000000	0.027138	0.245454	-1.976726	0.000049	-0.000000	0.000204	0.000000	0.000000	0.000000	0.000000	0.000000	0.000000	0.000000	0.000000
1761685647.152821302	-0.000000	-0.000025	0.000003	-0.000483	0.000000	0.000000	0.000000	0.000122	-0.000008	0.000037	0.000000	-0.000000	0.027138	0.245466	-1.976727	0.000056	-0.000000	0.000204	0.000000	0.000000	0.000000	0.000000	0.000000	0.000000	0.000000	0.000000
1761685647.252752542	-0.000000	-0.000025	0.000002	0.213997	-0.000000	0.000000	0.000000	0.000118	-0.000004	-0.000012	0.000000	-0.000000	0.027138	0.245478	-1.976728	0.000056	-0.000000	0.000204	0.000000	0.000000	0.000000	0.231369	0.000000	0.000000	0.000000	0.000000
1761685647.352812290	-0.000000	-0.000100	0.000338	0.380056	0.000000	-0.000000	0.000000	0.000581	-0.001162	0.017813	0.000000	0.000000	0.027138	0.245513	-1.976786	0.000946	0.000000	0.000204	0.000000	0.000000	0.000000	0.437352	0.000000	0.000000	0.000000	0.000000
1761685647.452822924	-0.000000	-0.000261	0.001125	0.517652	0.000000	-0.000000	0.000000	0.001491	-0.003424	0.053051	0.000000	0.000000	0.027138	0.245622	-1.977027	0.004668	0.000000	0.000204	0.000000	0.000000	0.000000	0.665095	0.000000	0.000000	0.000000	0.000000
1761685647.552789688	-0.000000	-0.000470	0.002322	0.604371	0.000000	-0.000000	0.000000	0.002759	-0.006541	0.102523	0.000000	0.000000	0.027138	0.245847	-1.977543	0.012764	-0.000000	0.000204	0.000000	0.000000	0.000000	0.904639	0.000000	0.000000	0.000000	0.000000
1761685647.652803659	-0.000000	-0.000683	0.003859	0.612438	0.000000	-0.000000	0.000000	0.004259	-0.010162	0.161515	0.000000	0.000000	0.027138	0.246226	-1.978398	0.026397	0.000000	0.000204	0.000000	0.000000	0.000000	1.135905	0.000000	0.000000	0.000000	0.000000
1761685647.752928257	-0.000000	-0.000864	0.005560	0.551857	0.000000	-0.000000	0.000000	0.005802	-0.013773	0.222624	0.000000	0.000000	0.027138	0.246786	-1.979606	0.046107	0.000000	0.000204	0.000000	0.000000	0.000000	1.366033	0.000000	0.000000	0.000000	0.000000
1761685647.853015423	-0.000000	-0.000998	0.007182	0.422609	0.000000	-0.000000	0.000000	0.007217	-0.016895	0.278820	0.000000	0.000000	0.027138	0.247540	-1.981128	0.071690	0.000000	0.000204	0.000000	0.000000	0.000000	1.577681	0.000000	0.000000	0.000000	0.000000
1761685647.952754498	-0.000000	-0.001091	0.008448	0.234003	0.000000	-0.000000	0.000000	0.008339	-0.019086	0.323235	0.000000	0.000000	0.027138	0.248484	-1.982877	0.102252	-0.000000	0.000204	0.000000	0.000000	0.000000	1.751800	0.000000	0.000000	0.000000	0.000000
1761685648.052765608	-0.000000	-0.001159	0.009088	0.070582	0.000000	-0.000000	0.000000	0.009021	-0.019981	0.349778	0.000000	0.000000	0.027137	0.249588	-1.984729	0.136255	-0.000000	0.000204	0.000000	0.000000	0.000000	1.942279	0.000000	0.000000	0.000000	0.000000
1761685648.152841091	-0.000000	-0.001207	0.009114	-0.026725	0.000000	-0.000000	0.000000	0.009259	-0.019789	0.358384	0.000000	0.000000	0.027137	0.250595	-1.986256	0.165924	-0.000000	0.000204	0.000000	0.000000	0.000000	2.117220	0.000000	0.000000	0.000000	0.000000
1761685648.252770901	-0.000000	-0.001260	0.008669	-0.124380	-0.000000	0.000000	0.000000	0.009274	-0.018805	0.357333	0.000000	-0.000000	0.027137	0.251858	-1.987980	0.201769	0.000000	0.000204	0.000000	0.000000	0.000000	2.311026	0.000000	0.000000	0.000000	0.000000
1761685648.352809668	-0.000000	-0.001305	0.007905	-0.194763	-0.000000	0.000000	0.000000	0.009059	-0.017225	0.346523	0.000000	-0.000000	0.027137	0.253141	-1.989531	0.236939	0.000000	0.000204	0.000000	0.000000	0.000000	2.498847	0.000000	0.000000	0.000000	0.000000
1761685648.452826738	-0.000000	-0.001334	0.006925	-0.261597	-0.000000	0.000000	0.000000	0.008662	-0.015232	0.328220	0.000000	-0.000000	0.027136	0.254398	-1.990866	0.270573	0.000000	0.000204	0.000000	0.000000	0.000000	2.653838	0.000000	0.000000	0.000000	0.000000
1761685648.552802563	-0.000000	-0.001339	0.005799	-0.302919	-0.000000	0.000000	0.000000	0.008094	-0.012897	0.303174	0.000000	-0.000000	0.027136	0.255589	-1.991964	0.301980	0.000000	0.000204	0.000000	0.000000	0.000000	2.798932	0.000000	0.000000	0.000000	0.000000
1761685648.652781725	-0.000000	-0.001313	0.004612	-0.321445	-0.000000	0.000000	0.000000	0.007403	-0.010379	0.273571	0.000000	-0.000000	0.027136	0.256674	-1.992812	0.330599	0.000000	0.000204	0.000000	0.000000	0.000000	2.933530	0.000000	0.000000	0.000000	0.000000
1761685648.752830267	-0.000000	-0.001257	0.003453	-0.322678	-0.000000	0.000000	0.000000	0.006645	-0.007834	0.241735	0.000000	-0.000000	0.027136	0.257628	-1.993416	0.356112	0.000000	0.000204	0.000000	0.000000	0.000000	3.057100	0.000000	0.000000	0.000000	0.000000
1761685648.852793694	-0.000000	-0.001173	0.002379	-0.311766	-0.000000	0.000000	0.000000	0.005863	-0.005381	0.209488	-0.000000	-0.000000	0.027136	0.258433	-1.993791	0.378405	0.000000	0.000204	0.000000	0.000000	0.000000	3.169115	0.000000	0.000000	0.000000	0.000000
1761685648.952929497	-0.000000	-0.001069	0.001420	-0.292854	-0.000000	0.000000	0.000000	0.005089	-0.003093	0.178129	-0.000000	-0.000000	0.027135	0.259085	-1.993960	0.397517	0.000000	0.000204	0.000000	0.000000	0.000000	3.269221	0.000000	0.000000	0.000000	0.000000
1761685649.052767992	-0.000000	-0.000951	0.000587	-0.269412	-0.000000	0.000000	0.000000	0.004348	-0.001018	0.148528	-0.000000	-0.000000	0.027135	0.259585	-1.993949	0.413590	0.000000	0.000204	0.000000	0.000000	0.000000	3.356933	0.000000	0.000000	0.000000	0.000000
1761685649.152726173	-0.000000	-0.000827	-0.000124	-0.244093	-0.000000	0.000000	0.000000	0.003769	0.000524	0.125687	-0.000000	-0.000000	0.027135	0.259891	-1.993819	0.424812	0.000000	0.000204	0.000000	0.000000	0.000000	3.431928	0.000000	0.000000	0.000000	0.000000
1761685649.252780437	-0.000000	-0.000724	-0.000637	-0.215291	-0.000000	0.000000	0.000000	0.003133	0.002132	0.100855	-0.000000	-0.000000	0.027135	0.260137	-1.993544	0.435915	0.000000	0.000204	0.000000	0.000000	0.000000	3.493999	0.000000	0.000000	0.000000	0.000000
1761685649.352782011	-0.000000	-0.000604	-0.001188	-0.195274	0.000000	0.000000	0.000000	0.002561	0.003504	0.078846	-0.000000	-0.000000	0.027135	0.260264	-1.993158	0.444697	0.000000	0.000204	0.000000	0.000000	0.000000	3.542814	0.000000	0.000000	0.000000	0.000000
1761685649.453331470	-0.000000	-0.000488	-0.001669	-0.178348	0.000000	0.000000	0.000000	0.002037	0.004682	0.058985	-0.000000	-0.000000	0.027135	0.260284	-1.992682	0.451409	0.000000	0.000204	0.000000	0.000000	0.000000	3.578181	0.000000	0.000000	0.000000	0.000000
1761685649.552942991	-0.000000	-0.000377	-0.002092	-0.164861	-0.000000	0.000000	0.000000	0.001554	0.005698	0.040868	-0.000000	-0.000000	0.027135	0.260210	-1.992130	0.456239	0.000000	0.000204	0.000000	0.000000	0.000000	3.599924	0.000000	0.000000	0.000000	0.000000
1761685649.653018236	-0.000000	-0.000271	-0.002463	-0.155147	-0.000000	0.000000	0.000000	0.001104	0.006580	0.024158	-0.000000	-0.000000	0.027135	0.260050	-1.991515	0.459342	0.000000	0.000204	0.000000	0.000000	0.000000	3.608055	0.000000	0.000000	0.000000	0.000000
1761685649.752769232	-0.000000	-0.000167	-0.002794	-0.149417	0.000000	0.000000	0.000000	0.000678	0.007358	0.008481	-0.000000	-0.000000	0.027135	0.259814	-1.990847	0.460836	0.000000	0.000204	0.000000	0.000000	0.000000	3.602478	0.000000	0.000000	0.000000	0.000000
1761685649.852910519	-0.000000	-0.000066	-0.003094	-0.147431	0.000000	0.000000	0.000000	0.000267	0.008061	-0.006556	-0.000000	-0.000000	0.027135	0.259507	-1.990131	0.460803	0.000000	0.000204	0.000000	0.000000	0.000000	3.583272	0.000000	0.000000	0.000000	0.000000
1761685649.952747345	-0.000000	0.000036	-0.003374	-0.147685	0.000000	0.000000	0.000000	-0.000138	0.008718	-0.021332	-0.000000	-0.000000	0.027135	0.259135	-1.989373	0.459284	0.000000	0.000204	0.000000	0.000000	0.000000	3.550459	0.000000	0.000000	0.000000	0.000000
1761685650.052787542	-0.000000	0.000139	-0.003643	-0.149296	0.000000	0.000000	0.000000	-0.000474	0.009242	-0.033635	-0.000000	-0.000000	0.027135	0.258777	-1.988710	0.456891	0.000000	0.000204	0.000000	0.000000	0.000000	3.504180	0.000000	0.000000	0.000000	0.000000
1761685650.152762651	-0.000000	0.000229	-0.003862	-0.161344	0.000000	0.000000	0.000000	-0.000880	0.009855	-0.048511	-0.000000	-0.000000	0.027136	0.258291	-1.987878	0.452662	-0.000000	0.000204	0.000000	0.000000	0.000000	3.444630	0.000000	0.000000	0.000000	0.000000
1761685650.252788067	-0.000000	0.000344	-0.004139	-0.164762	0.000000	0.000000	0.000000	-0.001311	0.010510	-0.064445	-0.000000	-0.000000	0.027136	0.257745	-1.987006	0.446890	-0.000000	0.000204	0.000000	0.000000	0.000000	3.372005	0.000000	0.000000	0.000000	0.000000
1761685650.353062868	-0.000000	0.000467	-0.004424	-0.166414	0.000000	0.000000	0.000000	-0.001676	0.011061	-0.078118	-0.000000	-0.000000	0.027136	0.257242	-1.986245	0.440837	-0.000000	0.000204	0.000000	0.000000	0.000000	3.286646	0.000000	0.000000	0.000000	0.000000
1761685650.452872276	-0.000000	0.000594	-0.004705	-0.166279	0.000000	0.000000	0.000000	-0.002115	0.011709	-0.094704	-0.000000	-0.000000	0.027136	0.256583	-1.985290	0.432060	-0.000000	0.000204	0.000000	0.000000	0.000000	3.188850	0.000000	0.000000	0.000000	0.000000
1761685650.553426743	-0.000000	0.000723	-0.004976	-0.164695	0.000000	0.000000	0.000000	-0.002546	0.012333	-0.111337	-0.000000	-0.000000	0.027136	0.255868	-1.984288	0.421619	-0.000000	0.000204	0.000000	0.000000	0.000000	3.078312	0.000000	0.000000	0.000000	0.000000
1761685650.652920723	-0.000000	0.000852	-0.005233	-0.159390	-0.000000	0.000000	0.000000	-0.002964	0.012923	-0.127859	-0.000000	-0.000000	0.027136	0.255101	-1.983241	0.409520	0.000000	0.000204	0.000000	0.000000	0.000000	2.957659	0.000000	0.000000	0.000000	0.000000
1761685650.753045559	-0.000000	0.000978	-0.005467	-0.152626	0.000000	0.000000	0.000000	-0.003359	0.013461	-0.143975	-0.000000	-0.000000	0.027136	0.254289	-1.982147	0.395788	-0.000000	0.000204	0.000000	0.000000	0.000000	2.825107	0.000000	0.000000	0.000000	0.000000
1761685650.852725267	-0.000000	0.001097	-0.005673	-0.143923	0.000000	0.000000	0.000000	-0.003723	0.013936	-0.159463	-0.000000	-0.000000	0.027137	0.253438	-1.981010	0.380480	-0.000000	0.000204	0.000000	0.000000	0.000000	2.681973	0.000000	0.000000	0.000000	0.000000
1761685650.952758551	-0.000000	0.001205	-0.005841	-0.134001	-0.000000	0.000000	0.000000	-0.004044	0.014326	-0.174000	-0.000000	-0.000000	0.027137	0.252559	-1.979833	0.363679	-0.000000	0.000204	0.000000	0.000000	0.000000	2.528788	0.000000	0.000000	0.000000	0.000000
1761685651.052767038	-0.000000	0.001286	-0.005953	-0.166677	-0.000000	0.000000	0.000000	-0.004322	0.014637	-0.187566	-0.000000	-0.000000	0.027137	0.251660	-1.978618	0.345481	0.000000	0.000204	0.000000	0.000000	0.000000	2.348925	0.000000	0.000000	0.000000	0.000000
1761685651.152834415	-0.000000	0.001400	-0.006141	-0.175379	-0.000000	0.000000	0.000000	-0.004650	0.015105	-0.203689	-0.000000	-0.000000	0.027137	0.250744	-1.977360	0.325807	-0.000000	0.000204	0.000000	0.000000	0.000000	2.149285	0.000000	0.000000	0.000000	0.000000
1761685651.252722979	-0.000000	0.001527	-0.006373	-0.142114	-0.000000	0.000000	0.000000	-0.004935	0.015551	-0.218159	-0.000000	-0.000000	0.027137	0.249964	-1.976268	0.308114	0.000000	0.000204	0.000000	0.000000	0.000000	1.975350	0.000000	0.000000	0.000000	0.000000
1761685651.352814674	-0.000000	0.001626	-0.006523	-0.112687	-0.000000	0.000000	0.000000	-0.005185	0.015898	-0.232925	-0.000000	-0.000000	0.027137	0.249016	-1.974909	0.285414	0.000000	0.000204	0.000000	0.000000	0.000000	1.788014	0.000000	0.000000	0.000000	0.000000
1761685651.452774048	-0.000000	0.001689	-0.006577	-0.070002	-0.000000	0.000000	0.000000	-0.005331	0.016038	-0.244684	-0.000000	-0.000000	0.027138	0.248076	-1.973512	0.261415	0.000000	0.000204	0.000000	0.000000	0.000000	1.609893	0.000000	0.000000	0.000000	0.000000
1761685651.552743673	-0.000000	0.001705	-0.006511	-0.048060	0.000000	0.000000	0.000000	-0.005349	0.015914	-0.252395	-0.000000	-0.000000	0.027138	0.247163	-1.972095	0.236467	-0.000000	0.000204	0.000000	0.000000	0.000000	1.410178	0.000000	0.000000	0.000000	0.000000
1761685651.653289318	-0.000000	0.001691	-0.006375	-0.088942	0.000000	0.000000	0.000000	-0.005282	0.015635	-0.257567	-0.000000	-0.000000	0.027138	0.246295	-1.970676	0.210911	-0.000000	0.000204	0.000000	0.000000	0.000000	1.178115	0.000000	0.000000	0.000000	0.000000
1761685651.753240824	-0.000000	0.001705	-0.006339	-0.047877	0.000000	0.000000	0.000000	-0.005279	0.015572	-0.265780	-0.000000	-0.000000	0.027138	0.245472	-1.969253	0.184703	-0.000000	0.000204	0.000000	0.000000	0.000000	0.949155	0.000000	0.000000	0.000000	0.000000
1761685651.853017092	-0.000000	0.001686	-0.006229	-0.050122	0.000000	0.000000	0.000000	-0.005187	0.015344	-0.271252	-0.000000	-0.000000	0.027138	0.244692	-1.967820	0.157778	-0.000000	0.000204	0.000000	0.000000	0.000000	0.708750	0.000000	0.000000	0.000000	0.000000
1761685651.952934265	-0.000000	0.001659	-0.006114	-0.043516	0.000000	0.000000	0.000000	-0.005066	0.015101	-0.276227	-0.000000	-0.000000	0.027138	0.243967	-1.966390	0.130364	-0.000000	0.000204	0.000000	0.000000	0.000000	0.474054	0.000000	0.000000	0.000000	0.000000
1761685652.052846670	-0.000000	0.001630	-0.006014	-0.036482	0.000000	0.000000	0.000000	-0.004918	0.014844	-0.280688	-0.000000	-0.000000	0.027139	0.243298	-1.964963	0.102476	-0.000000	0.000204	0.000000	0.000000	0.000000	0.277449	0.000000	0.000000	0.000000	0.000000
1761685652.152755737	-0.000000	0.001587	-0.005886	-0.042093	0.000000	0.000000	0.000000	-0.004737	0.014561	-0.284454	0.000000	-0.000000	0.027139	0.242687	-1.963544	0.074183	-0.000000	0.000204	0.000000	0.000000	0.000000	0.024084	0.000000	0.000000	0.000000	0.000000
1761685652.252809048	-0.000000	0.001543	-0.005773	-0.015656	0.000000	0.000000	0.000000	-0.004586	0.014359	-0.287868	0.000000	-0.000000	0.027139	0.242225	-1.962368	0.050311	-0.000000	0.000204	0.000000	0.000000	0.000000	-0.198890	0.000000	0.000000	0.000000	0.000000
1761685652.352884054	-0.000000	0.001481	-0.005626	0.033339	0.000000	0.000000	0.000000	-0.004350	0.014029	-0.290315	0.000000	-0.000000	0.027139	0.241728	-1.960968	0.021352	-0.000000	0.000204	0.000000	0.000000	0.000000	-0.396565	0.000000	0.000000	0.000000	0.000000
1761685652.452742577	-0.000000	0.001367	-0.005349	0.064612	0.000000	-0.000000	0.000000	-0.003978	0.013401	-0.287798	0.000000	0.000000	0.027139	0.241303	-1.959603	-0.007567	-0.000000	0.000204	0.000000	0.000000	0.000000	-0.599700	0.000000	0.000000	0.000000	0.000000
1761685652.553026438	-0.000000	0.001223	-0.004994	0.023100	-0.000000	-0.000000	0.000000	-0.003517	0.012583	-0.281858	0.000000	0.000000	0.027139	0.240958	-1.958303	-0.036022	-0.000000	0.000204	0.000000	0.000000	0.000000	-0.868227	0.000000	0.000000	0.000000	0.000000
1761685652.652872324	-0.000000	0.001104	-0.004721	-0.014223	0.000000	-0.000000	0.000000	-0.003117	0.011946	-0.278164	0.000000	0.000000	0.027139	0.240691	-1.957071	-0.063946	-0.000000	0.000204	0.000000	0.000000	0.000000	-1.133655	0.000000	0.000000	0.000000	0.000000
1761685652.752964973	-0.000000	0.001026	-0.004575	0.016619	-0.000000	-0.000000	0.000000	-0.002823	0.011598	-0.278342	0.000000	0.000000	0.027139	0.240488	-1.955882	-0.091731	-0.000000	0.000204	0.000000	0.000000	0.000000	-1.334308	0.000000	0.000000	0.000000	0.000000
1761685652.852749586	-0.000000	0.000942	-0.004420	0.084633	-0.000000	0.000000	0.000000	-0.002508	0.011224	-0.277708	0.000000	-0.000000	0.027139	0.240343	-1.954721	-0.119562	-0.000000	0.000204	0.000000	0.000000	0.000000	-1.492478	0.000000	0.000000	0.000000	0.000000
1761685652.952757835	-0.000000	0.000797	-0.004092	0.111372	-0.000000	-0.000000	0.000000	-0.002022	0.010438	-0.270379	0.000000	0.000000	0.027139	0.240263	-1.953623	-0.146953	-0.000000	0.000204	0.000000	0.000000	0.000000	-1.672988	0.000000	0.000000	0.000000	0.000000
1761685653.052738428	-0.000000	0.000632	-0.003701	0.050675	-0.000000	-0.000000	0.000000	-0.001469	0.009491	-0.260133	0.000000	0.000000	0.027139	0.240251	-1.952619	-0.173423	0.000000	0.000204	0.000000	0.000000	0.000000	-1.931920	0.000000	0.000000	0.000000	0.000000
1761685653.152843714	-0.000000	0.000531	-0.003483	0.035176	-0.000000	-0.000000	0.000000	-0.001046	0.008860	-0.254054	0.000000	0.000000	0.027139	0.240298	-1.951704	-0.199039	-0.000000	0.000204	0.000000	0.000000	0.000000	-2.112289	0.000000	0.000000	0.000000	0.000000
1761685653.252821922	-0.000000	0.000434	-0.003293	0.080750	0.000000	-0.000000	0.000000	-0.000749	0.008480	-0.250864	0.000000	0.000000	0.027139	0.240376	-1.950987	-0.220042	-0.000000	0.000204	0.000000	0.000000	0.000000	-2.260912	0.000000	0.000000	0.000000	0.000000
1761685653.352733850	-0.000000	0.000319	-0.003049	0.123268	-0.000000	-0.000000	0.000000	-0.000330	0.007865	-0.244308	0.000000	0.000000	0.027139	0.240511	-1.950183	-0.244797	0.000000	0.000204	0.000000	0.000000	0.000000	-2.401400	0.000000	0.000000	0.000000	0.000000
1761685653.453084946	-0.000000	0.000173	-0.002701	0.133493	0.000000	-0.000000	0.000000	0.000188	0.006991	-0.233398	-0.000000	0.000000	0.027139	0.240693	-1.949468	-0.268638	-0.000000	0.000204	0.000000	0.000000	0.000000	-2.557406	0.000000	0.000000	0.000000	0.000000
1761685653.552917957	-0.000000	0.000017	-0.002316	0.138343	-0.000000	-0.000000	0.000000	0.000741	0.006008	-0.220390	-0.000000	0.000000	0.027139	0.240918	-1.948866	-0.291231	0.000000	0.000204	0.000000	0.000000	0.000000	-2.703255	0.000000	0.000000	0.000000	0.000000
1761685653.652773142	-0.000000	-0.000136	-0.001931	0.140943	-0.000000	-0.000000	0.000000	0.001286	0.005016	-0.206717	-0.000000	0.000000	0.027139	0.241178	-1.948380	-0.312478	0.000000	0.000204	0.000000	0.000000	0.000000	-2.838646	0.000000	0.000000	0.000000	0.000000
1761685653.752858162	-0.000000	-0.000283	-0.001556	0.142458	0.000000	-0.000000	0.000000	0.001813	0.004034	-0.192710	-0.000000	0.000000	0.027139	0.241468	-1.948010	-0.332335	-0.000000	0.000204	0.000000	0.000000	0.000000	-2.962984	0.000000	0.000000	0.000000	0.000000
1761685653.852823734	-0.000000	-0.000423	-0.001193	0.143860	-0.000000	-0.000000	0.000000	0.002319	0.003070	-0.178514	-0.000000	0.000000	0.027139	0.241782	-1.947755	-0.350780	0.000000	0.000204	0.000000	0.000000	0.000000	-3.075580	0.000000	0.000000	0.000000	0.000000
1761685653.952759981	-0.000000	-0.000556	-0.000842	0.145446	0.000000	-0.000000	0.000000	0.002803	0.002126	-0.164175	-0.000000	0.000000	0.027139	0.242112	-1.947611	-0.367796	-0.000000	0.000204	0.000000	0.000000	0.000000	-3.176298	0.000000	0.000000	0.000000	0.000000
1761685654.052828312	-0.000000	-0.000681	-0.000502	0.147766	-0.000000	-0.000000	0.000000	0.003264	0.001199	-0.149683	-0.000000	0.000000	0.027139	0.242455	-1.947577	-0.383370	0.000000	0.000204	0.000000	0.000000	0.000000	-3.264612	0.000000	0.000000	0.000000	0.000000
1761685654.152783394	-0.000000	-0.000779	-0.000226	0.139655	-0.000000	-0.000000	0.000000	0.003703	0.000287	-0.134945	-0.000000	0.000000	0.027139	0.242805	-1.947650	-0.397480	0.000000	0.000204	0.000000	0.000000	0.000000	-3.340036	0.000000	0.000000	0.000000	0.000000
1761685654.252712250	-0.000000	-0.000886	0.000085	0.147579	-0.000000	-0.000000	0.000000	0.004037	-0.000425	-0.123172	-0.000000	0.000000	0.027139	0.243098	-1.947789	-0.408133	0.000000	0.000204	0.000000	0.000000	0.000000	-3.402421	0.000000	0.000000	0.000000	0.000000
1761685654.352758408	-0.000000	-0.000986	0.000402	0.157491	-0.000000	-0.000000	0.000000	0.004426	-0.001286	-0.108679	-0.000000	0.000000	0.027139	0.243450	-1.948045	-0.419613	0.000000	0.000204	0.000000	0.000000	0.000000	-3.451517	0.000000	0.000000	0.000000	0.000000
1761685654.452839136	-0.000000	-0.001069	0.000685	0.161193	-0.000000	-0.000000	0.000000	0.004818	-0.002192	-0.093095	-0.000000	0.000000	0.027139	0.243799	-1.948402	-0.429579	0.000000	0.000204	0.000000	0.000000	0.000000	-3.487163	0.000000	0.000000	0.000000	0.000000
1761685654.553343058	-0.000000	-0.001164	0.001038	0.174553	0.000000	-0.000000	0.000000	0.005200	-0.003112	-0.077037	-0.000000	0.000000	0.027138	0.244141	-1.948862	-0.437954	0.000000	0.000204	0.000000	0.000000	0.000000	-3.509001	0.000000	0.000000	0.000000	0.000000
1761685654.652736664	-0.000000	-0.001256	0.001418	0.188040	0.000000	-0.000000	0.000000	0.005524	-0.003922	-0.062714	-0.000000	0.000000	0.027138	0.244419	-1.949325	-0.443665	0.000000	0.000204	0.000000	0.000000	0.000000	-3.517181	0.000000	0.000000	0.000000	0.000000
1761685654.752888441	-0.000000	-0.001346	0.001832	0.193676	-0.000000	-0.000000	0.000000	0.005921	-0.004949	-0.044359	-0.000000	0.000000	0.027138	0.244743	-1.949980	-0.448881	0.000000	0.000204	0.000000	0.000000	0.000000	-3.511575	0.000000	0.000000	0.000000	0.000000
1761685654.853789568	-0.000000	-0.001418	0.002195	0.214353	-0.000000	-0.000000	0.000000	0.006316	-0.006002	-0.025086	-0.000000	0.000000	0.027138	0.245054	-1.950749	-0.452196	0.000000	0.000204	0.000000	0.000000	0.000000	-3.492254	0.000000	0.000000	0.000000	0.000000
1761685654.952757120	-0.000000	-0.001503	0.002674	0.226207	0.000000	-0.000000	0.000000	0.006665	-0.006955	-0.007568	-0.000000	0.000000	0.027138	0.245303	-1.951479	-0.453422	0.000000	0.000204	0.000000	0.000000	0.000000	-3.459245	0.000000	0.000000	0.000000	0.000000
1761685655.053031683	-0.000000	-0.001571	0.003105	0.241376	0.000000	-0.000000	0.000000	0.007093	-0.008151	0.014658	-0.000000	0.000000	0.027138	0.245590	-1.952469	-0.452896	0.000000	0.000204	0.000000	0.000000	0.000000	-3.412689	0.000000	0.000000	0.000000	0.000000
1761685655.152761459	-0.000000	-0.001650	0.003664	0.244734	0.000000	-0.000000	0.000000	0.007466	-0.009205	0.034520	-0.000000	0.000000	0.027138	0.245819	-1.953394	-0.450690	0.000000	0.000204	0.000000	0.000000	0.000000	-3.352787	0.000000	0.000000	0.000000	0.000000
1761685655.252784967	-0.000000	-0.001709	0.004147	0.253323	-0.000000	-0.000000	0.000000	0.007907	-0.010471	0.058881	-0.000000	0.000000	0.027138	0.246084	-1.954625	-0.445820	0.000000	0.000204	0.000000	0.000000	0.000000	-3.279770	0.000000	0.000000	0.000000	0.000000
1761685655.352749348	-0.000000	-0.001772	0.004743	0.242624	-0.000000	-0.000000	0.000000	0.008275	-0.011533	0.079848	-0.000000	0.000000	0.027138	0.246299	-1.955751	-0.439870	0.000000	0.000204	0.000000	0.000000	0.000000	-3.193893	0.000000	0.000000	0.000000	0.000000
1761685655.452903986	-0.000000	-0.001814	0.005227	0.243481	-0.000000	-0.000000	0.000000	0.008687	-0.012735	0.104467	-0.000000	0.000000	0.027138	0.246556	-1.957221	-0.430437	0.000000	0.000204	0.000000	0.000000	0.000000	-3.095559	0.000000	0.000000	0.000000	0.000000
1761685655.552884102	-0.000000	-0.001855	0.005788	0.219956	0.000000	-0.000000	0.000000	0.009076	-0.013869	0.128801	-0.000000	0.000000	0.027138	0.246817	-1.958809	-0.418572	0.000000	0.000204	0.000000	0.000000	0.000000	-2.985032	0.000000	0.000000	0.000000	0.000000
1761685655.653094530	-0.000000	-0.001882	0.006291	0.190465	-0.000000	-0.000000	0.000000	0.009406	-0.014833	0.151189	-0.000000	0.000000	0.027138	0.247090	-1.960503	-0.404369	0.000000	0.000204	0.000000	0.000000	0.000000	-2.862947	0.000000	0.000000	0.000000	0.000000
1761685655.752879381	-0.000000	-0.001895	0.006691	0.159062	0.000000	-0.000000	0.000000	0.009657	-0.015566	0.170727	-0.000000	0.000000	0.027138	0.247383	-1.962281	-0.388090	0.000000	0.000204	0.000000	0.000000	0.000000	-2.729639	0.000000	0.000000	0.000000	0.000000
1761685655.852858067	-0.000000	-0.001895	0.006975	0.128522	-0.000000	-0.000000	0.000000	0.009829	-0.016061	0.187156	-0.000000	0.000000	0.027138	0.247703	-1.964116	-0.370037	0.000000	0.000204	0.000000	0.000000	0.000000	-2.585593	0.000000	0.000000	0.000000	0.000000
1761685655.952766180	-0.000000	-0.001887	0.007145	0.100752	0.000000	-0.000000	0.000000	0.009926	-0.016328	0.200518	-0.000000	0.000000	0.027138	0.248057	-1.965984	-0.350521	0.000000	0.000204	0.000000	0.000000	0.000000	-2.431622	0.000000	0.000000	0.000000	0.000000
1761685656.052796602	-0.000000	-0.001872	0.007209	0.060932	0.000000	-0.000000	0.000000	0.009960	-0.016393	0.211056	-0.000000	0.000000	0.027138	0.248449	-1.967859	-0.329835	0.000000	0.000204	0.000000	0.000000	0.000000	-2.285915	0.000000	0.000000	0.000000	0.000000
1761685656.152740955	-0.000000	-0.001851	0.007147	0.016593	-0.000000	-0.000000	0.000000	0.009918	-0.016243	0.216797	-0.000000	0.000000	0.027137	0.248807	-1.969411	-0.311938	0.000000	0.000204	0.000000	0.000000	0.000000	-2.144817	0.000000	0.000000	0.000000	0.000000
1761685656.252839565	-0.000000	-0.001822	0.006941	0.008920	0.000000	-0.000000	0.000000	0.009784	-0.015818	0.219934	-0.000000	0.000000	0.027137	0.249273	-1.971233	-0.290026	0.000000	0.000204	0.000000	0.000000	0.000000	-1.969144	0.000000	0.000000	0.000000	0.000000
1761685656.352805853	-0.000000	-0.001791	0.006678	0.069125	-0.000000	-0.000000	0.000000	0.009615	-0.015277	0.221082	-0.000000	0.000000	0.027137	0.249777	-1.972989	-0.267957	0.000000	0.000204	0.000000	0.000000	0.000000	-1.722595	0.000000	0.000000	0.000000	0.000000
1761685656.453276873	-0.000000	-0.001779	0.006595	0.102542	0.000000	-0.000000	0.000000	0.009585	-0.015070	0.226991	-0.000000	0.000000	0.027137	0.250321	-1.974695	-0.245546	0.000000	0.000204	0.000000	0.000000	0.000000	-1.523166	0.000000	0.000000	0.000000	0.000000
1761685656.552763224	-0.000000	-0.001778	0.006615	0.054402	0.000000	-0.000000	0.000000	0.009669	-0.015120	0.236688	-0.000000	0.000000	0.027137	0.250907	-1.976385	-0.222305	0.000000	0.000204	0.000000	0.000000	0.000000	-1.363514	0.000000	0.000000	0.000000	0.000000
1761685656.652979374	-0.000000	-0.001775	0.006567	0.025454	0.000000	-0.000000	0.000000	0.009678	-0.014944	0.242931	-0.000000	0.000000	0.027137	0.251540	-1.978057	-0.198238	-0.000000	0.000204	0.000000	0.000000	0.000000	-1.179792	0.000000	0.000000	0.000000	0.000000
1761685656.753041029	-0.000000	-0.001767	0.006402	0.067163	0.000000	-0.000000	0.000000	0.009618	-0.014560	0.245959	-0.000000	0.000000	0.027137	0.252216	-1.979683	-0.173749	-0.000000	0.000204	0.000000	0.000000	0.000000	-0.923667	0.000000	0.000000	0.000000	0.000000
1761685656.852948427	-0.000000	-0.001767	0.006304	0.127796	0.000000	-0.000000	0.000000	0.009651	-0.014384	0.251980	-0.000000	0.000000	0.027137	0.252934	-1.981262	-0.148830	-0.000000	0.000204	0.000000	0.000000	0.000000	-0.638400	0.000000	0.000000	0.000000	0.000000
1761685656.952805281	-0.000000	-0.001786	0.006390	0.094498	0.000000	-0.000000	0.000000	0.009851	-0.014592	0.263749	0.000000	0.000000	0.027136	0.253704	-1.982827	-0.122988	-0.000000	0.000204	0.000000	0.000000	0.000000	-0.432594	0.000000	0.000000	0.000000	0.000000
1761685657.052784681	-0.000000	-0.001809	0.006471	0.039991	0.000000	-0.000000	0.000000	0.010022	-0.014680	0.273754	0.000000	0.000000	0.027136	0.254532	-1.984393	-0.096006	-0.000000	0.000204	0.000000	0.000000	0.000000	-0.239209	0.000000	0.000000	0.000000	0.000000
1761685657.152922392	-0.000000	-0.001824	0.006391	0.014047	0.000000	-0.000000	0.000000	0.010075	-0.014429	0.278661	0.000000	0.000000	0.027136	0.255415	-1.985925	-0.068307	-0.000000	0.000204	0.000000	0.000000	0.000000	-0.019880	0.000000	0.000000	0.000000	0.000000
1761685657.252863884	-0.000000	-0.001834	0.006197	0.023150	-0.000000	-0.000000	0.000000	0.010064	-0.013983	0.280498	0.000000	0.000000	0.027136	0.256342	-1.987395	-0.040316	-0.000000	0.000204	0.000000	0.000000	0.000000	0.231243	0.000000	0.000000	0.000000	0.000000
1761685657.352754354	-0.000000	-0.001847	0.006003	-0.010653	-0.000000	-0.000000	0.000000	0.010076	-0.013574	0.282662	0.000000	0.000000	0.027136	0.257311	-1.988794	-0.012146	0.000000	0.000204	0.000000	0.000000	0.000000	0.437153	0.000000	0.000000	0.000000	0.000000
1761685657.452769279	-0.000000	-0.001859	0.005756	-0.020877	-0.000000	0.000000	0.000000	0.010041	-0.013110	0.282337	0.000000	0.000000	0.027136	0.258148	-1.989903	0.011412	0.000000	0.000204	0.000000	0.000000	0.000000	0.664528	0.000000	0.000000	0.000000	0.000000
1761685657.552742243	-0.000000	-0.001868	0.005464	-0.014234	-0.000000	0.000000	0.000000	0.009975	-0.012484	0.280590	0.000000	-0.000000	0.027135	0.259179	-1.991152	0.039555	0.000000	0.000204	0.000000	0.000000	0.000000	0.904117	0.000000	0.000000	0.000000	0.000000
1761685657.652719259	-0.000000	-0.001879	0.005191	-0.013540	-0.000000	0.000000	0.000000	0.009924	-0.011892	0.278946	0.000000	-0.000000	0.027135	0.260236	-1.992309	0.067510	0.000000	0.000204	0.000000	0.000000	0.000000	1.135732	0.000000	0.000000	0.000000	0.000000
1761685657.752847910	-0.000000	-0.001892	0.004942	-0.013241	-0.000000	0.000000	0.000000	0.009890	-0.011344	0.277568	0.000000	-0.000000	0.027135	0.261315	-1.993381	0.095324	0.000000	0.000204	0.000000	0.000000	0.000000	1.366008	0.000000	0.000000	0.000000	0.000000
1761685657.852903366	-0.000000	-0.001907	0.004708	-0.028718	-0.000000	0.000000	0.000000	0.009868	-0.010825	0.276234	0.000000	-0.000000	0.027135	0.262415	-1.994370	0.123002	0.000000	0.000204	0.000000	0.000000	0.000000	1.577636	0.000000	0.000000	0.000000	0.000000
1761685657.952909946	-0.000000	-0.001919	0.004456	-0.073802	-0.000000	0.000000	0.000000	0.009827	-0.010264	0.273879	0.000000	-0.000000	0.027134	0.263532	-1.995277	0.150506	0.000000	0.000204	0.000000	0.000000	0.000000	1.752362	0.000000	0.000000	0.000000	0.000000
1761685658.052780628	-0.000000	-0.001921	0.004109	-0.092175	-0.000000	0.000000	0.000000	0.009699	-0.009498	0.268001	-0.000000	-0.000000	0.027134	0.264655	-1.996088	0.177601	0.000000	0.000204	0.000000	0.000000	0.000000	1.942320	0.000000	0.000000	0.000000	0.000000
1761685658.152923107	-0.000000	-0.001913	0.003699	-0.110637	-0.000000	0.000000	0.000000	0.009504	-0.008584	0.259396	-0.000000	-0.000000	0.027134	0.265764	-1.996787	0.203919	0.000000	0.000204	0.000000	0.000000	0.000000	2.117746	0.000000	0.000000	0.000000	0.000000
1761685658.253110886	-0.000000	-0.001894	0.003257	-0.100071	-0.000000	0.000000	0.000000	0.009260	-0.007588	0.248948	-0.000000	-0.000000	0.027134	0.266849	-1.997368	0.229270	0.000000	0.000204	0.000000	0.000000	0.000000	2.310981	0.000000	0.000000	0.000000	0.000000
1761685658.352885008	-0.000000	-0.001872	0.002843	-0.085989	-0.000000	0.000000	0.000000	0.009018	-0.006639	0.238589	-0.000000	-0.000000	0.027134	0.267900	-1.997832	0.253548	0.000000	0.000204	0.000000	0.000000	0.000000	2.498714	0.000000	0.000000	0.000000	0.000000
1761685658.452727318	-0.000000	-0.001852	0.002490	-0.097204	0.000000	0.000000	0.000000	0.008808	-0.005814	0.229520	-0.000000	-0.000000	0.027133	0.268918	-1.998192	0.276863	0.000000	0.000204	0.000000	0.000000	0.000000	2.653716	0.000000	0.000000	0.000000	0.000000
1761685658.553313971	-0.000000	-0.001830	0.002203	-0.085099	-0.000000	0.000000	0.000000	0.008583	-0.005001	0.219987	-0.000000	-0.000000	0.027133	0.269900	-1.998457	0.299266	-0.000000	0.000204	0.000000	0.000000	0.000000	2.798902	0.000000	0.000000	0.000000	0.000000
1761685658.652804375	-0.000000	-0.001804	0.001890	-0.101528	0.000000	0.000000	0.000000	0.008377	-0.004268	0.211275	-0.000000	-0.000000	0.027133	0.270843	-1.998634	0.320748	-0.000000	0.000204	0.000000	0.000000	0.000000	2.933459	0.000000	0.000000	0.000000	0.000000
1761685658.752745628	-0.000000	-0.001772	0.001574	-0.119229	0.000000	0.000000	0.000000	0.008138	-0.003489	0.201396	-0.000000	-0.000000	0.027133	0.271744	-1.998727	0.341311	-0.000000	0.000204	0.000000	0.000000	0.000000	3.056962	0.000000	0.000000	0.000000	0.000000
1761685658.852866888	-0.000000	-0.001728	0.001228	-0.135179	-0.000000	0.000000	0.000000	0.007847	-0.002624	0.189768	-0.000000	-0.000000	0.027133	0.272594	-1.998734	0.360785	-0.000000	0.000204	0.000000	0.000000	0.000000	3.169188	0.000000	0.000000	0.000000	0.000000
1761685658.952809095	-0.000000	-0.001673	0.000858	-0.149492	-0.000000	0.000000	0.000000	0.007507	-0.001685	0.176516	-0.000000	-0.000000	0.027132	0.273381	-1.998652	0.378999	0.000000	0.000204	0.000000	0.000000	0.000000	3.269199	0.000000	0.000000	0.000000	0.000000
1761685659.052890539	-0.000000	-0.001605	0.000469	-0.161856	-0.000000	0.000000	0.000000	0.007121	-0.000684	0.161805	-0.000000	-0.000000	0.027132	0.274096	-1.998479	0.395803	0.000000	0.000204	0.000000	0.000000	0.000000	3.356913	0.000000	0.000000	0.000000	0.000000
1761685659.153311968	-0.000000	-0.001524	0.000069	-0.172432	0.000000	0.000000	0.000000	0.006693	0.000365	0.145826	-0.000000	-0.000000	0.027132	0.274730	-1.998216	0.411060	0.000000	0.000204	0.000000	0.000000	0.000000	3.431939	0.000000	0.000000	0.000000	0.000000
1761685659.253006935	-0.000000	-0.001432	-0.000347	-0.181398	-0.000000	0.000000	0.000000	0.006228	0.001450	0.128759	-0.000000	-0.000000	0.027132	0.275275	-1.997865	0.424654	0.000000	0.000204	0.000000	0.000000	0.000000	3.494007	0.000000	0.000000	0.000000	0.000000
1761685659.352807999	-0.000000	-0.001328	-0.000782	-0.189111	-0.000000	0.000000	0.000000	0.005815	0.002373	0.113792	-0.000000	-0.000000	0.027132	0.275658	-1.997506	0.434641	0.000000	0.000204	0.000000	0.000000	0.000000	3.542733	0.000000	0.000000	0.000000	0.000000
1761685659.452732325	-0.000000	-0.001212	-0.001230	-0.195538	-0.000000	0.000000	0.000000	0.005292	0.003493	0.095138	-0.000000	-0.000000	0.027132	0.276027	-1.996997	0.444940	0.000000	0.000204	0.000000	0.000000	0.000000	3.578178	0.000000	0.000000	0.000000	0.000000
1761685659.552962780	-0.000000	-0.001108	-0.001612	-0.197725	0.000000	0.000000	0.000000	0.004742	0.004619	0.075798	-0.000000	-0.000000	0.027132	0.276294	-1.996408	0.453333	0.000000	0.000204	0.000000	0.000000	0.000000	3.599961	0.000000	0.000000	0.000000	0.000000
1761685659.652907848	-0.000000	-0.000975	-0.002072	-0.204943	0.000000	0.000000	0.000000	0.004175	0.005730	0.056062	-0.000000	-0.000000	0.027132	0.276457	-1.995740	0.459763	0.000000	0.000204	0.000000	0.000000	0.000000	3.608055	0.000000	0.000000	0.000000	0.000000
1761685659.752945423	-0.000000	-0.000833	-0.002538	-0.211373	-0.000000	0.000000	0.000000	0.003584	0.006843	0.035688	-0.000000	-0.000000	0.027132	0.276515	-1.994999	0.464186	0.000000	0.000204	0.000000	0.000000	0.000000	3.602493	0.000000	0.000000	0.000000	0.000000
1761685659.852853060	-0.000000	-0.000680	-0.003013	-0.216595	0.000000	0.000000	0.000000	0.002971	0.007957	0.014658	-0.000000	-0.000000	0.027132	0.276467	-1.994184	0.466533	0.000000	0.000204	0.000000	0.000000	0.000000	3.583274	0.000000	0.000000	0.000000	0.000000
1761685659.953149796	-0.000000	-0.000519	-0.003491	-0.220475	0.000000	0.000000	0.000000	0.002339	0.009065	-0.006914	-0.000000	-0.000000	0.027132	0.276312	-1.993299	0.466744	0.000000	0.000204	0.000000	0.000000	0.000000	3.550437	0.000000	0.000000	0.000000	0.000000
1761685660.052773476	-0.000000	-0.000350	-0.003970	-0.220514	-0.000000	0.000000	0.000000	0.001695	0.010158	-0.028897	-0.000000	-0.000000	0.027132	0.276052	-1.992343	0.464773	0.000000	0.000204	0.000000	0.000000	0.000000	3.504122	0.000000	0.000000	0.000000	0.000000
1761685660.152803659	-0.000000	-0.000176	-0.004439	-0.215507	-0.000000	0.000000	0.000000	0.001049	0.011212	-0.050948	-0.000000	-0.000000	0.027132	0.275689	-1.991320	0.460597	0.000000	0.000204	0.000000	0.000000	0.000000	3.444378	0.000000	0.000000	0.000000	0.000000
1761685660.252761602	-0.000000	-0.000001	-0.004884	-0.205432	-0.000000	0.000000	0.000000	0.000417	0.012196	-0.072582	-0.000000	-0.000000	0.027132	0.275230	-1.990232	0.454236	0.000000	0.000204	0.000000	0.000000	0.000000	3.372025	0.000000	0.000000	0.000000	0.000000
1761685660.352782249	-0.000000	0.000169	-0.005289	-0.191986	-0.000000	0.000000	0.000000	-0.000085	0.012936	-0.089869	-0.000000	-0.000000	0.027132	0.274779	-1.989280	0.447318	0.000000	0.000204	0.000000	0.000000	0.000000	3.286605	0.000000	0.000000	0.000000	0.000000
1761685660.452829123	-0.000000	0.000332	-0.005644	-0.176003	0.000000	0.000000	0.000000	-0.000653	0.013720	-0.109516	-0.000000	-0.000000	0.027132	0.274168	-1.988086	0.437170	0.000000	0.000204	0.000000	0.000000	0.000000	3.188854	0.000000	0.000000	0.000000	0.000000
1761685660.552801132	-0.000000	0.000457	-0.005882	-0.180845	-0.000000	0.000000	0.000000	-0.001160	0.014349	-0.127383	-0.000000	-0.000000	0.027132	0.273493	-1.986845	0.425165	0.000000	0.000204	0.000000	0.000000	0.000000	3.078267	0.000000	0.000000	0.000000	0.000000
1761685660.652935743	-0.000000	0.000609	-0.006160	-0.162263	-0.000000	0.000000	0.000000	-0.001578	0.014861	-0.142372	-0.000000	-0.000000	0.027133	0.272889	-1.985777	0.413803	0.000000	0.000204	0.000000	0.000000	0.000000	2.957639	0.000000	0.000000	0.000000	0.000000
1761685660.752753973	-0.000000	0.000752	-0.006395	-0.142518	0.000000	0.000000	0.000000	-0.002037	0.015382	-0.159218	-0.000000	-0.000000	0.027133	0.272119	-1.984456	0.398563	-0.000000	0.000204	0.000000	0.000000	0.000000	2.825010	0.000000	0.000000	0.000000	0.000000
1761685660.852738619	-0.000000	0.000876	-0.006561	-0.123260	0.000000	0.000000	0.000000	-0.002428	0.015756	-0.174128	-0.000000	-0.000000	0.027133	0.271316	-1.983098	0.381749	0.000000	0.000204	0.000000	0.000000	0.000000	2.681932	0.000000	0.000000	0.000000	0.000000
1761685660.952734470	-0.000000	0.000975	-0.006649	-0.106551	0.000000	0.000000	0.000000	-0.002740	0.015964	-0.186775	-0.000000	-0.000000	0.027133	0.270494	-1.981714	0.363585	0.000000	0.000204	0.000000	0.000000	0.000000	2.528829	0.000000	0.000000	0.000000	0.000000
1761685661.052716732	-0.000000	0.001056	-0.006682	-0.108232	-0.000000	0.000000	0.000000	-0.002989	0.016054	-0.197709	-0.000000	-0.000000	0.027133	0.269668	-1.980311	0.344258	0.000000	0.000204	0.000000	0.000000	0.000000	2.348997	0.000000	0.000000	0.000000	0.000000
1761685661.152728081	-0.000000	0.001131	-0.006710	-0.119239	0.000000	0.000000	0.000000	-0.003216	0.016134	-0.208504	-0.000000	-0.000000	0.027133	0.268846	-1.978893	0.323859	0.000000	0.000204	0.000000	0.000000	0.000000	2.149298	0.000000	0.000000	0.000000	0.000000
1761685661.252770901	-0.000000	0.001213	-0.006767	-0.093658	0.000000	0.000000	0.000000	-0.003450	0.016276	-0.220244	-0.000000	-0.000000	0.027134	0.268028	-1.977454	0.302331	0.000000	0.000204	0.000000	0.000000	0.000000	1.976108	0.000000	0.000000	0.000000	0.000000
1761685661.352752447	-0.000000	0.001270	-0.006765	-0.076374	0.000000	0.000000	0.000000	-0.003613	0.016292	-0.230036	-0.000000	-0.000000	0.027134	0.267220	-1.975995	0.279718	-0.000000	0.000204	0.000000	0.000000	0.000000	1.788242	0.000000	0.000000	0.000000	0.000000
1761685661.452781200	-0.000000	0.001305	-0.006708	-0.046615	0.000000	0.000000	0.000000	-0.003708	0.016189	-0.237962	-0.000000	-0.000000	0.027134	0.266436	-1.974527	0.256240	-0.000000	0.000204	0.000000	0.000000	0.000000	1.609869	0.000000	0.000000	0.000000	0.000000
1761685661.552719116	-0.000000	0.001309	-0.006574	-0.036795	0.000000	0.000000	0.000000	-0.003712	0.015917	-0.243119	-0.000000	-0.000000	0.027134	0.265688	-1.973061	0.232122	-0.000000	0.000204	0.000000	0.000000	0.000000	1.410289	0.000000	0.000000	0.000000	0.000000
1761685661.653043032	-0.000000	0.001298	-0.006436	-0.090246	0.000000	0.000000	0.000000	-0.003666	0.015575	-0.246962	-0.000000	-0.000000	0.027134	0.264985	-1.971608	0.207579	-0.000000	0.000204	0.000000	0.000000	0.000000	1.176517	0.000000	0.000000	0.000000	0.000000
1761685661.752751112	-0.000000	0.001317	-0.006381	-0.092344	0.000000	0.000000	0.000000	-0.003718	0.015532	-0.255096	-0.000000	-0.000000	0.027134	0.264322	-1.970157	0.182446	-0.000000	0.000204	0.000000	0.000000	0.000000	0.949273	0.000000	0.000000	0.000000	0.000000
1761685661.852747679	-0.000000	0.001351	-0.006391	-0.094038	0.000000	0.000000	0.000000	-0.003773	0.015564	-0.262757	0.000000	-0.000000	0.027134	0.263793	-1.968934	0.160806	-0.000000	0.000204	0.000000	0.000000	0.000000	0.708840	0.000000	0.000000	0.000000	0.000000
1761685661.952933788	-0.000000	0.001383	-0.006412	-0.081639	-0.000000	0.000000	0.000000	-0.003823	0.015620	-0.272104	0.000000	-0.000000	0.027135	0.263187	-1.967448	0.133987	-0.000000	0.000204	0.000000	0.000000	0.000000	0.474125	0.000000	0.000000	0.000000	0.000000
1761685662.052780628	-0.000000	0.001404	-0.006413	-0.027758	0.000000	0.000000	0.000000	-0.003833	0.015634	-0.280681	0.000000	-0.000000	0.027135	0.262619	-1.965943	0.106263	-0.000000	0.000204	0.000000	0.000000	0.000000	0.277470	0.000000	0.000000	0.000000	0.000000
1761685662.152915478	-0.000000	0.001378	-0.006301	-0.030461	0.000000	0.000000	0.000000	-0.003719	0.015394	-0.285253	0.000000	-0.000000	0.027135	0.262099	-1.964432	0.077868	-0.000000	0.000204	0.000000	0.000000	0.000000	0.023974	0.000000	0.000000	0.000000	0.000000
1761685662.252913713	-0.000000	0.001341	-0.006173	-0.044844	-0.000000	0.000000	0.000000	-0.003548	0.015066	-0.288209	0.000000	-0.000000	0.027135	0.261640	-1.962939	0.049173	-0.000000	0.000204	0.000000	0.000000	0.000000	-0.199075	0.000000	0.000000	0.000000	0.000000
1761685662.352769375	-0.000000	0.001305	-0.006062	0.008260	-0.000000	0.000000	0.000000	-0.003399	0.014844	-0.292454	0.000000	-0.000000	0.027135	0.261242	-1.961460	0.020115	-0.000000	0.000204	0.000000	0.000000	0.000000	-0.396766	0.000000	0.000000	0.000000	0.000000
1761685662.452795744	-0.000000	0.001236	-0.005873	0.051173	-0.000000	0.000000	0.000000	-0.003179	0.014458	-0.292650	0.000000	-0.000000	0.027135	0.260958	-1.960244	-0.004296	-0.000000	0.000204	0.000000	0.000000	0.000000	-0.599825	0.000000	0.000000	0.000000	0.000000
1761685662.552768469	-0.000000	0.001120	-0.005562	0.020312	-0.000000	-0.000000	0.000000	-0.002736	0.013631	-0.288111	0.000000	0.000000	0.027135	0.260686	-1.958832	-0.033393	-0.000000	0.000204	0.000000	0.000000	0.000000	-0.868271	0.000000	0.000000	0.000000	0.000000
1761685662.652829409	-0.000000	0.001012	-0.005288	-0.009483	-0.000000	-0.000000	0.000000	-0.002393	0.013047	-0.285904	0.000000	0.000000	0.027135	0.260490	-1.957485	-0.062077	-0.000000	0.000204	0.000000	0.000000	0.000000	-1.133596	0.000000	0.000000	0.000000	0.000000
1761685662.752776384	-0.000000	0.000937	-0.005119	0.026723	-0.000000	-0.000000	0.000000	-0.002129	0.012694	-0.286017	0.000000	0.000000	0.027135	0.260343	-1.955970	-0.095398	-0.000000	0.000204	0.000000	0.000000	0.000000	-1.334356	0.000000	0.000000	0.000000	0.000000
1761685662.852832079	-0.000000	0.000849	-0.004923	0.098159	-0.000000	-0.000000	0.000000	-0.001797	0.012203	-0.283948	0.000000	0.000000	0.027135	0.260285	-1.954716	-0.123904	0.000000	0.000204	0.000000	0.000000	0.000000	-1.492533	0.000000	0.000000	0.000000	0.000000
1761685662.952862024	-0.000000	0.000706	-0.004572	0.129801	-0.000000	-0.000000	0.000000	-0.001297	0.011309	-0.275323	-0.000000	0.000000	0.027135	0.260293	-1.953536	-0.151845	-0.000000	0.000204	0.000000	0.000000	0.000000	-1.673068	0.000000	0.000000	0.000000	0.000000
1761685663.052946806	-0.000000	0.000528	-0.004115	0.069331	0.000000	-0.000000	0.000000	-0.000710	0.010199	-0.265033	-0.000000	0.000000	0.027135	0.260355	-1.952638	-0.174292	-0.000000	0.000204	0.000000	0.000000	0.000000	-1.931761	0.000000	0.000000	0.000000	0.000000
1761685663.152728796	-0.000000	0.000387	-0.003764	0.079305	-0.000000	-0.000000	0.000000	-0.000259	0.009427	-0.254929	-0.000000	0.000000	0.027135	0.260513	-1.951507	-0.204455	0.000000	0.000204	0.000000	0.000000	0.000000	-2.112362	0.000000	0.000000	0.000000	0.000000
1761685663.252764702	-0.000000	0.000265	-0.003470	0.115935	-0.000000	-0.000000	0.000000	0.000100	0.008825	-0.248486	-0.000000	0.000000	0.027135	0.260669	-1.950769	-0.225382	0.000000	0.000204	0.000000	0.000000	0.000000	-2.260784	0.000000	0.000000	0.000000	0.000000
1761685663.352794647	-0.000000	0.000124	-0.003117	0.145652	0.000000	-0.000000	0.000000	0.000587	0.007957	-0.238114	-0.000000	0.000000	0.027135	0.260900	-1.949968	-0.249667	-0.000000	0.000204	0.000000	0.000000	0.000000	-2.401477	0.000000	0.000000	0.000000	0.000000
1761685663.452779531	-0.000000	-0.000038	-0.002697	0.144049	-0.000000	-0.000000	0.000000	0.001139	0.006911	-0.224539	-0.000000	0.000000	0.027135	0.261175	-1.949281	-0.272719	0.000000	0.000204	0.000000	0.000000	0.000000	-2.557348	0.000000	0.000000	0.000000	0.000000
1761685663.552761555	-0.000000	-0.000197	-0.002277	0.138581	-0.000000	-0.000000	0.000000	0.001685	0.005850	-0.210108	-0.000000	0.000000	0.027135	0.261490	-1.948719	-0.294330	0.000000	0.000204	0.000000	0.000000	0.000000	-2.703289	0.000000	0.000000	0.000000	0.000000
1761685663.652743816	-0.000000	-0.000343	-0.001889	0.133158	0.000000	-0.000000	0.000000	0.002194	0.004854	-0.196158	-0.000000	0.000000	0.027135	0.261835	-1.948277	-0.314523	-0.000000	0.000204	0.000000	0.000000	0.000000	-2.838677	0.000000	0.000000	0.000000	0.000000
1761685663.752738476	-0.000000	-0.000477	-0.001533	0.128964	-0.000000	-0.000000	0.000000	0.002664	0.003926	-0.182752	-0.000000	0.000000	0.027135	0.262205	-1.947948	-0.333353	0.000000	0.000204	0.000000	0.000000	0.000000	-2.962868	0.000000	0.000000	0.000000	0.000000
1761685663.852722645	-0.000000	-0.000599	-0.001202	0.126457	0.000000	-0.000000	0.000000	0.003098	0.003055	-0.169786	-0.000000	0.000000	0.027135	0.262593	-1.947725	-0.350869	0.000000	0.000204	0.000000	0.000000	0.000000	-3.075593	0.000000	0.000000	0.000000	0.000000
1761685663.952771664	-0.000000	-0.000712	-0.000892	0.126203	-0.000000	-0.000000	0.000000	0.003502	0.002227	-0.157099	-0.000000	0.000000	0.027135	0.262994	-1.947603	-0.367106	0.000000	0.000204	0.000000	0.000000	0.000000	-3.176245	0.000000	0.000000	0.000000	0.000000
1761685664.052931547	-0.000000	-0.000817	-0.000595	0.128239	-0.000000	-0.000000	0.000000	0.003882	0.001426	-0.144474	-0.000000	0.000000	0.027134	0.263403	-1.947576	-0.382079	0.000000	0.000204	0.000000	0.000000	0.000000	-3.264559	0.000000	0.000000	0.000000	0.000000
1761685664.152840376	-0.000000	-0.000900	-0.000353	0.120933	0.000000	-0.000000	0.000000	0.004245	0.000635	-0.131684	-0.000000	0.000000	0.027134	0.263818	-1.947642	-0.395782	0.000000	0.000204	0.000000	0.000000	0.000000	-3.340024	0.000000	0.000000	0.000000	0.000000
1761685664.252753258	-0.000000	-0.000990	-0.000081	0.130855	0.000000	-0.000000	0.000000	0.004521	0.000018	-0.121485	-0.000000	0.000000	0.027134	0.264164	-1.947766	-0.406242	0.000000	0.000204	0.000000	0.000000	0.000000	-3.402434	0.000000	0.000000	0.000000	0.000000
1761685664.352749825	-0.000000	-0.001076	0.000196	0.143554	-0.000000	-0.000000	0.000000	0.004847	-0.000741	-0.108730	-0.000000	0.000000	0.027134	0.264577	-1.947994	-0.417657	0.000000	0.000204	0.000000	0.000000	0.000000	-3.451594	0.000000	0.000000	0.000000	0.000000
1761685664.452812195	-0.000000	-0.001150	0.000452	0.150051	-0.000000	-0.000000	0.000000	0.005188	-0.001569	-0.094586	-0.000000	0.000000	0.027134	0.264987	-1.948312	-0.427714	0.000000	0.000204	0.000000	0.000000	0.000000	-3.487087	0.000000	0.000000	0.000000	0.000000
1761685664.552764893	-0.000000	-0.001236	0.000778	0.166793	0.000000	-0.000000	0.000000	0.005472	-0.002286	-0.082190	-0.000000	0.000000	0.027134	0.265322	-1.948650	-0.434980	-0.000000	0.000204	0.000000	0.000000	0.000000	-3.508998	0.000000	0.000000	0.000000	0.000000
1761685664.652784824	-0.000000	-0.001323	0.001138	0.183749	0.000000	-0.000000	0.000000	0.005827	-0.003212	-0.066069	-0.000000	0.000000	0.027134	0.265716	-1.949147	-0.442277	-0.000000	0.000204	0.000000	0.000000	0.000000	-3.517181	0.000000	0.000000	0.000000	0.000000
1761685664.752882481	-0.000000	-0.001397	0.001472	0.198788	-0.000000	-0.000000	0.000000	0.006203	-0.004226	-0.048259	-0.000000	0.000000	0.027134	0.266097	-1.949750	-0.447864	0.000000	0.000204	0.000000	0.000000	0.000000	-3.511587	0.000000	0.000000	0.000000	0.000000
1761685664.852751017	-0.000000	-0.001487	0.001918	0.214905	-0.000000	-0.000000	0.000000	0.006537	-0.005145	-0.031944	-0.000000	0.000000	0.027134	0.266405	-1.950340	-0.451078	0.000000	0.000204	0.000000	0.000000	0.000000	-3.492253	0.000000	0.000000	0.000000	0.000000
1761685664.952801228	-0.000000	-0.001575	0.002408	0.228599	0.000000	-0.000000	0.000000	0.006952	-0.006316	-0.010991	-0.000000	0.000000	0.027134	0.266760	-1.951159	-0.453068	0.000000	0.000204	0.000000	0.000000	0.000000	-3.459248	0.000000	0.000000	0.000000	0.000000
1761685665.052795649	-0.000000	-0.001646	0.002851	0.245114	-0.000000	-0.000000	0.000000	0.007385	-0.007555	0.011641	-0.000000	0.000000	0.027134	0.267099	-1.952107	-0.452857	0.000000	0.000204	0.000000	0.000000	0.000000	-3.412683	0.000000	0.000000	0.000000	0.000000
1761685665.152834415	-0.000000	-0.001728	0.003424	0.250289	-0.000000	-0.000000	0.000000	0.007837	-0.008870	0.035877	-0.000000	0.000000	0.027134	0.267424	-1.953189	-0.450290	0.000000	0.000204	0.000000	0.000000	0.000000	-3.352771	0.000000	0.000000	0.000000	0.000000
1761685665.252727032	-0.000000	-0.001802	0.004025	0.246669	-0.000000	-0.000000	0.000000	0.008211	-0.009971	0.056648	-0.000000	0.000000	0.027134	0.267686	-1.954196	-0.446265	0.000000	0.000204	0.000000	0.000000	0.000000	-3.279668	0.000000	0.000000	0.000000	0.000000
1761685665.352753878	-0.000000	-0.001853	0.004515	0.251575	-0.000000	-0.000000	0.000000	0.008565	-0.011023	0.077264	-0.000000	0.000000	0.027134	0.267941	-1.955296	-0.440511	0.000000	0.000204	0.000000	0.000000	0.000000	-3.193854	0.000000	0.000000	0.000000	0.000000
1761685665.452719688	-0.000000	-0.001906	0.005111	0.234278	-0.000000	-0.000000	0.000000	0.008983	-0.012270	0.102258	-0.000000	0.000000	0.027134	0.268244	-1.956733	-0.431332	0.000000	0.000204	0.000000	0.000000	0.000000	-3.095482	0.000000	0.000000	0.000000	0.000000
1761685665.552807093	-0.000000	-0.001939	0.005566	0.232726	0.000000	-0.000000	0.000000	0.009352	-0.013381	0.125974	-0.000000	0.000000	0.027133	0.268549	-1.958290	-0.419711	0.000000	0.000204	0.000000	0.000000	0.000000	-2.985051	0.000000	0.000000	0.000000	0.000000
1761685665.652821064	-0.000000	-0.001969	0.006094	0.204394	-0.000000	-0.000000	0.000000	0.009702	-0.014427	0.149273	-0.000000	0.000000	0.027133	0.268863	-1.959955	-0.405754	0.000000	0.000204	0.000000	0.000000	0.000000	-2.862885	0.000000	0.000000	0.000000	0.000000
1761685665.752786636	-0.000000	-0.001986	0.006549	0.171431	0.000000	-0.000000	0.000000	0.009939	-0.015140	0.166778	-0.000000	0.000000	0.027133	0.269139	-1.961415	-0.392423	0.000000	0.000204	0.000000	0.000000	0.000000	-2.729587	0.000000	0.000000	0.000000	0.000000
1761685665.852765799	-0.000000	-0.001990	0.006886	0.138248	0.000000	-0.000000	0.000000	0.010153	-0.015780	0.185020	-0.000000	0.000000	0.027133	0.269492	-1.963233	-0.374645	0.000000	0.000204	0.000000	0.000000	0.000000	-2.585604	0.000000	0.000000	0.000000	0.000000
1761685665.953183174	-0.000000	-0.001985	0.007071	0.136953	0.000000	-0.000000	0.000000	0.010285	-0.016172	0.199951	-0.000000	0.000000	0.027133	0.269877	-1.965096	-0.355235	0.000000	0.000204	0.000000	0.000000	0.000000	-2.431422	0.000000	0.000000	0.000000	0.000000
1761685666.052801132	-0.000000	-0.001976	0.007235	0.090843	0.000000	-0.000000	0.000000	0.010393	-0.016459	0.213667	-0.000000	0.000000	0.027133	0.270299	-1.966983	-0.334439	0.000000	0.000204	0.000000	0.000000	0.000000	-2.285835	0.000000	0.000000	0.000000	0.000000
1761685666.152731895	-0.000000	-0.001961	0.007287	0.036544	0.000000	-0.000000	0.000000	0.010413	-0.016479	0.223520	-0.000000	0.000000	0.027133	0.270762	-1.968877	-0.312465	0.000000	0.000204	0.000000	0.000000	0.000000	-2.144766	0.000000	0.000000	0.000000	0.000000
1761685666.252754688	-0.000000	-0.001936	0.007159	0.018724	-0.000000	-0.000000	0.000000	0.010329	-0.016212	0.227471	-0.000000	0.000000	0.027133	0.271181	-1.970434	-0.293611	0.000000	0.000204	0.000000	0.000000	0.000000	-1.969118	0.000000	0.000000	0.000000	0.000000
1761685666.352839231	-0.000000	-0.001907	0.006933	0.069772	-0.000000	-0.000000	0.000000	0.010184	-0.015748	0.229937	-0.000000	0.000000	0.027133	0.271722	-1.972251	-0.270700	0.000000	0.000204	0.000000	0.000000	0.000000	-1.722515	0.000000	0.000000	0.000000	0.000000
1761685666.452744484	-0.000000	-0.001890	0.006811	0.066710	0.000000	-0.000000	0.000000	0.010130	-0.015482	0.235213	-0.000000	0.000000	0.027133	0.272303	-1.974013	-0.247456	-0.000000	0.000204	0.000000	0.000000	0.000000	-1.523388	0.000000	0.000000	0.000000	0.000000
1761685666.553023815	-0.000000	-0.001881	0.006746	0.017409	0.000000	-0.000000	0.000000	0.010130	-0.015327	0.241986	-0.000000	0.000000	0.027133	0.272929	-1.975746	-0.223536	-0.000000	0.000204	0.000000	0.000000	0.000000	-1.363609	0.000000	0.000000	0.000000	0.000000
1761685666.652746677	-0.000000	-0.001867	0.006573	-0.006860	0.000000	-0.000000	0.000000	0.010058	-0.014959	0.245370	-0.000000	0.000000	0.027132	0.273599	-1.977438	-0.199085	-0.000000	0.000204	0.000000	0.000000	0.000000	-1.179773	0.000000	0.000000	0.000000	0.000000
1761685666.752856731	-0.000000	-0.001849	0.006298	0.041818	0.000000	-0.000000	0.000000	0.009916	-0.014389	0.245493	-0.000000	0.000000	0.027132	0.274307	-1.979061	-0.174514	-0.000000	0.000204	0.000000	0.000000	0.000000	-0.923459	0.000000	0.000000	0.000000	0.000000
1761685666.852941275	-0.000000	-0.001840	0.006116	0.110076	0.000000	-0.000000	0.000000	0.009853	-0.013998	0.248052	0.000000	0.000000	0.027132	0.275052	-1.980613	-0.149870	-0.000000	0.000204	0.000000	0.000000	0.000000	-0.638344	0.000000	0.000000	0.000000	0.000000
1761685666.953273773	-0.000000	-0.001853	0.006146	0.084455	0.000000	-0.000000	0.000000	0.009968	-0.014029	0.256784	0.000000	0.000000	0.027132	0.275841	-1.982131	-0.124631	-0.000000	0.000204	0.000000	0.000000	0.000000	-0.432927	0.000000	0.000000	0.000000	0.000000
1761685667.052738428	-0.000000	-0.001871	0.006198	0.037930	-0.000000	-0.000000	0.000000	0.010113	-0.014101	0.266084	0.000000	0.000000	0.027132	0.276684	-1.983643	-0.098382	-0.000000	0.000204	0.000000	0.000000	0.000000	-0.239119	0.000000	0.000000	0.000000	0.000000
1761685667.152785301	-0.000000	-0.001881	0.006140	0.054207	-0.000000	-0.000000	0.000000	0.010170	-0.013912	0.271428	0.000000	0.000000	0.027132	0.277576	-1.985125	-0.071410	0.000000	0.000204	0.000000	0.000000	0.000000	-0.020706	0.000000	0.000000	0.000000	0.000000
1761685667.252769232	-0.000000	-0.001895	0.006047	0.062643	-0.000000	-0.000000	0.000000	0.010237	-0.013712	0.276577	0.000000	0.000000	0.027131	0.278514	-1.986560	-0.043978	0.000000	0.000204	0.000000	0.000000	0.000000	0.231330	0.000000	0.000000	0.000000	0.000000
1761685667.352733135	-0.000000	-0.001916	0.005995	0.020861	-0.000000	-0.000000	0.000000	0.010325	-0.013604	0.281657	0.000000	0.000000	0.027131	0.279333	-1.987723	-0.020681	0.000000	0.000204	0.000000	0.000000	0.000000	0.437276	0.000000	0.000000	0.000000	0.000000
1761685667.452743292	-0.000000	-0.001934	0.005865	0.000903	-0.000000	-0.000000	0.000000	0.010377	-0.013309	0.285136	0.000000	0.000000	0.027131	0.280360	-1.989075	0.007734	0.000000	0.000204	0.000000	0.000000	0.000000	0.664568	0.000000	0.000000	0.000000	0.000000
1761685667.552732468	-0.000000	-0.001949	0.005653	-0.002044	-0.000000	-0.000000	0.000000	0.010371	-0.012848	0.285891	0.000000	0.000000	0.027131	0.281425	-1.990357	0.036314	0.000000	0.000204	0.000000	0.000000	0.000000	0.904233	0.000000	0.000000	0.000000	0.000000
1761685667.652793884	-0.000000	-0.001963	0.005424	-0.010203	0.000000	0.000000	0.000000	0.010356	-0.012348	0.285785	0.000000	-0.000000	0.027131	0.282522	-1.991558	0.064900	0.000000	0.000204	0.000000	0.000000	0.000000	1.135751	0.000000	0.000000	0.000000	0.000000
1761685667.752747059	-0.000000	-0.001978	0.005187	-0.017178	-0.000000	0.000000	0.000000	0.010336	-0.011828	0.285037	0.000000	-0.000000	0.027130	0.283647	-1.992676	0.093444	0.000000	0.000204	0.000000	0.000000	0.000000	1.366013	0.000000	0.000000	0.000000	0.000000
1761685667.852727890	-0.000000	-0.001993	0.004939	-0.038055	-0.000000	0.000000	0.000000	0.010307	-0.011284	0.283551	0.000000	-0.000000	0.027130	0.284795	-1.993710	0.121869	0.000000	0.000204	0.000000	0.000000	0.000000	1.577655	0.000000	0.000000	0.000000	0.000000
1761685667.952780247	-0.000000	-0.002004	0.004654	-0.087060	-0.000000	0.000000	0.000000	0.010244	-0.010659	0.280442	0.000000	-0.000000	0.027130	0.285959	-1.994653	0.150066	0.000000	0.000204	0.000000	0.000000	0.000000	1.751875	0.000000	0.000000	0.000000	0.000000
1761685668.052922249	-0.000000	-0.002003	0.004263	-0.106414	-0.000000	0.000000	0.000000	0.010083	-0.009802	0.273369	-0.000000	-0.000000	0.027130	0.287126	-1.995492	0.177752	0.000000	0.000204	0.000000	0.000000	0.000000	1.942363	0.000000	0.000000	0.000000	0.000000
1761685668.152782917	-0.000000	-0.001990	0.003804	-0.125209	0.000000	0.000000	0.000000	0.009848	-0.008789	0.263373	-0.000000	-0.000000	0.027129	0.288276	-1.996208	0.204527	0.000000	0.000204	0.000000	0.000000	0.000000	2.117370	0.000000	0.000000	0.000000	0.000000
1761685668.252748728	-0.000000	-0.001971	0.003398	-0.086104	-0.000000	0.000000	0.000000	0.009564	-0.007694	0.251479	-0.000000	-0.000000	0.027129	0.289396	-1.996796	0.230191	-0.000000	0.000204	0.000000	0.000000	0.000000	2.311002	0.000000	0.000000	0.000000	0.000000
1761685668.352876902	-0.000000	-0.001950	0.002991	-0.076293	0.000000	0.000000	0.000000	0.009346	-0.006816	0.242216	-0.000000	-0.000000	0.027129	0.290481	-1.997264	0.254772	-0.000000	0.000204	0.000000	0.000000	0.000000	2.498933	0.000000	0.000000	0.000000	0.000000
1761685668.452813148	-0.000000	-0.001934	0.002664	-0.094479	-0.000000	0.000000	0.000000	0.009168	-0.006073	0.234424	-0.000000	-0.000000	0.027129	0.291539	-1.997636	0.278532	-0.000000	0.000204	0.000000	0.000000	0.000000	2.653803	0.000000	0.000000	0.000000	0.000000
1761685668.552708387	-0.000000	-0.001912	0.002330	-0.112595	0.000000	0.000000	0.000000	0.008989	-0.005410	0.226854	-0.000000	-0.000000	0.027129	0.292396	-1.997875	0.297699	-0.000000	0.000204	0.000000	0.000000	0.000000	2.798961	0.000000	0.000000	0.000000	0.000000
1761685668.653121233	-0.000000	-0.001878	0.001963	-0.128213	0.000000	0.000000	0.000000	0.008731	-0.004539	0.216198	-0.000000	-0.000000	0.027128	0.293386	-1.998074	0.319783	-0.000000	0.000204	0.000000	0.000000	0.000000	2.933533	0.000000	0.000000	0.000000	0.000000
1761685668.753592491	-0.000000	-0.001841	0.001633	-0.120076	-0.000000	0.000000	0.000000	0.008418	-0.003583	0.203637	0.000000	-0.000000	0.027128	0.294322	-1.998174	0.340681	0.000000	0.000204	0.000000	0.000000	0.000000	3.057072	0.000000	0.000000	0.000000	0.000000
1761685668.852851152	-0.000000	-0.001792	0.001260	-0.135442	0.000000	0.000000	0.000000	0.008110	-0.002683	0.191494	-0.000000	-0.000000	0.027128	0.295199	-1.998178	0.360330	-0.000000	0.000204	0.000000	0.000000	0.000000	3.169106	0.000000	0.000000	0.000000	0.000000
1761685668.952732325	-0.000000	-0.001735	0.000887	-0.150785	-0.000000	0.000000	0.000000	0.007825	-0.001902	0.180463	-0.000000	-0.000000	0.027128	0.295881	-1.998112	0.375745	0.000000	0.000204	0.000000	0.000000	0.000000	3.269171	0.000000	0.000000	0.000000	0.000000
1761685669.052759409	-0.000000	-0.001665	0.000495	-0.163975	-0.000000	0.000000	0.000000	0.007440	-0.000905	0.165896	-0.000000	-0.000000	0.027128	0.296635	-1.997950	0.392959	0.000000	0.000204	0.000000	0.000000	0.000000	3.356986	0.000000	0.000000	0.000000	0.000000
1761685669.152763605	-0.000000	-0.001597	0.000158	-0.162659	-0.000000	0.000000	0.000000	0.007011	0.000147	0.149938	-0.000000	-0.000000	0.027128	0.297307	-1.997697	0.408632	0.000000	0.000204	0.000000	0.000000	0.000000	3.432010	0.000000	0.000000	0.000000	0.000000
1761685669.253065109	-0.000000	-0.001508	-0.000244	-0.175771	-0.000000	0.000000	0.000000	0.006564	0.001185	0.133650	-0.000000	-0.000000	0.027127	0.297893	-1.997355	0.422675	0.000000	0.000204	0.000000	0.000000	0.000000	3.493981	0.000000	0.000000	0.000000	0.000000
1761685669.352738380	-0.000000	-0.001408	-0.000661	-0.188159	-0.000000	0.000000	0.000000	0.006163	0.002078	0.119221	-0.000000	-0.000000	0.027127	0.298312	-1.997007	0.433098	0.000000	0.000204	0.000000	0.000000	0.000000	3.542763	0.000000	0.000000	0.000000	0.000000
1761685669.453086853	-0.000000	-0.001294	-0.001105	-0.198737	0.000000	0.000000	0.000000	0.005645	0.003190	0.100818	-0.000000	-0.000000	0.027127	0.298726	-1.996511	0.443960	0.000000	0.000204	0.000000	0.000000	0.000000	3.578128	0.000000	0.000000	0.000000	0.000000
1761685669.552728415	-0.000000	-0.001167	-0.001572	-0.207043	-0.000000	0.000000	0.000000	0.005086	0.004341	0.081121	-0.000000	-0.000000	0.027127	0.299038	-1.995933	0.452901	0.000000	0.000204	0.000000	0.000000	0.000000	3.599992	0.000000	0.000000	0.000000	0.000000
1761685669.652707100	-0.000000	-0.001028	-0.002055	-0.213817	0.000000	0.000000	0.000000	0.004496	0.005508	0.060555	-0.000000	-0.000000	0.027127	0.299242	-1.995273	0.459819	0.000000	0.000204	0.000000	0.000000	0.000000	3.608055	0.000000	0.000000	0.000000	0.000000
1761685669.752683640	-0.000000	-0.000877	-0.002546	-0.218961	0.000000	0.000000	0.000000	0.003880	0.006680	0.039286	-0.000000	-0.000000	0.027127	0.299335	-1.994534	0.464638	0.000000	0.000204	0.000000	0.000000	0.000000	3.602499	0.000000	0.000000	0.000000	0.000000
1761685669.852828264	-0.000000	-0.000718	-0.003043	-0.222624	-0.000000	0.000000	0.000000	0.003245	0.007843	0.017476	-0.000000	-0.000000	0.027127	0.299318	-1.993719	0.467298	0.000000	0.000204	0.000000	0.000000	0.000000	3.583258	0.000000	0.000000	0.000000	0.000000
1761685669.952785254	-0.000000	-0.000550	-0.003538	-0.224694	0.000000	0.000000	0.000000	0.002595	0.008989	-0.004726	-0.000000	-0.000000	0.027127	0.299190	-1.992830	0.467753	-0.000000	0.000204	0.000000	0.000000	0.000000	3.550457	0.000000	0.000000	0.000000	0.000000
1761685670.052860022	-0.000000	-0.000376	-0.004027	-0.225714	-0.000000	0.000000	0.000000	0.001937	0.010106	-0.027161	-0.000000	-0.000000	0.027127	0.298954	-1.991870	0.465973	0.000000	0.000204	0.000000	0.000000	0.000000	3.504214	0.000000	0.000000	0.000000	0.000000
1761685670.152806520	-0.000000	-0.000197	-0.004507	-0.214893	-0.000000	0.000000	0.000000	0.001277	0.011187	-0.049715	-0.000000	-0.000000	0.027127	0.298612	-1.990840	0.461942	0.000000	0.000204	0.000000	0.000000	0.000000	3.444626	0.000000	0.000000	0.000000	0.000000
1761685670.252753735	-0.000000	-0.000050	-0.004874	-0.217602	-0.000000	0.000000	0.000000	0.000642	0.012168	-0.071385	-0.000000	-0.000000	0.027127	0.298172	-1.989745	0.455699	0.000000	0.000204	0.000000	0.000000	0.000000	3.371932	0.000000	0.000000	0.000000	0.000000
1761685670.352716923	-0.000000	0.000127	-0.005303	-0.203396	-0.000000	0.000000	0.000000	0.000115	0.012961	-0.089473	-0.000000	-0.000000	0.027127	0.297736	-1.988785	0.448848	0.000000	0.000204	0.000000	0.000000	0.000000	3.286656	0.000000	0.000000	0.000000	0.000000
1761685670.452754259	-0.000000	0.000300	-0.005694	-0.185172	-0.000000	0.000000	0.000000	-0.000488	0.013822	-0.110286	-0.000000	-0.000000	0.027128	0.297136	-1.987578	0.438670	0.000000	0.000204	0.000000	0.000000	0.000000	3.188902	0.000000	0.000000	0.000000	0.000000
1761685670.552821875	-0.000000	0.000459	-0.006007	-0.165944	-0.000000	0.000000	0.000000	-0.001025	0.014511	-0.129107	-0.000000	-0.000000	0.027128	0.296467	-1.986320	0.426531	0.000000	0.000204	0.000000	0.000000	0.000000	3.079071	0.000000	0.000000	0.000000	0.000000
1761685670.652658224	-0.000000	0.000603	-0.006249	-0.146634	0.000000	0.000000	0.000000	-0.001499	0.015047	-0.146022	-0.000000	-0.000000	0.027128	0.295744	-1.985018	0.412620	0.000000	0.000204	0.000000	0.000000	0.000000	2.957690	0.000000	0.000000	0.000000	0.000000
1761685670.752776146	-0.000000	0.000728	-0.006423	-0.128553	0.000000	0.000000	0.000000	-0.001907	0.015437	-0.161007	-0.000000	-0.000000	0.027128	0.294982	-1.983682	0.397131	0.000000	0.000204	0.000000	0.000000	0.000000	2.825066	0.000000	0.000000	0.000000	0.000000
1761685670.852758169	-0.000000	0.000836	-0.006534	-0.112315	0.000000	0.000000	0.000000	-0.002252	0.015692	-0.174164	-0.000000	-0.000000	0.027128	0.294197	-1.982319	0.380250	0.000000	0.000204	0.000000	0.000000	0.000000	2.681934	0.000000	0.000000	0.000000	0.000000
1761685670.952923298	-0.000000	0.000925	-0.006590	-0.098485	0.000000	0.000000	0.000000	-0.002536	0.015830	-0.185666	-0.000000	-0.000000	0.027128	0.293399	-1.980936	0.362151	0.000000	0.000204	0.000000	0.000000	0.000000	2.528766	0.000000	0.000000	0.000000	0.000000
1761685671.052702427	-0.000000	0.000998	-0.006601	-0.103157	0.000000	0.000000	0.000000	-0.002766	0.015873	-0.195745	-0.000000	-0.000000	0.027129	0.292601	-1.979540	0.342987	-0.000000	0.000204	0.000000	0.000000	0.000000	2.348955	0.000000	0.000000	0.000000	0.000000
1761685671.152684689	-0.000000	0.001068	-0.006618	-0.117072	-0.000000	0.000000	0.000000	-0.002983	0.015927	-0.205983	-0.000000	-0.000000	0.027129	0.291808	-1.978132	0.322819	0.000000	0.000204	0.000000	0.000000	0.000000	2.149302	0.000000	0.000000	0.000000	0.000000
1761685671.252985001	-0.000000	0.001134	-0.006662	-0.125451	0.000000	0.000000	0.000000	-0.003215	0.016064	-0.217458	-0.000000	-0.000000	0.027129	0.291021	-1.976706	0.301561	0.000000	0.000204	0.000000	0.000000	0.000000	1.976195	0.000000	0.000000	0.000000	0.000000
1761685671.352814913	-0.000000	0.001219	-0.006741	-0.105651	0.000000	0.000000	0.000000	-0.003414	0.016228	-0.227773	-0.000000	-0.000000	0.027129	0.290367	-1.975496	0.282928	0.000000	0.000204	0.000000	0.000000	0.000000	1.788216	0.000000	0.000000	0.000000	0.000000
1761685671.452972412	-0.000000	0.001279	-0.006784	-0.102744	0.000000	0.000000	0.000000	-0.003604	0.016348	-0.238998	-0.000000	-0.000000	0.027129	0.289590	-1.974020	0.259474	-0.000000	0.000204	0.000000	0.000000	0.000000	1.609902	0.000000	0.000000	0.000000	0.000000
1761685671.552759647	-0.000000	0.001337	-0.006805	-0.079488	0.000000	0.000000	0.000000	-0.003749	0.016409	-0.249321	-0.000000	-0.000000	0.027129	0.288831	-1.972522	0.234970	-0.000000	0.000204	0.000000	0.000000	0.000000	1.410255	0.000000	0.000000	0.000000	0.000000
1761685671.652792931	-0.000000	0.001373	-0.006778	-0.081417	0.000000	0.000000	0.000000	-0.003819	0.016345	-0.257657	-0.000000	-0.000000	0.027129	0.288219	-1.971262	0.213830	-0.000000	0.000204	0.000000	0.000000	0.000000	1.178113	0.000000	0.000000	0.000000	0.000000
1761685671.752767086	-0.000000	0.001399	-0.006736	-0.074220	0.000000	0.000000	0.000000	-0.003864	0.016274	-0.265767	-0.000000	-0.000000	0.027130	0.287517	-1.969740	0.187728	-0.000000	0.000204	0.000000	0.000000	0.000000	0.949366	0.000000	0.000000	0.000000	0.000000
1761685671.852762222	-0.000000	0.001416	-0.006688	-0.071586	0.000000	0.000000	0.000000	-0.003875	0.016178	-0.273309	-0.000000	-0.000000	0.027130	0.286854	-1.968209	0.160832	-0.000000	0.000204	0.000000	0.000000	0.000000	0.708844	0.000000	0.000000	0.000000	0.000000
1761685671.952907562	-0.000000	0.001424	-0.006633	-0.057683	0.000000	0.000000	0.000000	-0.003857	0.016073	-0.280511	0.000000	-0.000000	0.027130	0.286235	-1.966671	0.133199	-0.000000	0.000204	0.000000	0.000000	0.000000	0.474216	0.000000	0.000000	0.000000	0.000000
1761685672.052824497	-0.000000	0.001418	-0.006556	-0.004891	0.000000	0.000000	0.000000	-0.003790	0.015903	-0.285550	0.000000	-0.000000	0.027130	0.285664	-1.965128	0.104888	-0.000000	0.000204	0.000000	0.000000	0.000000	0.277533	0.000000	0.000000	0.000000	0.000000
1761685672.152770519	-0.000000	0.001367	-0.006369	-0.011435	0.000000	0.000000	0.000000	-0.003585	0.015447	-0.287880	0.000000	-0.000000	0.027130	0.285151	-1.963595	0.076144	-0.000000	0.000204	0.000000	0.000000	0.000000	0.023132	0.000000	0.000000	0.000000	0.000000
1761685672.252750874	-0.000000	0.001301	-0.006155	0.009679	0.000000	0.000000	0.000000	-0.003360	0.014994	-0.288915	0.000000	-0.000000	0.027130	0.284707	-1.962096	0.047317	-0.000000	0.000204	0.000000	0.000000	0.000000	-0.199073	0.000000	0.000000	0.000000	0.000000
1761685672.352859735	-0.000000	0.001221	-0.005921	0.051490	-0.000000	-0.000000	0.000000	-0.003085	0.014462	-0.288299	0.000000	0.000000	0.027130	0.284333	-1.960630	0.018437	-0.000000	0.000204	0.000000	0.000000	0.000000	-0.396505	0.000000	0.000000	0.000000	0.000000
1761685672.452728748	-0.000000	0.001107	-0.005602	0.077655	-0.000000	-0.000000	0.000000	-0.002773	0.013841	-0.284705	0.000000	0.000000	0.027130	0.284032	-1.959216	-0.010237	-0.000000	0.000204	0.000000	0.000000	0.000000	-0.599768	0.000000	0.000000	0.000000	0.000000
1761685672.552836180	-0.000000	0.000966	-0.005213	0.030890	-0.000000	-0.000000	0.000000	-0.002330	0.012959	-0.277811	0.000000	0.000000	0.027130	0.283811	-1.957878	-0.038334	-0.000000	0.000204	0.000000	0.000000	0.000000	-0.868469	0.000000	0.000000	0.000000	0.000000
1761685672.652868032	-0.000000	0.000875	-0.004977	-0.043853	-0.000000	-0.000000	0.000000	-0.001975	0.012321	-0.273943	0.000000	0.000000	0.027130	0.283664	-1.956613	-0.065857	-0.000000	0.000204	0.000000	0.000000	0.000000	-1.133436	0.000000	0.000000	0.000000	0.000000
1761685672.752911329	-0.000000	0.000826	-0.004877	-0.011303	0.000000	0.000000	0.000000	-0.001803	0.012170	-0.277083	0.000000	-0.000000	0.027130	0.283574	-1.955384	-0.093382	-0.000000	0.000204	0.000000	0.000000	0.000000	-1.334230	0.000000	0.000000	0.000000	0.000000
1761685672.852859259	-0.000000	0.000779	-0.004796	0.063477	-0.000000	0.000000	0.000000	-0.001627	0.011988	-0.278567	0.000000	-0.000000	0.027130	0.283537	-1.954369	-0.116565	0.000000	0.000204	0.000000	0.000000	0.000000	-1.492508	0.000000	0.000000	0.000000	0.000000
1761685672.952998877	-0.000000	0.000674	-0.004554	0.101222	0.000000	-0.000000	0.000000	-0.001192	0.011296	-0.274712	0.000000	0.000000	0.027130	0.283545	-1.953191	-0.144280	-0.000000	0.000204	0.000000	0.000000	0.000000	-1.673108	0.000000	0.000000	0.000000	0.000000
1761685673.053092957	-0.000000	0.000527	-0.004184	0.047977	-0.000000	-0.000000	0.000000	-0.000776	0.010542	-0.265848	-0.000000	0.000000	0.027130	0.283618	-1.952097	-0.171276	0.000000	0.000204	0.000000	0.000000	0.000000	-1.931890	0.000000	0.000000	0.000000	0.000000
1761685673.152751684	-0.000000	0.000407	-0.003896	0.065610	-0.000000	-0.000000	0.000000	-0.000359	0.009849	-0.259275	-0.000000	0.000000	0.027130	0.283750	-1.951097	-0.197418	0.000000	0.000204	0.000000	0.000000	0.000000	-2.112343	0.000000	0.000000	0.000000	0.000000
1761685673.252804041	-0.000000	0.000298	-0.003641	0.109373	0.000000	-0.000000	0.000000	0.000031	0.009230	-0.253302	-0.000000	0.000000	0.027130	0.283933	-1.950166	-0.223017	-0.000000	0.000204	0.000000	0.000000	0.000000	-2.260723	0.000000	0.000000	0.000000	0.000000
1761685673.352800369	-0.000000	0.000163	-0.003306	0.145303	-0.000000	-0.000000	0.000000	0.000500	0.008410	-0.243824	-0.000000	0.000000	0.027130	0.284165	-1.949320	-0.247843	0.000000	0.000204	0.000000	0.000000	0.000000	-2.401296	0.000000	0.000000	0.000000	0.000000
1761685673.452759981	-0.000000	0.000000	-0.002884	0.148368	0.000000	-0.000000	0.000000	0.001052	0.007366	-0.230491	-0.000000	0.000000	0.027130	0.284442	-1.948586	-0.271487	0.000000	0.000204	0.000000	0.000000	0.000000	-2.557300	0.000000	0.000000	0.000000	0.000000
1761685673.552744865	-0.000000	-0.000166	-0.002445	0.146352	-0.000000	-0.000000	0.000000	0.001617	0.006266	-0.215756	-0.000000	0.000000	0.027130	0.284761	-1.947980	-0.293680	0.000000	0.000204	0.000000	0.000000	0.000000	-2.703185	0.000000	0.000000	0.000000	0.000000
1761685673.652714252	-0.000000	-0.000323	-0.002028	0.142789	-0.000000	-0.000000	0.000000	0.002155	0.005203	-0.201054	-0.000000	0.000000	0.027130	0.285112	-1.947501	-0.314396	0.000000	0.000204	0.000000	0.000000	0.000000	-2.838688	0.000000	0.000000	0.000000	0.000000
1761685673.752753496	-0.000000	-0.000468	-0.001638	0.139247	-0.000000	-0.000000	0.000000	0.002659	0.004194	-0.186656	-0.000000	0.000000	0.027130	0.285490	-1.947143	-0.333657	0.000000	0.000204	0.000000	0.000000	0.000000	-2.963077	0.000000	0.000000	0.000000	0.000000
1761685673.852859259	-0.000000	-0.000578	-0.001338	0.120738	-0.000000	-0.000000	0.000000	0.003123	0.003249	-0.172673	-0.000000	0.000000	0.027130	0.285886	-1.946899	-0.351505	0.000000	0.000204	0.000000	0.000000	0.000000	-3.075589	0.000000	0.000000	0.000000	0.000000
1761685673.952749729	-0.000000	-0.000694	-0.001021	0.124004	-0.000000	-0.000000	0.000000	0.003523	0.002432	-0.160290	-0.000000	0.000000	0.027130	0.286297	-1.946759	-0.368037	0.000000	0.000204	0.000000	0.000000	0.000000	-3.176215	0.000000	0.000000	0.000000	0.000000
1761685674.052767515	-0.000000	-0.000799	-0.000725	0.130268	-0.000000	-0.000000	0.000000	0.003839	0.001773	-0.150011	-0.000000	0.000000	0.027130	0.286646	-1.946715	-0.380882	0.000000	0.000204	0.000000	0.000000	0.000000	-3.264735	0.000000	0.000000	0.000000	0.000000
1761685674.153188944	-0.000000	-0.000885	-0.000478	0.126311	0.000000	-0.000000	0.000000	0.004212	0.000967	-0.137193	-0.000000	0.000000	0.027130	0.287069	-1.946748	-0.395143	0.000000	0.000204	0.000000	0.000000	0.000000	-3.340021	0.000000	0.000000	0.000000	0.000000
1761685674.252728224	-0.000000	-0.000980	-0.000192	0.139028	-0.000000	-0.000000	0.000000	0.004502	0.000320	-0.126601	-0.000000	0.000000	0.027130	0.287424	-1.946847	-0.406044	0.000000	0.000204	0.000000	0.000000	0.000000	-3.402421	0.000000	0.000000	0.000000	0.000000
1761685674.352830410	-0.000000	-0.001058	0.000052	0.144404	-0.000000	-0.000000	0.000000	0.004853	-0.000493	-0.113122	-0.000000	0.000000	0.027130	0.287848	-1.947050	-0.417932	0.000000	0.000204	0.000000	0.000000	0.000000	-3.451485	0.000000	0.000000	0.000000	0.000000
1761685674.452806711	-0.000000	-0.001151	0.000365	0.161989	0.000000	-0.000000	0.000000	0.005205	-0.001343	-0.098771	-0.000000	0.000000	0.027129	0.288268	-1.947348	-0.428410	0.000000	0.000204	0.000000	0.000000	0.000000	-3.487060	0.000000	0.000000	0.000000	0.000000
1761685674.552735567	-0.000000	-0.001245	0.000712	0.179731	0.000000	-0.000000	0.000000	0.005513	-0.002118	-0.085565	-0.000000	0.000000	0.027129	0.288612	-1.947672	-0.435991	0.000000	0.000204	0.000000	0.000000	0.000000	-3.509014	0.000000	0.000000	0.000000	0.000000
1761685674.652802944	-0.000000	-0.001325	0.001036	0.193203	-0.000000	-0.000000	0.000000	0.005902	-0.003130	-0.068184	-0.000000	0.000000	0.027129	0.289015	-1.948161	-0.443553	-0.000000	0.000204	0.000000	0.000000	0.000000	-3.517181	0.000000	0.000000	0.000000	0.000000
1761685674.752747774	-0.000000	-0.001422	0.001468	0.210126	0.000000	-0.000000	0.000000	0.006244	-0.004044	-0.052308	-0.000000	0.000000	0.027129	0.289342	-1.948657	-0.448449	0.000000	0.000204	0.000000	0.000000	0.000000	-3.511600	0.000000	0.000000	0.000000	0.000000
1761685674.852671862	-0.000000	-0.001518	0.001943	0.221073	0.000000	-0.000000	0.000000	0.006668	-0.005210	-0.031859	-0.000000	0.000000	0.027129	0.289720	-1.949364	-0.452506	0.000000	0.000204	0.000000	0.000000	0.000000	-3.492258	0.000000	0.000000	0.000000	0.000000
1761685674.952805519	-0.000000	-0.001596	0.002370	0.240729	-0.000000	-0.000000	0.000000	0.007103	-0.006435	-0.009935	-0.000000	0.000000	0.027129	0.290082	-1.950200	-0.454420	0.000000	0.000204	0.000000	0.000000	0.000000	-3.459225	0.000000	0.000000	0.000000	0.000000
1761685675.052755356	-0.000000	-0.001686	0.002928	0.250857	-0.000000	-0.000000	0.000000	0.007485	-0.007528	0.009798	-0.000000	0.000000	0.027129	0.290372	-1.950999	-0.454272	0.000000	0.000204	0.000000	0.000000	0.000000	-3.412716	0.000000	0.000000	0.000000	0.000000
1761685675.152908325	-0.000000	-0.001757	0.003425	0.263273	-0.000000	-0.000000	0.000000	0.007949	-0.008879	0.034547	-0.000000	0.000000	0.027129	0.290706	-1.952085	-0.451860	0.000000	0.000204	0.000000	0.000000	0.000000	-3.352822	0.000000	0.000000	0.000000	0.000000
1761685675.252733707	-0.000000	-0.001836	0.004056	0.258849	-0.000000	-0.000000	0.000000	0.008424	-0.010276	0.060667	-0.000000	0.000000	0.027129	0.291026	-1.953315	-0.446890	0.000000	0.000204	0.000000	0.000000	0.000000	-3.279605	0.000000	0.000000	0.000000	0.000000
1761685675.352851391	-0.000000	-0.001901	0.004690	0.244616	-0.000000	-0.000000	0.000000	0.008801	-0.011396	0.082312	-0.000000	0.000000	0.027129	0.291285	-1.954449	-0.440750	0.000000	0.000204	0.000000	0.000000	0.000000	-3.193921	0.000000	0.000000	0.000000	0.000000
1761685675.452772141	-0.000000	-0.001944	0.005188	0.243269	-0.000000	-0.000000	0.000000	0.009209	-0.012631	0.107248	-0.000000	0.000000	0.027129	0.291593	-1.955931	-0.431049	0.000000	0.000204	0.000000	0.000000	0.000000	-3.095526	0.000000	0.000000	0.000000	0.000000
1761685675.552739620	-0.000000	-0.001982	0.005757	0.217360	0.000000	-0.000000	0.000000	0.009525	-0.013587	0.127542	-0.000000	0.000000	0.027129	0.291852	-1.957256	-0.421096	0.000000	0.000204	0.000000	0.000000	0.000000	-2.985056	0.000000	0.000000	0.000000	0.000000
1761685675.652723074	-0.000000	-0.002004	0.006181	0.211072	0.000000	-0.000000	0.000000	0.009851	-0.014583	0.150142	-0.000000	0.000000	0.027129	0.292172	-1.958947	-0.406994	0.000000	0.000204	0.000000	0.000000	0.000000	-2.863010	0.000000	0.000000	0.000000	0.000000
1761685675.752728462	-0.000000	-0.002019	0.006630	0.177997	0.000000	-0.000000	0.000000	0.010089	-0.015301	0.167836	-0.000000	0.000000	0.027129	0.292452	-1.960423	-0.393594	0.000000	0.000204	0.000000	0.000000	0.000000	-2.729290	0.000000	0.000000	0.000000	0.000000
1761685675.853066921	-0.000000	-0.002021	0.006913	0.172363	0.000000	-0.000000	0.000000	0.010300	-0.015935	0.186187	-0.000000	0.000000	0.027128	0.292811	-1.962260	-0.375717	0.000000	0.000204	0.000000	0.000000	0.000000	-2.585610	0.000000	0.000000	0.000000	0.000000
1761685675.953055859	-0.000000	-0.002021	0.007210	2.390507	0.000000	-0.000000	0.000000	0.010456	-0.016388	0.200645	-0.000000	0.000000	0.027128	0.293134	-1.963832	-0.359476	0.000000	0.000204	0.000000	0.000000	0.000000	0.000000	0.000000	0.000000	0.000000	0.000000
1761685676.052666187	-0.000000	-0.002255	0.011964	1.858836	-0.000013	-0.000014	-0.000000	0.013813	-0.024844	0.339723	0.000005	0.000002	0.027128	0.293574	-1.966116	-0.333329	0.000000	0.000204	0.000000	0.000000	0.000000	0.000000	0.000000	0.000000	0.000000	0.000000
1761685676.152866602	-0.000000	-0.002206	0.019425	0.944337	-0.000017	-0.000009	-0.000000	0.018425	-0.036170	0.527960	0.000005	0.000001	0.027128	0.294183	-1.969624	-0.288278	0.000001	0.000204	0.000000	0.000000	0.000000	0.000000	0.000000	0.000000	0.000000	0.000000
1761685676.252834558	-0.000000	-0.002042	0.023633	0.091370	-0.000016	-0.000002	-0.000000	0.021063	-0.041743	0.637635	0.000003	0.000000	0.027128	0.295109	-1.973991	-0.228450	0.000001	0.000204	0.000000	0.000000	0.000000	0.000000	0.000000	0.000000	0.000000	0.000000
1761685676.352867126	-0.000000	-0.002129	0.023411	-0.503553	-0.000014	-0.000000	-0.000000	0.021606	-0.041249	0.660988	0.000002	0.000000	0.027128	0.296405	-1.978513	-0.162733	0.000001	0.000204	0.000000	0.000000	0.000000	0.000000	0.000000	0.000000	0.000000	0.000000
1761685676.453372478	-0.000000	-0.002413	0.020087	-0.762881	-0.000011	-0.000000	-0.000000	0.020617	-0.036551	0.620548	0.000000	0.000000	0.027127	0.297991	-1.982629	-0.098580	0.000002	0.000204	0.000000	0.000000	0.000000	0.000000	0.000000	0.000000	0.000000	0.000000
1761685676.552961349	0.000000	-0.002638	0.016458	-1.005419	-0.000009	-0.000000	0.000000	0.018860	-0.030064	0.548582	-0.000001	0.000000	0.027127	0.299718	-1.986041	-0.040544	0.000002	0.000204	0.000000	0.000000	0.000000	0.000000	0.000000	0.000000	0.000000	0.000000
1761685676.652765751	-0.000000	-0.002787	0.011738	-1.089799	-0.000006	-0.000000	0.000000	0.016457	-0.022306	0.452083	-0.000002	0.000000	0.027127	0.301424	-1.988628	0.008853	0.000001	0.000204	0.000000	0.000000	0.000000	0.000000	0.000000	0.000000	0.000000	0.000000
1761685676.752886295	-0.000000	-0.002719	0.007238	-1.088896	-0.000003	-0.000000	0.000000	0.013710	-0.014240	0.344509	-0.000002	0.000000	0.027126	0.302957	-1.990344	0.047845	0.000001	0.000204	0.000000	0.000000	0.000000	0.000000	0.000000	0.000000	0.000000	0.000000
1761685676.852835894	-0.000000	-0.002423	0.003412	-1.040087	-0.000000	-0.000000	0.000000	0.011334	-0.007774	0.253753	-0.000003	0.000000	0.027126	0.304029	-1.991141	0.072016	0.000001	0.000204	0.000000	0.000000	0.000000	0.000000	0.000000	0.000000	0.000000	0.000000
1761685676.952855587	-0.000000	-0.001940	0.000361	-0.959779	0.000002	-0.000000	0.000000	0.008507	-0.000526	0.148117	-0.000003	0.000000	0.027126	0.305019	-1.991408	0.091175	0.000001	0.000204	0.000000	0.000000	0.000000	0.000000	0.000000	0.000000	0.000000	0.000000
1761685677.052865744	-0.000000	-0.001340	-0.002187	-0.857416	0.000003	-0.000000	0.000000	0.005851	0.005845	0.050801	-0.000003	0.000000	0.027126	0.305678	-1.991018	0.100254	0.000000	0.000204	0.000000	0.000000	0.000000	0.000000	0.000000	0.000000	0.000000	0.000000
1761685677.153510809	-0.000000	-0.000670	-0.004658	-0.723771	0.000004	-0.000000	0.000000	0.003369	0.011506	-0.038353	-0.000002	0.000000	0.027126	0.306021	-1.990054	0.100019	0.000000	0.000204	0.000000	0.000000	0.000000	0.000000	0.000000	0.000000	0.000000	0.000000
1761685677.252787590	-0.000000	-0.000011	-0.006829	-0.528177	0.000005	-0.000000	0.000000	0.001203	0.016151	-0.115185	-0.000002	0.000000	0.027126	0.306089	-1.988607	0.091554	-0.000000	0.000204	0.000000	0.000000	0.000000	0.000000	0.000000	0.000000	0.000000	0.000000
1761685677.352950573	-0.000000	0.000510	-0.008322	-0.302782	0.000005	-0.000000	0.000000	-0.000392	0.019210	-0.171262	-0.000001	0.000000	0.027126	0.305961	-1.986808	0.076628	-0.000000	0.000204	0.000000	0.000000	0.000000	0.000000	0.000000	0.000000	0.000000	0.000000
1761685677.452794313	-0.000000	0.000884	-0.009193	-0.069665	0.000005	-0.000000	0.000000	-0.001486	0.020963	-0.209054	-0.000001	0.000000	0.027126	0.305716	-1.984779	0.057047	-0.000000	0.000204	0.000000	0.000000	0.000000	0.000000	0.000000	0.000000	0.000000	0.000000
1761685677.552814722	-0.000000	0.000984	-0.009122	0.123798	0.000004	-0.000000	0.000000	-0.001826	0.020849	-0.219906	-0.000001	0.000000	0.027126	0.305448	-1.982689	0.035347	-0.000000	0.000204	0.000000	0.000000	0.000000	0.000000	0.000000	0.000000	0.000000	0.000000
1761685677.652914762	-0.000000	0.000873	-0.008395	0.244553	0.000003	-0.000000	0.000000	-0.001610	0.019427	-0.210750	-0.000000	0.000000	0.027126	0.305225	-1.980684	0.013756	-0.000000	0.000204	0.000000	0.000000	0.000000	0.000000	0.000000	0.000000	0.000000	0.000000
1761685677.752833843	0.000000	0.000680	-0.007485	0.362567	0.000003	-0.000000	0.000000	-0.001030	0.017195	-0.188307	0.000000	0.000000	0.027126	0.305090	-1.978868	-0.006094	-0.000000	0.000204	0.000000	0.000000	0.000000	0.000000	0.000000	0.000000	0.000000	0.000000
1761685677.852828264	0.000000	0.000369	-0.006144	0.432012	0.000002	-0.000000	-0.000000	-0.000133	0.014270	-0.154018	0.000000	0.000000	0.027126	0.305057	-1.977552	-0.020439	-0.000000	0.000204	0.000000	0.000000	0.000000	0.000000	0.000000	0.000000	0.000000	0.000000
1761685677.952966452	0.000000	0.000017	-0.004657	0.459905	0.000001	-0.000000	-0.000000	0.000772	0.011515	-0.119174	0.000001	0.000000	0.027126	0.305124	-1.976263	-0.034137	-0.000000	0.000204	0.000000	0.000000	0.000000	0.000000	0.000000	0.000000	0.000000	0.000000
1761685678.052844048	0.000000	-0.000332	-0.003181	0.453052	0.000000	-0.000000	-0.000000	0.001932	0.008108	-0.074113	0.000001	0.000000	0.027126	0.305306	-1.975317	-0.043457	-0.000000	0.000204	0.000000	0.000000	0.000000	0.000000	0.000000	0.000000	0.000000	0.000000
1761685678.152972937	0.000000	-0.000646	-0.001821	0.417696	-0.000000	-0.000000	-0.000000	0.003085	0.004800	-0.028580	0.000001	0.000000	0.027126	0.305595	-1.974714	-0.048205	-0.000000	0.000204	0.000000	0.000000	0.000000	0.000000	0.000000	0.000000	0.000000	0.000000
1761685678.252936840	0.000000	-0.000908	-0.000643	0.358445	-0.000001	-0.000000	-0.000000	0.004151	0.001783	0.014368	0.000001	0.000000	0.027126	0.305981	-1.974432	-0.048518	-0.000000	0.000204	0.000000	0.000000	0.000000	0.000000	0.000000	0.000000	0.000000	0.000000
1761685678.352957249	0.000000	-0.001111	0.000322	0.272035	-0.000001	-0.000000	-0.000000	0.005065	-0.000792	0.052188	0.000001	0.000000	0.027126	0.306452	-1.974432	-0.044809	-0.000000	0.000204	0.000000	0.000000	0.000000	0.000000	0.000000	0.000000	0.000000	0.000000
1761685678.452938318	0.000000	-0.001251	0.001087	0.167169	-0.000001	-0.000000	-0.000000	0.005764	-0.002773	0.082272	0.000001	0.000000	0.027126	0.306993	-1.974656	-0.037740	0.000000	0.000204	0.000000	0.000000	0.000000	0.000000	0.000000	0.000000	0.000000	0.000000
1761685678.552843332	0.000000	-0.001320	0.001544	0.061721	-0.000001	-0.000000	-0.000000	0.006147	-0.003909	0.100737	0.000000	0.000000	0.027125	0.307581	-1.975024	-0.028362	0.000000	0.000204	0.000000	0.000000	0.000000	0.000000	0.000000	0.000000	0.000000	0.000000
1761685678.652796030	0.000000	-0.001336	0.001710	-0.035381	-0.000001	-0.000000	-0.000000	0.006252	-0.004314	0.108666	0.000000	0.000000	0.027125	0.308194	-1.975458	-0.017753	0.000000	0.000204	0.000000	0.000000	0.000000	0.000000	0.000000	0.000000	0.000000	0.000000
1761685678.752739429	-0.000000	-0.001304	0.001606	-0.116431	-0.000001	-0.000000	0.000000	0.006100	-0.004057	0.106746	0.000000	0.000000	0.027125	0.308807	-1.975886	-0.006931	0.000000	0.000204	0.000000	0.000000	0.000000	0.000000	0.000000	0.000000	0.000000	0.000000
1761685678.853251219	-0.000000	-0.001252	0.001377	-0.171161	-0.000001	-0.000000	0.000000	0.005767	-0.003344	0.097805	0.000000	0.000000	0.027125	0.309399	-1.976257	0.003312	0.000000	0.000204	0.000000	0.000000	0.000000	0.000000	0.000000	0.000000	0.000000	0.000000
1761685678.953376055	-0.000000	-0.001154	0.000936	-0.215839	-0.000001	-0.000000	0.000000	0.005246	-0.002177	0.081601	-0.000000	0.000000	0.027125	0.309948	-1.976521	0.012185	0.000000	0.000204	0.000000	0.000000	0.000000	0.000000	0.000000	0.000000	0.000000	0.000000
1761685679.052933455	-0.000000	-0.001027	0.000399	-0.239277	-0.000000	-0.000000	0.000000	0.004608	-0.000743	0.060762	-0.000000	0.000000	0.027125	0.310438	-1.976649	0.019161	0.000000	0.000204	0.000000	0.000000	0.000000	0.000000	0.000000	0.000000	0.000000	0.000000
1761685679.152996063	-0.000000	-0.000879	-0.000178	-0.242264	-0.000000	-0.000000	0.000000	0.003905	0.000822	0.037225	-0.000000	0.000000	0.027125	0.310858	-1.976623	0.023880	0.000000	0.000204	0.000000	0.000000	0.000000	0.000000	0.000000	0.000000	0.000000	0.000000
1761685679.253110886	-0.000000	-0.000719	-0.000769	-0.227204	-0.000000	-0.000000	0.000000	0.003192	0.002378	0.013048	-0.000000	0.000000	0.027125	0.311202	-1.976441	0.026195	0.000000	0.000204	0.000000	0.000000	0.000000	0.000000	0.000000	0.000000	0.000000	0.000000
1761685679.352959394	-0.000000	-0.000560	-0.001331	-0.196913	0.000000	-0.000000	0.000000	0.002518	0.003804	-0.009923	-0.000000	0.000000	0.027125	0.311473	-1.976112	0.026149	0.000000	0.000204	0.000000	0.000000	0.000000	0.000000	0.000000	0.000000	0.000000	0.000000
1761685679.452946186	-0.000000	-0.000413	-0.001819	-0.152322	0.000000	-0.000000	0.000000	0.001926	0.004999	-0.030120	-0.000000	0.000000	0.027125	0.311678	-1.975655	0.023957	0.000000	0.000204	0.000000	0.000000	0.000000	0.000000	0.000000	0.000000	0.000000	0.000000
1761685679.552959681	-0.000000	-0.000291	-0.002193	-0.097830	0.000000	-0.000000	0.000000	0.001454	0.005874	-0.046095	-0.000000	0.000000	0.027125	0.311830	-1.975098	0.019983	0.000000	0.000204	0.000000	0.000000	0.000000	0.000000	0.000000	0.000000	0.000000	0.000000
1761685679.652944565	-0.000000	-0.000203	-0.002420	-0.039703	0.000000	-0.000000	0.000000	0.001130	0.006369	-0.056786	-0.000000	0.000000	0.027125	0.311945	-1.974477	0.014712	-0.000000	0.000204	0.000000	0.000000	0.000000	0.000000	0.000000	0.000000	0.000000	0.000000
1761685679.752950191	-0.000000	-0.000156	-0.002486	0.016121	0.000000	-0.000000	0.000000	0.000965	0.006467	-0.061725	-0.000000	0.000000	0.027125	0.312040	-1.973831	0.008704	-0.000000	0.000204	0.000000	0.000000	0.000000	0.000000	0.000000	0.000000	0.000000	0.000000
1761685679.853138685	-0.000000	-0.000150	-0.002398	0.064819	0.000000	-0.000000	0.000000	0.000953	0.006191	-0.061044	-0.000000	0.000000	0.027125	0.312131	-1.973197	0.002533	-0.000000	0.000204	0.000000	0.000000	0.000000	0.000000	0.000000	0.000000	0.000000	0.000000
1761685679.952912807	-0.000000	-0.000179	-0.002178	0.103050	0.000000	-0.000000	0.000000	0.001074	0.005596	-0.055373	-0.000000	0.000000	0.027125	0.312233	-1.972611	-0.003274	-0.000000	0.000204	0.000000	0.000000	0.000000	0.000000	0.000000	0.000000	0.000000	0.000000
1761685680.052825212	-0.000000	-0.000235	-0.001859	0.128983	0.000000	-0.000000	0.000000	0.001300	0.004759	-0.045706	-0.000000	0.000000	0.027125	0.312356	-1.972099	-0.008274	-0.000000	0.000204	0.000000	0.000000	0.000000	0.000000	0.000000	0.000000	0.000000	0.000000
1761685680.152897835	-0.000000	-0.000309	-0.001478	0.142096	0.000000	-0.000000	0.000000	0.001546	0.003936	-0.035389	0.000000	0.000000	0.027124	0.312479	-1.971744	-0.011582	-0.000000	0.000204	0.000000	0.000000	0.000000	0.000000	0.000000	0.000000	0.000000	0.000000
1761685680.252796412	-0.000000	-0.000389	-0.001072	0.142901	0.000000	-0.000000	0.000000	0.001873	0.002888	-0.021617	0.000000	0.000000	0.027124	0.312657	-1.971414	-0.014332	-0.000000	0.000204	0.000000	0.000000	0.000000	0.000000	0.000000	0.000000	0.000000	0.000000
1761685680.353065252	-0.000000	-0.000455	-0.000743	0.135067	0.000000	-0.000000	0.000000	0.002206	0.001849	-0.007340	0.000000	0.000000	0.027124	0.312867	-1.971189	-0.015661	-0.000000	0.000204	0.000000	0.000000	0.000000	0.000000	0.000000	0.000000	0.000000	0.000000
1761685680.452966928	-0.000000	-0.000527	-0.000376	0.116964	0.000000	-0.000000	0.000000	0.002517	0.000883	0.006297	0.000000	0.000000	0.027124	0.313108	-1.971065	-0.015594	-0.000000	0.000204	0.000000	0.000000	0.000000	0.000000	0.000000	0.000000	0.000000	0.000000
1761685680.552964449	-0.000000	-0.000587	-0.000062	0.090457	-0.000000	-0.000000	0.000000	0.002738	0.000190	0.016346	0.000000	0.000000	0.027124	0.313330	-1.971030	-0.014557	-0.000000	0.000204	0.000000	0.000000	0.000000	0.000000	0.000000	0.000000	0.000000	0.000000
1761685680.652833939	-0.000000	-0.000631	0.000182	0.058310	-0.000000	-0.000000	0.000000	0.002943	-0.000477	0.026275	0.000000	0.000000	0.027124	0.313616	-1.971056	-0.012314	-0.000000	0.000204	0.000000	0.000000	0.000000	0.000000	0.000000	0.000000	0.000000	0.000000
1761685680.752728939	-0.000000	-0.000656	0.000347	0.023969	-0.000000	-0.000000	0.000000	0.003065	-0.000922	0.033178	0.000000	0.000000	0.027124	0.313917	-1.971135	-0.009248	-0.000000	0.000204	0.000000	0.000000	0.000000	0.000000	0.000000	0.000000	0.000000	0.000000
1761685680.853102207	-0.000000	-0.000658	0.000410	-0.002695	-0.000000	-0.000000	0.000000	0.003082	-0.001090	0.036147	0.000000	0.000000	0.027124	0.314225	-1.971241	-0.005733	0.000000	0.000204	0.000000	0.000000	0.000000	0.000000	0.000000	0.000000	0.000000	0.000000
1761685680.952797651	-0.000000	-0.000648	0.000405	-0.032079	-0.000000	-0.000000	0.000000	0.003025	-0.001069	0.036322	0.000000	0.000000	0.027124	0.314530	-1.971351	-0.002090	0.000000	0.000204	0.000000	0.000000	0.000000	0.000000	0.000000	0.000000	0.000000	0.000000
1761685681.052808762	-0.000000	-0.000623	0.000339	-0.056321	-0.000000	-0.000000	0.000000	0.002894	-0.000859	0.033604	0.000000	0.000000	0.027124	0.314825	-1.971447	0.001404	0.000000	0.000204	0.000000	0.000000	0.000000	0.000000	0.000000	0.000000	0.000000	0.000000
1761685681.153005838	-0.000000	-0.000584	0.000211	-0.073697	-0.000000	-0.000000	0.000000	0.002699	-0.000490	0.028376	0.000000	0.000000	0.027124	0.315104	-1.971512	0.004477	0.000000	0.000204	0.000000	0.000000	0.000000	0.000000	0.000000	0.000000	0.000000	0.000000
1761685681.252832890	-0.000000	-0.000534	0.000041	-0.083526	-0.000000	-0.000000	0.000000	0.002459	-0.000012	0.021296	0.000000	0.000000	0.027124	0.315360	-1.971532	0.006913	0.000000	0.000204	0.000000	0.000000	0.000000	0.000000	0.000000	0.000000	0.000000	0.000000
1761685681.353227854	-0.000000	-0.000478	-0.000152	-0.085813	-0.000000	-0.000000	0.000000	0.002193	0.000524	0.013107	-0.000000	0.000000	0.027124	0.315590	-1.971501	0.008572	0.000000	0.000204	0.000000	0.000000	0.000000	0.000000	0.000000	0.000000	0.000000	0.000000
1761685681.452900887	-0.000000	-0.000419	-0.000352	-0.081120	-0.000000	-0.000000	0.000000	0.001923	0.001066	0.004564	-0.000000	0.000000	0.027124	0.315793	-1.971415	0.009386	0.000000	0.000204	0.000000	0.000000	0.000000	0.000000	0.000000	0.000000	0.000000	0.000000
1761685681.552970171	-0.000000	-0.000361	-0.000541	-0.070419	-0.000000	0.000000	0.000000	0.001666	0.001567	-0.003627	-0.000000	0.000000	0.027124	0.315969	-1.971277	0.009361	0.000000	0.000204	0.000000	0.000000	0.000000	0.000000	0.000000	0.000000	0.000000	0.000000
1761685681.652932167	-0.000000	-0.000309	-0.000703	-0.054722	-0.000000	0.000000	0.000000	0.001440	0.001986	-0.010847	-0.000000	0.000000	0.027124	0.316120	-1.971094	0.008570	0.000000	0.000204	0.000000	0.000000	0.000000	0.000000	0.000000	0.000000	0.000000	0.000000
1761685681.752877712	-0.000000	-0.000266	-0.000827	-0.035668	0.000000	-0.000000	0.000000	0.001257	0.002294	-0.016581	-0.000000	0.000000	0.027124	0.316251	-1.970875	0.007140	0.000000	0.000204	0.000000	0.000000	0.000000	0.000000	0.000000	0.000000	0.000000	0.000000
1761685681.852758408	-0.000000	-0.000235	-0.000901	-0.015218	0.000000	-0.000000	0.000000	0.001126	0.002469	-0.020465	-0.000000	0.000000	0.027124	0.316368	-1.970634	0.005242	0.000000	0.000204	0.000000	0.000000	0.000000	0.000000	0.000000	0.000000	0.000000	0.000000
1761685681.952789783	-0.000000	-0.000216	-0.000924	0.004727	0.000000	-0.000000	0.000000	0.001062	0.002502	-0.022074	-0.000000	0.000000	0.027124	0.316457	-1.970426	0.003445	0.000000	0.000204	0.000000	0.000000	0.000000	0.000000	0.000000	0.000000	0.000000	0.000000
1761685682.052883387	-0.000000	-0.000210	-0.000895	0.273790	0.000000	-0.000000	0.000000	0.001032	0.002427	-0.022266	-0.000000	0.000000	0.027124	0.316560	-1.970178	0.001204	-0.000000	0.000204	0.000000	0.000000	0.000000	0.271128	0.000000	0.000000	0.000000	0.000000
1761685682.152899265	-0.000000	-0.000314	-0.000415	0.258098	0.000000	-0.000000	0.000000	0.001490	0.001142	-0.003856	-0.000000	0.000000	0.027124	0.316682	-1.969991	-0.000248	-0.000000	0.000204	0.000000	0.000000	0.000000	0.271128	0.000000	0.000000	0.000000	0.000000
1761685682.252948046	-0.000000	-0.000432	0.000119	0.221622	0.000000	-0.000000	0.000000	0.002142	-0.000603	0.022216	-0.000000	0.000000	0.027124	0.316870	-1.969979	0.000899	-0.000000	0.000204	0.000000	0.000000	0.000000	0.271128	0.000000	0.000000	0.000000	0.000000
1761685682.353104591	-0.000000	-0.000548	0.000689	0.161469	0.000000	-0.000000	0.000000	0.002697	-0.002085	0.044986	-0.000000	-0.000000	0.027124	0.317118	-1.970128	0.004474	-0.000000	0.000204	0.000000	0.000000	0.000000	0.271128	0.000000	0.000000	0.000000	0.000000
1761685682.452950716	-0.000000	-0.000630	0.001128	0.091631	0.000000	0.000000	0.000000	0.003097	-0.003149	0.062135	-0.000000	-0.000000	0.027123	0.317414	-1.970399	0.010014	-0.000000	0.000204	0.000000	0.000000	0.000000	0.271128	0.000000	0.000000	0.000000	0.000000
1761685682.552924633	-0.000000	-0.000674	0.001388	0.020472	0.000000	0.000000	0.000000	0.003311	-0.003724	0.072462	0.000000	-0.000000	0.027123	0.317742	-1.970746	0.016879	-0.000000	0.000204	0.000000	0.000000	0.000000	0.271128	0.000000	0.000000	0.000000	0.000000
1761685682.653191090	-0.000000	-0.000683	0.001455	-0.044956	0.000000	0.000000	0.000000	0.003337	-0.003810	0.075696	0.000000	-0.000000	0.027123	0.318083	-1.971120	0.024363	-0.000000	0.000204	0.000000	0.000000	0.000000	0.271128	0.000000	0.000000	0.000000	0.000000
1761685682.752874613	-0.000000	-0.000661	0.001343	-0.099421	0.000000	0.000000	0.000000	0.003190	-0.003453	0.072290	0.000000	-0.000000	0.027123	0.318420	-1.971474	0.031779	-0.000000	0.000204	0.000000	0.000000	0.000000	0.271128	0.000000	0.000000	0.000000	0.000000
1761685682.852968931	-0.000000	-0.000610	0.001085	-0.139732	0.000000	0.000000	0.000000	0.002897	-0.002739	0.063256	0.000000	-0.000000	0.027123	0.318733	-1.971769	0.038519	-0.000000	0.000204	0.000000	0.000000	0.000000	0.271128	0.000000	0.000000	0.000000	0.000000
1761685682.952902317	-0.000000	-0.000536	0.000726	-0.164556	-0.000000	0.000000	0.000000	0.002497	-0.001768	0.049955	0.000000	-0.000000	0.027123	0.319009	-1.971977	0.044097	-0.000000	0.000204	0.000000	0.000000	0.000000	0.271128	0.000000	0.000000	0.000000	0.000000
1761685683.052922010	-0.000000	-0.000445	0.000314	-0.174024	-0.000000	0.000000	0.000000	0.002030	-0.000651	0.033913	0.000000	-0.000000	0.027123	0.319237	-1.972079	0.048174	-0.000000	0.000204	0.000000	0.000000	0.000000	0.271128	0.000000	0.000000	0.000000	0.000000
1761685683.152893782	-0.000000	-0.000344	-0.000108	-0.169304	-0.000000	0.000000	0.000000	0.001538	0.000505	0.016668	0.000000	-0.000000	0.027123	0.319411	-1.972068	0.050566	-0.000000	0.000204	0.000000	0.000000	0.000000	0.271128	0.000000	0.000000	0.000000	0.000000
1761685683.252867222	-0.000000	-0.000240	-0.000517	-0.152264	-0.000000	0.000000	0.000000	0.001059	0.001606	-0.000341	0.000000	-0.000000	0.027123	0.319530	-1.971947	0.051237	0.000000	0.000204	0.000000	0.000000	0.000000	0.271128	0.000000	0.000000	0.000000	0.000000
1761685683.352859259	-0.000000	-0.000142	-0.000888	-0.124551	-0.000000	0.000000	0.000000	0.000628	0.002570	-0.015851	0.000000	-0.000000	0.027123	0.319600	-1.971725	0.050287	0.000000	0.000204	0.000000	0.000000	0.000000	0.271128	0.000000	0.000000	0.000000	0.000000
1761685683.452946424	-0.000000	-0.000057	-0.001190	-0.088195	-0.000000	0.000000	0.000000	0.000271	0.003329	-0.028768	0.000000	-0.000000	0.027123	0.319626	-1.971421	0.047929	0.000000	0.000204	0.000000	0.000000	0.000000	0.271128	0.000000	0.000000	0.000000	0.000000
1761685683.552943468	-0.000000	0.000007	-0.001400	-0.047304	-0.000000	0.000000	0.000000	0.000014	0.003831	-0.038194	0.000000	-0.000000	0.027123	0.319621	-1.971056	0.044477	0.000000	0.000204	0.000000	0.000000	0.000000	0.271128	0.000000	0.000000	0.000000	0.000000
1761685683.652951479	-0.000000	0.000046	-0.001503	-0.006103	-0.000000	0.000000	0.000000	-0.000133	0.004050	-0.043606	0.000000	-0.000000	0.027123	0.319596	-1.970659	0.040313	0.000000	0.000204	0.000000	0.000000	0.000000	0.271128	0.000000	0.000000	0.000000	0.000000
1761685683.752950668	-0.000000	0.000058	-0.001497	0.031672	-0.000000	0.000000	0.000000	-0.000167	0.003990	-0.044903	-0.000000	-0.000000	0.027123	0.319565	-1.970257	0.035849	0.000000	0.000204	0.000000	0.000000	0.000000	0.271128	0.000000	0.000000	0.000000	0.000000
1761685683.853149176	-0.000000	0.000044	-0.001393	0.063126	-0.000000	0.000000	0.000000	-0.000099	0.003680	-0.042365	-0.000000	0.000000	0.027123	0.319538	-1.969875	0.031480	0.000000	0.000204	0.000000	0.000000	0.000000	0.271128	0.000000	0.000000	0.000000	0.000000
1761685683.952874184	-0.000000	0.000011	-0.001208	0.086346	-0.000000	-0.000000	0.000000	0.000053	0.003167	-0.036577	-0.000000	0.000000	0.027123	0.319527	-1.969536	0.027559	0.000000	0.000204	0.000000	0.000000	0.000000	0.271128	0.000000	0.000000	0.000000	0.000000
1761685684.052876234	-0.000000	-0.000038	-0.000967	0.100389	0.000000	-0.000000	0.000000	0.000268	0.002510	-0.028329	-0.000000	0.000000	0.027123	0.319537	-1.969256	0.024367	0.000000	0.000204	0.000000	0.000000	0.000000	0.271128	0.000000	0.000000	0.000000	0.000000
1761685684.152991533	-0.000000	-0.000094	-0.000695	0.105161	0.000000	-0.000000	0.000000	0.000519	0.001775	-0.018524	-0.000000	0.000000	0.027123	0.319573	-1.969046	0.022096	0.000000	0.000204	0.000000	0.000000	0.000000	0.271128	0.000000	0.000000	0.000000	0.000000
1761685684.252876043	-0.000000	-0.000153	-0.000418	0.101253	0.000000	-0.000000	0.000000	0.000739	0.001149	-0.009840	-0.000000	0.000000	0.027123	0.319625	-1.968929	0.020984	0.000000	0.000204	0.000000	0.000000	0.000000	0.271128	0.000000	0.000000	0.000000	0.000000
1761685684.352883577	-0.000000	-0.000208	-0.000155	0.089786	0.000000	-0.000000	0.000000	0.000993	0.000432	0.000415	-0.000000	0.000000	0.027123	0.319712	-1.968854	0.020602	0.000000	0.000204	0.000000	0.000000	0.000000	0.271128	0.000000	0.000000	0.000000	0.000000
1761685684.452876091	-0.000000	-0.000256	0.000074	0.071899	0.000000	-0.000000	0.000000	0.001218	-0.000201	0.009776	-0.000000	0.000000	0.027123	0.319825	-1.968847	0.021203	-0.000000	0.000204	0.000000	0.000000	0.000000	0.271128	0.000000	0.000000	0.000000	0.000000
1761685684.553176165	-0.000000	-0.000293	0.000259	0.049325	0.000000	-0.000000	0.000000	0.001398	-0.000709	0.017562	-0.000000	0.000000	0.027123	0.319959	-1.968895	0.022654	-0.000000	0.000204	0.000000	0.000000	0.000000	0.271128	0.000000	0.000000	0.000000	0.000000
1761685684.652891397	-0.000000	-0.000318	0.000389	0.024471	0.000000	-0.000000	0.000000	0.001519	-0.001060	0.023247	-0.000000	0.000000	0.027123	0.320109	-1.968985	0.024767	-0.000000	0.000204	0.000000	0.000000	0.000000	0.271128	0.000000	0.000000	0.000000	0.000000
1761685684.753095388	-0.000000	-0.000329	0.000456	-0.000260	0.000000	-0.000000	0.000000	0.001575	-0.001241	0.026523	-0.000000	0.000000	0.027123	0.320268	-1.969099	0.027311	-0.000000	0.000204	0.000000	0.000000	0.000000	0.271128	0.000000	0.000000	0.000000	0.000000
1761685684.852919817	-0.000000	-0.000326	0.000460	-0.022740	0.000000	0.000000	0.000000	0.001564	-0.001252	0.027321	-0.000000	0.000000	0.027123	0.320429	-1.969221	0.030037	-0.000000	0.000204	0.000000	0.000000	0.000000	0.271128	0.000000	0.000000	0.000000	0.000000
1761685684.952841759	-0.000000	-0.000312	0.000407	-0.041293	0.000000	0.000000	0.000000	0.001493	-0.001109	0.025797	0.000000	-0.000000	0.027123	0.320585	-1.969335	0.032705	-0.000000	0.000204	0.000000	0.000000	0.000000	0.271128	0.000000	0.000000	0.000000	0.000000
1761685685.053066254	-0.000000	-0.000287	0.000308	-0.054784	0.000000	0.000000	0.000000	0.001372	-0.000840	0.022286	0.000000	-0.000000	0.027123	0.320731	-1.969427	0.035101	-0.000000	0.000204	0.000000	0.000000	0.000000	0.271128	0.000000	0.000000	0.000000	0.000000
1761685685.152822733	-0.000000	-0.000254	0.000176	-0.062630	0.000000	0.000000	0.000000	0.001212	-0.000481	0.017257	0.000000	-0.000000	0.027123	0.320862	-1.969486	0.037051	-0.000000	0.000204	0.000000	0.000000	0.000000	0.271128	0.000000	0.000000	0.000000	0.000000
1761685685.252832651	-0.000000	-0.000216	0.000027	-0.064759	-0.000000	0.000000	0.000000	0.001030	-0.000070	0.011256	0.000000	-0.000000	0.027123	0.320973	-1.969506	0.038435	-0.000000	0.000204	0.000000	0.000000	0.000000	0.271128	0.000000	0.000000	0.000000	0.000000
1761685685.352720499	-0.000000	-0.000176	-0.000126	-0.061541	-0.000000	0.000000	0.000000	0.000841	0.000353	0.004851	0.000000	-0.000000	0.027123	0.321065	-1.969485	0.039190	-0.000000	0.000204	0.000000	0.000000	0.000000	0.271128	0.000000	0.000000	0.000000	0.000000
1761685685.453058243	-0.000000	-0.000144	-0.000246	-0.055410	-0.000000	0.000000	0.000000	0.000661	0.000747	-0.001357	0.000000	-0.000000	0.027123	0.321136	-1.969424	0.039310	-0.000000	0.000204	0.000000	0.000000	0.000000	0.271128	0.000000	0.000000	0.000000	0.000000
1761685685.552957058	-0.000000	-0.000109	-0.000375	-0.044424	-0.000000	0.000000	0.000000	0.000498	0.001091	-0.007000	0.000000	-0.000000	0.027123	0.321188	-1.969326	0.038841	-0.000000	0.000204	0.000000	0.000000	0.000000	0.271128	0.000000	0.000000	0.000000	0.000000
1761685685.652976513	-0.000000	-0.000079	-0.000478	-0.030552	-0.000000	0.000000	0.000000	0.000365	0.001357	-0.011626	0.000000	-0.000000	0.027123	0.321225	-1.969200	0.037864	0.000000	0.000204	0.000000	0.000000	0.000000	0.271128	0.000000	0.000000	0.000000	0.000000
1761685685.752789974	-0.000000	-0.000057	-0.000546	-0.015271	-0.000000	0.000000	0.000000	0.000271	0.001525	-0.014912	0.000000	-0.000000	0.027123	0.321251	-1.969052	0.036500	0.000000	0.000204	0.000000	0.000000	0.000000	0.271128	0.000000	0.000000	0.000000	0.000000
1761685685.853400230	-0.000000	-0.000043	-0.000576	-0.000015	-0.000000	0.000000	0.000000	0.000217	0.001589	-0.016694	0.000000	-0.000000	0.027123	0.321269	-1.968895	0.034894	0.000000	0.000204	0.000000	0.000000	0.000000	0.271128	0.000000	0.000000	0.000000	0.000000
1761685685.952988386	-0.000000	-0.000039	-0.000568	0.013925	-0.000000	0.000000	0.000000	0.000205	0.001549	-0.016950	0.000000	-0.000000	0.027123	0.321284	-1.968737	0.033199	0.000000	0.000204	0.000000	0.000000	0.000000	0.271128	0.000000	0.000000	0.000000	0.000000
1761685686.052988768	-0.000000	-0.000044	-0.000525	0.025506	-0.000000	-0.000000	0.000000	0.000231	0.001418	-0.015790	-0.000000	0.000000	0.027123	0.321301	-1.968588	0.031562	0.000000	0.000204	0.000000	0.000000	0.000000	0.271128	0.000000	0.000000	0.000000	0.000000
1761685686.153080940	-0.000000	-0.000055	-0.000454	0.033994	-0.000000	-0.000000	0.000000	0.000288	0.001212	-0.013432	-0.000000	0.000000	0.027123	0.321323	-1.968457	0.030113	0.000000	0.000204	0.000000	0.000000	0.000000	0.271128	0.000000	0.000000	0.000000	0.000000
1761685686.252903938	-0.000000	-0.000072	-0.000362	0.038986	-0.000000	-0.000000	0.000000	0.000367	0.000955	-0.010174	-0.000000	0.000000	0.027123	0.321353	-1.968350	0.028954	0.000000	0.000204	0.000000	0.000000	0.000000	0.271128	0.000000	0.000000	0.000000	0.000000
1761685686.352886915	-0.000000	-0.000092	-0.000259	0.040398	-0.000000	-0.000000	0.000000	0.000459	0.000670	-0.006359	-0.000000	0.000000	0.027123	0.321393	-1.968270	0.028155	0.000000	0.000204	0.000000	0.000000	0.000000	0.271128	0.000000	0.000000	0.000000	0.000000
1761685686.452926636	-0.000000	-0.000112	-0.000155	0.038435	0.000000	-0.000000	0.000000	0.000555	0.000381	-0.002342	-0.000000	0.000000	0.027123	0.321443	-1.968218	0.027753	0.000000	0.000204	0.000000	0.000000	0.000000	0.271128	0.000000	0.000000	0.000000	0.000000
1761685686.553361177	-0.000000	-0.000132	-0.000056	0.033539	0.000000	-0.000000	0.000000	0.000645	0.000112	0.001534	-0.000000	0.000000	0.027123	0.321503	-1.968194	0.027746	0.000000	0.000204	0.000000	0.000000	0.000000	0.271128	0.000000	0.000000	0.000000	0.000000
1761685686.652948618	-0.000000	-0.000148	0.000030	0.026272	0.000000	-0.000000	0.000000	0.000722	-0.000119	0.004969	-0.000000	0.000000	0.027123	0.321572	-1.968195	0.028103	0.000000	0.000204	0.000000	0.000000	0.000000	0.271128	0.000000	0.000000	0.000000	0.000000
1761685686.752964258	-0.000000	-0.000161	0.000097	0.017404	0.000000	-0.000000	0.000000	0.000779	-0.000296	0.007718	-0.000000	0.000000	0.027123	0.321649	-1.968215	0.028765	-0.000000	0.000204	0.000000	0.000000	0.000000	0.271128	0.000000	0.000000	0.000000	0.000000
1761685686.852969170	-0.000000	-0.000169	0.000142	0.007820	0.000000	-0.000000	0.000000	0.000813	-0.000411	0.009606	-0.000000	0.000000	0.027123	0.321730	-1.968250	0.029654	-0.000000	0.000204	0.000000	0.000000	0.000000	0.271128	0.000000	0.000000	0.000000	0.000000
1761685686.952963114	-0.000000	-0.000171	0.000164	-0.001612	0.000000	-0.000000	0.000000	0.000821	-0.000459	0.010548	-0.000000	0.000000	0.027123	0.321813	-1.968291	0.030676	-0.000000	0.000204	0.000000	0.000000	0.000000	0.271128	0.000000	0.000000	0.000000	0.000000
1761685687.053087234	-0.000000	-0.000169	0.000162	-0.010115	0.000000	-0.000000	0.000000	0.000804	-0.000443	0.010544	-0.000000	0.000000	0.027123	0.321896	-1.968334	0.031737	-0.000000	0.000204	0.000000	0.000000	0.000000	0.271128	0.000000	0.000000	0.000000	0.000000
1761685687.152963161	-0.000000	-0.000161	0.000139	-0.017069	0.000000	0.000000	0.000000	0.000765	-0.000371	0.009674	-0.000000	-0.000000	0.027123	0.321975	-1.968372	0.032746	-0.000000	0.000204	0.000000	0.000000	0.000000	0.271128	0.000000	0.000000	0.000000	0.000000
1761685687.252953291	-0.000000	-0.000150	0.000099	-0.022038	0.000000	0.000000	0.000000	0.000707	-0.000254	0.008083	0.000000	-0.000000	0.027123	0.322049	-1.968400	0.033626	-0.000000	0.000204	0.000000	0.000000	0.000000	0.271128	0.000000	0.000000	0.000000	0.000000
1761685687.353257418	-0.000000	-0.000136	0.000048	-0.024793	0.000000	0.000000	0.000000	0.000637	-0.000106	0.005962	0.000000	-0.000000	0.027123	0.322117	-1.968415	0.034314	-0.000000	0.000204	0.000000	0.000000	0.000000	0.271128	0.000000	0.000000	0.000000	0.000000
1761685687.453250647	-0.000000	-0.000120	-0.000011	-0.025304	0.000000	0.000000	0.000000	0.000560	0.000058	0.003528	0.000000	-0.000000	0.027123	0.322176	-1.968414	0.034770	-0.000000	0.000204	0.000000	0.000000	0.000000	0.271128	0.000000	0.000000	0.000000	0.000000
1761685687.553194046	-0.000000	-0.000103	-0.000070	-0.023720	0.000000	0.000000	0.000000	0.000482	0.000222	0.001006	0.000000	-0.000000	0.027123	0.322227	-1.968397	0.034976	-0.000000	0.000204	0.000000	0.000000	0.000000	0.271128	0.000000	0.000000	0.000000	0.000000
1761685687.653002501	-0.000000	-0.000088	-0.000125	-0.020341	-0.000000	0.000000	0.000000	0.000409	0.000372	-0.001392	0.000000	-0.000000	0.027123	0.322270	-1.968364	0.034936	-0.000000	0.000204	0.000000	0.000000	0.000000	0.271128	0.000000	0.000000	0.000000	0.000000
1761685687.752973795	-0.000000	-0.000074	-0.000171	-0.015554	-0.000000	0.000000	0.000000	0.000345	0.000496	-0.003482	0.000000	-0.000000	0.027122	0.322305	-1.968318	0.034672	-0.000000	0.000204	0.000000	0.000000	0.000000	0.271128	0.000000	0.000000	0.000000	0.000000
1761685687.852855444	-0.000000	-0.000063	-0.000206	-0.009867	-0.000000	0.000000	0.000000	0.000295	0.000586	-0.005118	0.000000	-0.000000	0.027122	0.322335	-1.968262	0.034225	-0.000000	0.000204	0.000000	0.000000	0.000000	0.271128	0.000000	0.000000	0.000000	0.000000
1761685687.952834129	-0.000000	-0.000055	-0.000227	-0.003829	-0.000000	0.000000	0.000000	0.000260	0.000637	-0.006199	0.000000	-0.000000	0.027122	0.322360	-1.968199	0.033646	0.000000	0.000204	0.000000	0.000000	0.000000	0.271128	0.000000	0.000000	0.000000	0.000000
1761685688.052866936	-0.000000	-0.000050	-0.000233	-0.249250	-0.000000	0.000000	0.000000	0.000242	0.000646	-0.006683	0.000000	-0.000000	0.027122	0.322383	-1.968134	0.032994	0.000000	0.000204	0.000000	0.000000	0.000000	0.000000	0.000000	0.000000	0.000000	0.000000
1761685688.152929783	-0.000000	0.000046	-0.000623	-0.214332	-0.000000	0.000000	0.000000	-0.000307	0.001977	-0.027517	0.000000	-0.000000	0.027122	0.322375	-1.968003	0.031281	0.000000	0.000204	0.000000	0.000000	0.000000	0.000000	0.000000	0.000000	0.000000	0.000000
1761685688.253110409	-0.000000	0.000183	-0.001155	-0.151034	-0.000000	0.000000	0.000000	-0.000879	0.003354	-0.049532	0.000000	-0.000000	0.027122	0.322302	-1.967725	0.027221	0.000000	0.000204	0.000000	0.000000	0.000000	0.000000	0.000000	0.000000	0.000000	0.000000
1761685688.352815866	-0.000000	0.000291	-0.001545	-0.079170	-0.000000	0.000000	0.000000	-0.001285	0.004300	-0.065691	-0.000000	-0.000000	0.027123	0.322180	-1.967335	0.021281	0.000000	0.000204	0.000000	0.000000	0.000000	0.000000	0.000000	0.000000	0.000000	0.000000
1761685688.452869654	-0.000000	0.000354	-0.001750	-0.007434	-0.000000	0.000000	0.000000	-0.001494	0.004747	-0.074806	-0.000000	-0.000000	0.027123	0.322029	-1.966878	0.014130	0.000000	0.000204	0.000000	0.000000	0.000000	0.000000	0.000000	0.000000	0.000000	0.000000
1761685688.552881479	-0.000000	0.000366	-0.001764	0.057286	-0.000000	0.000000	0.000000	-0.001508	0.004705	-0.076745	-0.000000	-0.000000	0.027123	0.321873	-1.966403	0.006487	0.000000	0.000204	0.000000	0.000000	0.000000	0.000000	0.000000	0.000000	0.000000	0.000000
1761685688.653020382	-0.000000	0.000332	-0.001607	0.110062	-0.000000	-0.000000	0.000000	-0.001347	0.004231	-0.072095	-0.000000	0.000000	0.027123	0.321729	-1.965958	-0.000961	0.000000	0.000204	0.000000	0.000000	0.000000	0.000000	0.000000	0.000000	0.000000	0.000000
1761685688.752977610	-0.000000	0.000260	-0.001315	0.148047	0.000000	-0.000000	0.000000	-0.001044	0.003414	-0.061968	-0.000000	0.000000	0.027123	0.321613	-1.965580	-0.007617	0.000000	0.000204	0.000000	0.000000	0.000000	0.000000	0.000000	0.000000	0.000000	0.000000
1761685688.852989912	-0.000000	0.000166	-0.000930	0.170215	0.000000	-0.000000	0.000000	-0.000643	0.002360	-0.047796	-0.000000	0.000000	0.027123	0.321534	-1.965298	-0.013013	-0.000000	0.000204	0.000000	0.000000	0.000000	0.000000	0.000000	0.000000	0.000000	0.000000
1761685688.952974081	-0.000000	0.000061	-0.000500	0.176940	0.000000	-0.000000	0.000000	-0.000187	0.001180	-0.031144	-0.000000	0.000000	0.027123	0.321498	-1.965129	-0.016837	-0.000000	0.000204	0.000000	0.000000	0.000000	0.000000	0.000000	0.000000	0.000000	0.000000
1761685689.053024054	-0.000000	-0.000042	-0.000066	0.169575	0.000000	-0.000000	0.000000	0.000281	-0.000018	-0.013562	-0.000000	0.000000	0.027123	0.321508	-1.965081	-0.018930	-0.000000	0.000204	0.000000	0.000000	0.000000	0.000000	0.000000	0.000000	0.000000	0.000000
1761685689.153156996	-0.000000	-0.000136	0.000346	0.150122	0.000000	-0.000000	0.000000	0.000724	-0.001141	0.003518	-0.000000	0.000000	0.027123	0.321561	-1.965150	-0.019285	-0.000000	0.000204	0.000000	0.000000	0.000000	0.000000	0.000000	0.000000	0.000000	0.000000
1761685689.252986193	-0.000000	-0.000216	0.000717	0.119989	0.000000	-0.000000	0.000000	0.001111	-0.002111	0.018854	-0.000000	0.000000	0.027123	0.321653	-1.965324	-0.018025	-0.000000	0.000204	0.000000	0.000000	0.000000	0.000000	0.000000	0.000000	0.000000	0.000000
1761685689.352959156	-0.000000	-0.000278	0.001016	0.081799	0.000000	-0.000000	0.000000	0.001415	-0.002859	0.031355	0.000000	0.000000	0.027123	0.321778	-1.965582	-0.015390	-0.000000	0.000204	0.000000	0.000000	0.000000	0.000000	0.000000	0.000000	0.000000	0.000000
1761685689.452954054	-0.000000	-0.000319	0.001220	0.039839	0.000000	-0.000000	0.000000	0.001615	-0.003338	0.040172	0.000000	0.000000	0.027123	0.321928	-1.965900	-0.011713	-0.000000	0.000204	0.000000	0.000000	0.000000	0.000000	0.000000	0.000000	0.000000	0.000000
1761685689.552783728	-0.000000	-0.000338	0.001313	-0.001641	0.000000	-0.000000	0.000000	0.001692	-0.003503	0.044191	0.000000	0.000000	0.027123	0.322064	-1.966190	-0.008141	-0.000000	0.000204	0.000000	0.000000	0.000000	0.000000	0.000000	0.000000	0.000000	0.000000
1761685689.652797699	-0.000000	-0.000337	0.001295	-0.038979	0.000000	-0.000000	0.000000	0.001689	-0.003456	0.045410	0.000000	0.000000	0.027123	0.322232	-1.966541	-0.003605	-0.000000	0.000204	0.000000	0.000000	0.000000	0.000000	0.000000	0.000000	0.000000	0.000000
1761685689.753655672	-0.000000	-0.000322	0.001203	-0.064866	-0.000000	0.000000	0.000000	0.001584	-0.003156	0.042756	0.000000	-0.000000	0.027122	0.322395	-1.966872	0.000822	-0.000000	0.000204	0.000000	0.000000	0.000000	0.000000	0.000000	0.000000	0.000000	0.000000
1761685689.852937222	-0.000000	-0.000288	0.001015	-0.087726	-0.000000	0.000000	0.000000	0.001393	-0.002642	0.036701	0.000000	-0.000000	0.027122	0.322544	-1.967159	0.004763	0.000000	0.000204	0.000000	0.000000	0.000000	0.000000	0.000000	0.000000	0.000000	0.000000
1761685689.952862978	-0.000000	-0.000242	0.000776	-0.101596	-0.000000	0.000000	0.000000	0.001144	-0.001993	0.028310	0.000000	-0.000000	0.027122	0.322671	-1.967385	0.007959	0.000000	0.000204	0.000000	0.000000	0.000000	0.000000	0.000000	0.000000	0.000000	0.000000
1761685690.052810907	-0.000000	-0.000187	0.000508	-0.106130	-0.000000	0.000000	0.000000	0.000860	-0.001267	0.018381	0.000000	-0.000000	0.027122	0.322770	-1.967541	0.010221	0.000000	0.000204	0.000000	0.000000	0.000000	0.000000	0.000000	0.000000	0.000000	0.000000
1761685690.153081894	-0.000000	-0.000128	0.000236	-0.101934	-0.000000	0.000000	0.000000	0.000566	-0.000528	0.007844	0.000000	-0.000000	0.027122	0.322840	-1.967624	0.011447	0.000000	0.000204	0.000000	0.000000	0.000000	0.000000	0.000000	0.000000	0.000000	0.000000
1761685690.252957821	-0.000000	-0.000069	-0.000019	-0.090152	-0.000000	0.000000	0.000000	0.000284	0.000167	-0.002420	0.000000	-0.000000	0.027122	0.322880	-1.967636	0.011630	0.000000	0.000204	0.000000	0.000000	0.000000	0.000000	0.000000	0.000000	0.000000	0.000000
1761685690.352953196	-0.000000	-0.000015	-0.000242	-0.071923	-0.000000	0.000000	0.000000	0.000036	0.000768	-0.011631	-0.000000	-0.000000	0.027122	0.322893	-1.967583	0.010843	0.000000	0.000204	0.000000	0.000000	0.000000	0.000000	0.000000	0.000000	0.000000	0.000000
1761685690.452970743	-0.000000	0.000030	-0.000421	-0.049031	-0.000000	0.000000	0.000000	-0.000162	0.001236	-0.019127	-0.000000	-0.000000	0.027122	0.322884	-1.967478	0.009230	0.000000	0.000204	0.000000	0.000000	0.000000	0.000000	0.000000	0.000000	0.000000	0.000000
1761685690.553053856	-0.000000	0.000062	-0.000543	-0.023912	-0.000000	0.000000	0.000000	-0.000297	0.001541	-0.024412	-0.000000	-0.000000	0.027122	0.322858	-1.967336	0.006993	0.000000	0.000204	0.000000	0.000000	0.000000	0.000000	0.000000	0.000000	0.000000	0.000000
1761685690.652918339	-0.000000	0.000080	-0.000602	0.001011	-0.000000	0.000000	0.000000	-0.000365	0.001672	-0.027222	-0.000000	-0.000000	0.027122	0.322823	-1.967173	0.004370	0.000000	0.000204	0.000000	0.000000	0.000000	0.000000	0.000000	0.000000	0.000000	0.000000
1761685690.753203154	-0.000000	0.000082	-0.000598	0.023603	-0.000000	0.000000	0.000000	-0.000365	0.001634	-0.027536	-0.000000	-0.000000	0.027122	0.322786	-1.967007	0.001612	0.000000	0.000204	0.000000	0.000000	0.000000	0.000000	0.000000	0.000000	0.000000	0.000000
1761685690.852937222	-0.000000	0.000071	-0.000538	0.042186	0.000000	-0.000000	0.000000	-0.000304	0.001446	-0.025552	-0.000000	0.000000	0.027122	0.322752	-1.966854	-0.001041	0.000000	0.000204	0.000000	0.000000	0.000000	0.000000	0.000000	0.000000	0.000000	0.000000
1761685690.952811718	-0.000000	0.000048	-0.000432	0.055632	0.000000	-0.000000	0.000000	-0.000194	0.001138	-0.021643	-0.000000	0.000000	0.027122	0.322728	-1.966726	-0.003381	-0.000000	0.000204	0.000000	0.000000	0.000000	0.000000	0.000000	0.000000	0.000000	0.000000
1761685691.052819490	-0.000000	0.000017	-0.000294	0.063368	0.000000	-0.000000	0.000000	-0.000049	0.000747	-0.016304	-0.000000	0.000000	0.027122	0.322717	-1.966635	-0.005244	-0.000000	0.000204	0.000000	0.000000	0.000000	0.000000	0.000000	0.000000	0.000000	0.000000
1761685691.152927876	-0.000000	-0.000018	-0.000139	0.065338	0.000000	-0.000000	0.000000	0.000115	0.000312	-0.010096	-0.000000	0.000000	0.027122	0.322722	-1.966585	-0.006517	-0.000000	0.000204	0.000000	0.000000	0.000000	0.000000	0.000000	0.000000	0.000000	0.000000
1761685691.252945185	-0.000000	-0.000053	0.000019	0.061928	0.000000	-0.000000	0.000000	0.000284	-0.000126	-0.003595	-0.000000	0.000000	0.027122	0.322744	-1.966579	-0.007149	-0.000000	0.000204	0.000000	0.000000	0.000000	0.000000	0.000000	0.000000	0.000000	0.000000
1761685691.352897644	-0.000000	-0.000087	0.000168	0.053869	0.000000	-0.000000	0.000000	0.000442	-0.000533	0.002654	-0.000000	0.000000	0.027122	0.322781	-1.966616	-0.007142	-0.000000	0.000204	0.000000	0.000000	0.000000	0.000000	0.000000	0.000000	0.000000	0.000000
1761685691.452999830	-0.000000	-0.000115	0.000298	0.041995	0.000000	-0.000000	0.000000	0.000578	-0.000878	0.008175	0.000000	0.000000	0.027122	0.322833	-1.966691	-0.006549	-0.000000	0.000204	0.000000	0.000000	0.000000	0.000000	0.000000	0.000000	0.000000	0.000000
1761685691.552891016	-0.000000	-0.000137	0.000398	0.027554	0.000000	-0.000000	0.000000	0.000665	-0.001096	0.011873	0.000000	0.000000	0.027122	0.322885	-1.966776	-0.005676	-0.000000	0.000204	0.000000	0.000000	0.000000	0.000000	0.000000	0.000000	0.000000	0.000000
1761685691.652817488	-0.000000	-0.000152	0.000463	0.012011	0.000000	-0.000000	0.000000	0.000736	-0.001270	0.015110	0.000000	0.000000	0.027122	0.322956	-1.966897	-0.004284	-0.000000	0.000204	0.000000	0.000000	0.000000	0.000000	0.000000	0.000000	0.000000	0.000000
1761685691.752888680	-0.000000	-0.000157	0.000488	-0.003206	0.000000	-0.000000	0.000000	0.000766	-0.001338	0.016829	0.000000	0.000000	0.027122	0.323031	-1.967029	-0.002655	-0.000000	0.000204	0.000000	0.000000	0.000000	0.000000	0.000000	0.000000	0.000000	0.000000
1761685691.852841139	-0.000000	-0.000155	0.000475	-0.016840	-0.000000	-0.000000	0.000000	0.000755	-0.001303	0.017015	0.000000	0.000000	0.027122	0.323107	-1.967162	-0.000945	-0.000000	0.000204	0.000000	0.000000	0.000000	0.000000	0.000000	0.000000	0.000000	0.000000
1761685691.952939987	-0.000000	-0.000145	0.000428	-0.027901	-0.000000	0.000000	0.000000	0.000707	-0.001176	0.015786	0.000000	-0.000000	0.027122	0.323180	-1.967286	0.000700	-0.000000	0.000204	0.000000	0.000000	0.000000	0.000000	0.000000	0.000000	0.000000	0.000000
1761685692.052994490	-0.000000	-0.000130	0.000354	-0.035720	-0.000000	0.000000	0.000000	0.000629	-0.000974	0.013365	0.000000	-0.000000	0.027122	0.323247	-1.967393	0.002150	0.000000	0.000204	0.000000	0.000000	0.000000	0.000000	0.000000	0.000000	0.000000	0.000000
1761685692.152962685	-0.000000	-0.000109	0.000261	-0.039964	-0.000000	0.000000	0.000000	0.000529	-0.000722	0.010053	0.000000	-0.000000	0.027122	0.323304	-1.967476	0.003302	0.000000	0.000204	0.000000	0.000000	0.000000	0.000000	0.000000	0.000000	0.000000	0.000000
1761685692.252907991	-0.000000	-0.000086	0.000158	-0.040470	-0.000000	0.000000	0.000000	0.000415	-0.000439	0.006127	0.000000	-0.000000	0.027122	0.323351	-1.967531	0.004081	0.000000	0.000204	0.000000	0.000000	0.000000	0.000000	0.000000	0.000000	0.000000	0.000000
1761685692.353055716	-0.000000	-0.000063	0.000057	-0.037740	-0.000000	0.000000	0.000000	0.000301	-0.000159	0.002089	0.000000	-0.000000	0.027122	0.323386	-1.967559	0.004459	0.000000	0.000204	0.000000	0.000000	0.000000	0.000000	0.000000	0.000000	0.000000	0.000000
1761685692.452842951	-0.000000	-0.000040	-0.000035	-0.032292	-0.000000	0.000000	0.000000	0.000195	0.000096	-0.001731	0.000000	-0.000000	0.027122	0.323409	-1.967559	0.004443	0.000000	0.000204	0.000000	0.000000	0.000000	0.000000	0.000000	0.000000	0.000000	0.000000
1761685692.552803278	-0.000000	-0.000021	-0.000112	-0.024739	-0.000000	0.000000	0.000000	0.000104	0.000310	-0.005051	-0.000000	-0.000000	0.027122	0.323423	-1.967537	0.004072	0.000000	0.000204	0.000000	0.000000	0.000000	0.000000	0.000000	0.000000	0.000000	0.000000
1761685692.653415203	-0.000000	-0.000006	-0.000169	-0.015890	-0.000000	0.000000	0.000000	0.000033	0.000470	-0.007650	-0.000000	-0.000000	0.027122	0.323429	-1.967496	0.003411	0.000000	0.000204	0.000000	0.000000	0.000000	0.000000	0.000000	0.000000	0.000000	0.000000
1761685692.752818346	-0.000000	0.000003	-0.000204	-0.006604	-0.000000	0.000000	0.000000	-0.000013	0.000567	-0.009387	-0.000000	-0.000000	0.027122	0.323430	-1.967443	0.002538	0.000000	0.000204	0.000000	0.000000	0.000000	0.000000	0.000000	0.000000	0.000000	0.000000
1761685692.852828741	-0.000000	0.000008	-0.000216	0.002314	-0.000000	0.000000	0.000000	-0.000034	0.000600	-0.010202	-0.000000	-0.000000	0.027122	0.323427	-1.967384	0.001545	0.000000	0.000204	0.000000	0.000000	0.000000	0.000000	0.000000	0.000000	0.000000	0.000000
1761685692.952902555	-0.000000	0.000007	-0.000207	0.010175	0.000000	-0.000000	0.000000	-0.000031	0.000573	-0.010119	-0.000000	0.000000	0.027122	0.323423	-1.967325	0.000524	0.000000	0.000204	0.000000	0.000000	0.000000	0.000000	0.000000	0.000000	0.000000	0.000000
1761685693.052845478	-0.000000	0.000002	-0.000178	0.016452	0.000000	-0.000000	0.000000	-0.000007	0.000495	-0.009233	-0.000000	0.000000	0.027122	0.323422	-1.967272	-0.000442	0.000000	0.000204	0.000000	0.000000	0.000000	0.000000	0.000000	0.000000	0.000000	0.000000
1761685693.152837992	-0.000000	-0.000006	-0.000138	0.021020	0.000000	-0.000000	0.000000	0.000031	0.000383	-0.007797	-0.000000	0.000000	0.027122	0.323423	-1.967228	-0.001288	-0.000000	0.000204	0.000000	0.000000	0.000000	0.000000	0.000000	0.000000	0.000000	0.000000
1761685693.252867222	-0.000000	-0.000017	-0.000085	0.023342	0.000000	-0.000000	0.000000	0.000083	0.000237	-0.005771	-0.000000	0.000000	0.027122	0.323429	-1.967198	-0.001953	-0.000000	0.000204	0.000000	0.000000	0.000000	0.000000	0.000000	0.000000	0.000000	0.000000
1761685693.352850437	-0.000000	-0.000029	-0.000029	-0.192352	0.000000	-0.000000	0.000000	0.000141	0.000081	-0.003514	-0.000000	0.000000	0.027122	0.323441	-1.967184	-0.002401	-0.000000	0.000204	0.000000	0.000000	0.000000	-0.233081	0.000000	0.000000	0.000000	0.000000
1761685693.452992916	-0.000000	0.000038	-0.000310	-0.168799	0.000000	0.000000	0.000000	-0.000176	0.000859	-0.015559	-0.000000	-0.000000	0.027122	0.323443	-1.967146	-0.003215	-0.000000	0.000204	0.000000	0.000000	0.000000	-0.233081	0.000000	0.000000	0.000000	0.000000
1761685693.552772045	-0.000000	0.000141	-0.000724	-0.122157	-0.000000	0.000000	0.000000	-0.000634	0.001986	-0.033224	-0.000000	-0.000000	0.027122	0.323398	-1.966992	-0.005828	-0.000000	0.000204	0.000000	0.000000	0.000000	-0.233081	0.000000	0.000000	0.000000	0.000000
1761685693.652778387	-0.000000	0.000223	-0.001036	-0.068234	-0.000000	0.000000	0.000000	-0.000982	0.002823	-0.046995	-0.000000	-0.000000	0.027122	0.323315	-1.966740	-0.010006	-0.000000	0.000204	0.000000	0.000000	0.000000	-0.233081	0.000000	0.000000	0.000000	0.000000
1761685693.752809525	-0.000000	0.000273	-0.001212	-0.013428	-0.000000	0.000000	0.000000	-0.001185	0.003291	-0.055616	-0.000000	-0.000000	0.027122	0.323207	-1.966425	-0.015268	-0.000000	0.000204	0.000000	0.000000	0.000000	-0.233081	0.000000	0.000000	0.000000	0.000000
1761685693.852865458	-0.000000	0.000287	-0.001247	0.037038	-0.000000	0.000000	0.000000	-0.001240	0.003384	-0.058785	-0.000000	-0.000000	0.027122	0.323090	-1.966084	-0.021075	-0.000000	0.000204	0.000000	0.000000	0.000000	-0.233081	0.000000	0.000000	0.000000	0.000000
1761685693.953015327	-0.000000	0.000266	-0.001151	0.079193	0.000000	-0.000000	0.000000	-0.001155	0.003131	-0.056764	-0.000000	0.000000	0.027122	0.322978	-1.965754	-0.026892	-0.000000	0.000204	0.000000	0.000000	0.000000	-0.233081	0.000000	0.000000	0.000000	0.000000
1761685694.052926064	-0.000000	0.000217	-0.000948	0.110498	0.000000	-0.000000	0.000000	-0.000955	0.002591	-0.050250	-0.000000	0.000000	0.027122	0.322881	-1.965467	-0.032235	-0.000000	0.000204	0.000000	0.000000	0.000000	-0.233081	0.000000	0.000000	0.000000	0.000000
1761685694.152849913	-0.000000	0.000149	-0.000669	0.129766	0.000000	-0.000000	0.000000	-0.000667	0.001841	-0.040243	-0.000000	0.000000	0.027122	0.322809	-1.965247	-0.036711	-0.000000	0.000204	0.000000	0.000000	0.000000	-0.233081	0.000000	0.000000	0.000000	0.000000
1761685694.252797604	-0.000000	0.000071	-0.000348	0.136945	0.000000	-0.000000	0.000000	-0.000325	0.000965	-0.027909	-0.000000	0.000000	0.027122	0.322767	-1.965111	-0.040037	-0.000000	0.000204	0.000000	0.000000	0.000000	-0.233081	0.000000	0.000000	0.000000	0.000000
1761685694.352797985	-0.000000	-0.000008	-0.000016	0.132848	0.000000	-0.000000	0.000000	0.000038	0.000046	-0.014454	-0.000000	0.000000	0.027122	0.322757	-1.965067	-0.042051	-0.000000	0.000204	0.000000	0.000000	0.000000	-0.233081	0.000000	0.000000	0.000000	0.000000
1761685694.452823877	-0.000000	-0.000081	0.000303	0.118920	0.000000	-0.000000	0.000000	0.000390	-0.000839	-0.001032	0.000000	0.000000	0.027122	0.322780	-1.965116	-0.042709	-0.000000	0.000204	0.000000	0.000000	0.000000	-0.233081	0.000000	0.000000	0.000000	0.000000
1761685694.552778721	-0.000000	-0.000145	0.000592	0.096551	0.000000	-0.000000	0.000000	0.000706	-0.001622	0.011324	0.000000	0.000000	0.027122	0.322832	-1.965249	-0.042076	-0.000000	0.000204	0.000000	0.000000	0.000000	-0.233081	0.000000	0.000000	0.000000	0.000000
1761685694.652790070	-0.000000	-0.000196	0.000828	0.067657	0.000000	-0.000000	0.000000	0.000964	-0.002249	0.021725	0.000000	0.000000	0.027122	0.322910	-1.965454	-0.040312	-0.000000	0.000204	0.000000	0.000000	0.000000	-0.233081	0.000000	0.000000	0.000000	0.000000
1761685694.752799511	-0.000000	-0.000231	0.000992	0.035418	-0.000000	-0.000000	0.000000	0.001145	-0.002678	0.029453	0.000000	0.000000	0.027122	0.323008	-1.965710	-0.037657	-0.000000	0.000204	0.000000	0.000000	0.000000	-0.233081	0.000000	0.000000	0.000000	0.000000
1761685694.852926731	-0.000000	-0.000249	0.001071	0.003057	-0.000000	-0.000000	0.000000	0.001242	-0.002885	0.034070	0.000000	0.000000	0.027122	0.323119	-1.965996	-0.034406	0.000000	0.000204	0.000000	0.000000	0.000000	-0.233081	0.000000	0.000000	0.000000	0.000000
1761685694.952795506	-0.000000	-0.000250	0.001067	-0.026564	-0.000000	-0.000000	0.000000	0.001252	-0.002872	0.035454	0.000000	0.000000	0.027122	0.323235	-1.966290	-0.030883	0.000000	0.000204	0.000000	0.000000	0.000000	-0.233081	0.000000	0.000000	0.000000	0.000000
1761685695.052963257	-0.000000	-0.000237	0.000985	-0.051197	-0.000000	0.000000	0.000000	0.001182	-0.002657	0.033785	0.000000	-0.000000	0.027122	0.323349	-1.966571	-0.027402	0.000000	0.000204	0.000000	0.000000	0.000000	-0.233081	0.000000	0.000000	0.000000	0.000000
1761685695.152822733	-0.000000	-0.000211	0.000840	-0.069328	-0.000000	0.000000	0.000000	0.001044	-0.002278	0.029487	0.000000	-0.000000	0.027122	0.323453	-1.966819	-0.024247	0.000000	0.000204	0.000000	0.000000	0.000000	-0.233081	0.000000	0.000000	0.000000	0.000000
1761685695.252885580	-0.000000	-0.000174	0.000652	-0.080183	-0.000000	0.000000	0.000000	0.000857	-0.001778	0.023158	0.000000	-0.000000	0.027122	0.323543	-1.967021	-0.021647	0.000000	0.000204	0.000000	0.000000	0.000000	-0.233081	0.000000	0.000000	0.000000	0.000000
1761685695.353066444	-0.000000	-0.000131	0.000440	-0.083654	-0.000000	0.000000	0.000000	0.000638	-0.001210	0.015502	0.000000	-0.000000	0.027122	0.323613	-1.967167	-0.019766	0.000000	0.000204	0.000000	0.000000	0.000000	-0.233081	0.000000	0.000000	0.000000	0.000000
1761685695.452738762	-0.000000	-0.000084	0.000225	-0.080198	-0.000000	0.000000	0.000000	0.000408	-0.000623	0.007252	0.000000	-0.000000	0.027122	0.323662	-1.967255	-0.018693	0.000000	0.000204	0.000000	0.000000	0.000000	-0.233081	0.000000	0.000000	0.000000	0.000000
1761685695.552863121	-0.000000	-0.000039	0.000026	-0.070831	-0.000000	0.000000	0.000000	0.000188	-0.000072	-0.000825	-0.000000	-0.000000	0.027122	0.323689	-1.967285	-0.018441	0.000000	0.000204	0.000000	0.000000	0.000000	-0.233081	0.000000	0.000000	0.000000	0.000000
1761685695.652752638	-0.000000	0.000002	-0.000145	-0.056648	-0.000000	0.000000	0.000000	-0.000005	0.000405	-0.008065	-0.000000	-0.000000	0.027122	0.323697	-1.967264	-0.018953	0.000000	0.000204	0.000000	0.000000	0.000000	-0.233081	0.000000	0.000000	0.000000	0.000000
1761685695.753633976	-0.000000	0.000035	-0.000280	-0.039128	-0.000000	0.000000	0.000000	-0.000160	0.000777	-0.013966	-0.000000	-0.000000	0.027122	0.323688	-1.967201	-0.020113	0.000000	0.000204	0.000000	0.000000	0.000000	-0.233081	0.000000	0.000000	0.000000	0.000000
1761685695.853256226	-0.000000	0.000058	-0.000370	-0.020103	-0.000000	0.000000	0.000000	-0.000266	0.001024	-0.018171	-0.000000	-0.000000	0.027122	0.323668	-1.967108	-0.021767	0.000000	0.000204	0.000000	0.000000	0.000000	-0.233081	0.000000	0.000000	0.000000	0.000000
1761685695.952827215	-0.000000	0.000070	-0.000413	-0.001340	0.000000	0.000000	0.000000	-0.000321	0.001140	-0.020498	-0.000000	-0.000000	0.027122	0.323640	-1.966997	-0.023733	0.000000	0.000204	0.000000	0.000000	0.000000	-0.233081	0.000000	0.000000	0.000000	0.000000
1761685696.052736521	-0.000000	0.000071	-0.000408	0.015628	0.000000	0.000000	0.000000	-0.000325	0.001129	-0.020945	-0.000000	-0.000000	0.027122	0.323610	-1.966882	-0.025822	0.000000	0.000204	0.000000	0.000000	0.000000	-0.233081	0.000000	0.000000	0.000000	0.000000
1761685696.152741671	-0.000000	0.000062	-0.000363	0.029611	0.000000	-0.000000	0.000000	-0.000284	0.001006	-0.019665	-0.000000	0.000000	0.027122	0.323583	-1.966775	-0.027854	0.000000	0.000204	0.000000	0.000000	0.000000	-0.233081	0.000000	0.000000	0.000000	0.000000
1761685696.252792597	-0.000000	0.000045	-0.000286	0.039811	0.000000	-0.000000	0.000000	-0.000206	0.000792	-0.016937	-0.000000	0.000000	0.027122	0.323561	-1.966685	-0.029671	-0.000000	0.000204	0.000000	0.000000	0.000000	-0.233081	0.000000	0.000000	0.000000	0.000000
1761685696.353328228	-0.000000	0.000022	-0.000185	0.044125	0.000000	-0.000000	0.000000	-0.000102	0.000515	-0.013126	-0.000000	0.000000	0.027122	0.323548	-1.966622	-0.031149	-0.000000	0.000204	0.000000	0.000000	0.000000	-0.233081	0.000000	0.000000	0.000000	0.000000
1761685696.452952147	-0.000000	0.000001	-0.000095	0.047813	0.000000	-0.000000	0.000000	0.000015	0.000213	-0.008785	-0.000000	0.000000	0.027122	0.323546	-1.966587	-0.032212	-0.000000	0.000204	0.000000	0.000000	0.000000	-0.233081	0.000000	0.000000	0.000000	0.000000
1761685696.553298712	-0.000000	-0.000024	0.000018	0.046549	0.000000	-0.000000	0.000000	0.000138	-0.000105	-0.004065	-0.000000	0.000000	0.027122	0.323555	-1.966585	-0.032817	-0.000000	0.000204	0.000000	0.000000	0.000000	-0.233081	0.000000	0.000000	0.000000	0.000000
1761685696.652934790	-0.000000	-0.000050	0.000129	0.041619	0.000000	-0.000000	0.000000	0.000258	-0.000409	0.000611	0.000000	0.000000	0.027122	0.323575	-1.966614	-0.032950	-0.000000	0.000204	0.000000	0.000000	0.000000	-0.233081	0.000000	0.000000	0.000000	0.000000
1761685696.752946615	-0.000000	-0.000072	0.000228	0.033687	0.000000	-0.000000	0.000000	0.000364	-0.000673	0.004855	0.000000	0.000000	0.027122	0.323605	-1.966671	-0.032638	-0.000000	0.000204	0.000000	0.000000	0.000000	-0.233081	0.000000	0.000000	0.000000	0.000000
1761685696.852940798	-0.000000	-0.000090	0.000307	0.023580	0.000000	-0.000000	0.000000	0.000449	-0.000880	0.008356	0.000000	0.000000	0.027122	0.323644	-1.966753	-0.031943	-0.000000	0.000204	0.000000	0.000000	0.000000	-0.233081	0.000000	0.000000	0.000000	0.000000
1761685696.953006744	-0.000000	-0.000102	0.000361	0.012338	0.000000	-0.000000	0.000000	0.000506	-0.001015	0.010882	0.000000	0.000000	0.027122	0.323689	-1.966851	-0.030953	-0.000000	0.000204	0.000000	0.000000	0.000000	-0.233081	0.000000	0.000000	0.000000	0.000000
1761685697.052976608	-0.000000	-0.000109	0.000387	0.001012	0.000000	-0.000000	0.000000	0.000532	-0.001073	0.012303	0.000000	0.000000	0.027122	0.323738	-1.966957	-0.029774	-0.000000	0.000204	0.000000	0.000000	0.000000	-0.233081	0.000000	0.000000	0.000000	0.000000
1761685697.152954340	-0.000000	-0.000109	0.000384	-0.009438	-0.000000	-0.000000	0.000000	0.000529	-0.001053	0.012593	0.000000	0.000000	0.027122	0.323788	-1.967066	-0.028519	-0.000000	0.000204	0.000000	0.000000	0.000000	-0.233081	0.000000	0.000000	0.000000	0.000000
1761685697.252962589	-0.000000	-0.000104	0.000356	-0.018221	-0.000000	0.000000	0.000000	0.000498	-0.000965	0.011824	0.000000	-0.000000	0.027122	0.323837	-1.967168	-0.027297	0.000000	0.000204	0.000000	0.000000	0.000000	-0.233081	0.000000	0.000000	0.000000	0.000000
1761685697.353014231	-0.000000	-0.000093	0.000306	-0.024763	-0.000000	0.000000	0.000000	0.000443	-0.000820	0.010148	0.000000	-0.000000	0.027122	0.323881	-1.967257	-0.026207	0.000000	0.000204	0.000000	0.000000	0.000000	-0.233081	0.000000	0.000000	0.000000	0.000000
1761685697.453121662	-0.000000	-0.000079	0.000241	-0.028731	-0.000000	0.000000	0.000000	0.000372	-0.000635	0.007781	0.000000	-0.000000	0.027122	0.323919	-1.967330	-0.025325	0.000000	0.000204	0.000000	0.000000	0.000000	-0.233081	0.000000	0.000000	0.000000	0.000000
1761685697.552999973	-0.000000	-0.000063	0.000167	-0.030032	-0.000000	0.000000	0.000000	0.000291	-0.000428	0.004974	0.000000	-0.000000	0.027122	0.323951	-1.967382	-0.024708	0.000000	0.000204	0.000000	0.000000	0.000000	-0.233081	0.000000	0.000000	0.000000	0.000000
1761685697.652957201	-0.000000	-0.000046	0.000090	-0.028792	-0.000000	0.000000	0.000000	0.000206	-0.000216	0.001992	0.000000	-0.000000	0.027122	0.323974	-1.967413	-0.024384	0.000000	0.000204	0.000000	0.000000	0.000000	-0.233081	0.000000	0.000000	0.000000	0.000000
1761685697.752983093	-0.000000	-0.000029	0.000018	-0.025325	-0.000000	0.000000	0.000000	0.000126	-0.000017	-0.000908	0.000000	-0.000000	0.027122	0.323990	-1.967423	-0.024355	0.000000	0.000204	0.000000	0.000000	0.000000	-0.233081	0.000000	0.000000	0.000000	0.000000
1761685697.852828026	-0.000000	-0.000014	-0.000045	-0.020055	-0.000000	0.000000	0.000000	0.000055	0.000154	-0.003498	-0.000000	-0.000000	0.027122	0.323998	-1.967415	-0.024599	0.000000	0.000204	0.000000	0.000000	0.000000	-0.233081	0.000000	0.000000	0.000000	0.000000
1761685697.952908993	-0.000000	-0.000001	-0.000095	-0.013547	-0.000000	0.000000	0.000000	-0.000001	0.000287	-0.005591	-0.000000	-0.000000	0.027122	0.324001	-1.967392	-0.025074	0.000000	0.000204	0.000000	0.000000	0.000000	-0.233081	0.000000	0.000000	0.000000	0.000000
1761685698.053366661	-0.000000	0.000007	-0.000129	-0.006448	-0.000000	0.000000	0.000000	-0.000040	0.000373	-0.007054	-0.000000	-0.000000	0.027122	0.323999	-1.967358	-0.025723	0.000000	0.000204	0.000000	0.000000	0.000000	-0.233081	0.000000	0.000000	0.000000	0.000000
1761685698.153100967	-0.000000	0.000012	-0.000146	0.000597	-0.000000	0.000000	0.000000	-0.000059	0.000410	-0.007817	-0.000000	-0.000000	0.027122	0.323995	-1.967318	-0.026478	0.000000	0.000204	0.000000	0.000000	0.000000	-0.233081	0.000000	0.000000	0.000000	0.000000
1761685698.252893209	-0.000000	0.000013	-0.000145	0.007007	0.000000	0.000000	0.000000	-0.000059	0.000400	-0.007875	-0.000000	-0.000000	0.027122	0.323990	-1.967277	-0.027268	0.000000	0.000204	0.000000	0.000000	0.000000	-0.233081	0.000000	0.000000	0.000000	0.000000
1761685698.352953196	-0.000000	0.000010	-0.000128	0.012306	0.000000	-0.000000	0.000000	-0.000042	0.000347	-0.007281	-0.000000	0.000000	0.027122	0.323986	-1.967240	-0.028026	0.000000	0.000204	0.000000	0.000000	0.000000	-0.233081	0.000000	0.000000	0.000000	0.000000
1761685698.452970505	-0.000000	0.000004	-0.000099	0.016155	-0.000000	-0.000000	0.000000	-0.000011	0.000260	-0.006139	-0.000000	0.000000	0.027122	0.323984	-1.967210	-0.028691	0.000000	0.000204	0.000000	0.000000	0.000000	-0.233081	0.000000	0.000000	0.000000	0.000000
1761685698.552942038	-0.000000	-0.000005	-0.000060	0.018364	0.000000	-0.000000	0.000000	0.000030	0.000149	-0.004588	-0.000000	0.000000	0.027122	0.323986	-1.967190	-0.029217	0.000000	0.000204	0.000000	0.000000	0.000000	-0.233081	0.000000	0.000000	0.000000	0.000000
1761685698.652822495	-0.000000	-0.000014	-0.000017	0.018895	0.000000	-0.000000	0.000000	0.000076	0.000025	-0.002788	-0.000000	0.000000	0.027122	0.323992	-1.967183	-0.029572	-0.000000	0.000204	0.000000	0.000000	0.000000	-0.233081	0.000000	0.000000	0.000000	0.000000
1761685698.752805471	-0.000000	-0.000024	0.000028	0.017845	0.000000	-0.000000	0.000000	0.000124	-0.000099	-0.000907	-0.000000	0.000000	0.027122	0.324002	-1.967188	-0.029742	-0.000000	0.000204	0.000000	0.000000	0.000000	-0.233081	0.000000	0.000000	0.000000	0.000000
1761685698.852879763	-0.000000	-0.000034	0.000070	0.015428	0.000000	-0.000000	0.000000	0.000169	-0.000214	0.000895	-0.000000	0.000000	0.027122	0.324017	-1.967205	-0.029727	-0.000000	0.000204	0.000000	0.000000	0.000000	-0.233081	0.000000	0.000000	0.000000	0.000000
1761685698.952888489	-0.000000	-0.000042	0.000106	0.227952	0.000000	-0.000000	0.000000	0.000207	-0.000311	0.002478	0.000000	0.000000	0.027122	0.324035	-1.967232	-0.029543	-0.000000	0.000204	0.000000	0.000000	0.000000	0.000000	0.000000	0.000000	0.000000	0.000000
1761685699.053010464	-0.000000	-0.000124	0.000476	0.198449	0.000000	-0.000000	0.000000	0.000705	-0.001552	0.021731	-0.000000	0.000000	0.027122	0.324078	-1.967328	-0.028320	-0.000000	0.000204	0.000000	0.000000	0.000000	0.000000	0.000000	0.000000	0.000000	0.000000
1761685699.152896166	-0.000000	-0.000226	0.000973	0.143452	0.000000	-0.000000	0.000000	0.001224	-0.002833	0.042067	-0.000000	0.000000	0.027122	0.324174	-1.967562	-0.024940	0.000000	0.000204	0.000000	0.000000	0.000000	0.000000	0.000000	0.000000	0.000000	0.000000
1761685699.252977848	-0.000000	-0.000300	0.001350	0.079898	0.000000	-0.000000	0.000000	0.001601	-0.003736	0.057329	0.000000	0.000000	0.027122	0.324311	-1.967904	-0.019805	0.000000	0.000204	0.000000	0.000000	0.000000	0.000000	0.000000	0.000000	0.000000	0.000000
1761685699.352832317	-0.000000	-0.000342	0.001562	0.015424	0.000000	-0.000000	0.000000	0.001809	-0.004196	0.066378	0.000000	0.000000	0.027122	0.324478	-1.968310	-0.013500	0.000000	0.000204	0.000000	0.000000	0.000000	0.000000	0.000000	0.000000	0.000000	0.000000
1761685699.452999353	-0.000000	-0.000353	0.001599	-0.043715	0.000000	-0.000000	0.000000	0.001846	-0.004213	0.068995	0.000000	0.000000	0.027122	0.324658	-1.968736	-0.006665	0.000000	0.000204	0.000000	0.000000	0.000000	0.000000	0.000000	0.000000	0.000000	0.000000
1761685699.553106546	-0.000000	-0.000337	0.001475	-0.092857	0.000000	0.000000	0.000000	0.001726	-0.003834	0.065609	0.000000	-0.000000	0.027122	0.324835	-1.969138	0.000079	0.000000	0.000204	0.000000	0.000000	0.000000	0.000000	0.000000	0.000000	0.000000	0.000000
1761685699.652784824	-0.000000	-0.000296	0.001221	-0.129123	-0.000000	0.000000	0.000000	0.001474	-0.003134	0.057143	0.000000	-0.000000	0.027122	0.324995	-1.969482	0.006180	0.000000	0.000204	0.000000	0.000000	0.000000	0.000000	0.000000	0.000000	0.000000	0.000000
1761685699.752951145	-0.000000	-0.000235	0.000878	-0.151270	-0.000000	0.000000	0.000000	0.001127	-0.002208	0.044835	0.000000	-0.000000	0.027122	0.325125	-1.969742	0.011201	0.000000	0.000204	0.000000	0.000000	0.000000	0.000000	0.000000	0.000000	0.000000	0.000000
1761685699.852949619	-0.000000	-0.000160	0.000488	-0.159374	-0.000000	0.000000	0.000000	0.000720	-0.001155	0.030077	0.000000	-0.000000	0.027122	0.325217	-1.969901	0.014839	0.000000	0.000204	0.000000	0.000000	0.000000	0.000000	0.000000	0.000000	0.000000	0.000000
1761685699.952926159	-0.000000	-0.000075	0.000092	-0.154475	-0.000000	0.000000	0.000000	0.000293	-0.000073	0.014275	0.000000	-0.000000	0.027122	0.325265	-1.969953	0.016931	0.000000	0.000204	0.000000	0.000000	0.000000	0.000000	0.000000	0.000000	0.000000	0.000000
1761685700.053047657	-0.000000	0.000011	-0.000283	-0.138287	-0.000000	0.000000	0.000000	-0.000121	0.000952	-0.001254	-0.000000	-0.000000	0.027122	0.325269	-1.969900	0.017449	0.000000	0.000204	0.000000	0.000000	0.000000	0.000000	0.000000	0.000000	0.000000	0.000000
1761685700.152983665	-0.000000	0.000092	-0.000620	-0.112323	-0.000000	0.000000	0.000000	-0.000490	0.001846	-0.015353	-0.000000	-0.000000	0.027122	0.325232	-1.969752	0.016490	0.000000	0.000204	0.000000	0.000000	0.000000	0.000000	0.000000	0.000000	0.000000	0.000000
1761685700.252918482	-0.000000	0.000163	-0.000893	-0.078678	-0.000000	0.000000	0.000000	-0.000788	0.002548	-0.027018	-0.000000	-0.000000	0.027122	0.325162	-1.969526	0.014256	0.000000	0.000204	0.000000	0.000000	0.000000	0.000000	0.000000	0.000000	0.000000	0.000000
1761685700.353147507	-0.000000	0.000215	-0.001082	-0.041117	-0.000000	0.000000	0.000000	-0.000995	0.003010	-0.035447	-0.000000	-0.000000	0.027122	0.325067	-1.969244	0.011039	0.000000	0.000204	0.000000	0.000000	0.000000	0.000000	0.000000	0.000000	0.000000	0.000000
1761685700.452834368	-0.000000	0.000244	-0.001175	-0.003460	-0.000000	0.000000	0.000000	-0.001100	0.003213	-0.040184	-0.000000	-0.000000	0.027122	0.324958	-1.968930	0.007192	0.000000	0.000204	0.000000	0.000000	0.000000	0.000000	0.000000	0.000000	0.000000	0.000000
1761685700.552813530	-0.000000	0.000249	-0.001171	0.030925	0.000000	0.000000	0.000000	-0.001103	0.003160	-0.041158	-0.000000	-0.000000	0.027122	0.324845	-1.968611	0.003091	0.000000	0.000204	0.000000	0.000000	0.000000	0.000000	0.000000	0.000000	0.000000	0.000000
1761685700.653134584	-0.000000	0.000232	-0.001078	0.059430	0.000000	-0.000000	0.000000	-0.001014	0.002879	-0.038638	-0.000000	0.000000	0.027122	0.324739	-1.968310	-0.000902	-0.000000	0.000204	0.000000	0.000000	0.000000	0.000000	0.000000	0.000000	0.000000	0.000000
1761685700.752927065	-0.000000	0.000195	-0.000915	0.080332	0.000000	-0.000000	0.000000	-0.000849	0.002415	-0.033170	-0.000000	0.000000	0.027122	0.324647	-1.968047	-0.004467	-0.000000	0.000204	0.000000	0.000000	0.000000	0.000000	0.000000	0.000000	0.000000	0.000000
1761685700.852928877	-0.000000	0.000146	-0.000701	0.092783	0.000000	-0.000000	0.000000	-0.000629	0.001821	-0.025486	-0.000000	0.000000	0.027122	0.324576	-1.967839	-0.007350	-0.000000	0.000204	0.000000	0.000000	0.000000	0.000000	0.000000	0.000000	0.000000	0.000000
1761685700.952774286	-0.000000	0.000090	-0.000460	0.096710	0.000000	-0.000000	0.000000	-0.000377	0.001158	-0.016415	-0.000000	0.000000	0.027122	0.324529	-1.967695	-0.009378	-0.000000	0.000204	0.000000	0.000000	0.000000	0.000000	0.000000	0.000000	0.000000	0.000000
1761685701.052930832	-0.000000	0.000034	-0.000215	0.092674	0.000000	-0.000000	0.000000	-0.000116	0.000484	-0.006809	-0.000000	0.000000	0.027122	0.324507	-1.967618	-0.010462	-0.000000	0.000204	0.000000	0.000000	0.000000	0.000000	0.000000	0.000000	0.000000	0.000000
1761685701.153059483	-0.000000	-0.000019	0.000016	0.081722	0.000000	-0.000000	0.000000	0.000131	-0.000148	0.002525	0.000000	0.000000	0.027122	0.324510	-1.967607	-0.010595	-0.000000	0.000204	0.000000	0.000000	0.000000	0.000000	0.000000	0.000000	0.000000	0.000000
1761685701.252943039	-0.000000	-0.000064	0.000218	0.064929	0.000000	-0.000000	0.000000	0.000348	-0.000693	0.010880	0.000000	0.000000	0.027122	0.324536	-1.967655	-0.009848	-0.000000	0.000204	0.000000	0.000000	0.000000	0.000000	0.000000	0.000000	0.000000	0.000000
1761685701.352923155	-0.000000	-0.000100	0.000381	0.043973	0.000000	-0.000000	0.000000	0.000519	-0.001115	0.017653	0.000000	0.000000	0.027122	0.324580	-1.967750	-0.008353	-0.000000	0.000204	0.000000	0.000000	0.000000	0.000000	0.000000	0.000000	0.000000	0.000000
1761685701.452937603	-0.000000	-0.000125	0.000491	0.021063	0.000000	-0.000000	0.000000	0.000634	-0.001388	0.022400	0.000000	0.000000	0.027122	0.324638	-1.967879	-0.006296	-0.000000	0.000204	0.000000	0.000000	0.000000	0.000000	0.000000	0.000000	0.000000	0.000000
1761685701.552911997	-0.000000	-0.000137	0.000544	-0.001615	-0.000000	-0.000000	0.000000	0.000680	-0.001488	0.024537	0.000000	0.000000	0.027122	0.324693	-1.968001	-0.004310	-0.000000	0.000204	0.000000	0.000000	0.000000	0.000000	0.000000	0.000000	0.000000	0.000000
1761685701.652897835	-0.000000	-0.000138	0.000539	-0.022131	-0.000000	-0.000000	0.000000	0.000680	-0.001463	0.025131	0.000000	0.000000	0.027122	0.324761	-1.968150	-0.001797	-0.000000	0.000204	0.000000	0.000000	0.000000	0.000000	0.000000	0.000000	0.000000	0.000000
1761685701.752831459	-0.000000	-0.000127	0.000482	-0.038971	-0.000000	0.000000	0.000000	0.000629	-0.001321	0.023602	0.000000	-0.000000	0.027122	0.324827	-1.968290	0.000650	0.000000	0.000204	0.000000	0.000000	0.000000	0.000000	0.000000	0.000000	0.000000	0.000000
1761685701.852771997	-0.000000	-0.000108	0.000383	-0.051111	-0.000000	0.000000	0.000000	0.000530	-0.001054	0.020266	0.000000	-0.000000	0.027122	0.324885	-1.968408	0.002834	0.000000	0.000204	0.000000	0.000000	0.000000	0.000000	0.000000	0.000000	0.000000	0.000000
1761685701.952844381	-0.000000	-0.000081	0.000256	-0.058030	-0.000000	0.000000	0.000000	0.000372	-0.000645	0.015560	0.000000	-0.000000	0.027122	0.324931	-1.968494	0.004600	0.000000	0.000204	0.000000	0.000000	0.000000	0.000000	0.000000	0.000000	0.000000	0.000000
1761685702.052803040	-0.000000	-0.000050	0.000113	-0.059681	-0.000000	0.000000	0.000000	0.000242	-0.000314	0.009987	0.000000	-0.000000	0.027122	0.324962	-1.968542	0.005838	0.000000	0.000204	0.000000	0.000000	0.000000	0.000000	0.000000	0.000000	0.000000	0.000000
1761685702.152807951	-0.000000	-0.000017	-0.000031	-0.056420	-0.000000	0.000000	0.000000	0.000082	0.000086	0.004074	0.000000	-0.000000	0.027122	0.324977	-1.968550	0.006494	0.000000	0.000204	0.000000	0.000000	0.000000	0.000000	0.000000	0.000000	0.000000	0.000000
1761685702.252945185	-0.000000	0.000015	-0.000166	-0.048922	-0.000000	0.000000	0.000000	-0.000071	0.000461	-0.001677	-0.000000	-0.000000	0.027122	0.324976	-1.968519	0.006562	0.000000	0.000204	0.000000	0.000000	0.000000	0.000000	0.000000	0.000000	0.000000	0.000000
1761685702.353178024	-0.000000	0.000042	-0.000279	-0.038229	-0.000000	0.000000	0.000000	-0.000201	0.000773	-0.006694	-0.000000	-0.000000	0.027122	0.324960	-1.968454	0.006097	0.000000	0.000204	0.000000	0.000000	0.000000	0.000000	0.000000	0.000000	0.000000	0.000000
1761685702.452943563	-0.000000	0.000064	-0.000364	-0.025422	-0.000000	0.000000	0.000000	-0.000302	0.001007	-0.010695	-0.000000	-0.000000	0.027122	0.324934	-1.968363	0.005187	0.000000	0.000204	0.000000	0.000000	0.000000	0.000000	0.000000	0.000000	0.000000	0.000000
1761685702.552890301	-0.000000	0.000079	-0.000417	-0.011783	-0.000000	0.000000	0.000000	-0.000368	0.001151	-0.013450	-0.000000	-0.000000	0.027122	0.324899	-1.968253	0.003948	0.000000	0.000204	0.000000	0.000000	0.000000	0.000000	0.000000	0.000000	0.000000	0.000000
1761685702.653010368	-0.000000	0.000085	-0.000435	0.001469	-0.000000	0.000000	0.000000	-0.000397	0.001202	-0.014856	-0.000000	-0.000000	0.027122	0.324860	-1.968135	0.002511	0.000000	0.000204	0.000000	0.000000	0.000000	0.000000	0.000000	0.000000	0.000000	0.000000
1761685702.752873659	-0.000000	0.000084	-0.000421	0.013286	0.000000	0.000000	0.000000	-0.000391	0.001163	-0.014930	-0.000000	-0.000000	0.027122	0.324820	-1.968016	0.001012	0.000000	0.000204	0.000000	0.000000	0.000000	0.000000	0.000000	0.000000	0.000000	0.000000
1761685702.853244543	-0.000000	0.000077	-0.000383	0.023272	0.000000	-0.000000	0.000000	-0.000358	0.001060	-0.013995	-0.000000	0.000000	0.027122	0.324782	-1.967905	-0.000440	0.000000	0.000204	0.000000	0.000000	0.000000	0.000000	0.000000	0.000000	0.000000	0.000000
1761685702.952861071	-0.000000	0.000064	-0.000322	0.030508	0.000000	-0.000000	0.000000	-0.000299	0.000891	-0.012001	-0.000000	0.000000	0.027122	0.324750	-1.967808	-0.001734	-0.000000	0.000204	0.000000	0.000000	0.000000	0.000000	0.000000	0.000000	0.000000	0.000000
1761685703.052783251	-0.000000	0.000046	-0.000243	0.034643	0.000000	-0.000000	0.000000	-0.000219	0.000674	-0.009191	-0.000000	0.000000	0.027122	0.324725	-1.967731	-0.002778	-0.000000	0.000204	0.000000	0.000000	0.000000	0.000000	0.000000	0.000000	0.000000	0.000000
1761685703.152985096	-0.000000	0.000027	-0.000155	0.035621	0.000000	-0.000000	0.000000	-0.000127	0.000431	-0.005865	-0.000000	0.000000	0.027122	0.324708	-1.967678	-0.003508	-0.000000	0.000204	0.000000	0.000000	0.000000	0.000000	0.000000	0.000000	0.000000	0.000000
1761685703.252779961	-0.000000	0.000007	-0.000066	0.033639	0.000000	-0.000000	0.000000	-0.000031	0.000183	-0.002335	-0.000000	0.000000	0.027122	0.324701	-1.967649	-0.003890	-0.000000	0.000204	0.000000	0.000000	0.000000	0.000000	0.000000	0.000000	0.000000	0.000000
1761685703.352913380	-0.000000	-0.000012	0.000018	0.029245	0.000000	-0.000000	0.000000	0.000060	-0.000049	0.001095	-0.000000	0.000000	0.027122	0.324703	-1.967644	-0.003939	-0.000000	0.000204	0.000000	0.000000	0.000000	0.000000	0.000000	0.000000	0.000000	0.000000
1761685703.453017473	-0.000000	-0.000029	0.000090	0.022509	0.000000	-0.000000	0.000000	0.000139	-0.000250	0.004165	0.000000	0.000000	0.027122	0.324714	-1.967662	-0.003627	-0.000000	0.000204	0.000000	0.000000	0.000000	0.000000	0.000000	0.000000	0.000000	0.000000
1761685703.552867174	-0.000000	-0.000042	0.000146	0.014576	0.000000	-0.000000	0.000000	0.000201	-0.000404	0.006641	0.000000	0.000000	0.027122	0.324732	-1.967696	-0.003059	-0.000000	0.000204	0.000000	0.000000	0.000000	0.000000	0.000000	0.000000	0.000000	0.000000
1761685703.652847528	-0.000000	-0.000050	0.000181	0.006091	0.000000	-0.000000	0.000000	0.000243	-0.000503	0.008363	0.000000	0.000000	0.027122	0.324755	-1.967743	-0.002286	-0.000000	0.000204	0.000000	0.000000	0.000000	0.000000	0.000000	0.000000	0.000000	0.000000
1761685703.752841234	-0.000000	-0.000054	0.000196	-0.002192	0.000000	-0.000000	0.000000	0.000261	-0.000544	0.009255	0.000000	0.000000	0.027122	0.324780	-1.967797	-0.001388	-0.000000	0.000204	0.000000	0.000000	0.000000	0.000000	0.000000	0.000000	0.000000	0.000000
1761685703.852773428	-0.000000	-0.000053	0.000191	-0.009600	-0.000000	0.000000	0.000000	0.000257	-0.000529	0.009312	0.000000	0.000000	0.027122	0.324806	-1.967851	-0.000450	-0.000000	0.000204	0.000000	0.000000	0.000000	0.000000	0.000000	0.000000	0.000000	0.000000
1761685703.952794313	-0.000000	-0.000048	0.000167	-0.015596	-0.000000	0.000000	0.000000	0.000234	-0.000463	0.008599	0.000000	-0.000000	0.027122	0.324831	-1.967900	0.000448	-0.000000	0.000204	0.000000	0.000000	0.000000	0.000000	0.000000	0.000000	0.000000	0.000000
1761685704.052811861	-0.000000	-0.000040	0.000129	-0.019813	-0.000000	0.000000	0.000000	0.000193	-0.000358	0.007239	0.000000	-0.000000	0.027122	0.324852	-1.967941	0.001235	0.000000	0.000204	0.000000	0.000000	0.000000	0.000000	0.000000	0.000000	0.000000	0.000000
1761685704.152769566	-0.000000	-0.000029	0.000080	-0.022061	-0.000000	0.000000	0.000000	0.000141	-0.000224	0.005398	0.000000	-0.000000	0.027122	0.324868	-1.967969	0.001856	0.000000	0.000204	0.000000	0.000000	0.000000	0.000000	0.000000	0.000000	0.000000	0.000000
1761685704.252765894	-0.000000	-0.000017	0.000027	-0.022327	-0.000000	0.000000	0.000000	0.000082	-0.000076	0.003267	0.000000	-0.000000	0.027122	0.324879	-1.967983	0.002274	0.000000	0.000204	0.000000	0.000000	0.000000	0.000000	0.000000	0.000000	0.000000	0.000000
1761685704.352767944	-0.000000	-0.000005	-0.000026	-0.020758	-0.000000	0.000000	0.000000	0.000022	0.000073	0.001043	0.000000	-0.000000	0.027122	0.324884	-1.967982	0.002472	0.000000	0.000204	0.000000	0.000000	0.000000	0.000000	0.000000	0.000000	0.000000	0.000000
1761685704.452913761	-0.000000	0.000007	-0.000076	-0.017627	-0.000000	0.000000	0.000000	-0.000034	0.000211	-0.001085	0.000000	-0.000000	0.027122	0.324883	-1.967966	0.002450	0.000000	0.000204	0.000000	0.000000	0.000000	0.000000	0.000000	0.000000	0.000000	0.000000
1761685704.552764177	-0.000000	0.000017	-0.000117	-0.013291	-0.000000	0.000000	0.000000	-0.000083	0.000326	-0.002952	-0.000000	-0.000000	0.027122	0.324876	-1.967938	0.002229	0.000000	0.000204	0.000000	0.000000	0.000000	0.000000	0.000000	0.000000	0.000000	0.000000
1761685704.652819633	-0.000000	0.000025	-0.000148	-0.008207	-0.000000	0.000000	0.000000	-0.000120	0.000412	-0.004426	-0.000000	-0.000000	0.027122	0.324866	-1.967900	0.001843	0.000000	0.000204	0.000000	0.000000	0.000000	0.000000	0.000000	0.000000	0.000000	0.000000
1761685704.752753258	-0.000000	0.000030	-0.000164	-0.003034	-0.000000	0.000000	0.000000	-0.000141	0.000456	-0.005331	-0.000000	-0.000000	0.027122	0.324852	-1.967856	0.001344	0.000000	0.000204	0.000000	0.000000	0.000000	0.000000	0.000000	0.000000	0.000000	0.000000
1761685704.852771044	-0.000000	0.000031	-0.000167	0.001886	-0.000000	0.000000	0.000000	-0.000148	0.000465	-0.005721	-0.000000	-0.000000	0.027122	0.324838	-1.967810	0.000785	0.000000	0.000204	0.000000	0.000000	0.000000	0.000000	0.000000	0.000000	0.000000	0.000000
1761685704.952743530	-0.000000	0.000030	-0.000159	0.006182	0.000000	-0.000000	0.000000	-0.000142	0.000442	-0.005614	-0.000000	0.000000	0.027122	0.324823	-1.967764	0.000216	0.000000	0.000204	0.000000	0.000000	0.000000	0.000000	0.000000	0.000000	0.000000	0.000000
1761685705.053131819	-0.000000	0.000026	-0.000140	0.009570	0.000000	-0.000000	0.000000	-0.000125	0.000390	-0.005067	-0.000000	0.000000	0.027122	0.324810	-1.967723	-0.000317	-0.000000	0.000204	0.000000	0.000000	0.000000	0.000000	0.000000	0.000000	0.000000	0.000000
1761685705.152723551	-0.000000	0.000021	-0.000114	0.011868	0.000000	-0.000000	0.000000	-0.000099	0.000317	-0.004167	-0.000000	0.000000	0.027122	0.324799	-1.967688	-0.000773	-0.000000	0.000204	0.000000	0.000000	0.000000	0.000000	0.000000	0.000000	0.000000	0.000000
1761685705.252751827	-0.000000	0.000014	-0.000083	0.012999	0.000000	-0.000000	0.000000	-0.000067	0.000231	-0.003018	-0.000000	0.000000	0.027122	0.324791	-1.967661	-0.001125	-0.000000	0.000204	0.000000	0.000000	0.000000	0.000000	0.000000	0.000000	0.000000	0.000000
1761685705.352894783	-0.000000	0.000007	-0.000050	0.458723	0.000000	-0.000000	0.000000	-0.000032	0.000139	-0.001737	-0.000000	0.000000	0.027122	0.324786	-1.967643	-0.001353	-0.000000	0.000204	0.000000	0.000000	0.000000	0.480949	0.000000	0.000000	0.000000	0.000000
1761685705.452737570	-0.000000	-0.000193	0.000874	0.388910	0.000000	-0.000000	0.000000	0.000972	-0.002365	0.036706	-0.000000	0.000000	0.027122	0.324833	-1.967756	0.000407	-0.000000	0.000204	0.000000	0.000000	0.000000	0.480949	0.000000	0.000000	0.000000	0.000000
1761685705.552745342	-0.000000	-0.000376	0.001868	0.277084	0.000000	-0.000000	0.000000	0.002001	-0.004896	0.076761	0.000000	0.000000	0.027122	0.324993	-1.968143	0.006462	-0.000000	0.000204	0.000000	0.000000	0.000000	0.480949	0.000000	0.000000	0.000000	0.000000
1761685705.652827024	-0.000000	-0.000496	0.002593	0.151404	0.000000	-0.000000	0.000000	0.002740	-0.006647	0.106333	0.000000	0.000000	0.027122	0.325245	-1.968738	0.015941	-0.000000	0.000204	0.000000	0.000000	0.000000	0.480949	0.000000	0.000000	0.000000	0.000000
1761685705.752740383	-0.000000	-0.000557	0.002967	0.028165	0.000000	-0.000000	0.000000	0.003149	-0.007519	0.123568	0.000000	0.000000	0.027122	0.325561	-1.969453	0.027667	-0.000000	0.000204	0.000000	0.000000	0.000000	0.480949	0.000000	0.000000	0.000000	0.000000
1761685705.852772474	-0.000000	-0.000571	0.002981	-0.080342	0.000000	-0.000000	0.000000	0.003232	-0.007543	0.128438	0.000000	0.000000	0.027122	0.325908	-1.970200	0.040393	-0.000000	0.000204	0.000000	0.000000	0.000000	0.480949	0.000000	0.000000	0.000000	0.000000
1761685705.952756166	-0.000000	-0.000542	0.002683	-0.166618	-0.000000	0.000000	0.000000	0.003027	-0.006838	0.122213	0.000000	-0.000000	0.027122	0.326255	-1.970903	0.052949	0.000000	0.000204	0.000000	0.000000	0.000000	0.480949	0.000000	0.000000	0.000000	0.000000
1761685706.052738190	-0.000000	-0.000477	0.002155	-0.227501	-0.000000	0.000000	0.000000	0.002591	-0.005573	0.106989	0.000000	-0.000000	0.027122	0.326569	-1.971499	0.064343	0.000000	0.000204	0.000000	0.000000	0.000000	0.480949	0.000000	0.000000	0.000000	0.000000
1761685706.152748585	-0.000000	-0.000379	0.001493	-0.262973	-0.000000	0.000000	0.000000	0.001991	-0.003934	0.085253	0.000000	-0.000000	0.027122	0.326825	-1.971947	0.073816	0.000000	0.000204	0.000000	0.000000	0.000000	0.480949	0.000000	0.000000	0.000000	0.000000
1761685706.252756596	-0.000000	-0.000256	0.000780	-0.274899	0.000000	0.000000	0.000000	0.001294	-0.002101	0.059547	0.000000	-0.000000	0.027122	0.327006	-1.972221	0.080866	0.000000	0.000204	0.000000	0.000000	0.000000	0.480949	0.000000	0.000000	0.000000	0.000000
1761685706.352741480	-0.000000	-0.000117	0.000087	-0.266108	-0.000000	0.000000	0.000000	0.000563	-0.000237	0.032256	0.000000	-0.000000	0.027122	0.327101	-1.972315	0.085237	0.000000	0.000204	0.000000	0.000000	0.000000	0.480949	0.000000	0.000000	0.000000	0.000000
1761685706.452723742	-0.000000	0.000029	-0.000554	-0.239852	-0.000000	0.000000	0.000000	-0.000146	0.001523	0.005499	-0.000000	-0.000000	0.027122	0.327109	-1.972234	0.086896	0.000000	0.000204	0.000000	0.000000	0.000000	0.480949	0.000000	0.000000	0.000000	0.000000
1761685706.552726269	-0.000000	0.000172	-0.001132	-0.198195	-0.000000	0.000000	0.000000	-0.000784	0.003065	-0.018924	-0.000000	-0.000000	0.027122	0.327035	-1.971996	0.086003	0.000000	0.000204	0.000000	0.000000	0.000000	0.480949	0.000000	0.000000	0.000000	0.000000
1761685706.652717829	-0.000000	0.000298	-0.001603	-0.143079	-0.000000	0.000000	0.000000	-0.001310	0.004293	-0.039438	-0.000000	-0.000000	0.027122	0.326894	-1.971626	0.082885	0.000000	0.000204	0.000000	0.000000	0.000000	0.480949	0.000000	0.000000	0.000000	0.000000
1761685706.752731800	-0.000000	0.000394	-0.001927	-0.081204	-0.000000	0.000000	0.000000	-0.001687	0.005129	-0.054664	-0.000000	-0.000000	0.027122	0.326702	-1.971159	0.078015	0.000000	0.000204	0.000000	0.000000	0.000000	0.480949	0.000000	0.000000	0.000000	0.000000
1761685706.852739334	-0.000000	0.000448	-0.002086	-0.019300	-0.000000	0.000000	0.000000	-0.001896	0.005535	-0.063816	-0.000000	-0.000000	0.027122	0.326480	-1.970635	0.071972	0.000000	0.000204	0.000000	0.000000	0.000000	0.480949	0.000000	0.000000	0.000000	0.000000
1761685706.952726364	-0.000000	0.000459	-0.002079	0.036980	-0.000000	0.000000	0.000000	-0.001937	0.005521	-0.066778	-0.000000	-0.000000	0.027122	0.326249	-1.970094	0.065374	0.000000	0.000204	0.000000	0.000000	0.000000	0.480949	0.000000	0.000000	0.000000	0.000000
1761685707.052746773	-0.000000	0.000430	-0.001925	0.083548	0.000000	-0.000000	0.000000	-0.001825	0.005132	-0.064018	-0.000000	0.000000	0.027122	0.326028	-1.969575	0.058818	0.000000	0.000204	0.000000	0.000000	0.000000	0.480949	0.000000	0.000000	0.000000	0.000000
1761685707.152935028	-0.000000	0.000369	-0.001657	0.117966	0.000000	-0.000000	0.000000	-0.001589	0.004444	-0.056439	-0.000000	0.000000	0.027122	0.325832	-1.969110	0.052826	0.000000	0.000204	0.000000	0.000000	0.000000	0.480949	0.000000	0.000000	0.000000	0.000000
1761685707.252827406	-0.000000	0.000286	-0.001311	0.139251	0.000000	-0.000000	0.000000	-0.001261	0.003544	-0.045216	-0.000000	0.000000	0.027122	0.325672	-1.968724	0.047813	-0.000000	0.000204	0.000000	0.000000	0.000000	0.480949	0.000000	0.000000	0.000000	0.000000
1761685707.352773666	-0.000000	0.000195	-0.000925	0.147574	0.000000	-0.000000	0.000000	-0.000879	0.002525	-0.031646	-0.000000	0.000000	0.027122	0.325555	-1.968433	0.044068	-0.000000	0.000204	0.000000	0.000000	0.000000	0.480949	0.000000	0.000000	0.000000	0.000000
1761685707.453178883	-0.000000	0.000103	-0.000536	0.143953	0.000000	-0.000000	0.000000	-0.000477	0.001476	-0.017027	-0.000000	0.000000	0.027122	0.325482	-1.968245	0.041751	-0.000000	0.000204	0.000000	0.000000	0.000000	0.480949	0.000000	0.000000	0.000000	0.000000
1761685707.552777290	-0.000000	0.000019	-0.000172	0.129993	0.000000	-0.000000	0.000000	-0.000088	0.000477	-0.002571	-0.000000	0.000000	0.027122	0.325454	-1.968157	0.040894	-0.000000	0.000204	0.000000	0.000000	0.000000	0.480949	0.000000	0.000000	0.000000	0.000000
1761685707.652790546	-0.000000	-0.000054	0.000146	0.107271	0.000000	-0.000000	0.000000	0.000260	-0.000406	0.010661	0.000000	0.000000	0.027122	0.325466	-1.968161	0.041418	-0.000000	0.000204	0.000000	0.000000	0.000000	0.480949	0.000000	0.000000	0.000000	0.000000
1761685707.753063440	-0.000000	-0.000111	0.000407	0.077633	0.000000	-0.000000	0.000000	0.000546	-0.001118	0.021766	0.000000	0.000000	0.027122	0.325512	-1.968243	0.043148	-0.000000	0.000204	0.000000	0.000000	0.000000	0.480949	0.000000	0.000000	0.000000	0.000000
1761685707.852736950	-0.000000	-0.000151	0.000593	0.044418	0.000000	-0.000000	0.000000	0.000752	-0.001619	0.030024	0.000000	0.000000	0.027122	0.325586	-1.968382	0.045827	-0.000000	0.000204	0.000000	0.000000	0.000000	0.480949	0.000000	0.000000	0.000000	0.000000
1761685707.952874899	-0.000000	-0.000174	0.000694	0.010963	0.000000	-0.000000	0.000000	0.000870	-0.001887	0.035019	0.000000	0.000000	0.027122	0.325677	-1.968557	0.049144	-0.000000	0.000204	0.000000	0.000000	0.000000	0.480949	0.000000	0.000000	0.000000	0.000000
1761685708.052875996	-0.000000	-0.000179	0.000709	-0.019819	0.000000	-0.000000	0.000000	0.000897	-0.001926	0.036673	0.000000	0.000000	0.027122	0.325776	-1.968745	0.052765	-0.000000	0.000204	0.000000	0.000000	0.000000	0.480949	0.000000	0.000000	0.000000	0.000000
1761685708.152755260	-0.000000	-0.000169	0.000646	-0.045672	0.000000	0.000000	0.000000	0.000843	-0.001760	0.035204	0.000000	-0.000000	0.027122	0.325873	-1.968924	0.056368	-0.000000	0.000204	0.000000	0.000000	0.000000	0.480949	0.000000	0.000000	0.000000	0.000000
1761685708.252778769	-0.000000	-0.000145	0.000521	-0.065098	-0.000000	0.000000	0.000000	0.000720	-0.001425	0.031068	0.000000	-0.000000	0.027122	0.325959	-1.969077	0.059665	-0.000000	0.000204	0.000000	0.000000	0.000000	0.480949	0.000000	0.000000	0.000000	0.000000
1761685708.352779627	-0.000000	-0.000111	0.000352	-0.077339	0.000000	0.000000	0.000000	0.000546	-0.000969	0.024882	0.000000	-0.000000	0.027122	0.326028	-1.969190	0.062425	-0.000000	0.000204	0.000000	0.000000	0.000000	0.480949	0.000000	0.000000	0.000000	0.000000
1761685708.452735662	-0.000000	-0.000070	0.000160	-0.082290	-0.000000	0.000000	0.000000	0.000339	-0.000441	0.017352	0.000000	-0.000000	0.027122	0.326075	-1.969254	0.064482	-0.000000	0.000204	0.000000	0.000000	0.000000	0.480949	0.000000	0.000000	0.000000	0.000000
1761685708.553276062	-0.000000	-0.000025	-0.000038	-0.080392	-0.000000	0.000000	0.000000	0.000120	0.000108	0.009205	0.000000	-0.000000	0.027122	0.326097	-1.969264	0.065746	0.000000	0.000204	0.000000	0.000000	0.000000	0.480949	0.000000	0.000000	0.000000	0.000000
1761685708.652970076	-0.000000	0.000019	-0.000228	-0.072504	-0.000000	0.000000	0.000000	-0.000093	0.000632	0.001135	0.000000	-0.000000	0.027122	0.326094	-1.969223	0.066194	0.000000	0.000204	0.000000	0.000000	0.000000	0.480949	0.000000	0.000000	0.000000	0.000000
1761685708.753021240	-0.000000	0.000060	-0.000395	-0.059649	-0.000000	0.000000	0.000000	-0.000285	0.001092	-0.006247	0.000000	-0.000000	0.027122	0.326067	-1.969134	0.065872	0.000000	0.000204	0.000000	0.000000	0.000000	0.480949	0.000000	0.000000	0.000000	0.000000
1761685708.852806568	-0.000000	0.000094	-0.000529	-0.043086	-0.000000	0.000000	0.000000	-0.000442	0.001456	-0.012426	-0.000000	-0.000000	0.027122	0.326021	-1.969006	0.064877	0.000000	0.000204	0.000000	0.000000	0.000000	0.480949	0.000000	0.000000	0.000000	0.000000
1761685708.953063011	-0.000000	0.000119	-0.000620	-0.026799	-0.000000	0.000000	0.000000	-0.000553	0.001703	-0.017011	-0.000000	-0.000000	0.027122	0.325960	-1.968848	0.063356	0.000000	0.000204	0.000000	0.000000	0.000000	0.480949	0.000000	0.000000	0.000000	0.000000
1761685709.052789927	-0.000000	0.000132	-0.000661	-0.008831	-0.000000	0.000000	0.000000	-0.000620	0.001834	-0.019962	-0.000000	-0.000000	0.027122	0.325889	-1.968674	0.061471	0.000000	0.000204	0.000000	0.000000	0.000000	0.480949	0.000000	0.000000	0.000000	0.000000
1761685709.153447390	-0.000000	0.000139	-0.000672	0.009608	0.000000	0.000000	0.000000	-0.000638	0.001846	-0.021145	-0.000000	-0.000000	0.027122	0.325815	-1.968493	0.059394	0.000000	0.000204	0.000000	0.000000	0.000000	0.480949	0.000000	0.000000	0.000000	0.000000
1761685709.252922773	-0.000000	0.000132	-0.000632	0.025257	0.000000	-0.000000	0.000000	-0.000608	0.001736	-0.020492	-0.000000	0.000000	0.027122	0.325742	-1.968318	0.057304	0.000000	0.000204	0.000000	0.000000	0.000000	0.480949	0.000000	0.000000	0.000000	0.000000
1761685709.352908373	-0.000000	0.000116	-0.000554	0.037647	0.000000	-0.000000	0.000000	-0.000537	0.001525	-0.018227	-0.000000	0.000000	0.027122	0.325676	-1.968159	0.055376	0.000000	0.000204	0.000000	0.000000	0.000000	0.480949	0.000000	0.000000	0.000000	0.000000
1761685709.453213215	-0.000000	0.000097	-0.000466	0.045892	0.000000	-0.000000	0.000000	-0.000433	0.001237	-0.014669	-0.000000	0.000000	0.027122	0.325621	-1.968026	0.053753	0.000000	0.000204	0.000000	0.000000	0.000000	0.480949	0.000000	0.000000	0.000000	0.000000
1761685709.553442001	-0.000000	0.000070	-0.000346	0.049713	0.000000	-0.000000	0.000000	-0.000307	0.000899	-0.010217	-0.000000	0.000000	0.027122	0.325579	-1.967924	0.052540	-0.000000	0.000204	0.000000	0.000000	0.000000	0.480949	0.000000	0.000000	0.000000	0.000000
1761685709.653051615	-0.000000	0.000041	-0.000217	0.049212	0.000000	-0.000000	0.000000	-0.000171	0.000544	-0.005309	-0.000000	0.000000	0.027122	0.325553	-1.967856	0.051802	-0.000000	0.000204	0.000000	0.000000	0.000000	0.480949	0.000000	0.000000	0.000000	0.000000
1761685709.753083944	-0.000000	0.000008	-0.000072	0.044814	0.000000	-0.000000	0.000000	-0.000038	0.000200	-0.000380	-0.000000	0.000000	0.027122	0.325542	-1.967822	0.051559	-0.000000	0.000204	0.000000	0.000000	0.000000	0.480949	0.000000	0.000000	0.000000	0.000000
1761685709.853626251	-0.000000	-0.000013	0.000020	0.037146	0.000000	-0.000000	0.000000	0.000082	-0.000106	0.004175	-0.000000	0.000000	0.027122	0.325545	-1.967820	0.051790	-0.000000	0.000204	0.000000	0.000000	0.000000	0.480949	0.000000	0.000000	0.000000	0.000000
1761685709.952807426	-0.000000	-0.000037	0.000128	0.026996	0.000000	-0.000000	0.000000	0.000181	-0.000355	0.008018	0.000000	0.000000	0.027122	0.325560	-1.967845	0.052437	-0.000000	0.000204	0.000000	0.000000	0.000000	0.480949	0.000000	0.000000	0.000000	0.000000
1761685710.053173780	-0.000000	-0.000050	0.000182	0.015426	0.000000	-0.000000	0.000000	0.000253	-0.000530	0.010886	0.000000	0.000000	0.027122	0.325585	-1.967890	0.053413	-0.000000	0.000204	0.000000	0.000000	0.000000	0.480949	0.000000	0.000000	0.000000	0.000000
1761685710.153092384	-0.000000	-0.000059	0.000221	0.003542	0.000000	-0.000000	0.000000	0.000294	-0.000626	0.012622	0.000000	0.000000	0.027122	0.325616	-1.967947	0.054611	-0.000000	0.000204	0.000000	0.000000	0.000000	0.480949	0.000000	0.000000	0.000000	0.000000
1761685710.253171206	-0.000000	-0.000062	0.000231	-0.007626	-0.000000	-0.000000	0.000000	0.000303	-0.000640	0.013174	0.000000	0.000000	0.027122	0.325650	-1.968010	0.055913	-0.000000	0.000204	0.000000	0.000000	0.000000	0.480949	0.000000	0.000000	0.000000	0.000000
1761685710.352927446	-0.000000	-0.000059	0.000214	-0.017210	0.000000	0.000000	0.000000	0.000282	-0.000580	0.012598	0.000000	-0.000000	0.027122	0.325683	-1.968069	0.057205	0.000000	0.000204	0.000000	0.000000	0.000000	0.480949	0.000000	0.000000	0.000000	0.000000
1761685710.453719378	-0.000000	-0.000050	0.000173	-0.024565	-0.000000	0.000000	0.000000	0.000235	-0.000457	0.011036	0.000000	-0.000000	0.027122	0.325711	-1.968118	0.058380	0.000000	0.000204	0.000000	0.000000	0.000000	0.480949	0.000000	0.000000	0.000000	0.000000
1761685710.552959919	-0.000000	-0.000037	0.000114	-0.029290	-0.000000	0.000000	0.000000	0.000170	-0.000287	0.008702	0.000000	-0.000000	0.027122	0.325733	-1.968153	0.059353	0.000000	0.000204	0.000000	0.000000	0.000000	0.480949	0.000000	0.000000	0.000000	0.000000
1761685710.652910709	-0.000000	-0.000022	0.000044	-0.031239	-0.000000	0.000000	0.000000	0.000092	-0.000089	0.005852	0.000000	-0.000000	0.027122	0.325747	-1.968170	0.060060	0.000000	0.000204	0.000000	0.000000	0.000000	0.480949	0.000000	0.000000	0.000000	0.000000
1761685710.752927065	-0.000000	-0.000005	-0.000030	-0.030498	-0.000000	0.000000	0.000000	0.000009	0.000117	0.002761	0.000000	-0.000000	0.027122	0.325751	-1.968166	0.060466	-0.000000	0.000204	0.000000	0.000000	0.000000	0.480949	0.000000	0.000000	0.000000	0.000000
1761685710.852916956	-0.000000	0.000012	-0.000101	-0.027357	0.000000	0.000000	0.000000	-0.000072	0.000314	-0.000301	0.000000	-0.000000	0.027122	0.325746	-1.968143	0.060563	0.000000	0.000204	0.000000	0.000000	0.000000	0.480949	0.000000	0.000000	0.000000	0.000000
1761685710.952846050	-0.000000	0.000028	-0.000165	-0.022237	-0.000000	0.000000	0.000000	-0.000144	0.000487	-0.003089	0.000000	-0.000000	0.027122	0.325732	-1.968103	0.060368	0.000000	0.000204	0.000000	0.000000	0.000000	0.480949	0.000000	0.000000	0.000000	0.000000
1761685711.052952766	-0.000000	0.000040	-0.000216	-0.015686	-0.000000	0.000000	0.000000	-0.000202	0.000621	-0.005398	-0.000000	-0.000000	0.027122	0.325710	-1.968047	0.059921	0.000000	0.000204	0.000000	0.000000	0.000000	0.480949	0.000000	0.000000	0.000000	0.000000
1761685711.152897596	-0.000000	0.000050	-0.000251	-0.008371	-0.000000	0.000000	0.000000	-0.000242	0.000709	-0.007076	-0.000000	-0.000000	0.027122	0.325684	-1.967981	0.059279	0.000000	0.000204	0.000000	0.000000	0.000000	0.480949	0.000000	0.000000	0.000000	0.000000
1761685711.252964973	-0.000000	0.000055	-0.000268	-0.000969	-0.000000	0.000000	0.000000	-0.000262	0.000747	-0.008035	-0.000000	-0.000000	0.027122	0.325654	-1.967909	0.058510	0.000000	0.000204	0.000000	0.000000	0.000000	0.480949	0.000000	0.000000	0.000000	0.000000
1761685711.353014708	-0.000000	0.000056	-0.000266	0.005897	0.000000	0.000000	0.000000	-0.000263	0.000735	-0.008255	-0.000000	-0.000000	0.027122	0.325623	-1.967836	0.057689	0.000000	0.000204	0.000000	0.000000	0.000000	0.480949	0.000000	0.000000	0.000000	0.000000
1761685711.452962160	-0.000000	0.000052	-0.000248	0.011704	-0.000000	-0.000000	0.000000	-0.000245	0.000677	-0.007780	-0.000000	0.000000	0.027122	0.325594	-1.967767	0.056886	0.000000	0.000204	0.000000	0.000000	0.000000	0.480949	0.000000	0.000000	0.000000	0.000000
1761685711.552961588	-0.000000	0.000046	-0.000216	0.016068	0.000000	-0.000000	0.000000	-0.000212	0.000583	-0.006707	-0.000000	0.000000	0.027122	0.325568	-1.967706	0.056167	-0.000000	0.000204	0.000000	0.000000	0.000000	0.480949	0.000000	0.000000	0.000000	0.000000
1761685711.653203964	-0.000000	0.000037	-0.000173	0.018757	0.000000	-0.000000	0.000000	-0.000167	0.000461	-0.005172	-0.000000	0.000000	0.027122	0.325546	-1.967656	0.055582	0.000000	0.000204	0.000000	0.000000	0.000000	0.480949	0.000000	0.000000	0.000000	0.000000
1761685711.753360033	-0.000000	0.000026	-0.000125	0.019696	0.000000	-0.000000	0.000000	-0.000115	0.000324	-0.003342	-0.000000	0.000000	0.027122	0.325531	-1.967619	0.055170	0.000000	0.000204	0.000000	0.000000	0.000000	0.480949	0.000000	0.000000	0.000000	0.000000
1761685711.853002071	-0.000000	0.000015	-0.000074	0.018957	0.000000	-0.000000	0.000000	-0.000062	0.000183	-0.001388	-0.000000	0.000000	0.027122	0.325521	-1.967595	0.054949	0.000000	0.000204	0.000000	0.000000	0.000000	0.480949	0.000000	0.000000	0.000000	0.000000
1761685711.952897310	-0.000000	0.000004	-0.000026	-0.428996	0.000000	-0.000000	0.000000	-0.000010	0.000051	0.000520	0.000000	0.000000	0.027122	0.325517	-1.967585	0.054914	-0.000000	0.000204	0.000000	0.000000	0.000000	0.000000	0.000000	0.000000	0.000000	0.000000
1761685712.052887917	-0.000000	0.000163	-0.000686	-0.379932	-0.000000	0.000000	0.000000	-0.000934	0.002350	-0.034913	0.000000	-0.000000	0.027122	0.325464	-1.967468	0.053219	-0.000000	0.000204	0.000000	0.000000	0.000000	0.000000	0.000000	0.000000	0.000000	0.000000
1761685712.153144598	-0.000000	0.000414	-0.001641	-0.277386	-0.000000	0.000000	0.000000	-0.001933	0.004815	-0.073724	-0.000000	-0.000000	0.027122	0.325292	-1.967095	0.047429	-0.000000	0.000204	0.000000	0.000000	0.000000	0.000000	0.000000	0.000000	0.000000	0.000000
1761685712.253161430	-0.000000	0.000626	-0.002381	-0.156350	-0.000000	0.000000	0.000000	-0.002663	0.006580	-0.103172	-0.000000	-0.000000	0.027122	0.325029	-1.966516	0.038268	0.000000	0.000204	0.000000	0.000000	0.000000	0.000000	0.000000	0.000000	0.000000	0.000000
1761685712.352953434	-0.000000	0.000759	-0.002805	-0.033770	-0.000000	0.000000	0.000000	-0.003060	0.007503	-0.120824	-0.000000	-0.000000	0.027122	0.324714	-1.965808	0.026837	0.000000	0.000204	0.000000	0.000000	0.000000	0.000000	0.000000	0.000000	0.000000	0.000000
1761685712.453114510	-0.000000	0.000796	-0.002892	0.076927	-0.000000	0.000000	0.000000	-0.003119	0.007584	-0.126244	-0.000000	-0.000000	0.027122	0.324387	-1.965054	0.014353	0.000000	0.000204	0.000000	0.000000	0.000000	0.000000	0.000000	0.000000	0.000000	0.000000
1761685712.553071260	-0.000000	0.000740	-0.002671	0.166734	0.000000	-0.000000	0.000000	-0.002876	0.006919	-0.120396	-0.000000	0.000000	0.027122	0.324081	-1.964332	0.001993	0.000000	0.000204	0.000000	0.000000	0.000000	0.000000	0.000000	0.000000	0.000000	0.000000
1761685712.653092861	-0.000000	0.000613	-0.002209	0.231189	0.000000	-0.000000	0.000000	-0.002391	0.005666	-0.105220	-0.000000	0.000000	0.027122	0.323822	-1.963708	-0.009224	-0.000000	0.000204	0.000000	0.000000	0.000000	0.000000	0.000000	0.000000	0.000000	0.000000
1761685712.753388643	-0.000000	0.000442	-0.001589	0.269431	0.000000	-0.000000	0.000000	-0.001739	0.004009	-0.083175	-0.000000	0.000000	0.027122	0.323626	-1.963233	-0.018505	-0.000000	0.000204	0.000000	0.000000	0.000000	0.000000	0.000000	0.000000	0.000000	0.000000
1761685712.852957487	-0.000000	0.000255	-0.000892	0.282935	0.000000	-0.000000	0.000000	-0.000995	0.002134	-0.056869	-0.000000	0.000000	0.027122	0.323502	-1.962937	-0.025314	-0.000000	0.000204	0.000000	0.000000	0.000000	0.000000	0.000000	0.000000	0.000000	0.000000
1761685712.953080177	-0.000000	0.000076	-0.000190	0.274432	0.000000	-0.000000	0.000000	-0.000228	0.000211	-0.028801	-0.000000	0.000000	0.027122	0.323450	-1.962834	-0.029373	-0.000000	0.000204	0.000000	0.000000	0.000000	0.000000	0.000000	0.000000	0.000000	0.000000
1761685713.052875996	-0.000000	-0.000081	0.000476	0.247232	0.000000	-0.000000	0.000000	0.000384	-0.001311	-0.005790	-0.000000	0.000000	0.027122	0.323460	-1.962894	-0.030618	-0.000000	0.000204	0.000000	0.000000	0.000000	0.000000	0.000000	0.000000	0.000000	0.000000
1761685713.152817488	-0.000000	-0.000213	0.001094	0.203383	0.000000	-0.000000	0.000000	0.001048	-0.002951	0.019840	0.000000	0.000000	0.027122	0.323531	-1.963126	-0.029672	-0.000000	0.000204	0.000000	0.000000	0.000000	0.000000	0.000000	0.000000	0.000000	0.000000
1761685713.252784252	-0.000000	-0.000314	0.001614	0.144670	-0.000000	-0.000000	0.000000	0.001595	-0.004281	0.041640	0.000000	0.000000	0.027122	0.323658	-1.963506	-0.026367	0.000000	0.000204	0.000000	0.000000	0.000000	0.000000	0.000000	0.000000	0.000000	0.000000
1761685713.352767706	-0.000000	-0.000383	0.001987	0.078145	-0.000000	-0.000000	0.000000	0.001988	-0.005207	0.058064	0.000000	0.000000	0.027122	0.323831	-1.963997	-0.021180	0.000000	0.000204	0.000000	0.000000	0.000000	0.000000	0.000000	0.000000	0.000000	0.000000
1761685713.453033924	-0.000000	-0.000420	0.002179	0.011242	-0.000000	-0.000000	0.000000	0.002205	-0.005675	0.068096	0.000000	0.000000	0.027122	0.324035	-1.964554	-0.014715	0.000000	0.000204	0.000000	0.000000	0.000000	0.000000	0.000000	0.000000	0.000000	0.000000
1761685713.552814484	-0.000000	-0.000426	0.002184	-0.049626	-0.000000	-0.000000	0.000000	0.002245	-0.005684	0.071450	0.000000	0.000000	0.027122	0.324253	-1.965129	-0.007635	0.000000	0.000204	0.000000	0.000000	0.000000	0.000000	0.000000	0.000000	0.000000	0.000000
1761685713.652864933	-0.000000	-0.000404	0.002019	-0.099750	-0.000000	0.000000	0.000000	0.002121	-0.005278	0.068517	0.000000	-0.000000	0.027122	0.324470	-1.965680	-0.000593	0.000000	0.000204	0.000000	0.000000	0.000000	0.000000	0.000000	0.000000	0.000000	0.000000
1761685713.752996683	-0.000000	-0.000359	0.001719	-0.136294	-0.000000	0.000000	0.000000	0.001859	-0.004532	0.060212	0.000000	-0.000000	0.027122	0.324669	-1.966167	0.005830	0.000000	0.000204	0.000000	0.000000	0.000000	0.000000	0.000000	0.000000	0.000000	0.000000
1761685713.852844715	-0.000000	-0.000294	0.001329	-0.158124	-0.000000	0.000000	0.000000	0.001496	-0.003545	0.047801	-0.000000	-0.000000	0.027122	0.324838	-1.966563	0.011167	0.000000	0.000204	0.000000	0.000000	0.000000	0.000000	0.000000	0.000000	0.000000	0.000000
1761685713.952871799	-0.000000	-0.000215	0.000894	-0.165441	0.000000	0.000000	0.000000	0.001070	-0.002420	0.032716	-0.000000	-0.000000	0.027122	0.324968	-1.966852	0.015092	0.000000	0.000204	0.000000	0.000000	0.000000	0.000000	0.000000	0.000000	0.000000	0.000000
1761685714.052885532	-0.000000	-0.000127	0.000458	-0.159411	0.000000	0.000000	0.000000	0.000620	-0.001257	0.016416	-0.000000	-0.000000	0.027122	0.325051	-1.967024	0.017421	0.000000	0.000204	0.000000	0.000000	0.000000	0.000000	0.000000	0.000000	0.000000	0.000000
1761685714.152830362	-0.000000	-0.000038	0.000053	-0.141861	0.000000	0.000000	0.000000	0.000184	-0.000148	0.000274	-0.000000	-0.000000	0.027122	0.325089	-1.967084	0.018114	0.000000	0.000204	0.000000	0.000000	0.000000	0.000000	0.000000	0.000000	0.000000	0.000000
1761685714.252768993	-0.000000	0.000043	-0.000290	-0.114863	0.000000	0.000000	0.000000	-0.000199	0.000805	-0.014205	-0.000000	-0.000000	0.027122	0.325084	-1.967042	0.017285	0.000000	0.000204	0.000000	0.000000	0.000000	0.000000	0.000000	0.000000	0.000000	0.000000
1761685714.352873564	-0.000000	0.000100	-0.000521	-0.086906	0.000000	0.000000	0.000000	-0.000507	0.001558	-0.026141	-0.000000	-0.000000	0.027122	0.325043	-1.966917	0.015149	0.000000	0.000204	0.000000	0.000000	0.000000	0.000000	0.000000	0.000000	0.000000	0.000000
1761685714.452838182	-0.000000	0.000155	-0.000736	-0.048894	0.000000	0.000000	0.000000	-0.000736	0.002105	-0.035297	-0.000000	-0.000000	0.027122	0.324976	-1.966729	0.011982	-0.000000	0.000204	0.000000	0.000000	0.000000	0.000000	0.000000	0.000000	0.000000	0.000000
1761685714.552977800	-0.000000	0.000190	-0.000860	-0.009877	0.000000	0.000000	0.000000	-0.000865	0.002395	-0.040820	-0.000000	-0.000000	0.027122	0.324892	-1.966500	0.008103	-0.000000	0.000204	0.000000	0.000000	0.000000	0.000000	0.000000	0.000000	0.000000	0.000000
1761685714.652904987	-0.000000	0.000199	-0.000885	0.026299	0.000000	0.000000	0.000000	-0.000888	0.002418	-0.042458	-0.000000	-0.000000	0.027122	0.324802	-1.966258	0.003899	-0.000000	0.000204	0.000000	0.000000	0.000000	0.000000	0.000000	0.000000	0.000000	0.000000
1761685714.752947330	-0.000000	0.000185	-0.000818	0.056789	0.000000	-0.000000	0.000000	-0.000813	0.002199	-0.040431	-0.000000	0.000000	0.027122	0.324716	-1.966028	-0.000254	-0.000000	0.000204	0.000000	0.000000	0.000000	0.000000	0.000000	0.000000	0.000000	0.000000
1761685714.852858305	-0.000000	0.000152	-0.000675	0.079671	0.000000	-0.000000	0.000000	-0.000658	0.001781	-0.035261	-0.000000	0.000000	0.027122	0.324644	-1.965831	-0.004017	-0.000000	0.000204	0.000000	0.000000	0.000000	0.000000	0.000000	0.000000	0.000000	0.000000
1761685714.952830076	-0.000000	0.000105	-0.000476	0.093938	0.000000	-0.000000	0.000000	-0.000442	0.001219	-0.027675	-0.000000	0.000000	0.027122	0.324591	-1.965684	-0.007116	-0.000000	0.000204	0.000000	0.000000	0.000000	0.000000	0.000000	0.000000	0.000000	0.000000
1761685715.053148746	-0.000000	0.000050	-0.000246	0.099401	0.000000	-0.000000	0.000000	-0.000191	0.000574	-0.018519	0.000000	0.000000	0.027122	0.324562	-1.965599	-0.009360	-0.000000	0.000204	0.000000	0.000000	0.000000	0.000000	0.000000	0.000000	0.000000	0.000000
1761685715.153520346	-0.000000	-0.000006	-0.000006	0.095203	0.000000	-0.000000	0.000000	0.000073	-0.000094	-0.008670	0.000000	0.000000	0.027122	0.324558	-1.965580	-0.010641	-0.000000	0.000204	0.000000	0.000000	0.000000	0.000000	0.000000	0.000000	0.000000	0.000000
1761685715.253190994	-0.000000	-0.000059	0.000223	0.086539	0.000000	-0.000000	0.000000	0.000324	-0.000722	0.000920	0.000000	0.000000	0.027122	0.324580	-1.965627	-0.010945	-0.000000	0.000204	0.000000	0.000000	0.000000	0.000000	0.000000	0.000000	0.000000	0.000000
1761685715.353243351	-0.000000	-0.000105	0.000430	0.070344	0.000000	-0.000000	0.000000	0.000548	-0.001275	0.009719	0.000000	0.000000	0.027122	0.324624	-1.965733	-0.010334	-0.000000	0.000204	0.000000	0.000000	0.000000	0.000000	0.000000	0.000000	0.000000	0.000000
1761685715.453068495	-0.000000	-0.000143	0.000600	0.049403	0.000000	-0.000000	0.000000	0.000728	-0.001711	0.017023	0.000000	0.000000	0.027122	0.324688	-1.965887	-0.008925	-0.000000	0.000204	0.000000	0.000000	0.000000	0.000000	0.000000	0.000000	0.000000	0.000000
1761685715.552999496	-0.000000	-0.000169	0.000717	0.026024	-0.000000	-0.000000	0.000000	0.000851	-0.001998	0.022312	0.000000	0.000000	0.027122	0.324767	-1.966076	-0.006899	-0.000000	0.000204	0.000000	0.000000	0.000000	0.000000	0.000000	0.000000	0.000000	0.000000
1761685715.653021574	-0.000000	-0.000183	0.000775	0.002489	0.000000	-0.000000	0.000000	0.000911	-0.002123	0.025304	0.000000	0.000000	0.027122	0.324855	-1.966285	-0.004477	0.000000	0.000204	0.000000	0.000000	0.000000	0.000000	0.000000	0.000000	0.000000	0.000000
1761685715.752856493	-0.000000	-0.000184	0.000772	-0.019151	-0.000000	-0.000000	0.000000	0.000909	-0.002089	0.025945	0.000000	0.000000	0.027122	0.324946	-1.966497	-0.001893	0.000000	0.000204	0.000000	0.000000	0.000000	0.000000	0.000000	0.000000	0.000000	0.000000
1761685715.852815390	-0.000000	-0.000174	0.000714	-0.037251	-0.000000	0.000000	0.000000	0.000849	-0.001911	0.024391	0.000000	-0.000000	0.027122	0.325034	-1.966696	0.000626	0.000000	0.000204	0.000000	0.000000	0.000000	0.000000	0.000000	0.000000	0.000000	0.000000
1761685715.952831030	-0.000000	-0.000155	0.000611	-0.050666	-0.000000	0.000000	0.000000	0.000742	-0.001617	0.020968	0.000000	-0.000000	0.027122	0.325113	-1.966871	0.002878	0.000000	0.000204	0.000000	0.000000	0.000000	0.000000	0.000000	0.000000	0.000000	0.000000
1761685716.052956581	-0.000000	-0.000128	0.000475	-0.058771	-0.000000	0.000000	0.000000	0.000600	-0.001239	0.016125	0.000000	-0.000000	0.027122	0.325180	-1.967011	0.004701	0.000000	0.000204	0.000000	0.000000	0.000000	0.000000	0.000000	0.000000	0.000000	0.000000
1761685716.152969360	-0.000000	-0.000095	0.000322	-0.061438	-0.000000	0.000000	0.000000	0.000436	-0.000817	0.010383	-0.000000	-0.000000	0.027122	0.325231	-1.967110	0.005984	0.000000	0.000204	0.000000	0.000000	0.000000	0.000000	0.000000	0.000000	0.000000	0.000000
1761685716.252955675	-0.000000	-0.000061	0.000165	-0.058963	-0.000000	0.000000	0.000000	0.000267	-0.000386	0.004283	-0.000000	-0.000000	0.027122	0.325265	-1.967167	0.006669	0.000000	0.000204	0.000000	0.000000	0.000000	0.000000	0.000000	0.000000	0.000000	0.000000
1761685716.352950096	-0.000000	-0.000027	0.000017	-0.051996	-0.000000	0.000000	0.000000	0.000106	0.000019	-0.001654	-0.000000	-0.000000	0.027122	0.325282	-1.967181	0.006749	0.000000	0.000204	0.000000	0.000000	0.000000	0.000000	0.000000	0.000000	0.000000	0.000000
1761685716.452944756	-0.000000	0.000003	-0.000112	-0.041313	-0.000000	0.000000	0.000000	-0.000036	0.000369	-0.006970	-0.000000	-0.000000	0.027122	0.325284	-1.967158	0.006269	0.000000	0.000204	0.000000	0.000000	0.000000	0.000000	0.000000	0.000000	0.000000	0.000000
1761685716.552967787	-0.000000	0.000028	-0.000215	-0.028024	-0.000000	0.000000	0.000000	-0.000149	0.000640	-0.011279	-0.000000	-0.000000	0.027122	0.325274	-1.967105	0.005313	-0.000000	0.000204	0.000000	0.000000	0.000000	0.000000	0.000000	0.000000	0.000000	0.000000
1761685716.652957201	-0.000000	0.000046	-0.000285	-0.013492	0.000000	0.000000	0.000000	-0.000225	0.000817	-0.014303	-0.000000	-0.000000	0.027122	0.325254	-1.967030	0.003999	0.000000	0.000204	0.000000	0.000000	0.000000	0.000000	0.000000	0.000000	0.000000	0.000000
1761685716.752940416	-0.000000	0.000055	-0.000319	0.000931	0.000000	0.000000	0.000000	-0.000262	0.000893	-0.015895	-0.000000	-0.000000	0.027122	0.325228	-1.966944	0.002466	-0.000000	0.000204	0.000000	0.000000	0.000000	0.000000	0.000000	0.000000	0.000000	0.000000
1761685716.852895498	-0.000000	0.000056	-0.000317	-0.393297	0.000000	0.000000	0.000000	-0.000260	0.000872	-0.016042	-0.000000	-0.000000	0.027122	0.325202	-1.966855	0.000858	0.000000	0.000204	0.000000	0.000000	0.000000	-0.439511	0.000000	0.000000	0.000000	0.000000
1761685716.952940941	-0.000000	0.000211	-0.000933	-0.332864	-0.000000	0.000000	0.000000	-0.001109	0.002969	-0.048801	0.000000	-0.000000	0.027122	0.325134	-1.966663	-0.002383	0.000000	0.000204	0.000000	0.000000	0.000000	-0.439511	0.000000	0.000000	0.000000	0.000000
1761685717.052975416	-0.000000	0.000439	-0.001778	-0.225952	-0.000000	0.000000	0.000000	-0.001983	0.005116	-0.083095	-0.000000	-0.000000	0.027122	0.324973	-1.966237	-0.009306	0.000000	0.000204	0.000000	0.000000	0.000000	-0.439511	0.000000	0.000000	0.000000	0.000000
1761685717.153302670	-0.000000	0.000616	-0.002386	-0.106945	-0.000000	0.000000	0.000000	-0.002574	0.006539	-0.107472	-0.000000	-0.000000	0.027122	0.324747	-1.965634	-0.019112	0.000000	0.000204	0.000000	0.000000	0.000000	-0.439511	0.000000	0.000000	0.000000	0.000000
1761685717.252925873	-0.000000	0.000710	-0.002679	0.008468	0.000000	0.000000	0.000000	-0.002838	0.007137	-0.120150	-0.000000	-0.000000	0.027122	0.324489	-1.964932	-0.030681	-0.000000	0.000204	0.000000	0.000000	0.000000	-0.439511	0.000000	0.000000	0.000000	0.000000
1761685717.352887869	-0.000000	0.000712	-0.002654	0.108805	0.000000	0.000000	0.000000	-0.002803	0.007002	-0.121368	-0.000000	-0.000000	0.027122	0.324274	-1.964332	-0.040819	0.000000	0.000204	0.000000	0.000000	0.000000	-0.439511	0.000000	0.000000	0.000000	0.000000
1761685717.452820063	-0.000000	0.000632	-0.002353	0.187014	0.000000	-0.000000	0.000000	-0.002521	0.006251	-0.113832	-0.000000	0.000000	0.027122	0.324038	-1.963657	-0.052627	-0.000000	0.000204	0.000000	0.000000	0.000000	-0.439511	0.000000	0.000000	0.000000	0.000000
1761685717.552748680	-0.000000	0.000492	-0.001848	0.240132	0.000000	-0.000000	0.000000	-0.002020	0.004966	-0.097737	-0.000000	0.000000	0.027122	0.323845	-1.963089	-0.063158	-0.000000	0.000204	0.000000	0.000000	0.000000	-0.439511	0.000000	0.000000	0.000000	0.000000
1761685717.652831793	-0.000000	0.000322	-0.001220	0.268228	0.000000	-0.000000	0.000000	-0.001372	0.003324	-0.075495	-0.000000	0.000000	0.027122	0.323707	-1.962675	-0.071694	-0.000000	0.000204	0.000000	0.000000	0.000000	-0.439511	0.000000	0.000000	0.000000	0.000000
1761685717.752792835	-0.000000	0.000145	-0.000543	0.273223	-0.000000	-0.000000	0.000000	-0.000648	0.001503	-0.049608	-0.000000	0.000000	0.027122	0.323629	-1.962441	-0.077764	0.000000	0.000204	0.000000	0.000000	0.000000	-0.439511	0.000000	0.000000	0.000000	0.000000
1761685717.853109598	-0.000000	-0.000019	0.000121	0.257998	0.000000	-0.000000	0.000000	0.000087	-0.000336	-0.022453	-0.000000	0.000000	0.027122	0.323610	-1.962397	-0.081147	-0.000000	0.000204	0.000000	0.000000	0.000000	-0.439511	0.000000	0.000000	0.000000	0.000000
1761685717.952817440	-0.000000	-0.000162	0.000753	0.225817	0.000000	-0.000000	0.000000	0.000778	-0.002055	0.003855	0.000000	0.000000	0.027122	0.323649	-1.962536	-0.081840	-0.000000	0.000204	0.000000	0.000000	0.000000	-0.439511	0.000000	0.000000	0.000000	0.000000
1761685718.052915812	-0.000000	-0.000278	0.001322	0.177468	-0.000000	-0.000000	0.000000	0.001381	-0.003539	0.027509	0.000000	0.000000	0.027122	0.323739	-1.962839	-0.080039	0.000000	0.000204	0.000000	0.000000	0.000000	-0.439511	0.000000	0.000000	0.000000	0.000000
1761685718.152797699	-0.000000	-0.000365	0.001776	0.117121	-0.000000	-0.000000	0.000000	0.001855	-0.004687	0.046868	-0.000000	0.000000	0.027122	0.323872	-1.963276	-0.076105	0.000000	0.000204	0.000000	0.000000	0.000000	-0.439511	0.000000	0.000000	0.000000	0.000000
1761685718.252940416	-0.000000	-0.000420	0.002074	0.051905	-0.000000	-0.000000	0.000000	0.002171	-0.005419	0.060591	-0.000000	0.000000	0.027122	0.324040	-1.963806	-0.070551	0.000000	0.000204	0.000000	0.000000	0.000000	-0.439511	0.000000	0.000000	0.000000	0.000000
1761685718.353472948	-0.000000	-0.000441	0.002182	-0.001049	-0.000000	-0.000000	0.000000	0.002315	-0.005704	0.067956	-0.000000	0.000000	0.027122	0.324229	-1.964384	-0.063990	0.000000	0.000204	0.000000	0.000000	0.000000	-0.439511	0.000000	0.000000	0.000000	0.000000
1761685718.453270912	-0.000000	-0.000439	0.002141	-0.057314	0.000000	-0.000000	0.000000	0.002284	-0.005541	0.068733	-0.000000	0.000000	0.027122	0.324425	-1.964960	-0.057112	0.000000	0.000204	0.000000	0.000000	0.000000	-0.439511	0.000000	0.000000	0.000000	0.000000
1761685718.552873135	-0.000000	-0.000413	0.001953	-0.103305	0.000000	0.000000	0.000000	0.002110	-0.005018	0.063940	-0.000000	-0.000000	0.027122	0.324616	-1.965497	-0.050479	0.000000	0.000204	0.000000	0.000000	0.000000	-0.439511	0.000000	0.000000	0.000000	0.000000
1761685718.652792692	-0.000000	-0.000364	0.001644	-0.136028	0.000000	0.000000	0.000000	0.001867	-0.004344	0.056097	-0.000000	-0.000000	0.027122	0.324761	-1.965891	-0.045518	0.000000	0.000204	0.000000	0.000000	0.000000	-0.439511	0.000000	0.000000	0.000000	0.000000
1761685718.752802849	-0.000000	-0.000298	0.001256	-0.154572	0.000000	0.000000	0.000000	0.001500	-0.003358	0.043585	-0.000000	-0.000000	0.027122	0.324911	-1.966276	-0.040601	-0.000000	0.000204	0.000000	0.000000	0.000000	-0.439511	0.000000	0.000000	0.000000	0.000000
1761685718.852867603	-0.000000	-0.000219	0.000832	-0.159278	0.000000	0.000000	0.000000	0.001080	-0.002257	0.028746	-0.000000	-0.000000	0.027122	0.325027	-1.966553	-0.037088	-0.000000	0.000204	0.000000	0.000000	0.000000	-0.439511	0.000000	0.000000	0.000000	0.000000
1761685718.952873468	-0.000000	-0.000133	0.000413	-0.151372	0.000000	0.000000	0.000000	0.000644	-0.001135	0.012976	-0.000000	-0.000000	0.027122	0.325103	-1.966716	-0.035128	-0.000000	0.000204	0.000000	0.000000	0.000000	-0.439511	0.000000	0.000000	0.000000	0.000000
1761685719.052907228	-0.000000	-0.000048	0.000034	-0.132941	0.000000	0.000000	0.000000	0.000231	-0.000095	-0.002293	-0.000000	-0.000000	0.027122	0.325142	-1.966770	-0.034727	-0.000000	0.000204	0.000000	0.000000	0.000000	-0.439511	0.000000	0.000000	0.000000	0.000000
1761685719.152743578	-0.000000	0.000029	-0.000288	-0.105467	0.000000	0.000000	0.000000	-0.000130	0.000799	-0.015895	-0.000000	-0.000000	0.027122	0.325145	-1.966726	-0.035762	-0.000000	0.000204	0.000000	0.000000	0.000000	-0.439511	0.000000	0.000000	0.000000	0.000000
1761685719.252824545	-0.000000	0.000092	-0.000541	-0.071686	0.000000	0.000000	0.000000	-0.000415	0.001491	-0.026899	0.000000	-0.000000	0.027122	0.325119	-1.966604	-0.038013	-0.000000	0.000204	0.000000	0.000000	0.000000	-0.439511	0.000000	0.000000	0.000000	0.000000
1761685719.352889538	-0.000000	0.000139	-0.000723	-0.034089	0.000000	0.000000	0.000000	-0.000623	0.001986	-0.035194	0.000000	-0.000000	0.027122	0.325072	-1.966421	-0.041224	-0.000000	0.000204	0.000000	0.000000	0.000000	-0.439511	0.000000	0.000000	0.000000	0.000000
1761685719.452902555	-0.000000	0.000164	-0.000812	0.002986	0.000000	0.000000	0.000000	-0.000731	0.002223	-0.039856	0.000000	-0.000000	0.027122	0.325011	-1.966203	-0.045057	-0.000000	0.000204	0.000000	0.000000	0.000000	-0.439511	0.000000	0.000000	0.000000	0.000000
1761685719.552826643	-0.000000	0.000166	-0.000805	0.036281	0.000000	0.000000	0.000000	-0.000738	0.002208	-0.040793	0.000000	-0.000000	0.027122	0.324947	-1.965975	-0.049139	-0.000000	0.000204	0.000000	0.000000	0.000000	-0.439511	0.000000	0.000000	0.000000	0.000000
1761685719.652793169	-0.000000	0.000146	-0.000715	0.063357	-0.000000	-0.000000	0.000000	-0.000654	0.001964	-0.038275	0.000000	0.000000	0.027122	0.324888	-1.965763	-0.053108	-0.000000	0.000204	0.000000	0.000000	0.000000	-0.439511	0.000000	0.000000	0.000000	0.000000
1761685719.752744913	-0.000000	0.000110	-0.000558	0.082666	-0.000000	-0.000000	0.000000	-0.000494	0.001538	-0.032842	0.000000	0.000000	0.027122	0.324841	-1.965587	-0.056649	-0.000000	0.000204	0.000000	0.000000	0.000000	-0.439511	0.000000	0.000000	0.000000	0.000000
1761685719.853640556	-0.000000	0.000060	-0.000348	0.091645	-0.000000	-0.000000	0.000000	-0.000274	0.000965	-0.024897	0.000000	0.000000	0.027122	0.324811	-1.965464	-0.059483	-0.000000	0.000204	0.000000	0.000000	0.000000	-0.439511	0.000000	0.000000	0.000000	0.000000
1761685719.952830315	-0.000000	0.000016	-0.000160	0.095099	-0.000000	-0.000000	0.000000	-0.000030	0.000341	-0.015882	0.000000	0.000000	0.027122	0.324801	-1.965402	-0.061453	-0.000000	0.000204	0.000000	0.000000	0.000000	-0.439511	0.000000	0.000000	0.000000	0.000000
1761685720.052904606	-0.000000	-0.000037	0.000067	0.090904	-0.000000	-0.000000	0.000000	0.000219	-0.000292	-0.006430	0.000000	0.000000	0.027122	0.324813	-1.965406	-0.062492	0.000000	0.000204	0.000000	0.000000	0.000000	-0.439511	0.000000	0.000000	0.000000	0.000000
1761685720.153179407	-0.000000	-0.000087	0.000284	0.079959	-0.000000	-0.000000	0.000000	0.000455	-0.000884	0.002730	0.000000	0.000000	0.027122	0.324844	-1.965472	-0.062598	0.000000	0.000204	0.000000	0.000000	0.000000	-0.439511	0.000000	0.000000	0.000000	0.000000
1761685720.253001928	-0.000000	-0.000129	0.000476	0.063316	-0.000000	-0.000000	0.000000	0.000660	-0.001391	0.010909	0.000000	0.000000	0.027122	0.324895	-1.965594	-0.061840	0.000000	0.000204	0.000000	0.000000	0.000000	-0.439511	0.000000	0.000000	0.000000	0.000000
1761685720.352968454	-0.000000	-0.000163	0.000628	0.042652	-0.000000	-0.000000	0.000000	0.000820	-0.001777	0.017518	-0.000000	0.000000	0.027122	0.324960	-1.965761	-0.060352	0.000000	0.000204	0.000000	0.000000	0.000000	-0.439511	0.000000	0.000000	0.000000	0.000000
1761685720.452875614	-0.000000	-0.000185	0.000727	0.020132	-0.000000	-0.000000	0.000000	0.000923	-0.002017	0.022127	-0.000000	0.000000	0.027122	0.325037	-1.965959	-0.058317	0.000000	0.000204	0.000000	0.000000	0.000000	-0.439511	0.000000	0.000000	0.000000	0.000000
1761685720.552897930	-0.000000	-0.000195	0.000769	-0.002108	-0.000000	-0.000000	0.000000	0.000966	-0.002102	0.024516	-0.000000	0.000000	0.027122	0.325120	-1.966171	-0.055949	0.000000	0.000204	0.000000	0.000000	0.000000	-0.439511	0.000000	0.000000	0.000000	0.000000
1761685720.653237820	-0.000000	-0.000194	0.000754	-0.022189	-0.000000	-0.000000	0.000000	0.000950	-0.002036	0.024676	-0.000000	-0.000000	0.027122	0.325205	-1.966384	-0.053473	-0.000000	0.000204	0.000000	0.000000	0.000000	-0.439511	0.000000	0.000000	0.000000	0.000000
1761685720.752890825	-0.000000	-0.000182	0.000688	-0.038634	0.000000	0.000000	0.000000	0.000880	-0.001839	0.022792	-0.000000	-0.000000	0.027122	0.325286	-1.966581	-0.051101	0.000000	0.000204	0.000000	0.000000	0.000000	-0.439511	0.000000	0.000000	0.000000	0.000000
1761685720.853130579	-0.000000	-0.000161	0.000581	-0.050450	0.000000	0.000000	0.000000	0.000768	-0.001536	0.019202	-0.000000	-0.000000	0.027122	0.325359	-1.966752	-0.049020	-0.000000	0.000204	0.000000	0.000000	0.000000	-0.439511	0.000000	0.000000	0.000000	0.000000
1761685720.952866316	-0.000000	-0.000133	0.000446	-0.057136	0.000000	0.000000	0.000000	0.000625	-0.001162	0.014354	-0.000000	-0.000000	0.027122	0.325421	-1.966887	-0.047375	0.000000	0.000204	0.000000	0.000000	0.000000	-0.439511	0.000000	0.000000	0.000000	0.000000
1761685721.052932501	-0.000000	-0.000102	0.000297	-0.058652	0.000000	0.000000	0.000000	0.000465	-0.000751	0.008752	-0.000000	-0.000000	0.027122	0.325470	-1.966982	-0.046261	-0.000000	0.000204	0.000000	0.000000	0.000000	-0.439511	0.000000	0.000000	0.000000	0.000000
1761685721.152952909	-0.000000	-0.000068	0.000147	-0.055353	0.000000	0.000000	0.000000	0.000301	-0.000340	0.002912	-0.000000	-0.000000	0.027122	0.325505	-1.967035	-0.045726	-0.000000	0.000204	0.000000	0.000000	0.000000	-0.439511	0.000000	0.000000	0.000000	0.000000
1761685721.252980232	-0.000000	-0.000036	0.000008	-0.047906	0.000000	0.000000	0.000000	0.000148	0.000041	-0.002678	0.000000	-0.000000	0.027122	0.325525	-1.967047	-0.045763	-0.000000	0.000204	0.000000	0.000000	0.000000	-0.439511	0.000000	0.000000	0.000000	0.000000
1761685721.352922201	-0.000000	-0.000007	-0.000112	-0.037090	0.000000	0.000000	0.000000	0.000016	0.000363	-0.007593	0.000000	-0.000000	0.027122	0.325533	-1.967024	-0.046323	-0.000000	0.000204	0.000000	0.000000	0.000000	-0.439511	0.000000	0.000000	0.000000	0.000000
1761685721.452839613	-0.000000	0.000015	-0.000205	-0.024045	0.000000	0.000000	0.000000	-0.000087	0.000607	-0.011482	0.000000	-0.000000	0.027122	0.325531	-1.966973	-0.047316	-0.000000	0.000204	0.000000	0.000000	0.000000	-0.439511	0.000000	0.000000	0.000000	0.000000
1761685721.552864552	-0.000000	0.000031	-0.000265	-0.010081	-0.000000	0.000000	0.000000	-0.000154	0.000759	-0.014104	0.000000	-0.000000	0.027122	0.325522	-1.966902	-0.048627	-0.000000	0.000204	0.000000	0.000000	0.000000	-0.439511	0.000000	0.000000	0.000000	0.000000
1761685721.652877569	-0.000000	0.000039	-0.000291	0.003533	-0.000000	0.000000	0.000000	-0.000183	0.000814	-0.015345	0.000000	-0.000000	0.027122	0.325508	-1.966822	-0.050119	-0.000000	0.000204	0.000000	0.000000	0.000000	-0.439511	0.000000	0.000000	0.000000	0.000000
1761685721.752836227	-0.000000	0.000038	-0.000284	0.015682	0.000000	-0.000000	0.000000	-0.000175	0.000778	-0.015219	0.000000	0.000000	0.027122	0.325494	-1.966741	-0.051656	0.000000	0.000204	0.000000	0.000000	0.000000	-0.439511	0.000000	0.000000	0.000000	0.000000
1761685721.853039742	-0.000000	0.000031	-0.000246	0.025491	-0.000000	-0.000000	0.000000	-0.000136	0.000661	-0.013853	0.000000	0.000000	0.027122	0.325483	-1.966669	-0.053106	-0.000000	0.000204	0.000000	0.000000	0.000000	-0.439511	0.000000	0.000000	0.000000	0.000000
1761685721.952875853	-0.000000	0.000018	-0.000184	0.032372	-0.000000	-0.000000	0.000000	-0.000070	0.000481	-0.011467	0.000000	0.000000	0.027122	0.325476	-1.966612	-0.054359	0.000000	0.000204	0.000000	0.000000	0.000000	-0.439511	0.000000	0.000000	0.000000	0.000000
1761685722.052945852	-0.000000	0.000000	-0.000107	0.036035	-0.000000	-0.000000	0.000000	0.000014	0.000259	-0.008345	0.000000	0.000000	0.027122	0.325476	-1.966577	-0.055329	0.000000	0.000204	0.000000	0.000000	0.000000	-0.439511	0.000000	0.000000	0.000000	0.000000
1761685722.153283358	-0.000000	-0.000019	-0.000021	0.036475	0.000000	-0.000000	0.000000	0.000107	0.000017	-0.004802	0.000000	0.000000	0.027122	0.325483	-1.966566	-0.055959	0.000000	0.000204	0.000000	0.000000	0.000000	-0.439511	0.000000	0.000000	0.000000	0.000000
1761685722.252918243	-0.000000	-0.000038	0.000066	0.033939	-0.000000	-0.000000	0.000000	0.000200	-0.000223	-0.001162	0.000000	0.000000	0.027122	0.325498	-1.966579	-0.056227	0.000000	0.000204	0.000000	0.000000	0.000000	-0.439511	0.000000	0.000000	0.000000	0.000000
1761685722.352935791	-0.000000	-0.000057	0.000146	0.028867	-0.000000	-0.000000	0.000000	0.000286	-0.000441	0.002274	0.000000	0.000000	0.027122	0.325522	-1.966615	-0.056141	-0.000000	0.000204	0.000000	0.000000	0.000000	-0.439511	0.000000	0.000000	0.000000	0.000000
1761685722.452835321	-0.000000	-0.000072	0.000214	0.021814	-0.000000	-0.000000	0.000000	0.000358	-0.000621	0.005245	-0.000000	0.000000	0.027122	0.325551	-1.966672	-0.055737	0.000000	0.000204	0.000000	0.000000	0.000000	-0.439511	0.000000	0.000000	0.000000	0.000000
1761685722.552831650	-0.000000	-0.000083	0.000264	0.013523	-0.000000	-0.000000	0.000000	0.000411	-0.000751	0.007544	-0.000000	0.000000	0.027122	0.325586	-1.966744	-0.055073	-0.000000	0.000204	0.000000	0.000000	0.000000	-0.439511	0.000000	0.000000	0.000000	0.000000
1761685722.652909756	-0.000000	-0.000090	0.000294	0.004795	-0.000000	-0.000000	0.000000	0.000442	-0.000822	0.009035	-0.000000	0.000000	0.027122	0.325625	-1.966826	-0.054226	0.000000	0.000204	0.000000	0.000000	0.000000	-0.439511	0.000000	0.000000	0.000000	0.000000
1761685722.752791166	-0.000000	-0.000092	0.000302	-0.003601	0.000000	-0.000000	0.000000	0.000449	-0.000834	0.009660	-0.000000	0.000000	0.027122	0.325665	-1.966912	-0.053280	-0.000000	0.000204	0.000000	0.000000	0.000000	-0.439511	0.000000	0.000000	0.000000	0.000000
1761685722.852806091	-0.000000	-0.000090	0.000289	-0.010995	0.000000	0.000000	0.000000	0.000434	-0.000790	0.009440	-0.000000	-0.000000	0.027122	0.325705	-1.966995	-0.052321	0.000000	0.000204	0.000000	0.000000	0.000000	-0.439511	0.000000	0.000000	0.000000	0.000000
1761685722.953084230	-0.000000	-0.000084	0.000258	-0.016865	-0.000000	0.000000	0.000000	0.000399	-0.000697	0.008463	-0.000000	-0.000000	0.027122	0.325743	-1.967071	-0.051429	-0.000000	0.000204	0.000000	0.000000	0.000000	-0.439511	0.000000	0.000000	0.000000	0.000000
1761685723.052946568	-0.000000	-0.000074	0.000213	-0.020864	0.000000	0.000000	0.000000	0.000349	-0.000568	0.006875	-0.000000	-0.000000	0.027122	0.325777	-1.967135	-0.050671	-0.000000	0.000204	0.000000	0.000000	0.000000	-0.439511	0.000000	0.000000	0.000000	0.000000
1761685723.152900219	-0.000000	-0.000062	0.000159	-0.022830	0.000000	0.000000	0.000000	0.000289	-0.000415	0.004855	-0.000000	-0.000000	0.027122	0.325806	-1.967185	-0.050099	0.000000	0.000204	0.000000	0.000000	0.000000	-0.439511	0.000000	0.000000	0.000000	0.000000
1761685723.252795458	-0.000000	-0.000049	0.000100	-0.022779	0.000000	0.000000	0.000000	0.000224	-0.000252	0.002605	-0.000000	-0.000000	0.027122	0.325829	-1.967218	-0.049743	-0.000000	0.000204	0.000000	0.000000	0.000000	-0.439511	0.000000	0.000000	0.000000	0.000000
1761685723.352790117	-0.000000	-0.000035	0.000043	-0.020884	0.000000	0.000000	0.000000	0.000159	-0.000093	0.000326	0.000000	-0.000000	0.027122	0.325847	-1.967235	-0.049616	-0.000000	0.000204	0.000000	0.000000	0.000000	-0.439511	0.000000	0.000000	0.000000	0.000000
1761685723.452977657	-0.000000	-0.000023	-0.000010	-0.017443	0.000000	0.000000	0.000000	0.000100	0.000050	-0.001794	0.000000	-0.000000	0.027122	0.325859	-1.967236	-0.049708	0.000000	0.000204	0.000000	0.000000	0.000000	-0.439511	0.000000	0.000000	0.000000	0.000000
1761685723.553067684	-0.000000	-0.000012	-0.000053	-0.012838	0.000000	0.000000	0.000000	0.000051	0.000167	-0.003596	0.000000	-0.000000	0.027122	0.325867	-1.967225	-0.049995	-0.000000	0.000204	0.000000	0.000000	0.000000	-0.439511	0.000000	0.000000	0.000000	0.000000
1761685723.653452396	-0.000000	-0.000004	-0.000085	-0.007545	-0.000000	0.000000	0.000000	0.000014	0.000251	-0.004956	0.000000	-0.000000	0.027122	0.325871	-1.967203	-0.050437	-0.000000	0.000204	0.000000	0.000000	0.000000	-0.439511	0.000000	0.000000	0.000000	0.000000
1761685723.752920389	-0.000000	0.000001	-0.000105	-0.002063	-0.000000	0.000000	0.000000	-0.000009	0.000298	-0.005799	0.000000	-0.000000	0.027122	0.325872	-1.967175	-0.050986	0.000000	0.000204	0.000000	0.000000	0.000000	-0.439511	0.000000	0.000000	0.000000	0.000000
1761685723.853312731	-0.000000	0.000003	-0.000110	0.003137	-0.000000	0.000000	0.000000	-0.000016	0.000307	-0.006097	0.000000	-0.000000	0.027122	0.325873	-1.967144	-0.051587	0.000000	0.000204	0.000000	0.000000	0.000000	-0.439511	0.000000	0.000000	0.000000	0.000000
1761685723.953297615	-0.000000	0.000003	-0.000103	0.007648	-0.000000	-0.000000	0.000000	-0.000010	0.000282	-0.005870	0.000000	0.000000	0.027122	0.325873	-1.967115	-0.052187	0.000000	0.000204	0.000000	0.000000	0.000000	-0.439511	0.000000	0.000000	0.000000	0.000000
1761685724.052761316	-0.000000	-0.000001	-0.000085	0.011160	-0.000000	-0.000000	0.000000	0.000008	0.000227	-0.005180	0.000000	0.000000	0.027122	0.325874	-1.967090	-0.052737	0.000000	0.000204	0.000000	0.000000	0.000000	-0.439511	0.000000	0.000000	0.000000	0.000000
1761685724.152839184	-0.000000	-0.000006	-0.000058	0.013468	0.000000	-0.000000	0.000000	0.000036	0.000149	-0.004122	-0.000000	0.000000	0.027122	0.325877	-1.967071	-0.053195	-0.000000	0.000204	0.000000	0.000000	0.000000	-0.439511	0.000000	0.000000	0.000000	0.000000
1761685724.252843618	-0.000000	-0.000013	-0.000026	0.014487	-0.000000	-0.000000	0.000000	0.000070	0.000058	-0.002814	0.000000	0.000000	0.027122	0.325883	-1.967062	-0.053533	0.000000	0.000204	0.000000	0.000000	0.000000	-0.439511	0.000000	0.000000	0.000000	0.000000
1761685724.352830172	-0.000000	-0.000021	0.000008	0.014243	-0.000000	-0.000000	0.000000	0.000106	-0.000038	-0.001382	-0.000000	0.000000	0.027122	0.325893	-1.967062	-0.053732	-0.000000	0.000204	0.000000	0.000000	0.000000	-0.439511	0.000000	0.000000	0.000000	0.000000
1761685724.452898979	-0.000000	-0.000028	0.000041	0.012859	-0.000000	-0.000000	0.000000	0.000141	-0.000131	0.000046	-0.000000	0.000000	0.027122	0.325905	-1.967072	-0.053787	0.000000	0.000204	0.000000	0.000000	0.000000	-0.439511	0.000000	0.000000	0.000000	0.000000
1761685724.552940845	-0.000000	-0.000035	0.000071	0.010536	0.000000	-0.000000	0.000000	0.000173	-0.000212	0.001355	-0.000000	0.000000	0.027122	0.325920	-1.967091	-0.053704	0.000000	0.000204	0.000000	0.000000	0.000000	-0.439511	0.000000	0.000000	0.000000	0.000000
1761685724.652859688	-0.000000	-0.000040	0.000096	0.007532	0.000000	-0.000000	0.000000	0.000198	-0.000277	0.002447	-0.000000	0.000000	0.027122	0.325937	-1.967117	-0.053504	-0.000000	0.000204	0.000000	0.000000	0.000000	-0.439511	0.000000	0.000000	0.000000	0.000000
1761685724.752934694	-0.000000	-0.000044	0.000113	0.004151	-0.000000	-0.000000	0.000000	0.000215	-0.000320	0.003250	-0.000000	0.000000	0.027122	0.325956	-1.967149	-0.053210	-0.000000	0.000204	0.000000	0.000000	0.000000	-0.439511	0.000000	0.000000	0.000000	0.000000
1761685724.852888584	-0.000000	-0.000046	0.000121	0.000703	0.000000	-0.000000	0.000000	0.000223	-0.000340	0.003722	-0.000000	0.000000	0.027122	0.325976	-1.967183	-0.052855	0.000000	0.000204	0.000000	0.000000	0.000000	-0.439511	0.000000	0.000000	0.000000	0.000000
1761685724.953049183	-0.000000	-0.000046	0.000121	-0.002520	0.000000	-0.000000	0.000000	0.000221	-0.000336	0.003850	-0.000000	0.000000	0.027122	0.325997	-1.967218	-0.052473	-0.000000	0.000204	0.000000	0.000000	0.000000	-0.439511	0.000000	0.000000	0.000000	0.000000
1761685725.052806139	-0.000000	-0.000044	0.000114	-0.005273	-0.000000	0.000000	0.000000	0.000212	-0.000311	0.003651	-0.000000	-0.000000	0.027122	0.326017	-1.967251	-0.052097	0.000000	0.000204	0.000000	0.000000	0.000000	-0.439511	0.000000	0.000000	0.000000	0.000000
1761685725.152798891	-0.000000	-0.000041	0.000099	0.399964	0.000000	0.000000	0.000000	0.000195	-0.000268	0.003170	-0.000000	-0.000000	0.027122	0.326035	-1.967281	-0.051758	0.000000	0.000204	0.000000	0.000000	0.000000	0.000000	0.000000	0.000000	0.000000	0.000000
1761685725.252888441	-0.000000	-0.000178	0.000730	0.350356	-0.000000	-0.000000	0.000000	0.001057	-0.002418	0.036412	0.000000	0.000000	0.027122	0.326091	-1.967418	-0.049784	-0.000000	0.000204	0.000000	0.000000	0.000000	0.000000	0.000000	0.000000	0.000000	0.000000
1761685725.352997303	-0.000000	-0.000350	0.001637	0.252149	-0.000000	-0.000000	0.000000	0.001977	-0.004687	0.072275	0.000000	0.000000	0.027122	0.326234	-1.967802	-0.044016	0.000000	0.000204	0.000000	0.000000	0.000000	0.000000	0.000000	0.000000	0.000000	0.000000
1761685725.453176260	-0.000000	-0.000469	0.002338	0.137930	-0.000000	-0.000000	0.000000	0.002647	-0.006284	0.099126	-0.000000	0.000000	0.027122	0.326450	-1.968378	-0.035154	0.000000	0.000204	0.000000	0.000000	0.000000	0.000000	0.000000	0.000000	0.000000	0.000000
1761685725.553414106	-0.000000	-0.000535	0.002733	0.023244	-0.000000	-0.000000	0.000000	0.003016	-0.007082	0.114823	-0.000000	0.000000	0.027122	0.326718	-1.969067	-0.024246	0.000000	0.000204	0.000000	0.000000	0.000000	0.000000	0.000000	0.000000	0.000000	0.000000
1761685725.652895451	-0.000000	-0.000553	0.002795	-0.079736	0.000000	-0.000000	0.000000	0.003082	-0.007090	0.119059	-0.000000	0.000000	0.027122	0.327012	-1.969786	-0.012437	0.000000	0.000204	0.000000	0.000000	0.000000	0.000000	0.000000	0.000000	0.000000	0.000000
1761685725.752868891	-0.000000	-0.000530	0.002554	-0.162881	0.000000	0.000000	0.000000	0.002917	-0.006537	0.114131	-0.000000	-0.000000	0.027121	0.327258	-1.970355	-0.002705	0.000000	0.000204	0.000000	0.000000	0.000000	0.000000	0.000000	0.000000	0.000000	0.000000
1761685725.853220940	-0.000000	-0.000469	0.002080	-0.222151	0.000000	0.000000	0.000000	0.002446	-0.005175	0.097899	-0.000000	-0.000000	0.027121	0.327572	-1.971033	0.009644	0.000000	0.000204	0.000000	0.000000	0.000000	0.000000	0.000000	0.000000	0.000000	0.000000
1761685725.953121662	-0.000000	-0.000376	0.001460	-0.256763	0.000000	0.000000	0.000000	0.001857	-0.003578	0.076672	-0.000000	-0.000000	0.027121	0.327757	-1.971398	0.016959	0.000000	0.000204	0.000000	0.000000	0.000000	0.000000	0.000000	0.000000	0.000000	0.000000
1761685726.052972555	-0.000000	-0.000256	0.000776	-0.268067	0.000000	0.000000	0.000000	0.001290	-0.002092	0.055852	-0.000000	-0.000000	0.027121	0.327920	-1.971679	0.023604	0.000000	0.000204	0.000000	0.000000	0.000000	0.000000	0.000000	0.000000	0.000000	0.000000
1761685726.153034687	-0.000000	-0.000120	0.000101	-0.258610	0.000000	0.000000	0.000000	0.000457	0.000030	0.024954	-0.000000	-0.000000	0.027121	0.328010	-1.971780	0.027660	-0.000000	0.000204	0.000000	0.000000	0.000000	0.000000	0.000000	0.000000	0.000000	0.000000
1761685726.252764225	-0.000000	0.000024	-0.000531	-0.231524	0.000000	0.000000	0.000000	-0.000119	0.001460	0.003246	-0.000000	-0.000000	0.027121	0.328025	-1.971704	0.029065	-0.000000	0.000204	0.000000	0.000000	0.000000	0.000000	0.000000	0.000000	0.000000	0.000000
1761685726.352814913	-0.000000	0.000165	-0.001104	-0.188563	0.000000	0.000000	0.000000	-0.000751	0.002991	-0.020809	-0.000000	-0.000000	0.027121	0.327968	-1.971468	0.027956	0.000000	0.000204	0.000000	0.000000	0.000000	0.000000	0.000000	0.000000	0.000000	0.000000
1761685726.453058243	-0.000000	0.000291	-0.001573	-0.132051	0.000000	0.000000	0.000000	-0.001274	0.004218	-0.041098	-0.000000	-0.000000	0.027121	0.327852	-1.971096	0.024644	-0.000000	0.000204	0.000000	0.000000	0.000000	0.000000	0.000000	0.000000	0.000000	0.000000
1761685726.552884817	-0.000000	0.000379	-0.001871	-0.070887	0.000000	0.000000	0.000000	-0.001623	0.004987	-0.055245	-0.000000	-0.000000	0.027121	0.327692	-1.970630	0.019670	-0.000000	0.000204	0.000000	0.000000	0.000000	0.000000	0.000000	0.000000	0.000000	0.000000
1761685726.652729273	-0.000000	0.000427	-0.002005	-0.010573	0.000000	0.000000	0.000000	-0.001805	0.005330	-0.063353	-0.000000	-0.000000	0.027121	0.327510	-1.970111	0.013630	-0.000000	0.000204	0.000000	0.000000	0.000000	0.000000	0.000000	0.000000	0.000000	0.000000
1761685726.753712893	-0.000000	0.000431	-0.001978	0.043560	0.000000	0.000000	0.000000	-0.001823	0.005266	-0.065415	-0.000000	-0.000000	0.027121	0.327322	-1.969581	0.007132	-0.000000	0.000204	0.000000	0.000000	0.000000	0.000000	0.000000	0.000000	0.000000	0.000000
1761685726.853349686	-0.000000	0.000398	-0.001812	0.087717	0.000000	-0.000000	0.000000	-0.001695	0.004842	-0.061962	-0.000000	0.000000	0.027122	0.327144	-1.969078	0.000755	-0.000000	0.000204	0.000000	0.000000	0.000000	0.000000	0.000000	0.000000	0.000000	0.000000
1761685726.952762127	-0.000000	0.000336	-0.001537	0.115032	0.000000	-0.000000	0.000000	-0.001448	0.004136	-0.053926	0.000000	0.000000	0.027122	0.326989	-1.968632	-0.005003	-0.000000	0.000204	0.000000	0.000000	0.000000	0.000000	0.000000	0.000000	0.000000	0.000000
1761685727.053242922	-0.000000	0.000255	-0.001202	0.139503	0.000000	-0.000000	0.000000	-0.001128	0.003260	-0.042878	0.000000	0.000000	0.027122	0.326865	-1.968268	-0.009771	-0.000000	0.000204	0.000000	0.000000	0.000000	0.000000	0.000000	0.000000	0.000000	0.000000
1761685727.152813435	-0.000000	0.000165	-0.000824	0.146225	0.000000	-0.000000	0.000000	-0.000749	0.002254	-0.029335	0.000000	0.000000	0.027122	0.326777	-1.967999	-0.013285	-0.000000	0.000204	0.000000	0.000000	0.000000	0.000000	0.000000	0.000000	0.000000	0.000000
1761685727.253157854	-0.000000	0.000076	-0.000443	0.141142	0.000000	-0.000000	0.000000	-0.000353	0.001223	-0.014825	0.000000	0.000000	0.027122	0.326728	-1.967833	-0.015377	-0.000000	0.000204	0.000000	0.000000	0.000000	0.000000	0.000000	0.000000	0.000000	0.000000
1761685727.353209972	-0.000000	0.000008	-0.000147	0.129263	-0.000000	-0.000000	0.000000	0.000027	0.000249	-0.000626	0.000000	0.000000	0.027122	0.326716	-1.967768	-0.016028	-0.000000	0.000204	0.000000	0.000000	0.000000	0.000000	0.000000	0.000000	0.000000	0.000000
1761685727.453030825	-0.000000	-0.000065	0.000174	0.106671	-0.000000	-0.000000	0.000000	0.000371	-0.000623	0.012498	0.000000	0.000000	0.027122	0.326738	-1.967795	-0.015317	0.000000	0.000204	0.000000	0.000000	0.000000	0.000000	0.000000	0.000000	0.000000	0.000000
1761685727.552851200	-0.000000	-0.000124	0.000443	0.076604	-0.000000	-0.000000	0.000000	0.000654	-0.001329	0.023542	0.000000	0.000000	0.027122	0.326791	-1.967900	-0.013407	0.000000	0.000204	0.000000	0.000000	0.000000	0.000000	0.000000	0.000000	0.000000	0.000000
1761685727.652928114	-0.000000	-0.000166	0.000640	0.042475	-0.000000	-0.000000	0.000000	0.000856	-0.001820	0.031703	0.000000	0.000000	0.027122	0.326867	-1.968064	-0.010556	0.000000	0.000204	0.000000	0.000000	0.000000	0.000000	0.000000	0.000000	0.000000	0.000000
1761685727.752956152	-0.000000	-0.000190	0.000750	0.007780	-0.000000	-0.000000	0.000000	0.000967	-0.002072	0.036520	0.000000	0.000000	0.027122	0.326958	-1.968263	-0.007081	0.000000	0.000204	0.000000	0.000000	0.000000	0.000000	0.000000	0.000000	0.000000	0.000000
1761685727.853025436	-0.000000	-0.000196	0.000771	-0.024341	-0.000000	-0.000000	0.000000	0.000985	-0.002087	0.037876	-0.000000	0.000000	0.027122	0.327055	-1.968474	-0.003326	0.000000	0.000204	0.000000	0.000000	0.000000	0.000000	0.000000	0.000000	0.000000	0.000000
1761685727.953093767	-0.000000	-0.000186	0.000709	-0.051390	-0.000000	0.000000	0.000000	0.000918	-0.001887	0.035977	-0.000000	-0.000000	0.027122	0.327150	-1.968672	0.000374	0.000000	0.000204	0.000000	0.000000	0.000000	0.000000	0.000000	0.000000	0.000000	0.000000
1761685728.053009987	-0.000000	-0.000162	0.000578	-0.071656	0.000000	0.000000	0.000000	0.000779	-0.001510	0.031289	-0.000000	-0.000000	0.027121	0.327234	-1.968840	0.003717	0.000000	0.000204	0.000000	0.000000	0.000000	0.000000	0.000000	0.000000	0.000000	0.000000
1761685728.152993202	-0.000000	-0.000126	0.000398	-0.084231	0.000000	0.000000	0.000000	0.000586	-0.001006	0.024461	-0.000000	-0.000000	0.027121	0.327302	-1.968962	0.006461	0.000000	0.000204	0.000000	0.000000	0.000000	0.000000	0.000000	0.000000	0.000000	0.000000
1761685728.252980947	-0.000000	-0.000082	0.000191	-0.088931	0.000000	0.000000	0.000000	0.000360	-0.000429	0.016248	-0.000000	-0.000000	0.027121	0.327348	-1.969029	0.008437	0.000000	0.000204	0.000000	0.000000	0.000000	0.000000	0.000000	0.000000	0.000000	0.000000
1761685728.353077888	-0.000000	-0.000034	-0.000024	-0.086182	-0.000000	0.000000	0.000000	0.000121	0.000166	0.007433	-0.000000	-0.000000	0.027121	0.327370	-1.969037	0.009551	0.000000	0.000204	0.000000	0.000000	0.000000	0.000000	0.000000	0.000000	0.000000	0.000000
1761685728.453057289	-0.000000	0.000015	-0.000230	-0.076890	0.000000	0.000000	0.000000	-0.000109	0.000730	-0.001231	-0.000000	-0.000000	0.027121	0.327368	-1.968987	0.009787	-0.000000	0.000204	0.000000	0.000000	0.000000	0.000000	0.000000	0.000000	0.000000	0.000000
1761685728.552902937	-0.000000	0.000059	-0.000413	-0.062087	-0.000000	0.000000	0.000000	-0.000313	0.001220	-0.009075	-0.000000	-0.000000	0.027121	0.327344	-1.968885	0.009200	0.000000	0.000204	0.000000	0.000000	0.000000	0.000000	0.000000	0.000000	0.000000	0.000000
1761685728.652812004	-0.000000	0.000097	-0.000560	-0.043210	0.000000	0.000000	0.000000	-0.000477	0.001602	-0.015530	-0.000000	-0.000000	0.027121	0.327302	-1.968741	0.007906	0.000000	0.000204	0.000000	0.000000	0.000000	0.000000	0.000000	0.000000	0.000000	0.000000
1761685728.752847433	-0.000000	0.000124	-0.000660	-0.022260	0.000000	0.000000	0.000000	-0.000590	0.001849	-0.020166	-0.000000	-0.000000	0.027121	0.327246	-1.968566	0.006069	0.000000	0.000204	0.000000	0.000000	0.000000	0.000000	0.000000	0.000000	0.000000	0.000000
1761685728.852986336	-0.000000	0.000139	-0.000707	-0.001254	0.000000	0.000000	0.000000	-0.000646	0.001952	-0.022741	-0.000000	-0.000000	0.027122	0.327183	-1.968374	0.003888	0.000000	0.000204	0.000000	0.000000	0.000000	0.000000	0.000000	0.000000	0.000000	0.000000
1761685728.952994108	-0.000000	0.000141	-0.000701	0.017999	0.000000	0.000000	0.000000	-0.000646	0.001913	-0.023217	-0.000000	-0.000000	0.027122	0.327117	-1.968180	0.001571	-0.000000	0.000204	0.000000	0.000000	0.000000	0.000000	0.000000	0.000000	0.000000	0.000000
1761685729.053037167	-0.000000	0.000131	-0.000647	0.034044	-0.000000	-0.000000	0.000000	-0.000594	0.001746	-0.021738	0.000000	0.000000	0.027122	0.327055	-1.967998	-0.000678	-0.000000	0.000204	0.000000	0.000000	0.000000	0.000000	0.000000	0.000000	0.000000	0.000000
1761685729.153122663	-0.000000	0.000111	-0.000554	0.045870	0.000000	-0.000000	0.000000	-0.000499	0.001477	-0.018601	-0.000000	0.000000	0.027122	0.327001	-1.967838	-0.002679	-0.000000	0.000204	0.000000	0.000000	0.000000	0.000000	0.000000	0.000000	0.000000	0.000000
1761685729.252985477	-0.000000	0.000085	-0.000432	0.052927	0.000000	-0.000000	0.000000	-0.000373	0.001135	-0.014211	-0.000000	0.000000	0.027122	0.326959	-1.967710	-0.004292	-0.000000	0.000204	0.000000	0.000000	0.000000	0.000000	0.000000	0.000000	0.000000	0.000000
1761685729.353127718	-0.000000	0.000054	-0.000295	0.055105	-0.000000	-0.000000	0.000000	-0.000230	0.000753	-0.009036	0.000000	0.000000	0.027122	0.326930	-1.967618	-0.005416	0.000000	0.000204	0.000000	0.000000	0.000000	0.000000	0.000000	0.000000	0.000000	0.000000
1761685729.452959776	-0.000000	0.000022	-0.000155	0.052680	-0.000000	-0.000000	0.000000	-0.000081	0.000366	-0.003561	0.000000	0.000000	0.027122	0.326916	-1.967565	-0.006002	-0.000000	0.000204	0.000000	0.000000	0.000000	0.000000	0.000000	0.000000	0.000000	0.000000
1761685729.553112507	-0.000000	-0.000008	-0.000022	0.046245	-0.000000	-0.000000	0.000000	0.000060	0.000003	0.001747	0.000000	0.000000	0.027122	0.326917	-1.967550	-0.006046	0.000000	0.000204	0.000000	0.000000	0.000000	0.000000	0.000000	0.000000	0.000000	0.000000
1761685729.652810812	-0.000000	-0.000034	0.000093	0.036517	-0.000000	-0.000000	0.000000	0.000183	-0.000309	0.006479	0.000000	0.000000	0.027122	0.326930	-1.967569	-0.005591	-0.000000	0.000204	0.000000	0.000000	0.000000	0.000000	0.000000	0.000000	0.000000	0.000000
1761685729.752985954	-0.000000	-0.000054	0.000184	0.024516	-0.000000	-0.000000	0.000000	0.000280	-0.000549	0.010293	-0.000000	0.000000	0.027122	0.326954	-1.967614	-0.004714	0.000000	0.000204	0.000000	0.000000	0.000000	0.000000	0.000000	0.000000	0.000000	0.000000
1761685729.852976561	-0.000000	-0.000069	0.000246	0.011461	-0.000000	-0.000000	0.000000	0.000344	-0.000705	0.012944	-0.000000	0.000000	0.027122	0.326986	-1.967679	-0.003522	0.000000	0.000204	0.000000	0.000000	0.000000	0.000000	0.000000	0.000000	0.000000	0.000000
1761685729.953006268	-0.000000	-0.000076	0.000276	-0.001445	-0.000000	-0.000000	0.000000	0.000373	-0.000770	0.014308	-0.000000	0.000000	0.027122	0.327022	-1.967754	-0.002139	0.000000	0.000204	0.000000	0.000000	0.000000	0.000000	0.000000	0.000000	0.000000	0.000000
1761685730.053005695	-0.000000	-0.000076	0.000273	-0.013126	0.000000	-0.000000	0.000000	0.000368	-0.000747	0.014378	-0.000000	-0.000000	0.027122	0.327059	-1.967830	-0.000695	0.000000	0.000204	0.000000	0.000000	0.000000	0.000000	0.000000	0.000000	0.000000	0.000000
1761685730.152869463	-0.000000	-0.000069	0.000241	-0.022723	0.000000	0.000000	0.000000	0.000332	-0.000647	0.013261	-0.000000	-0.000000	0.027122	0.327094	-1.967900	0.000686	0.000000	0.000204	0.000000	0.000000	0.000000	0.000000	0.000000	0.000000	0.000000	0.000000
1761685730.252938747	-0.000000	-0.000058	0.000186	-0.029636	0.000000	0.000000	0.000000	0.000270	-0.000485	0.011148	-0.000000	-0.000000	0.027122	0.327124	-1.967955	0.001895	0.000000	0.000204	0.000000	0.000000	0.000000	0.000000	0.000000	0.000000	0.000000	0.000000
1761685730.352921486	-0.000000	-0.000042	0.000114	-0.033547	-0.000000	0.000000	0.000000	0.000190	-0.000281	0.008300	0.000000	-0.000000	0.027122	0.327146	-1.967992	0.002849	0.000000	0.000204	0.000000	0.000000	0.000000	0.000000	0.000000	0.000000	0.000000	0.000000
1761685730.452976942	-0.000000	-0.000024	0.000033	-0.034408	0.000000	0.000000	0.000000	0.000100	-0.000054	0.005010	-0.000000	-0.000000	0.027122	0.327160	-1.968007	0.003490	0.000000	0.000204	0.000000	0.000000	0.000000	0.000000	0.000000	0.000000	0.000000	0.000000
1761685730.552888155	-0.000000	-0.000005	-0.000048	-0.032416	-0.000000	0.000000	0.000000	0.000008	0.000173	0.001584	0.000000	-0.000000	0.027122	0.327165	-1.967999	0.003791	0.000000	0.000204	0.000000	0.000000	0.000000	0.000000	0.000000	0.000000	0.000000	0.000000
1761685730.653044701	-0.000000	0.000013	-0.000125	-0.027966	-0.000000	0.000000	0.000000	-0.000078	0.000382	-0.001691	0.000000	-0.000000	0.027122	0.327160	-1.967970	0.003757	0.000000	0.000204	0.000000	0.000000	0.000000	0.000000	0.000000	0.000000	0.000000	0.000000
1761685730.752862692	-0.000000	0.000029	-0.000191	-0.021563	-0.000000	0.000000	0.000000	-0.000152	0.000558	-0.004562	-0.000000	-0.000000	0.027122	0.327148	-1.967921	0.003418	0.000000	0.000204	0.000000	0.000000	0.000000	0.000000	0.000000	0.000000	0.000000	0.000000
1761685730.853055239	-0.000000	0.000042	-0.000240	-0.013885	-0.000000	0.000000	0.000000	-0.000209	0.000687	-0.006825	-0.000000	-0.000000	0.027122	0.327129	-1.967857	0.002825	0.000000	0.000204	0.000000	0.000000	0.000000	0.000000	0.000000	0.000000	0.000000	0.000000
1761685730.953012228	-0.000000	0.000051	-0.000271	-0.005687	-0.000000	0.000000	0.000000	-0.000245	0.000762	-0.008341	-0.000000	-0.000000	0.027122	0.327106	-1.967784	0.002049	0.000000	0.000204	0.000000	0.000000	0.000000	0.000000	0.000000	0.000000	0.000000	0.000000
1761685731.053147316	-0.000000	0.000054	-0.000281	0.002301	0.000000	0.000000	0.000000	-0.000258	0.000781	-0.009047	-0.000000	-0.000000	0.027122	0.327080	-1.967706	0.001168	0.000000	0.000204	0.000000	0.000000	0.000000	0.000000	0.000000	0.000000	0.000000	0.000000
1761685731.152887821	-0.000000	0.000053	-0.000272	0.690407	-0.000000	-0.000000	0.000000	-0.000250	0.000747	-0.008950	-0.000000	0.000000	0.027122	0.327054	-1.967630	0.000263	0.000000	0.000204	0.000000	0.000000	0.000000	0.734774	0.000000	0.000000	0.000000	0.000000
1761685731.253045559	-0.000000	-0.000190	0.000838	0.615463	-0.000000	-0.000000	0.000000	0.001257	-0.003022	0.048623	0.000000	0.000000	0.027122	0.327105	-1.967744	0.002249	0.000000	0.000204	0.000000	0.000000	0.000000	0.734774	0.000000	0.000000	0.000000	0.000000
1761685731.353446722	-0.000000	-0.000476	0.002482	0.450375	-0.000000	-0.000000	0.000000	0.002882	-0.007037	0.111418	0.000000	0.000000	0.027121	0.327330	-1.968283	0.010826	0.000000	0.000204	0.000000	0.000000	0.000000	0.734774	0.000000	0.000000	0.000000	0.000000
1761685731.453467846	-0.000000	-0.000661	0.003826	0.251783	-0.000000	-0.000000	0.000000	0.004091	-0.009920	0.159207	-0.000000	0.000000	0.027121	0.327708	-1.969157	0.024870	-0.000000	0.000204	0.000000	0.000000	0.000000	0.734774	0.000000	0.000000	0.000000	0.000000
1761685731.552950144	-0.000000	-0.000760	0.004621	0.052198	0.000000	-0.000000	0.000000	0.004786	-0.011409	0.187695	-0.000000	0.000000	0.027121	0.328198	-1.970230	0.042591	-0.000000	0.000204	0.000000	0.000000	0.000000	0.734774	0.000000	0.000000	0.000000	0.000000
1761685731.652963161	-0.000000	-0.000795	0.004785	-0.123348	0.000000	-0.000000	0.000000	0.004960	-0.011512	0.196241	-0.000000	0.000000	0.027121	0.328749	-1.971359	0.061997	-0.000000	0.000204	0.000000	0.000000	0.000000	0.734774	0.000000	0.000000	0.000000	0.000000
1761685731.753003836	-0.000000	-0.000777	0.004374	-0.260305	0.000000	0.000000	0.000000	0.004670	-0.010421	0.186832	-0.000000	-0.000000	0.027121	0.329308	-1.972417	0.081195	-0.000000	0.000204	0.000000	0.000000	0.000000	0.734774	0.000000	0.000000	0.000000	0.000000
1761685731.852886677	-0.000000	-0.000709	0.003543	-0.354002	0.000000	0.000000	0.000000	0.004012	-0.008428	0.163085	-0.000000	-0.000000	0.027121	0.329821	-1.973307	0.098588	-0.000000	0.000204	0.000000	0.000000	0.000000	0.734774	0.000000	0.000000	0.000000	0.000000
1761685731.952951908	-0.000000	-0.000591	0.002472	-0.406382	-0.000000	0.000000	0.000000	0.003095	-0.005857	0.129246	-0.000000	-0.000000	0.027121	0.330242	-1.973962	0.112987	0.000000	0.000204	0.000000	0.000000	0.000000	0.734774	0.000000	0.000000	0.000000	0.000000
1761685732.053184032	-0.000000	-0.000427	0.001325	-0.422499	-0.000000	0.000000	0.000000	0.002027	-0.003004	0.089481	0.000000	-0.000000	0.027121	0.330537	-1.974351	0.123629	0.000000	0.000204	0.000000	0.000000	0.000000	0.734774	0.000000	0.000000	0.000000	0.000000
1761685732.152969837	-0.000000	-0.000226	0.000225	-0.408143	-0.000000	0.000000	0.000000	0.000907	-0.000122	0.047499	0.000000	-0.000000	0.027121	0.330690	-1.974465	0.130139	0.000000	0.000204	0.000000	0.000000	0.000000	0.734774	0.000000	0.000000	0.000000	0.000000
1761685732.252943039	-0.000000	-0.000003	-0.000785	-0.368751	-0.000000	0.000000	0.000000	-0.000183	0.002587	0.006446	-0.000000	-0.000000	0.027121	0.330697	-1.974316	0.132484	0.000000	0.000204	0.000000	0.000000	0.000000	0.734774	0.000000	0.000000	0.000000	0.000000
1761685732.352903605	-0.000000	0.000227	-0.001718	-0.306780	-0.000000	0.000000	0.000000	-0.001171	0.004964	-0.031086	-0.000000	-0.000000	0.027121	0.330569	-1.973929	0.130912	0.000000	0.000204	0.000000	0.000000	0.000000	0.734774	0.000000	0.000000	0.000000	0.000000
1761685732.452952862	-0.000000	0.000444	-0.002505	-0.221347	-0.000000	0.000000	0.000000	-0.001993	0.006867	-0.062797	-0.000000	-0.000000	0.027121	0.330326	-1.973345	0.125911	0.000000	0.000204	0.000000	0.000000	0.000000	0.734774	0.000000	0.000000	0.000000	0.000000
1761685732.552907228	-0.000000	0.000619	-0.003071	-0.123045	-0.000000	0.000000	0.000000	-0.002586	0.008158	-0.086355	-0.000000	-0.000000	0.027121	0.329999	-1.972613	0.118197	0.000000	0.000204	0.000000	0.000000	0.000000	0.734774	0.000000	0.000000	0.000000	0.000000
1761685732.652828217	-0.000000	0.000726	-0.003367	-0.023854	-0.000000	0.000000	0.000000	-0.002912	0.008763	-0.100298	-0.000000	-0.000000	0.027121	0.329624	-1.971794	0.108680	0.000000	0.000204	0.000000	0.000000	0.000000	0.734774	0.000000	0.000000	0.000000	0.000000
1761685732.753003120	-0.000000	0.000755	-0.003381	0.066049	0.000000	0.000000	0.000000	-0.002965	0.008722	-0.103939	-0.000000	-0.000000	0.027121	0.329303	-1.971092	0.100085	0.000000	0.000204	0.000000	0.000000	0.000000	0.734774	0.000000	0.000000	0.000000	0.000000
1761685732.852904797	-0.000000	0.000711	-0.003140	0.128513	0.000000	-0.000000	0.000000	-0.002812	0.008148	-0.100331	-0.000000	0.000000	0.027121	0.328934	-1.970278	0.089802	0.000000	0.000204	0.000000	0.000000	0.000000	0.734774	0.000000	0.000000	0.000000	0.000000
1761685732.952929735	-0.000000	0.000622	-0.002773	0.184097	-0.000000	-0.000000	0.000000	-0.002444	0.007062	-0.088521	-0.000000	0.000000	0.027121	0.328610	-1.969548	0.080414	0.000000	0.000204	0.000000	0.000000	0.000000	0.734774	0.000000	0.000000	0.000000	0.000000
1761685733.053024292	-0.000000	0.000486	-0.002224	0.219330	0.000000	-0.000000	0.000000	-0.001932	0.005642	-0.071037	-0.000000	0.000000	0.027121	0.328347	-1.968941	0.072543	0.000000	0.000204	0.000000	0.000000	0.000000	0.734774	0.000000	0.000000	0.000000	0.000000
1761685733.152994871	-0.000000	0.000332	-0.001601	0.233931	0.000000	-0.000000	0.000000	-0.001329	0.004023	-0.049692	-0.000000	0.000000	0.027121	0.328156	-1.968482	0.066660	0.000000	0.000204	0.000000	0.000000	0.000000	0.734774	0.000000	0.000000	0.000000	0.000000
1761685733.253033638	-0.000000	0.000178	-0.000965	0.229643	0.000000	-0.000000	0.000000	-0.000691	0.002348	-0.026542	-0.000000	0.000000	0.027121	0.328041	-1.968184	0.063031	-0.000000	0.000204	0.000000	0.000000	0.000000	0.734774	0.000000	0.000000	0.000000	0.000000
1761685733.353179216	-0.000000	0.000037	-0.000365	0.209006	0.000000	-0.000000	0.000000	-0.000070	0.000744	-0.003506	-0.000000	0.000000	0.027121	0.328000	-1.968046	0.061724	-0.000000	0.000204	0.000000	0.000000	0.000000	0.734774	0.000000	0.000000	0.000000	0.000000
1761685733.452939749	-0.000000	-0.000082	0.000163	0.174215	0.000000	-0.000000	0.000000	0.000490	-0.000683	0.017738	-0.000000	0.000000	0.027121	0.328026	-1.968054	0.062627	-0.000000	0.000204	0.000000	0.000000	0.000000	0.734774	0.000000	0.000000	0.000000	0.000000
1761685733.553085566	-0.000000	-0.000177	0.000609	0.126818	0.000000	-0.000000	0.000000	0.000955	-0.001845	0.035740	-0.000000	0.000000	0.027121	0.328112	-1.968187	0.065475	-0.000000	0.000204	0.000000	0.000000	0.000000	0.734774	0.000000	0.000000	0.000000	0.000000
1761685733.653034687	-0.000000	-0.000245	0.000943	0.072289	0.000000	-0.000000	0.000000	0.001293	-0.002667	0.049212	0.000000	0.000000	0.027121	0.328243	-1.968414	0.069868	-0.000000	0.000204	0.000000	0.000000	0.000000	0.734774	0.000000	0.000000	0.000000	0.000000
1761685733.753111601	-0.000000	-0.000285	0.001138	0.016618	0.000000	-0.000000	0.000000	0.001485	-0.003107	0.057349	0.000000	0.000000	0.027121	0.328406	-1.968698	0.075301	-0.000000	0.000204	0.000000	0.000000	0.000000	0.734774	0.000000	0.000000	0.000000	0.000000
1761685733.852814913	-0.000000	-0.000298	0.001185	-0.034867	0.000000	-0.000000	0.000000	0.001529	-0.003165	0.059939	0.000000	0.000000	0.027121	0.328582	-1.969002	0.081226	-0.000000	0.000204	0.000000	0.000000	0.000000	0.734774	0.000000	0.000000	0.000000	0.000000
1761685733.953088045	-0.000000	-0.000285	0.001096	-0.078082	0.000000	0.000000	0.000000	0.001436	-0.002876	0.057310	0.000000	-0.000000	0.027121	0.328756	-1.969290	0.087102	-0.000000	0.000204	0.000000	0.000000	0.000000	0.734774	0.000000	0.000000	0.000000	0.000000
1761685734.053169250	-0.000000	-0.000250	0.000893	-0.110398	-0.000000	0.000000	0.000000	0.001228	-0.002304	0.050222	0.000000	-0.000000	0.027121	0.328910	-1.969533	0.092450	-0.000000	0.000204	0.000000	0.000000	0.000000	0.734774	0.000000	0.000000	0.000000	0.000000
1761685734.153114319	-0.000000	-0.000198	0.000612	-0.130571	0.000000	0.000000	0.000000	0.000933	-0.001528	0.039721	0.000000	-0.000000	0.027121	0.329033	-1.969709	0.096882	-0.000000	0.000204	0.000000	0.000000	0.000000	0.734774	0.000000	0.000000	0.000000	0.000000
1761685734.252933264	-0.000000	-0.000132	0.000287	-0.138515	-0.000000	0.000000	0.000000	0.000584	-0.000635	0.027000	0.000000	-0.000000	0.027121	0.329116	-1.969803	0.100126	-0.000000	0.000204	0.000000	0.000000	0.000000	0.734774	0.000000	0.000000	0.000000	0.000000
1761685734.352977991	-0.000000	-0.000058	-0.000048	-0.135027	-0.000000	0.000000	0.000000	0.000214	0.000291	0.013281	0.000000	-0.000000	0.027121	0.329154	-1.969808	0.102031	0.000000	0.000204	0.000000	0.000000	0.000000	0.734774	0.000000	0.000000	0.000000	0.000000
1761685734.452978849	-0.000000	0.000018	-0.000372	-0.121539	-0.000000	0.000000	0.000000	-0.000146	0.001173	-0.000280	0.000000	-0.000000	0.027121	0.329146	-1.969728	0.102566	0.000000	0.000204	0.000000	0.000000	0.000000	0.734774	0.000000	0.000000	0.000000	0.000000
1761685734.552922726	-0.000000	0.000089	-0.000664	-0.099493	-0.000000	0.000000	0.000000	-0.000469	0.001945	-0.012658	0.000000	-0.000000	0.027121	0.329096	-1.969569	0.101807	0.000000	0.000204	0.000000	0.000000	0.000000	0.734774	0.000000	0.000000	0.000000	0.000000
1761685734.652948380	-0.000000	0.000151	-0.000902	-0.070679	-0.000000	0.000000	0.000000	-0.000733	0.002554	-0.022975	-0.000000	-0.000000	0.027121	0.329010	-1.969345	0.099924	0.000000	0.000204	0.000000	0.000000	0.000000	0.734774	0.000000	0.000000	0.000000	0.000000
1761685734.752822876	-0.000000	0.000198	-0.001067	-0.038268	-0.000000	0.000000	0.000000	-0.000889	0.002896	-0.029345	-0.000000	-0.000000	0.027121	0.328918	-1.969122	0.097675	0.000000	0.000204	0.000000	0.000000	0.000000	0.734774	0.000000	0.000000	0.000000	0.000000
1761685734.852764845	-0.000000	0.000224	-0.001148	-0.005518	-0.000000	0.000000	0.000000	-0.001002	0.003114	-0.034252	-0.000000	-0.000000	0.027121	0.328793	-1.968828	0.094418	0.000000	0.000204	0.000000	0.000000	0.000000	0.734774	0.000000	0.000000	0.000000	0.000000
1761685734.952790022	-0.000000	0.000230	-0.001146	0.024660	0.000000	0.000000	0.000000	-0.001026	0.003108	-0.035896	-0.000000	-0.000000	0.027121	0.328662	-1.968525	0.090860	0.000000	0.000204	0.000000	0.000000	0.000000	0.734774	0.000000	0.000000	0.000000	0.000000
1761685735.052798986	-0.000000	0.000216	-0.001066	0.049955	0.000000	-0.000000	0.000000	-0.000967	0.002898	-0.034436	-0.000000	0.000000	0.027121	0.328535	-1.968235	0.087322	0.000000	0.000204	0.000000	0.000000	0.000000	0.734774	0.000000	0.000000	0.000000	0.000000
1761685735.152779579	-0.000000	0.000186	-0.000923	0.068792	0.000000	-0.000000	0.000000	-0.000839	0.002519	-0.030284	-0.000000	0.000000	0.027121	0.328423	-1.967974	0.084093	0.000000	0.000204	0.000000	0.000000	0.000000	0.734774	0.000000	0.000000	0.000000	0.000000
1761685735.253002644	-0.000000	0.000144	-0.000736	0.080338	-0.000000	-0.000000	0.000000	-0.000657	0.002016	-0.024032	-0.000000	0.000000	0.027121	0.328331	-1.967757	0.081408	0.000000	0.000204	0.000000	0.000000	0.000000	0.734774	0.000000	0.000000	0.000000	0.000000
1761685735.353049994	-0.000000	0.000095	-0.000522	0.084440	0.000000	-0.000000	0.000000	-0.000443	0.001439	-0.016383	-0.000000	0.000000	0.027121	0.328264	-1.967593	0.079438	-0.000000	0.000204	0.000000	0.000000	0.000000	0.734774	0.000000	0.000000	0.000000	0.000000
1761685735.452899933	-0.000000	0.000046	-0.000303	0.081515	0.000000	-0.000000	0.000000	-0.000215	0.000840	-0.008076	-0.000000	0.000000	0.027121	0.328224	-1.967487	0.078280	-0.000000	0.000204	0.000000	0.000000	0.000000	0.734774	0.000000	0.000000	0.000000	0.000000
1761685735.552781820	-0.000000	-0.000001	-0.000096	0.072437	0.000000	-0.000000	0.000000	0.000006	0.000266	0.000173	-0.000000	0.000000	0.027121	0.328212	-1.967438	0.077957	-0.000000	0.000204	0.000000	0.000000	0.000000	0.734774	0.000000	0.000000	0.000000	0.000000
1761685735.652760744	-0.000000	-0.000042	0.000087	0.058189	-0.000000	-0.000000	0.000000	0.000205	-0.000241	0.007719	-0.000000	0.000000	0.027121	0.328225	-1.967441	0.078424	0.000000	0.000204	0.000000	0.000000	0.000000	0.734774	0.000000	0.000000	0.000000	0.000000
1761685735.752911329	-0.000000	-0.000075	0.000234	0.040181	0.000000	-0.000000	0.000000	0.000366	-0.000647	0.014013	-0.000000	0.000000	0.027121	0.328259	-1.967487	0.079579	-0.000000	0.000204	0.000000	0.000000	0.000000	0.734774	0.000000	0.000000	0.000000	0.000000
1761685735.852712870	-0.000000	-0.000098	0.000337	0.020304	0.000000	-0.000000	0.000000	0.000481	-0.000929	0.018631	-0.000000	0.000000	0.027121	0.328309	-1.967566	0.081270	-0.000000	0.000204	0.000000	0.000000	0.000000	0.734774	0.000000	0.000000	0.000000	0.000000
1761685735.953379154	-0.000000	-0.000108	0.000382	0.003878	0.000000	-0.000000	0.000000	0.000533	-0.001050	0.020993	0.000000	0.000000	0.027121	0.328369	-1.967662	0.083285	-0.000000	0.000204	0.000000	0.000000	0.000000	0.734774	0.000000	0.000000	0.000000	0.000000
1761685736.053064108	-0.000000	-0.000110	0.000384	-0.013644	-0.000000	-0.000000	0.000000	0.000541	-0.001056	0.021655	0.000000	0.000000	0.027121	0.328432	-1.967763	0.085434	-0.000000	0.000204	0.000000	0.000000	0.000000	0.734774	0.000000	0.000000	0.000000	0.000000
1761685736.153155804	-0.000000	-0.000102	0.000344	-0.029094	0.000000	0.000000	0.000000	0.000503	-0.000948	0.020582	0.000000	-0.000000	0.027121	0.328492	-1.967859	0.087549	-0.000000	0.000204	0.000000	0.000000	0.000000	0.734774	0.000000	0.000000	0.000000	0.000000
1761685736.252882957	-0.000000	-0.000090	0.000282	-0.040820	-0.000000	0.000000	0.000000	0.000424	-0.000740	0.017930	0.000000	-0.000000	0.027121	0.328545	-1.967937	0.089463	-0.000000	0.000204	0.000000	0.000000	0.000000	0.734774	0.000000	0.000000	0.000000	0.000000
1761685736.352873325	-0.000000	-0.000068	0.000183	-0.048203	-0.000000	0.000000	0.000000	0.000314	-0.000458	0.014044	0.000000	-0.000000	0.027121	0.328587	-1.967992	0.091038	0.000000	0.000204	0.000000	0.000000	0.000000	0.734774	0.000000	0.000000	0.000000	0.000000
1761685736.453163147	-0.000000	-0.000043	0.000068	-0.051064	-0.000000	0.000000	0.000000	0.000185	-0.000133	0.009347	0.000000	-0.000000	0.027121	0.328613	-1.968017	0.092173	-0.000000	0.000204	0.000000	0.000000	0.000000	0.734774	0.000000	0.000000	0.000000	0.000000
1761685736.553102493	-0.000000	-0.000015	-0.000053	-0.049594	-0.000000	0.000000	0.000000	0.000049	0.000205	0.004288	0.000000	-0.000000	0.027121	0.328623	-1.968010	0.092815	-0.000000	0.000204	0.000000	0.000000	0.000000	0.734774	0.000000	0.000000	0.000000	0.000000
1761685736.653218269	-0.000000	0.000013	-0.000170	-0.044292	-0.000000	0.000000	0.000000	-0.000083	0.000525	-0.000696	0.000000	-0.000000	0.027121	0.328616	-1.967971	0.092952	-0.000000	0.000204	0.000000	0.000000	0.000000	0.734774	0.000000	0.000000	0.000000	0.000000
1761685736.753052235	-0.000000	0.000038	-0.000274	-0.035816	-0.000000	0.000000	0.000000	-0.000200	0.000804	-0.005214	-0.000000	-0.000000	0.027121	0.328595	-1.967903	0.092615	0.000000	0.000204	0.000000	0.000000	0.000000	0.734774	0.000000	0.000000	0.000000	0.000000
1761685736.852961540	-0.000000	0.000059	-0.000356	-0.025041	0.000000	0.000000	0.000000	-0.000294	0.001020	-0.008936	-0.000000	-0.000000	0.027121	0.328561	-1.967813	0.091871	0.000000	0.000204	0.000000	0.000000	0.000000	0.734774	0.000000	0.000000	0.000000	0.000000
1761685736.953377485	-0.000000	0.000074	-0.000412	-0.013072	0.000000	0.000000	0.000000	-0.000359	0.001160	-0.011620	-0.000000	-0.000000	0.027121	0.328517	-1.967705	0.090813	0.000000	0.000204	0.000000	0.000000	0.000000	0.734774	0.000000	0.000000	0.000000	0.000000
1761685737.053073406	-0.000000	0.000083	-0.000438	-0.001028	-0.000000	0.000000	0.000000	-0.000392	0.001217	-0.013127	0.000000	-0.000000	0.027121	0.328469	-1.967589	0.089555	-0.000000	0.000204	0.000000	0.000000	0.000000	0.734774	0.000000	0.000000	0.000000	0.000000
1761685737.153038979	-0.000000	0.000084	-0.000435	0.010075	-0.000000	0.000000	0.000000	-0.000392	0.001194	-0.013430	-0.000000	-0.000000	0.027121	0.328419	-1.967473	0.088216	0.000000	0.000204	0.000000	0.000000	0.000000	0.734774	0.000000	0.000000	0.000000	0.000000
1761685737.253051758	-0.000000	0.000079	-0.000403	0.019400	0.000000	-0.000000	0.000000	-0.000363	0.001097	-0.012608	-0.000000	0.000000	0.027121	0.328371	-1.967362	0.086913	0.000000	0.000204	0.000000	0.000000	0.000000	0.734774	0.000000	0.000000	0.000000	0.000000
1761685737.352986813	-0.000000	0.000068	-0.000350	0.026342	-0.000000	-0.000000	0.000000	-0.000308	0.000940	-0.010823	-0.000000	0.000000	0.027121	0.328329	-1.967264	0.085750	0.000000	0.000204	0.000000	0.000000	0.000000	0.734774	0.000000	0.000000	0.000000	0.000000
1761685737.452982426	-0.000000	0.000053	-0.000279	0.030553	0.000000	-0.000000	0.000000	-0.000236	0.000740	-0.008305	-0.000000	0.000000	0.027121	0.328296	-1.967184	0.084810	0.000000	0.000204	0.000000	0.000000	0.000000	0.734774	0.000000	0.000000	0.000000	0.000000
1761685737.553015232	-0.000000	0.000035	-0.000200	0.031936	-0.000000	-0.000000	0.000000	-0.000153	0.000517	-0.005320	-0.000000	0.000000	0.027121	0.328272	-1.967125	0.084151	0.000000	0.000204	0.000000	0.000000	0.000000	0.734774	0.000000	0.000000	0.000000	0.000000
1761685737.652993917	-0.000000	0.000017	-0.000118	0.030628	-0.000000	-0.000000	0.000000	-0.000066	0.000290	-0.002149	-0.000000	0.000000	0.027121	0.328258	-1.967088	0.083803	0.000000	0.000204	0.000000	0.000000	0.000000	0.734774	0.000000	0.000000	0.000000	0.000000
1761685737.752951145	-0.000000	-0.000001	-0.000040	0.026961	0.000000	-0.000000	0.000000	0.000016	0.000076	0.000935	-0.000000	0.000000	0.027121	0.328255	-1.967071	0.083769	0.000000	0.000204	0.000000	0.000000	0.000000	0.734774	0.000000	0.000000	0.000000	0.000000
1761685737.852962732	-0.000000	-0.000016	0.000028	0.021381	0.000000	-0.000000	0.000000	0.000088	-0.000108	0.003693	-0.000000	0.000000	0.027121	0.328261	-1.967074	0.084026	0.000000	0.000204	0.000000	0.000000	0.000000	0.734774	0.000000	0.000000	0.000000	0.000000
1761685737.953013182	-0.000000	-0.000028	0.000082	0.014482	0.000000	-0.000000	0.000000	0.000145	-0.000251	0.005924	-0.000000	0.000000	0.027121	0.328275	-1.967093	0.084529	-0.000000	0.000204	0.000000	0.000000	0.000000	0.734774	0.000000	0.000000	0.000000	0.000000
1761685738.053030729	-0.000000	-0.000037	0.000119	0.006953	-0.000000	-0.000000	0.000000	0.000184	-0.000346	0.007487	0.000000	0.000000	0.027121	0.328295	-1.967122	0.085217	-0.000000	0.000204	0.000000	0.000000	0.000000	0.734774	0.000000	0.000000	0.000000	0.000000
1761685738.152947426	-0.000000	-0.000041	0.000138	-0.000525	0.000000	-0.000000	0.000000	0.000202	-0.000388	0.008308	-0.000000	0.000000	0.027121	0.328317	-1.967157	0.086019	-0.000000	0.000204	0.000000	0.000000	0.000000	0.734774	0.000000	0.000000	0.000000	0.000000
1761685738.252919912	-0.000000	-0.000041	0.000138	-0.007333	-0.000000	-0.000000	0.000000	0.000200	-0.000379	0.008380	0.000000	0.000000	0.027121	0.328341	-1.967194	0.086859	-0.000000	0.000204	0.000000	0.000000	0.000000	0.734774	0.000000	0.000000	0.000000	0.000000
1761685738.352903366	-0.000000	-0.000038	0.000121	-0.012970	-0.000000	0.000000	0.000000	0.000180	-0.000325	0.007760	0.000000	-0.000000	0.027121	0.328363	-1.967227	0.087666	0.000000	0.000204	0.000000	0.000000	0.000000	0.734774	0.000000	0.000000	0.000000	0.000000
1761685738.453007698	-0.000000	-0.000031	0.000090	-0.017074	0.000000	0.000000	0.000000	0.000144	-0.000234	0.006557	0.000000	-0.000000	0.027121	0.328381	-1.967253	0.088375	-0.000000	0.000204	0.000000	0.000000	0.000000	0.734774	0.000000	0.000000	0.000000	0.000000
1761685738.552901745	-0.000000	-0.000022	0.000050	-0.019447	-0.000000	0.000000	0.000000	0.000099	-0.000118	0.004918	0.000000	-0.000000	0.027121	0.328394	-1.967269	0.088938	0.000000	0.000204	0.000000	0.000000	0.000000	0.734774	0.000000	0.000000	0.000000	0.000000
1761685738.653491497	-0.000000	-0.000011	0.000004	-0.019611	0.000000	0.000000	0.000000	0.000047	0.000011	0.003013	0.000000	-0.000000	0.027121	0.328401	-1.967273	0.089321	-0.000000	0.000204	0.000000	0.000000	0.000000	0.734774	0.000000	0.000000	0.000000	0.000000
1761685738.752888203	-0.000000	-0.000001	-0.000042	-0.019017	-0.000000	0.000000	0.000000	-0.000006	0.000140	0.001054	0.000000	-0.000000	0.027121	0.328402	-1.967264	0.089508	-0.000000	0.000204	0.000000	0.000000	0.000000	0.734774	0.000000	0.000000	0.000000	0.000000
1761685738.853151083	-0.000000	0.000010	-0.000086	-0.016539	-0.000000	0.000000	0.000000	-0.000056	0.000260	-0.000857	0.000000	-0.000000	0.027121	0.328397	-1.967243	0.089501	0.000000	0.000204	0.000000	0.000000	0.000000	0.734774	0.000000	0.000000	0.000000	0.000000
1761685738.953004360	-0.000000	0.000019	-0.000124	-0.012886	0.000000	0.000000	0.000000	-0.000099	0.000363	-0.002552	-0.000000	-0.000000	0.027121	0.328386	-1.967212	0.089315	0.000000	0.000204	0.000000	0.000000	0.000000	0.734774	0.000000	0.000000	0.000000	0.000000
1761685739.052985907	-0.000000	0.000027	-0.000153	-0.689443	0.000000	0.000000	0.000000	-0.000133	0.000438	-0.003902	0.000000	-0.000000	0.027121	0.328370	-1.967173	0.088979	0.000000	0.000204	0.000000	0.000000	0.000000	0.000000	0.000000	0.000000	0.000000	0.000000
1761685739.152900457	0.000000	0.000304	-0.001264	-0.602017	-0.000000	0.000000	-0.000000	-0.001635	0.004171	-0.061570	0.000000	-0.000000	0.027121	0.328262	-1.966950	0.085694	0.000000	0.000204	0.000000	0.000000	0.000000	0.000000	0.000000	0.000000	0.000000	0.000000
1761685739.252994776	0.000000	0.000746	-0.002836	-0.425814	-0.000000	0.000000	-0.000000	-0.003218	0.008070	-0.123229	0.000000	-0.000000	0.027121	0.327953	-1.966324	0.075880	0.000000	0.000204	0.000000	0.000000	0.000000	0.000000	0.000000	0.000000	0.000000	0.000000
1761685739.352969408	0.000000	0.001126	-0.004039	-0.220788	-0.000000	0.000000	-0.000000	-0.004335	0.010771	-0.168747	-0.000000	-0.000000	0.027121	0.327497	-1.965379	0.060779	0.000000	0.000204	0.000000	0.000000	0.000000	0.000000	0.000000	0.000000	0.000000	0.000000
1761685739.452946424	-0.000000	0.001351	-0.004682	-0.019767	-0.000000	0.000000	0.000000	-0.004882	0.012048	-0.194243	-0.000000	-0.000000	0.027122	0.326968	-1.964243	0.042275	0.000000	0.000204	0.000000	0.000000	0.000000	0.000000	0.000000	0.000000	0.000000	0.000000
1761685739.552976847	-0.000000	0.001386	-0.004730	0.153325	0.000000	0.000000	0.000000	-0.004868	0.011943	-0.199570	-0.000000	-0.000000	0.027122	0.326437	-1.963052	0.022400	0.000000	0.000204	0.000000	0.000000	0.000000	0.000000	0.000000	0.000000	0.000000	0.000000
1761685739.652918100	-0.000000	0.001248	-0.004262	0.285540	0.000000	-0.000000	0.000000	-0.004375	0.010672	-0.187122	-0.000000	0.000000	0.027122	0.325961	-1.961930	0.003049	0.000000	0.000204	0.000000	0.000000	0.000000	0.000000	0.000000	0.000000	0.000000	0.000000
1761685739.753180027	-0.000000	0.000989	-0.003422	0.373574	0.000000	-0.000000	0.000000	-0.003526	0.008538	-0.160772	-0.000000	0.000000	0.027122	0.325576	-1.960979	-0.014218	0.000000	0.000204	0.000000	0.000000	0.000000	0.000000	0.000000	0.000000	0.000000	0.000000
1761685739.852882385	-0.000000	0.000673	-0.002373	0.420197	0.000000	-0.000000	0.000000	-0.002454	0.005861	-0.124882	-0.000000	0.000000	0.027122	0.325299	-1.960273	-0.028263	0.000000	0.000204	0.000000	0.000000	0.000000	0.000000	0.000000	0.000000	0.000000	0.000000
1761685739.952877522	-0.000000	0.000352	-0.001255	0.430808	0.000000	-0.000000	0.000000	-0.001279	0.002935	-0.083639	-0.000000	0.000000	0.027122	0.325136	-1.959850	-0.038377	0.000000	0.000204	0.000000	0.000000	0.000000	0.000000	0.000000	0.000000	0.000000	0.000000
1761685740.053532124	-0.000000	0.000065	-0.000176	0.411270	0.000000	-0.000000	0.000000	-0.000104	0.000008	-0.040735	-0.000000	0.000000	0.027122	0.325081	-1.959725	-0.044246	0.000000	0.000204	0.000000	0.000000	0.000000	0.000000	0.000000	0.000000	0.000000	0.000000
1761685740.152970314	-0.000000	-0.000172	0.000833	0.366998	0.000000	-0.000000	0.000000	0.000993	-0.002719	0.000717	-0.000000	0.000000	0.027122	0.325128	-1.959888	-0.045888	0.000000	0.000204	0.000000	0.000000	0.000000	0.000000	0.000000	0.000000	0.000000	0.000000
1761685740.252915382	-0.000000	-0.000361	0.001779	0.298886	-0.000000	-0.000000	0.000000	0.001950	-0.005088	0.038155	-0.000000	0.000000	0.027122	0.325266	-1.960307	-0.043601	0.000000	0.000204	0.000000	0.000000	0.000000	0.000000	0.000000	0.000000	0.000000	0.000000
1761685740.352927923	-0.000000	-0.000499	0.002578	0.207924	-0.000000	-0.000000	0.000000	0.002713	-0.006947	0.069179	-0.000000	0.000000	0.027122	0.325481	-1.960937	-0.037929	0.000000	0.000204	0.000000	0.000000	0.000000	0.000000	0.000000	0.000000	0.000000	0.000000
1761685740.453852415	-0.000000	-0.000587	0.003144	0.105996	0.000000	-0.000000	0.000000	0.003229	-0.008159	0.091487	-0.000000	0.000000	0.027122	0.325758	-1.961717	-0.029646	0.000000	0.000204	0.000000	0.000000	0.000000	0.000000	0.000000	0.000000	0.000000	0.000000
1761685740.552889824	-0.000000	-0.000630	0.003417	0.005372	0.000000	-0.000000	0.000000	0.003474	-0.008661	0.103786	-0.000000	0.000000	0.027122	0.326076	-1.962575	-0.019709	0.000000	0.000204	0.000000	0.000000	0.000000	0.000000	0.000000	0.000000	0.000000	0.000000
1761685740.653357506	-0.000000	-0.000632	0.003388	-0.083934	0.000000	-0.000000	0.000000	0.003453	-0.008475	0.106000	-0.000000	0.000000	0.027122	0.326412	-1.963440	-0.009132	-0.000000	0.000204	0.000000	0.000000	0.000000	0.000000	0.000000	0.000000	0.000000	0.000000
1761685740.753092766	-0.000000	-0.000598	0.003093	-0.155260	0.000000	0.000000	0.000000	0.003198	-0.007693	0.099095	-0.000000	-0.000000	0.027122	0.326741	-1.964247	0.001127	-0.000000	0.000204	0.000000	0.000000	0.000000	0.000000	0.000000	0.000000	0.000000	0.000000
1761685740.852854967	-0.000000	-0.000532	0.002597	-0.205298	0.000000	0.000000	0.000000	0.002755	-0.006452	0.084758	-0.000000	-0.000000	0.027122	0.327040	-1.964945	0.010250	-0.000000	0.000204	0.000000	0.000000	0.000000	0.000000	0.000000	0.000000	0.000000	0.000000
1761685740.952777863	-0.000000	-0.000440	0.001979	-0.233418	0.000000	0.000000	0.000000	0.002281	-0.005173	0.068484	-0.000000	-0.000000	0.027121	0.327253	-1.965418	0.016527	-0.000000	0.000204	0.000000	0.000000	0.000000	0.000000	0.000000	0.000000	0.000000	0.000000
1761685741.052720547	-0.000000	-0.000328	0.001312	-0.240797	0.000000	0.000000	0.000000	0.001647	-0.003501	0.046079	-0.000000	-0.000000	0.027121	0.327453	-1.965835	0.022100	-0.000000	0.000204	0.000000	0.000000	0.000000	0.000000	0.000000	0.000000	0.000000	0.000000
1761685741.152759552	-0.000000	-0.000202	0.000661	-0.229423	0.000000	0.000000	0.000000	0.000987	-0.001803	0.022122	0.000000	-0.000000	0.027121	0.327585	-1.966083	0.025316	-0.000000	0.000204	0.000000	0.000000	0.000000	0.000000	0.000000	0.000000	0.000000	0.000000
1761685741.252775431	-0.000000	-0.000075	0.000080	-0.202988	-0.000000	0.000000	0.000000	0.000361	-0.000223	-0.001009	0.000000	-0.000000	0.027121	0.327649	-1.966169	0.026171	-0.000000	0.000204	0.000000	0.000000	0.000000	0.000000	0.000000	0.000000	0.000000	0.000000
1761685741.352902651	-0.000000	0.000042	-0.000414	-0.170657	-0.000000	0.000000	0.000000	-0.000189	0.001143	-0.021749	0.000000	-0.000000	0.027121	0.327651	-1.966110	0.024841	-0.000000	0.000204	0.000000	0.000000	0.000000	0.000000	0.000000	0.000000	0.000000	0.000000
1761685741.453367472	-0.000000	0.000146	-0.000824	-0.111115	-0.000000	0.000000	0.000000	-0.000645	0.002255	-0.039353	0.000000	-0.000000	0.027121	0.327601	-1.965930	0.021617	0.000000	0.000204	0.000000	0.000000	0.000000	0.000000	0.000000	0.000000	0.000000	0.000000
1761685741.553020239	-0.000000	0.000218	-0.001091	-0.065215	-0.000000	0.000000	0.000000	-0.000946	0.002967	-0.051457	-0.000000	-0.000000	0.027121	0.327512	-1.965661	0.016934	0.000000	0.000204	0.000000	0.000000	0.000000	0.000000	0.000000	0.000000	0.000000	0.000000
1761685741.652815580	-0.000000	0.000259	-0.001231	-0.009533	-0.000000	0.000000	0.000000	-0.001113	0.003339	-0.058744	-0.000000	-0.000000	0.027121	0.327403	-1.965342	0.011332	0.000000	0.000204	0.000000	0.000000	0.000000	0.000000	0.000000	0.000000	0.000000	0.000000
1761685741.752989054	-0.000000	0.000265	-0.001232	0.049966	0.000000	0.000000	0.000000	-0.001133	0.003343	-0.060625	-0.000000	-0.000000	0.027121	0.327286	-1.965007	0.005309	0.000000	0.000204	0.000000	0.000000	0.000000	0.000000	0.000000	0.000000	0.000000	0.000000
1761685741.852844238	-0.000000	0.000238	-0.001115	0.083307	0.000000	-0.000000	0.000000	-0.000998	0.002962	-0.056620	-0.000000	0.000000	0.027122	0.327179	-1.964692	-0.000561	0.000000	0.000204	0.000000	0.000000	0.000000	0.000000	0.000000	0.000000	0.000000	0.000000
1761685741.952752829	-0.000000	0.000185	-0.000897	0.113634	0.000000	-0.000000	0.000000	-0.000766	0.002346	-0.048845	-0.000000	0.000000	0.027122	0.327093	-1.964430	-0.005793	0.000000	0.000204	0.000000	0.000000	0.000000	0.000000	0.000000	0.000000	0.000000	0.000000
1761685742.052856207	-0.000000	0.000116	-0.000613	0.132209	0.000000	-0.000000	0.000000	-0.000513	0.001687	-0.039881	-0.000000	0.000000	0.027122	0.327043	-1.964266	-0.009432	0.000000	0.000204	0.000000	0.000000	0.000000	0.000000	0.000000	0.000000	0.000000	0.000000
1761685742.152783394	-0.000000	0.000038	-0.000288	0.138611	0.000000	-0.000000	0.000000	-0.000167	0.000800	-0.027279	-0.000000	0.000000	0.027122	0.327012	-1.964148	-0.012706	0.000000	0.000204	0.000000	0.000000	0.000000	0.000000	0.000000	0.000000	0.000000	0.000000
1761685742.252732038	-0.000000	-0.000042	0.000045	0.133472	0.000000	-0.000000	0.000000	0.000199	-0.000127	-0.013525	-0.000000	0.000000	0.027122	0.327017	-1.964122	-0.014636	-0.000000	0.000204	0.000000	0.000000	0.000000	0.000000	0.000000	0.000000	0.000000	0.000000
1761685742.352839470	-0.000000	-0.000114	0.000362	0.118846	0.000000	-0.000000	0.000000	0.000547	-0.001001	-0.000092	0.000000	0.000000	0.027122	0.327057	-1.964187	-0.015199	-0.000000	0.000204	0.000000	0.000000	0.000000	0.000000	0.000000	0.000000	0.000000	0.000000
1761685742.452862978	-0.000000	-0.000176	0.000643	0.096182	0.000000	-0.000000	0.000000	0.000852	-0.001759	0.012036	0.000000	0.000000	0.027122	0.327127	-1.964333	-0.014493	-0.000000	0.000204	0.000000	0.000000	0.000000	0.000000	0.000000	0.000000	0.000000	0.000000
1761685742.552711248	-0.000000	-0.000223	0.000866	0.070414	-0.000000	-0.000000	0.000000	0.001095	-0.002349	0.022032	0.000000	0.000000	0.027122	0.327224	-1.964546	-0.012690	-0.000000	0.000204	0.000000	0.000000	0.000000	0.000000	0.000000	0.000000	0.000000	0.000000
1761685742.653264999	-0.000000	-0.000256	0.001021	0.039500	-0.000000	-0.000000	0.000000	0.001266	-0.002753	0.029503	0.000000	0.000000	0.027121	0.327341	-1.964807	-0.010033	0.000000	0.000204	0.000000	0.000000	0.000000	0.000000	0.000000	0.000000	0.000000	0.000000
1761685742.752926350	-0.000000	-0.000273	0.001095	0.008077	-0.000000	-0.000000	0.000000	0.001355	-0.002946	0.033968	-0.000000	0.000000	0.027121	0.327471	-1.965096	-0.006801	0.000000	0.000204	0.000000	0.000000	0.000000	0.000000	0.000000	0.000000	0.000000	0.000000
1761685742.852948666	-0.000000	-0.000273	0.001088	-0.025685	-0.000000	-0.000000	0.000000	0.001361	-0.002925	0.035300	-0.000000	0.000000	0.027121	0.327606	-1.965392	-0.003305	0.000000	0.000204	0.000000	0.000000	0.000000	0.000000	0.000000	0.000000	0.000000	0.000000
1761685742.953156233	-0.000000	-0.000261	0.001014	-0.045787	0.000000	0.000000	0.000000	0.001279	-0.002687	0.033294	-0.000000	-0.000000	0.027121	0.327738	-1.965672	0.000132	0.000000	0.000204	0.000000	0.000000	0.000000	0.000000	0.000000	0.000000	0.000000	0.000000
1761685743.052717686	-0.000000	-0.000231	0.000853	-0.064604	0.000000	0.000000	0.000000	0.001141	-0.002310	0.029050	-0.000000	-0.000000	0.027121	0.327858	-1.965919	0.003228	0.000000	0.000204	0.000000	0.000000	0.000000	0.000000	0.000000	0.000000	0.000000	0.000000
1761685743.152841330	-0.000000	-0.000195	0.000669	-0.076676	0.000000	0.000000	0.000000	0.000956	-0.001824	0.022903	-0.000000	-0.000000	0.027121	0.327963	-1.966122	0.005787	0.000000	0.000204	0.000000	0.000000	0.000000	0.000000	0.000000	0.000000	0.000000	0.000000
1761685743.252919436	-0.000000	-0.000153	0.000462	-0.081679	0.000000	0.000000	0.000000	0.000741	-0.001269	0.015437	-0.000000	-0.000000	0.027121	0.328047	-1.966272	0.007650	0.000000	0.000204	0.000000	0.000000	0.000000	0.000000	0.000000	0.000000	0.000000	0.000000
1761685743.352859974	-0.000000	-0.000114	0.000286	-0.079461	0.000000	0.000000	0.000000	0.000514	-0.000695	0.007352	-0.000000	-0.000000	0.027121	0.328109	-1.966365	0.008726	-0.000000	0.000204	0.000000	0.000000	0.000000	0.000000	0.000000	0.000000	0.000000	0.000000
1761685743.453264713	-0.000000	-0.000069	0.000084	-0.071297	0.000000	0.000000	0.000000	0.000294	-0.000144	-0.000631	-0.000000	-0.000000	0.027121	0.328148	-1.966402	0.008994	-0.000000	0.000204	0.000000	0.000000	0.000000	0.000000	0.000000	0.000000	0.000000	0.000000
1761685743.553136826	-0.000000	-0.000027	-0.000094	-0.058018	0.000000	0.000000	0.000000	0.000097	0.000340	-0.007896	-0.000000	-0.000000	0.027121	0.328165	-1.966388	0.008501	-0.000000	0.000204	0.000000	0.000000	0.000000	0.000000	0.000000	0.000000	0.000000	0.000000
1761685743.652955532	-0.000000	0.000009	-0.000239	-0.040898	0.000000	0.000000	0.000000	-0.000064	0.000725	-0.013919	-0.000000	-0.000000	0.027121	0.328165	-1.966330	0.007351	-0.000000	0.000204	0.000000	0.000000	0.000000	0.000000	0.000000	0.000000	0.000000	0.000000
1761685743.753024817	-0.000000	0.000035	-0.000343	-0.021753	0.000000	0.000000	0.000000	-0.000177	0.000988	-0.018295	-0.000000	-0.000000	0.027121	0.328151	-1.966242	0.005692	-0.000000	0.000204	0.000000	0.000000	0.000000	0.000000	0.000000	0.000000	0.000000	0.000000
1761685743.852988243	-0.000000	0.000051	-0.000398	-0.002428	0.000000	0.000000	0.000000	-0.000239	0.001119	-0.020789	-0.000000	-0.000000	0.027121	0.328129	-1.966134	0.003704	-0.000000	0.000204	0.000000	0.000000	0.000000	0.000000	0.000000	0.000000	0.000000	0.000000
1761685743.952937841	-0.000000	0.000055	-0.000406	-0.597158	0.000000	0.000000	0.000000	-0.000248	0.001117	-0.021354	0.000000	-0.000000	0.027121	0.328104	-1.966022	0.001579	-0.000000	0.000204	0.000000	0.000000	0.000000	-0.660954	0.000000	0.000000	0.000000	0.000000
1761685744.053019047	0.000000	0.000299	-0.001358	-0.505633	-0.000000	0.000000	-0.000000	-0.001540	0.004314	-0.071158	0.000000	-0.000000	0.027121	0.328014	-1.965750	-0.003049	-0.000000	0.000204	0.000000	0.000000	0.000000	-0.660954	0.000000	0.000000	0.000000	0.000000
1761685744.152975798	0.000000	0.000674	-0.002681	-0.339702	-0.000000	0.000000	-0.000000	-0.002869	0.007583	-0.123246	0.000000	-0.000000	0.027121	0.327786	-1.965122	-0.013267	-0.000000	0.000204	0.000000	0.000000	0.000000	-0.660954	0.000000	0.000000	0.000000	0.000000
1761685744.252923250	0.000000	0.000974	-0.003640	-0.154990	-0.000000	0.000000	-0.000000	-0.003756	0.009730	-0.159982	0.000000	-0.000000	0.027121	0.327463	-1.964223	-0.027850	-0.000000	0.000204	0.000000	0.000000	0.000000	-0.660954	0.000000	0.000000	0.000000	0.000000
1761685744.352892637	0.000000	0.001130	-0.004091	0.020971	0.000000	0.000000	-0.000000	-0.004130	0.010598	-0.178559	-0.000000	-0.000000	0.027122	0.327099	-1.963176	-0.045060	-0.000000	0.000204	0.000000	0.000000	0.000000	-0.660954	0.000000	0.000000	0.000000	0.000000
1761685744.452967882	-0.000000	0.001124	-0.004029	0.169331	0.000000	0.000000	0.000000	-0.004015	0.010263	-0.179395	-0.000000	0.000000	0.027122	0.326747	-1.962107	-0.063087	-0.000000	0.000204	0.000000	0.000000	0.000000	-0.660954	0.000000	0.000000	0.000000	0.000000
1761685744.552847147	-0.000000	0.000978	-0.003537	0.280455	-0.000000	-0.000000	0.000000	-0.003493	0.008934	-0.164935	-0.000000	0.000000	0.027122	0.326442	-1.961128	-0.080286	0.000000	0.000204	0.000000	0.000000	0.000000	-0.660954	0.000000	0.000000	0.000000	0.000000
1761685744.653078079	-0.000000	0.000740	-0.002745	0.352339	0.000000	-0.000000	0.000000	-0.002677	0.006884	-0.138741	-0.000000	0.000000	0.027122	0.326207	-1.960326	-0.095328	0.000000	0.000204	0.000000	0.000000	0.000000	-0.660954	0.000000	0.000000	0.000000	0.000000
1761685744.752941847	-0.000000	0.000462	-0.001790	0.387655	0.000000	-0.000000	0.000000	-0.001681	0.004397	-0.104705	-0.000000	0.000000	0.027122	0.326053	-1.959762	-0.107267	0.000000	0.000204	0.000000	0.000000	0.000000	-0.660954	0.000000	0.000000	0.000000	0.000000
1761685744.853163719	-0.000000	0.000186	-0.000791	0.391101	0.000000	-0.000000	0.000000	-0.000612	0.001730	-0.066528	-0.000000	0.000000	0.027122	0.325979	-1.959466	-0.115535	0.000000	0.000204	0.000000	0.000000	0.000000	-0.660954	0.000000	0.000000	0.000000	0.000000
1761685744.953145504	-0.000000	-0.000058	0.000165	0.367776	-0.000000	-0.000000	0.000000	0.000442	-0.000898	-0.027476	-0.000000	0.000000	0.027122	0.325981	-1.959448	-0.119912	0.000000	0.000204	0.000000	0.000000	0.000000	-0.660954	0.000000	0.000000	0.000000	0.000000
1761685745.052997589	-0.000000	-0.000262	0.001078	0.322467	-0.000000	-0.000000	0.000000	0.001411	-0.003312	0.009691	-0.000000	0.000000	0.027122	0.326054	-1.959690	-0.120475	0.000000	0.000204	0.000000	0.000000	0.000000	-0.660954	0.000000	0.000000	0.000000	0.000000
1761685745.152838707	-0.000000	-0.000424	0.001913	0.254431	-0.000000	-0.000000	0.000000	0.002241	-0.005367	0.042692	-0.000000	0.000000	0.027122	0.326189	-1.960163	-0.117550	0.000000	0.000204	0.000000	0.000000	0.000000	-0.660954	0.000000	0.000000	0.000000	0.000000
1761685745.252809048	-0.000000	-0.000540	0.002591	0.168307	-0.000000	-0.000000	0.000000	0.002780	-0.006678	0.065029	-0.000000	0.000000	0.027122	0.326343	-1.960700	-0.112837	0.000000	0.000204	0.000000	0.000000	0.000000	-0.660954	0.000000	0.000000	0.000000	0.000000
1761685745.353036404	-0.000000	-0.000611	0.003040	0.075018	-0.000000	-0.000000	0.000000	0.003226	-0.007730	0.084730	-0.000000	0.000000	0.027122	0.326568	-1.961465	-0.105090	0.000000	0.000204	0.000000	0.000000	0.000000	-0.660954	0.000000	0.000000	0.000000	0.000000
1761685745.453171492	-0.000000	-0.000637	0.003205	-0.000364	0.000000	-0.000000	0.000000	0.003427	-0.008139	0.095342	-0.000000	0.000000	0.027122	0.326823	-1.962299	-0.095894	0.000000	0.000204	0.000000	0.000000	0.000000	-0.660954	0.000000	0.000000	0.000000	0.000000
1761685745.553196192	-0.000000	-0.000633	0.003145	-0.079679	0.000000	-0.000000	0.000000	0.003380	-0.007909	0.096562	-0.000000	0.000000	0.027122	0.327090	-1.963131	-0.086236	0.000000	0.000204	0.000000	0.000000	0.000000	-0.660954	0.000000	0.000000	0.000000	0.000000
1761685745.653115749	-0.000000	-0.000598	0.002866	-0.143768	-0.000000	0.000000	0.000000	0.003132	-0.007169	0.089916	-0.000000	-0.000000	0.027121	0.327353	-1.963906	-0.076913	0.000000	0.000204	0.000000	0.000000	0.000000	-0.660954	0.000000	0.000000	0.000000	0.000000
1761685745.753305674	0.000000	-0.000534	0.002410	-0.188764	0.000000	0.000000	-0.000000	0.002716	-0.006019	0.076607	-0.000000	-0.000000	0.027121	0.327595	-1.964578	-0.068653	-0.000000	0.000204	0.000000	0.000000	0.000000	-0.660954	0.000000	0.000000	0.000000	0.000000
1761685745.853008032	0.000000	-0.000446	0.001844	-0.213915	0.000000	0.000000	-0.000000	0.002184	-0.004597	0.058481	-0.000000	-0.000000	0.027121	0.327801	-1.965113	-0.062018	-0.000000	0.000204	0.000000	0.000000	0.000000	-0.660954	0.000000	0.000000	0.000000	0.000000
1761685745.953003168	0.000000	-0.000340	0.001236	-0.220154	0.000000	0.000000	-0.000000	0.001588	-0.003043	0.037508	-0.000000	-0.000000	0.027121	0.327963	-1.965493	-0.057376	-0.000000	0.000204	0.000000	0.000000	0.000000	-0.660954	0.000000	0.000000	0.000000	0.000000
1761685746.052994013	0.000000	-0.000223	0.000640	-0.209442	0.000000	0.000000	-0.000000	0.000980	-0.001486	0.015597	-0.000000	-0.000000	0.027121	0.328074	-1.965713	-0.054899	-0.000000	0.000204	0.000000	0.000000	0.000000	-0.660954	0.000000	0.000000	0.000000	0.000000
1761685746.153151751	0.000000	-0.000104	0.000100	-0.184342	0.000000	0.000000	-0.000000	0.000405	-0.000040	-0.005526	-0.000000	-0.000000	0.027121	0.328135	-1.965780	-0.054579	-0.000000	0.000204	0.000000	0.000000	0.000000	-0.660954	0.000000	0.000000	0.000000	0.000000
1761685746.252886295	0.000000	0.000006	-0.000363	-0.146105	0.000000	0.000000	-0.000000	-0.000099	0.001205	-0.024378	-0.000000	-0.000000	0.027121	0.328149	-1.965711	-0.056249	-0.000000	0.000204	0.000000	0.000000	0.000000	-0.660954	0.000000	0.000000	0.000000	0.000000
1761685746.353048325	0.000000	0.000100	-0.000736	-0.098041	0.000000	0.000000	-0.000000	-0.000497	0.002169	-0.039626	0.000000	-0.000000	0.027121	0.328126	-1.965530	-0.059603	-0.000000	0.000204	0.000000	0.000000	0.000000	-0.660954	0.000000	0.000000	0.000000	0.000000
1761685746.452878475	-0.000000	0.000168	-0.000990	-0.045681	0.000000	0.000000	0.000000	-0.000722	0.002699	-0.048597	0.000000	-0.000000	0.027121	0.328085	-1.965318	-0.063380	-0.000000	0.000204	0.000000	0.000000	0.000000	-0.660954	0.000000	0.000000	0.000000	0.000000
1761685746.552784443	-0.000000	0.000204	-0.001111	0.005568	-0.000000	0.000000	0.000000	-0.000869	0.003022	-0.054911	0.000000	-0.000000	0.027121	0.328023	-1.965020	-0.068666	-0.000000	0.000204	0.000000	0.000000	0.000000	-0.660954	0.000000	0.000000	0.000000	0.000000
1761685746.653093338	-0.000000	0.000206	-0.001100	0.051165	-0.000000	0.000000	0.000000	-0.000870	0.002969	-0.055969	0.000000	0.000000	0.027121	0.327945	-1.964660	-0.075214	-0.000000	0.000204	0.000000	0.000000	0.000000	-0.660954	0.000000	0.000000	0.000000	0.000000
1761685746.753245592	-0.000000	0.000177	-0.000972	0.087826	0.000000	-0.000000	0.000000	-0.000731	0.002579	-0.051613	0.000000	0.000000	0.027121	0.327895	-1.964422	-0.079728	-0.000000	0.000204	0.000000	0.000000	0.000000	-0.660954	0.000000	0.000000	0.000000	0.000000
1761685746.853462934	-0.000000	0.000124	-0.000752	0.113609	-0.000000	-0.000000	0.000000	-0.000496	0.001951	-0.043441	0.000000	0.000000	0.027121	0.327845	-1.964152	-0.085299	-0.000000	0.000204	0.000000	0.000000	0.000000	-0.660954	0.000000	0.000000	0.000000	0.000000
1761685746.953055859	-0.000000	0.000057	-0.000471	0.127788	-0.000000	-0.000000	0.000000	-0.000194	0.001165	-0.032510	0.000000	0.000000	0.027121	0.327828	-1.964019	-0.088481	-0.000000	0.000204	0.000000	0.000000	0.000000	-0.660954	0.000000	0.000000	0.000000	0.000000
1761685747.053207397	-0.000000	-0.000017	-0.000161	0.130629	-0.000000	-0.000000	0.000000	0.000143	0.000299	-0.022097	0.000000	0.000000	0.027121	0.327829	-1.963938	-0.091219	-0.000000	0.000204	0.000000	0.000000	0.000000	-0.660954	0.000000	0.000000	0.000000	0.000000
1761685747.152823687	-0.000000	-0.000089	0.000152	0.123141	-0.000000	-0.000000	0.000000	0.000426	-0.000423	-0.009129	0.000000	0.000000	0.027121	0.327857	-1.963947	-0.092676	0.000000	0.000204	0.000000	0.000000	0.000000	-0.660954	0.000000	0.000000	0.000000	0.000000
1761685747.252792835	-0.000000	-0.000156	0.000448	0.106826	-0.000000	-0.000000	0.000000	0.000748	-0.001234	0.003435	0.000000	0.000000	0.027121	0.327910	-1.964042	-0.092848	0.000000	0.000204	0.000000	0.000000	0.000000	-0.660954	0.000000	0.000000	0.000000	0.000000
1761685747.352885962	-0.000000	-0.000212	0.000708	0.082918	-0.000000	-0.000000	0.000000	0.001026	-0.001929	0.014661	0.000000	0.000000	0.027121	0.327986	-1.964216	-0.091831	-0.000000	0.000204	0.000000	0.000000	0.000000	-0.660954	0.000000	0.000000	0.000000	0.000000
1761685747.452804565	-0.000000	-0.000254	0.000908	0.053869	-0.000000	-0.000000	0.000000	0.001242	-0.002459	0.023750	0.000000	0.000000	0.027121	0.328081	-1.964451	-0.089808	0.000000	0.000204	0.000000	0.000000	0.000000	-0.660954	0.000000	0.000000	0.000000	0.000000
1761685747.552942753	-0.000000	-0.000274	0.001005	0.028989	-0.000000	-0.000000	0.000000	0.001368	-0.002755	0.029621	-0.000000	0.000000	0.027121	0.328189	-1.964726	-0.087071	0.000000	0.000204	0.000000	0.000000	0.000000	-0.660954	0.000000	0.000000	0.000000	0.000000
1761685747.652890205	-0.000000	-0.000287	0.001062	-0.000898	-0.000000	-0.000000	0.000000	0.001425	-0.002873	0.032934	-0.000000	0.000000	0.027121	0.328305	-1.965021	-0.083898	0.000000	0.000204	0.000000	0.000000	0.000000	-0.660954	0.000000	0.000000	0.000000	0.000000
1761685747.753076315	-0.000000	-0.000285	0.001045	-0.028205	-0.000000	-0.000000	0.000000	0.001406	-0.002796	0.033343	-0.000000	0.000000	0.027121	0.328423	-1.965316	-0.080560	0.000000	0.000204	0.000000	0.000000	0.000000	-0.660954	0.000000	0.000000	0.000000	0.000000
1761685747.853128672	-0.000000	-0.000270	0.000958	-0.050650	-0.000000	0.000000	0.000000	0.001314	-0.002539	0.030977	-0.000000	-0.000000	0.027121	0.328538	-1.965592	-0.077345	0.000000	0.000204	0.000000	0.000000	0.000000	-0.660954	0.000000	0.000000	0.000000	0.000000
1761685747.952954054	-0.000000	-0.000243	0.000815	-0.066882	0.000000	0.000000	0.000000	0.001163	-0.002139	0.026286	-0.000000	-0.000000	0.027121	0.328643	-1.965832	-0.074505	0.000000	0.000204	0.000000	0.000000	0.000000	-0.660954	0.000000	0.000000	0.000000	0.000000
1761685748.053122044	-0.000000	-0.000206	0.000632	-0.076242	0.000000	0.000000	0.000000	0.000970	-0.001639	0.019869	-0.000000	-0.000000	0.027121	0.328734	-1.966024	-0.072240	0.000000	0.000204	0.000000	0.000000	0.000000	-0.660954	0.000000	0.000000	0.000000	0.000000
1761685748.152925014	-0.000000	-0.000163	0.000430	-0.078689	0.000000	0.000000	0.000000	0.000754	-0.001088	0.012401	-0.000000	-0.000000	0.027121	0.328809	-1.966162	-0.070682	-0.000000	0.000204	0.000000	0.000000	0.000000	-0.660954	0.000000	0.000000	0.000000	0.000000
1761685748.253154993	-0.000000	-0.000118	0.000226	-0.074701	0.000000	0.000000	0.000000	0.000532	-0.000533	0.004572	-0.000000	-0.000000	0.027121	0.328866	-1.966243	-0.069897	-0.000000	0.000204	0.000000	0.000000	0.000000	-0.660954	0.000000	0.000000	0.000000	0.000000
1761685748.352940083	-0.000000	-0.000074	0.000036	-0.065153	0.000000	0.000000	0.000000	0.000323	-0.000017	-0.002964	-0.000000	-0.000000	0.027121	0.328905	-1.966268	-0.069882	-0.000000	0.000204	0.000000	0.000000	0.000000	-0.660954	0.000000	0.000000	0.000000	0.000000
1761685748.452864408	-0.000000	-0.000035	-0.000127	-0.050988	0.000000	0.000000	0.000000	0.000141	0.000423	-0.009639	-0.000000	-0.000000	0.027121	0.328928	-1.966245	-0.070574	-0.000000	0.000204	0.000000	0.000000	0.000000	-0.660954	0.000000	0.000000	0.000000	0.000000
1761685748.553333282	-0.000000	-0.000003	-0.000255	-0.033680	0.000000	0.000000	0.000000	-0.000002	0.000761	-0.014973	-0.000000	-0.000000	0.027121	0.328938	-1.966183	-0.071859	-0.000000	0.000204	0.000000	0.000000	0.000000	-0.660954	0.000000	0.000000	0.000000	0.000000
1761685748.652849197	-0.000000	0.000020	-0.000341	-0.015003	0.000000	0.000000	0.000000	-0.000098	0.000976	-0.018630	0.000000	-0.000000	0.027121	0.328939	-1.966093	-0.073582	-0.000000	0.000204	0.000000	0.000000	0.000000	-0.660954	0.000000	0.000000	0.000000	0.000000
1761685748.753000736	-0.000000	0.000031	-0.000380	0.003307	0.000000	0.000000	0.000000	-0.000143	0.001061	-0.020441	0.000000	-0.000000	0.027121	0.328934	-1.965989	-0.075563	-0.000000	0.000204	0.000000	0.000000	0.000000	-0.660954	0.000000	0.000000	0.000000	0.000000
1761685748.853099585	-0.000000	0.000032	-0.000374	0.019729	0.000000	0.000000	0.000000	-0.000139	0.001023	-0.020416	0.000000	0.000000	0.027121	0.328927	-1.965884	-0.077619	-0.000000	0.000204	0.000000	0.000000	0.000000	-0.660954	0.000000	0.000000	0.000000	0.000000
1761685748.952967882	-0.000000	0.000023	-0.000326	0.033073	0.000000	-0.000000	0.000000	-0.000091	0.000876	-0.018717	0.000000	0.000000	0.027121	0.328923	-1.965789	-0.079573	-0.000000	0.000204	0.000000	0.000000	0.000000	-0.660954	0.000000	0.000000	0.000000	0.000000
1761685749.052957535	-0.000000	0.000006	-0.000247	0.042541	-0.000000	-0.000000	0.000000	-0.000007	0.000643	-0.015632	0.000000	0.000000	0.027121	0.328925	-1.965714	-0.081274	-0.000000	0.000204	0.000000	0.000000	0.000000	-0.660954	0.000000	0.000000	0.000000	0.000000
1761685749.152978897	-0.000000	-0.000016	-0.000144	0.047740	-0.000000	-0.000000	0.000000	0.000101	0.000351	-0.011535	0.000000	0.000000	0.027121	0.328934	-1.965667	-0.082604	-0.000000	0.000204	0.000000	0.000000	0.000000	-0.660954	0.000000	0.000000	0.000000	0.000000
1761685749.252912998	-0.000000	-0.000042	-0.000031	0.048653	0.000000	-0.000000	0.000000	0.000223	0.000031	-0.006848	0.000000	0.000000	0.027121	0.328953	-1.965652	-0.083488	0.000000	0.000204	0.000000	0.000000	0.000000	-0.660954	0.000000	0.000000	0.000000	0.000000
1761685749.353005409	-0.000000	-0.000068	0.000085	0.045596	-0.000000	-0.000000	0.000000	0.000345	-0.000289	-0.001998	0.000000	0.000000	0.027121	0.328981	-1.965670	-0.083891	-0.000000	0.000204	0.000000	0.000000	0.000000	-0.660954	0.000000	0.000000	0.000000	0.000000
1761685749.452969313	-0.000000	-0.000092	0.000193	0.039137	-0.000000	-0.000000	0.000000	0.000459	-0.000582	0.002612	0.000000	0.000000	0.027121	0.329018	-1.965719	-0.083819	-0.000000	0.000204	0.000000	0.000000	0.000000	-0.660954	0.000000	0.000000	0.000000	0.000000
1761685749.552953482	-0.000000	-0.000112	0.000285	0.029961	0.000000	-0.000000	0.000000	0.000555	-0.000826	0.006634	0.000000	0.000000	0.027121	0.329063	-1.965796	-0.083319	0.000000	0.000204	0.000000	0.000000	0.000000	-0.660954	0.000000	0.000000	0.000000	0.000000
1761685749.653186321	-0.000000	-0.000127	0.000354	0.019038	-0.000000	-0.000000	0.000000	0.000626	-0.001004	0.009783	0.000000	0.000000	0.027121	0.329115	-1.965894	-0.082466	-0.000000	0.000204	0.000000	0.000000	0.000000	-0.660954	0.000000	0.000000	0.000000	0.000000
1761685749.752946854	-0.000000	-0.000137	0.000396	0.007442	-0.000000	-0.000000	0.000000	0.000668	-0.001106	0.011869	0.000000	0.000000	0.027121	0.329172	-1.966006	-0.081358	0.000000	0.000204	0.000000	0.000000	0.000000	-0.660954	0.000000	0.000000	0.000000	0.000000
1761685749.852840185	-0.000000	-0.000140	0.000410	-0.003790	0.000000	-0.000000	0.000000	0.000678	-0.001128	0.012806	0.000000	0.000000	0.027121	0.329230	-1.966124	-0.080109	0.000000	0.000204	0.000000	0.000000	0.000000	-0.660954	0.000000	0.000000	0.000000	0.000000
1761685749.952948332	-0.000000	-0.000137	0.000395	-0.013753	-0.000000	0.000000	0.000000	0.000659	-0.001076	0.012614	0.000000	-0.000000	0.027121	0.329288	-1.966239	-0.078831	0.000000	0.000204	0.000000	0.000000	0.000000	-0.660954	0.000000	0.000000	0.000000	0.000000
1761685750.052966595	-0.000000	-0.000128	0.000355	-0.021738	-0.000000	0.000000	0.000000	0.000614	-0.000958	0.011405	0.000000	-0.000000	0.027121	0.329343	-1.966345	-0.077633	0.000000	0.000204	0.000000	0.000000	0.000000	-0.660954	0.000000	0.000000	0.000000	0.000000
1761685750.152868509	-0.000000	-0.000116	0.000296	-0.027269	-0.000000	0.000000	0.000000	0.000547	-0.000789	0.009364	-0.000000	-0.000000	0.027121	0.329394	-1.966435	-0.076606	0.000000	0.000204	0.000000	0.000000	0.000000	-0.660954	0.000000	0.000000	0.000000	0.000000
1761685750.252882957	-0.000000	-0.000100	0.000225	-0.030119	0.000000	0.000000	0.000000	0.000467	-0.000588	0.006730	-0.000000	-0.000000	0.027121	0.329439	-1.966506	-0.075820	0.000000	0.000204	0.000000	0.000000	0.000000	-0.660954	0.000000	0.000000	0.000000	0.000000
1761685750.352925301	-0.000000	-0.000082	0.000147	-0.030294	0.000000	0.000000	0.000000	0.000379	-0.000371	0.003765	-0.000000	-0.000000	0.027121	0.329477	-1.966555	-0.075318	0.000000	0.000204	0.000000	0.000000	0.000000	-0.660954	0.000000	0.000000	0.000000	0.000000
1761685750.452964544	-0.000000	-0.000064	0.000070	-0.028010	0.000000	0.000000	0.000000	0.000292	-0.000159	0.000739	-0.000000	-0.000000	0.027121	0.329508	-1.966583	-0.075118	-0.000000	0.000204	0.000000	0.000000	0.000000	-0.660954	0.000000	0.000000	0.000000	0.000000
1761685750.553462744	-0.000000	-0.000047	-0.000001	-0.023644	-0.000000	0.000000	0.000000	0.000211	0.000034	-0.002100	-0.000000	-0.000000	0.027121	0.329532	-1.966589	-0.075211	-0.000000	0.000204	0.000000	0.000000	0.000000	-0.660954	0.000000	0.000000	0.000000	0.000000
1761685750.653078079	-0.000000	-0.000032	-0.000060	-0.017676	0.000000	0.000000	0.000000	0.000142	0.000193	-0.004537	-0.000000	-0.000000	0.027121	0.329550	-1.966577	-0.075566	-0.000000	0.000204	0.000000	0.000000	0.000000	-0.660954	0.000000	0.000000	0.000000	0.000000
1761685750.752790451	-0.000000	-0.000020	-0.000105	-0.010731	-0.000000	0.000000	0.000000	0.000090	0.000310	-0.006404	-0.000000	-0.000000	0.027121	0.329563	-1.966552	-0.076133	-0.000000	0.000204	0.000000	0.000000	0.000000	-0.660954	0.000000	0.000000	0.000000	0.000000
1761685750.852782011	-0.000000	-0.000013	-0.000132	-0.003471	0.000000	0.000000	0.000000	0.000057	0.000378	-0.007593	-0.000000	-0.000000	0.027121	0.329572	-1.966517	-0.076848	-0.000000	0.000204	0.000000	0.000000	0.000000	-0.660954	0.000000	0.000000	0.000000	0.000000
1761685750.952867031	-0.000000	-0.000009	-0.000142	0.003470	0.000000	0.000000	0.000000	0.000044	0.000395	-0.008061	-0.000000	-0.000000	0.027121	0.329580	-1.966478	-0.077639	0.000000	0.000204	0.000000	0.000000	0.000000	-0.660954	0.000000	0.000000	0.000000	0.000000
1761685751.052946806	-0.000000	-0.000009	-0.000134	0.009546	-0.000000	-0.000000	0.000000	0.000049	0.000367	-0.007830	-0.000000	0.000000	0.027121	0.329588	-1.966441	-0.078437	-0.000000	0.000204	0.000000	0.000000	0.000000	-0.660954	0.000000	0.000000	0.000000	0.000000
1761685751.153170109	-0.000000	-0.000013	-0.000112	0.014331	0.000000	-0.000000	0.000000	0.000070	0.000298	-0.006977	-0.000000	0.000000	0.027121	0.329596	-1.966408	-0.079174	-0.000000	0.000204	0.000000	0.000000	0.000000	-0.660954	0.000000	0.000000	0.000000	0.000000
1761685751.252949953	-0.000000	-0.000020	-0.000078	0.017548	-0.000000	-0.000000	0.000000	0.000104	0.000199	-0.005623	-0.000000	0.000000	0.027121	0.329607	-1.966385	-0.079796	-0.000000	0.000204	0.000000	0.000000	0.000000	-0.660954	0.000000	0.000000	0.000000	0.000000
1761685751.352900505	-0.000000	-0.000029	-0.000036	0.019069	0.000000	-0.000000	0.000000	0.000147	0.000080	-0.003922	-0.000000	0.000000	0.027121	0.329621	-1.966373	-0.080262	-0.000000	0.000204	0.000000	0.000000	0.000000	-0.660954	0.000000	0.000000	0.000000	0.000000
1761685751.452966690	-0.000000	-0.000039	0.000009	0.018916	0.000000	-0.000000	0.000000	0.000193	-0.000047	-0.002041	-0.000000	0.000000	0.027121	0.329638	-1.966374	-0.080545	-0.000000	0.000204	0.000000	0.000000	0.000000	-0.660954	0.000000	0.000000	0.000000	0.000000
1761685751.553386211	-0.000000	-0.000048	0.000054	0.017243	-0.000000	-0.000000	0.000000	0.000239	-0.000170	-0.000147	0.000000	0.000000	0.027121	0.329659	-1.966387	-0.080639	0.000000	0.000204	0.000000	0.000000	0.000000	-0.660954	0.000000	0.000000	0.000000	0.000000
1761685751.652878523	-0.000000	-0.000057	0.000094	0.014301	0.000000	-0.000000	0.000000	0.000280	-0.000279	0.001606	0.000000	0.000000	0.027121	0.329684	-1.966413	-0.080550	0.000000	0.000204	0.000000	0.000000	0.000000	-0.660954	0.000000	0.000000	0.000000	0.000000
1761685751.752784491	-0.000000	-0.000064	0.000127	0.010418	0.000000	-0.000000	0.000000	0.000313	-0.000366	0.003085	0.000000	0.000000	0.027121	0.329711	-1.966448	-0.080301	-0.000000	0.000204	0.000000	0.000000	0.000000	-0.660954	0.000000	0.000000	0.000000	0.000000
1761685751.852853298	-0.000000	-0.000069	0.000150	0.005993	0.000000	-0.000000	0.000000	0.000332	-0.000417	0.004018	0.000000	0.000000	0.027121	0.329735	-1.966484	-0.079995	-0.000000	0.000204	0.000000	0.000000	0.000000	-0.660954	0.000000	0.000000	0.000000	0.000000
1761685751.952923059	-0.000000	-0.000072	0.000163	0.001436	0.000000	-0.000000	0.000000	0.000345	-0.000451	0.004764	0.000000	0.000000	0.027121	0.329766	-1.966530	-0.079545	-0.000000	0.000204	0.000000	0.000000	0.000000	-0.660954	0.000000	0.000000	0.000000	0.000000
1761685752.052960634	-0.000000	-0.000072	0.000164	-0.002864	-0.000000	-0.000000	0.000000	0.000345	-0.000455	0.005060	0.000000	0.000000	0.027121	0.329797	-1.966578	-0.079046	0.000000	0.000204	0.000000	0.000000	0.000000	-0.660954	0.000000	0.000000	0.000000	0.000000
1761685752.152992010	-0.000000	-0.000069	0.000155	-0.006574	-0.000000	0.000000	0.000000	0.000334	-0.000429	0.004917	0.000000	-0.000000	0.027121	0.329827	-1.966625	-0.078544	0.000000	0.000204	0.000000	0.000000	0.000000	-0.660954	0.000000	0.000000	0.000000	0.000000
1761685752.252869844	-0.000000	-0.000065	0.000135	-0.009314	0.000000	0.000000	0.000000	0.000312	-0.000375	0.004321	0.000000	-0.000000	0.027121	0.329856	-1.966668	-0.078084	-0.000000	0.000204	0.000000	0.000000	0.000000	-0.660954	0.000000	0.000000	0.000000	0.000000
1761685752.352896690	-0.000000	-0.000059	0.000109	-0.011047	-0.000000	0.000000	0.000000	0.000282	-0.000304	0.003436	0.000000	-0.000000	0.027121	0.329883	-1.966703	-0.077702	0.000000	0.000204	0.000000	0.000000	0.000000	-0.660954	0.000000	0.000000	0.000000	0.000000
1761685752.452886581	-0.000000	-0.000052	0.000080	-0.011735	-0.000000	0.000000	0.000000	0.000248	-0.000223	0.002360	-0.000000	-0.000000	0.027121	0.329907	-1.966731	-0.077420	0.000000	0.000204	0.000000	0.000000	0.000000	-0.660954	0.000000	0.000000	0.000000	0.000000
1761685752.552839756	-0.000000	-0.000044	0.000050	-0.011425	0.000000	0.000000	0.000000	0.000213	-0.000139	0.001198	-0.000000	-0.000000	0.027121	0.329928	-1.966750	-0.077251	-0.000000	0.000204	0.000000	0.000000	0.000000	-0.660954	0.000000	0.000000	0.000000	0.000000
1761685752.652931690	-0.000000	-0.000037	0.000021	0.602332	0.000000	0.000000	0.000000	0.000178	-0.000059	0.000050	-0.000000	-0.000000	0.027121	0.329947	-1.966761	-0.077199	-0.000000	0.000204	0.000000	0.000000	0.000000	0.000000	0.000000	0.000000	0.000000	0.000000
1761685752.752784252	-0.000000	-0.000291	0.001237	0.508498	-0.000000	-0.000000	0.000000	0.001478	-0.003306	0.050054	0.000000	0.000000	0.027121	0.330016	-1.966934	-0.074703	0.000000	0.000204	0.000000	0.000000	0.000000	0.000000	0.000000	0.000000	0.000000	0.000000
1761685752.852813244	-0.000000	-0.000517	0.002578	0.356749	-0.000000	-0.000000	0.000000	0.002821	-0.006610	0.102468	0.000000	0.000000	0.027121	0.330207	-1.967477	-0.066575	0.000000	0.000204	0.000000	0.000000	0.000000	0.000000	0.000000	0.000000	0.000000	0.000000
1761685752.952973604	-0.000000	-0.000657	0.003553	0.187475	-0.000000	-0.000000	0.000000	0.003773	-0.008858	0.140672	-0.000000	0.000000	0.027121	0.330498	-1.968296	-0.053994	0.000000	0.000204	0.000000	0.000000	0.000000	0.000000	0.000000	0.000000	0.000000	0.000000
1761685753.052789450	-0.000000	-0.000726	0.004034	0.024284	-0.000000	-0.000000	0.000000	0.004283	-0.009921	0.162240	-0.000000	0.000000	0.027121	0.330864	-1.969270	-0.038551	0.000000	0.000204	0.000000	0.000000	0.000000	0.000000	0.000000	0.000000	0.000000	0.000000
1761685753.152939320	-0.000000	-0.000748	0.004096	-0.123408	-0.000000	-0.000000	0.000000	0.004436	-0.010045	0.170109	-0.000000	0.000000	0.027121	0.331275	-1.970295	-0.021687	0.000000	0.000204	0.000000	0.000000	0.000000	0.000000	0.000000	0.000000	0.000000	0.000000
1761685753.252954483	0.000000	-0.000721	0.003700	-0.239052	0.000000	0.000000	-0.000000	0.004193	-0.009154	0.162691	-0.000000	-0.000000	0.027121	0.331695	-1.971264	-0.004945	0.000000	0.000204	0.000000	0.000000	0.000000	0.000000	0.000000	0.000000	0.000000	0.000000
1761685753.352766991	0.000000	-0.000640	0.002912	-0.313212	0.000000	0.000000	-0.000000	0.003575	-0.007347	0.140713	-0.000000	-0.000000	0.027121	0.332082	-1.972078	0.010123	0.000000	0.000204	0.000000	0.000000	0.000000	0.000000	0.000000	0.000000	0.000000	0.000000
1761685753.452955484	0.000000	-0.000517	0.001964	-0.353265	0.000000	0.000000	-0.000000	0.002752	-0.005086	0.110628	-0.000000	-0.000000	0.027120	0.332403	-1.972678	0.022490	0.000000	0.000204	0.000000	0.000000	0.000000	0.000000	0.000000	0.000000	0.000000	0.000000
1761685753.552740812	0.000000	-0.000359	0.000984	-0.363308	0.000000	0.000000	-0.000000	0.001816	-0.002620	0.075969	-0.000000	-0.000000	0.027120	0.332634	-1.973038	0.031559	0.000000	0.000204	0.000000	0.000000	0.000000	0.000000	0.000000	0.000000	0.000000	0.000000
1761685753.652718544	0.000000	-0.000177	0.000060	-0.347777	0.000000	0.000000	-0.000000	0.000848	-0.000154	0.039805	-0.000000	-0.000000	0.027120	0.332763	-1.973151	0.037054	0.000000	0.000204	0.000000	0.000000	0.000000	0.000000	0.000000	0.000000	0.000000	0.000000
1761685753.753069162	0.000000	-0.000017	-0.000645	-0.318674	0.000000	0.000000	-0.000000	-0.000082	0.002145	0.004769	-0.000000	-0.000000	0.027120	0.332788	-1.973030	0.038980	-0.000000	0.000204	0.000000	0.000000	0.000000	0.000000	0.000000	0.000000	0.000000	0.000000
1761685753.852818251	0.000000	0.000177	-0.001438	-0.264883	0.000000	0.000000	-0.000000	-0.000934	0.004194	-0.027584	-0.000000	-0.000000	0.027120	0.332717	-1.972697	0.037549	0.000000	0.000204	0.000000	0.000000	0.000000	0.000000	0.000000	0.000000	0.000000	0.000000
1761685753.952857733	0.000000	0.000360	-0.002110	-0.190828	0.000000	0.000000	-0.000000	-0.001643	0.005842	-0.054968	-0.000000	-0.000000	0.027120	0.332563	-1.972184	0.033156	0.000000	0.000204	0.000000	0.000000	0.000000	0.000000	0.000000	0.000000	0.000000	0.000000
1761685754.052975416	0.000000	0.000505	-0.002592	-0.105797	0.000000	0.000000	-0.000000	-0.002154	0.006961	-0.075285	-0.000000	-0.000000	0.027120	0.332348	-1.971537	0.026422	0.000000	0.000204	0.000000	0.000000	0.000000	0.000000	0.000000	0.000000	0.000000	0.000000
1761685754.152945518	0.000000	0.000594	-0.002844	-0.019880	0.000000	0.000000	-0.000000	-0.002434	0.007488	-0.087282	-0.000000	-0.000000	0.027121	0.332099	-1.970811	0.018135	0.000000	0.000204	0.000000	0.000000	0.000000	0.000000	0.000000	0.000000	0.000000	0.000000
1761685754.253061533	-0.000000	0.000617	-0.002858	0.058273	0.000000	0.000000	0.000000	-0.002479	0.007430	-0.090702	-0.000000	-0.000000	0.027121	0.331841	-1.970065	0.009148	0.000000	0.000204	0.000000	0.000000	0.000000	0.000000	0.000000	0.000000	0.000000	0.000000
1761685754.352958202	-0.000000	0.000579	-0.002655	0.122476	0.000000	-0.000000	0.000000	-0.002310	0.006850	-0.086178	-0.000000	0.000000	0.027121	0.331598	-1.969353	0.000287	0.000000	0.000204	0.000000	0.000000	0.000000	0.000000	0.000000	0.000000	0.000000	0.000000
1761685754.452974558	-0.000000	0.000492	-0.002281	0.169217	0.000000	-0.000000	0.000000	-0.001967	0.005854	-0.075000	-0.000000	0.000000	0.027121	0.331388	-1.968723	-0.007723	-0.000000	0.000204	0.000000	0.000000	0.000000	0.000000	0.000000	0.000000	0.000000	0.000000
1761685754.552929163	-0.000000	0.000373	-0.001793	0.197289	0.000000	-0.000000	0.000000	-0.001500	0.004571	-0.058857	-0.000000	0.000000	0.027121	0.331224	-1.968209	-0.014314	-0.000000	0.000204	0.000000	0.000000	0.000000	0.000000	0.000000	0.000000	0.000000	0.000000
1761685754.652840137	-0.000000	0.000240	-0.001248	0.207190	0.000000	-0.000000	0.000000	-0.000961	0.003133	-0.039596	-0.000000	0.000000	0.027121	0.331126	-1.967885	-0.018436	-0.000000	0.000204	0.000000	0.000000	0.000000	0.000000	0.000000	0.000000	0.000000	0.000000
1761685754.752766609	-0.000000	0.000109	-0.000696	0.200538	0.000000	-0.000000	0.000000	-0.000494	0.001909	-0.022495	-0.000000	0.000000	0.027121	0.331058	-1.967632	-0.021546	-0.000000	0.000204	0.000000	0.000000	0.000000	0.000000	0.000000	0.000000	0.000000	0.000000
1761685754.852755308	-0.000000	-0.000010	-0.000181	0.179649	0.000000	-0.000000	0.000000	0.000050	0.000503	-0.002220	-0.000000	0.000000	0.027121	0.331043	-1.967523	-0.022605	-0.000000	0.000204	0.000000	0.000000	0.000000	0.000000	0.000000	0.000000	0.000000	0.000000
1761685754.952720404	-0.000000	-0.000109	0.000259	0.146955	-0.000000	-0.000000	0.000000	0.000529	-0.000714	0.016093	0.000000	0.000000	0.027121	0.331076	-1.967546	-0.021745	0.000000	0.000204	0.000000	0.000000	0.000000	0.000000	0.000000	0.000000	0.000000	0.000000
1761685755.052668095	-0.000000	-0.000186	0.000619	0.104674	-0.000000	-0.000000	0.000000	0.000918	-0.001686	0.031334	0.000000	0.000000	0.027121	0.331150	-1.967677	-0.019223	-0.000000	0.000204	0.000000	0.000000	0.000000	0.000000	0.000000	0.000000	0.000000	0.000000
1761685755.153067589	-0.000000	-0.000238	0.000872	0.063281	-0.000000	-0.000000	0.000000	0.001194	-0.002356	0.042506	0.000000	0.000000	0.027121	0.331255	-1.967889	-0.015409	0.000000	0.000204	0.000000	0.000000	0.000000	0.000000	0.000000	0.000000	0.000000	0.000000
1761685755.252760649	-0.000000	-0.000268	0.001016	0.010115	-0.000000	-0.000000	0.000000	0.001356	-0.002730	0.049524	0.000000	0.000000	0.027121	0.331381	-1.968150	-0.010720	0.000000	0.000204	0.000000	0.000000	0.000000	0.000000	0.000000	0.000000	0.000000	0.000000
1761685755.352677584	-0.000000	-0.000273	0.001025	-0.032730	-0.000000	-0.000000	0.000000	0.001383	-0.002754	0.051421	0.000000	0.000000	0.027121	0.331517	-1.968428	-0.005620	0.000000	0.000204	0.000000	0.000000	0.000000	0.000000	0.000000	0.000000	0.000000	0.000000
1761685755.452839851	-0.000000	-0.000256	0.000923	-0.067905	-0.000000	0.000000	0.000000	0.001292	-0.002485	0.048862	-0.000000	-0.000000	0.027121	0.331650	-1.968690	-0.000598	0.000000	0.000204	0.000000	0.000000	0.000000	0.000000	0.000000	0.000000	0.000000	0.000000
1761685755.553060532	0.000000	-0.000228	0.000767	-0.089915	-0.000000	0.000000	-0.000000	0.001108	-0.001988	0.042658	-0.000000	-0.000000	0.027121	0.331769	-1.968911	0.003951	0.000000	0.000204	0.000000	0.000000	0.000000	0.000000	0.000000	0.000000	0.000000	0.000000
1761685755.652825594	0.000000	-0.000183	0.000535	-0.107793	0.000000	0.000000	-0.000000	0.000863	-0.001348	0.034034	-0.000000	-0.000000	0.027121	0.331867	-1.969073	0.007729	0.000000	0.000204	0.000000	0.000000	0.000000	0.000000	0.000000	0.000000	0.000000	0.000000
1761685755.752846241	0.000000	-0.000128	0.000267	-0.115698	0.000000	0.000000	-0.000000	0.000573	-0.000610	0.023552	-0.000000	-0.000000	0.027121	0.331938	-1.969165	0.010533	0.000000	0.000204	0.000000	0.000000	0.000000	0.000000	0.000000	0.000000	0.000000	0.000000
1761685755.852782965	0.000000	-0.000066	-0.000012	-0.113829	-0.000000	0.000000	-0.000000	0.000315	0.000035	0.014043	-0.000000	-0.000000	0.027121	0.331973	-1.969183	0.012025	0.000000	0.000204	0.000000	0.000000	0.000000	0.000000	0.000000	0.000000	0.000000	0.000000
1761685755.952755451	0.000000	-0.000002	-0.000282	-0.103349	0.000000	0.000000	-0.000000	0.000011	0.000781	0.002628	-0.000000	-0.000000	0.027121	0.331986	-1.969136	0.012762	0.000000	0.000204	0.000000	0.000000	0.000000	0.000000	0.000000	0.000000	0.000000	0.000000
1761685756.052888870	0.000000	0.000057	-0.000523	-0.085812	0.000000	0.000000	-0.000000	-0.000265	0.001440	-0.007881	-0.000000	-0.000000	0.027121	0.331969	-1.969019	0.012405	0.000000	0.000204	0.000000	0.000000	0.000000	0.000000	0.000000	0.000000	0.000000	0.000000
1761685756.152724028	0.000000	0.000107	-0.000719	-0.062757	0.000000	0.000000	-0.000000	-0.000493	0.001968	-0.016755	-0.000000	-0.000000	0.027121	0.331927	-1.968843	0.011087	0.000000	0.000204	0.000000	0.000000	0.000000	0.000000	0.000000	0.000000	0.000000	0.000000
1761685756.252863646	0.000000	0.000145	-0.000854	-0.036732	0.000000	0.000000	-0.000000	-0.000659	0.002332	-0.023415	-0.000000	-0.000000	0.027121	0.331865	-1.968625	0.009007	-0.000000	0.000204	0.000000	0.000000	0.000000	0.000000	0.000000	0.000000	0.000000	0.000000
1761685756.352825642	0.000000	0.000167	-0.000923	-0.010315	0.000000	0.000000	-0.000000	-0.000754	0.002516	-0.027522	-0.000000	-0.000000	0.027121	0.331792	-1.968380	0.006408	-0.000000	0.000204	0.000000	0.000000	0.000000	0.000000	0.000000	0.000000	0.000000	0.000000
1761685756.453426123	-0.000000	0.000172	-0.000924	0.010171	0.000000	0.000000	0.000000	-0.000778	0.002520	-0.028993	-0.000000	-0.000000	0.027121	0.331713	-1.968127	0.003551	-0.000000	0.000204	0.000000	0.000000	0.000000	0.000000	0.000000	0.000000	0.000000	0.000000
1761685756.553217888	-0.000000	0.000165	-0.000873	0.031952	0.000000	-0.000000	0.000000	-0.000744	0.002384	-0.028318	-0.000000	0.000000	0.027121	0.331636	-1.967883	0.000677	-0.000000	0.000204	0.000000	0.000000	0.000000	0.000000	0.000000	0.000000	0.000000	0.000000
1761685756.652795553	-0.000000	0.000144	-0.000771	0.049827	0.000000	-0.000000	0.000000	-0.000655	0.002112	-0.025485	-0.000000	0.000000	0.027121	0.331567	-1.967659	-0.002005	-0.000000	0.000204	0.000000	0.000000	0.000000	0.000000	0.000000	0.000000	0.000000	0.000000
1761685756.753095865	-0.000000	0.000118	-0.000654	0.061800	0.000000	-0.000000	0.000000	-0.000519	0.001728	-0.020801	0.000000	0.000000	0.027121	0.331510	-1.967469	-0.004292	-0.000000	0.000204	0.000000	0.000000	0.000000	0.000000	0.000000	0.000000	0.000000	0.000000
1761685756.852766752	-0.000000	0.000082	-0.000490	0.067708	0.000000	-0.000000	0.000000	-0.000351	0.001273	-0.014820	0.000000	0.000000	0.027121	0.331468	-1.967322	-0.006032	-0.000000	0.000204	0.000000	0.000000	0.000000	0.000000	0.000000	0.000000	0.000000	0.000000
1761685756.952989817	-0.000000	0.000043	-0.000314	0.067684	0.000000	-0.000000	0.000000	-0.000169	0.000787	-0.008148	0.000000	0.000000	0.027121	0.331444	-1.967223	-0.007129	-0.000000	0.000204	0.000000	0.000000	0.000000	0.000000	0.000000	0.000000	0.000000	0.000000
1761685757.053062201	-0.000000	0.000004	-0.000141	0.062279	0.000000	-0.000000	0.000000	0.000013	0.000313	-0.001379	-0.000000	0.000000	0.027121	0.331438	-1.967172	-0.007549	-0.000000	0.000204	0.000000	0.000000	0.000000	0.000000	0.000000	0.000000	0.000000	0.000000
1761685757.152904987	-0.000000	-0.000031	0.000016	0.052321	0.000000	-0.000000	0.000000	0.000179	-0.000114	0.004939	-0.000000	0.000000	0.027121	0.331449	-1.967166	-0.007314	-0.000000	0.000204	0.000000	0.000000	0.000000	0.000000	0.000000	0.000000	0.000000	0.000000
1761685757.252973080	-0.000000	-0.000061	0.000148	0.038773	0.000000	-0.000000	0.000000	0.000317	-0.000466	0.010337	0.000000	0.000000	0.027121	0.331475	-1.967199	-0.006499	-0.000000	0.000204	0.000000	0.000000	0.000000	0.000000	0.000000	0.000000	0.000000	0.000000
1761685757.352981091	-0.000000	-0.000083	0.000246	0.023076	0.000000	-0.000000	0.000000	0.000419	-0.000720	0.014440	0.000000	0.000000	0.027121	0.331513	-1.967261	-0.005216	-0.000000	0.000204	0.000000	0.000000	0.000000	0.000000	0.000000	0.000000	0.000000	0.000000
1761685757.452950239	-0.000000	-0.000096	0.000306	0.006773	0.000000	-0.000000	0.000000	0.000478	-0.000864	0.017009	0.000000	0.000000	0.027121	0.331558	-1.967343	-0.003611	-0.000000	0.000204	0.000000	0.000000	0.000000	0.000000	0.000000	0.000000	0.000000	0.000000
1761685757.552958012	-0.000000	-0.000101	0.000324	-0.008689	0.000000	-0.000000	0.000000	0.000494	-0.000896	0.017958	0.000000	0.000000	0.027121	0.331607	-1.967432	-0.001844	-0.000000	0.000204	0.000000	0.000000	0.000000	0.000000	0.000000	0.000000	0.000000	0.000000
1761685757.652873278	-0.000000	-0.000097	0.000304	-0.022085	0.000000	0.000000	0.000000	0.000469	-0.000825	0.017347	0.000000	-0.000000	0.027121	0.331655	-1.967518	-0.000073	-0.000000	0.000204	0.000000	0.000000	0.000000	0.000000	0.000000	0.000000	0.000000	0.000000
1761685757.752806664	-0.000000	-0.000086	0.000251	-0.032498	0.000000	0.000000	0.000000	0.000408	-0.000665	0.015362	0.000000	-0.000000	0.027121	0.331699	-1.967592	0.001555	-0.000000	0.000204	0.000000	0.000000	0.000000	0.000000	0.000000	0.000000	0.000000	0.000000
1761685757.852781057	0.000000	-0.000069	0.000173	-0.039356	-0.000000	0.000000	-0.000000	0.000335	-0.000478	0.012827	0.000000	-0.000000	0.027121	0.331729	-1.967638	0.002715	-0.000000	0.000204	0.000000	0.000000	0.000000	0.000000	0.000000	0.000000	0.000000	0.000000
1761685757.952750444	0.000000	-0.000048	0.000078	-0.042434	-0.000000	0.000000	-0.000000	0.000231	-0.000218	0.009120	0.000000	-0.000000	0.027121	0.331757	-1.967671	0.003789	-0.000000	0.000204	0.000000	0.000000	0.000000	0.000000	0.000000	0.000000	0.000000	0.000000
1761685758.052938461	0.000000	-0.000024	-0.000022	-0.041827	-0.000000	0.000000	-0.000000	0.000118	0.000063	0.004979	0.000000	-0.000000	0.027121	0.331774	-1.967677	0.004463	0.000000	0.000204	0.000000	0.000000	0.000000	0.000000	0.000000	0.000000	0.000000	0.000000
1761685758.152826071	0.000000	-0.000001	-0.000121	-0.037906	-0.000000	0.000000	-0.000000	0.000005	0.000337	0.000776	0.000000	-0.000000	0.027121	0.331779	-1.967654	0.004715	0.000000	0.000204	0.000000	0.000000	0.000000	0.000000	0.000000	0.000000	0.000000	0.000000
1761685758.252821207	0.000000	0.000021	-0.000210	-0.031220	-0.000000	0.000000	-0.000000	-0.000098	0.000583	-0.003145	0.000000	-0.000000	0.027121	0.331773	-1.967606	0.004559	0.000000	0.000204	0.000000	0.000000	0.000000	0.000000	0.000000	0.000000	0.000000	0.000000
1761685758.352865219	0.000000	0.000039	-0.000282	-0.022469	-0.000000	0.000000	-0.000000	-0.000184	0.000782	-0.006490	-0.000000	-0.000000	0.027121	0.331757	-1.967535	0.004042	0.000000	0.000204	0.000000	0.000000	0.000000	0.000000	0.000000	0.000000	0.000000	0.000000
1761685758.452747822	-0.000000	0.000053	-0.000333	-0.012562	-0.000000	0.000000	0.000000	-0.000248	0.000921	-0.009028	-0.000000	-0.000000	0.027121	0.331735	-1.967448	0.003235	0.000000	0.000204	0.000000	0.000000	0.000000	0.000000	0.000000	0.000000	0.000000	0.000000
1761685758.552728891	-0.000000	0.000061	-0.000359	-0.002435	0.000000	0.000000	0.000000	-0.000284	0.000993	-0.010615	-0.000000	-0.000000	0.027121	0.331707	-1.967351	0.002229	-0.000000	0.000204	0.000000	0.000000	0.000000	0.000000	0.000000	0.000000	0.000000	0.000000
1761685758.652868509	-0.000000	0.000063	-0.000360	0.007042	0.000000	0.000000	0.000000	-0.000294	0.000995	-0.011196	-0.000000	-0.000000	0.027121	0.331678	-1.967251	0.001122	0.000000	0.000204	0.000000	0.000000	0.000000	0.000000	0.000000	0.000000	0.000000	0.000000
1761685758.752985716	-0.000000	0.000059	-0.000338	0.015135	0.000000	-0.000000	0.000000	-0.000278	0.000934	-0.010808	-0.000000	0.000000	0.027121	0.331649	-1.967155	0.000015	0.000000	0.000204	0.000000	0.000000	0.000000	0.000000	0.000000	0.000000	0.000000	0.000000
1761685758.852858305	-0.000000	0.000051	-0.000296	0.945869	0.000000	-0.000000	0.000000	-0.000240	0.000819	-0.009564	-0.000000	0.000000	0.027121	0.331623	-1.967067	-0.001002	0.000000	0.000204	0.000000	0.000000	0.000000	0.997607	0.000000	0.000000	0.000000	0.000000
1761685758.952954769	-0.000000	-0.000277	0.001251	0.838240	-0.000000	-0.000000	0.000000	0.001424	-0.003342	0.053999	0.000000	0.000000	0.027121	0.331669	-1.967161	0.000715	0.000000	0.000204	0.000000	0.000000	0.000000	0.997607	0.000000	0.000000	0.000000	0.000000
1761685759.052800894	-0.000000	-0.000635	0.003590	0.600546	-0.000000	-0.000000	0.000000	0.003690	-0.008949	0.141410	-0.000000	0.000000	0.027121	0.331951	-1.967830	0.011333	-0.000000	0.000204	0.000000	0.000000	0.000000	0.997607	0.000000	0.000000	0.000000	0.000000
1761685759.153210402	-0.000000	-0.000843	0.005513	0.316183	-0.000000	-0.000000	0.000000	0.005420	-0.013085	0.209388	-0.000000	0.000000	0.027120	0.332452	-1.968976	0.029704	-0.000000	0.000204	0.000000	0.000000	0.000000	0.997607	0.000000	0.000000	0.000000	0.000000
1761685759.252840996	-0.000000	-0.000944	0.006602	0.037692	0.000000	-0.000000	0.000000	0.006440	-0.015265	0.250485	-0.000000	0.000000	0.027120	0.333121	-1.970408	0.053356	-0.000000	0.000204	0.000000	0.000000	0.000000	0.997607	0.000000	0.000000	0.000000	0.000000
1761685759.352787733	-0.000000	-0.000981	0.006730	-0.197070	0.000000	-0.000000	0.000000	0.006734	-0.015485	0.263537	-0.000000	0.000000	0.027120	0.333892	-1.971921	0.079475	-0.000000	0.000204	0.000000	0.000000	0.000000	0.997607	0.000000	0.000000	0.000000	0.000000
1761685759.452863932	0.000000	-0.000970	0.006021	-0.370242	0.000000	0.000000	-0.000000	0.006389	-0.014039	0.251656	-0.000000	-0.000000	0.027120	0.334686	-1.973335	0.105397	-0.000000	0.000204	0.000000	0.000000	0.000000	0.997607	0.000000	0.000000	0.000000	0.000000
1761685759.552789927	0.000000	-0.000903	0.004749	-0.480655	0.000000	0.000000	-0.000000	0.005549	-0.011376	0.220404	-0.000000	-0.000000	0.027120	0.335423	-1.974517	0.128932	-0.000000	0.000204	0.000000	0.000000	0.000000	0.997607	0.000000	0.000000	0.000000	0.000000
1761685759.652843237	0.000000	-0.000773	0.003208	-0.536132	-0.000000	0.000000	-0.000000	0.004370	-0.007969	0.176019	0.000000	-0.000000	0.027120	0.336038	-1.975386	0.148506	-0.000000	0.000204	0.000000	0.000000	0.000000	0.997607	0.000000	0.000000	0.000000	0.000000
1761685759.752818346	0.000000	-0.000576	0.001635	-0.546920	-0.000000	0.000000	-0.000000	0.002996	-0.004229	0.124255	0.000000	-0.000000	0.027120	0.336481	-1.975904	0.163150	0.000000	0.000204	0.000000	0.000000	0.000000	0.997607	0.000000	0.000000	0.000000	0.000000
1761685759.852918148	0.000000	-0.000369	0.000418	-0.528579	-0.000000	0.000000	-0.000000	0.001553	-0.000480	0.069922	0.000000	-0.000000	0.027120	0.336728	-1.976069	0.172418	0.000000	0.000204	0.000000	0.000000	0.000000	0.997607	0.000000	0.000000	0.000000	0.000000
1761685759.952934980	0.000000	-0.000087	-0.000903	-0.480016	-0.000000	0.000000	-0.000000	0.000143	0.003039	0.016759	0.000000	-0.000000	0.027120	0.336771	-1.975899	0.176296	0.000000	0.000204	0.000000	0.000000	0.000000	0.997607	0.000000	0.000000	0.000000	0.000000
1761685760.053496361	0.000000	0.000214	-0.002140	-0.405624	-0.000000	0.000000	-0.000000	-0.001149	0.006142	-0.032052	-0.000000	-0.000000	0.027120	0.336625	-1.975430	0.175091	0.000000	0.000204	0.000000	0.000000	0.000000	0.997607	0.000000	0.000000	0.000000	0.000000
1761685760.152899742	0.000000	0.000512	-0.003207	-0.299690	-0.000000	0.000000	-0.000000	-0.002245	0.008663	-0.073854	-0.000000	-0.000000	0.027120	0.336316	-1.974707	0.169395	0.000000	0.000204	0.000000	0.000000	0.000000	0.997607	0.000000	0.000000	0.000000	0.000000
1761685760.253454208	0.000000	0.000763	-0.003999	-0.174539	-0.000000	0.000000	-0.000000	-0.003059	0.010420	-0.105589	-0.000000	-0.000000	0.027120	0.335886	-1.973790	0.160085	0.000000	0.000204	0.000000	0.000000	0.000000	0.997607	0.000000	0.000000	0.000000	0.000000
1761685760.353112459	0.000000	0.000927	-0.004436	-0.046672	-0.000000	0.000000	-0.000000	-0.003534	0.011300	-0.125129	-0.000000	-0.000000	0.027120	0.335385	-1.972756	0.148300	0.000000	0.000204	0.000000	0.000000	0.000000	0.997607	0.000000	0.000000	0.000000	0.000000
1761685760.452990294	-0.000000	0.000983	-0.004495	0.069747	-0.000000	0.000000	0.000000	-0.003656	0.011303	-0.131927	-0.000000	-0.000000	0.027120	0.334866	-1.971682	0.135301	0.000000	0.000204	0.000000	0.000000	0.000000	0.997607	0.000000	0.000000	0.000000	0.000000
1761685760.552949905	-0.000000	0.000935	-0.004210	0.165050	0.000000	-0.000000	0.000000	-0.003456	0.010526	-0.126893	-0.000000	0.000000	0.027120	0.334373	-1.970647	0.122321	0.000000	0.000204	0.000000	0.000000	0.000000	0.997607	0.000000	0.000000	0.000000	0.000000
1761685760.652995110	-0.000000	0.000803	-0.003656	0.234336	0.000000	-0.000000	0.000000	-0.002993	0.009130	-0.111976	-0.000000	0.000000	0.027120	0.333942	-1.969715	0.110436	0.000000	0.000204	0.000000	0.000000	0.000000	0.997607	0.000000	0.000000	0.000000	0.000000
1761685760.752902031	-0.000000	0.000618	-0.002926	0.276529	0.000000	-0.000000	0.000000	-0.002344	0.007308	-0.089697	-0.000000	0.000000	0.027120	0.333595	-1.968938	0.100490	0.000000	0.000204	0.000000	0.000000	0.000000	0.997607	0.000000	0.000000	0.000000	0.000000
1761685760.852811813	-0.000000	0.000412	-0.002113	0.293042	0.000000	-0.000000	0.000000	-0.001714	0.005600	-0.067356	-0.000000	0.000000	0.027120	0.333381	-1.968431	0.094109	0.000000	0.000204	0.000000	0.000000	0.000000	0.997607	0.000000	0.000000	0.000000	0.000000
1761685760.953010798	-0.000000	0.000210	-0.001293	0.286024	0.000000	-0.000000	0.000000	-0.000917	0.003489	-0.038327	-0.000000	0.000000	0.027120	0.333216	-1.968008	0.089055	-0.000000	0.000204	0.000000	0.000000	0.000000	0.997607	0.000000	0.000000	0.000000	0.000000
1761685761.052770853	-0.000000	0.000031	-0.000531	0.259924	0.000000	-0.000000	0.000000	-0.000138	0.001459	-0.009491	-0.000000	0.000000	0.027120	0.333151	-1.967783	0.086912	-0.000000	0.000204	0.000000	0.000000	0.000000	0.997607	0.000000	0.000000	0.000000	0.000000
1761685761.153017998	-0.000000	-0.000119	0.000132	0.216785	0.000000	-0.000000	0.000000	0.000572	-0.000365	0.017371	-0.000000	0.000000	0.027120	0.333176	-1.967744	0.087559	-0.000000	0.000204	0.000000	0.000000	0.000000	0.997607	0.000000	0.000000	0.000000	0.000000
1761685761.253041029	-0.000000	-0.000236	0.000692	0.157668	0.000000	-0.000000	0.000000	0.001170	-0.001876	0.040488	0.000000	0.000000	0.027120	0.333280	-1.967864	0.090693	-0.000000	0.000204	0.000000	0.000000	0.000000	0.997607	0.000000	0.000000	0.000000	0.000000
1761685761.353166103	-0.000000	-0.000320	0.001114	0.089558	0.000000	-0.000000	0.000000	0.001617	-0.002979	0.058225	0.000000	0.000000	0.027120	0.333449	-1.968106	0.095842	-0.000000	0.000204	0.000000	0.000000	0.000000	0.997607	0.000000	0.000000	0.000000	0.000000
1761685761.452955484	-0.000000	-0.000368	0.001362	0.020228	0.000000	-0.000000	0.000000	0.001887	-0.003611	0.069451	0.000000	0.000000	0.027120	0.333661	-1.968427	0.102395	-0.000000	0.000204	0.000000	0.000000	0.000000	0.997607	0.000000	0.000000	0.000000	0.000000
1761685761.552825212	-0.000000	-0.000383	0.001424	-0.043510	-0.000000	-0.000000	0.000000	0.001972	-0.003765	0.073785	0.000000	0.000000	0.027120	0.333895	-1.968779	0.109670	-0.000000	0.000204	0.000000	0.000000	0.000000	0.997607	0.000000	0.000000	0.000000	0.000000
1761685761.652754545	0.000000	-0.000368	0.001312	-0.096590	-0.000000	0.000000	-0.000000	0.001885	-0.003480	0.071559	0.000000	-0.000000	0.027120	0.334129	-1.969120	0.116989	-0.000000	0.000204	0.000000	0.000000	0.000000	0.997607	0.000000	0.000000	0.000000	0.000000
1761685761.752743483	0.000000	-0.000326	0.001060	-0.135924	-0.000000	0.000000	-0.000000	0.001651	-0.002833	0.063669	0.000000	-0.000000	0.027120	0.334342	-1.969410	0.123744	-0.000000	0.000204	0.000000	0.000000	0.000000	0.997607	0.000000	0.000000	0.000000	0.000000
1761685761.853507280	0.000000	-0.000271	0.000759	-0.155814	-0.000000	0.000000	-0.000000	0.001289	-0.001882	0.050732	0.000000	-0.000000	0.027120	0.334514	-1.969620	0.129383	-0.000000	0.000204	0.000000	0.000000	0.000000	0.997607	0.000000	0.000000	0.000000	0.000000
1761685761.952942848	0.000000	-0.000192	0.000363	-0.166905	-0.000000	0.000000	-0.000000	0.000869	-0.000809	0.035482	0.000000	-0.000000	0.027120	0.334634	-1.969731	0.133581	0.000000	0.000204	0.000000	0.000000	0.000000	0.997607	0.000000	0.000000	0.000000	0.000000
1761685762.052994967	0.000000	-0.000104	-0.000041	-0.164517	-0.000000	0.000000	-0.000000	0.000422	0.000306	0.018977	0.000000	-0.000000	0.027120	0.334697	-1.969739	0.136174	0.000000	0.000204	0.000000	0.000000	0.000000	0.997607	0.000000	0.000000	0.000000	0.000000
1761685762.152991295	0.000000	-0.000012	-0.000436	-0.150022	-0.000000	0.000000	-0.000000	-0.000018	0.001381	0.002485	0.000000	-0.000000	0.027120	0.334701	-1.969644	0.137108	0.000000	0.000204	0.000000	0.000000	0.000000	0.997607	0.000000	0.000000	0.000000	0.000000
1761685762.252947569	0.000000	0.000077	-0.000798	-0.125167	-0.000000	0.000000	-0.000000	-0.000420	0.002334	-0.012759	0.000000	-0.000000	0.027120	0.334649	-1.969454	0.136457	0.000000	0.000204	0.000000	0.000000	0.000000	0.997607	0.000000	0.000000	0.000000	0.000000
1761685762.352936745	0.000000	0.000156	-0.001099	-0.091557	-0.000000	0.000000	-0.000000	-0.000754	0.003101	-0.025690	-0.000000	-0.000000	0.027120	0.334550	-1.969186	0.134410	0.000000	0.000204	0.000000	0.000000	0.000000	0.997607	0.000000	0.000000	0.000000	0.000000
1761685762.453033924	0.000000	0.000217	-0.001315	-0.052919	-0.000000	0.000000	-0.000000	-0.000997	0.003627	-0.035406	-0.000000	-0.000000	0.027120	0.334415	-1.968858	0.131251	0.000000	0.000204	0.000000	0.000000	0.000000	0.997607	0.000000	0.000000	0.000000	0.000000
1761685762.553418159	0.000000	0.000255	-0.001430	-0.013275	-0.000000	0.000000	-0.000000	-0.001136	0.003884	-0.041341	-0.000000	-0.000000	0.027120	0.334258	-1.968496	0.127337	0.000000	0.000204	0.000000	0.000000	0.000000	0.997607	0.000000	0.000000	0.000000	0.000000
1761685762.652795315	-0.000000	0.000267	-0.001442	0.023730	-0.000000	0.000000	0.000000	-0.001167	0.003872	-0.043330	-0.000000	-0.000000	0.027120	0.334094	-1.968124	0.123059	0.000000	0.000204	0.000000	0.000000	0.000000	0.997607	0.000000	0.000000	0.000000	0.000000
1761685762.752821922	-0.000000	0.000254	-0.001358	0.055183	-0.000000	-0.000000	0.000000	-0.001113	0.003664	-0.041969	-0.000000	0.000000	0.027120	0.333962	-1.967824	0.119496	0.000000	0.000204	0.000000	0.000000	0.000000	0.997607	0.000000	0.000000	0.000000	0.000000
1761685762.852948189	-0.000000	0.000220	-0.001194	0.079082	0.000000	-0.000000	0.000000	-0.000974	0.003235	-0.037499	-0.000000	0.000000	0.027120	0.333818	-1.967495	0.115525	0.000000	0.000204	0.000000	0.000000	0.000000	0.997607	0.000000	0.000000	0.000000	0.000000
1761685762.952966452	-0.000000	0.000171	-0.000972	0.094343	0.000000	-0.000000	0.000000	-0.000767	0.002648	-0.030387	-0.000000	0.000000	0.027120	0.333700	-1.967216	0.112163	-0.000000	0.000204	0.000000	0.000000	0.000000	0.997607	0.000000	0.000000	0.000000	0.000000
1761685763.052888155	-0.000000	0.000112	-0.000712	0.100174	0.000000	-0.000000	0.000000	-0.000511	0.001951	-0.021208	-0.000000	0.000000	0.027120	0.333613	-1.967000	0.109650	-0.000000	0.000204	0.000000	0.000000	0.000000	0.997607	0.000000	0.000000	0.000000	0.000000
1761685763.153508902	-0.000000	0.000052	-0.000446	0.097761	0.000000	-0.000000	0.000000	-0.000241	0.001231	-0.011287	-0.000000	0.000000	0.027120	0.333562	-1.966851	0.108103	-0.000000	0.000204	0.000000	0.000000	0.000000	0.997607	0.000000	0.000000	0.000000	0.000000
1761685763.252865553	-0.000000	-0.000004	-0.000196	0.088176	0.000000	-0.000000	0.000000	0.000021	0.000544	-0.001471	-0.000000	0.000000	0.027120	0.333544	-1.966770	0.107549	-0.000000	0.000204	0.000000	0.000000	0.000000	0.997607	0.000000	0.000000	0.000000	0.000000
1761685763.352735281	-0.000000	-0.000053	0.000023	0.072606	0.000000	-0.000000	0.000000	0.000256	-0.000064	0.007506	-0.000000	0.000000	0.027120	0.333558	-1.966750	0.107932	-0.000000	0.000204	0.000000	0.000000	0.000000	0.997607	0.000000	0.000000	0.000000	0.000000
1761685763.452817917	-0.000000	-0.000092	0.000200	0.052503	0.000000	-0.000000	0.000000	0.000448	-0.000554	0.015027	0.000000	0.000000	0.027120	0.333599	-1.966781	0.109132	-0.000000	0.000204	0.000000	0.000000	0.000000	0.997607	0.000000	0.000000	0.000000	0.000000
1761685763.552772999	-0.000000	-0.000120	0.000327	0.030047	0.000000	-0.000000	0.000000	0.000586	-0.000900	0.020612	0.000000	0.000000	0.027120	0.333660	-1.966852	0.110975	-0.000000	0.000204	0.000000	0.000000	0.000000	0.997607	0.000000	0.000000	0.000000	0.000000
1761685763.652842283	-0.000000	-0.000135	0.000397	0.007407	0.000000	-0.000000	0.000000	0.000664	-0.001089	0.023991	0.000000	0.000000	0.027120	0.333735	-1.966946	0.113249	-0.000000	0.000204	0.000000	0.000000	0.000000	0.997607	0.000000	0.000000	0.000000	0.000000
1761685763.752741337	-0.000000	-0.000139	0.000409	-0.013499	0.000000	-0.000000	0.000000	0.000681	-0.001123	0.025109	0.000000	0.000000	0.027120	0.333815	-1.967050	0.115729	-0.000000	0.000204	0.000000	0.000000	0.000000	0.997607	0.000000	0.000000	0.000000	0.000000
1761685763.852753162	0.000000	-0.000131	0.000370	-0.031149	0.000000	0.000000	-0.000000	0.000642	-0.001017	0.024107	0.000000	-0.000000	0.027120	0.333893	-1.967148	0.118196	-0.000000	0.000204	0.000000	0.000000	0.000000	0.997607	0.000000	0.000000	0.000000	0.000000
1761685763.952890873	0.000000	-0.000114	0.000289	-0.042508	0.000000	0.000000	-0.000000	0.000557	-0.000796	0.021287	0.000000	-0.000000	0.027120	0.333963	-1.967230	0.120454	-0.000000	0.000204	0.000000	0.000000	0.000000	0.997607	0.000000	0.000000	0.000000	0.000000
1761685764.052739859	0.000000	-0.000091	0.000182	-0.052079	-0.000000	0.000000	-0.000000	0.000440	-0.000502	0.017225	0.000000	-0.000000	0.027120	0.334019	-1.967287	0.122354	0.000000	0.000204	0.000000	0.000000	0.000000	0.997607	0.000000	0.000000	0.000000	0.000000
1761685764.152893782	0.000000	-0.000067	0.000077	-0.056762	-0.000000	0.000000	-0.000000	0.000300	-0.000154	0.012177	0.000000	-0.000000	0.027120	0.334058	-1.967312	0.123788	0.000000	0.000204	0.000000	0.000000	0.000000	0.997607	0.000000	0.000000	0.000000	0.000000
1761685764.253108501	0.000000	-0.000031	-0.000079	-0.056523	-0.000000	0.000000	-0.000000	0.000147	0.000219	0.006579	0.000000	-0.000000	0.027120	0.334079	-1.967303	0.124683	0.000000	0.000204	0.000000	0.000000	0.000000	0.997607	0.000000	0.000000	0.000000	0.000000
1761685764.352862597	0.000000	-0.000005	-0.000188	-0.051821	-0.000000	0.000000	-0.000000	-0.000004	0.000582	0.000922	0.000000	-0.000000	0.027120	0.334079	-1.967260	0.125011	-0.000000	0.000204	0.000000	0.000000	0.000000	0.997607	0.000000	0.000000	0.000000	0.000000
1761685764.453565836	0.000000	0.000025	-0.000308	-0.043360	-0.000000	0.000000	-0.000000	-0.000142	0.000907	-0.004338	0.000000	-0.000000	0.027120	0.334061	-1.967184	0.124793	0.000000	0.000204	0.000000	0.000000	0.000000	0.997607	0.000000	0.000000	0.000000	0.000000
1761685764.553273439	0.000000	0.000051	-0.000408	-0.031983	-0.000000	0.000000	-0.000000	-0.000257	0.001169	-0.008815	-0.000000	-0.000000	0.027120	0.334027	-1.967081	0.124092	0.000000	0.000204	0.000000	0.000000	0.000000	0.997607	0.000000	0.000000	0.000000	0.000000
1761685764.652931452	0.000000	0.000070	-0.000480	-0.018883	-0.000000	0.000000	-0.000000	-0.000341	0.001350	-0.012203	-0.000000	-0.000000	0.027120	0.333981	-1.966958	0.123005	0.000000	0.000204	0.000000	0.000000	0.000000	0.997607	0.000000	0.000000	0.000000	0.000000
1761685764.752890825	0.000000	0.000082	-0.000518	-0.005324	-0.000000	0.000000	-0.000000	-0.000390	0.001440	-0.014310	-0.000000	-0.000000	0.027120	0.333926	-1.966823	0.121653	0.000000	0.000204	0.000000	0.000000	0.000000	0.997607	0.000000	0.000000	0.000000	0.000000
1761685764.852806807	-0.000000	0.000086	-0.000523	0.007513	0.000000	0.000000	0.000000	-0.000403	0.001438	-0.015068	-0.000000	-0.000000	0.027120	0.333869	-1.966684	0.120168	0.000000	0.000204	0.000000	0.000000	0.000000	0.997607	0.000000	0.000000	0.000000	0.000000
1761685764.953021049	-0.000000	0.000083	-0.000496	0.018626	-0.000000	-0.000000	0.000000	-0.000381	0.001351	-0.014531	-0.000000	0.000000	0.027120	0.333814	-1.966550	0.118684	0.000000	0.000204	0.000000	0.000000	0.000000	0.997607	0.000000	0.000000	0.000000	0.000000
1761685765.052772045	-0.000000	0.000073	-0.000442	0.027259	0.000000	-0.000000	0.000000	-0.000329	0.001192	-0.012853	-0.000000	0.000000	0.027120	0.333764	-1.966429	0.117321	0.000000	0.000204	0.000000	0.000000	0.000000	0.997607	0.000000	0.000000	0.000000	0.000000
1761685765.152834892	-0.000000	0.000057	-0.000367	0.032939	0.000000	-0.000000	0.000000	-0.000255	0.000979	-0.010271	-0.000000	0.000000	0.027120	0.333723	-1.966326	0.116180	0.000000	0.000204	0.000000	0.000000	0.000000	0.997607	0.000000	0.000000	0.000000	0.000000
1761685765.252911568	-0.000000	0.000038	-0.000280	0.035478	-0.000000	-0.000000	0.000000	-0.000165	0.000733	-0.007072	-0.000000	0.000000	0.027120	0.333693	-1.966245	0.115335	-0.000000	0.000204	0.000000	0.000000	0.000000	0.997607	0.000000	0.000000	0.000000	0.000000
1761685765.352837801	-0.000000	0.000018	-0.000187	-0.889615	-0.000000	-0.000000	0.000000	-0.000070	0.000476	-0.003567	-0.000000	0.000000	0.027120	0.333675	-1.966188	0.114831	0.000000	0.000204	0.000000	0.000000	0.000000	0.000000	0.000000	0.000000	0.000000	0.000000
1761685765.452828884	0.000000	0.000373	-0.001589	-0.779730	0.000000	0.000000	-0.000000	-0.001987	0.005235	-0.077110	-0.000000	-0.000000	0.027120	0.333542	-1.965918	0.110827	-0.000000	0.000204	0.000000	0.000000	0.000000	0.000000	0.000000	0.000000	0.000000	0.000000
1761685765.552792788	0.000000	0.000981	-0.003670	-0.547168	-0.000000	0.000000	-0.000000	-0.004038	0.010286	-0.156914	-0.000000	-0.000000	0.027120	0.333137	-1.965132	0.098384	0.000000	0.000204	0.000000	0.000000	0.000000	0.000000	0.000000	0.000000	0.000000	0.000000
1761685765.653289557	0.000000	0.001516	-0.005279	-0.275438	-0.000000	0.000000	-0.000000	-0.005474	0.013764	-0.215507	-0.000000	-0.000000	0.027120	0.332537	-1.963938	0.079113	0.000000	0.000204	0.000000	0.000000	0.000000	0.000000	0.000000	0.000000	0.000000	0.000000
1761685765.753170013	0.000000	0.001829	-0.006124	-0.012756	-0.000000	0.000000	-0.000000	-0.006149	0.015354	-0.247580	-0.000000	-0.000000	0.027121	0.331846	-1.962498	0.055503	0.000000	0.000204	0.000000	0.000000	0.000000	0.000000	0.000000	0.000000	0.000000	0.000000
1761685765.852850437	-0.000000	0.001865	-0.006152	0.207299	0.000000	0.000000	0.000000	-0.006083	0.015137	-0.253233	-0.000000	-0.000000	0.027121	0.331164	-1.960991	0.030233	0.000000	0.000204	0.000000	0.000000	0.000000	0.000000	0.000000	0.000000	0.000000	0.000000
1761685765.952774525	-0.000000	0.001655	-0.005490	0.369219	0.000000	-0.000000	0.000000	-0.005402	0.013432	-0.236171	-0.000000	0.000000	0.027121	0.330565	-1.959578	0.005752	0.000000	0.000204	0.000000	0.000000	0.000000	0.000000	0.000000	0.000000	0.000000	0.000000
1761685766.052889824	-0.000000	0.001283	-0.004358	0.472127	0.000000	-0.000000	0.000000	-0.004285	0.010670	-0.201948	-0.000000	0.000000	0.027121	0.330093	-1.958387	-0.015981	0.000000	0.000204	0.000000	0.000000	0.000000	0.000000	0.000000	0.000000	0.000000	0.000000
1761685766.153577566	-0.000000	0.000846	-0.002987	0.522977	0.000000	-0.000000	0.000000	-0.002910	0.007279	-0.156450	-0.000000	0.000000	0.027121	0.329764	-1.957506	-0.033593	0.000000	0.000204	0.000000	0.000000	0.000000	0.000000	0.000000	0.000000	0.000000	0.000000
1761685766.253018379	-0.000000	0.000419	-0.001565	0.530902	0.000000	-0.000000	0.000000	-0.001435	0.003631	-0.105000	-0.000000	0.000000	0.027121	0.329579	-1.956981	-0.046272	0.000000	0.000204	0.000000	0.000000	0.000000	0.000000	0.000000	0.000000	0.000000	0.000000
1761685766.353254557	-0.000000	0.000051	-0.000222	0.504257	0.000000	-0.000000	0.000000	0.000021	0.000020	-0.052042	-0.000000	0.000000	0.027121	0.329528	-1.956827	-0.053689	0.000000	0.000204	0.000000	0.000000	0.000000	0.000000	0.000000	0.000000	0.000000	0.000000
1761685766.452954292	-0.000000	-0.000245	0.001023	0.449799	-0.000000	-0.000000	0.000000	0.001367	-0.003327	-0.001172	-0.000000	0.000000	0.027121	0.329599	-1.957027	-0.055907	0.000000	0.000204	0.000000	0.000000	0.000000	0.000000	0.000000	0.000000	0.000000	0.000000
1761685766.552980900	-0.000000	-0.000473	0.002205	0.367580	-0.000000	-0.000000	0.000000	0.002536	-0.006231	0.044715	-0.000000	0.000000	0.027121	0.329777	-1.957543	-0.053310	0.000000	0.000204	0.000000	0.000000	0.000000	0.000000	0.000000	0.000000	0.000000	0.000000
1761685766.652900219	-0.000000	-0.000635	0.003216	0.256194	-0.000000	-0.000000	0.000000	0.003466	-0.008517	0.082844	-0.000000	0.000000	0.027121	0.330048	-1.958318	-0.046557	0.000000	0.000204	0.000000	0.000000	0.000000	0.000000	0.000000	0.000000	0.000000	0.000000
1761685766.753036737	-0.000000	-0.000735	0.003937	0.130800	-0.000000	-0.000000	0.000000	0.004094	-0.010010	0.110319	-0.000000	0.000000	0.027121	0.330394	-1.959278	-0.036592	0.000000	0.000204	0.000000	0.000000	0.000000	0.000000	0.000000	0.000000	0.000000	0.000000
1761685766.853013039	-0.000000	-0.000781	0.004288	0.007365	-0.000000	-0.000000	0.000000	0.004388	-0.010627	0.125489	-0.000000	0.000000	0.027121	0.330791	-1.960333	-0.024589	0.000000	0.000204	0.000000	0.000000	0.000000	0.000000	0.000000	0.000000	0.000000	0.000000
1761685766.952900171	-0.000000	-0.000781	0.004252	-0.101329	0.000000	-0.000000	0.000000	0.004359	-0.010399	0.128283	-0.000000	0.000000	0.027121	0.331211	-1.961396	-0.011791	0.000000	0.000204	0.000000	0.000000	0.000000	0.000000	0.000000	0.000000	0.000000	0.000000
1761685767.052901268	0.000000	-0.000742	0.003878	-0.187195	0.000000	0.000000	-0.000000	0.004044	-0.009444	0.119962	-0.000000	-0.000000	0.027121	0.331625	-1.962387	0.000627	0.000000	0.000204	0.000000	0.000000	0.000000	0.000000	0.000000	0.000000	0.000000	0.000000
1761685767.152897120	0.000000	-0.000667	0.003253	-0.246672	0.000000	0.000000	-0.000000	0.003505	-0.007935	0.102673	-0.000000	-0.000000	0.027121	0.332005	-1.963245	0.011675	0.000000	0.000204	0.000000	0.000000	0.000000	0.000000	0.000000	0.000000	0.000000	0.000000
1761685767.252941370	0.000000	-0.000561	0.002481	-0.279605	0.000000	0.000000	-0.000000	0.002812	-0.006068	0.078997	-0.000000	-0.000000	0.027120	0.332327	-1.963927	0.020602	-0.000000	0.000204	0.000000	0.000000	0.000000	0.000000	0.000000	0.000000	0.000000	0.000000
1761685767.353673935	0.000000	-0.000429	0.001658	-0.287925	0.000000	0.000000	-0.000000	0.002035	-0.004030	0.051586	-0.000000	-0.000000	0.027120	0.332575	-1.964410	0.026926	-0.000000	0.000204	0.000000	0.000000	0.000000	0.000000	0.000000	0.000000	0.000000	0.000000
1761685767.452981710	0.000000	-0.000281	0.000861	-0.274625	0.000000	0.000000	-0.000000	0.001241	-0.001990	0.022932	-0.000000	-0.000000	0.027120	0.332741	-1.964689	0.030419	-0.000000	0.000204	0.000000	0.000000	0.000000	0.000000	0.000000	0.000000	0.000000	0.000000
1761685767.552916527	0.000000	-0.000128	0.000145	-0.243161	0.000000	0.000000	-0.000000	0.000488	-0.000092	-0.004752	-0.000000	-0.000000	0.027120	0.332823	-1.964774	0.031088	-0.000000	0.000204	0.000000	0.000000	0.000000	0.000000	0.000000	0.000000	0.000000	0.000000
1761685767.653041840	0.000000	0.000018	-0.000466	-0.194668	0.000000	0.000000	-0.000000	-0.000174	0.001549	-0.029593	-0.000000	-0.000000	0.027120	0.332830	-1.964685	0.029142	0.000000	0.000204	0.000000	0.000000	0.000000	0.000000	0.000000	0.000000	0.000000	0.000000
1761685767.753121138	0.000000	0.000145	-0.000965	-0.132433	0.000000	0.000000	-0.000000	-0.000702	0.002833	-0.049868	-0.000000	-0.000000	0.027120	0.332775	-1.964454	0.024966	-0.000000	0.000204	0.000000	0.000000	0.000000	0.000000	0.000000	0.000000	0.000000	0.000000
1761685767.853008986	0.000000	0.000239	-0.001312	-0.063976	-0.000000	0.000000	-0.000000	-0.001059	0.003676	-0.064148	-0.000000	-0.000000	0.027120	0.332675	-1.964120	0.019103	-0.000000	0.000204	0.000000	0.000000	0.000000	0.000000	0.000000	0.000000	0.000000	0.000000
1761685767.953000784	0.000000	0.000291	-0.001482	0.003252	0.000000	0.000000	-0.000000	-0.001229	0.004045	-0.071687	0.000000	-0.000000	0.027120	0.332552	-1.963730	0.012201	-0.000000	0.000204	0.000000	0.000000	0.000000	0.000000	0.000000	0.000000	0.000000	0.000000
1761685768.053012848	0.000000	0.000295	-0.001477	0.063064	0.000000	0.000000	0.000000	-0.001216	0.003957	-0.072482	0.000000	-0.000000	0.027120	0.332425	-1.963328	0.004939	-0.000000	0.000204	0.000000	0.000000	0.000000	0.000000	0.000000	0.000000	0.000000	0.000000
1761685768.152933598	-0.000000	0.000257	-0.001315	0.111099	0.000000	-0.000000	0.000000	-0.001042	0.003469	-0.067173	0.000000	0.000000	0.027120	0.332312	-1.962959	-0.002041	-0.000000	0.000204	0.000000	0.000000	0.000000	0.000000	0.000000	0.000000	0.000000	0.000000
1761685768.253385544	-0.000000	0.000188	-0.001031	0.144903	0.000000	-0.000000	0.000000	-0.000740	0.002669	-0.056863	0.000000	0.000000	0.027120	0.332226	-1.962656	-0.008190	-0.000000	0.000204	0.000000	0.000000	0.000000	0.000000	0.000000	0.000000	0.000000	0.000000
1761685768.353003979	-0.000000	0.000098	-0.000667	0.163683	-0.000000	-0.000000	0.000000	-0.000351	0.001660	-0.042936	0.000000	0.000000	0.027120	0.332176	-1.962446	-0.013087	0.000000	0.000204	0.000000	0.000000	0.000000	0.000000	0.000000	0.000000	0.000000	0.000000
1761685768.453038931	-0.000000	0.000001	-0.000265	0.167913	-0.000000	-0.000000	0.000000	0.000083	0.000547	-0.026881	0.000000	0.000000	0.027120	0.332168	-1.962344	-0.016458	0.000000	0.000204	0.000000	0.000000	0.000000	0.000000	0.000000	0.000000	0.000000	0.000000
1761685768.553061962	-0.000000	-0.000095	0.000138	0.158962	-0.000000	-0.000000	0.000000	0.000523	-0.000572	-0.010160	0.000000	0.000000	0.027120	0.332201	-1.962356	-0.018173	0.000000	0.000204	0.000000	0.000000	0.000000	0.000000	0.000000	0.000000	0.000000	0.000000
1761685768.652969599	-0.000000	-0.000181	0.000523	0.138767	-0.000000	-0.000000	0.000000	0.000934	-0.001607	0.005885	0.000000	0.000000	0.027120	0.332276	-1.962475	-0.018247	0.000000	0.000204	0.000000	0.000000	0.000000	0.000000	0.000000	0.000000	0.000000	0.000000
1761685768.752882242	-0.000000	-0.000253	0.000864	0.108614	-0.000000	-0.000000	0.000000	0.001286	-0.002486	0.020098	-0.000000	0.000000	0.027120	0.332386	-1.962690	-0.016815	0.000000	0.000204	0.000000	0.000000	0.000000	0.000000	0.000000	0.000000	0.000000	0.000000
1761685768.852956295	-0.000000	-0.000308	0.001132	0.071464	-0.000000	-0.000000	0.000000	0.001556	-0.003146	0.031462	-0.000000	0.000000	0.027120	0.332527	-1.962981	-0.014122	0.000000	0.000204	0.000000	0.000000	0.000000	0.000000	0.000000	0.000000	0.000000	0.000000
1761685768.953235626	-0.000000	-0.000343	0.001304	0.031402	-0.000000	-0.000000	0.000000	0.001725	-0.003544	0.039228	-0.000000	0.000000	0.027120	0.332689	-1.963323	-0.010497	0.000000	0.000204	0.000000	0.000000	0.000000	0.000000	0.000000	0.000000	0.000000	0.000000
1761685769.053090334	-0.000000	-0.000357	0.001371	-0.007617	-0.000000	-0.000000	0.000000	0.001787	-0.003667	0.043036	-0.000000	0.000000	0.027120	0.332863	-1.963688	-0.006324	0.000000	0.000204	0.000000	0.000000	0.000000	0.000000	0.000000	0.000000	0.000000	0.000000
1761685769.152887821	-0.000000	-0.000352	0.001334	-0.953006	-0.000000	-0.000000	-0.000000	0.001746	-0.003526	0.042924	-0.000000	-0.000000	0.027120	0.333038	-1.964049	-0.002000	0.000000	0.000204	0.000000	0.000000	0.000000	-0.982710	0.000000	0.000000	0.000000	0.000000
1761685769.252950668	0.000000	-0.000009	-0.000261	-0.872655	0.000000	0.000000	-0.000000	-0.000365	0.001776	-0.036620	-0.000000	-0.000000	0.027120	0.333107	-1.964135	-0.001691	0.000000	0.000204	0.000000	0.000000	0.000000	-0.982710	0.000000	0.000000	0.000000	0.000000
1761685769.352974176	0.000000	0.000585	-0.002499	-0.666734	-0.000000	0.000000	-0.000000	-0.002677	0.007540	-0.125224	-0.000000	-0.000000	0.027120	0.332937	-1.963616	-0.010577	0.000000	0.000204	0.000000	0.000000	0.000000	-0.982710	0.000000	0.000000	0.000000	0.000000
1761685769.452952147	0.000000	0.001177	-0.004404	-0.400564	-0.000000	0.000000	-0.000000	-0.004444	0.011894	-0.195330	-0.000000	-0.000000	0.027120	0.332581	-1.962590	-0.027332	-0.000000	0.000204	0.000000	0.000000	0.000000	-0.982710	0.000000	0.000000	0.000000	0.000000
1761685769.553154945	0.000000	0.001602	-0.005629	-0.124405	0.000000	0.000000	-0.000000	-0.005469	0.014394	-0.239822	-0.000000	-0.000000	0.027121	0.332124	-1.961223	-0.049645	-0.000000	0.000204	0.000000	0.000000	0.000000	-0.982710	0.000000	0.000000	0.000000	0.000000
1761685769.653131485	0.000000	0.001760	-0.006029	0.120280	0.000000	0.000000	-0.000000	-0.005715	0.014983	-0.256866	-0.000000	-0.000000	0.027121	0.331650	-1.959704	-0.074814	-0.000000	0.000204	0.000000	0.000000	0.000000	-0.982710	0.000000	0.000000	0.000000	0.000000
1761685769.753024578	-0.000000	0.001648	-0.005660	0.309764	0.000000	-0.000000	0.000000	-0.005274	0.013902	-0.248916	-0.000000	0.000000	0.027121	0.331227	-1.958215	-0.100206	-0.000000	0.000204	0.000000	0.000000	0.000000	-0.982710	0.000000	0.000000	0.000000	0.000000
1761685769.853001356	-0.000000	0.001335	-0.004716	0.437885	0.000000	-0.000000	0.000000	-0.004313	0.011556	-0.221097	-0.000000	0.000000	0.027121	0.330896	-1.956909	-0.123607	-0.000000	0.000204	0.000000	0.000000	0.000000	-0.982710	0.000000	0.000000	0.000000	0.000000
1761685769.952993631	-0.000000	0.000917	-0.003434	0.509661	0.000000	-0.000000	0.000000	-0.003021	0.008394	-0.179444	0.000000	0.000000	0.027121	0.330670	-1.955894	-0.143376	-0.000000	0.000204	0.000000	0.000000	0.000000	-0.982710	0.000000	0.000000	0.000000	0.000000
1761685770.052969933	-0.000000	0.000482	-0.002025	0.534403	-0.000000	-0.000000	0.000000	-0.001568	0.004823	-0.129674	0.000000	0.000000	0.027121	0.330549	-1.955235	-0.158467	0.000000	0.000204	0.000000	0.000000	0.000000	-0.982710	0.000000	0.000000	0.000000	0.000000
1761685770.153369188	-0.000000	0.000090	-0.000646	0.521412	-0.000000	-0.000000	0.000000	-0.000091	0.001170	-0.076647	0.000000	0.000000	0.027121	0.330523	-1.954957	-0.168358	0.000000	0.000204	0.000000	0.000000	0.000000	-0.982710	0.000000	0.000000	0.000000	0.000000
1761685770.252919912	-0.000000	-0.000234	0.000629	0.478339	-0.000000	-0.000000	0.000000	0.001309	-0.002311	-0.024289	-0.000000	0.000000	0.027121	0.330580	-1.955056	-0.172959	0.000000	0.000204	0.000000	0.000000	0.000000	-0.982710	0.000000	0.000000	0.000000	0.000000
1761685770.352855921	-0.000000	-0.000492	0.001861	0.410107	-0.000000	-0.000000	0.000000	0.002353	-0.004917	0.016291	-0.000000	0.000000	0.027121	0.330684	-1.955405	-0.172931	0.000000	0.000204	0.000000	0.000000	0.000000	-0.982710	0.000000	0.000000	0.000000	0.000000
1761685770.452989817	-0.000000	-0.000654	0.002796	0.329627	-0.000000	-0.000000	0.000000	0.003426	-0.007593	0.059576	-0.000000	0.000000	0.027121	0.330868	-1.956100	-0.168701	0.000000	0.000204	0.000000	0.000000	0.000000	-0.982710	0.000000	0.000000	0.000000	0.000000
1761685770.553115129	-0.000000	-0.000788	0.003702	0.212950	-0.000000	-0.000000	0.000000	0.004230	-0.009572	0.093880	-0.000000	0.000000	0.027121	0.331110	-1.957031	-0.160686	0.000000	0.000204	0.000000	0.000000	0.000000	-0.982710	0.000000	0.000000	0.000000	0.000000
1761685770.653123140	-0.000000	-0.000864	0.004298	0.087521	-0.000000	-0.000000	0.000000	0.004727	-0.010745	0.117119	-0.000000	0.000000	0.027121	0.331400	-1.958120	-0.149862	0.000000	0.000204	0.000000	0.000000	0.000000	-0.982710	0.000000	0.000000	0.000000	0.000000
1761685770.752964497	-0.000000	-0.000890	0.004509	-0.031176	-0.000000	-0.000000	0.000000	0.004891	-0.011050	0.127962	-0.000000	0.000000	0.027121	0.331722	-1.959277	-0.137430	0.000000	0.000204	0.000000	0.000000	0.000000	-0.982710	0.000000	0.000000	0.000000	0.000000
1761685770.853104591	-0.000000	-0.000873	0.004344	-0.132093	0.000000	0.000000	0.000000	0.004744	-0.010547	0.126823	-0.000000	-0.000000	0.027121	0.332060	-1.960412	-0.124618	0.000000	0.000204	0.000000	0.000000	0.000000	-0.982710	0.000000	0.000000	0.000000	0.000000
1761685770.952958345	0.000000	-0.000818	0.003866	-0.208876	0.000000	0.000000	-0.000000	0.004334	-0.009376	0.115295	-0.000000	-0.000000	0.027120	0.332392	-1.961449	-0.112538	0.000000	0.000204	0.000000	0.000000	0.000000	-0.982710	0.000000	0.000000	0.000000	0.000000
1761685771.052932024	0.000000	-0.000729	0.003172	-0.259261	0.000000	0.000000	-0.000000	0.003725	-0.007720	0.095687	-0.000000	-0.000000	0.027120	0.332698	-1.962331	-0.102099	-0.000000	0.000204	0.000000	0.000000	0.000000	-0.982710	0.000000	0.000000	0.000000	0.000000
1761685771.152836561	0.000000	-0.000611	0.002363	-0.283860	0.000000	0.000000	-0.000000	0.002988	-0.005771	0.070601	-0.000000	-0.000000	0.027120	0.332963	-1.963020	-0.093959	0.000000	0.000204	0.000000	0.000000	0.000000	-0.982710	0.000000	0.000000	0.000000	0.000000
1761685771.252790451	0.000000	-0.000471	0.001531	-0.284958	0.000000	0.000000	-0.000000	0.002190	-0.003709	0.042625	-0.000000	-0.000000	0.027120	0.333173	-1.963498	-0.088513	-0.000000	0.000204	0.000000	0.000000	0.000000	-0.982710	0.000000	0.000000	0.000000	0.000000
1761685771.352806330	0.000000	-0.000318	0.000746	-0.265666	0.000000	0.000000	-0.000000	0.001528	-0.002028	0.018897	-0.000000	-0.000000	0.027120	0.333302	-1.963735	-0.086147	-0.000000	0.000204	0.000000	0.000000	0.000000	-0.982710	0.000000	0.000000	0.000000	0.000000
1761685771.452725887	0.000000	-0.000164	0.000056	-0.229198	0.000000	0.000000	-0.000000	0.000781	-0.000159	-0.008313	-0.000000	-0.000000	0.027120	0.333402	-1.963836	-0.085866	-0.000000	0.000204	0.000000	0.000000	0.000000	-0.982710	0.000000	0.000000	0.000000	0.000000
1761685771.552762032	0.000000	-0.000025	-0.000506	-0.177306	0.000000	0.000000	-0.000000	0.000150	0.001389	-0.031841	0.000000	-0.000000	0.027120	0.333449	-1.963763	-0.088095	-0.000000	0.000204	0.000000	0.000000	0.000000	-0.982710	0.000000	0.000000	0.000000	0.000000
1761685771.652742624	0.000000	0.000087	-0.000940	-0.114990	0.000000	0.000000	-0.000000	-0.000336	0.002561	-0.050436	0.000000	-0.000000	0.027120	0.333454	-1.963552	-0.092400	-0.000000	0.000204	0.000000	0.000000	0.000000	-0.982710	0.000000	0.000000	0.000000	0.000000
1761685771.752743483	0.000000	0.000163	-0.001217	-0.049553	0.000000	0.000000	-0.000000	-0.000652	0.003294	-0.062974	0.000000	-0.000000	0.027120	0.333429	-1.963247	-0.098218	-0.000000	0.000204	0.000000	0.000000	0.000000	-0.982710	0.000000	0.000000	0.000000	0.000000
1761685771.852706194	0.000000	0.000197	-0.001324	0.012433	0.000000	0.000000	-0.000000	-0.000788	0.003577	-0.069020	0.000000	-0.000000	0.027120	0.333391	-1.962892	-0.104914	-0.000000	0.000204	0.000000	0.000000	0.000000	-0.982710	0.000000	0.000000	0.000000	0.000000
1761685771.952755451	0.000000	0.000189	-0.001271	0.065918	0.000000	0.000000	-0.000000	-0.000756	0.003440	-0.068809	0.000000	-0.000000	0.027120	0.333351	-1.962533	-0.111847	-0.000000	0.000204	0.000000	0.000000	0.000000	-0.982710	0.000000	0.000000	0.000000	0.000000
1761685772.052831173	-0.000000	0.000146	-0.001085	0.107628	-0.000000	-0.000000	0.000000	-0.000581	0.002948	-0.063109	0.000000	0.000000	0.027120	0.333321	-1.962210	-0.118432	-0.000000	0.000204	0.000000	0.000000	0.000000	-0.982710	0.000000	0.000000	0.000000	0.000000
1761685772.152727604	-0.000000	0.000077	-0.000800	0.135959	-0.000000	-0.000000	0.000000	-0.000296	0.002189	-0.053041	0.000000	0.000000	0.027120	0.333310	-1.961955	-0.124185	-0.000000	0.000204	0.000000	0.000000	0.000000	-0.982710	0.000000	0.000000	0.000000	0.000000
1761685772.253019810	-0.000000	0.000008	-0.000515	0.149019	-0.000000	-0.000000	0.000000	0.000062	0.001256	-0.039917	0.000000	0.000000	0.027120	0.333322	-1.961789	-0.128743	0.000000	0.000204	0.000000	0.000000	0.000000	-0.982710	0.000000	0.000000	0.000000	0.000000
1761685772.353045464	-0.000000	-0.000079	-0.000152	0.153188	-0.000000	-0.000000	0.000000	0.000451	0.000249	-0.025233	0.000000	0.000000	0.027120	0.333359	-1.961726	-0.131887	0.000000	0.000204	0.000000	0.000000	0.000000	-0.982710	0.000000	0.000000	0.000000	0.000000
1761685772.452834129	-0.000000	-0.000164	0.000212	0.145536	-0.000000	-0.000000	0.000000	0.000845	-0.000761	-0.009984	0.000000	0.000000	0.027120	0.333422	-1.961769	-0.133524	0.000000	0.000204	0.000000	0.000000	0.000000	-0.982710	0.000000	0.000000	0.000000	0.000000
1761685772.552972555	-0.000000	-0.000242	0.000563	0.127586	-0.000000	-0.000000	0.000000	0.001213	-0.001700	0.004697	0.000000	0.000000	0.027120	0.333510	-1.961913	-0.133660	0.000000	0.000204	0.000000	0.000000	0.000000	-0.982710	0.000000	0.000000	0.000000	0.000000
1761685772.652823210	-0.000000	-0.000307	0.000874	0.100608	-0.000000	-0.000000	0.000000	0.001529	-0.002499	0.017755	0.000000	0.000000	0.027120	0.333620	-1.962148	-0.132417	0.000000	0.000204	0.000000	0.000000	0.000000	-0.982710	0.000000	0.000000	0.000000	0.000000
1761685772.752950430	-0.000000	-0.000357	0.001119	0.067186	-0.000000	-0.000000	0.000000	0.001770	-0.003102	0.028265	-0.000000	0.000000	0.027120	0.333748	-1.962454	-0.130009	0.000000	0.000204	0.000000	0.000000	0.000000	-0.982710	0.000000	0.000000	0.000000	0.000000
1761685772.852959156	-0.000000	-0.000388	0.001278	0.030945	-0.000000	-0.000000	0.000000	0.001922	-0.003471	0.035541	-0.000000	0.000000	0.027120	0.333890	-1.962808	-0.126735	0.000000	0.000204	0.000000	0.000000	0.000000	-0.982710	0.000000	0.000000	0.000000	0.000000
1761685772.952911139	-0.000000	-0.000400	0.001341	-0.004581	-0.000000	-0.000000	0.000000	0.001976	-0.003590	0.039240	-0.000000	0.000000	0.027120	0.334041	-1.963186	-0.122940	0.000000	0.000204	0.000000	0.000000	0.000000	-0.982710	0.000000	0.000000	0.000000	0.000000
1761685773.053016424	-0.000000	-0.000395	0.001310	-0.036358	0.000000	-0.000000	0.000000	0.001936	-0.003469	0.039374	-0.000000	-0.000000	0.027120	0.334193	-1.963560	-0.118984	0.000000	0.000204	0.000000	0.000000	0.000000	-0.982710	0.000000	0.000000	0.000000	0.000000
1761685773.152888775	0.000000	-0.000374	0.001195	-0.062103	0.000000	0.000000	-0.000000	0.001813	-0.003139	0.036267	-0.000000	-0.000000	0.027120	0.334340	-1.963909	-0.115205	0.000000	0.000204	0.000000	0.000000	0.000000	-0.982710	0.000000	0.000000	0.000000	0.000000
1761685773.252828836	0.000000	-0.000339	0.001014	-0.080364	0.000000	0.000000	-0.000000	0.001622	-0.002644	0.030486	-0.000000	-0.000000	0.027120	0.334477	-1.964212	-0.111898	0.000000	0.000204	0.000000	0.000000	0.000000	-0.982710	0.000000	0.000000	0.000000	0.000000
1761685773.352755070	0.000000	-0.000294	0.000790	-0.090498	0.000000	0.000000	-0.000000	0.001425	-0.002143	0.024094	-0.000000	-0.000000	0.027120	0.334580	-1.964421	-0.109667	0.000000	0.000204	0.000000	0.000000	0.000000	-0.982710	0.000000	0.000000	0.000000	0.000000
1761685773.453194857	0.000000	-0.000251	0.000584	-0.092434	0.000000	0.000000	-0.000000	0.001162	-0.001485	0.015213	-0.000000	-0.000000	0.027120	0.334688	-1.964610	-0.107769	-0.000000	0.000204	0.000000	0.000000	0.000000	-0.982710	0.000000	0.000000	0.000000	0.000000
1761685773.552955389	0.000000	-0.000196	0.000339	-0.088085	0.000000	0.000000	-0.000000	0.000896	-0.000825	0.006002	-0.000000	-0.000000	0.027120	0.334776	-1.964730	-0.106783	-0.000000	0.000204	0.000000	0.000000	0.000000	-0.982710	0.000000	0.000000	0.000000	0.000000
1761685773.653061152	0.000000	-0.000143	0.000112	-0.077287	0.000000	0.000000	-0.000000	0.000644	-0.000210	-0.002879	-0.000000	-0.000000	0.027120	0.334845	-1.964784	-0.106704	-0.000000	0.000204	0.000000	0.000000	0.000000	-0.982710	0.000000	0.000000	0.000000	0.000000
1761685773.753053904	0.000000	-0.000095	-0.000085	-0.061017	0.000000	0.000000	-0.000000	0.000423	0.000320	-0.010788	0.000000	-0.000000	0.027120	0.334897	-1.964779	-0.107461	-0.000000	0.000204	0.000000	0.000000	0.000000	-0.982710	0.000000	0.000000	0.000000	0.000000
1761685773.853322506	0.000000	-0.000056	-0.000240	-0.040922	0.000000	0.000000	-0.000000	0.000247	0.000729	-0.017161	0.000000	-0.000000	0.027120	0.334935	-1.964726	-0.108923	-0.000000	0.000204	0.000000	0.000000	0.000000	-0.982710	0.000000	0.000000	0.000000	0.000000
1761685773.953222036	0.000000	-0.000027	-0.000346	-0.019094	0.000000	0.000000	-0.000000	0.000126	0.000997	-0.021588	0.000000	-0.000000	0.027120	0.334962	-1.964639	-0.110911	-0.000000	0.000204	0.000000	0.000000	0.000000	-0.982710	0.000000	0.000000	0.000000	0.000000
1761685774.052993536	0.000000	-0.000012	-0.000398	0.002410	0.000000	0.000000	-0.000000	0.000064	0.001114	-0.023861	0.000000	-0.000000	0.027120	0.334982	-1.964533	-0.113218	-0.000000	0.000204	0.000000	0.000000	0.000000	-0.982710	0.000000	0.000000	0.000000	0.000000
1761685774.152937412	0.000000	-0.000009	-0.000396	0.021786	-0.000000	0.000000	-0.000000	0.000061	0.001084	-0.023979	0.000000	0.000000	0.027120	0.335001	-1.964424	-0.115626	-0.000000	0.000204	0.000000	0.000000	0.000000	-0.982710	0.000000	0.000000	0.000000	0.000000
1761685774.253029823	-0.000000	-0.000018	-0.000346	0.037624	-0.000000	-0.000000	0.000000	0.000109	0.000925	-0.022123	0.000000	0.000000	0.027120	0.335021	-1.964325	-0.117929	-0.000000	0.000204	0.000000	0.000000	0.000000	-0.982710	0.000000	0.000000	0.000000	0.000000
1761685774.353100538	-0.000000	-0.000036	-0.000257	0.048978	0.000000	-0.000000	0.000000	0.000200	0.000664	-0.018625	0.000000	0.000000	0.027120	0.335046	-1.964250	-0.119948	-0.000000	0.000204	0.000000	0.000000	0.000000	-0.982710	0.000000	0.000000	0.000000	0.000000
1761685774.452785730	-0.000000	-0.000062	-0.000140	0.055379	-0.000000	-0.000000	0.000000	0.000321	0.000332	-0.013916	0.000000	0.000000	0.027120	0.335078	-1.964206	-0.121544	-0.000000	0.000204	0.000000	0.000000	0.000000	-0.982710	0.000000	0.000000	0.000000	0.000000
1761685774.553334236	-0.000000	-0.000090	-0.000010	0.056795	-0.000000	-0.000000	0.000000	0.000457	-0.000036	-0.008485	0.000000	0.000000	0.027120	0.335119	-1.964199	-0.122623	-0.000000	0.000204	0.000000	0.000000	0.000000	-0.982710	0.000000	0.000000	0.000000	0.000000
1761685774.652875185	-0.000000	-0.000120	0.000124	0.053579	-0.000000	-0.000000	0.000000	0.000596	-0.000407	-0.002829	0.000000	0.000000	0.027120	0.335170	-1.964231	-0.123142	-0.000000	0.000204	0.000000	0.000000	0.000000	-0.982710	0.000000	0.000000	0.000000	0.000000
1761685774.753064632	-0.000000	-0.000147	0.000250	0.046376	-0.000000	-0.000000	0.000000	0.000726	-0.000748	0.002583	0.000000	0.000000	0.027120	0.335229	-1.964299	-0.123107	0.000000	0.000204	0.000000	0.000000	0.000000	-0.982710	0.000000	0.000000	0.000000	0.000000
1761685774.853043318	-0.000000	-0.000170	0.000359	0.035939	-0.000000	-0.000000	0.000000	0.000836	-0.001035	0.007340	0.000000	0.000000	0.027120	0.335296	-1.964400	-0.122567	0.000000	0.000204	0.000000	0.000000	0.000000	-0.982710	0.000000	0.000000	0.000000	0.000000
1761685774.952878237	-0.000000	-0.000188	0.000441	0.023364	-0.000000	-0.000000	0.000000	0.000917	-0.001246	0.011108	-0.000000	0.000000	0.027120	0.335370	-1.964527	-0.121606	0.000000	0.000204	0.000000	0.000000	0.000000	-0.982710	0.000000	0.000000	0.000000	0.000000
1761685775.052826166	-0.000000	-0.000198	0.000493	0.009903	-0.000000	-0.000000	0.000000	0.000964	-0.001370	0.013654	-0.000000	0.000000	0.027120	0.335435	-1.964645	-0.120565	0.000000	0.000204	0.000000	0.000000	0.000000	-0.982710	0.000000	0.000000	0.000000	0.000000
1761685775.152834177	-0.000000	-0.000202	0.000510	-0.003230	-0.000000	-0.000000	0.000000	0.000975	-0.001401	0.014869	-0.000000	0.000000	0.027120	0.335528	-1.964820	-0.118892	0.000000	0.000204	0.000000	0.000000	0.000000	-0.982710	0.000000	0.000000	0.000000	0.000000
1761685775.253071547	-0.000000	-0.000198	0.000495	-0.014966	-0.000000	0.000000	0.000000	0.000952	-0.001344	0.014765	-0.000000	-0.000000	0.027120	0.335608	-1.964967	-0.117402	0.000000	0.000204	0.000000	0.000000	0.000000	-0.982710	0.000000	0.000000	0.000000	0.000000
1761685775.352774143	0.000000	-0.000188	0.000450	-0.024464	0.000000	0.000000	-0.000000	0.000898	-0.001211	0.013464	-0.000000	-0.000000	0.027120	0.335684	-1.965104	-0.115993	0.000000	0.000204	0.000000	0.000000	0.000000	-0.982710	0.000000	0.000000	0.000000	0.000000
1761685775.452854395	0.000000	-0.000173	0.000382	-0.031157	-0.000000	0.000000	-0.000000	0.000833	-0.001051	0.011584	-0.000000	-0.000000	0.027120	0.335745	-1.965205	-0.114960	0.000000	0.000204	0.000000	0.000000	0.000000	-0.982710	0.000000	0.000000	0.000000	0.000000
1761685775.552780151	0.000000	-0.000154	0.000298	-0.034758	0.000000	0.000000	-0.000000	0.000739	-0.000823	0.008691	-0.000000	-0.000000	0.027120	0.335812	-1.965306	-0.113963	-0.000000	0.000204	0.000000	0.000000	0.000000	-0.982710	0.000000	0.000000	0.000000	0.000000
1761685775.652985811	0.000000	-0.000132	0.000207	-0.035258	-0.000000	0.000000	-0.000000	0.000635	-0.000573	0.005335	-0.000000	-0.000000	0.027120	0.335872	-1.965381	-0.113285	0.000000	0.000204	0.000000	0.000000	0.000000	-0.982710	0.000000	0.000000	0.000000	0.000000
1761685775.752898455	0.000000	-0.000111	0.000116	-0.032887	0.000000	0.000000	-0.000000	0.000530	-0.000321	0.001826	-0.000000	-0.000000	0.027120	0.335924	-1.965430	-0.112956	-0.000000	0.000204	0.000000	0.000000	0.000000	-0.982710	0.000000	0.000000	0.000000	0.000000
1761685775.852930784	0.000000	-0.000090	0.000033	-0.028147	0.000000	0.000000	-0.000000	0.000432	-0.000092	-0.001502	-0.000000	-0.000000	0.027120	0.335969	-1.965454	-0.112969	-0.000000	0.000204	0.000000	0.000000	0.000000	-0.982710	0.000000	0.000000	0.000000	0.000000
1761685775.953066349	0.000000	-0.000072	-0.000036	-0.021590	0.000000	0.000000	-0.000000	0.000347	0.000101	-0.004396	-0.000000	-0.000000	0.027120	0.336007	-1.965455	-0.113292	-0.000000	0.000204	0.000000	0.000000	0.000000	-0.982710	0.000000	0.000000	0.000000	0.000000
1761685776.052923918	0.000000	-0.000058	-0.000089	-0.013914	0.000000	0.000000	-0.000000	0.000280	0.000246	-0.006664	0.000000	-0.000000	0.027120	0.336039	-1.965440	-0.113868	-0.000000	0.000204	0.000000	0.000000	0.000000	-0.982710	0.000000	0.000000	0.000000	0.000000
1761685776.153723955	0.000000	-0.000048	-0.000121	-0.005857	0.000000	0.000000	-0.000000	0.000235	0.000337	-0.008184	0.000000	-0.000000	0.027120	0.336068	-1.965413	-0.114628	-0.000000	0.000204	0.000000	0.000000	0.000000	-0.982710	0.000000	0.000000	0.000000	0.000000
1761685776.252802610	0.000000	-0.000043	-0.000134	0.001887	-0.000000	0.000000	-0.000000	0.000211	0.000373	-0.008904	0.000000	-0.000000	0.027120	0.336094	-1.965379	-0.115494	0.000000	0.000204	0.000000	0.000000	0.000000	-0.982710	0.000000	0.000000	0.000000	0.000000
1761685776.353170872	0.000000	-0.000043	-0.000128	0.008724	0.000000	-0.000000	-0.000000	0.000208	0.000356	-0.008844	0.000000	0.000000	0.027120	0.336119	-1.965346	-0.116387	-0.000000	0.000204	0.000000	0.000000	0.000000	-0.982710	0.000000	0.000000	0.000000	0.000000
1761685776.452906847	-0.000000	-0.000046	-0.000110	0.013361	0.000000	-0.000000	0.000000	0.000224	0.000294	-0.008085	0.000000	0.000000	0.027120	0.336144	-1.965316	-0.117232	-0.000000	0.000204	0.000000	0.000000	0.000000	-0.982710	0.000000	0.000000	0.000000	0.000000
1761685776.552874327	-0.000000	-0.000051	-0.000078	0.017573	0.000000	-0.000000	0.000000	0.000253	0.000202	-0.006827	0.000000	0.000000	0.027120	0.336171	-1.965295	-0.117970	-0.000000	0.000204	0.000000	0.000000	0.000000	-0.982710	0.000000	0.000000	0.000000	0.000000
1761685776.653094292	-0.000000	-0.000059	-0.000038	0.020059	0.000000	-0.000000	0.000000	0.000292	0.000084	-0.005140	0.000000	0.000000	0.027120	0.336200	-1.965285	-0.118557	-0.000000	0.000204	0.000000	0.000000	0.000000	-0.982710	0.000000	0.000000	0.000000	0.000000
1761685776.752955198	-0.000000	-0.000069	0.000009	0.020717	0.000000	-0.000000	0.000000	0.000337	-0.000048	-0.003175	0.000000	0.000000	0.027120	0.336231	-1.965288	-0.118958	0.000000	0.000204	0.000000	0.000000	0.000000	-0.982710	0.000000	0.000000	0.000000	0.000000
1761685776.853170633	-0.000000	-0.000078	0.000057	0.019647	-0.000000	-0.000000	0.000000	0.000384	-0.000182	-0.001114	0.000000	0.000000	0.027120	0.336266	-1.965304	-0.119156	0.000000	0.000204	0.000000	0.000000	0.000000	-0.982710	0.000000	0.000000	0.000000	0.000000
1761685776.953516245	-0.000000	-0.000088	0.000103	0.017080	-0.000000	-0.000000	0.000000	0.000428	-0.000306	0.000868	0.000000	0.000000	0.027120	0.336304	-1.965335	-0.119151	0.000000	0.000204	0.000000	0.000000	0.000000	-0.982710	0.000000	0.000000	0.000000	0.000000
1761685777.053005934	-0.000000	-0.000096	0.000142	0.013323	0.000000	-0.000000	0.000000	0.000465	-0.000410	0.002619	-0.000000	0.000000	0.027120	0.336344	-1.965376	-0.118960	0.000000	0.000204	0.000000	0.000000	0.000000	-0.982710	0.000000	0.000000	0.000000	0.000000
1761685777.152991533	-0.000000	-0.000102	0.000171	0.008778	-0.000000	-0.000000	0.000000	0.000492	-0.000487	0.004014	-0.000000	0.000000	0.027120	0.336386	-1.965428	-0.118614	0.000000	0.000204	0.000000	0.000000	0.000000	-0.982710	0.000000	0.000000	0.000000	0.000000
1761685777.252914906	-0.000000	-0.000105	0.000190	0.003884	0.000000	-0.000000	0.000000	0.000507	-0.000533	0.004967	-0.000000	0.000000	0.027120	0.336430	-1.965485	-0.118154	0.000000	0.000204	0.000000	0.000000	0.000000	-0.982710	0.000000	0.000000	0.000000	0.000000
1761685777.353197336	-0.000000	-0.000106	0.000196	-0.000925	-0.000000	-0.000000	0.000000	0.000509	-0.000545	0.005437	-0.000000	0.000000	0.027120	0.336474	-1.965545	-0.117627	0.000000	0.000204	0.000000	0.000000	0.000000	-0.982710	0.000000	0.000000	0.000000	0.000000
1761685777.452982664	-0.000000	-0.000104	0.000191	-0.005261	-0.000000	-0.000000	0.000000	0.000498	-0.000525	0.005425	-0.000000	-0.000000	0.027120	0.336518	-1.965604	-0.117080	0.000000	0.000204	0.000000	0.000000	0.000000	-0.982710	0.000000	0.000000	0.000000	0.000000
1761685777.552818775	-0.000000	-0.000100	0.000175	-0.008808	-0.000000	0.000000	0.000000	0.000475	-0.000476	0.004971	-0.000000	-0.000000	0.027120	0.336560	-1.965659	-0.116561	-0.000000	0.000204	0.000000	0.000000	0.000000	-0.982710	0.000000	0.000000	0.000000	0.000000
1761685777.652811050	0.000000	-0.000093	0.000151	-0.011344	0.000000	0.000000	-0.000000	0.000444	-0.000405	0.004149	-0.000000	-0.000000	0.027120	0.336601	-1.965708	-0.116110	0.000000	0.000204	0.000000	0.000000	0.000000	-0.982710	0.000000	0.000000	0.000000	0.000000
1761685777.752849102	0.000000	-0.000086	0.000120	-0.012749	-0.000000	0.000000	-0.000000	0.000406	-0.000319	0.003057	-0.000000	-0.000000	0.027120	0.336639	-1.965748	-0.115757	-0.000000	0.000204	0.000000	0.000000	0.000000	-0.982710	0.000000	0.000000	0.000000	0.000000
1761685777.852994204	0.000000	-0.000077	0.000087	-0.013004	0.000000	0.000000	-0.000000	0.000365	-0.000225	0.001806	-0.000000	-0.000000	0.027120	0.336673	-1.965778	-0.115523	-0.000000	0.000204	0.000000	0.000000	0.000000	-0.982710	0.000000	0.000000	0.000000	0.000000
1761685777.952904701	0.000000	-0.000069	0.000053	-0.012185	0.000000	0.000000	-0.000000	0.000323	-0.000132	0.000510	-0.000000	-0.000000	0.027120	0.336705	-1.965799	-0.115418	-0.000000	0.000204	0.000000	0.000000	0.000000	-0.982710	0.000000	0.000000	0.000000	0.000000
1761685778.052865982	0.000000	-0.000060	0.000021	-0.010444	0.000000	0.000000	-0.000000	0.000284	-0.000046	-0.000722	0.000000	-0.000000	0.027120	0.336734	-1.965811	-0.115439	-0.000000	0.000204	0.000000	0.000000	0.000000	-0.982710	0.000000	0.000000	0.000000	0.000000
1761685778.152973890	0.000000	-0.000053	-0.000005	-0.007990	0.000000	0.000000	-0.000000	0.000250	0.000027	-0.001796	0.000000	-0.000000	0.027120	0.336760	-1.965814	-0.115575	-0.000000	0.000204	0.000000	0.000000	0.000000	-0.982710	0.000000	0.000000	0.000000	0.000000
1761685778.252876043	0.000000	-0.000047	-0.000026	-0.005080	-0.000000	0.000000	-0.000000	0.000222	0.000081	-0.002636	0.000000	-0.000000	0.027120	0.336784	-1.965811	-0.115806	-0.000000	0.000204	0.000000	0.000000	0.000000	-0.982710	0.000000	0.000000	0.000000	0.000000
1761685778.352879047	0.000000	-0.000043	-0.000040	-0.001992	-0.000000	0.000000	-0.000000	0.000203	0.000115	-0.003192	0.000000	-0.000000	0.027120	0.336806	-1.965803	-0.116104	-0.000000	0.000204	0.000000	0.000000	0.000000	-0.982710	0.000000	0.000000	0.000000	0.000000
1761685778.452913523	0.000000	-0.000040	-0.000045	0.911766	0.000000	0.000000	-0.000000	0.000192	0.000128	-0.003443	0.000000	-0.000000	0.027120	0.336827	-1.965793	-0.116440	0.000000	0.000204	0.000000	0.000000	0.000000	0.000000	0.000000	0.000000	0.000000	0.000000
1761685778.553012371	-0.000000	-0.000347	0.001441	0.803986	0.000000	-0.000000	0.000000	0.002169	-0.004813	0.072504	0.000000	0.000000	0.027120	0.336917	-1.966039	-0.112988	0.000000	0.000204	0.000000	0.000000	0.000000	0.000000	0.000000	0.000000	0.000000	0.000000
1761685778.652945518	-0.000000	-0.000688	0.003699	0.571292	-0.000000	-0.000000	0.000000	0.004283	-0.010038	0.154699	0.000000	0.000000	0.027119	0.337173	-1.966863	-0.100868	0.000000	0.000204	0.000000	0.000000	0.000000	0.000000	0.000000	0.000000	0.000000	0.000000
1761685778.752829313	-0.000000	-0.000885	0.005530	0.295896	-0.000000	-0.000000	0.000000	0.005818	-0.013674	0.215707	-0.000000	0.000000	0.027119	0.337581	-1.968134	-0.081678	0.000000	0.000204	0.000000	0.000000	0.000000	0.000000	0.000000	0.000000	0.000000	0.000000
1761685778.852914095	-0.000000	-0.000980	0.006544	0.027355	-0.000000	-0.000000	0.000000	0.006646	-0.015375	0.249886	-0.000000	0.000000	0.027119	0.338111	-1.969655	-0.057922	0.000000	0.000204	0.000000	0.000000	0.000000	0.000000	0.000000	0.000000	0.000000	0.000000
1761685778.953001499	-0.000000	-0.001012	0.006630	-0.199040	-0.000000	-0.000000	0.000000	0.006779	-0.015207	0.257097	-0.000000	0.000000	0.027119	0.338718	-1.971224	-0.032327	0.000000	0.000204	0.000000	0.000000	0.000000	0.000000	0.000000	0.000000	0.000000	0.000000
1761685779.053143978	0.000000	-0.000994	0.005914	-0.366549	0.000000	0.000000	-0.000000	0.006314	-0.013497	0.240967	-0.000000	-0.000000	0.027119	0.339344	-1.972668	-0.007401	0.000000	0.000204	0.000000	0.000000	0.000000	0.000000	0.000000	0.000000	0.000000	0.000000
1761685779.152944803	0.000000	-0.000922	0.004660	-0.473795	0.000000	0.000000	-0.000000	0.005395	-0.010692	0.207103	-0.000000	-0.000000	0.027119	0.339928	-1.973859	0.014837	0.000000	0.000204	0.000000	0.000000	0.000000	0.000000	0.000000	0.000000	0.000000	0.000000
1761685779.253127575	0.000000	-0.000786	0.003147	-0.527760	0.000000	0.000000	-0.000000	0.004174	-0.007241	0.161511	-0.000000	-0.000000	0.027119	0.340418	-1.974719	0.032962	0.000000	0.000204	0.000000	0.000000	0.000000	0.000000	0.000000	0.000000	0.000000	0.000000
1761685779.352962255	0.000000	-0.000587	0.001603	-0.537827	0.000000	0.000000	-0.000000	0.002789	-0.003528	0.109635	-0.000000	-0.000000	0.027119	0.340775	-1.975214	0.046125	0.000000	0.000204	0.000000	0.000000	0.000000	0.000000	0.000000	0.000000	0.000000	0.000000
1761685779.452878714	0.000000	-0.000334	0.000182	-0.512609	0.000000	0.000000	-0.000000	0.001358	0.000143	0.056020	-0.000000	-0.000000	0.027119	0.340977	-1.975343	0.053968	-0.000000	0.000204	0.000000	0.000000	0.000000	0.000000	0.000000	0.000000	0.000000	0.000000
1761685779.552918911	0.000000	-0.000049	-0.001104	-0.459043	0.000000	0.000000	-0.000000	-0.000017	0.003544	0.004339	-0.000000	-0.000000	0.027119	0.341020	-1.975125	0.056537	-0.000000	0.000204	0.000000	0.000000	0.000000	0.000000	0.000000	0.000000	0.000000	0.000000
1761685779.652951717	0.000000	0.000248	-0.002292	-0.377950	0.000000	0.000000	-0.000000	-0.001256	0.006495	-0.042458	-0.000000	-0.000000	0.027119	0.340916	-1.974600	0.054204	0.000000	0.000204	0.000000	0.000000	0.000000	0.000000	0.000000	0.000000	0.000000	0.000000
1761685779.752933025	0.000000	0.000533	-0.003288	-0.266688	0.000000	0.000000	-0.000000	-0.002281	0.008829	-0.081605	-0.000000	-0.000000	0.027119	0.340689	-1.973820	0.047619	0.000000	0.000204	0.000000	0.000000	0.000000	0.000000	0.000000	0.000000	0.000000	0.000000
1761685779.853127241	0.000000	0.000761	-0.003992	-0.140200	0.000000	0.000000	-0.000000	-0.003008	0.010369	-0.110128	-0.000000	-0.000000	0.027119	0.340375	-1.972854	0.037717	0.000000	0.000204	0.000000	0.000000	0.000000	0.000000	0.000000	0.000000	0.000000	0.000000
1761685779.952820539	0.000000	0.000897	-0.004334	-0.014795	0.000000	0.000000	-0.000000	-0.003389	0.011029	-0.126256	-0.000000	-0.000000	0.027119	0.340016	-1.971784	0.025676	0.000000	0.000204	0.000000	0.000000	0.000000	0.000000	0.000000	0.000000	0.000000	0.000000
1761685780.052789211	0.000000	0.000925	-0.004305	0.096302	0.000000	0.000000	0.000000	-0.003425	0.010833	-0.129826	-0.000000	-0.000000	0.027119	0.339651	-1.970693	0.012755	0.000000	0.000204	0.000000	0.000000	0.000000	0.000000	0.000000	0.000000	0.000000	0.000000
1761685780.152963877	-0.000000	0.000854	-0.003952	0.184613	0.000000	-0.000000	0.000000	-0.003154	0.009897	-0.122047	-0.000000	0.000000	0.027119	0.339316	-1.969662	0.000149	0.000000	0.000204	0.000000	0.000000	0.000000	0.000000	0.000000	0.000000	0.000000	0.000000
1761685780.252865553	-0.000000	0.000708	-0.003355	0.246318	0.000000	-0.000000	0.000000	-0.002641	0.008394	-0.105058	-0.000000	0.000000	0.027119	0.339034	-1.968754	-0.011126	-0.000000	0.000204	0.000000	0.000000	0.000000	0.000000	0.000000	0.000000	0.000000	0.000000
1761685780.352867842	-0.000000	0.000519	-0.002608	0.281128	0.000000	-0.000000	0.000000	-0.001963	0.006516	-0.081454	-0.000000	0.000000	0.027119	0.338820	-1.968019	-0.020298	-0.000000	0.000204	0.000000	0.000000	0.000000	0.000000	0.000000	0.000000	0.000000	0.000000
1761685780.452890396	-0.000000	0.000316	-0.001800	0.290933	0.000000	-0.000000	0.000000	-0.001195	0.004455	-0.053922	-0.000000	0.000000	0.027119	0.338681	-1.967483	-0.026862	-0.000000	0.000204	0.000000	0.000000	0.000000	0.000000	0.000000	0.000000	0.000000	0.000000
1761685780.553264856	-0.000000	0.000123	-0.001004	0.278732	-0.000000	-0.000000	0.000000	-0.000408	0.002383	-0.024992	0.000000	0.000000	0.027119	0.338617	-1.967156	-0.030573	0.000000	0.000204	0.000000	0.000000	0.000000	0.000000	0.000000	0.000000	0.000000	0.000000
1761685780.653107882	-0.000000	-0.000045	-0.000276	0.248002	-0.000000	-0.000000	0.000000	0.000339	0.000445	0.003085	-0.000000	0.000000	0.027119	0.338624	-1.967032	-0.031426	0.000000	0.000204	0.000000	0.000000	0.000000	0.000000	0.000000	0.000000	0.000000	0.000000
1761685780.752872229	-0.000000	-0.000184	0.000353	0.200142	-0.000000	-0.000000	0.000000	0.000999	-0.001240	0.028397	-0.000000	0.000000	0.027119	0.338695	-1.967090	-0.029620	0.000000	0.000204	0.000000	0.000000	0.000000	0.000000	0.000000	0.000000	0.000000	0.000000
1761685780.852817059	-0.000000	-0.000291	0.000875	0.137949	-0.000000	-0.000000	0.000000	0.001528	-0.002569	0.049209	-0.000000	0.000000	0.027119	0.338821	-1.967298	-0.025533	0.000000	0.000204	0.000000	0.000000	0.000000	0.000000	0.000000	0.000000	0.000000	0.000000
1761685780.952835321	-0.000000	-0.000363	0.001247	0.068978	-0.000000	-0.000000	0.000000	0.001892	-0.003455	0.064040	-0.000000	0.000000	0.027119	0.338989	-1.967614	-0.019703	0.000000	0.000204	0.000000	0.000000	0.000000	0.000000	0.000000	0.000000	0.000000	0.000000
1761685781.052852154	-0.000000	-0.000400	0.001440	0.000812	-0.000000	-0.000000	0.000000	0.002073	-0.003861	0.072088	-0.000000	0.000000	0.027119	0.339184	-1.967989	-0.012782	0.000000	0.000204	0.000000	0.000000	0.000000	0.000000	0.000000	0.000000	0.000000	0.000000
1761685781.153226137	-0.000000	-0.000405	0.001447	-0.060190	0.000000	-0.000000	0.000000	0.002072	-0.003800	0.073305	-0.000000	0.000000	0.027119	0.339389	-1.968377	-0.005455	0.000000	0.000204	0.000000	0.000000	0.000000	0.000000	0.000000	0.000000	0.000000	0.000000
1761685781.252876043	0.000000	-0.000381	0.001289	-0.109504	0.000000	0.000000	-0.000000	0.001909	-0.003331	0.068303	-0.000000	-0.000000	0.027119	0.339587	-1.968733	0.001626	0.000000	0.000204	0.000000	0.000000	0.000000	0.000000	0.000000	0.000000	0.000000	0.000000
1761685781.352886915	0.000000	-0.000332	0.001002	-0.144546	0.000000	0.000000	-0.000000	0.001667	-0.002682	0.059999	-0.000000	-0.000000	0.027119	0.339736	-1.968979	0.006930	0.000000	0.000204	0.000000	0.000000	0.000000	0.000000	0.000000	0.000000	0.000000	0.000000
1761685781.452803612	0.000000	-0.000262	0.000632	-0.164430	0.000000	0.000000	-0.000000	0.001293	-0.001709	0.046713	-0.000000	-0.000000	0.027119	0.339883	-1.969191	0.012194	0.000000	0.000204	0.000000	0.000000	0.000000	0.000000	0.000000	0.000000	0.000000	0.000000
1761685781.552802563	0.000000	-0.000177	0.000223	-0.169575	0.000000	0.000000	-0.000000	0.000858	-0.000609	0.030932	-0.000000	-0.000000	0.027119	0.339989	-1.969298	0.015967	-0.000000	0.000204	0.000000	0.000000	0.000000	0.000000	0.000000	0.000000	0.000000	0.000000
1761685781.652794838	0.000000	-0.000085	-0.000186	-0.161322	0.000000	0.000000	-0.000000	0.000403	0.000518	0.014146	-0.000000	-0.000000	0.027119	0.340048	-1.969292	0.018087	-0.000000	0.000204	0.000000	0.000000	0.000000	0.000000	0.000000	0.000000	0.000000	0.000000
1761685781.753001928	0.000000	0.000008	-0.000575	-0.141615	0.000000	0.000000	-0.000000	-0.000036	0.001579	-0.002261	-0.000000	-0.000000	0.027119	0.340061	-1.969177	0.018535	-0.000000	0.000204	0.000000	0.000000	0.000000	0.000000	0.000000	0.000000	0.000000	0.000000
1761685781.852849483	0.000000	0.000094	-0.000918	-0.111770	0.000000	0.000000	-0.000000	-0.000426	0.002498	-0.017079	-0.000000	-0.000000	0.027119	0.340030	-1.968964	0.017423	-0.000000	0.000204	0.000000	0.000000	0.000000	0.000000	0.000000	0.000000	0.000000	0.000000
1761685781.952823162	0.000000	0.000167	-0.001186	-0.074608	0.000000	0.000000	-0.000000	-0.000741	0.003208	-0.029251	-0.000000	-0.000000	0.027119	0.339963	-1.968671	0.014972	-0.000000	0.000204	0.000000	0.000000	0.000000	0.000000	0.000000	0.000000	0.000000	0.000000
1761685782.052866697	0.000000	0.000219	-0.001360	-0.034244	0.000000	0.000000	-0.000000	-0.000957	0.003664	-0.037951	-0.000000	-0.000000	0.027119	0.339871	-1.968322	0.011498	-0.000000	0.000204	0.000000	0.000000	0.000000	0.000000	0.000000	0.000000	0.000000	0.000000
1761685782.152846336	0.000000	0.000245	-0.001428	0.005301	0.000000	0.000000	-0.000000	-0.001066	0.003844	-0.042720	-0.000000	-0.000000	0.027119	0.339764	-1.967943	0.007380	-0.000000	0.000204	0.000000	0.000000	0.000000	0.000000	0.000000	0.000000	0.000000	0.000000
1761685782.252818346	-0.000000	0.000245	-0.001394	0.040599	0.000000	0.000000	0.000000	-0.001067	0.003755	-0.043508	0.000000	-0.000000	0.027119	0.339654	-1.967561	0.003018	-0.000000	0.000204	0.000000	0.000000	0.000000	0.000000	0.000000	0.000000	0.000000	0.000000
1761685782.352937222	-0.000000	0.000227	-0.001294	0.064855	0.000000	-0.000000	0.000000	-0.000970	0.003428	-0.040625	0.000000	0.000000	0.027119	0.339552	-1.967202	-0.001204	-0.000000	0.000204	0.000000	0.000000	0.000000	0.000000	0.000000	0.000000	0.000000	0.000000
1761685782.452869892	-0.000000	0.000186	-0.001103	0.085997	0.000000	-0.000000	0.000000	-0.000791	0.002902	-0.034544	0.000000	0.000000	0.027119	0.339466	-1.966889	-0.004929	-0.000000	0.000204	0.000000	0.000000	0.000000	0.000000	0.000000	0.000000	0.000000	0.000000
1761685782.552973270	-0.000000	0.000134	-0.000866	0.098460	0.000000	-0.000000	0.000000	-0.000558	0.002253	-0.026297	0.000000	0.000000	0.027119	0.339401	-1.966635	-0.007917	-0.000000	0.000204	0.000000	0.000000	0.000000	0.000000	0.000000	0.000000	0.000000	0.000000
1761685782.652975798	-0.000000	0.000074	-0.000603	0.101975	0.000000	-0.000000	0.000000	-0.000293	0.001536	-0.016658	0.000000	0.000000	0.027119	0.339362	-1.966451	-0.009993	-0.000000	0.000204	0.000000	0.000000	0.000000	0.000000	0.000000	0.000000	0.000000	0.000000
1761685782.753679991	-0.000000	0.000015	-0.000338	0.097172	-0.000000	-0.000000	0.000000	-0.000021	0.000813	-0.006519	0.000000	0.000000	0.027119	0.339350	-1.966340	-0.011070	-0.000000	0.000204	0.000000	0.000000	0.000000	0.000000	0.000000	0.000000	0.000000	0.000000
1761685782.852972984	-0.000000	-0.000041	-0.000089	0.085181	-0.000000	-0.000000	0.000000	0.000237	0.000138	0.003278	0.000000	0.000000	0.027119	0.339364	-1.966298	-0.011147	-0.000000	0.000204	0.000000	0.000000	0.000000	0.000000	0.000000	0.000000	0.000000	0.000000
1761685782.952968597	-0.000000	-0.000088	0.000126	0.067109	0.000000	-0.000000	0.000000	0.000462	-0.000442	0.011996	-0.000000	0.000000	0.027119	0.339401	-1.966319	-0.010302	-0.000000	0.000204	0.000000	0.000000	0.000000	0.000000	0.000000	0.000000	0.000000	0.000000
1761685783.053050756	-0.000000	-0.000125	0.000297	0.044788	0.000000	-0.000000	0.000000	0.000637	-0.000889	0.019008	-0.000000	0.000000	0.027119	0.339457	-1.966391	-0.008681	-0.000000	0.000204	0.000000	0.000000	0.000000	0.000000	0.000000	0.000000	0.000000	0.000000
1761685783.152978897	-0.000000	-0.000150	0.000413	0.020564	0.000000	-0.000000	0.000000	0.000753	-0.001177	0.023859	-0.000000	0.000000	0.027119	0.339527	-1.966498	-0.006482	-0.000000	0.000204	0.000000	0.000000	0.000000	0.000000	0.000000	0.000000	0.000000	0.000000
1761685783.253031254	-0.000000	-0.000162	0.000469	-0.003259	0.000000	-0.000000	0.000000	0.000803	-0.001298	0.026319	-0.000000	0.000000	0.027119	0.339605	-1.966625	-0.003936	-0.000000	0.000204	0.000000	0.000000	0.000000	0.000000	0.000000	0.000000	0.000000	0.000000
1761685783.352800608	-0.000000	-0.000162	0.000463	-0.024667	0.000000	-0.000000	-0.000000	0.000790	-0.001257	0.026390	-0.000000	-0.000000	0.027119	0.339684	-1.966753	-0.001283	-0.000000	0.000204	0.000000	0.000000	0.000000	0.000000	0.000000	0.000000	0.000000	0.000000
1761685783.452814817	0.000000	-0.000150	0.000404	-0.042098	0.000000	0.000000	-0.000000	0.000720	-0.001074	0.024280	0.000000	-0.000000	0.027119	0.339760	-1.966869	0.001248	-0.000000	0.000204	0.000000	0.000000	0.000000	0.000000	0.000000	0.000000	0.000000	0.000000
1761685783.552760601	0.000000	-0.000128	0.000302	-0.054515	0.000000	0.000000	-0.000000	0.000604	-0.000778	0.020361	0.000000	-0.000000	0.027119	0.339815	-1.966947	0.003120	-0.000000	0.000204	0.000000	0.000000	0.000000	0.000000	0.000000	0.000000	0.000000	0.000000
1761685783.652872086	0.000000	-0.000099	0.000170	-0.061412	-0.000000	0.000000	-0.000000	0.000481	-0.000469	0.016025	0.000000	-0.000000	0.027119	0.339870	-1.967010	0.004946	0.000000	0.000204	0.000000	0.000000	0.000000	0.000000	0.000000	0.000000	0.000000	0.000000
1761685783.752910614	0.000000	-0.000066	0.000023	-0.062777	-0.000000	0.000000	-0.000000	0.000288	0.000006	0.009090	0.000000	-0.000000	0.027119	0.339914	-1.967033	0.006363	-0.000000	0.000204	0.000000	0.000000	0.000000	0.000000	0.000000	0.000000	0.000000	0.000000
1761685783.852933645	0.000000	-0.000031	-0.000125	-0.059015	-0.000000	0.000000	-0.000000	0.000118	0.000417	0.002835	0.000000	-0.000000	0.027119	0.339932	-1.967008	0.006908	0.000000	0.000204	0.000000	0.000000	0.000000	0.000000	0.000000	0.000000	0.000000	0.000000
1761685783.952953815	0.000000	0.000003	-0.000264	-0.050852	-0.000000	0.000000	-0.000000	-0.000015	0.000732	-0.002145	0.000000	-0.000000	0.027119	0.339935	-1.966958	0.006893	0.000000	0.000204	0.000000	0.000000	0.000000	0.000000	0.000000	0.000000	0.000000	0.000000
1761685784.052839756	0.000000	0.000033	-0.000383	-0.039116	-0.000000	0.000000	-0.000000	-0.000156	0.001059	-0.007503	0.000000	-0.000000	0.027119	0.339924	-1.966865	0.006357	0.000000	0.000204	0.000000	0.000000	0.000000	0.000000	0.000000	0.000000	0.000000	0.000000
1761685784.152948141	0.000000	0.000057	-0.000473	-0.025050	-0.000000	0.000000	-0.000000	-0.000266	0.001304	-0.011805	0.000000	-0.000000	0.027119	0.339901	-1.966744	0.005343	0.000000	0.000204	0.000000	0.000000	0.000000	0.000000	0.000000	0.000000	0.000000	0.000000
1761685784.252918243	0.000000	0.000073	-0.000528	-0.010064	-0.000000	0.000000	-0.000000	-0.000339	0.001453	-0.014779	0.000000	-0.000000	0.027119	0.339869	-1.966604	0.003973	0.000000	0.000204	0.000000	0.000000	0.000000	0.000000	0.000000	0.000000	0.000000	0.000000
1761685784.352796078	0.000000	0.000081	-0.000545	1.161553	-0.000000	0.000000	-0.000000	-0.000373	0.001500	-0.016285	0.000000	-0.000000	0.027119	0.339833	-1.966455	0.002391	0.000000	0.000204	0.000000	0.000000	0.000000	1.248480	0.000000	0.000000	0.000000	0.000000
1761685784.452757835	-0.000000	-0.000320	0.001340	1.034413	-0.000000	-0.000000	0.000000	0.001647	-0.003564	0.060816	0.000000	0.000000	0.027119	0.339879	-1.966515	0.003958	0.000000	0.000204	0.000000	0.000000	0.000000	1.248480	0.000000	0.000000	0.000000	0.000000
1761685784.552967310	-0.000000	-0.000742	0.004291	0.739007	-0.000000	-0.000000	0.000000	0.004443	-0.010491	0.168495	-0.000000	0.000000	0.027119	0.340219	-1.967283	0.016462	0.000000	0.000204	0.000000	0.000000	0.000000	1.248480	0.000000	0.000000	0.000000	0.000000
1761685784.652837276	-0.000000	-0.000964	0.006771	0.381752	0.000000	-0.000000	0.000000	0.006584	-0.015602	0.252243	-0.000000	0.000000	0.027119	0.340834	-1.968639	0.038525	-0.000000	0.000204	0.000000	0.000000	0.000000	1.248480	0.000000	0.000000	0.000000	0.000000
1761685784.752766609	-0.000000	-0.001065	0.008173	0.035451	0.000000	-0.000000	0.000000	0.007842	-0.018260	0.302327	-0.000000	0.000000	0.027119	0.341667	-1.970341	0.067068	-0.000000	0.000204	0.000000	0.000000	0.000000	1.248480	0.000000	0.000000	0.000000	0.000000
1761685784.852732182	-0.000000	-0.001111	0.008309	-0.248895	0.000000	-0.000000	0.000000	0.008203	-0.018467	0.317415	-0.000000	0.000000	0.027118	0.342633	-1.972132	0.098566	-0.000000	0.000204	0.000000	0.000000	0.000000	1.248480	0.000000	0.000000	0.000000	0.000000
1761685784.952832460	0.000000	-0.001117	0.007365	-0.450678	0.000000	0.000000	-0.000000	0.007788	-0.016634	0.302004	-0.000000	-0.000000	0.027118	0.343632	-1.973789	0.129724	-0.000000	0.000204	0.000000	0.000000	0.000000	1.248480	0.000000	0.000000	0.000000	0.000000
1761685785.052935123	0.000000	-0.001067	0.005734	-0.573066	0.000000	0.000000	-0.000000	0.006788	-0.013370	0.263662	0.000000	-0.000000	0.027118	0.344563	-1.975157	0.157912	-0.000000	0.000204	0.000000	0.000000	0.000000	1.248480	0.000000	0.000000	0.000000	0.000000
1761685785.152810335	0.000000	-0.000940	0.003816	-0.630094	0.000000	0.000000	-0.000000	0.005398	-0.009280	0.210435	0.000000	-0.000000	0.027118	0.345341	-1.976145	0.181309	-0.000000	0.000204	0.000000	0.000000	0.000000	1.248480	0.000000	0.000000	0.000000	0.000000
1761685785.252753258	0.000000	-0.000729	0.001910	-0.636913	-0.000000	0.000000	-0.000000	0.003793	-0.004860	0.149327	0.000000	-0.000000	0.027118	0.345907	-1.976720	0.198851	0.000000	0.000204	0.000000	0.000000	0.000000	1.248480	0.000000	0.000000	0.000000	0.000000
1761685785.353111506	0.000000	-0.000497	0.000476	-0.612923	-0.000000	0.000000	-0.000000	0.002116	-0.000504	0.085749	0.000000	-0.000000	0.027118	0.346229	-1.976889	0.210080	0.000000	0.000204	0.000000	0.000000	0.000000	1.248480	0.000000	0.000000	0.000000	0.000000
1761685785.452726364	0.000000	-0.000170	-0.001070	-0.556545	-0.000000	0.000000	-0.000000	0.000752	0.002906	0.034272	0.000000	-0.000000	0.027118	0.346306	-1.976740	0.214639	0.000000	0.000204	0.000000	0.000000	0.000000	1.248480	0.000000	0.000000	0.000000	0.000000
1761685785.553072929	0.000000	0.000114	-0.002255	-0.491647	-0.000000	0.000000	-0.000000	-0.000746	0.006502	-0.022322	-0.000000	-0.000000	0.027118	0.346186	-1.976250	0.214725	0.000000	0.000204	0.000000	0.000000	0.000000	1.248480	0.000000	0.000000	0.000000	0.000000
1761685785.653127909	0.000000	0.000470	-0.003553	-0.379186	-0.000000	0.000000	-0.000000	-0.002075	0.009560	-0.072568	-0.000000	-0.000000	0.027118	0.345861	-1.975469	0.209517	0.000000	0.000204	0.000000	0.000000	0.000000	1.248480	0.000000	0.000000	0.000000	0.000000
1761685785.752917767	0.000000	0.000792	-0.004578	-0.238683	-0.000000	0.000000	-0.000000	-0.003115	0.011811	-0.112361	-0.000000	-0.000000	0.027118	0.345374	-1.974453	0.199861	0.000000	0.000204	0.000000	0.000000	0.000000	1.248480	0.000000	0.000000	0.000000	0.000000
1761685785.853509426	0.000000	0.001056	-0.005282	-0.082764	-0.000000	0.000000	-0.000000	-0.003777	0.013072	-0.138571	-0.000000	-0.000000	0.027118	0.344785	-1.973283	0.186998	0.000000	0.000204	0.000000	0.000000	0.000000	1.248480	0.000000	0.000000	0.000000	0.000000
1761685785.953446865	0.000000	0.001128	-0.005360	0.046493	0.000000	0.000000	-0.000000	-0.004010	0.013261	-0.149446	-0.000000	-0.000000	0.027118	0.344161	-1.972049	0.172399	0.000000	0.000204	0.000000	0.000000	0.000000	1.248480	0.000000	0.000000	0.000000	0.000000
1761685786.053341150	-0.000000	0.001094	-0.005105	0.160812	0.000000	-0.000000	0.000000	-0.003877	0.012564	-0.146951	-0.000000	0.000000	0.027118	0.343559	-1.970840	0.157510	0.000000	0.000204	0.000000	0.000000	0.000000	1.248480	0.000000	0.000000	0.000000	0.000000
1761685786.152889490	-0.000000	0.000961	-0.004523	0.246485	0.000000	-0.000000	0.000000	-0.003431	0.011129	-0.132775	-0.000000	0.000000	0.027118	0.343023	-1.969730	0.143562	0.000000	0.000204	0.000000	0.000000	0.000000	1.248480	0.000000	0.000000	0.000000	0.000000
1761685786.252891064	-0.000000	0.000757	-0.003713	0.301298	0.000000	-0.000000	0.000000	-0.002750	0.009160	-0.109555	-0.000000	0.000000	0.027118	0.342584	-1.968780	0.131580	0.000000	0.000204	0.000000	0.000000	0.000000	1.248480	0.000000	0.000000	0.000000	0.000000
1761685786.352952480	-0.000000	0.000520	-0.002785	0.326718	0.000000	-0.000000	0.000000	-0.001924	0.006878	-0.080338	-0.000000	0.000000	0.027118	0.342258	-1.968030	0.122290	0.000000	0.000204	0.000000	0.000000	0.000000	1.248480	0.000000	0.000000	0.000000	0.000000
1761685786.452760220	-0.000000	0.000283	-0.001836	0.325887	0.000000	-0.000000	0.000000	-0.001184	0.004890	-0.053536	-0.000000	0.000000	0.027118	0.342079	-1.967574	0.116922	-0.000000	0.000204	0.000000	0.000000	0.000000	1.248480	0.000000	0.000000	0.000000	0.000000
1761685786.552910328	-0.000000	0.000070	-0.000940	0.302587	0.000000	-0.000000	0.000000	-0.000301	0.002557	-0.020919	-0.000000	0.000000	0.027118	0.341973	-1.967232	0.113472	-0.000000	0.000204	0.000000	0.000000	0.000000	1.248480	0.000000	0.000000	0.000000	0.000000
1761685786.652853012	-0.000000	-0.000110	-0.000149	0.260375	0.000000	-0.000000	0.000000	0.000523	0.000416	0.010116	-0.000000	0.000000	0.027118	0.341977	-1.967103	0.113216	-0.000000	0.000204	0.000000	0.000000	0.000000	1.248480	0.000000	0.000000	0.000000	0.000000
1761685786.752806187	-0.000000	-0.000253	0.000519	0.199039	0.000000	-0.000000	0.000000	0.001236	-0.001409	0.037561	-0.000000	0.000000	0.027118	0.342079	-1.967160	0.115875	-0.000000	0.000204	0.000000	0.000000	0.000000	1.248480	0.000000	0.000000	0.000000	0.000000
1761685786.852965832	-0.000000	-0.000358	0.001051	0.124789	0.000000	-0.000000	0.000000	0.001794	-0.002807	0.059509	0.000000	0.000000	0.027118	0.342263	-1.967368	0.120980	-0.000000	0.000204	0.000000	0.000000	0.000000	1.248480	0.000000	0.000000	0.000000	0.000000
1761685786.952827930	-0.000000	-0.000424	0.001398	0.046579	0.000000	-0.000000	0.000000	0.002159	-0.003693	0.074463	0.000000	0.000000	0.027118	0.342507	-1.967678	0.127886	-0.000000	0.000204	0.000000	0.000000	0.000000	1.248480	0.000000	0.000000	0.000000	0.000000
1761685787.052767992	-0.000000	-0.000452	0.001536	-0.027340	0.000000	-0.000000	0.000000	0.002319	-0.004038	0.081728	0.000000	0.000000	0.027118	0.342784	-1.968040	0.135843	-0.000000	0.000204	0.000000	0.000000	0.000000	1.248480	0.000000	0.000000	0.000000	0.000000
1761685787.152824402	0.000000	-0.000445	0.001471	-0.090606	0.000000	0.000000	-0.000000	0.002279	-0.003873	0.081458	0.000000	-0.000000	0.027118	0.343069	-1.968404	0.144082	-0.000000	0.000204	0.000000	0.000000	0.000000	1.248480	0.000000	0.000000	0.000000	0.000000
1761685787.252724886	0.000000	-0.000408	0.001235	-0.139172	-0.000000	0.000000	-0.000000	0.002066	-0.003273	0.074506	0.000000	-0.000000	0.027118	0.343337	-1.968724	0.151892	-0.000000	0.000204	0.000000	0.000000	0.000000	1.248480	0.000000	0.000000	0.000000	0.000000
1761685787.353013754	0.000000	-0.000352	0.000922	-0.165236	-0.000000	0.000000	-0.000000	0.001694	-0.002294	0.061398	0.000000	-0.000000	0.027118	0.343562	-1.968965	0.158612	-0.000000	0.000204	0.000000	0.000000	0.000000	1.248480	0.000000	0.000000	0.000000	0.000000
1761685787.452934027	0.000000	-0.000271	0.000498	-0.182381	-0.000000	0.000000	-0.000000	0.001248	-0.001152	0.048063	0.000000	-0.000000	0.027118	0.343707	-1.969088	0.163076	0.000000	0.000204	0.000000	0.000000	0.000000	1.248480	0.000000	0.000000	0.000000	0.000000
1761685787.552798748	0.000000	-0.000176	0.000052	-0.184362	-0.000000	0.000000	-0.000000	0.000840	-0.000134	0.030397	0.000000	-0.000000	0.027118	0.343820	-1.969134	0.166871	0.000000	0.000204	0.000000	0.000000	0.000000	1.248480	0.000000	0.000000	0.000000	0.000000
1761685787.652966738	0.000000	-0.000073	-0.000391	-0.172481	-0.000000	0.000000	-0.000000	0.000344	0.001080	0.012026	0.000000	-0.000000	0.027118	0.343865	-1.969068	0.168841	0.000000	0.000204	0.000000	0.000000	0.000000	1.248480	0.000000	0.000000	0.000000	0.000000
1761685787.752915144	0.000000	0.000028	-0.000807	-0.148843	-0.000000	0.000000	-0.000000	-0.000126	0.002202	-0.005618	0.000000	-0.000000	0.027118	0.343842	-1.968895	0.169002	0.000000	0.000204	0.000000	0.000000	0.000000	1.248480	0.000000	0.000000	0.000000	0.000000
1761685787.852962017	0.000000	0.000121	-0.001167	-0.114667	-0.000000	0.000000	-0.000000	-0.000538	0.003154	-0.021290	-0.000000	-0.000000	0.027118	0.343758	-1.968627	0.167499	0.000000	0.000204	0.000000	0.000000	0.000000	1.248480	0.000000	0.000000	0.000000	0.000000
1761685787.952916622	0.000000	0.000198	-0.001440	-0.073430	-0.000000	0.000000	-0.000000	-0.000863	0.003868	-0.033896	-0.000000	-0.000000	0.027118	0.343626	-1.968284	0.164597	0.000000	0.000204	0.000000	0.000000	0.000000	1.248480	0.000000	0.000000	0.000000	0.000000
1761685788.052838087	0.000000	0.000246	-0.001587	-0.031123	-0.000000	0.000000	-0.000000	-0.001060	0.004251	-0.041926	-0.000000	-0.000000	0.027118	0.343462	-1.967895	0.160710	0.000000	0.000204	0.000000	0.000000	0.000000	1.248480	0.000000	0.000000	0.000000	0.000000
1761685788.153237343	0.000000	0.000266	-0.001622	0.009117	0.000000	0.000000	-0.000000	-0.001152	0.004350	-0.045744	-0.000000	-0.000000	0.027118	0.343284	-1.967485	0.156266	0.000000	0.000204	0.000000	0.000000	0.000000	1.248480	0.000000	0.000000	0.000000	0.000000
1761685788.252833605	-0.000000	0.000259	-0.001553	0.044153	0.000000	0.000000	0.000000	-0.001115	0.004166	-0.045503	-0.000000	-0.000000	0.027118	0.343107	-1.967082	0.151677	0.000000	0.000204	0.000000	0.000000	0.000000	1.248480	0.000000	0.000000	0.000000	0.000000
1761685788.352734566	-0.000000	0.000233	-0.001411	0.073067	-0.000000	-0.000000	0.000000	-0.001009	0.003798	-0.042255	-0.000000	0.000000	0.027118	0.342942	-1.966705	0.147278	0.000000	0.000204	0.000000	0.000000	0.000000	1.248480	0.000000	0.000000	0.000000	0.000000
1761685788.452848911	-0.000000	0.000193	-0.001225	0.089582	-0.000000	-0.000000	0.000000	-0.000810	0.003211	-0.035430	-0.000000	0.000000	0.027118	0.342803	-1.966375	0.143430	0.000000	0.000204	0.000000	0.000000	0.000000	1.248480	0.000000	0.000000	0.000000	0.000000
1761685788.552846670	-0.000000	0.000137	-0.000970	0.101517	0.000000	-0.000000	0.000000	-0.000566	0.002522	-0.026747	-0.000000	0.000000	0.027118	0.342697	-1.966105	0.140382	0.000000	0.000204	0.000000	0.000000	0.000000	1.248480	0.000000	0.000000	0.000000	0.000000
1761685788.653171062	-0.000000	0.000075	-0.000694	0.104615	0.000000	-0.000000	0.000000	-0.000293	0.001774	-0.016795	-0.000000	0.000000	0.027118	0.342628	-1.965904	0.138280	-0.000000	0.000204	0.000000	0.000000	0.000000	1.248480	0.000000	0.000000	0.000000	0.000000
1761685788.752922773	-0.000000	0.000014	-0.000416	0.099333	0.000000	-0.000000	0.000000	-0.000014	0.001024	-0.006385	-0.000000	0.000000	0.027118	0.342596	-1.965774	0.137205	-0.000000	0.000204	0.000000	0.000000	0.000000	1.248480	0.000000	0.000000	0.000000	0.000000
1761685788.852895498	-0.000000	-0.000043	-0.000159	0.086824	0.000000	-0.000000	0.000000	0.000250	0.000326	0.003637	-0.000000	0.000000	0.027118	0.342602	-1.965711	0.137155	0.000000	0.000204	0.000000	0.000000	0.000000	1.248480	0.000000	0.000000	0.000000	0.000000
1761685788.952842236	-0.000000	-0.000092	0.000063	0.068196	0.000000	-0.000000	0.000000	0.000479	-0.000272	0.012528	-0.000000	0.000000	0.027118	0.342641	-1.965709	0.138046	-0.000000	0.000204	0.000000	0.000000	0.000000	1.248480	0.000000	0.000000	0.000000	0.000000
1761685789.052877188	-0.000000	-0.000130	0.000240	-1.111738	0.000000	-0.000000	0.000000	0.000658	-0.000733	0.019658	0.000000	0.000000	0.027118	0.342706	-1.965755	0.139728	-0.000000	0.000204	0.000000	0.000000	0.000000	0.000000	0.000000	0.000000	0.000000	0.000000
1761685789.152976274	0.000000	0.000293	-0.001496	-0.997712	0.000000	0.000000	-0.000000	-0.001743	0.005235	-0.071851	-0.000000	-0.000000	0.027118	0.342624	-1.965543	0.137175	-0.000000	0.000204	0.000000	0.000000	0.000000	0.000000	0.000000	0.000000	0.000000	0.000000
1761685789.252922535	0.000000	0.001077	-0.004183	-0.722306	-0.000000	0.000000	-0.000000	-0.004379	0.011723	-0.173522	0.000000	-0.000000	0.027118	0.342178	-1.964685	0.123980	0.000000	0.000204	0.000000	0.000000	0.000000	0.000000	0.000000	0.000000	0.000000	0.000000
1761685789.352767944	0.000000	0.001820	-0.006365	-0.385572	-0.000000	0.000000	-0.000000	-0.006289	0.016347	-0.250343	-0.000000	-0.000000	0.027119	0.341462	-1.963301	0.101955	0.000000	0.000204	0.000000	0.000000	0.000000	0.000000	0.000000	0.000000	0.000000	0.000000
1761685789.452778816	0.000000	0.002294	-0.007599	-0.054530	-0.000000	0.000000	-0.000000	-0.007124	0.018315	-0.288086	-0.000000	-0.000000	0.027119	0.340760	-1.961885	0.079019	0.000000	0.000204	0.000000	0.000000	0.000000	0.000000	0.000000	0.000000	0.000000	0.000000
1761685789.552933931	0.000000	0.002392	-0.007763	0.222327	0.000000	0.000000	-0.000000	-0.007304	0.018687	-0.304574	-0.000000	-0.000000	0.027119	0.339908	-1.960057	0.048881	0.000000	0.000204	0.000000	0.000000	0.000000	0.000000	0.000000	0.000000	0.000000	0.000000
1761685789.652930975	-0.000000	0.002146	-0.007009	0.423392	0.000000	-0.000000	0.000000	-0.006669	0.017100	-0.291570	-0.000000	0.000000	0.027119	0.339145	-1.958286	0.018875	0.000000	0.000204	0.000000	0.000000	0.000000	0.000000	0.000000	0.000000	0.000000	0.000000
1761685789.752793789	-0.000000	0.001674	-0.005638	0.549110	0.000000	-0.000000	0.000000	-0.005443	0.014092	-0.255933	-0.000000	0.000000	0.027119	0.338535	-1.956742	-0.008427	0.000000	0.000204	0.000000	0.000000	0.000000	0.000000	0.000000	0.000000	0.000000	0.000000
1761685789.852776766	-0.000000	0.001112	-0.003963	0.610920	0.000000	-0.000000	0.000000	-0.003862	0.010221	-0.205212	-0.000000	0.000000	0.027119	0.338103	-1.955542	-0.031201	-0.000000	0.000204	0.000000	0.000000	0.000000	0.000000	0.000000	0.000000	0.000000	0.000000
1761685789.952883482	-0.000000	0.000566	-0.002232	0.622301	0.000000	-0.000000	0.000000	-0.002129	0.005962	-0.146181	-0.000000	0.000000	0.027119	0.337848	-1.954756	-0.048348	0.000000	0.000204	0.000000	0.000000	0.000000	0.000000	0.000000	0.000000	0.000000	0.000000
1761685790.052870274	-0.000000	0.000101	-0.000609	0.594540	0.000000	-0.000000	0.000000	-0.000397	0.001682	-0.084330	-0.000000	0.000000	0.027119	0.337754	-1.954405	-0.059370	0.000000	0.000204	0.000000	0.000000	0.000000	0.000000	0.000000	0.000000	0.000000	0.000000
1761685790.152760744	-0.000000	-0.000265	0.000858	0.535922	0.000000	-0.000000	0.000000	0.001223	-0.002348	-0.023951	-0.000000	0.000000	0.027119	0.337806	-1.954479	-0.064250	-0.000000	0.000204	0.000000	0.000000	0.000000	0.000000	0.000000	0.000000	0.000000	0.000000
1761685790.252799511	-0.000000	-0.000544	0.002270	0.448551	0.000000	-0.000000	0.000000	0.002654	-0.005922	0.031596	-0.000000	0.000000	0.027119	0.337985	-1.954940	-0.063340	0.000000	0.000204	0.000000	0.000000	0.000000	0.000000	0.000000	0.000000	0.000000	0.000000
1761685790.352710247	-0.000000	-0.000741	0.003521	0.324718	-0.000000	-0.000000	0.000000	0.003833	-0.008857	0.079363	-0.000000	0.000000	0.027119	0.338275	-1.955730	-0.057297	0.000000	0.000204	0.000000	0.000000	0.000000	0.000000	0.000000	0.000000	0.000000	0.000000
1761685790.452848673	-0.000000	-0.000838	0.004256	0.210106	0.000000	-0.000000	0.000000	0.004629	-0.010786	0.113899	-0.000000	0.000000	0.027119	0.338654	-1.956756	-0.047260	0.000000	0.000204	0.000000	0.000000	0.000000	0.000000	0.000000	0.000000	0.000000	0.000000
1761685790.552885056	-0.000000	-0.000906	0.004829	0.066946	0.000000	-0.000000	0.000000	0.005107	-0.011882	0.136819	-0.000000	0.000000	0.027119	0.339100	-1.957924	-0.034454	0.000000	0.000204	0.000000	0.000000	0.000000	0.000000	0.000000	0.000000	0.000000	0.000000
1761685790.652956724	-0.000000	-0.000924	0.004977	-0.065751	0.000000	-0.000000	0.000000	0.005219	-0.012019	0.145900	-0.000000	0.000000	0.027119	0.339587	-1.959140	-0.020143	-0.000000	0.000204	0.000000	0.000000	0.000000	0.000000	0.000000	0.000000	0.000000	0.000000
1761685790.753159046	0.000000	-0.000897	0.004696	-0.174804	0.000000	0.000000	-0.000000	0.004985	-0.011259	0.141537	-0.000000	-0.000000	0.027119	0.340083	-1.960310	-0.005715	-0.000000	0.000204	0.000000	0.000000	0.000000	0.000000	0.000000	0.000000	0.000000	0.000000
1761685790.852936983	0.000000	-0.000830	0.004075	-0.254291	0.000000	0.000000	-0.000000	0.004466	-0.009783	0.125874	-0.000000	-0.000000	0.027119	0.340554	-1.961354	0.007601	-0.000000	0.000204	0.000000	0.000000	0.000000	0.000000	0.000000	0.000000	0.000000	0.000000
1761685790.952995777	0.000000	-0.000728	0.003236	-0.303116	0.000000	0.000000	-0.000000	0.003741	-0.007811	0.101769	-0.000000	-0.000000	0.027119	0.340971	-1.962215	0.018837	-0.000000	0.000204	0.000000	0.000000	0.000000	0.000000	0.000000	0.000000	0.000000	0.000000
1761685791.053029060	0.000000	-0.000593	0.002300	-0.323147	0.000000	0.000000	-0.000000	0.002890	-0.005565	0.072272	-0.000000	-0.000000	0.027119	0.341311	-1.962859	0.027327	-0.000000	0.000204	0.000000	0.000000	0.000000	0.000000	0.000000	0.000000	0.000000	0.000000
1761685791.152985811	0.000000	-0.000434	0.001366	-0.317710	0.000000	0.000000	-0.000000	0.001992	-0.003246	0.040291	0.000000	-0.000000	0.027119	0.341561	-1.963273	0.032703	-0.000000	0.000204	0.000000	0.000000	0.000000	0.000000	0.000000	0.000000	0.000000	0.000000
1761685791.253034592	0.000000	-0.000263	0.000508	-0.290658	0.000000	0.000000	-0.000000	0.001114	-0.001025	0.008429	0.000000	-0.000000	0.027119	0.341715	-1.963462	0.034870	-0.000000	0.000204	0.000000	0.000000	0.000000	0.000000	0.000000	0.000000	0.000000	0.000000
1761685791.353119373	0.000000	-0.000092	-0.000230	-0.244951	0.000000	0.000000	-0.000000	0.000315	0.000959	-0.021088	0.000000	-0.000000	0.027119	0.341779	-1.963445	0.033972	-0.000000	0.000204	0.000000	0.000000	0.000000	0.000000	0.000000	0.000000	0.000000	0.000000
1761685791.452802420	0.000000	0.000064	-0.000854	-0.180891	-0.000000	0.000000	-0.000000	-0.000246	0.002330	-0.042262	0.000000	-0.000000	0.027119	0.341771	-1.963295	0.031131	0.000000	0.000204	0.000000	0.000000	0.000000	0.000000	0.000000	0.000000	0.000000	0.000000
1761685791.552891731	0.000000	0.000190	-0.001327	-0.105888	0.000000	0.000000	-0.000000	-0.000770	0.003585	-0.062486	0.000000	-0.000000	0.027119	0.341705	-1.962985	0.025653	-0.000000	0.000204	0.000000	0.000000	0.000000	0.000000	0.000000	0.000000	0.000000	0.000000
1761685791.652984858	0.000000	0.000272	-0.001611	-0.028766	-0.000000	0.000000	-0.000000	-0.001093	0.004324	-0.075575	0.000000	-0.000000	0.027119	0.341598	-1.962580	0.018558	0.000000	0.000204	0.000000	0.000000	0.000000	0.000000	0.000000	0.000000	0.000000	0.000000
1761685791.753121376	0.000000	0.000301	-0.001691	0.042643	-0.000000	0.000000	-0.000000	-0.001211	0.004540	-0.081023	-0.000000	-0.000000	0.027119	0.341473	-1.962131	0.010597	0.000000	0.000204	0.000000	0.000000	0.000000	0.000000	0.000000	0.000000	0.000000	0.000000
1761685791.853444099	-0.000000	0.000279	-0.001582	0.102483	-0.000000	-0.000000	0.000000	-0.001093	0.004180	-0.078428	-0.000000	0.000000	0.027119	0.341334	-1.961620	0.001218	0.000000	0.000204	0.000000	0.000000	0.000000	0.000000	0.000000	0.000000	0.000000	0.000000
1761685791.952925205	-0.000000	0.000214	-0.001317	0.147172	-0.000000	-0.000000	0.000000	-0.000866	0.003562	-0.070885	-0.000000	0.000000	0.027119	0.341254	-1.961300	-0.004974	0.000000	0.000204	0.000000	0.000000	0.000000	0.000000	0.000000	0.000000	0.000000	0.000000
1761685792.053229332	-0.000000	0.000122	-0.000942	0.175201	-0.000000	-0.000000	0.000000	-0.000421	0.002388	-0.055205	-0.000000	0.000000	0.027119	0.341191	-1.960999	-0.011340	0.000000	0.000204	0.000000	0.000000	0.000000	0.000000	0.000000	0.000000	0.000000	0.000000
1761685792.152965307	-0.000000	0.000015	-0.000505	0.186675	-0.000000	-0.000000	0.000000	-0.000036	0.001389	-0.041072	-0.000000	0.000000	0.027119	0.341170	-1.960809	-0.016170	0.000000	0.000204	0.000000	0.000000	0.000000	0.000000	0.000000	0.000000	0.000000	0.000000
1761685792.252846956	-0.000000	-0.000094	-0.000051	0.182828	-0.000000	-0.000000	0.000000	0.000450	0.000139	-0.022787	-0.000000	0.000000	0.027119	0.341196	-1.960743	-0.019223	0.000000	0.000204	0.000000	0.000000	0.000000	0.000000	0.000000	0.000000	0.000000	0.000000
1761685792.352908134	-0.000000	-0.000195	0.000389	0.165635	-0.000000	-0.000000	0.000000	0.000927	-0.001076	-0.004376	-0.000000	0.000000	0.027119	0.341268	-1.960802	-0.020423	0.000000	0.000204	0.000000	0.000000	0.000000	0.000000	0.000000	0.000000	0.000000	0.000000
1761685792.453162909	-0.000000	-0.000282	0.000796	0.138581	0.000000	-0.000000	0.000000	0.001357	-0.002166	0.012761	-0.000000	0.000000	0.027119	0.341383	-1.960977	-0.019842	0.000000	0.000204	0.000000	0.000000	0.000000	0.000000	0.000000	0.000000	0.000000	0.000000
1761685792.553651810	-0.000000	-0.000339	0.001072	0.106255	0.000000	-0.000000	0.000000	0.001700	-0.003025	0.027070	-0.000000	0.000000	0.027119	0.341534	-1.961249	-0.017713	0.000000	0.000204	0.000000	0.000000	0.000000	0.000000	0.000000	0.000000	0.000000	0.000000
1761685792.653702736	-0.000000	-0.000398	0.001370	0.063642	0.000000	-0.000000	0.000000	0.001955	-0.003652	0.038234	-0.000000	0.000000	0.027119	0.341714	-1.961592	-0.014332	-0.000000	0.000204	0.000000	0.000000	0.000000	0.000000	0.000000	0.000000	0.000000	0.000000
1761685792.753056526	-0.000000	-0.000419	0.001483	0.019202	0.000000	-0.000000	0.000000	0.002096	-0.003983	0.045309	-0.000000	0.000000	0.027119	0.341914	-1.961981	-0.010066	-0.000000	0.000204	0.000000	0.000000	0.000000	0.000000	0.000000	0.000000	0.000000	0.000000
1761685792.852895737	-0.000000	-0.000426	0.001515	-0.022631	0.000000	-0.000000	0.000000	0.002120	-0.004014	0.047970	-0.000000	0.000000	0.027118	0.342122	-1.962385	-0.005349	-0.000000	0.000204	0.000000	0.000000	0.000000	0.000000	0.000000	0.000000	0.000000	0.000000
1761685792.952902555	0.000000	-0.000413	0.001436	-0.058449	0.000000	0.000000	-0.000000	0.002033	-0.003765	0.046404	-0.000000	-0.000000	0.027118	0.342329	-1.962774	-0.000615	-0.000000	0.000204	0.000000	0.000000	0.000000	0.000000	0.000000	0.000000	0.000000	0.000000
1761685793.052966356	0.000000	-0.000381	0.001262	-1.250480	0.000000	0.000000	-0.000000	0.001852	-0.003282	0.041156	-0.000000	-0.000000	0.027118	0.342523	-1.963124	0.003744	-0.000000	0.000204	0.000000	0.000000	0.000000	-1.256570	0.000000	0.000000	0.000000	0.000000
1761685793.153357267	0.000000	0.000092	-0.000845	-1.129176	0.000000	0.000000	-0.000000	-0.000929	0.003683	-0.064025	-0.000000	-0.000000	0.027118	0.342567	-1.963099	0.002552	-0.000000	0.000204	0.000000	0.000000	0.000000	-1.256570	0.000000	0.000000	0.000000	0.000000
1761685793.253149271	0.000000	0.000948	-0.003856	-0.832214	0.000000	0.000000	-0.000000	-0.003919	0.011112	-0.178964	-0.000000	-0.000000	0.027118	0.342301	-1.962290	-0.010639	-0.000000	0.000204	0.000000	0.000000	0.000000	-1.256570	0.000000	0.000000	0.000000	0.000000
1761685793.352857113	0.000000	0.001801	-0.006385	-0.457764	0.000000	0.000000	-0.000000	-0.006119	0.016526	-0.267135	-0.000000	-0.000000	0.027119	0.341806	-1.960836	-0.033885	-0.000000	0.000204	0.000000	0.000000	0.000000	-1.256570	0.000000	0.000000	0.000000	0.000000
1761685793.452935219	0.000000	0.002371	-0.007895	-0.085339	0.000000	0.000000	-0.000000	-0.007107	0.018946	-0.311523	-0.000000	-0.000000	0.027119	0.341311	-1.959299	-0.058574	-0.000000	0.000204	0.000000	0.000000	0.000000	-1.256570	0.000000	0.000000	0.000000	0.000000
1761685793.552876472	0.000000	0.002515	-0.008202	0.225414	0.000000	0.000000	-0.000000	-0.007367	0.019610	-0.332471	-0.000000	-0.000000	0.027119	0.340722	-1.957288	-0.091362	-0.000000	0.000204	0.000000	0.000000	0.000000	-1.256570	0.000000	0.000000	0.000000	0.000000
1761685793.652862310	-0.000000	0.002259	-0.007459	0.448330	0.000000	-0.000000	0.000000	-0.006707	0.018062	-0.320288	-0.000000	0.000000	0.027119	0.340222	-1.955330	-0.124243	-0.000000	0.000204	0.000000	0.000000	0.000000	-1.256570	0.000000	0.000000	0.000000	0.000000
1761685793.752879381	-0.000000	0.001741	-0.006012	0.585200	0.000000	-0.000000	0.000000	-0.005387	0.014921	-0.282886	-0.000000	0.000000	0.027119	0.339854	-1.953624	-0.154338	-0.000000	0.000204	0.000000	0.000000	0.000000	-1.256570	0.000000	0.000000	0.000000	0.000000
1761685793.852958679	-0.000000	0.001120	-0.004222	0.651243	0.000000	-0.000000	0.000000	-0.003680	0.010824	-0.228928	0.000000	0.000000	0.027119	0.339626	-1.952308	-0.179631	-0.000000	0.000204	0.000000	0.000000	0.000000	-1.256570	0.000000	0.000000	0.000000	0.000000
1761685793.953083754	-0.000000	0.000521	-0.002371	0.663422	-0.000000	-0.000000	0.000000	-0.001816	0.006301	-0.166005	0.000000	0.000000	0.027119	0.339524	-1.951452	-0.198927	0.000000	0.000204	0.000000	0.000000	0.000000	-1.256570	0.000000	0.000000	0.000000	0.000000
1761685794.052961349	-0.000000	0.000015	-0.000640	0.635245	-0.000000	-0.000000	0.000000	0.000038	0.001752	-0.100069	0.000000	0.000000	0.027119	0.339526	-1.951082	-0.211695	0.000000	0.000204	0.000000	0.000000	0.000000	-1.256570	0.000000	0.000000	0.000000	0.000000
1761685794.152814388	-0.000000	-0.000387	0.000927	0.576039	-0.000000	-0.000000	0.000000	0.001769	-0.002542	-0.035605	0.000000	0.000000	0.027119	0.339613	-1.951182	-0.217910	0.000000	0.000204	0.000000	0.000000	0.000000	-1.256570	0.000000	0.000000	0.000000	0.000000
1761685794.252783060	-0.000000	-0.000692	0.002452	0.489781	-0.000000	-0.000000	0.000000	0.003298	-0.006373	0.023972	-0.000000	0.000000	0.027119	0.339770	-1.951712	-0.217929	0.000000	0.000204	0.000000	0.000000	0.000000	-1.256570	0.000000	0.000000	0.000000	0.000000
1761685794.353063822	-0.000000	-0.000906	0.003831	0.365523	-0.000000	-0.000000	0.000000	0.004566	-0.009563	0.075825	-0.000000	0.000000	0.027119	0.339990	-1.952611	-0.212411	0.000000	0.000204	0.000000	0.000000	0.000000	-1.256570	0.000000	0.000000	0.000000	0.000000
1761685794.453119040	-0.000000	-0.001012	0.004672	0.247396	-0.000000	-0.000000	0.000000	0.005444	-0.011737	0.114449	-0.000000	0.000000	0.027119	0.340265	-1.953782	-0.202490	0.000000	0.000204	0.000000	0.000000	0.000000	-1.256570	0.000000	0.000000	0.000000	0.000000
1761685794.553460598	-0.000000	-0.001086	0.005363	0.097039	-0.000000	-0.000000	0.000000	0.005991	-0.013050	0.141157	-0.000000	0.000000	0.027119	0.340589	-1.955127	-0.189405	0.000000	0.000204	0.000000	0.000000	0.000000	-1.256570	0.000000	0.000000	0.000000	0.000000
1761685794.652915478	-0.000000	-0.001106	0.005599	-0.044783	0.000000	-0.000000	0.000000	0.006153	-0.013351	0.153367	-0.000000	0.000000	0.027119	0.340950	-1.956545	-0.174472	0.000000	0.000204	0.000000	0.000000	0.000000	-1.256570	0.000000	0.000000	0.000000	0.000000
1761685794.753006935	0.000000	-0.001080	0.005363	-0.163436	0.000000	0.000000	0.000000	0.005946	-0.012688	0.151252	-0.000000	-0.000000	0.027119	0.341331	-1.957930	-0.159160	0.000000	0.000204	0.000000	0.000000	0.000000	-1.256570	0.000000	0.000000	0.000000	0.000000
1761685794.852924109	0.000000	-0.001015	0.004744	-0.251938	0.000000	0.000000	-0.000000	0.005430	-0.011241	0.136886	-0.000000	-0.000000	0.027119	0.341711	-1.959192	-0.144791	0.000000	0.000204	0.000000	0.000000	0.000000	-1.256570	0.000000	0.000000	0.000000	0.000000
1761685794.953028202	0.000000	-0.000912	0.003870	-0.308590	0.000000	0.000000	-0.000000	0.004687	-0.009236	0.113168	-0.000000	-0.000000	0.027118	0.342068	-1.960262	-0.132424	0.000000	0.000204	0.000000	0.000000	0.000000	-1.256570	0.000000	0.000000	0.000000	0.000000
1761685795.053110838	0.000000	-0.000775	0.002872	-0.335024	0.000000	0.000000	-0.000000	0.003801	-0.006906	0.083253	-0.000000	-0.000000	0.027118	0.342382	-1.961098	-0.122813	-0.000000	0.000204	0.000000	0.000000	0.000000	-1.256570	0.000000	0.000000	0.000000	0.000000
1761685795.152913094	0.000000	-0.000612	0.001861	-0.334539	0.000000	0.000000	-0.000000	0.002852	-0.004464	0.050191	-0.000000	-0.000000	0.027118	0.342640	-1.961682	-0.116398	-0.000000	0.000204	0.000000	0.000000	0.000000	-1.256570	0.000000	0.000000	0.000000	0.000000
1761685795.253151894	0.000000	-0.000433	0.000920	-0.311048	0.000000	0.000000	-0.000000	0.001912	-0.002091	0.016729	-0.000000	-0.000000	0.027118	0.342833	-1.962013	-0.113331	-0.000000	0.000204	0.000000	0.000000	0.000000	-1.256570	0.000000	0.000000	0.000000	0.000000
1761685795.352820396	0.000000	-0.000250	0.000102	-0.268244	0.000000	0.000000	-0.000000	0.001187	-0.000289	-0.009583	-0.000000	-0.000000	0.027118	0.342946	-1.962109	-0.113266	-0.000000	0.000204	0.000000	0.000000	0.000000	-1.256570	0.000000	0.000000	0.000000	0.000000
1761685795.452745914	0.000000	-0.000080	-0.000581	-0.205769	0.000000	0.000000	-0.000000	0.000421	0.001588	-0.037834	0.000000	-0.000000	0.027118	0.343027	-1.962033	-0.115920	-0.000000	0.000204	0.000000	0.000000	0.000000	-1.256570	0.000000	0.000000	0.000000	0.000000
1761685795.552832365	0.000000	0.000061	-0.001121	-0.129797	0.000000	0.000000	-0.000000	-0.000179	0.003033	-0.060494	0.000000	-0.000000	0.027118	0.343062	-1.961787	-0.121095	-0.000000	0.000204	0.000000	0.000000	0.000000	-1.256570	0.000000	0.000000	0.000000	0.000000
1761685795.652814150	0.000000	0.000150	-0.001437	-0.052508	0.000000	0.000000	-0.000000	-0.000540	0.003865	-0.074740	0.000000	-0.000000	0.027118	0.343066	-1.961430	-0.128028	-0.000000	0.000204	0.000000	0.000000	0.000000	-1.256570	0.000000	0.000000	0.000000	0.000000
1761685795.752748489	0.000000	0.000188	-0.001551	0.019808	0.000000	0.000000	-0.000000	-0.000688	0.004163	-0.081279	0.000000	-0.000000	0.027118	0.343056	-1.961017	-0.135937	-0.000000	0.000204	0.000000	0.000000	0.000000	-1.256570	0.000000	0.000000	0.000000	0.000000
1761685795.852796078	0.000000	0.000175	-0.001477	0.081389	0.000000	-0.000000	-0.000000	-0.000639	0.003971	-0.080503	0.000000	0.000000	0.027118	0.343046	-1.960603	-0.144070	-0.000000	0.000204	0.000000	0.000000	0.000000	-1.256570	0.000000	0.000000	0.000000	0.000000
1761685795.953230143	-0.000000	0.000121	-0.001248	0.128690	-0.000000	-0.000000	0.000000	-0.000425	0.003372	-0.073391	0.000000	0.000000	0.027118	0.343048	-1.960235	-0.151748	-0.000000	0.000204	0.000000	0.000000	0.000000	-1.256570	0.000000	0.000000	0.000000	0.000000
1761685796.052801132	-0.000000	0.000038	-0.000907	0.160180	-0.000000	-0.000000	0.000000	-0.000086	0.002468	-0.061310	0.000000	0.000000	0.027118	0.343069	-1.959948	-0.158415	-0.000000	0.000204	0.000000	0.000000	0.000000	-1.256570	0.000000	0.000000	0.000000	0.000000
1761685796.152776241	-0.000000	-0.000061	-0.000501	0.175881	-0.000000	-0.000000	0.000000	0.000331	0.001373	-0.045817	0.000000	0.000000	0.027118	0.343113	-1.959769	-0.163664	-0.000000	0.000204	0.000000	0.000000	0.000000	-1.256570	0.000000	0.000000	0.000000	0.000000
1761685796.252737045	-0.000000	-0.000164	-0.000073	0.176885	-0.000000	-0.000000	0.000000	0.000785	0.000196	-0.028490	0.000000	0.000000	0.027118	0.343183	-1.959711	-0.167246	-0.000000	0.000204	0.000000	0.000000	0.000000	-1.256570	0.000000	0.000000	0.000000	0.000000
1761685796.353761435	-0.000000	-0.000245	0.000277	0.167824	-0.000000	-0.000000	0.000000	0.001234	-0.000964	-0.010819	0.000000	0.000000	0.027118	0.343278	-1.959776	-0.169065	0.000000	0.000204	0.000000	0.000000	0.000000	-1.256570	0.000000	0.000000	0.000000	0.000000
1761685796.452839136	-0.000000	-0.000334	0.000682	0.146533	-0.000000	-0.000000	0.000000	0.001653	-0.002043	0.006115	0.000000	0.000000	0.027118	0.343397	-1.959959	-0.169153	0.000000	0.000204	0.000000	0.000000	0.000000	-1.256570	0.000000	0.000000	0.000000	0.000000
1761685796.552907705	-0.000000	-0.000408	0.001043	0.114881	-0.000000	-0.000000	0.000000	0.002010	-0.002959	0.021123	0.000000	0.000000	0.027118	0.343538	-1.960245	-0.167651	0.000000	0.000204	0.000000	0.000000	0.000000	-1.256570	0.000000	0.000000	0.000000	0.000000
1761685796.652957916	-0.000000	-0.000462	0.001325	0.075930	-0.000000	-0.000000	0.000000	0.002280	-0.003645	0.033138	-0.000000	0.000000	0.027118	0.343696	-1.960614	-0.164816	0.000000	0.000204	0.000000	0.000000	0.000000	-1.256570	0.000000	0.000000	0.000000	0.000000
1761685796.752844095	-0.000000	-0.000496	0.001507	0.033941	-0.000000	-0.000000	0.000000	0.002444	-0.004058	0.041381	-0.000000	0.000000	0.027118	0.343868	-1.961038	-0.160994	0.000000	0.000204	0.000000	0.000000	0.000000	-1.256570	0.000000	0.000000	0.000000	0.000000
1761685796.852794886	-0.000000	-0.000508	0.001577	-0.006968	-0.000000	-0.000000	0.000000	0.002497	-0.004183	0.045475	-0.000000	0.000000	0.027118	0.344048	-1.961487	-0.156588	0.000000	0.000204	0.000000	0.000000	0.000000	-1.256570	0.000000	0.000000	0.000000	0.000000
1761685796.952849627	-0.000000	-0.000500	0.001535	-0.043321	-0.000000	-0.000000	0.000000	0.002441	-0.004031	0.045460	-0.000000	-0.000000	0.027118	0.344229	-1.961932	-0.152013	0.000000	0.000204	0.000000	0.000000	0.000000	-1.256570	0.000000	0.000000	0.000000	0.000000
1761685797.052801609	0.000000	-0.000474	0.001396	-0.072551	0.000000	0.000000	-0.000000	0.002290	-0.003640	0.041733	-0.000000	-0.000000	0.027118	0.344405	-1.962344	-0.147659	0.000000	0.000204	0.000000	0.000000	0.000000	-1.256570	0.000000	0.000000	0.000000	0.000000
1761685797.152921438	0.000000	-0.000432	0.001182	-0.093086	0.000000	0.000000	-0.000000	0.002062	-0.003062	0.034965	-0.000000	-0.000000	0.027118	0.344571	-1.962704	-0.143860	0.000000	0.000204	0.000000	0.000000	0.000000	-1.256570	0.000000	0.000000	0.000000	0.000000
1761685797.252857685	0.000000	-0.000379	0.000919	-0.104282	0.000000	0.000000	-0.000000	0.001783	-0.002361	0.025999	-0.000000	-0.000000	0.027118	0.344721	-1.962994	-0.140873	-0.000000	0.000204	0.000000	0.000000	0.000000	-1.256570	0.000000	0.000000	0.000000	0.000000
1761685797.352925539	0.000000	-0.000319	0.000635	-0.106291	0.000000	0.000000	-0.000000	0.001476	-0.001601	0.015757	-0.000000	-0.000000	0.027118	0.344854	-1.963207	-0.138862	-0.000000	0.000204	0.000000	0.000000	0.000000	-1.256570	0.000000	0.000000	0.000000	0.000000
1761685797.452795744	0.000000	-0.000255	0.000353	-0.099891	0.000000	0.000000	-0.000000	0.001217	-0.000971	0.006933	-0.000000	-0.000000	0.027118	0.344949	-1.963323	-0.137989	-0.000000	0.000204	0.000000	0.000000	0.000000	-1.256570	0.000000	0.000000	0.000000	0.000000
1761685797.552773476	0.000000	-0.000194	0.000094	-0.086299	0.000000	0.000000	-0.000000	0.000924	-0.000264	-0.003269	-0.000000	-0.000000	0.027118	0.345044	-1.963392	-0.137898	-0.000000	0.000204	0.000000	0.000000	0.000000	-1.256570	0.000000	0.000000	0.000000	0.000000
1761685797.653017521	0.000000	-0.000140	-0.000118	-0.067122	0.000000	0.000000	-0.000000	0.000673	0.000326	-0.012126	0.000000	-0.000000	0.027118	0.345122	-1.963394	-0.138751	-0.000000	0.000204	0.000000	0.000000	0.000000	-1.256570	0.000000	0.000000	0.000000	0.000000
1761685797.752861977	0.000000	-0.000097	-0.000282	-0.044264	0.000000	0.000000	-0.000000	0.000475	0.000777	-0.019157	0.000000	-0.000000	0.027118	0.345185	-1.963342	-0.140387	-0.000000	0.000204	0.000000	0.000000	0.000000	-1.256570	0.000000	0.000000	0.000000	0.000000
1761685797.852781057	0.000000	-0.000068	-0.000387	-0.020072	0.000000	0.000000	-0.000000	0.000340	0.001066	-0.023965	0.000000	-0.000000	0.027118	0.345238	-1.963253	-0.142599	-0.000000	0.000204	0.000000	0.000000	0.000000	-1.256570	0.000000	0.000000	0.000000	0.000000
1761685797.952955008	0.000000	-0.000052	-0.000432	0.003257	-0.000000	0.000000	-0.000000	0.000272	0.001188	-0.026375	0.000000	-0.000000	0.027118	0.345283	-1.963143	-0.145153	-0.000000	0.000204	0.000000	0.000000	0.000000	-1.256570	0.000000	0.000000	0.000000	0.000000
1761685798.052816391	0.000000	-0.000051	-0.000419	0.023886	0.000000	0.000000	-0.000000	0.000266	0.001152	-0.026438	0.000000	-0.000000	0.027118	0.345327	-1.963031	-0.147811	-0.000000	0.000204	0.000000	0.000000	0.000000	-1.256570	0.000000	0.000000	0.000000	0.000000
1761685798.153053761	-0.000000	-0.000063	-0.000356	0.040452	0.000000	-0.000000	0.000000	0.000316	0.000980	-0.024393	0.000000	0.000000	0.027118	0.345371	-1.962930	-0.150350	-0.000000	0.000204	0.000000	0.000000	0.000000	-1.256570	0.000000	0.000000	0.000000	0.000000
1761685798.252832890	-0.000000	-0.000083	-0.000254	0.052109	0.000000	-0.000000	0.000000	0.000409	0.000700	-0.020624	0.000000	0.000000	0.027118	0.345420	-1.962854	-0.152581	-0.000000	0.000204	0.000000	0.000000	0.000000	-1.256570	0.000000	0.000000	0.000000	0.000000
1761685798.352757454	-0.000000	-0.000111	-0.000126	0.058505	0.000000	-0.000000	0.000000	0.000533	0.000349	-0.015608	0.000000	0.000000	0.027118	0.345475	-1.962812	-0.154358	-0.000000	0.000204	0.000000	0.000000	0.000000	-1.256570	0.000000	0.000000	0.000000	0.000000
1761685798.452813148	-0.000000	-0.000140	0.000011	0.059949	-0.000000	-0.000000	0.000000	0.000671	-0.000033	-0.009971	0.000000	0.000000	0.027118	0.345537	-1.962809	-0.155597	0.000000	0.000204	0.000000	0.000000	0.000000	-1.256570	0.000000	0.000000	0.000000	0.000000
1761685798.552811861	-0.000000	-0.000171	0.000151	0.057392	-0.000000	-0.000000	0.000000	0.000814	-0.000422	-0.004000	0.000000	0.000000	0.027118	0.345608	-1.962846	-0.156247	0.000000	0.000204	0.000000	0.000000	0.000000	-1.256570	0.000000	0.000000	0.000000	0.000000
1761685798.652844667	-0.000000	-0.000194	0.000262	0.050459	-0.000000	-0.000000	0.000000	0.000948	-0.000785	0.001782	0.000000	0.000000	0.027118	0.345686	-1.962923	-0.156308	0.000000	0.000204	0.000000	0.000000	0.000000	-1.256570	0.000000	0.000000	0.000000	0.000000
1761685798.752948761	-0.000000	-0.000219	0.000380	0.039980	-0.000000	-0.000000	0.000000	0.001063	-0.001096	0.006944	0.000000	0.000000	0.027118	0.345772	-1.963035	-0.155824	0.000000	0.000204	0.000000	0.000000	0.000000	-1.256570	0.000000	0.000000	0.000000	0.000000
1761685798.852972507	-0.000000	-0.000237	0.000472	0.027041	-0.000000	-0.000000	0.000000	0.001150	-0.001332	0.011116	-0.000000	0.000000	0.027118	0.345863	-1.963174	-0.154879	0.000000	0.000204	0.000000	0.000000	0.000000	-1.256570	0.000000	0.000000	0.000000	0.000000
1761685798.953037262	-0.000000	-0.000249	0.000532	0.012948	-0.000000	-0.000000	0.000000	0.001202	-0.001477	0.014036	-0.000000	0.000000	0.027118	0.345958	-1.963333	-0.153588	0.000000	0.000204	0.000000	0.000000	0.000000	-1.256570	0.000000	0.000000	0.000000	0.000000
1761685799.053232431	-0.000000	-0.000253	0.000556	-0.001008	-0.000000	-0.000000	0.000000	0.001217	-0.001526	0.015566	-0.000000	0.000000	0.027118	0.346055	-1.963501	-0.152085	0.000000	0.000204	0.000000	0.000000	0.000000	-1.256570	0.000000	0.000000	0.000000	0.000000
1761685799.153029919	-0.000000	-0.000249	0.000545	-0.013672	0.000000	-0.000000	0.000000	0.001194	-0.001480	0.015698	-0.000000	-0.000000	0.027118	0.346151	-1.963668	-0.150511	0.000000	0.000204	0.000000	0.000000	0.000000	-1.256570	0.000000	0.000000	0.000000	0.000000
1761685799.253157854	0.000000	-0.000239	0.000502	-0.024122	-0.000000	0.000000	-0.000000	0.001138	-0.001352	0.014541	-0.000000	-0.000000	0.027118	0.346245	-1.963825	-0.149000	-0.000000	0.000204	0.000000	0.000000	0.000000	-1.256570	0.000000	0.000000	0.000000	0.000000
1761685799.352908373	0.000000	-0.000223	0.000434	-0.031711	-0.000000	0.000000	-0.000000	0.001056	-0.001156	0.012303	-0.000000	-0.000000	0.027118	0.346335	-1.963964	-0.147670	0.000000	0.000204	0.000000	0.000000	0.000000	-1.256570	0.000000	0.000000	0.000000	0.000000
1761685799.452860594	0.000000	-0.000203	0.000347	-0.036093	0.000000	0.000000	-0.000000	0.000953	-0.000915	0.009259	-0.000000	-0.000000	0.027118	0.346418	-1.964079	-0.146612	-0.000000	0.000204	0.000000	0.000000	0.000000	-1.256570	0.000000	0.000000	0.000000	0.000000
1761685799.552860737	0.000000	-0.000180	0.000251	-0.037210	0.000000	0.000000	-0.000000	0.000840	-0.000649	0.005722	-0.000000	-0.000000	0.027118	0.346495	-1.964168	-0.145889	0.000000	0.000204	0.000000	0.000000	0.000000	-1.256570	0.000000	0.000000	0.000000	0.000000
1761685799.652905464	0.000000	-0.000156	0.000154	-0.035261	0.000000	0.000000	-0.000000	0.000725	-0.000382	0.002020	-0.000000	-0.000000	0.027118	0.346565	-1.964228	-0.145532	-0.000000	0.000204	0.000000	0.000000	0.000000	-1.256570	0.000000	0.000000	0.000000	0.000000
1761685799.752995014	0.000000	-0.000133	0.000063	-0.030658	0.000000	0.000000	-0.000000	0.000616	-0.000134	-0.001539	-0.000000	-0.000000	0.027118	0.346627	-1.964261	-0.145539	-0.000000	0.000204	0.000000	0.000000	0.000000	-1.256570	0.000000	0.000000	0.000000	0.000000
1761685799.852923155	0.000000	-0.000112	-0.000016	-0.023925	-0.000000	0.000000	-0.000000	0.000521	0.000078	-0.004681	-0.000000	-0.000000	0.027118	0.346682	-1.964270	-0.145879	-0.000000	0.000204	0.000000	0.000000	0.000000	-1.256570	0.000000	0.000000	0.000000	0.000000
1761685799.952896357	0.000000	-0.000095	-0.000078	-0.015771	0.000000	0.000000	-0.000000	0.000444	0.000241	-0.007186	-0.000000	-0.000000	0.027118	0.346731	-1.964259	-0.146498	-0.000000	0.000204	0.000000	0.000000	0.000000	-1.256570	0.000000	0.000000	0.000000	0.000000
1761685800.052831173	0.000000	-0.000083	-0.000119	-0.006998	0.000000	0.000000	-0.000000	0.000390	0.000346	-0.008899	0.000000	-0.000000	0.027118	0.346777	-1.964235	-0.147322	-0.000000	0.000204	0.000000	0.000000	0.000000	-1.256570	0.000000	0.000000	0.000000	0.000000
1761685800.152839184	0.000000	-0.000075	-0.000139	0.001611	0.000000	0.000000	-0.000000	0.000360	0.000391	-0.009745	0.000000	-0.000000	0.027118	0.346819	-1.964203	-0.148268	0.000000	0.000204	0.000000	0.000000	0.000000	-1.256570	0.000000	0.000000	0.000000	0.000000
1761685800.252854347	0.000000	-0.000073	-0.000137	0.009359	-0.000000	0.000000	-0.000000	0.000353	0.000376	-0.009727	0.000000	0.000000	0.027117	0.346859	-1.964170	-0.149247	0.000000	0.000204	0.000000	0.000000	0.000000	-1.256570	0.000000	0.000000	0.000000	0.000000
1761685800.353382111	-0.000000	-0.000075	-0.000117	0.015687	-0.000000	-0.000000	0.000000	0.000367	0.000311	-0.008920	0.000000	0.000000	0.027117	0.346900	-1.964142	-0.150178	-0.000000	0.000204	0.000000	0.000000	0.000000	-1.256570	0.000000	0.000000	0.000000	0.000000
1761685800.452937365	-0.000000	-0.000081	-0.000080	0.020207	0.000000	-0.000000	0.000000	0.000397	0.000204	-0.007457	0.000000	0.000000	0.027117	0.346942	-1.964123	-0.150989	-0.000000	0.000204	0.000000	0.000000	0.000000	-1.256570	0.000000	0.000000	0.000000	0.000000
1761685800.552962780	-0.000000	-0.000090	-0.000034	0.022715	-0.000000	-0.000000	0.000000	0.000440	0.000069	-0.005512	0.000000	0.000000	0.027117	0.346985	-1.964116	-0.151624	0.000000	0.000204	0.000000	0.000000	0.000000	-1.256570	0.000000	0.000000	0.000000	0.000000
1761685800.652918577	-0.000000	-0.000100	0.000019	0.023184	-0.000000	-0.000000	0.000000	0.000490	-0.000079	-0.003282	0.000000	0.000000	0.027117	0.347031	-1.964125	-0.152047	-0.000000	0.000204	0.000000	0.000000	0.000000	-1.256570	0.000000	0.000000	0.000000	0.000000
1761685800.753016710	-0.000000	-0.000111	0.000073	0.021754	-0.000000	-0.000000	0.000000	0.000540	-0.000228	-0.000971	0.000000	0.000000	0.027117	0.347080	-1.964149	-0.152241	-0.000000	0.000204	0.000000	0.000000	0.000000	-1.256570	0.000000	0.000000	0.000000	0.000000
1761685800.852790117	-0.000000	-0.000121	0.000123	0.018693	-0.000000	-0.000000	0.000000	0.000587	-0.000365	0.001228	0.000000	0.000000	0.027117	0.347132	-1.964188	-0.152209	0.000000	0.000204	0.000000	0.000000	0.000000	-1.256570	0.000000	0.000000	0.000000	0.000000
1761685800.952939272	-0.000000	-0.000129	0.000166	0.014356	-0.000000	-0.000000	0.000000	0.000625	-0.000478	0.003148	0.000000	0.000000	0.027117	0.347185	-1.964240	-0.151972	-0.000000	0.000204	0.000000	0.000000	0.000000	-1.256570	0.000000	0.000000	0.000000	0.000000
1761685801.052940845	-0.000000	-0.000135	0.000198	0.009198	-0.000000	-0.000000	0.000000	0.000651	-0.000561	0.004656	-0.000000	0.000000	0.027117	0.347241	-1.964302	-0.151566	0.000000	0.000204	0.000000	0.000000	0.000000	-1.256570	0.000000	0.000000	0.000000	0.000000
1761685801.152842045	-0.000000	-0.000138	0.000217	0.003713	-0.000000	-0.000000	0.000000	0.000664	-0.000607	0.005662	-0.000000	0.000000	0.027117	0.347297	-1.964371	-0.151038	-0.000000	0.000204	0.000000	0.000000	0.000000	-1.256570	0.000000	0.000000	0.000000	0.000000
1761685801.252940893	-0.000000	-0.000138	0.000222	-0.001621	0.000000	-0.000000	0.000000	0.000662	-0.000616	0.006125	-0.000000	0.000000	0.027117	0.347353	-1.964441	-0.150441	0.000000	0.000204	0.000000	0.000000	0.000000	-1.256570	0.000000	0.000000	0.000000	0.000000
1761685801.352875471	-0.000000	-0.000135	0.000215	-0.006378	0.000000	0.000000	0.000000	0.000646	-0.000589	0.006051	-0.000000	-0.000000	0.027117	0.347409	-1.964511	-0.149829	0.000000	0.000204	0.000000	0.000000	0.000000	-1.256570	0.000000	0.000000	0.000000	0.000000
1761685801.452924252	0.000000	-0.000130	0.000196	-0.010220	-0.000000	0.000000	-0.000000	0.000618	-0.000532	0.005493	0.000000	-0.000000	0.027117	0.347463	-1.964575	-0.149253	-0.000000	0.000204	0.000000	0.000000	0.000000	-1.256570	0.000000	0.000000	0.000000	0.000000
1761685801.552831888	0.000000	-0.000122	0.000167	2.308725	0.000000	0.000000	-0.000000	0.000580	-0.000450	0.004535	0.000000	-0.000000	0.027117	0.347515	-1.964632	-0.148757	0.000000	0.000204	0.000000	0.000000	0.000000	1.248480	0.000000	0.000000	0.000000	0.000000
1761685801.652871132	0.000000	-0.000717	0.003656	0.883590	-0.000011	-0.000005	-0.000000	0.004909	-0.011256	0.171031	0.000005	0.000001	0.027117	0.347702	-1.965250	-0.139988	0.000000	0.000204	0.000000	0.000000	0.000000	0.000000	0.000000	0.000000	0.000000	0.000000
1761685801.752914429	-0.000000	-0.001060	0.007490	0.438098	-0.000018	-0.000005	-0.000000	0.007267	-0.017011	0.263271	0.000006	0.000001	0.027117	0.348076	-1.966578	-0.120503	0.000001	0.000204	0.000000	0.000000	0.000000	0.000000	0.000000	0.000000	0.000000	0.000000
1761685801.853201151	0.000000	-0.001158	0.009227	0.054838	-0.000017	-0.000001	-0.000000	0.008724	-0.020211	0.321930	0.000004	0.000000	0.027117	0.348694	-1.968578	-0.090259	0.000001	0.000204	0.000000	0.000000	0.000000	0.000000	0.000000	0.000000	0.000000	0.000000
1761685801.953080416	0.000000	-0.001201	0.009439	-0.256454	-0.000015	0.000000	-0.000000	0.009144	-0.020541	0.340189	0.000002	-0.000000	0.027117	0.349447	-1.970709	-0.056575	0.000002	0.000204	0.000000	0.000000	0.000000	0.000000	0.000000	0.000000	0.000000	0.000000
1761685802.052981377	0.000000	-0.001206	0.008232	-0.459614	-0.000012	0.000000	-0.000000	0.008574	-0.018278	0.319732	0.000001	0.000000	0.027117	0.350254	-1.972679	-0.023533	0.000002	0.000204	0.000000	0.000000	0.000000	0.000000	0.000000	0.000000	0.000000	0.000000
1761685802.153441191	-0.000000	-0.001156	0.006381	-0.582402	-0.000009	-0.000000	0.000000	0.007241	-0.014038	0.269496	-0.000001	0.000000	0.027117	0.351034	-1.974311	0.006097	0.000002	0.000204	0.000000	0.000000	0.000000	0.000000	0.000000	0.000000	0.000000	0.000000
1761685802.252919436	-0.000000	-0.001029	0.004309	-0.641324	-0.000006	-0.000000	0.000000	0.005959	-0.010355	0.220963	-0.000002	0.000000	0.027116	0.351715	-1.975519	0.030620	0.000002	0.000204	0.000000	0.000000	0.000000	0.000000	0.000000	0.000000	0.000000	0.000000
1761685802.353043556	-0.000000	-0.000818	0.002297	-0.651009	-0.000003	-0.000000	0.000000	0.004290	-0.005789	0.157812	-0.000002	0.000000	0.027116	0.352244	-1.976269	0.049074	0.000001	0.000204	0.000000	0.000000	0.000000	0.000000	0.000000	0.000000	0.000000	0.000000
1761685802.452924967	-0.000000	-0.000534	0.000507	-0.622640	-0.000001	-0.000000	0.000000	0.002569	-0.001307	0.092873	-0.000003	0.000000	0.027116	0.352589	-1.976566	0.061073	0.000001	0.000204	0.000000	0.000000	0.000000	0.000000	0.000000	0.000000	0.000000	0.000000
1761685802.552890301	-0.000000	-0.000200	-0.001049	-0.564120	0.000001	-0.000000	0.000000	0.000901	0.002850	0.030136	-0.000003	0.000000	0.027116	0.352740	-1.976442	0.066681	0.000001	0.000204	0.000000	0.000000	0.000000	0.000000	0.000000	0.000000	0.000000	0.000000
1761685802.652789354	-0.000000	0.000153	-0.002491	-0.478208	0.000003	-0.000000	0.000000	-0.000623	0.006500	-0.027251	-0.000003	0.000000	0.027116	0.352707	-1.975942	0.066307	0.000000	0.000204	0.000000	0.000000	0.000000	0.000000	0.000000	0.000000	0.000000	0.000000
1761685802.752799749	-0.000000	0.000503	-0.003726	-0.355685	0.000004	-0.000000	0.000000	-0.001924	0.009476	-0.076504	-0.000002	0.000000	0.027116	0.352515	-1.975124	0.060649	0.000000	0.000204	0.000000	0.000000	0.000000	0.000000	0.000000	0.000000	0.000000	0.000000
1761685802.853358269	-0.000000	0.000766	-0.004551	-0.232880	0.000005	-0.000000	0.000000	-0.002961	0.011722	-0.116156	-0.000002	0.000000	0.027116	0.352198	-1.974051	0.050549	0.000000	0.000204	0.000000	0.000000	0.000000	0.000000	0.000000	0.000000	0.000000	0.000000
1761685802.952994585	-0.000000	0.000986	-0.005140	-0.082071	0.000005	-0.000000	0.000000	-0.003599	0.012929	-0.141491	-0.000002	0.000000	0.027116	0.351808	-1.972818	0.037370	-0.000000	0.000204	0.000000	0.000000	0.000000	0.000000	0.000000	0.000000	0.000000	0.000000
1761685803.053030491	-0.000000	0.001084	-0.005297	0.058521	0.000005	-0.000000	0.000000	-0.003831	0.013124	-0.152212	-0.000001	0.000000	0.027117	0.351393	-1.971519	0.022491	-0.000000	0.000204	0.000000	0.000000	0.000000	0.000000	0.000000	0.000000	0.000000	0.000000
1761685803.153203011	-0.000000	0.001049	-0.005026	0.174711	0.000004	-0.000000	0.000000	-0.003672	0.012373	-0.148703	-0.000001	0.000000	0.027117	0.350998	-1.970249	0.007377	-0.000000	0.000204	0.000000	0.000000	0.000000	0.000000	0.000000	0.000000	0.000000	0.000000
1761685803.252954006	-0.000000	0.000905	-0.004413	0.259967	0.000004	-0.000000	0.000000	-0.003191	0.010860	-0.133168	-0.000000	0.000000	0.027117	0.350657	-1.969095	-0.006668	-0.000000	0.000204	0.000000	0.000000	0.000000	0.000000	0.000000	0.000000	0.000000	0.000000
1761685803.353061676	0.000000	0.000692	-0.003575	0.313028	0.000003	-0.000000	-0.000000	-0.002477	0.008817	-0.108592	0.000000	0.000000	0.027117	0.350390	-1.968122	-0.018610	-0.000000	0.000204	0.000000	0.000000	0.000000	0.000000	0.000000	0.000000	0.000000	0.000000
1761685803.452967167	0.000000	0.000449	-0.002626	0.335875	0.000002	-0.000000	-0.000000	-0.001622	0.006473	-0.078174	0.000000	0.000000	0.027117	0.350209	-1.967371	-0.027732	-0.000000	0.000204	0.000000	0.000000	0.000000	0.000000	0.000000	0.000000	0.000000	0.000000
1761685803.552926302	0.000000	0.000211	-0.001664	0.332037	0.000001	-0.000000	-0.000000	-0.000713	0.004039	-0.044967	0.000001	0.000000	0.027117	0.350115	-1.966862	-0.033628	-0.000000	0.000204	0.000000	0.000000	0.000000	0.000000	0.000000	0.000000	0.000000	0.000000
1761685803.652957916	0.000000	-0.000001	-0.000763	0.305562	0.000000	-0.000000	-0.000000	0.000177	0.001696	-0.011700	0.000001	0.000000	0.027117	0.350105	-1.966595	-0.036181	-0.000000	0.000204	0.000000	0.000000	0.000000	0.000000	0.000000	0.000000	0.000000	0.000000
1761685803.753026009	0.000000	-0.000179	0.000025	0.259794	-0.000000	-0.000000	-0.000000	0.000990	-0.000410	0.019298	0.000001	0.000000	0.027117	0.350173	-1.966552	-0.035525	-0.000000	0.000204	0.000000	0.000000	0.000000	0.000000	0.000000	0.000000	0.000000	0.000000
1761685803.852809429	0.000000	-0.000321	0.000695	0.194553	-0.000001	-0.000000	-0.000000	0.001675	-0.002160	0.046040	0.000001	0.000000	0.027117	0.350307	-1.966703	-0.032003	-0.000000	0.000204	0.000000	0.000000	0.000000	0.000000	0.000000	0.000000	0.000000	0.000000
1761685803.952792406	0.000000	-0.000421	0.001219	0.117080	-0.000001	-0.000000	-0.000000	0.002187	-0.003439	0.066583	0.000001	0.000000	0.027117	0.350497	-1.967002	-0.026156	-0.000000	0.000204	0.000000	0.000000	0.000000	0.000000	0.000000	0.000000	0.000000	0.000000
1761685804.052792311	0.000000	-0.000482	0.001547	0.036651	-0.000001	-0.000000	-0.000000	0.002493	-0.004174	0.079582	0.000001	0.000000	0.027117	0.350726	-1.967398	-0.018685	0.000000	0.000204	0.000000	0.000000	0.000000	0.000000	0.000000	0.000000	0.000000	0.000000
1761685804.152848721	0.000000	-0.000504	0.001657	-0.038385	-0.000001	-0.000000	-0.000000	0.002586	-0.004353	0.084588	0.000000	0.000000	0.027117	0.350934	-1.967760	-0.011789	0.000000	0.000204	0.000000	0.000000	0.000000	0.000000	0.000000	0.000000	0.000000	0.000000
1761685804.252938032	0.000000	-0.000491	0.001559	-0.101726	-0.000001	-0.000000	-0.000000	0.002480	-0.004023	0.082000	0.000000	0.000000	0.027117	0.351227	-1.968255	-0.002019	0.000000	0.000204	0.000000	0.000000	0.000000	0.000000	0.000000	0.000000	0.000000	0.000000
1761685804.353035688	0.000000	-0.000447	0.001290	-0.149479	-0.000001	-0.000000	-0.000000	0.002204	-0.003276	0.072883	0.000000	0.000000	0.027117	0.351461	-1.968616	0.005693	0.000000	0.000204	0.000000	0.000000	0.000000	0.000000	0.000000	0.000000	0.000000	0.000000
1761685804.452968359	0.000000	-0.000378	0.000900	-0.179962	-0.000001	-0.000000	-0.000000	0.001800	-0.002224	0.058731	0.000000	0.000000	0.027117	0.351661	-1.968882	0.012189	0.000000	0.000204	0.000000	0.000000	0.000000	0.000000	0.000000	0.000000	0.000000	0.000000
1761685804.552977562	-0.000000	-0.000288	0.000444	-0.193216	-0.000001	-0.000000	0.000000	0.001313	-0.000992	0.041243	-0.000000	0.000000	0.027116	0.351793	-1.969015	0.016376	0.000000	0.000204	0.000000	0.000000	0.000000	0.000000	0.000000	0.000000	0.000000	0.000000
1761685804.652821541	-0.000000	-0.000184	-0.000027	-0.190478	-0.000000	-0.000000	0.000000	0.000878	0.000084	0.025362	-0.000000	0.000000	0.027116	0.351903	-1.969059	0.019713	0.000000	0.000204	0.000000	0.000000	0.000000	0.000000	0.000000	0.000000	0.000000	0.000000
1761685804.752825975	-0.000000	-0.000076	-0.000487	-0.173759	-0.000000	-0.000000	0.000000	0.000360	0.001340	0.006223	-0.000000	0.000000	0.027116	0.351959	-1.968975	0.021130	0.000000	0.000204	0.000000	0.000000	0.000000	0.000000	0.000000	0.000000	0.000000	0.000000
1761685804.853289127	-0.000000	0.000029	-0.000909	-0.145032	-0.000000	-0.000000	0.000000	-0.000120	0.002472	-0.011710	-0.000000	0.000000	0.027116	0.351962	-1.968773	0.020688	0.000000	0.000204	0.000000	0.000000	0.000000	0.000000	0.000000	0.000000	0.000000	0.000000
1761685804.953720331	-0.000000	0.000104	-0.001192	-0.114033	0.000000	-0.000000	0.000000	-0.000513	0.003362	-0.026692	-0.000000	0.000000	0.027116	0.351921	-1.968474	0.018623	0.000000	0.000204	0.000000	0.000000	0.000000	0.000000	0.000000	0.000000	0.000000	0.000000
1761685805.052937269	-0.000000	0.000180	-0.001460	-0.070375	0.000000	-0.000000	0.000000	-0.000820	0.004023	-0.038612	-0.000000	0.000000	0.027116	0.351845	-1.968098	0.015237	0.000000	0.000204	0.000000	0.000000	0.000000	0.000000	0.000000	0.000000	0.000000	0.000000
1761685805.152994394	-0.000000	0.000232	-0.001620	-0.024294	0.000000	-0.000000	0.000000	-0.001012	0.004387	-0.046377	-0.000000	0.000000	0.027116	0.351745	-1.967674	0.010892	0.000000	0.000204	0.000000	0.000000	0.000000	0.000000	0.000000	0.000000	0.000000	0.000000
1761685805.253569365	-0.000000	0.000253	-0.001659	0.019461	0.000000	-0.000000	0.000000	-0.001079	0.004437	-0.049574	-0.000000	0.000000	0.027117	0.351635	-1.967231	0.006036	-0.000000	0.000204	0.000000	0.000000	0.000000	0.000000	0.000000	0.000000	0.000000	0.000000
1761685805.353116989	-0.000000	0.000245	-0.001583	0.057253	0.000000	-0.000000	0.000000	-0.001027	0.004193	-0.048357	-0.000000	0.000000	0.027117	0.351528	-1.966800	0.001119	-0.000000	0.000204	0.000000	0.000000	0.000000	0.000000	0.000000	0.000000	0.000000	0.000000
1761685805.452975750	-0.000000	0.000211	-0.001409	0.086556	0.000000	-0.000000	0.000000	-0.000873	0.003704	-0.043262	-0.000000	0.000000	0.027117	0.351434	-1.966408	-0.003446	-0.000000	0.000204	0.000000	0.000000	0.000000	0.000000	0.000000	0.000000	0.000000	0.000000
1761685805.553321838	-0.000000	0.000158	-0.001163	0.105966	0.000000	-0.000000	0.000000	-0.000641	0.003031	-0.035095	-0.000000	0.000000	0.027117	0.351362	-1.966075	-0.007316	-0.000000	0.000204	0.000000	0.000000	0.000000	0.000000	0.000000	0.000000	0.000000	0.000000
1761685805.652837753	-0.000000	0.000093	-0.000872	0.115085	0.000000	-0.000000	0.000000	-0.000359	0.002243	-0.024822	-0.000000	0.000000	0.027117	0.351316	-1.965816	-0.010239	-0.000000	0.000204	0.000000	0.000000	0.000000	0.000000	0.000000	0.000000	0.000000	0.000000
1761685805.752870798	0.000000	0.000025	-0.000565	0.114334	0.000000	-0.000000	-0.000000	-0.000104	0.001553	-0.015383	0.000000	0.000000	0.027117	0.351301	-1.965664	-0.011841	-0.000000	0.000204	0.000000	0.000000	0.000000	0.000000	0.000000	0.000000	0.000000	0.000000
1761685805.852792978	0.000000	-0.000041	-0.000268	0.104762	0.000000	-0.000000	-0.000000	0.000199	0.000742	-0.003925	0.000000	0.000000	0.027117	0.351309	-1.965556	-0.012710	-0.000000	0.000204	0.000000	0.000000	0.000000	0.000000	0.000000	0.000000	0.000000	0.000000
1761685805.952787161	0.000000	-0.000100	-0.000001	0.087697	0.000000	-0.000000	-0.000000	0.000479	0.000004	0.006870	0.000000	0.000000	0.027117	0.351346	-1.965527	-0.012462	-0.000000	0.000204	0.000000	0.000000	0.000000	0.000000	0.000000	0.000000	0.000000	0.000000
1761685806.053496361	0.000000	-0.000148	0.000222	0.064526	0.000000	-0.000000	-0.000000	0.000715	-0.000612	0.016209	0.000000	0.000000	0.027117	0.351408	-1.965564	-0.011212	-0.000000	0.000204	0.000000	0.000000	0.000000	0.000000	0.000000	0.000000	0.000000	0.000000
1761685806.152806044	0.000000	-0.000184	0.000390	0.037772	-0.000000	-0.000000	-0.000000	0.000891	-0.001068	0.023434	0.000000	0.000000	0.027117	0.351489	-1.965655	-0.009143	-0.000000	0.000204	0.000000	0.000000	0.000000	0.000000	0.000000	0.000000	0.000000	0.000000
1761685806.252937317	0.000000	-0.000204	0.000490	0.010150	-0.000000	-0.000000	-0.000000	0.000997	-0.001338	0.028103	0.000000	0.000000	0.027117	0.351585	-1.965780	-0.006498	-0.000000	0.000204	0.000000	0.000000	0.000000	0.000000	0.000000	0.000000	0.000000	0.000000
1761685806.352998495	0.000000	-0.000211	0.000520	-0.015833	-0.000000	-0.000000	-0.000000	0.001029	-0.001419	0.030039	0.000000	0.000000	0.027117	0.351686	-1.965922	-0.003544	-0.000000	0.000204	0.000000	0.000000	0.000000	0.000000	0.000000	0.000000	0.000000	0.000000
1761685806.453373432	0.000000	-0.000203	0.000484	-0.038114	-0.000000	-0.000000	-0.000000	0.000991	-0.001322	0.029322	0.000000	0.000000	0.027116	0.351787	-1.966060	-0.000553	0.000000	0.000204	0.000000	0.000000	0.000000	0.000000	0.000000	0.000000	0.000000	0.000000
1761685806.552809000	0.000000	-0.000183	0.000392	-0.055215	-0.000000	-0.000000	-0.000000	0.000893	-0.001074	0.026253	0.000000	0.000000	0.027116	0.351881	-1.966179	0.002225	0.000000	0.000204	0.000000	0.000000	0.000000	0.000000	0.000000	0.000000	0.000000	0.000000
1761685806.652771711	0.000000	-0.000154	0.000258	-0.066271	-0.000000	-0.000000	-0.000000	0.000746	-0.000710	0.021301	0.000000	0.000000	0.027116	0.351963	-1.966266	0.004580	0.000000	0.000204	0.000000	0.000000	0.000000	0.000000	0.000000	0.000000	0.000000	0.000000
1761685806.752757311	0.000000	-0.000118	0.000099	-0.071010	-0.000000	-0.000000	-0.000000	0.000568	-0.000274	0.015043	0.000000	0.000000	0.027116	0.352028	-1.966312	0.006358	0.000000	0.000204	0.000000	0.000000	0.000000	0.000000	0.000000	0.000000	0.000000	0.000000
1761685806.852999210	-0.000000	-0.000085	-0.000041	-0.070150	-0.000000	-0.000000	0.000000	0.000373	0.000195	0.008021	0.000000	0.000000	0.027116	0.352073	-1.966312	0.007455	0.000000	0.000204	0.000000	0.000000	0.000000	0.000000	0.000000	0.000000	0.000000	0.000000
1761685806.952953100	-0.000000	-0.000044	-0.000207	-0.064175	-0.000000	0.000000	0.000000	0.000181	0.000650	0.000991	-0.000000	-0.000000	0.027116	0.352099	-1.966265	0.007847	0.000000	0.000204	0.000000	0.000000	0.000000	0.000000	0.000000	0.000000	0.000000	0.000000
1761685807.053179026	-0.000000	-0.000007	-0.000358	-0.053550	-0.000000	0.000000	0.000000	0.000006	0.001056	-0.005526	-0.000000	-0.000000	0.027116	0.352106	-1.966176	0.007562	0.000000	0.000204	0.000000	0.000000	0.000000	0.000000	0.000000	0.000000	0.000000	0.000000
1761685807.152993679	-0.000000	0.000026	-0.000483	-0.039277	-0.000000	0.000000	0.000000	-0.000141	0.001382	-0.011058	-0.000000	-0.000000	0.027116	0.352097	-1.966051	0.006679	0.000000	0.000204	0.000000	0.000000	0.000000	0.000000	0.000000	0.000000	0.000000	0.000000
1761685807.252999306	-0.000000	0.000051	-0.000572	-0.022873	-0.000000	0.000000	0.000000	-0.000248	0.001607	-0.015223	-0.000000	0.000000	0.027116	0.352075	-1.965899	0.005320	0.000000	0.000204	0.000000	0.000000	0.000000	0.000000	0.000000	0.000000	0.000000	0.000000
1761685807.352966070	-0.000000	0.000067	-0.000620	-0.005944	0.000000	0.000000	0.000000	-0.000311	0.001718	-0.017784	-0.000000	0.000000	0.027116	0.352046	-1.965732	0.003637	0.000000	0.000204	0.000000	0.000000	0.000000	0.000000	0.000000	0.000000	0.000000	0.000000
1761685807.453072309	-0.000000	0.000072	-0.000626	0.010016	0.000000	-0.000000	0.000000	-0.000328	0.001714	-0.018660	-0.000000	0.000000	0.027116	0.352013	-1.965559	0.001796	0.000000	0.000204	0.000000	0.000000	0.000000	0.000000	0.000000	0.000000	0.000000	0.000000
1761685807.552988529	-0.000000	0.000068	-0.000591	0.023752	0.000000	-0.000000	0.000000	-0.000303	0.001604	-0.017925	-0.000000	0.000000	0.027116	0.351981	-1.965394	-0.000038	0.000000	0.000204	0.000000	0.000000	0.000000	0.000000	0.000000	0.000000	0.000000	0.000000
1761685807.652919054	-0.000000	0.000055	-0.000523	0.034336	0.000000	-0.000000	0.000000	-0.000241	0.001405	-0.015779	-0.000000	0.000000	0.027116	0.351954	-1.965244	-0.001715	-0.000000	0.000204	0.000000	0.000000	0.000000	0.000000	0.000000	0.000000	0.000000	0.000000
1761685807.752799511	-0.000000	0.000037	-0.000430	0.041199	0.000000	-0.000000	0.000000	-0.000150	0.001140	-0.012521	-0.000000	0.000000	0.027116	0.351936	-1.965119	-0.003110	-0.000000	0.000204	0.000000	0.000000	0.000000	0.000000	0.000000	0.000000	0.000000	0.000000
1761685807.852821589	-0.000000	0.000014	-0.000321	0.044135	0.000000	-0.000000	0.000000	-0.000061	0.000887	-0.009202	-0.000000	0.000000	0.027116	0.351928	-1.965036	-0.003991	-0.000000	0.000204	0.000000	0.000000	0.000000	0.000000	0.000000	0.000000	0.000000	0.000000
1761685807.952879667	-0.000000	-0.000011	-0.000206	0.043264	0.000000	-0.000000	0.000000	0.000054	0.000571	-0.004887	-0.000000	0.000000	0.027116	0.351929	-1.964966	-0.004663	-0.000000	0.000204	0.000000	0.000000	0.000000	0.000000	0.000000	0.000000	0.000000	0.000000
1761685808.052914858	-0.000000	-0.000035	-0.000095	0.038988	0.000000	-0.000000	0.000000	0.000167	0.000264	-0.000531	-0.000000	0.000000	0.027116	0.351941	-1.964927	-0.004897	-0.000000	0.000204	0.000000	0.000000	0.000000	0.000000	0.000000	0.000000	0.000000	0.000000
1761685808.152910948	-0.000000	-0.000056	0.000005	0.031882	0.000000	-0.000000	0.000000	0.000270	-0.000012	0.003510	0.000000	0.000000	0.027116	0.351964	-1.964917	-0.004710	-0.000000	0.000204	0.000000	0.000000	0.000000	0.000000	0.000000	0.000000	0.000000	0.000000
1761685808.252966881	-0.000000	-0.000074	0.000086	0.022687	0.000000	-0.000000	0.000000	0.000354	-0.000238	0.006935	0.000000	0.000000	0.027116	0.351996	-1.964932	-0.004151	-0.000000	0.000204	0.000000	0.000000	0.000000	0.000000	0.000000	0.000000	0.000000	0.000000
1761685808.353249550	-0.000000	-0.000085	0.000140	1.417752	0.000000	-0.000000	0.000000	0.000411	-0.000388	0.009357	0.000000	0.000000	0.027116	0.352035	-1.964965	-0.003310	-0.000000	0.000204	0.000000	0.000000	0.000000	1.516080	0.000000	0.000000	0.000000	0.000000
1761685808.452929497	-0.000000	-0.000531	0.002562	1.225562	0.000000	-0.000000	0.000000	0.002889	-0.006568	0.104630	0.000000	0.000000	0.027116	0.352180	-1.965264	0.001634	-0.000000	0.000204	0.000000	0.000000	0.000000	1.516080	0.000000	0.000000	0.000000	0.000000
1761685808.552933693	-0.000000	-0.000932	0.006224	0.828690	-0.000000	-0.000000	0.000000	0.006131	-0.014526	0.230390	0.000000	0.000000	0.027116	0.352673	-1.966390	0.019566	-0.000000	0.000204	0.000000	0.000000	0.000000	1.516080	0.000000	0.000000	0.000000	0.000000
1761685808.652907848	-0.000000	-0.001101	0.008989	0.385729	-0.000000	-0.000000	0.000000	0.008406	-0.019781	0.319873	0.000000	0.000000	0.027116	0.353486	-1.968143	0.048100	-0.000000	0.000204	0.000000	0.000000	0.000000	1.516080	0.000000	0.000000	0.000000	0.000000
1761685808.752915382	-0.000000	-0.001174	0.010213	-0.012069	-0.000000	-0.000000	0.000000	0.009561	-0.021915	0.365829	0.000000	0.000000	0.027116	0.354538	-1.970203	0.083076	-0.000000	0.000204	0.000000	0.000000	0.000000	1.516080	0.000000	0.000000	0.000000	0.000000
1761685808.852806330	-0.000000	-0.001223	0.009883	-0.316247	-0.000000	-0.000000	0.000000	0.009691	-0.021265	0.371252	0.000000	0.000000	0.027116	0.355723	-1.972266	0.120251	0.000000	0.000204	0.000000	0.000000	0.000000	1.516080	0.000000	0.000000	0.000000	0.000000
1761685808.952737331	-0.000000	-0.001246	0.008416	-0.519190	-0.000000	-0.000000	0.000000	0.009015	-0.018544	0.344697	0.000000	0.000000	0.027115	0.356920	-1.974100	0.156039	0.000000	0.000204	0.000000	0.000000	0.000000	1.516080	0.000000	0.000000	0.000000	0.000000
1761685809.052783728	-0.000000	-0.001218	0.006443	-0.646529	-0.000000	0.000000	0.000000	0.007873	-0.014718	0.299542	0.000000	-0.000000	0.027115	0.358029	-1.975576	0.188100	0.000000	0.000204	0.000000	0.000000	0.000000	1.516080	0.000000	0.000000	0.000000	0.000000
1761685809.152824163	-0.000000	-0.001119	0.004540	-0.691298	-0.000000	0.000000	0.000000	0.006266	-0.009977	0.237012	0.000000	-0.000000	0.027115	0.358949	-1.976612	0.214495	0.000000	0.000204	0.000000	0.000000	0.000000	1.516080	0.000000	0.000000	0.000000	0.000000
1761685809.253106833	-0.000000	-0.000914	0.002356	-0.700090	-0.000000	0.000000	0.000000	0.004488	-0.005048	0.168628	0.000000	-0.000000	0.027115	0.359616	-1.977189	0.234238	0.000000	0.000204	0.000000	0.000000	0.000000	1.516080	0.000000	0.000000	0.000000	0.000000
1761685809.353141785	-0.000000	-0.000622	0.000419	-0.669690	-0.000000	0.000000	0.000000	0.002652	-0.000236	0.098766	-0.000000	-0.000000	0.027115	0.360001	-1.977324	0.247031	0.000000	0.000204	0.000000	0.000000	0.000000	1.516080	0.000000	0.000000	0.000000	0.000000
1761685809.453000069	-0.000000	-0.000263	-0.001291	-0.608280	-0.000000	0.000000	0.000000	0.000862	0.004223	0.031290	-0.000000	-0.000000	0.027115	0.360096	-1.977053	0.252951	0.000000	0.000204	0.000000	0.000000	0.000000	1.516080	0.000000	0.000000	0.000000	0.000000
1761685809.552951574	-0.000000	0.000127	-0.002907	-0.520403	-0.000000	0.000000	0.000000	-0.000786	0.008142	-0.030562	-0.000000	-0.000000	0.027115	0.359922	-1.976422	0.252429	0.000000	0.000204	0.000000	0.000000	0.000000	1.516080	0.000000	0.000000	0.000000	0.000000
1761685809.652953863	-0.000000	0.000527	-0.004323	-0.393271	-0.000000	0.000000	0.000000	-0.002213	0.011355	-0.084067	-0.000000	-0.000000	0.027115	0.359515	-1.975486	0.246191	0.000000	0.000204	0.000000	0.000000	0.000000	1.516080	0.000000	0.000000	0.000000	0.000000
1761685809.752947092	-0.000000	0.000881	-0.005401	-0.238720	0.000000	0.000000	0.000000	-0.003307	0.013639	-0.125513	-0.000000	-0.000000	0.027115	0.358932	-1.974316	0.235278	0.000000	0.000204	0.000000	0.000000	0.000000	1.516080	0.000000	0.000000	0.000000	0.000000
1761685809.853085995	-0.000000	0.001127	-0.006020	-0.078650	0.000000	0.000000	0.000000	-0.003985	0.014836	-0.151960	-0.000000	-0.000000	0.027115	0.358243	-1.972996	0.221077	0.000000	0.000204	0.000000	0.000000	0.000000	1.516080	0.000000	0.000000	0.000000	0.000000
1761685809.953001022	-0.000000	0.001228	-0.006138	0.067784	0.000000	0.000000	0.000000	-0.004219	0.014930	-0.162493	-0.000000	-0.000000	0.027115	0.357521	-1.971621	0.205155	0.000000	0.000204	0.000000	0.000000	0.000000	1.516080	0.000000	0.000000	0.000000	0.000000
1761685810.052940607	-0.000000	0.001185	-0.005796	0.187754	0.000000	-0.000000	0.000000	-0.004085	0.014214	-0.159285	-0.000000	0.000000	0.027115	0.356942	-1.970500	0.191693	-0.000000	0.000204	0.000000	0.000000	0.000000	1.516080	0.000000	0.000000	0.000000	0.000000
1761685810.152748346	-0.000000	0.001024	-0.005095	0.275191	0.000000	-0.000000	0.000000	-0.003628	0.012665	-0.144509	-0.000000	0.000000	0.027116	0.356318	-1.969254	0.176493	-0.000000	0.000204	0.000000	0.000000	0.000000	1.516080	0.000000	0.000000	0.000000	0.000000
1761685810.252704859	-0.000000	0.000790	-0.004162	0.329268	0.000000	-0.000000	0.000000	-0.002913	0.010537	-0.119904	-0.000000	0.000000	0.027116	0.355805	-1.968177	0.163381	-0.000000	0.000204	0.000000	0.000000	0.000000	1.516080	0.000000	0.000000	0.000000	0.000000
1761685810.352720022	-0.000000	0.000520	-0.003104	0.350158	0.000000	-0.000000	0.000000	-0.002017	0.008027	-0.087879	-0.000000	0.000000	0.027116	0.355425	-1.967317	0.153221	-0.000000	0.000204	0.000000	0.000000	0.000000	1.516080	0.000000	0.000000	0.000000	0.000000
1761685810.452729940	-0.000000	0.000262	-0.002060	0.344808	0.000000	-0.000000	0.000000	-0.001069	0.005449	-0.053211	-0.000000	0.000000	0.027116	0.355183	-1.966694	0.146441	-0.000000	0.000204	0.000000	0.000000	0.000000	1.516080	0.000000	0.000000	0.000000	0.000000
1761685810.552727699	-0.000000	0.000037	-0.001102	0.317427	0.000000	-0.000000	0.000000	-0.000142	0.002980	-0.018641	0.000000	0.000000	0.027116	0.355074	-1.966306	0.143140	-0.000000	0.000204	0.000000	0.000000	0.000000	1.516080	0.000000	0.000000	0.000000	0.000000
1761685810.652742624	-0.000000	-0.000149	-0.000274	0.271374	0.000000	-0.000000	0.000000	0.000705	0.000762	0.013558	0.000000	0.000000	0.027116	0.355085	-1.966136	0.143173	-0.000000	0.000204	0.000000	0.000000	0.000000	1.516080	0.000000	0.000000	0.000000	0.000000
1761685810.752668858	-0.000000	-0.000295	0.000404	0.206285	0.000000	-0.000000	0.000000	0.001426	-0.001094	0.041463	0.000000	0.000000	0.027116	0.355203	-1.966154	0.146189	-0.000000	0.000204	0.000000	0.000000	0.000000	1.516080	0.000000	0.000000	0.000000	0.000000
1761685810.852782011	-0.000000	-0.000399	0.000928	0.129517	0.000000	-0.000000	0.000000	0.001974	-0.002478	0.063176	0.000000	0.000000	0.027116	0.355405	-1.966319	0.151647	-0.000000	0.000204	0.000000	0.000000	0.000000	1.516080	0.000000	0.000000	0.000000	0.000000
1761685810.952802420	-0.000000	-0.000461	0.001257	0.050269	-0.000000	-0.000000	0.000000	0.002320	-0.003320	0.077407	0.000000	0.000000	0.027116	0.355668	-1.966582	0.158848	-0.000000	0.000204	0.000000	0.000000	0.000000	1.516080	0.000000	0.000000	0.000000	0.000000
1761685811.052921057	-0.000000	-0.000482	0.001360	-0.011296	-0.000000	-0.000000	0.000000	0.002455	-0.003615	0.083755	0.000000	0.000000	0.027116	0.355963	-1.966891	0.167014	-0.000000	0.000204	0.000000	0.000000	0.000000	1.516080	0.000000	0.000000	0.000000	0.000000
1761685811.152918100	-0.000000	-0.000481	0.001333	-0.077653	-0.000000	-0.000000	0.000000	0.002421	-0.003476	0.083652	0.000000	0.000000	0.027116	0.356265	-1.967201	0.175426	-0.000000	0.000204	0.000000	0.000000	0.000000	1.516080	0.000000	0.000000	0.000000	0.000000
1761685811.252835035	-0.000000	-0.000450	0.001140	-0.130708	-0.000000	0.000000	0.000000	0.002256	-0.003017	0.078286	0.000000	-0.000000	0.027116	0.356504	-1.967431	0.182166	-0.000000	0.000204	0.000000	0.000000	0.000000	1.516080	0.000000	0.000000	0.000000	0.000000
1761685811.353062391	-0.000000	-0.000391	0.000810	-0.167289	-0.000000	0.000000	0.000000	0.001931	-0.002163	0.066984	0.000000	-0.000000	0.027115	0.356756	-1.967643	0.189394	0.000000	0.000204	0.000000	0.000000	0.000000	1.516080	0.000000	0.000000	0.000000	0.000000
1761685811.452963591	-0.000000	-0.000309	0.000396	-0.186884	-0.000000	0.000000	0.000000	0.001499	-0.001064	0.051475	0.000000	-0.000000	0.027115	0.356951	-1.967763	0.195228	0.000000	0.000204	0.000000	0.000000	0.000000	1.516080	0.000000	0.000000	0.000000	0.000000
1761685811.553029537	-0.000000	-0.000212	-0.000053	-0.190367	-0.000000	0.000000	0.000000	0.001004	0.000161	0.033439	0.000000	-0.000000	0.027115	0.357077	-1.967774	0.199346	0.000000	0.000204	0.000000	0.000000	0.000000	1.516080	0.000000	0.000000	0.000000	0.000000
1761685811.652813673	-0.000000	-0.000105	-0.000508	-0.179476	-0.000000	0.000000	0.000000	0.000492	0.001400	0.014519	0.000000	-0.000000	0.027115	0.357128	-1.967673	0.201590	0.000000	0.000204	0.000000	0.000000	0.000000	1.516080	0.000000	0.000000	0.000000	0.000000
1761685811.752902508	-0.000000	0.000001	-0.000940	-0.156426	-0.000000	0.000000	0.000000	0.000001	0.002554	-0.003792	-0.000000	-0.000000	0.027115	0.357106	-1.967465	0.201961	0.000000	0.000204	0.000000	0.000000	0.000000	1.516080	0.000000	0.000000	0.000000	0.000000
1761685811.852822542	-0.000000	0.000100	-0.001316	-0.122421	-0.000000	0.000000	0.000000	-0.000434	0.003541	-0.020203	-0.000000	-0.000000	0.027115	0.357018	-1.967161	0.200599	0.000000	0.000204	0.000000	0.000000	0.000000	1.516080	0.000000	0.000000	0.000000	0.000000
1761685811.952843904	-0.000000	0.000182	-0.001605	-0.080695	-0.000000	0.000000	0.000000	-0.000782	0.004291	-0.033578	-0.000000	-0.000000	0.027115	0.356875	-1.966781	0.197761	0.000000	0.000204	0.000000	0.000000	0.000000	1.516080	0.000000	0.000000	0.000000	0.000000
1761685812.053070545	-0.000000	0.000236	-0.001766	-0.037348	-0.000000	0.000000	0.000000	-0.001001	0.004706	-0.042343	-0.000000	-0.000000	0.027115	0.356696	-1.966352	0.193863	0.000000	0.000204	0.000000	0.000000	0.000000	1.516080	0.000000	0.000000	0.000000	0.000000
1761685812.153181553	-0.000000	0.000258	-0.001807	-0.002646	0.000000	0.000000	0.000000	-0.001103	0.004822	-0.046801	-0.000000	-0.000000	0.027116	0.356500	-1.965902	0.189338	0.000000	0.000204	0.000000	0.000000	0.000000	1.516080	0.000000	0.000000	0.000000	0.000000
1761685812.253263235	-0.000000	0.000262	-0.001772	0.035957	0.000000	0.000000	0.000000	-0.001107	0.004697	-0.047644	-0.000000	-0.000000	0.027116	0.356302	-1.965455	0.184585	0.000000	0.000204	0.000000	0.000000	0.000000	1.516080	0.000000	0.000000	0.000000	0.000000
1761685812.352952719	-0.000000	0.000242	-0.001644	0.068183	0.000000	-0.000000	0.000000	-0.001010	0.004329	-0.044691	-0.000000	0.000000	0.027116	0.356117	-1.965031	0.179966	0.000000	0.000204	0.000000	0.000000	0.000000	1.516080	0.000000	0.000000	0.000000	0.000000
1761685812.452955008	-0.000000	0.000200	-0.001434	0.091762	0.000000	-0.000000	0.000000	-0.000827	0.003755	-0.038410	-0.000000	0.000000	0.027116	0.355956	-1.964653	0.175841	0.000000	0.000204	0.000000	0.000000	0.000000	1.516080	0.000000	0.000000	0.000000	0.000000
1761685812.552948952	-0.000000	0.000143	-0.001168	0.105799	0.000000	-0.000000	0.000000	-0.000581	0.003038	-0.029627	-0.000000	0.000000	0.027116	0.355831	-1.964335	0.172496	-0.000000	0.000204	0.000000	0.000000	0.000000	1.516080	0.000000	0.000000	0.000000	0.000000
1761685812.653160572	-0.000000	0.000079	-0.000873	0.110273	0.000000	-0.000000	0.000000	-0.000298	0.002244	-0.019281	-0.000000	0.000000	0.027116	0.355746	-1.964088	0.170127	-0.000000	0.000204	0.000000	0.000000	0.000000	1.516080	0.000000	0.000000	0.000000	0.000000
1761685812.753197670	-0.000000	0.000013	-0.000574	0.105844	0.000000	-0.000000	0.000000	-0.000004	0.001441	-0.008328	-0.000000	0.000000	0.027116	0.355703	-1.963915	0.168835	-0.000000	0.000204	0.000000	0.000000	0.000000	1.516080	0.000000	0.000000	0.000000	0.000000
1761685812.852961540	-0.000000	-0.000048	-0.000293	0.093692	0.000000	-0.000000	0.000000	0.000276	0.000686	0.002330	-0.000000	0.000000	0.027116	0.355702	-1.963814	0.168627	-0.000000	0.000204	0.000000	0.000000	0.000000	1.516080	0.000000	0.000000	0.000000	0.000000
1761685812.952933311	-0.000000	-0.000101	-0.000048	0.074967	0.000000	-0.000000	0.000000	0.000522	0.000030	0.011902	0.000000	0.000000	0.027116	0.355739	-1.963778	0.169426	-0.000000	0.000204	0.000000	0.000000	0.000000	1.516080	0.000000	0.000000	0.000000	0.000000
1761685813.052858829	-0.000000	-0.000143	0.000147	0.051455	0.000000	-0.000000	0.000000	0.000718	-0.000487	0.019710	0.000000	0.000000	0.027116	0.355807	-1.963795	0.171085	-0.000000	0.000204	0.000000	0.000000	0.000000	1.516080	0.000000	0.000000	0.000000	0.000000
1761685813.152833939	-0.000000	-0.000172	0.000285	0.025648	0.000000	-0.000000	0.000000	0.000851	-0.000836	0.025248	0.000000	0.000000	0.027116	0.355898	-1.963851	0.173395	-0.000000	0.000204	0.000000	0.000000	0.000000	1.516080	0.000000	0.000000	0.000000	0.000000
1761685813.253078938	-0.000000	-0.000186	0.000359	0.000019	0.000000	-0.000000	0.000000	0.000915	-0.001005	0.028243	0.000000	0.000000	0.027116	0.356002	-1.963928	0.176113	-0.000000	0.000204	0.000000	0.000000	0.000000	1.516080	0.000000	0.000000	0.000000	0.000000
1761685813.352773666	-0.000000	-0.000188	0.000367	-0.023255	-0.000000	-0.000000	0.000000	0.000913	-0.001004	0.028671	0.000000	0.000000	0.027116	0.356092	-1.963998	0.178502	-0.000000	0.000204	0.000000	0.000000	0.000000	1.516080	0.000000	0.000000	0.000000	0.000000
1761685813.452858925	-0.000000	-0.000176	0.000317	-0.042470	-0.000000	0.000000	0.000000	0.000856	-0.000867	0.027122	0.000000	-0.000000	0.027116	0.356196	-1.964075	0.181305	-0.000000	0.000204	0.000000	0.000000	0.000000	1.516080	0.000000	0.000000	0.000000	0.000000
1761685813.552810669	-0.000000	-0.000154	0.000219	-0.056482	-0.000000	0.000000	0.000000	0.000746	-0.000600	0.023515	0.000000	-0.000000	0.027116	0.356288	-1.964132	0.183828	-0.000000	0.000204	0.000000	0.000000	0.000000	1.516080	0.000000	0.000000	0.000000	0.000000
1761685813.652808666	-0.000000	-0.000124	0.000087	-0.064711	-0.000000	0.000000	0.000000	0.000597	-0.000238	0.018334	0.000000	-0.000000	0.027116	0.356360	-1.964159	0.185893	-0.000000	0.000204	0.000000	0.000000	0.000000	1.516080	0.000000	0.000000	0.000000	0.000000
1761685813.753196239	-0.000000	-0.000089	-0.000063	-0.067096	-0.000000	0.000000	0.000000	0.000393	0.000249	0.011059	0.000000	-0.000000	0.027116	0.356415	-1.964144	0.187558	0.000000	0.000204	0.000000	0.000000	0.000000	1.516080	0.000000	0.000000	0.000000	0.000000
1761685813.853678703	-0.000000	-0.000051	-0.000218	-0.064018	-0.000000	0.000000	0.000000	0.000211	0.000678	0.004389	0.000000	-0.000000	0.027116	0.356434	-1.964090	0.188277	0.000000	0.000204	0.000000	0.000000	0.000000	1.516080	0.000000	0.000000	0.000000	0.000000
1761685813.952780962	-0.000000	-0.000013	-0.000367	-0.056203	-0.000000	0.000000	0.000000	0.000065	0.001013	-0.000997	0.000000	-0.000000	0.027116	0.356430	-1.964016	0.188371	0.000000	0.000204	0.000000	0.000000	0.000000	1.516080	0.000000	0.000000	0.000000	0.000000
1761685814.052828312	-0.000000	0.000020	-0.000495	-0.044473	-0.000000	0.000000	0.000000	-0.000091	0.001363	-0.006878	0.000000	-0.000000	0.027116	0.356404	-1.963896	0.187920	0.000000	0.000204	0.000000	0.000000	0.000000	1.516080	0.000000	0.000000	0.000000	0.000000
1761685814.152712584	-0.000000	0.000048	-0.000595	-0.030028	-0.000000	0.000000	0.000000	-0.000217	0.001632	-0.011716	-0.000000	-0.000000	0.027116	0.356359	-1.963749	0.186937	0.000000	0.000204	0.000000	0.000000	0.000000	1.516080	0.000000	0.000000	0.000000	0.000000
1761685814.252937078	-0.000000	0.000063	-0.000643	-0.017466	-0.000000	0.000000	0.000000	-0.000299	0.001785	-0.014960	-0.000000	-0.000000	0.027116	0.356301	-1.963584	0.185566	0.000000	0.000204	0.000000	0.000000	0.000000	1.516080	0.000000	0.000000	0.000000	0.000000
1761685814.352924347	-0.000000	0.000074	-0.000672	-0.002147	-0.000000	0.000000	0.000000	-0.000345	0.001849	-0.016916	-0.000000	-0.000000	0.027116	0.356235	-1.963410	0.183947	0.000000	0.000204	0.000000	0.000000	0.000000	1.516080	0.000000	0.000000	0.000000	0.000000
1761685814.452985048	-0.000000	0.000077	-0.000665	0.012133	-0.000000	0.000000	0.000000	-0.000351	0.001813	-0.017386	-0.000000	-0.000000	0.027116	0.356167	-1.963236	0.182217	0.000000	0.000204	0.000000	0.000000	0.000000	1.516080	0.000000	0.000000	0.000000	0.000000
1761685814.553293705	-0.000000	0.000071	-0.000622	0.024180	0.000000	-0.000000	0.000000	-0.000319	0.001684	-0.016410	-0.000000	0.000000	0.027116	0.356103	-1.963071	0.180526	0.000000	0.000204	0.000000	0.000000	0.000000	1.516080	0.000000	0.000000	0.000000	0.000000
1761685814.653102875	-0.000000	0.000058	-0.000550	0.033219	0.000000	-0.000000	0.000000	-0.000255	0.001477	-0.014193	-0.000000	0.000000	0.027116	0.356047	-1.962921	0.179006	0.000000	0.000204	0.000000	0.000000	0.000000	1.516080	0.000000	0.000000	0.000000	0.000000
1761685814.752946377	-0.000000	0.000040	-0.000457	0.038809	0.000000	-0.000000	0.000000	-0.000166	0.001215	-0.011022	-0.000000	0.000000	0.027116	0.356003	-1.962794	0.177765	-0.000000	0.000204	0.000000	0.000000	0.000000	1.516080	0.000000	0.000000	0.000000	0.000000
1761685814.853002310	-0.000000	0.000018	-0.000351	0.040823	0.000000	-0.000000	0.000000	-0.000064	0.000921	-0.007234	-0.000000	0.000000	0.027116	0.355974	-1.962693	0.176880	0.000000	0.000204	0.000000	0.000000	0.000000	1.516080	0.000000	0.000000	0.000000	0.000000
1761685814.953194857	-0.000000	-0.000005	-0.000242	0.039426	0.000000	-0.000000	0.000000	0.000044	0.000621	-0.003185	-0.000000	0.000000	0.027116	0.355961	-1.962620	0.176391	-0.000000	0.000204	0.000000	0.000000	0.000000	1.516080	0.000000	0.000000	0.000000	0.000000
1761685815.052956343	-0.000000	-0.000027	-0.000138	0.035023	0.000000	-0.000000	0.000000	0.000147	0.000338	0.000780	-0.000000	0.000000	0.027116	0.355963	-1.962573	0.176305	-0.000000	0.000204	0.000000	0.000000	0.000000	1.516080	0.000000	0.000000	0.000000	0.000000
1761685815.153178215	-0.000000	-0.000047	-0.000046	0.028153	0.000000	-0.000000	0.000000	0.000238	0.000090	0.004356	-0.000000	0.000000	0.027116	0.355980	-1.962551	0.176595	-0.000000	0.000204	0.000000	0.000000	0.000000	1.516080	0.000000	0.000000	0.000000	0.000000
1761685815.253165245	-0.000000	-0.000062	0.000027	0.019533	0.000000	-0.000000	0.000000	0.000310	-0.000107	0.007286	0.000000	0.000000	0.027116	0.356008	-1.962549	0.177206	-0.000000	0.000204	0.000000	0.000000	0.000000	1.516080	0.000000	0.000000	0.000000	0.000000
1761685815.353153229	-0.000000	-0.000073	0.000080	0.010030	0.000000	-0.000000	0.000000	0.000360	-0.000242	0.009383	0.000000	0.000000	0.027116	0.356045	-1.962562	0.178063	-0.000000	0.000204	0.000000	0.000000	0.000000	1.516080	0.000000	0.000000	0.000000	0.000000
1761685815.452976942	-0.000000	-0.000079	0.000109	0.000510	0.000000	-0.000000	0.000000	0.000383	-0.000310	0.010544	0.000000	0.000000	0.027116	0.356087	-1.962583	0.179076	-0.000000	0.000204	0.000000	0.000000	0.000000	1.516080	0.000000	0.000000	0.000000	0.000000
1761685815.552947283	-0.000000	-0.000079	0.000114	-0.008239	0.000000	-0.000000	0.000000	0.000381	-0.000314	0.010754	0.000000	0.000000	0.027116	0.356130	-1.962607	0.180149	-0.000000	0.000204	0.000000	0.000000	0.000000	1.516080	0.000000	0.000000	0.000000	0.000000
1761685815.652979851	-0.000000	-0.000075	0.000097	-1.420649	0.000000	0.000000	0.000000	0.000356	-0.000258	0.010076	0.000000	-0.000000	0.027116	0.356172	-1.962629	0.181191	-0.000000	0.000204	0.000000	0.000000	0.000000	0.000000	0.000000	0.000000	0.000000	0.000000
1761685815.752889395	-0.000000	0.000518	-0.002230	-1.251740	-0.000000	0.000000	0.000000	-0.002745	0.007454	-0.108449	0.000000	-0.000000	0.027116	0.355990	-1.962296	0.176265	0.000000	0.000204	0.000000	0.000000	0.000000	0.000000	0.000000	0.000000	0.000000	0.000000
1761685815.852990866	-0.000000	0.001621	-0.005749	-0.867979	-0.000000	0.000000	0.000000	-0.006046	0.015589	-0.236438	0.000000	-0.000000	0.027116	0.355321	-1.961162	0.157837	0.000000	0.000204	0.000000	0.000000	0.000000	0.000000	0.000000	0.000000	0.000000	0.000000
1761685815.953085184	-0.000000	0.002650	-0.008544	-0.411928	-0.000000	0.000000	0.000000	-0.008324	0.021137	-0.329632	-0.000000	-0.000000	0.027116	0.354312	-1.959386	0.128490	0.000000	0.000204	0.000000	0.000000	0.000000	0.000000	0.000000	0.000000	0.000000	0.000000
1761685816.052803040	-0.000000	0.003243	-0.009968	0.015802	-0.000000	0.000000	0.000000	-0.009307	0.023520	-0.378426	-0.000000	-0.000000	0.027116	0.353359	-1.957599	0.098671	0.000000	0.000204	0.000000	0.000000	0.000000	0.000000	0.000000	0.000000	0.000000	0.000000
1761685816.152799129	-0.000000	0.003264	-0.009905	0.350820	-0.000000	0.000000	0.000000	-0.009133	0.023120	-0.384238	-0.000000	-0.000000	0.027116	0.352246	-1.955333	0.060301	0.000000	0.000204	0.000000	0.000000	0.000000	0.000000	0.000000	0.000000	0.000000	0.000000
1761685816.252876282	-0.000000	0.002838	-0.008749	0.525715	0.000000	-0.000000	0.000000	-0.007929	0.020261	-0.354739	-0.000000	0.000000	0.027117	0.351306	-1.953211	0.023365	0.000000	0.000204	0.000000	0.000000	0.000000	0.000000	0.000000	0.000000	0.000000	0.000000
1761685816.353394270	-0.000000	0.002150	-0.006898	0.661210	0.000000	-0.000000	0.000000	-0.006217	0.016197	-0.305083	-0.000000	0.000000	0.027117	0.350597	-1.951420	-0.009333	0.000000	0.000204	0.000000	0.000000	0.000000	0.000000	0.000000	0.000000	0.000000	0.000000
1761685816.452754498	-0.000000	0.001397	-0.004800	0.725891	0.000000	-0.000000	0.000000	-0.004204	0.011383	-0.241220	-0.000000	0.000000	0.027117	0.350120	-1.950066	-0.036210	0.000000	0.000204	0.000000	0.000000	0.000000	0.000000	0.000000	0.000000	0.000000	0.000000
1761685816.553016424	-0.000000	0.000690	-0.002691	0.733808	0.000000	-0.000000	0.000000	-0.002088	0.006267	-0.169709	-0.000000	0.000000	0.027117	0.349861	-1.949212	-0.056206	0.000000	0.000204	0.000000	0.000000	0.000000	0.000000	0.000000	0.000000	0.000000	0.000000
1761685816.652961969	-0.000000	0.000106	-0.000753	0.699384	0.000000	-0.000000	0.000000	-0.000030	0.001235	-0.096460	-0.000000	0.000000	0.027117	0.349793	-1.948875	-0.068909	0.000000	0.000204	0.000000	0.000000	0.000000	0.000000	0.000000	0.000000	0.000000	0.000000
1761685816.753120422	-0.000000	-0.000341	0.000977	0.632402	0.000000	-0.000000	0.000000	0.001858	-0.003441	-0.025948	-0.000000	0.000000	0.027117	0.349889	-1.949035	-0.074418	-0.000000	0.000204	0.000000	0.000000	0.000000	0.000000	0.000000	0.000000	0.000000	0.000000
1761685816.852839947	-0.000000	-0.000673	0.002665	0.536085	0.000000	-0.000000	0.000000	0.003504	-0.007557	0.038409	-0.000000	0.000000	0.027117	0.350129	-1.949643	-0.073213	-0.000000	0.000204	0.000000	0.000000	0.000000	0.000000	0.000000	0.000000	0.000000	0.000000
1761685816.952926636	-0.000000	-0.000901	0.004196	0.396283	0.000000	-0.000000	0.000000	0.004848	-0.010924	0.093622	-0.000000	0.000000	0.027117	0.350492	-1.950628	-0.066084	-0.000000	0.000204	0.000000	0.000000	0.000000	0.000000	0.000000	0.000000	0.000000	0.000000
1761685817.052985907	-0.000000	-0.001038	0.005382	0.228929	0.000000	-0.000000	0.000000	0.005803	-0.013284	0.135581	-0.000000	0.000000	0.027117	0.350960	-1.951895	-0.054177	-0.000000	0.000204	0.000000	0.000000	0.000000	0.000000	0.000000	0.000000	0.000000	0.000000
1761685817.152817488	-0.000000	-0.001101	0.006060	0.058453	0.000000	-0.000000	0.000000	0.006312	-0.014466	0.161263	-0.000000	0.000000	0.027117	0.351412	-1.953083	-0.041692	-0.000000	0.000204	0.000000	0.000000	0.000000	0.000000	0.000000	0.000000	0.000000	0.000000
1761685817.252781153	-0.000000	-0.001107	0.006166	-0.094535	0.000000	-0.000000	0.000000	0.006375	-0.014501	0.168975	-0.000000	0.000000	0.027116	0.352001	-1.954558	-0.025086	-0.000000	0.000204	0.000000	0.000000	0.000000	0.000000	0.000000	0.000000	0.000000	0.000000
1761685817.352877140	-0.000000	-0.001069	0.005751	-0.216967	0.000000	0.000000	0.000000	0.006104	-0.013636	0.164621	-0.000000	-0.000000	0.027116	0.352603	-1.955979	-0.008272	-0.000000	0.000204	0.000000	0.000000	0.000000	0.000000	0.000000	0.000000	0.000000	0.000000
1761685817.452856541	-0.000000	-0.000999	0.005034	-0.286314	0.000000	0.000000	0.000000	0.005448	-0.011802	0.144965	0.000000	-0.000000	0.027116	0.353177	-1.957241	0.007128	-0.000000	0.000204	0.000000	0.000000	0.000000	0.000000	0.000000	0.000000	0.000000	0.000000
1761685817.552982569	-0.000000	-0.000886	0.004015	-0.340512	0.000000	0.000000	0.000000	0.004608	-0.009521	0.117490	0.000000	-0.000000	0.027116	0.353689	-1.958284	0.020070	-0.000000	0.000204	0.000000	0.000000	0.000000	0.000000	0.000000	0.000000	0.000000	0.000000
1761685817.652966022	-0.000000	-0.000739	0.002910	-0.363622	0.000000	0.000000	0.000000	0.003639	-0.006963	0.084342	0.000000	-0.000000	0.027116	0.354114	-1.959078	0.029923	-0.000000	0.000204	0.000000	0.000000	0.000000	0.000000	0.000000	0.000000	0.000000	0.000000
1761685817.752982140	-0.000000	-0.000565	0.001816	-0.358408	-0.000000	0.000000	0.000000	0.002618	-0.004324	0.048365	0.000000	-0.000000	0.027116	0.354436	-1.959610	0.036275	0.000000	0.000204	0.000000	0.000000	0.000000	0.000000	0.000000	0.000000	0.000000	0.000000
1761685817.853124857	-0.000000	-0.000373	0.000815	-0.329276	-0.000000	0.000000	0.000000	0.001619	-0.001793	0.012437	0.000000	-0.000000	0.027116	0.354650	-1.959886	0.039012	-0.000000	0.000204	0.000000	0.000000	0.000000	0.000000	0.000000	0.000000	0.000000	0.000000
1761685817.952963114	-0.000000	-0.000179	-0.000040	-0.279708	-0.000000	0.000000	0.000000	0.000708	0.000478	-0.020976	0.000000	-0.000000	0.027116	0.354760	-1.959926	0.038286	0.000000	0.000204	0.000000	0.000000	0.000000	0.000000	0.000000	0.000000	0.000000	0.000000
1761685818.052953720	-0.000000	-0.000001	-0.000755	-0.209025	-0.000000	0.000000	0.000000	-0.000061	0.002364	-0.049773	0.000000	-0.000000	0.027116	0.354779	-1.959765	0.034474	0.000000	0.000204	0.000000	0.000000	0.000000	0.000000	0.000000	0.000000	0.000000	0.000000
1761685818.152887821	-0.000000	0.000145	-0.001307	-0.125132	-0.000000	0.000000	0.000000	-0.000634	0.003743	-0.071854	0.000000	-0.000000	0.027116	0.354728	-1.959446	0.028160	0.000000	0.000204	0.000000	0.000000	0.000000	0.000000	0.000000	0.000000	0.000000	0.000000
1761685818.252812624	-0.000000	0.000242	-0.001649	-0.038230	-0.000000	0.000000	0.000000	-0.000977	0.004536	-0.085765	-0.000000	-0.000000	0.027116	0.354632	-1.959024	0.020105	0.000000	0.000204	0.000000	0.000000	0.000000	0.000000	0.000000	0.000000	0.000000	0.000000
1761685818.353012800	-0.000000	0.000280	-0.001762	0.042555	-0.000000	0.000000	0.000000	-0.001070	0.004715	-0.090399	-0.000000	-0.000000	0.027116	0.354539	-1.958635	0.012678	0.000000	0.000204	0.000000	0.000000	0.000000	0.000000	0.000000	0.000000	0.000000	0.000000
1761685818.452773571	-0.000000	0.000259	-0.001660	0.110434	-0.000000	-0.000000	0.000000	-0.000990	0.004452	-0.088837	-0.000000	0.000000	0.027116	0.354430	-1.958174	0.003639	0.000000	0.000204	0.000000	0.000000	0.000000	0.000000	0.000000	0.000000	0.000000	0.000000
1761685818.552831173	-0.000000	0.000190	-0.001380	0.161319	0.000000	-0.000000	0.000000	-0.000722	0.003724	-0.080056	-0.000000	0.000000	0.027116	0.354345	-1.957766	-0.004808	0.000000	0.000204	0.000000	0.000000	0.000000	0.000000	0.000000	0.000000	0.000000	0.000000
1761685818.652859449	-0.000000	0.000083	-0.000954	0.191604	0.000000	-0.000000	0.000000	-0.000291	0.002598	-0.064772	-0.000000	0.000000	0.027116	0.354299	-1.957457	-0.011957	0.000000	0.000204	0.000000	0.000000	0.000000	0.000000	0.000000	0.000000	0.000000	0.000000
1761685818.752804756	-0.000000	-0.000037	-0.000470	0.203896	0.000000	-0.000000	0.000000	0.000215	0.001291	-0.046116	-0.000000	0.000000	0.027116	0.354302	-1.957273	-0.017367	0.000000	0.000204	0.000000	0.000000	0.000000	0.000000	0.000000	0.000000	0.000000	0.000000
1761685818.853121996	-0.000000	-0.000156	0.000021	0.200330	0.000000	-0.000000	0.000000	0.000742	-0.000066	-0.026137	-0.000000	0.000000	0.027116	0.354355	-1.957223	-0.020827	0.000000	0.000204	0.000000	0.000000	0.000000	0.000000	0.000000	0.000000	0.000000	0.000000
1761685818.952756882	-0.000000	-0.000265	0.000499	0.182378	0.000000	-0.000000	0.000000	0.001255	-0.001375	-0.006044	-0.000000	0.000000	0.027116	0.354457	-1.957309	-0.022266	0.000000	0.000204	0.000000	0.000000	0.000000	0.000000	0.000000	0.000000	0.000000	0.000000
1761685819.052834749	-0.000000	-0.000359	0.000937	0.152412	-0.000000	-0.000000	0.000000	0.001713	-0.002539	0.012493	-0.000000	0.000000	0.027116	0.354605	-1.957519	-0.021777	0.000000	0.000204	0.000000	0.000000	0.000000	0.000000	0.000000	0.000000	0.000000	0.000000
1761685819.152808905	-0.000000	-0.000434	0.001316	0.111119	-0.000000	-0.000000	0.000000	0.002101	-0.003518	0.028733	-0.000000	0.000000	0.027116	0.354794	-1.957836	-0.019547	0.000000	0.000204	0.000000	0.000000	0.000000	0.000000	0.000000	0.000000	0.000000	0.000000
1761685819.252691984	-0.000000	-0.000483	0.001572	0.073221	0.000000	-0.000000	0.000000	0.002361	-0.004164	0.040533	-0.000000	0.000000	0.027116	0.355013	-1.958232	-0.015956	0.000000	0.000204	0.000000	0.000000	0.000000	0.000000	0.000000	0.000000	0.000000	0.000000
1761685819.352847815	-0.000000	-0.000505	0.001699	0.025400	-0.000000	-0.000000	0.000000	0.002515	-0.004534	0.048487	-0.000000	0.000000	0.027116	0.355253	-1.958675	-0.011413	0.000000	0.000204	0.000000	0.000000	0.000000	0.000000	0.000000	0.000000	0.000000	0.000000
1761685819.452757120	-0.000000	-0.000513	0.001744	-0.020358	-0.000000	-0.000000	0.000000	0.002544	-0.004589	0.051401	-0.000000	0.000000	0.027116	0.355461	-1.959059	-0.007200	0.000000	0.000204	0.000000	0.000000	0.000000	0.000000	0.000000	0.000000	0.000000	0.000000
1761685819.552825689	-0.000000	-0.000500	0.001664	-0.059859	0.000000	0.000000	0.000000	0.002474	-0.004388	0.050890	-0.000000	-0.000000	0.027116	0.355710	-1.959511	-0.002039	0.000000	0.000204	0.000000	0.000000	0.000000	0.000000	0.000000	0.000000	0.000000	0.000000
1761685819.652843475	-0.000000	-0.000463	0.001462	-0.088990	0.000000	0.000000	0.000000	0.002280	-0.003880	0.045563	-0.000000	-0.000000	0.027116	0.355947	-1.959922	0.002767	0.000000	0.000204	0.000000	0.000000	0.000000	0.000000	0.000000	0.000000	0.000000	0.000000
1761685819.752818823	-0.000000	-0.000414	0.001202	-0.108914	0.000000	0.000000	0.000000	0.002023	-0.003216	0.037635	-0.000000	-0.000000	0.027116	0.356163	-1.960272	0.006893	0.000000	0.000204	0.000000	0.000000	0.000000	0.000000	0.000000	0.000000	0.000000	0.000000
1761685819.852963448	-0.000000	-0.000354	0.000898	-0.118310	0.000000	0.000000	0.000000	0.001711	-0.002426	0.027407	-0.000000	-0.000000	0.027116	0.356350	-1.960547	0.010082	-0.000000	0.000204	0.000000	0.000000	0.000000	0.000000	0.000000	0.000000	0.000000	0.000000
1761685819.953296423	-0.000000	-0.000286	0.000578	-0.117569	0.000000	0.000000	0.000000	0.001372	-0.001579	0.015889	-0.000000	-0.000000	0.027116	0.356504	-1.960739	0.012161	0.000000	0.000204	0.000000	0.000000	0.000000	0.000000	0.000000	0.000000	0.000000	0.000000
1761685820.053179264	-0.000000	-0.000217	0.000270	-0.107768	-0.000000	0.000000	0.000000	0.001034	-0.000746	0.004108	0.000000	-0.000000	0.027116	0.356622	-1.960846	0.013062	0.000000	0.000204	0.000000	0.000000	0.000000	0.000000	0.000000	0.000000	0.000000	0.000000
1761685820.153126478	-0.000000	-0.000151	-0.000005	-0.090269	-0.000000	0.000000	0.000000	0.000720	0.000013	-0.006996	0.000000	-0.000000	0.027115	0.356707	-1.960874	0.012814	0.000000	0.000204	0.000000	0.000000	0.000000	0.000000	0.000000	0.000000	0.000000	0.000000
1761685820.252794266	-0.000000	-0.000093	-0.000234	-0.066473	-0.000000	0.000000	0.000000	0.000453	0.000647	-0.016606	-0.000000	-0.000000	0.027115	0.356763	-1.960834	0.011535	0.000000	0.000204	0.000000	0.000000	0.000000	0.000000	0.000000	0.000000	0.000000	0.000000
1761685820.352802753	-0.000000	-0.000051	-0.000395	-0.039821	-0.000000	0.000000	0.000000	0.000260	0.001087	-0.023650	-0.000000	-0.000000	0.027115	0.356795	-1.960742	0.009447	0.000000	0.000204	0.000000	0.000000	0.000000	0.000000	0.000000	0.000000	0.000000	0.000000
1761685820.453243732	-0.000000	-0.000024	-0.000488	-1.345841	-0.000000	0.000000	0.000000	0.000140	0.001341	-0.028076	-0.000000	-0.000000	0.027115	0.356813	-1.960617	0.006805	0.000000	0.000204	0.000000	0.000000	0.000000	-1.433563	0.000000	0.000000	0.000000	0.000000
1761685820.553575993	-0.000000	0.000759	-0.003330	-1.099344	-0.000000	0.000000	0.000000	-0.002801	0.008632	-0.140893	0.000000	-0.000000	0.027115	0.356678	-1.960117	-0.001677	0.000000	0.000204	0.000000	0.000000	0.000000	-1.433563	0.000000	0.000000	0.000000	0.000000
1761685820.652957916	-0.000000	0.001607	-0.005916	-0.747442	-0.000000	0.000000	0.000000	-0.005696	0.015777	-0.254936	-0.000000	-0.000000	0.027116	0.356239	-1.958818	-0.022590	-0.000000	0.000204	0.000000	0.000000	0.000000	-1.433563	0.000000	0.000000	0.000000	0.000000
1761685820.752804041	-0.000000	0.002589	-0.008660	-0.305874	0.000000	0.000000	0.000000	-0.007611	0.020501	-0.335545	-0.000000	-0.000000	0.027116	0.355621	-1.956923	-0.053030	-0.000000	0.000204	0.000000	0.000000	0.000000	-1.433563	0.000000	0.000000	0.000000	0.000000
1761685820.853002071	-0.000000	0.002957	-0.009473	0.094323	0.000000	0.000000	0.000000	-0.008280	0.022199	-0.373492	-0.000000	-0.000000	0.027116	0.354968	-1.954701	-0.089104	-0.000000	0.000204	0.000000	0.000000	0.000000	-1.433563	0.000000	0.000000	0.000000	0.000000
1761685820.952916145	-0.000000	0.002795	-0.008943	0.392400	0.000000	-0.000000	0.000000	-0.007801	0.021155	-0.370730	-0.000000	0.000000	0.027116	0.354398	-1.952450	-0.126570	-0.000000	0.000204	0.000000	0.000000	0.000000	-1.433563	0.000000	0.000000	0.000000	0.000000
1761685821.053377867	-0.000000	0.002246	-0.007476	0.574923	0.000000	-0.000000	0.000000	-0.006485	0.018105	-0.336458	-0.000000	0.000000	0.027116	0.353975	-1.950418	-0.161851	-0.000000	0.000204	0.000000	0.000000	0.000000	-1.433563	0.000000	0.000000	0.000000	0.000000
1761685821.153003216	-0.000000	0.001655	-0.005873	0.700128	0.000000	-0.000000	0.000000	-0.004689	0.013876	-0.282007	-0.000000	0.000000	0.027116	0.353712	-1.948776	-0.192447	-0.000000	0.000204	0.000000	0.000000	0.000000	-1.433563	0.000000	0.000000	0.000000	0.000000
1761685821.252822638	-0.000000	0.000925	-0.003781	0.737158	0.000000	-0.000000	0.000000	-0.002616	0.008920	-0.214081	0.000000	0.000000	0.027116	0.353593	-1.947626	-0.216772	-0.000000	0.000204	0.000000	0.000000	0.000000	-1.433563	0.000000	0.000000	0.000000	0.000000
1761685821.352806091	-0.000000	0.000273	-0.001738	0.723013	-0.000000	-0.000000	0.000000	-0.000859	0.004665	-0.153269	0.000000	0.000000	0.027116	0.353583	-1.947079	-0.231592	0.000000	0.000204	0.000000	0.000000	0.000000	-1.433563	0.000000	0.000000	0.000000	0.000000
1761685821.452821732	-0.000000	-0.000245	0.000084	0.672753	-0.000000	-0.000000	0.000000	0.001151	-0.000270	-0.080496	0.000000	0.000000	0.027116	0.353655	-1.946917	-0.242658	0.000000	0.000204	0.000000	0.000000	0.000000	-1.433563	0.000000	0.000000	0.000000	0.000000
1761685821.552767515	-0.000000	-0.000645	0.001801	0.594649	-0.000000	-0.000000	0.000000	0.002965	-0.004790	-0.011545	0.000000	0.000000	0.027116	0.353800	-1.947258	-0.246630	0.000000	0.000204	0.000000	0.000000	0.000000	-1.433563	0.000000	0.000000	0.000000	0.000000
1761685821.652761698	-0.000000	-0.000925	0.003398	0.486682	-0.000000	-0.000000	0.000000	0.004479	-0.008595	0.049222	-0.000000	0.000000	0.027116	0.354003	-1.948037	-0.244186	0.000000	0.000204	0.000000	0.000000	0.000000	-1.433563	0.000000	0.000000	0.000000	0.000000
1761685821.752840757	-0.000000	-0.001115	0.004820	0.337311	-0.000000	-0.000000	0.000000	0.005717	-0.011730	0.101489	-0.000000	0.000000	0.027116	0.354262	-1.949183	-0.236094	0.000000	0.000204	0.000000	0.000000	0.000000	-1.433563	0.000000	0.000000	0.000000	0.000000
1761685821.853089333	-0.000000	-0.001210	0.005748	0.176056	-0.000000	-0.000000	0.000000	0.006496	-0.013661	0.137709	-0.000000	0.000000	0.027116	0.354571	-1.950583	-0.223729	0.000000	0.000204	0.000000	0.000000	0.000000	-1.433563	0.000000	0.000000	0.000000	0.000000
1761685821.952778816	-0.000000	-0.001242	0.006148	0.021224	0.000000	-0.000000	0.000000	0.006844	-0.014462	0.158002	-0.000000	0.000000	0.027116	0.354924	-1.952115	-0.208662	0.000000	0.000204	0.000000	0.000000	0.000000	-1.433563	0.000000	0.000000	0.000000	0.000000
1761685822.052833319	-0.000000	-0.001232	0.006115	-0.118995	0.000000	-0.000000	0.000000	0.006854	-0.014376	0.165286	-0.000000	0.000000	0.027116	0.355311	-1.953676	-0.192265	0.000000	0.000204	0.000000	0.000000	0.000000	-1.433563	0.000000	0.000000	0.000000	0.000000
1761685822.152807951	-0.000000	-0.001173	0.005539	-0.223112	0.000000	0.000000	0.000000	0.006433	-0.013180	0.155723	-0.000000	-0.000000	0.027116	0.355712	-1.955148	-0.176197	0.000000	0.000204	0.000000	0.000000	0.000000	-1.433563	0.000000	0.000000	0.000000	0.000000
1761685822.252739191	-0.000000	-0.001077	0.004659	-0.294080	0.000000	0.000000	0.000000	0.005744	-0.011312	0.135147	-0.000000	-0.000000	0.027116	0.356104	-1.956446	-0.161753	0.000000	0.000204	0.000000	0.000000	0.000000	-1.433563	0.000000	0.000000	0.000000	0.000000
1761685822.352993965	-0.000000	-0.000969	0.003796	-0.328645	0.000000	0.000000	0.000000	0.004875	-0.009022	0.106922	-0.000000	-0.000000	0.027116	0.356468	-1.957515	-0.149835	0.000000	0.000204	0.000000	0.000000	0.000000	-1.433563	0.000000	0.000000	0.000000	0.000000
1761685822.452895641	-0.000000	-0.000816	0.002729	-0.345123	0.000000	0.000000	0.000000	0.003920	-0.006547	0.074634	-0.000000	-0.000000	0.027115	0.356786	-1.958328	-0.141002	-0.000000	0.000204	0.000000	0.000000	0.000000	-1.433563	0.000000	0.000000	0.000000	0.000000
1761685822.552865982	-0.000000	-0.000641	0.001694	-0.336351	0.000000	0.000000	0.000000	0.002936	-0.004042	0.040396	-0.000000	-0.000000	0.027115	0.357047	-1.958878	-0.135525	-0.000000	0.000204	0.000000	0.000000	0.000000	-1.433563	0.000000	0.000000	0.000000	0.000000
1761685822.652923346	-0.000000	-0.000453	0.000756	-0.305658	0.000000	0.000000	0.000000	0.001985	-0.001663	0.006615	-0.000000	-0.000000	0.027115	0.357248	-1.959172	-0.133462	-0.000000	0.000204	0.000000	0.000000	0.000000	-1.433563	0.000000	0.000000	0.000000	0.000000
1761685822.752968788	-0.000000	-0.000267	-0.000041	-0.255656	0.000000	0.000000	0.000000	0.001128	0.000450	-0.024463	-0.000000	-0.000000	0.027115	0.357389	-1.959232	-0.134635	-0.000000	0.000204	0.000000	0.000000	0.000000	-1.433563	0.000000	0.000000	0.000000	0.000000
1761685822.853215456	-0.000000	-0.000099	-0.000699	-0.186590	0.000000	0.000000	0.000000	0.000414	0.002181	-0.050862	0.000000	-0.000000	0.027115	0.357478	-1.959094	-0.138655	-0.000000	0.000204	0.000000	0.000000	0.000000	-1.433563	0.000000	0.000000	0.000000	0.000000
1761685822.953012705	-0.000000	0.000034	-0.001196	-0.106704	0.000000	0.000000	0.000000	-0.000108	0.003420	-0.070672	0.000000	-0.000000	0.027115	0.357529	-1.958805	-0.144945	-0.000000	0.000204	0.000000	0.000000	0.000000	-1.433563	0.000000	0.000000	0.000000	0.000000
1761685823.053069115	-0.000000	0.000118	-0.001493	-0.025422	0.000000	0.000000	0.000000	-0.000410	0.004103	-0.082673	0.000000	-0.000000	0.027115	0.357557	-1.958419	-0.152768	-0.000000	0.000204	0.000000	0.000000	0.000000	-1.433563	0.000000	0.000000	0.000000	0.000000
1761685823.152852058	-0.000000	0.000148	-0.001576	0.049069	0.000000	0.000000	0.000000	-0.000489	0.004227	-0.086570	0.000000	-0.000000	0.027115	0.357576	-1.957996	-0.161319	-0.000000	0.000204	0.000000	0.000000	0.000000	-1.433563	0.000000	0.000000	0.000000	0.000000
1761685823.253013611	-0.000000	0.000124	-0.001461	0.110830	0.000000	-0.000000	0.000000	-0.000366	0.003847	-0.082905	0.000000	0.000000	0.027115	0.357600	-1.957590	-0.169814	-0.000000	0.000204	0.000000	0.000000	0.000000	-1.433563	0.000000	0.000000	0.000000	0.000000
1761685823.352725029	-0.000000	0.000058	-0.001186	0.156405	0.000000	-0.000000	0.000000	-0.000130	0.003202	-0.074698	0.000000	0.000000	0.027115	0.357630	-1.957301	-0.176347	-0.000000	0.000204	0.000000	0.000000	0.000000	-1.433563	0.000000	0.000000	0.000000	0.000000
1761685823.452924252	-0.000000	-0.000024	-0.000850	0.179388	-0.000000	-0.000000	0.000000	0.000277	0.002124	-0.059818	0.000000	0.000000	0.027115	0.357686	-1.957047	-0.182980	-0.000000	0.000204	0.000000	0.000000	0.000000	-1.433563	0.000000	0.000000	0.000000	0.000000
1761685823.553015709	-0.000000	-0.000132	-0.000406	0.192351	-0.000000	-0.000000	0.000000	0.000743	0.000902	-0.042262	0.000000	0.000000	0.027115	0.357766	-1.956918	-0.187954	0.000000	0.000204	0.000000	0.000000	0.000000	-1.433563	0.000000	0.000000	0.000000	0.000000
1761685823.653039694	-0.000000	-0.000243	0.000054	0.190000	-0.000000	-0.000000	0.000000	0.001234	-0.000376	-0.023243	0.000000	0.000000	0.027115	0.357870	-1.956922	-0.191080	0.000000	0.000204	0.000000	0.000000	0.000000	-1.433563	0.000000	0.000000	0.000000	0.000000
1761685823.753009796	-0.000000	-0.000347	0.000511	0.173950	-0.000000	-0.000000	0.000000	0.001710	-0.001613	-0.004204	0.000000	0.000000	0.027115	0.357997	-1.957059	-0.192292	0.000000	0.000204	0.000000	0.000000	0.000000	-1.433563	0.000000	0.000000	0.000000	0.000000
1761685823.853044033	-0.000000	-0.000436	0.000937	0.146196	-0.000000	-0.000000	0.000000	0.002137	-0.002719	0.013459	0.000000	0.000000	0.027115	0.358147	-1.957319	-0.191670	0.000000	0.000204	0.000000	0.000000	0.000000	-1.433563	0.000000	0.000000	0.000000	0.000000
1761685823.952931643	-0.000000	-0.000507	0.001299	0.108189	-0.000000	-0.000000	0.000000	0.002484	-0.003616	0.028541	-0.000000	0.000000	0.027115	0.358315	-1.957683	-0.189425	0.000000	0.000204	0.000000	0.000000	0.000000	-1.433563	0.000000	0.000000	0.000000	0.000000
1761685824.052962780	-0.000000	-0.000556	0.001566	0.064112	-0.000000	-0.000000	0.000000	0.002728	-0.004243	0.039993	-0.000000	0.000000	0.027115	0.358499	-1.958125	-0.185877	0.000000	0.000204	0.000000	0.000000	0.000000	-1.433563	0.000000	0.000000	0.000000	0.000000
1761685824.153019905	-0.000000	-0.000581	0.001715	0.018635	-0.000000	-0.000000	0.000000	0.002853	-0.004562	0.047139	-0.000000	0.000000	0.027115	0.358694	-1.958614	-0.181430	0.000000	0.000204	0.000000	0.000000	0.000000	-1.433563	0.000000	0.000000	0.000000	0.000000
1761685824.253126621	-0.000000	-0.000584	0.001741	-0.024000	-0.000000	-0.000000	0.000000	0.002857	-0.004571	0.049761	-0.000000	0.000000	0.027115	0.358895	-1.959117	-0.176532	0.000000	0.000204	0.000000	0.000000	0.000000	-1.433563	0.000000	0.000000	0.000000	0.000000
1761685824.352855682	-0.000000	-0.000567	0.001650	-0.060414	0.000000	0.000000	0.000000	0.002749	-0.004295	0.048071	-0.000000	-0.000000	0.027115	0.359094	-1.959602	-0.171625	0.000000	0.000204	0.000000	0.000000	0.000000	-1.433563	0.000000	0.000000	0.000000	0.000000
1761685824.452811480	-0.000000	-0.000531	0.001461	-0.088295	0.000000	0.000000	0.000000	0.002546	-0.003782	0.042637	-0.000000	-0.000000	0.027115	0.359286	-1.960041	-0.167109	0.000000	0.000204	0.000000	0.000000	0.000000	-1.433563	0.000000	0.000000	0.000000	0.000000
1761685824.553098679	-0.000000	-0.000480	0.001202	-0.106403	0.000000	0.000000	0.000000	0.002271	-0.003094	0.034272	-0.000000	-0.000000	0.027115	0.359466	-1.960415	-0.163314	-0.000000	0.000204	0.000000	0.000000	0.000000	-1.433563	0.000000	0.000000	0.000000	0.000000
1761685824.653201342	-0.000000	-0.000418	0.000903	-0.114444	0.000000	0.000000	0.000000	0.001950	-0.002301	0.023933	-0.000000	-0.000000	0.027115	0.359630	-1.960709	-0.160477	-0.000000	0.000204	0.000000	0.000000	0.000000	-1.433563	0.000000	0.000000	0.000000	0.000000
1761685824.753050327	-0.000000	-0.000350	0.000591	-0.112897	0.000000	0.000000	0.000000	0.001611	-0.001473	0.012623	-0.000000	-0.000000	0.027115	0.359774	-1.960917	-0.158738	-0.000000	0.000204	0.000000	0.000000	0.000000	-1.433563	0.000000	0.000000	0.000000	0.000000
1761685824.852917671	-0.000000	-0.000281	0.000292	-0.102831	0.000000	0.000000	0.000000	0.001280	-0.000674	0.001307	-0.000000	-0.000000	0.027115	0.359898	-1.961038	-0.158137	-0.000000	0.000204	0.000000	0.000000	0.000000	-1.433563	0.000000	0.000000	0.000000	0.000000
1761685824.952863932	-0.000000	-0.000216	0.000027	-0.085538	0.000000	0.000000	0.000000	0.000978	0.000040	-0.009143	-0.000000	-0.000000	0.027115	0.360003	-1.961080	-0.158623	-0.000000	0.000204	0.000000	0.000000	0.000000	-1.433563	0.000000	0.000000	0.000000	0.000000
1761685825.052919626	-0.000000	-0.000159	-0.000192	-0.062434	0.000000	0.000000	0.000000	0.000726	0.000623	-0.017985	0.000000	-0.000000	0.027115	0.360091	-1.961055	-0.160065	-0.000000	0.000204	0.000000	0.000000	0.000000	-1.433563	0.000000	0.000000	0.000000	0.000000
1761685825.152948856	-0.000000	-0.000115	-0.000355	-0.036016	0.000000	0.000000	0.000000	0.000537	0.001041	-0.024614	0.000000	-0.000000	0.027115	0.360165	-1.960978	-0.162266	-0.000000	0.000204	0.000000	0.000000	0.000000	-1.433563	0.000000	0.000000	0.000000	0.000000
1761685825.252996445	-0.000000	-0.000087	-0.000452	1.319679	0.000000	0.000000	0.000000	0.000421	0.001274	-0.028656	0.000000	-0.000000	0.027115	0.360230	-1.960868	-0.164982	-0.000000	0.000204	0.000000	0.000000	0.000000	0.000000	0.000000	0.000000	0.000000	0.000000
1761685825.352810860	-0.000000	-0.000543	0.001690	1.185020	0.000000	-0.000000	0.000000	0.003263	-0.005880	0.080717	0.000000	0.000000	0.027115	0.360374	-1.961124	-0.162409	-0.000000	0.000204	0.000000	0.000000	0.000000	0.000000	0.000000	0.000000	0.000000	0.000000
1761685825.452825546	-0.000000	-0.001010	0.005168	0.854695	-0.000000	-0.000000	0.000000	0.005854	-0.012351	0.181713	0.000000	0.000000	0.027115	0.360645	-1.961996	-0.150558	-0.000000	0.000204	0.000000	0.000000	0.000000	0.000000	0.000000	0.000000	0.000000	0.000000
1761685825.552932262	-0.000000	-0.001232	0.008156	0.447277	-0.000000	-0.000000	0.000000	0.008280	-0.018245	0.278194	-0.000000	0.000000	0.027115	0.361153	-1.963689	-0.126391	0.000000	0.000204	0.000000	0.000000	0.000000	0.000000	0.000000	0.000000	0.000000	0.000000
1761685825.652770519	-0.000000	-0.001319	0.009881	0.050594	-0.000000	-0.000000	0.000000	0.009703	-0.021347	0.336502	-0.000000	0.000000	0.027114	0.361845	-1.965816	-0.094718	0.000000	0.000204	0.000000	0.000000	0.000000	0.000000	0.000000	0.000000	0.000000	0.000000
1761685825.752886057	-0.000000	-0.001353	0.009817	-0.250667	0.000000	-0.000000	0.000000	0.009932	-0.021174	0.348173	-0.000000	0.000000	0.027114	0.362666	-1.968030	-0.060112	0.000000	0.000204	0.000000	0.000000	0.000000	0.000000	0.000000	0.000000	0.000000	0.000000
1761685825.852720499	-0.000000	-0.001358	0.008598	-0.460617	0.000000	0.000000	0.000000	0.009362	-0.018914	0.328127	-0.000000	-0.000000	0.027114	0.363543	-1.970068	-0.026255	0.000000	0.000204	0.000000	0.000000	0.000000	0.000000	0.000000	0.000000	0.000000	0.000000
1761685825.952739239	-0.000000	-0.001310	0.006714	-0.588641	0.000000	0.000000	0.000000	0.008221	-0.015289	0.285564	-0.000000	-0.000000	0.027114	0.364397	-1.971766	0.004221	0.000000	0.000204	0.000000	0.000000	0.000000	0.000000	0.000000	0.000000	0.000000	0.000000
1761685826.052781343	-0.000000	-0.001183	0.004587	-0.650855	0.000000	0.000000	0.000000	0.006715	-0.010917	0.228834	-0.000000	-0.000000	0.027114	0.365154	-1.973032	0.029557	-0.000000	0.000204	0.000000	0.000000	0.000000	0.000000	0.000000	0.000000	0.000000	0.000000
1761685826.152757168	-0.000000	-0.000969	0.002513	-0.662536	0.000000	0.000000	0.000000	0.005012	-0.006273	0.164786	-0.000000	-0.000000	0.027114	0.365758	-1.973831	0.048747	-0.000000	0.000204	0.000000	0.000000	0.000000	0.000000	0.000000	0.000000	0.000000	0.000000
1761685826.252791643	-0.000000	-0.000679	0.000664	-0.635355	0.000000	0.000000	0.000000	0.003249	-0.001702	0.098727	-0.000000	-0.000000	0.027114	0.366175	-1.974168	0.061381	-0.000000	0.000204	0.000000	0.000000	0.000000	0.000000	0.000000	0.000000	0.000000	0.000000
1761685826.352774620	-0.000000	-0.000336	-0.000931	-0.577493	0.000000	0.000000	0.000000	0.001537	0.002550	0.034738	-0.000000	-0.000000	0.027114	0.366394	-1.974073	0.067502	0.000000	0.000204	0.000000	0.000000	0.000000	0.000000	0.000000	0.000000	0.000000	0.000000
1761685826.452990055	-0.000000	-0.000036	-0.002164	-0.509682	0.000000	0.000000	0.000000	-0.000033	0.006299	-0.023976	-0.000000	-0.000000	0.027114	0.366422	-1.973593	0.067510	0.000000	0.000204	0.000000	0.000000	0.000000	0.000000	0.000000	0.000000	0.000000	0.000000
1761685826.552919865	-0.000000	0.000331	-0.003519	-0.391222	0.000000	0.000000	0.000000	-0.001426	0.009491	-0.076074	-0.000000	-0.000000	0.027114	0.366283	-1.972780	0.062027	0.000000	0.000204	0.000000	0.000000	0.000000	0.000000	0.000000	0.000000	0.000000	0.000000
1761685826.652941227	-0.000000	0.000665	-0.004590	-0.243090	-0.000000	0.000000	0.000000	-0.002341	0.011472	-0.110650	-0.000000	-0.000000	0.027114	0.366066	-1.971896	0.053893	0.000000	0.000204	0.000000	0.000000	0.000000	0.000000	0.000000	0.000000	0.000000	0.000000
1761685826.752997398	-0.000000	0.000903	-0.005241	-0.087243	0.000000	0.000000	0.000000	-0.003098	0.012957	-0.139897	-0.000000	-0.000000	0.027114	0.365724	-1.970665	0.040957	0.000000	0.000204	0.000000	0.000000	0.000000	0.000000	0.000000	0.000000	0.000000	0.000000
1761685826.852999210	-0.000000	0.001009	-0.005418	0.056966	0.000000	0.000000	0.000000	-0.003428	0.013368	-0.153816	-0.000000	-0.000000	0.027114	0.365346	-1.969346	0.025982	0.000000	0.000204	0.000000	0.000000	0.000000	0.000000	0.000000	0.000000	0.000000	0.000000
1761685826.952845335	-0.000000	0.000978	-0.005151	0.176167	0.000000	-0.000000	0.000000	-0.003351	0.012785	-0.152927	-0.000000	0.000000	0.027114	0.364980	-1.968039	0.010492	0.000000	0.000204	0.000000	0.000000	0.000000	0.000000	0.000000	0.000000	0.000000	0.000000
1761685827.052904844	-0.000000	0.000836	-0.004531	0.263706	0.000000	-0.000000	0.000000	-0.002928	0.011385	-0.139283	-0.000000	0.000000	0.027114	0.364663	-1.966835	-0.004137	-0.000000	0.000204	0.000000	0.000000	0.000000	0.000000	0.000000	0.000000	0.000000	0.000000
1761685827.153113604	-0.000000	0.000621	-0.003677	0.318317	0.000000	-0.000000	0.000000	-0.002251	0.009397	-0.115831	-0.000000	0.000000	0.027114	0.364418	-1.965804	-0.016795	-0.000000	0.000204	0.000000	0.000000	0.000000	0.000000	0.000000	0.000000	0.000000	0.000000
1761685827.253170490	-0.000000	0.000377	-0.002707	0.342071	0.000000	-0.000000	0.000000	-0.001412	0.007060	-0.085819	-0.000000	0.000000	0.027114	0.364258	-1.964994	-0.026688	-0.000000	0.000204	0.000000	0.000000	0.000000	0.000000	0.000000	0.000000	0.000000	0.000000
1761685827.352798462	-0.000000	0.000136	-0.001723	0.338617	0.000000	-0.000000	0.000000	-0.000502	0.004591	-0.052404	-0.000000	0.000000	0.027114	0.364187	-1.964429	-0.033347	-0.000000	0.000204	0.000000	0.000000	0.000000	0.000000	0.000000	0.000000	0.000000	0.000000
1761685827.452732563	-0.000000	-0.000079	-0.000801	0.312105	-0.000000	-0.000000	0.000000	0.000403	0.002181	-0.018427	0.000000	0.000000	0.027114	0.364201	-1.964112	-0.036601	0.000000	0.000204	0.000000	0.000000	0.000000	0.000000	0.000000	0.000000	0.000000	0.000000
1761685827.553056479	-0.000000	-0.000233	-0.000119	0.275237	-0.000000	-0.000000	0.000000	0.001240	-0.000016	0.013667	0.000000	0.000000	0.027114	0.364294	-1.964029	-0.036542	0.000000	0.000204	0.000000	0.000000	0.000000	0.000000	0.000000	0.000000	0.000000	0.000000
1761685827.653486729	-0.000000	-0.000383	0.000581	0.212690	-0.000000	-0.000000	0.000000	0.001956	-0.001870	0.041805	0.000000	0.000000	0.027114	0.364457	-1.964146	-0.033509	0.000000	0.000204	0.000000	0.000000	0.000000	0.000000	0.000000	0.000000	0.000000	0.000000
1761685827.752952337	-0.000000	-0.000493	0.001151	0.135546	-0.000000	-0.000000	0.000000	0.002507	-0.003278	0.064117	-0.000000	0.000000	0.027114	0.364677	-1.964426	-0.027983	0.000000	0.000204	0.000000	0.000000	0.000000	0.000000	0.000000	0.000000	0.000000	0.000000
1761685827.853128910	-0.000000	-0.000561	0.001530	0.053509	-0.000000	-0.000000	0.000000	0.002854	-0.004142	0.078957	-0.000000	0.000000	0.027114	0.364940	-1.964814	-0.020652	0.000000	0.000204	0.000000	0.000000	0.000000	0.000000	0.000000	0.000000	0.000000	0.000000
1761685827.953053236	-0.000000	-0.000589	0.001688	-0.024566	-0.000000	-0.000000	0.000000	0.002984	-0.004439	0.085675	-0.000000	0.000000	0.027114	0.365227	-1.965254	-0.012308	0.000000	0.000204	0.000000	0.000000	0.000000	0.000000	0.000000	0.000000	0.000000	0.000000
1761685828.053104401	-0.000000	-0.000581	0.001629	-0.091782	0.000000	0.000000	0.000000	0.002906	-0.004203	0.084520	-0.000000	-0.000000	0.027114	0.365519	-1.965690	-0.003753	0.000000	0.000204	0.000000	0.000000	0.000000	0.000000	0.000000	0.000000	0.000000	0.000000
1761685828.152927876	-0.000000	-0.000541	0.001387	-0.143698	0.000000	0.000000	0.000000	0.002650	-0.003521	0.076462	-0.000000	-0.000000	0.027114	0.365796	-1.966074	0.004275	0.000000	0.000204	0.000000	0.000000	0.000000	0.000000	0.000000	0.000000	0.000000	0.000000
1761685828.253022432	-0.000000	-0.000473	0.001010	-0.178211	0.000000	0.000000	0.000000	0.002254	-0.002505	0.062957	-0.000000	-0.000000	0.027114	0.366041	-1.966367	0.011170	0.000000	0.000204	0.000000	0.000000	0.000000	0.000000	0.000000	0.000000	0.000000	0.000000
1761685828.353151560	-0.000000	-0.000383	0.000554	-0.195083	0.000000	0.000000	0.000000	0.001765	-0.001280	0.045712	-0.000000	-0.000000	0.027114	0.366240	-1.966545	0.016483	-0.000000	0.000204	0.000000	0.000000	0.000000	0.000000	0.000000	0.000000	0.000000	0.000000
1761685828.452825785	-0.000000	-0.000277	0.000073	-0.195388	0.000000	0.000000	0.000000	0.001230	0.000031	0.026485	-0.000000	-0.000000	0.027114	0.366387	-1.966594	0.019945	-0.000000	0.000204	0.000000	0.000000	0.000000	0.000000	0.000000	0.000000	0.000000	0.000000
1761685828.552762270	-0.000000	-0.000165	-0.000398	-0.181050	0.000000	0.000000	0.000000	0.000783	0.001102	0.010207	-0.000000	-0.000000	0.027113	0.366466	-1.966536	0.021338	0.000000	0.000204	0.000000	0.000000	0.000000	0.000000	0.000000	0.000000	0.000000	0.000000
1761685828.652823925	-0.000000	-0.000055	-0.000839	-0.154259	0.000000	0.000000	0.000000	0.000278	0.002286	-0.008376	-0.000000	-0.000000	0.027113	0.366510	-1.966354	0.021259	-0.000000	0.000204	0.000000	0.000000	0.000000	0.000000	0.000000	0.000000	0.000000	0.000000
1761685828.752799749	-0.000000	0.000044	-0.001215	-0.116315	0.000000	0.000000	0.000000	-0.000160	0.003278	-0.024695	-0.000000	-0.000000	0.027113	0.366506	-1.966065	0.019440	0.000000	0.000204	0.000000	0.000000	0.000000	0.000000	0.000000	0.000000	0.000000	0.000000
1761685828.852785110	-0.000000	0.000124	-0.001496	-0.071333	0.000000	0.000000	0.000000	-0.000501	0.004008	-0.037591	-0.000000	-0.000000	0.027113	0.366462	-1.965692	0.016176	0.000000	0.000204	0.000000	0.000000	0.000000	0.000000	0.000000	0.000000	0.000000	0.000000
1761685828.953012705	-0.000000	0.000178	-0.001659	-0.024241	0.000000	0.000000	0.000000	-0.000722	0.004431	-0.046223	-0.000000	-0.000000	0.027114	0.366391	-1.965264	0.011863	-0.000000	0.000204	0.000000	0.000000	0.000000	0.000000	0.000000	0.000000	0.000000	0.000000
1761685829.053310394	-0.000000	0.000201	-0.001698	0.020392	0.000000	0.000000	0.000000	-0.000817	0.004533	-0.050217	-0.000000	-0.000000	0.027114	0.366308	-1.964812	0.006955	-0.000000	0.000204	0.000000	0.000000	0.000000	0.000000	0.000000	0.000000	0.000000	0.000000
1761685829.153216839	-0.000000	0.000193	-0.001619	0.058879	0.000000	-0.000000	0.000000	-0.000788	0.004331	-0.049666	-0.000000	0.000000	0.027114	0.366225	-1.964368	0.001916	-0.000000	0.000204	0.000000	0.000000	0.000000	0.000000	0.000000	0.000000	0.000000	0.000000
1761685829.252797604	-0.000000	0.000159	-0.001440	0.088657	0.000000	-0.000000	0.000000	-0.000653	0.003870	-0.045061	-0.000000	0.000000	0.027114	0.366153	-1.963959	-0.002825	-0.000000	0.000204	0.000000	0.000000	0.000000	0.000000	0.000000	0.000000	0.000000	0.000000
1761685829.352749825	-0.000000	0.000106	-0.001188	0.108319	0.000000	-0.000000	0.000000	-0.000434	0.003210	-0.037188	0.000000	0.000000	0.027114	0.366101	-1.963609	-0.006904	-0.000000	0.000204	0.000000	0.000000	0.000000	0.000000	0.000000	0.000000	0.000000	0.000000
1761685829.452811003	-0.000000	0.000041	-0.000890	0.117480	-0.000000	-0.000000	0.000000	-0.000158	0.002423	-0.027011	0.000000	0.000000	0.027114	0.366076	-1.963332	-0.010051	-0.000000	0.000204	0.000000	0.000000	0.000000	0.000000	0.000000	0.000000	0.000000	0.000000
1761685829.552714109	-0.000000	-0.000027	-0.000577	0.116588	0.000000	-0.000000	0.000000	0.000146	0.001582	-0.015569	0.000000	0.000000	0.027114	0.366080	-1.963138	-0.012095	-0.000000	0.000204	0.000000	0.000000	0.000000	0.000000	0.000000	0.000000	0.000000	0.000000
1761685829.652956963	-0.000000	-0.000082	-0.000325	0.108984	-0.000000	-0.000000	0.000000	0.000448	0.000761	-0.003895	0.000000	0.000000	0.027114	0.366114	-1.963029	-0.012971	-0.000000	0.000204	0.000000	0.000000	0.000000	0.000000	0.000000	0.000000	0.000000	0.000000
1761685829.753144264	-0.000000	-0.000143	-0.000047	0.092773	0.000000	-0.000000	0.000000	0.000729	0.000008	0.007130	0.000000	0.000000	0.027114	0.366175	-1.962998	-0.012712	0.000000	0.000204	0.000000	0.000000	0.000000	0.000000	0.000000	0.000000	0.000000	0.000000
1761685829.852807999	-0.000000	-0.000193	0.000190	0.069970	-0.000000	-0.000000	0.000000	0.000965	-0.000623	0.016678	0.000000	0.000000	0.027114	0.366262	-1.963036	-0.011430	0.000000	0.000204	0.000000	0.000000	0.000000	0.000000	0.000000	0.000000	0.000000	0.000000
1761685829.952867031	-0.000000	-0.000231	0.000371	0.043062	-0.000000	-0.000000	0.000000	0.001140	-0.001088	0.024055	0.000000	0.000000	0.027114	0.366368	-1.963128	-0.009316	0.000000	0.000204	0.000000	0.000000	0.000000	0.000000	0.000000	0.000000	0.000000	0.000000
1761685830.052971363	-0.000000	-0.000254	0.000485	0.014831	-0.000000	-0.000000	0.000000	0.001243	-0.001364	0.028809	0.000000	0.000000	0.027113	0.366488	-1.963255	-0.006615	0.000000	0.000204	0.000000	0.000000	0.000000	0.000000	0.000000	0.000000	0.000000	0.000000
1761685830.153601170	-0.000000	-0.000261	0.000528	-0.012107	-0.000000	-0.000000	0.000000	0.001271	-0.001446	0.030763	0.000000	0.000000	0.027113	0.366613	-1.963398	-0.003600	0.000000	0.000204	0.000000	0.000000	0.000000	0.000000	0.000000	0.000000	0.000000	0.000000
1761685830.252927065	-0.000000	-0.000255	0.000502	-0.035562	-0.000000	0.000000	0.000000	0.001227	-0.001346	0.030001	0.000000	-0.000000	0.027113	0.366738	-1.963538	-0.000550	0.000000	0.000204	0.000000	0.000000	0.000000	0.000000	0.000000	0.000000	0.000000	0.000000
1761685830.352971792	-0.000000	-0.000236	0.000417	-0.053925	-0.000000	0.000000	0.000000	0.001120	-0.001091	0.026836	0.000000	-0.000000	0.027113	0.366855	-1.963659	0.002282	0.000000	0.000204	0.000000	0.000000	0.000000	0.000000	0.000000	0.000000	0.000000	0.000000
1761685830.452875614	-0.000000	-0.000206	0.000286	-0.066219	-0.000000	0.000000	0.000000	0.000966	-0.000718	0.021750	-0.000000	-0.000000	0.027113	0.366959	-1.963747	0.004682	0.000000	0.000204	0.000000	0.000000	0.000000	0.000000	0.000000	0.000000	0.000000	0.000000
1761685830.552838087	-0.000000	-0.000169	0.000127	-0.072077	0.000000	0.000000	0.000000	0.000778	-0.000271	0.015333	-0.000000	-0.000000	0.027113	0.367045	-1.963792	0.006491	0.000000	0.000204	0.000000	0.000000	0.000000	0.000000	0.000000	0.000000	0.000000	0.000000
1761685830.652785778	-0.000000	-0.000128	-0.000044	-0.071670	-0.000000	0.000000	0.000000	0.000576	0.000206	0.008222	-0.000000	-0.000000	0.027113	0.367111	-1.963791	0.007613	0.000000	0.000204	0.000000	0.000000	0.000000	0.000000	0.000000	0.000000	0.000000	0.000000
1761685830.752800941	-0.000000	-0.000085	-0.000214	-0.065610	0.000000	0.000000	0.000000	0.000409	0.000594	0.002243	-0.000000	-0.000000	0.027113	0.367150	-1.963754	0.007999	-0.000000	0.000204	0.000000	0.000000	0.000000	0.000000	0.000000	0.000000	0.000000	0.000000
1761685830.852909088	-0.000000	-0.000046	-0.000369	-0.054777	0.000000	0.000000	0.000000	0.000223	0.001018	-0.004520	-0.000000	-0.000000	0.027113	0.367179	-1.963669	0.007822	-0.000000	0.000204	0.000000	0.000000	0.000000	0.000000	0.000000	0.000000	0.000000	0.000000
1761685830.952795506	-0.000000	-0.000011	-0.000496	-0.040206	0.000000	0.000000	0.000000	0.000064	0.001366	-0.010359	-0.000000	-0.000000	0.027113	0.367191	-1.963546	0.007018	-0.000000	0.000204	0.000000	0.000000	0.000000	0.000000	0.000000	0.000000	0.000000	0.000000
1761685831.052921534	-0.000000	0.000013	-0.000581	-0.023959	0.000000	0.000000	0.000000	-0.000050	0.001596	-0.014622	-0.000000	-0.000000	0.027113	0.367190	-1.963395	0.005723	-0.000000	0.000204	0.000000	0.000000	0.000000	0.000000	0.000000	0.000000	0.000000	0.000000
1761685831.152725220	-0.000000	0.000029	-0.000624	-0.007362	0.000000	0.000000	0.000000	-0.000119	0.001713	-0.017289	-0.000000	-0.000000	0.027113	0.367179	-1.963228	0.004094	-0.000000	0.000204	0.000000	0.000000	0.000000	0.000000	0.000000	0.000000	0.000000	0.000000
1761685831.252735138	-0.000000	0.000034	-0.000626	0.008171	0.000000	0.000000	0.000000	-0.000144	0.001717	-0.018302	-0.000000	-0.000000	0.027113	0.367165	-1.963056	0.002295	-0.000000	0.000204	0.000000	0.000000	0.000000	0.000000	0.000000	0.000000	0.000000	0.000000
1761685831.352729082	-0.000000	0.000030	-0.000590	0.021481	0.000000	-0.000000	0.000000	-0.000127	0.001619	-0.017743	-0.000000	0.000000	0.027113	0.367151	-1.962889	0.000486	-0.000000	0.000204	0.000000	0.000000	0.000000	0.000000	0.000000	0.000000	0.000000	0.000000
1761685831.452723503	-0.000000	0.000018	-0.000522	0.031731	0.000000	-0.000000	0.000000	-0.000074	0.001435	-0.015817	0.000000	0.000000	0.027113	0.367141	-1.962738	-0.001185	-0.000000	0.000204	0.000000	0.000000	0.000000	0.000000	0.000000	0.000000	0.000000	0.000000
1761685831.552743196	-0.000000	0.000001	-0.000431	1.443511	0.000000	-0.000000	0.000000	0.000005	0.001187	-0.012815	0.000000	0.000000	0.027113	0.367139	-1.962608	-0.002599	-0.000000	0.000204	0.000000	0.000000	0.000000	1.516080	0.000000	0.000000	0.000000	0.000000
1761685831.652772665	-0.000000	-0.000586	0.002626	1.215145	0.000000	-0.000000	0.000000	0.003159	-0.006711	0.108007	-0.000000	0.000000	0.027113	0.367298	-1.962887	0.002187	-0.000000	0.000204	0.000000	0.000000	0.000000	1.516080	0.000000	0.000000	0.000000	0.000000
1761685831.752761126	-0.000000	-0.000985	0.006292	0.814997	0.000000	-0.000000	0.000000	0.006388	-0.014648	0.233327	-0.000000	0.000000	0.027113	0.367819	-1.964027	0.020457	-0.000000	0.000204	0.000000	0.000000	0.000000	1.516080	0.000000	0.000000	0.000000	0.000000
1761685831.852708578	-0.000000	-0.001151	0.009018	0.372785	0.000000	-0.000000	0.000000	0.008628	-0.019816	0.321496	-0.000000	0.000000	0.027113	0.368657	-1.965786	0.049211	-0.000000	0.000204	0.000000	0.000000	0.000000	1.516080	0.000000	0.000000	0.000000	0.000000
1761685831.953355312	-0.000000	-0.001213	0.010047	0.042657	0.000000	-0.000000	0.000000	0.009751	-0.021866	0.366145	-0.000000	0.000000	0.027113	0.369732	-1.967842	0.084272	-0.000000	0.000204	0.000000	0.000000	0.000000	1.516080	0.000000	0.000000	0.000000	0.000000
1761685832.053525209	-0.000000	-0.001268	0.010100	-0.290000	0.000000	-0.000000	0.000000	0.010000	-0.021518	0.375913	-0.000000	0.000000	0.027113	0.370945	-1.969910	0.121685	-0.000000	0.000204	0.000000	0.000000	0.000000	1.516080	0.000000	0.000000	0.000000	0.000000
1761685832.153022766	-0.000000	-0.001304	0.008927	-0.524774	0.000000	0.000000	0.000000	0.009411	-0.018989	0.352457	-0.000000	-0.000000	0.027112	0.372187	-1.971774	0.158139	-0.000000	0.000204	0.000000	0.000000	0.000000	1.516080	0.000000	0.000000	0.000000	0.000000
1761685832.252947330	-0.000000	-0.001286	0.006921	-0.661536	0.000000	0.000000	0.000000	0.008178	-0.014926	0.303892	0.000000	-0.000000	0.027112	0.373336	-1.973269	0.190715	-0.000000	0.000204	0.000000	0.000000	0.000000	1.516080	0.000000	0.000000	0.000000	0.000000
1761685832.352932930	-0.000000	-0.001178	0.004597	-0.721347	-0.000000	0.000000	0.000000	0.006536	-0.010055	0.240018	0.000000	-0.000000	0.027112	0.374290	-1.974310	0.217473	-0.000000	0.000204	0.000000	0.000000	0.000000	1.516080	0.000000	0.000000	0.000000	0.000000
1761685832.453006029	-0.000000	-0.000964	0.002330	-0.725414	-0.000000	0.000000	0.000000	0.004684	-0.004937	0.168880	0.000000	-0.000000	0.027112	0.374981	-1.974877	0.237367	0.000000	0.000204	0.000000	0.000000	0.000000	1.516080	0.000000	0.000000	0.000000	0.000000
1761685832.553161860	-0.000000	-0.000656	0.000329	-0.689182	-0.000000	0.000000	0.000000	0.002775	0.000041	0.096407	0.000000	-0.000000	0.027112	0.375375	-1.974987	0.250030	0.000000	0.000204	0.000000	0.000000	0.000000	1.516080	0.000000	0.000000	0.000000	0.000000
1761685832.652920246	-0.000000	-0.000279	-0.001439	-0.622476	-0.000000	0.000000	0.000000	0.000927	0.004624	0.026885	0.000000	-0.000000	0.027112	0.375470	-1.974679	0.255590	0.000000	0.000204	0.000000	0.000000	0.000000	1.516080	0.000000	0.000000	0.000000	0.000000
1761685832.752853870	-0.000000	0.000129	-0.003105	-0.528673	-0.000000	0.000000	0.000000	-0.000766	0.008627	-0.036475	-0.000000	-0.000000	0.027112	0.375286	-1.974003	0.254536	0.000000	0.000204	0.000000	0.000000	0.000000	1.516080	0.000000	0.000000	0.000000	0.000000
1761685832.852766275	-0.000000	0.000543	-0.004554	-0.393801	-0.000000	0.000000	0.000000	-0.002221	0.011882	-0.090905	-0.000000	-0.000000	0.027112	0.374865	-1.973019	0.247649	0.000000	0.000204	0.000000	0.000000	0.000000	1.516080	0.000000	0.000000	0.000000	0.000000
1761685832.952894926	-0.000000	0.000905	-0.005640	-0.232270	-0.000000	0.000000	0.000000	-0.003150	0.013807	-0.125970	-0.000000	-0.000000	0.027112	0.374376	-1.972015	0.238245	0.000000	0.000204	0.000000	0.000000	0.000000	1.516080	0.000000	0.000000	0.000000	0.000000
1761685833.052766085	-0.000000	0.001150	-0.006242	-0.067036	-0.000000	0.000000	0.000000	-0.003891	0.015141	-0.154581	-0.000000	-0.000000	0.027112	0.373686	-1.970666	0.223799	0.000000	0.000204	0.000000	0.000000	0.000000	1.516080	0.000000	0.000000	0.000000	0.000000
1761685833.152765512	-0.000000	0.001216	-0.006234	0.075004	-0.000000	0.000000	0.000000	-0.004098	0.015145	-0.164039	-0.000000	-0.000000	0.027112	0.372966	-1.969265	0.207675	0.000000	0.000204	0.000000	0.000000	0.000000	1.516080	0.000000	0.000000	0.000000	0.000000
1761685833.252768278	-0.000000	0.001142	-0.005790	0.188688	0.000000	-0.000000	0.000000	-0.003904	0.014193	-0.158906	-0.000000	0.000000	0.027112	0.372282	-1.967909	0.191472	0.000000	0.000204	0.000000	0.000000	0.000000	1.516080	0.000000	0.000000	0.000000	0.000000
1761685833.352764845	-0.000000	0.000964	-0.005029	0.270177	0.000000	-0.000000	0.000000	-0.003393	0.012509	-0.141932	-0.000000	0.000000	0.027112	0.371684	-1.966672	0.176493	0.000000	0.000204	0.000000	0.000000	0.000000	1.516080	0.000000	0.000000	0.000000	0.000000
1761685833.452959776	-0.000000	0.000726	-0.004077	0.319782	0.000000	-0.000000	0.000000	-0.002659	0.010331	-0.116272	-0.000000	0.000000	0.027113	0.371200	-1.965611	0.163740	0.000000	0.000204	0.000000	0.000000	0.000000	1.516080	0.000000	0.000000	0.000000	0.000000
1761685833.552776098	-0.000000	0.000467	-0.003048	0.340190	0.000000	-0.000000	0.000000	-0.001792	0.007888	-0.085120	-0.000000	0.000000	0.027113	0.370845	-1.964765	0.153895	-0.000000	0.000204	0.000000	0.000000	0.000000	1.516080	0.000000	0.000000	0.000000	0.000000
1761685833.653024197	-0.000000	0.000219	-0.002034	0.335089	0.000000	-0.000000	0.000000	-0.000875	0.005380	-0.051442	-0.000000	0.000000	0.027113	0.370625	-1.964148	0.147333	-0.000000	0.000204	0.000000	0.000000	0.000000	1.516080	0.000000	0.000000	0.000000	0.000000
1761685833.752730131	-0.000000	0.000001	-0.001093	0.308261	0.000000	-0.000000	0.000000	0.000029	0.002956	-0.017763	-0.000000	0.000000	0.027113	0.370533	-1.963762	0.144160	-0.000000	0.000204	0.000000	0.000000	0.000000	1.516080	0.000000	0.000000	0.000000	0.000000
1761685833.852855206	-0.000000	-0.000179	-0.000287	0.263301	0.000000	-0.000000	0.000000	0.000848	0.000799	0.013511	-0.000000	0.000000	0.027113	0.370560	-1.963588	0.144226	-0.000000	0.000204	0.000000	0.000000	0.000000	1.516080	0.000000	0.000000	0.000000	0.000000
1761685833.952928782	-0.000000	-0.000299	0.000265	0.211898	0.000000	-0.000000	0.000000	0.001545	-0.001004	0.040590	0.000000	0.000000	0.027113	0.370689	-1.963598	0.147188	-0.000000	0.000204	0.000000	0.000000	0.000000	1.516080	0.000000	0.000000	0.000000	0.000000
1761685834.052800894	-0.000000	-0.000411	0.000822	0.137087	0.000000	-0.000000	0.000000	0.002101	-0.002422	0.062637	0.000000	0.000000	0.027113	0.370902	-1.963753	0.152569	-0.000000	0.000204	0.000000	0.000000	0.000000	1.516080	0.000000	0.000000	0.000000	0.000000
1761685834.152887583	-0.000000	-0.000483	0.001206	0.056776	0.000000	-0.000000	0.000000	0.002464	-0.003324	0.077592	0.000000	0.000000	0.027113	0.371179	-1.964012	0.159757	-0.000000	0.000204	0.000000	0.000000	0.000000	1.516080	0.000000	0.000000	0.000000	0.000000
1761685834.252976894	-0.000000	-0.000516	0.001380	-0.019914	-0.000000	-0.000000	0.000000	0.002615	-0.003669	0.084608	0.000000	0.000000	0.027112	0.371490	-1.964322	0.167981	-0.000000	0.000204	0.000000	0.000000	0.000000	1.516080	0.000000	0.000000	0.000000	0.000000
1761685834.352931738	-0.000000	-0.000513	0.001344	-0.086190	0.000000	0.000000	0.000000	0.002562	-0.003491	0.083895	0.000000	-0.000000	0.027112	0.371807	-1.964632	0.176454	-0.000000	0.000204	0.000000	0.000000	0.000000	1.516080	0.000000	0.000000	0.000000	0.000000
1761685834.453244209	-0.000000	-0.000477	0.001129	-0.137687	-0.000000	0.000000	0.000000	0.002332	-0.002870	0.076381	0.000000	-0.000000	0.027112	0.372104	-1.964899	0.184451	-0.000000	0.000204	0.000000	0.000000	0.000000	1.516080	0.000000	0.000000	0.000000	0.000000
1761685834.553006172	-0.000000	-0.000413	0.000781	-0.172334	-0.000000	0.000000	0.000000	0.001962	-0.001916	0.063470	0.000000	-0.000000	0.027112	0.372356	-1.965089	0.191372	0.000000	0.000204	0.000000	0.000000	0.000000	1.516080	0.000000	0.000000	0.000000	0.000000
1761685834.652941704	-0.000000	-0.000327	0.000355	-0.189888	-0.000000	0.000000	0.000000	0.001498	-0.000752	0.046814	0.000000	-0.000000	0.027112	0.372547	-1.965179	0.196771	-0.000000	0.000204	0.000000	0.000000	0.000000	1.516080	0.000000	0.000000	0.000000	0.000000
1761685834.752976179	-0.000000	-0.000226	-0.000101	-0.191384	-0.000000	0.000000	0.000000	0.000984	0.000505	0.028118	0.000000	-0.000000	0.027112	0.372665	-1.965157	0.200374	0.000000	0.000204	0.000000	0.000000	0.000000	1.516080	0.000000	0.000000	0.000000	0.000000
1761685834.852910757	-0.000000	-0.000118	-0.000559	-0.178666	-0.000000	0.000000	0.000000	0.000466	0.001744	0.009005	0.000000	-0.000000	0.027112	0.372707	-1.965023	0.202072	0.000000	0.000204	0.000000	0.000000	0.000000	1.516080	0.000000	0.000000	0.000000	0.000000
1761685834.953133583	-0.000000	-0.000010	-0.000990	-0.153935	-0.000000	0.000000	0.000000	-0.000020	0.002871	-0.009074	0.000000	-0.000000	0.027112	0.372676	-1.964784	0.201909	0.000000	0.000204	0.000000	0.000000	0.000000	1.516080	0.000000	0.000000	0.000000	0.000000
1761685835.052962780	-0.000000	0.000088	-0.001361	-0.118376	-0.000000	0.000000	0.000000	-0.000439	0.003806	-0.024880	-0.000000	-0.000000	0.027112	0.372581	-1.964453	0.200062	0.000000	0.000204	0.000000	0.000000	0.000000	1.516080	0.000000	0.000000	0.000000	0.000000
1761685835.152849436	-0.000000	0.000169	-0.001640	-0.075606	-0.000000	0.000000	0.000000	-0.000763	0.004485	-0.037310	-0.000000	-0.000000	0.027112	0.372436	-1.964051	0.196825	0.000000	0.000204	0.000000	0.000000	0.000000	1.516080	0.000000	0.000000	0.000000	0.000000
1761685835.252835751	-0.000000	0.000225	-0.001807	-0.030263	0.000000	0.000000	0.000000	-0.000971	0.004864	-0.045583	-0.000000	-0.000000	0.027112	0.372288	-1.963681	0.193341	0.000000	0.000204	0.000000	0.000000	0.000000	1.516080	0.000000	0.000000	0.000000	0.000000
1761685835.352862835	-0.000000	0.000251	-0.001854	0.013276	-0.000000	0.000000	0.000000	-0.001046	0.004930	-0.048861	-0.000000	-0.000000	0.027112	0.372095	-1.963218	0.188594	0.000000	0.000204	0.000000	0.000000	0.000000	1.516080	0.000000	0.000000	0.000000	0.000000
1761685835.452781200	-0.000000	0.000247	-0.001785	0.051404	-0.000000	-0.000000	0.000000	-0.001032	0.004756	-0.048985	-0.000000	0.000000	0.027112	0.371902	-1.962760	0.183652	0.000000	0.000204	0.000000	0.000000	0.000000	1.516080	0.000000	0.000000	0.000000	0.000000
1761685835.552778244	-0.000000	0.000217	-0.001616	0.081542	0.000000	-0.000000	0.000000	-0.000913	0.004325	-0.045115	-0.000000	0.000000	0.027112	0.371725	-1.962332	0.178937	0.000000	0.000204	0.000000	0.000000	0.000000	1.516080	0.000000	0.000000	0.000000	0.000000
1761685835.652778387	-0.000000	0.000166	-0.001373	0.102186	0.000000	-0.000000	0.000000	-0.000709	0.003694	-0.037966	-0.000000	0.000000	0.027112	0.371576	-1.961954	0.174809	0.000000	0.000204	0.000000	0.000000	0.000000	1.516080	0.000000	0.000000	0.000000	0.000000
1761685835.753046274	-0.000000	0.000104	-0.001081	0.112816	0.000000	-0.000000	0.000000	-0.000445	0.002930	-0.028435	-0.000000	0.000000	0.027112	0.371465	-1.961643	0.171545	0.000000	0.000204	0.000000	0.000000	0.000000	1.516080	0.000000	0.000000	0.000000	0.000000
1761685835.852846146	-0.000000	0.000036	-0.000770	0.113720	0.000000	-0.000000	0.000000	-0.000150	0.002103	-0.017508	-0.000000	0.000000	0.027112	0.371396	-1.961406	0.169327	-0.000000	0.000204	0.000000	0.000000	0.000000	1.516080	0.000000	0.000000	0.000000	0.000000
1761685835.952788353	-0.000000	-0.000030	-0.000465	0.105825	0.000000	-0.000000	0.000000	0.000151	0.001279	-0.006166	-0.000000	0.000000	0.027112	0.371371	-1.961246	0.168237	-0.000000	0.000204	0.000000	0.000000	0.000000	1.516080	0.000000	0.000000	0.000000	0.000000
1761685836.052772999	-0.000000	-0.000091	-0.000186	0.090440	0.000000	-0.000000	0.000000	0.000433	0.000518	0.004680	-0.000000	0.000000	0.027112	0.371389	-1.961159	0.168262	-0.000000	0.000204	0.000000	0.000000	0.000000	1.516080	0.000000	0.000000	0.000000	0.000000
1761685836.152729034	-0.000000	-0.000141	0.000048	0.068775	0.000000	-0.000000	0.000000	0.000676	-0.000132	0.014236	0.000000	0.000000	0.027112	0.371444	-1.961137	0.169305	-0.000000	0.000204	0.000000	0.000000	0.000000	1.516080	0.000000	0.000000	0.000000	0.000000
1761685836.252783775	-0.000000	-0.000179	0.000229	0.043119	-0.000000	-0.000000	0.000000	0.000864	-0.000629	0.021836	0.000000	0.000000	0.027112	0.371529	-1.961167	0.171196	-0.000000	0.000204	0.000000	0.000000	0.000000	1.516080	0.000000	0.000000	0.000000	0.000000
1761685836.352869987	-0.000000	-0.000203	0.000347	0.016103	0.000000	-0.000000	0.000000	0.000984	-0.000948	0.027003	0.000000	0.000000	0.027112	0.371637	-1.961233	0.173709	-0.000000	0.000204	0.000000	0.000000	0.000000	1.516080	0.000000	0.000000	0.000000	0.000000
1761685836.453459978	-0.000000	-0.000212	0.000392	-0.005604	-0.000000	-0.000000	0.000000	0.001032	-0.001082	0.029514	0.000000	0.000000	0.027112	0.371755	-1.961318	0.176586	-0.000000	0.000204	0.000000	0.000000	0.000000	1.516080	0.000000	0.000000	0.000000	0.000000
1761685836.552947998	-0.000000	-0.000208	0.000377	-1.433531	0.000000	0.000000	0.000000	0.001008	-0.001031	0.029315	0.000000	-0.000000	0.027112	0.371875	-1.961405	0.179541	-0.000000	0.000204	0.000000	0.000000	0.000000	0.000000	0.000000	0.000000	0.000000	0.000000
1761685836.652889013	0.000000	0.000513	-0.002588	-1.282167	0.000000	0.000000	-0.000000	-0.002134	0.006777	-0.090239	0.000000	-0.000000	0.027112	0.371768	-1.961131	0.176490	-0.000000	0.000204	0.000000	0.000000	0.000000	0.000000	0.000000	0.000000	0.000000	0.000000
1761685836.753161430	0.000000	0.001449	-0.005519	-0.915720	-0.000000	0.000000	-0.000000	-0.005516	0.015067	-0.220978	-0.000000	-0.000000	0.027113	0.371164	-1.960047	0.159735	0.000000	0.000204	0.000000	0.000000	0.000000	0.000000	0.000000	0.000000	0.000000	0.000000
1761685836.853029013	0.000000	0.002506	-0.008434	-0.465765	-0.000000	0.000000	-0.000000	-0.007940	0.020922	-0.318658	-0.000000	-0.000000	0.027113	0.370200	-1.958302	0.131684	0.000000	0.000204	0.000000	0.000000	0.000000	0.000000	0.000000	0.000000	0.000000	0.000000
1761685836.953722239	-0.000000	0.003166	-0.010033	-0.033056	-0.000000	0.000000	0.000000	-0.009095	0.023664	-0.372733	-0.000000	-0.000000	0.027113	0.369076	-1.956142	0.096352	0.000000	0.000204	0.000000	0.000000	0.000000	0.000000	0.000000	0.000000	0.000000	0.000000
1761685837.053040504	-0.000000	0.003240	-0.010070	0.313245	-0.000000	0.000000	0.000000	-0.009001	0.023409	-0.383251	-0.000000	-0.000000	0.027113	0.367982	-1.953848	0.058165	0.000000	0.000204	0.000000	0.000000	0.000000	0.000000	0.000000	0.000000	0.000000	0.000000
1761685837.153172016	-0.000000	0.002859	-0.009007	0.549625	0.000000	-0.000000	0.000000	-0.007914	0.020795	-0.357698	-0.000000	0.000000	0.027113	0.367052	-1.951680	0.021090	0.000000	0.000204	0.000000	0.000000	0.000000	0.000000	0.000000	0.000000	0.000000	0.000000
1761685837.252799511	-0.000000	0.002165	-0.007122	0.686007	0.000000	-0.000000	0.000000	-0.006174	0.016622	-0.306675	-0.000000	0.000000	0.027114	0.366348	-1.949838	-0.011868	0.000000	0.000204	0.000000	0.000000	0.000000	0.000000	0.000000	0.000000	0.000000	0.000000
1761685837.352837324	-0.000000	0.001384	-0.004928	0.744827	0.000000	-0.000000	0.000000	-0.004103	0.011627	-0.240348	-0.000000	0.000000	0.027114	0.365883	-1.948450	-0.038761	0.000000	0.000204	0.000000	0.000000	0.000000	0.000000	0.000000	0.000000	0.000000	0.000000
1761685837.452776909	-0.000000	0.000660	-0.002747	0.747121	0.000000	-0.000000	0.000000	-0.002303	0.007250	-0.179259	-0.000000	0.000000	0.027114	0.365666	-1.947689	-0.055768	0.000000	0.000204	0.000000	0.000000	0.000000	0.000000	0.000000	0.000000	0.000000	0.000000
1761685837.552805662	-0.000000	0.000070	-0.000762	0.707948	0.000000	-0.000000	0.000000	-0.000200	0.002088	-0.104624	-0.000000	0.000000	0.027114	0.365585	-1.947261	-0.069343	0.000000	0.000204	0.000000	0.000000	0.000000	0.000000	0.000000	0.000000	0.000000	0.000000
1761685837.652781963	-0.000000	-0.000380	0.000997	0.636873	0.000000	-0.000000	0.000000	0.001739	-0.002724	-0.032523	-0.000000	0.000000	0.027114	0.365674	-1.947345	-0.075556	0.000000	0.000204	0.000000	0.000000	0.000000	0.000000	0.000000	0.000000	0.000000	0.000000
1761685837.752859354	-0.000000	-0.000712	0.002705	0.535503	0.000000	-0.000000	0.000000	0.003436	-0.006977	0.033534	-0.000000	0.000000	0.027114	0.365909	-1.947892	-0.074876	0.000000	0.000204	0.000000	0.000000	0.000000	0.000000	0.000000	0.000000	0.000000	0.000000
1761685837.852945805	-0.000000	-0.000938	0.004244	0.389752	0.000000	-0.000000	0.000000	0.004829	-0.010480	0.090463	-0.000000	0.000000	0.027114	0.366271	-1.948831	-0.068089	0.000000	0.000204	0.000000	0.000000	0.000000	0.000000	0.000000	0.000000	0.000000	0.000000
1761685837.952807426	-0.000000	-0.001071	0.005419	0.217927	0.000000	-0.000000	0.000000	0.005837	-0.012983	0.134296	-0.000000	0.000000	0.027113	0.366742	-1.950069	-0.056324	0.000000	0.000204	0.000000	0.000000	0.000000	0.000000	0.000000	0.000000	0.000000	0.000000
1761685838.053123474	-0.000000	-0.001130	0.006067	0.045026	0.000000	-0.000000	0.000000	0.006395	-0.014302	0.161817	-0.000000	0.000000	0.027113	0.367295	-1.951486	-0.041098	0.000000	0.000204	0.000000	0.000000	0.000000	0.000000	0.000000	0.000000	0.000000	0.000000
1761685838.152867556	-0.000000	-0.001133	0.006133	-0.108417	0.000000	-0.000000	0.000000	0.006498	-0.014418	0.172082	-0.000000	0.000000	0.027113	0.367899	-1.952957	-0.024125	0.000000	0.000204	0.000000	0.000000	0.000000	0.000000	0.000000	0.000000	0.000000	0.000000
1761685838.252765894	-0.000000	-0.001091	0.005676	-0.229802	0.000000	0.000000	0.000000	0.006192	-0.013467	0.166356	-0.000000	-0.000000	0.027113	0.368513	-1.954364	-0.007081	-0.000000	0.000204	0.000000	0.000000	0.000000	0.000000	0.000000	0.000000	0.000000	0.000000
1761685838.353060484	-0.000000	-0.001017	0.004930	-0.297596	0.000000	0.000000	0.000000	0.005505	-0.011556	0.145398	-0.000000	-0.000000	0.027113	0.369096	-1.955603	0.008417	-0.000000	0.000204	0.000000	0.000000	0.000000	0.000000	0.000000	0.000000	0.000000	0.000000
1761685838.452903748	-0.000000	-0.000899	0.003885	-0.349479	0.000000	0.000000	0.000000	0.004636	-0.009211	0.116769	-0.000000	-0.000000	0.027113	0.369612	-1.956617	0.021333	-0.000000	0.000204	0.000000	0.000000	0.000000	0.000000	0.000000	0.000000	0.000000	0.000000
1761685838.553223848	-0.000000	-0.000747	0.002764	-0.370082	0.000000	0.000000	0.000000	0.003644	-0.006604	0.082686	-0.000000	-0.000000	0.027113	0.370039	-1.957377	0.031058	-0.000000	0.000204	0.000000	0.000000	0.000000	0.000000	0.000000	0.000000	0.000000	0.000000
1761685838.653138638	-0.000000	-0.000566	0.001664	-0.362381	0.000000	0.000000	0.000000	0.002605	-0.003935	0.046021	-0.000000	-0.000000	0.027113	0.370360	-1.957871	0.037202	-0.000000	0.000204	0.000000	0.000000	0.000000	0.000000	0.000000	0.000000	0.000000	0.000000
1761685838.752980471	-0.000000	-0.000370	0.000665	-0.330879	0.000000	0.000000	0.000000	0.001596	-0.001390	0.009654	0.000000	-0.000000	0.027113	0.370570	-1.958107	0.039678	-0.000000	0.000204	0.000000	0.000000	0.000000	0.000000	0.000000	0.000000	0.000000	0.000000
1761685838.852954626	-0.000000	-0.000172	-0.000185	-0.278714	0.000000	0.000000	0.000000	0.000679	0.000878	-0.023959	0.000000	-0.000000	0.027113	0.370676	-1.958107	0.038660	0.000000	0.000204	0.000000	0.000000	0.000000	0.000000	0.000000	0.000000	0.000000	0.000000
1761685838.953082800	-0.000000	0.000008	-0.000900	-0.205387	-0.000000	0.000000	0.000000	-0.000088	0.002747	-0.052699	0.000000	-0.000000	0.027113	0.370691	-1.957907	0.034552	0.000000	0.000204	0.000000	0.000000	0.000000	0.000000	0.000000	0.000000	0.000000	0.000000
1761685839.052984953	-0.000000	0.000154	-0.001444	-0.119492	-0.000000	0.000000	0.000000	-0.000653	0.004091	-0.074460	0.000000	-0.000000	0.027113	0.370636	-1.957552	0.027962	0.000000	0.000204	0.000000	0.000000	0.000000	0.000000	0.000000	0.000000	0.000000	0.000000
1761685839.153119087	-0.000000	0.000249	-0.001770	-0.031416	-0.000000	0.000000	0.000000	-0.000982	0.004836	-0.087841	-0.000000	-0.000000	0.027113	0.370539	-1.957097	0.019675	0.000000	0.000204	0.000000	0.000000	0.000000	0.000000	0.000000	0.000000	0.000000	0.000000
1761685839.252767086	-0.000000	0.000282	-0.001863	0.049716	-0.000000	0.000000	0.000000	-0.001069	0.004976	-0.092450	-0.000000	-0.000000	0.027113	0.370427	-1.956603	0.010561	0.000000	0.000204	0.000000	0.000000	0.000000	0.000000	0.000000	0.000000	0.000000	0.000000
1761685839.352762461	-0.000000	0.000257	-0.001739	0.117235	0.000000	-0.000000	0.000000	-0.000964	0.004652	-0.089660	-0.000000	0.000000	0.027113	0.370339	-1.956202	0.002952	0.000000	0.000204	0.000000	0.000000	0.000000	0.000000	0.000000	0.000000	0.000000	0.000000
1761685839.452753067	-0.000000	0.000175	-0.001410	0.164591	0.000000	-0.000000	0.000000	-0.000650	0.003799	-0.079061	-0.000000	0.000000	0.027113	0.370260	-1.955784	-0.005443	0.000000	0.000204	0.000000	0.000000	0.000000	0.000000	0.000000	0.000000	0.000000	0.000000
1761685839.552736044	-0.000000	0.000066	-0.000972	0.193331	0.000000	-0.000000	0.000000	-0.000212	0.002644	-0.063392	-0.000000	0.000000	0.027113	0.370223	-1.955469	-0.012468	0.000000	0.000204	0.000000	0.000000	0.000000	0.000000	0.000000	0.000000	0.000000	0.000000
1761685839.652846813	-0.000000	-0.000054	-0.000482	0.204235	0.000000	-0.000000	0.000000	0.000297	0.001322	-0.044537	-0.000000	0.000000	0.027113	0.370233	-1.955281	-0.017727	-0.000000	0.000204	0.000000	0.000000	0.000000	0.000000	0.000000	0.000000	0.000000	0.000000
1761685839.752728701	-0.000000	-0.000173	0.000013	0.199003	0.000000	-0.000000	0.000000	0.000827	-0.000045	-0.024296	-0.000000	0.000000	0.027113	0.370295	-1.955229	-0.021008	0.000000	0.000204	0.000000	0.000000	0.000000	0.000000	0.000000	0.000000	0.000000	0.000000
1761685839.852721214	-0.000000	-0.000282	0.000489	0.179944	0.000000	-0.000000	0.000000	0.001335	-0.001349	-0.004308	-0.000000	0.000000	0.027113	0.370405	-1.955313	-0.022268	-0.000000	0.000204	0.000000	0.000000	0.000000	0.000000	0.000000	0.000000	0.000000	0.000000
1761685839.952750683	-0.000000	-0.000374	0.000923	0.148989	0.000000	-0.000000	0.000000	0.001785	-0.002499	0.014004	-0.000000	0.000000	0.027113	0.370561	-1.955519	-0.021617	0.000000	0.000204	0.000000	0.000000	0.000000	0.000000	0.000000	0.000000	0.000000	0.000000
1761685840.052816391	-0.000000	-0.000444	0.001278	0.108132	-0.000000	-0.000000	0.000000	0.002148	-0.003418	0.029419	-0.000000	0.000000	0.027113	0.370755	-1.955829	-0.019296	0.000000	0.000204	0.000000	0.000000	0.000000	0.000000	0.000000	0.000000	0.000000	0.000000
1761685840.152758360	-0.000000	-0.000491	0.001527	0.062147	0.000000	-0.000000	0.000000	0.002399	-0.004048	0.040913	-0.000000	0.000000	0.027113	0.370979	-1.956213	-0.015655	-0.000000	0.000204	0.000000	0.000000	0.000000	0.000000	0.000000	0.000000	0.000000	0.000000
1761685840.253779650	-0.000000	-0.000513	0.001652	0.022086	-0.000000	-0.000000	0.000000	0.002528	-0.004359	0.047894	-0.000000	0.000000	0.027113	0.371221	-1.956642	-0.011125	0.000000	0.000204	0.000000	0.000000	0.000000	0.000000	0.000000	0.000000	0.000000	0.000000
1761685840.352955818	-0.000000	-0.000516	0.001666	-0.020442	0.000000	-0.000000	0.000000	0.002546	-0.004389	0.050770	-0.000000	0.000000	0.027112	0.371472	-1.957083	-0.006140	0.000000	0.000204	0.000000	0.000000	0.000000	0.000000	0.000000	0.000000	0.000000	0.000000
1761685840.452830791	-0.000000	-0.000501	0.001586	-0.058901	0.000000	0.000000	0.000000	0.002455	-0.004142	0.049435	-0.000000	-0.000000	0.027112	0.371721	-1.957511	-0.001111	-0.000000	0.000204	0.000000	0.000000	0.000000	0.000000	0.000000	0.000000	0.000000	0.000000
1761685840.552889347	-0.000000	-0.000468	0.001406	-0.088757	0.000000	0.000000	0.000000	0.002265	-0.003646	0.044186	-0.000000	-0.000000	0.027112	0.371956	-1.957897	0.003553	-0.000000	0.000204	0.000000	0.000000	0.000000	0.000000	0.000000	0.000000	0.000000	0.000000
1761685840.653126717	-0.000000	-0.000419	0.001151	-0.108486	0.000000	0.000000	0.000000	0.001996	-0.002962	0.035808	-0.000000	-0.000000	0.027112	0.372170	-1.958222	0.007503	-0.000000	0.000204	0.000000	0.000000	0.000000	0.000000	0.000000	0.000000	0.000000	0.000000
1761685840.752904892	-0.000000	-0.000359	0.000850	-0.117693	0.000000	0.000000	0.000000	0.001678	-0.002162	0.025288	-0.000000	-0.000000	0.027112	0.372353	-1.958470	0.010484	-0.000000	0.000204	0.000000	0.000000	0.000000	0.000000	0.000000	0.000000	0.000000	0.000000
1761685840.853000641	-0.000000	-0.000291	0.000534	-0.116826	0.000000	0.000000	0.000000	0.001337	-0.001319	0.013672	-0.000000	-0.000000	0.027112	0.372503	-1.958636	0.012342	0.000000	0.000204	0.000000	0.000000	0.000000	0.000000	0.000000	0.000000	0.000000	0.000000
1761685840.952971220	-0.000000	-0.000222	0.000230	-0.106967	-0.000000	0.000000	0.000000	0.001002	-0.000501	0.001975	-0.000000	-0.000000	0.027112	0.372618	-1.958718	0.013026	0.000000	0.000204	0.000000	0.000000	0.000000	0.000000	0.000000	0.000000	0.000000	0.000000
1761685841.052991152	-0.000000	-0.000156	-0.000041	-0.089466	0.000000	0.000000	0.000000	0.000695	0.000234	-0.008886	-0.000000	-0.000000	0.027112	0.372700	-1.958724	0.012583	0.000000	0.000204	0.000000	0.000000	0.000000	0.000000	0.000000	0.000000	0.000000	0.000000
1761685841.152902365	-0.000000	-0.000098	-0.000268	-0.065736	-0.000000	0.000000	0.000000	0.000438	0.000836	-0.018124	-0.000000	-0.000000	0.027112	0.372754	-1.958664	0.011143	0.000000	0.000204	0.000000	0.000000	0.000000	0.000000	0.000000	0.000000	0.000000	0.000000
1761685841.252969503	-0.000000	-0.000054	-0.000436	-0.038363	0.000000	0.000000	0.000000	0.000246	0.001267	-0.025093	-0.000000	-0.000000	0.027112	0.372785	-1.958554	0.008908	-0.000000	0.000204	0.000000	0.000000	0.000000	0.000000	0.000000	0.000000	0.000000	0.000000
1761685841.352805376	-0.000000	-0.000025	-0.000537	-0.010128	0.000000	0.000000	0.000000	0.000147	0.001473	-0.028747	-0.000000	-0.000000	0.027112	0.372799	-1.958436	0.006619	-0.000000	0.000204	0.000000	0.000000	0.000000	0.000000	0.000000	0.000000	0.000000	0.000000
1761685841.452870369	-0.000000	-0.000013	-0.000566	0.016403	0.000000	0.000000	0.000000	0.000094	0.001553	-0.030701	-0.000000	-0.000000	0.027112	0.372809	-1.958282	0.003599	-0.000000	0.000204	0.000000	0.000000	0.000000	0.000000	0.000000	0.000000	0.000000	0.000000
1761685841.552863598	-0.000000	-0.000018	-0.000528	0.039129	0.000000	-0.000000	0.000000	0.000113	0.001451	-0.029945	-0.000000	0.000000	0.027112	0.372818	-1.958131	0.000543	-0.000000	0.000204	0.000000	0.000000	0.000000	0.000000	0.000000	0.000000	0.000000	0.000000
1761685841.653285503	-0.000000	-0.000039	-0.000425	0.055731	0.000000	-0.000000	0.000000	0.000205	0.001170	-0.026411	0.000000	0.000000	0.027112	0.372835	-1.958001	-0.002261	-0.000000	0.000204	0.000000	0.000000	0.000000	0.000000	0.000000	0.000000	0.000000	0.000000
1761685841.752953768	-0.000000	-0.000067	-0.000290	0.066771	-0.000000	-0.000000	0.000000	0.000334	0.000800	-0.021391	0.000000	0.000000	0.027112	0.372863	-1.957905	-0.004627	0.000000	0.000204	0.000000	0.000000	0.000000	0.000000	0.000000	0.000000	0.000000	0.000000
1761685841.853304148	-0.000000	-0.000102	-0.000130	0.071482	-0.000000	-0.000000	0.000000	0.000494	0.000358	-0.015082	0.000000	0.000000	0.027112	0.372905	-1.957850	-0.006411	0.000000	0.000204	0.000000	0.000000	0.000000	0.000000	0.000000	0.000000	0.000000	0.000000
1761685841.952925205	-0.000000	-0.000140	0.000040	0.070083	-0.000000	-0.000000	0.000000	0.000668	-0.000113	-0.008091	0.000000	0.000000	0.027112	0.372965	-1.957842	-0.007516	0.000000	0.000204	0.000000	0.000000	0.000000	0.000000	0.000000	0.000000	0.000000	0.000000
1761685842.052840233	-0.000000	-0.000176	0.000206	-1.265360	-0.000000	-0.000000	0.000000	0.000840	-0.000573	-0.001036	0.000000	0.000000	0.027112	0.373042	-1.957881	-0.007912	0.000000	0.000204	0.000000	0.000000	0.000000	-1.433563	0.000000	0.000000	0.000000	0.000000
1761685842.152827263	0.000000	0.000487	-0.002354	-1.057732	0.000000	0.000000	-0.000000	-0.001894	0.006225	-0.105314	-0.000000	-0.000000	0.027112	0.372993	-1.957602	-0.013171	0.000000	0.000204	0.000000	0.000000	0.000000	-1.433563	0.000000	0.000000	0.000000	0.000000
1761685842.252767801	0.000000	0.001434	-0.005369	-0.723136	0.000000	0.000000	-0.000000	-0.004794	0.013414	-0.218008	-0.000000	-0.000000	0.027112	0.372651	-1.956535	-0.030507	-0.000000	0.000204	0.000000	0.000000	0.000000	-1.433563	0.000000	0.000000	0.000000	0.000000
1761685842.352778435	0.000000	0.002068	-0.007134	-0.370005	0.000000	0.000000	-0.000000	-0.006665	0.018016	-0.295899	-0.000000	-0.000000	0.027112	0.372127	-1.954884	-0.057084	-0.000000	0.000204	0.000000	0.000000	0.000000	-1.433563	0.000000	0.000000	0.000000	0.000000
1761685842.452857018	0.000000	0.002538	-0.008334	0.002736	0.000000	0.000000	-0.000000	-0.007524	0.020161	-0.338785	-0.000000	-0.000000	0.027112	0.371547	-1.952893	-0.089421	-0.000000	0.000204	0.000000	0.000000	0.000000	-1.433563	0.000000	0.000000	0.000000	0.000000
1761685842.552837849	-0.000000	0.002569	-0.008348	0.302843	0.000000	0.000000	0.000000	-0.007339	0.019790	-0.344723	-0.000000	0.000000	0.027113	0.371015	-1.950813	-0.123904	-0.000000	0.000204	0.000000	0.000000	0.000000	-1.433563	0.000000	0.000000	0.000000	0.000000
1761685842.653052330	-0.000000	0.002210	-0.007351	0.508486	0.000000	-0.000000	0.000000	-0.006305	0.017380	-0.319441	-0.000000	0.000000	0.027113	0.370601	-1.948884	-0.157110	-0.000000	0.000204	0.000000	0.000000	0.000000	-1.433563	0.000000	0.000000	0.000000	0.000000
1761685842.753097057	-0.000000	0.001621	-0.005724	0.627438	0.000000	-0.000000	0.000000	-0.004716	0.013616	-0.272020	0.000000	0.000000	0.027113	0.370328	-1.947288	-0.186431	-0.000000	0.000204	0.000000	0.000000	0.000000	-1.433563	0.000000	0.000000	0.000000	0.000000
1761685842.852864265	-0.000000	0.000967	-0.003833	0.677966	-0.000000	-0.000000	0.000000	-0.002846	0.009131	-0.211259	0.000000	0.000000	0.027113	0.370187	-1.946134	-0.210171	-0.000000	0.000204	0.000000	0.000000	0.000000	-1.433563	0.000000	0.000000	0.000000	0.000000
1761685842.953013897	-0.000000	0.000364	-0.001945	0.677668	-0.000000	-0.000000	0.000000	-0.000903	0.004415	-0.144304	0.000000	0.000000	0.027113	0.370157	-1.945473	-0.227426	0.000000	0.000204	0.000000	0.000000	0.000000	-1.433563	0.000000	0.000000	0.000000	0.000000
1761685843.052897215	-0.000000	-0.000131	-0.000216	0.639586	-0.000000	-0.000000	0.000000	0.000966	-0.000184	-0.076532	0.000000	0.000000	0.027113	0.370215	-1.945311	-0.237903	0.000000	0.000204	0.000000	0.000000	0.000000	-1.433563	0.000000	0.000000	0.000000	0.000000
1761685843.152826548	-0.000000	-0.000521	0.001381	0.572344	-0.000000	-0.000000	0.000000	0.002666	-0.004420	-0.011939	0.000000	0.000000	0.027113	0.370342	-1.945618	-0.241762	0.000000	0.000204	0.000000	0.000000	0.000000	-1.433563	0.000000	0.000000	0.000000	0.000000
1761685843.252836466	-0.000000	-0.000811	0.002930	0.476284	-0.000000	-0.000000	0.000000	0.003895	-0.007509	0.036877	-0.000000	0.000000	0.027113	0.370493	-1.946197	-0.240279	0.000000	0.000204	0.000000	0.000000	0.000000	-1.433563	0.000000	0.000000	0.000000	0.000000
1761685843.353115320	-0.000000	-0.000980	0.004079	0.366705	-0.000000	-0.000000	0.000000	0.005117	-0.010590	0.087708	-0.000000	0.000000	0.027113	0.370724	-1.947219	-0.233519	0.000000	0.000204	0.000000	0.000000	0.000000	-1.433563	0.000000	0.000000	0.000000	0.000000
1761685843.452794313	-0.000000	-0.001105	0.005139	0.215482	-0.000000	-0.000000	0.000000	0.005976	-0.012732	0.126204	-0.000000	0.000000	0.027113	0.371005	-1.948505	-0.222427	0.000000	0.000204	0.000000	0.000000	0.000000	-1.433563	0.000000	0.000000	0.000000	0.000000
1761685843.552827358	-0.000000	-0.001164	0.005763	0.060017	-0.000000	-0.000000	0.000000	0.006439	-0.013836	0.150273	-0.000000	0.000000	0.027113	0.371331	-1.949953	-0.208297	0.000000	0.000204	0.000000	0.000000	0.000000	-1.433563	0.000000	0.000000	0.000000	0.000000
1761685843.652786255	-0.000000	-0.001170	0.005872	-0.080689	-0.000000	-0.000000	0.000000	0.006494	-0.013865	0.158866	-0.000000	0.000000	0.027112	0.371691	-1.951447	-0.192661	0.000000	0.000204	0.000000	0.000000	0.000000	-1.433563	0.000000	0.000000	0.000000	0.000000
1761685843.752818823	-0.000000	-0.001131	0.005507	-0.194773	0.000000	0.000000	0.000000	0.006182	-0.012942	0.153142	-0.000000	-0.000000	0.027112	0.372068	-1.952880	-0.177010	0.000000	0.000204	0.000000	0.000000	0.000000	-1.433563	0.000000	0.000000	0.000000	0.000000
1761685843.852972031	-0.000000	-0.001053	0.004777	-0.276860	0.000000	0.000000	0.000000	0.005576	-0.011273	0.135566	-0.000000	-0.000000	0.027112	0.372441	-1.954163	-0.162642	0.000000	0.000204	0.000000	0.000000	0.000000	-1.433563	0.000000	0.000000	0.000000	0.000000
1761685843.952801466	-0.000000	-0.000938	0.003820	-0.326451	0.000000	0.000000	0.000000	0.004761	-0.009095	0.109248	-0.000000	-0.000000	0.027112	0.372790	-1.955234	-0.150564	0.000000	0.000204	0.000000	0.000000	0.000000	-1.433563	0.000000	0.000000	0.000000	0.000000
1761685844.052797794	0.000000	-0.000790	0.002769	-0.345932	0.000000	0.000000	0.000000	0.003821	-0.006646	0.077430	-0.000000	-0.000000	0.027112	0.373096	-1.956055	-0.141461	-0.000000	0.000204	0.000000	0.000000	0.000000	-1.433563	0.000000	0.000000	0.000000	0.000000
1761685844.153008699	0.000000	-0.000617	0.001732	-0.338991	0.000000	0.000000	-0.000000	0.002839	-0.004135	0.043161	-0.000000	-0.000000	0.027112	0.373347	-1.956613	-0.135703	-0.000000	0.000204	0.000000	0.000000	0.000000	-1.433563	0.000000	0.000000	0.000000	0.000000
1761685844.252856970	0.000000	-0.000430	0.000786	-0.309712	0.000000	0.000000	-0.000000	0.002043	-0.002133	0.014796	-0.000000	-0.000000	0.027112	0.373509	-1.956881	-0.133528	-0.000000	0.000204	0.000000	0.000000	0.000000	-1.433563	0.000000	0.000000	0.000000	0.000000
1761685844.352714062	0.000000	-0.000244	-0.000022	-0.261078	0.000000	0.000000	-0.000000	0.001161	0.000054	-0.017151	-0.000000	-0.000000	0.027112	0.373648	-1.956983	-0.133945	-0.000000	0.000204	0.000000	0.000000	0.000000	-1.433563	0.000000	0.000000	0.000000	0.000000
1761685844.452822208	0.000000	-0.000102	-0.000587	-0.205532	0.000000	0.000000	-0.000000	0.000410	0.001886	-0.044880	0.000000	-0.000000	0.027112	0.373734	-1.956877	-0.137332	-0.000000	0.000204	0.000000	0.000000	0.000000	-1.433563	0.000000	0.000000	0.000000	0.000000
1761685844.553067923	-0.000000	0.000039	-0.001119	-0.127937	0.000000	0.000000	0.000000	-0.000156	0.003241	-0.066359	0.000000	-0.000000	0.027112	0.373778	-1.956610	-0.143111	-0.000000	0.000204	0.000000	0.000000	0.000000	-1.433563	0.000000	0.000000	0.000000	0.000000
1761685844.653536797	-0.000000	0.000136	-0.001468	-0.046091	0.000000	0.000000	0.000000	-0.000513	0.004065	-0.080446	0.000000	-0.000000	0.027112	0.373796	-1.956233	-0.150623	-0.000000	0.000204	0.000000	0.000000	0.000000	-1.433563	0.000000	0.000000	0.000000	0.000000
1761685844.752797842	-0.000000	0.000180	-0.001604	0.030908	0.000000	0.000000	0.000000	-0.000646	0.004326	-0.086419	0.000000	-0.000000	0.027112	0.373801	-1.955803	-0.159073	-0.000000	0.000204	0.000000	0.000000	0.000000	-1.433563	0.000000	0.000000	0.000000	0.000000
1761685844.852828026	-0.000000	0.000168	-0.001536	0.096455	-0.000000	-0.000000	0.000000	-0.000569	0.004065	-0.084612	0.000000	0.000000	0.027112	0.373809	-1.955378	-0.167663	-0.000000	0.000204	0.000000	0.000000	0.000000	-1.433563	0.000000	0.000000	0.000000	0.000000
1761685844.952996969	-0.000000	0.000111	-0.001296	0.146459	-0.000000	-0.000000	0.000000	-0.000316	0.003367	-0.076059	0.000000	0.000000	0.027112	0.373829	-1.955007	-0.175670	-0.000000	0.000204	0.000000	0.000000	0.000000	-1.433563	0.000000	0.000000	0.000000	0.000000
1761685845.052993059	-0.000000	0.000021	-0.000930	0.179133	-0.000000	-0.000000	0.000000	0.000068	0.002348	-0.062246	0.000000	0.000000	0.027112	0.373869	-1.954730	-0.182505	-0.000000	0.000204	0.000000	0.000000	0.000000	-1.433563	0.000000	0.000000	0.000000	0.000000
1761685845.152951956	-0.000000	-0.000086	-0.000489	0.194474	-0.000000	-0.000000	0.000000	0.000534	0.001129	-0.044877	0.000000	0.000000	0.027112	0.373932	-1.954574	-0.187739	0.000000	0.000204	0.000000	0.000000	0.000000	-1.433563	0.000000	0.000000	0.000000	0.000000
1761685845.252889395	-0.000000	-0.000199	-0.000021	0.193697	-0.000000	-0.000000	0.000000	0.001034	-0.000169	-0.025686	0.000000	0.000000	0.027112	0.374020	-1.954553	-0.191118	0.000000	0.000204	0.000000	0.000000	0.000000	-1.433563	0.000000	0.000000	0.000000	0.000000
1761685845.352845669	-0.000000	-0.000306	0.000443	0.178781	-0.000000	-0.000000	0.000000	0.001525	-0.001436	-0.006303	0.000000	0.000000	0.027112	0.374132	-1.954668	-0.192556	0.000000	0.000204	0.000000	0.000000	0.000000	-1.433563	0.000000	0.000000	0.000000	0.000000
1761685845.452743530	-0.000000	-0.000400	0.000881	0.151870	-0.000000	-0.000000	0.000000	0.001895	-0.002391	0.008844	0.000000	0.000000	0.027112	0.374243	-1.954861	-0.192315	0.000000	0.000204	0.000000	0.000000	0.000000	-1.433563	0.000000	0.000000	0.000000	0.000000
1761685845.552799940	-0.000000	-0.000474	0.001257	0.114248	-0.000000	-0.000000	0.000000	0.002275	-0.003366	0.024928	-0.000000	0.000000	0.027112	0.374395	-1.955194	-0.190463	0.000000	0.000204	0.000000	0.000000	0.000000	-1.433563	0.000000	0.000000	0.000000	0.000000
1761685845.652870417	-0.000000	-0.000527	0.001540	0.069960	-0.000000	-0.000000	0.000000	0.002555	-0.004082	0.037607	-0.000000	0.000000	0.027112	0.374564	-1.955615	-0.187188	0.000000	0.000204	0.000000	0.000000	0.000000	-1.433563	0.000000	0.000000	0.000000	0.000000
1761685845.752741575	-0.000000	-0.000556	0.001706	0.023757	-0.000000	-0.000000	0.000000	0.002719	-0.004494	0.046079	-0.000000	0.000000	0.027112	0.374746	-1.956092	-0.182884	0.000000	0.000204	0.000000	0.000000	0.000000	-1.433563	0.000000	0.000000	0.000000	0.000000
1761685845.852844954	-0.000000	-0.000562	0.001745	-0.019976	-0.000000	-0.000000	0.000000	0.002760	-0.004591	0.049995	-0.000000	0.000000	0.027112	0.374935	-1.956593	-0.177997	0.000000	0.000204	0.000000	0.000000	0.000000	-1.433563	0.000000	0.000000	0.000000	0.000000
1761685845.952777147	-0.000000	-0.000547	0.001666	-0.057704	0.000000	0.000000	0.000000	0.002684	-0.004389	0.049455	-0.000000	-0.000000	0.027112	0.375125	-1.957084	-0.172980	0.000000	0.000204	0.000000	0.000000	0.000000	-1.433563	0.000000	0.000000	0.000000	0.000000
1761685846.052892208	-0.000000	-0.000513	0.001484	-0.086966	0.000000	0.000000	0.000000	0.002507	-0.003933	0.044942	-0.000000	-0.000000	0.027112	0.375310	-1.957537	-0.168256	-0.000000	0.000204	0.000000	0.000000	0.000000	-1.433563	0.000000	0.000000	0.000000	0.000000
1761685846.152837276	-0.000000	-0.000464	0.001229	-0.106399	0.000000	0.000000	0.000000	0.002250	-0.003282	0.037221	-0.000000	-0.000000	0.027112	0.375484	-1.957928	-0.164180	0.000000	0.000204	0.000000	0.000000	0.000000	-1.433563	0.000000	0.000000	0.000000	0.000000
1761685846.252821922	-0.000000	-0.000403	0.000929	-0.115618	0.000000	0.000000	0.000000	0.001939	-0.002505	0.027229	-0.000000	-0.000000	0.027112	0.375643	-1.958242	-0.161019	-0.000000	0.000204	0.000000	0.000000	0.000000	-1.433563	0.000000	0.000000	0.000000	0.000000
1761685846.353020430	-0.000000	-0.000346	0.000665	-0.115489	0.000000	0.000000	0.000000	0.001599	-0.001669	0.015821	-0.000000	-0.000000	0.027112	0.375783	-1.958469	-0.158955	0.000000	0.000204	0.000000	0.000000	0.000000	-1.433563	0.000000	0.000000	0.000000	0.000000
1761685846.452857733	-0.000000	-0.000277	0.000357	-0.107380	0.000000	0.000000	0.000000	0.001261	-0.000848	0.004270	-0.000000	-0.000000	0.027112	0.375902	-1.958609	-0.158047	-0.000000	0.000204	0.000000	0.000000	0.000000	-1.433563	0.000000	0.000000	0.000000	0.000000
1761685846.553108215	-0.000000	-0.000210	0.000079	-0.091712	0.000000	0.000000	0.000000	0.000949	-0.000100	-0.006603	0.000000	-0.000000	0.027112	0.376002	-1.958666	-0.158260	-0.000000	0.000204	0.000000	0.000000	0.000000	-1.433563	0.000000	0.000000	0.000000	0.000000
1761685846.652910233	-0.000000	-0.000151	-0.000154	-0.069664	0.000000	0.000000	0.000000	0.000681	0.000526	-0.016036	0.000000	-0.000000	0.027112	0.376085	-1.958651	-0.159481	-0.000000	0.000204	0.000000	0.000000	0.000000	-1.433563	0.000000	0.000000	0.000000	0.000000
1761685846.752950668	-0.000000	-0.000103	-0.000334	-0.043568	-0.000000	0.000000	0.000000	0.000475	0.000994	-0.023370	0.000000	-0.000000	0.027112	0.376152	-1.958580	-0.161528	-0.000000	0.000204	0.000000	0.000000	0.000000	-1.433563	0.000000	0.000000	0.000000	0.000000
1761685846.852934599	-0.000000	-0.000071	-0.000450	-0.016105	-0.000000	0.000000	0.000000	0.000340	0.001277	-0.028161	0.000000	-0.000000	0.027112	0.376210	-1.958471	-0.164162	-0.000000	0.000204	0.000000	0.000000	0.000000	-1.433563	0.000000	0.000000	0.000000	0.000000
1761685846.952947378	-0.000000	-0.000055	-0.000496	0.010197	-0.000000	0.000000	0.000000	0.000281	0.001372	-0.030230	0.000000	-0.000000	0.027111	0.376262	-1.958343	-0.167118	-0.000000	0.000204	0.000000	0.000000	0.000000	-1.433563	0.000000	0.000000	0.000000	0.000000
1761685847.052891493	-0.000000	-0.000055	-0.000476	0.033215	-0.000000	-0.000000	0.000000	0.000292	0.001289	-0.029648	0.000000	0.000000	0.027111	0.376312	-1.958216	-0.170126	-0.000000	0.000204	0.000000	0.000000	0.000000	-1.433563	0.000000	0.000000	0.000000	0.000000
1761685847.152934551	-0.000000	-0.000069	-0.000398	0.051381	0.000000	-0.000000	0.000000	0.000365	0.001053	-0.026710	0.000000	0.000000	0.027111	0.376365	-1.958107	-0.172935	-0.000000	0.000204	0.000000	0.000000	0.000000	-1.433563	0.000000	0.000000	0.000000	0.000000
1761685847.252869129	-0.000000	-0.000095	-0.000276	0.063735	-0.000000	-0.000000	0.000000	0.000486	0.000700	-0.021875	0.000000	0.000000	0.027111	0.376422	-1.958031	-0.175337	-0.000000	0.000204	0.000000	0.000000	0.000000	-1.433563	0.000000	0.000000	0.000000	0.000000
1761685847.352789402	-0.000000	-0.000127	-0.000125	0.069901	0.000000	-0.000000	0.000000	0.000613	0.000345	-0.016770	0.000000	0.000000	0.027111	0.376475	-1.957999	-0.176911	-0.000000	0.000204	0.000000	0.000000	0.000000	-1.433563	0.000000	0.000000	0.000000	0.000000
1761685847.452837467	-0.000000	-0.000163	0.000039	0.070019	0.000000	-0.000000	0.000000	0.000780	-0.000112	-0.009985	0.000000	0.000000	0.027111	0.376546	-1.958003	-0.178199	-0.000000	0.000204	0.000000	0.000000	0.000000	-1.433563	0.000000	0.000000	0.000000	0.000000
1761685847.552790642	-0.000000	-0.000199	0.000204	0.064652	0.000000	-0.000000	0.000000	0.000947	-0.000568	-0.002987	0.000000	0.000000	0.027111	0.376626	-1.958056	-0.178790	-0.000000	0.000204	0.000000	0.000000	0.000000	-1.433563	0.000000	0.000000	0.000000	0.000000
1761685847.652965069	-0.000000	-0.000231	0.000357	0.054644	0.000000	-0.000000	0.000000	0.001102	-0.000985	0.003657	0.000000	0.000000	0.027111	0.376714	-1.958155	-0.178695	-0.000000	0.000204	0.000000	0.000000	0.000000	-1.433563	0.000000	0.000000	0.000000	0.000000
1761685847.753489494	-0.000000	-0.000257	0.000485	1.369542	-0.000000	-0.000000	0.000000	0.001231	-0.001332	0.009455	0.000000	0.000000	0.027111	0.376809	-1.958294	-0.177980	0.000000	0.000204	0.000000	0.000000	0.000000	0.000000	0.000000	0.000000	0.000000	0.000000
1761685847.852820158	-0.000000	-0.000689	0.002892	1.181968	-0.000000	-0.000000	0.000000	0.003631	-0.007344	0.102579	0.000000	0.000000	0.027111	0.376962	-1.958716	-0.173063	0.000000	0.000204	0.000000	0.000000	0.000000	0.000000	0.000000	0.000000	0.000000	0.000000
1761685847.952767849	-0.000000	-0.001082	0.006580	0.792551	-0.000000	-0.000000	0.000000	0.006814	-0.015238	0.227029	0.000000	0.000000	0.027111	0.377312	-1.960001	-0.155337	0.000000	0.000204	0.000000	0.000000	0.000000	0.000000	0.000000	0.000000	0.000000	0.000000
1761685848.052751064	-0.000000	-0.001245	0.009505	0.345761	-0.000000	-0.000000	0.000000	0.009126	-0.020719	0.319264	-0.000000	0.000000	0.027111	0.377867	-1.961975	-0.126821	0.000000	0.000204	0.000000	0.000000	0.000000	0.000000	0.000000	0.000000	0.000000	0.000000
1761685848.152788162	-0.000000	-0.001307	0.010893	-0.063376	-0.000000	-0.000000	0.000000	0.010330	-0.023105	0.368733	-0.000000	0.000000	0.027111	0.378612	-1.964316	-0.091513	0.000000	0.000204	0.000000	0.000000	0.000000	0.000000	0.000000	0.000000	0.000000	0.000000
1761685848.252729654	-0.000000	-0.001348	0.010616	-0.378204	-0.000000	-0.000000	0.000000	0.010468	-0.022559	0.376034	-0.000000	0.000000	0.027111	0.379493	-1.966696	-0.053759	0.000000	0.000204	0.000000	0.000000	0.000000	0.000000	0.000000	0.000000	0.000000	0.000000
1761685848.353000879	0.000000	-0.001359	0.009190	-0.540269	0.000000	0.000000	-0.000000	0.009595	-0.019397	0.343460	-0.000000	-0.000000	0.027111	0.380418	-1.968815	-0.017837	0.000000	0.000204	0.000000	0.000000	0.000000	0.000000	0.000000	0.000000	0.000000	0.000000
1761685848.452745676	0.000000	-0.001322	0.007022	-0.663516	0.000000	0.000000	-0.000000	0.008483	-0.015872	0.301139	-0.000000	-0.000000	0.027111	0.381157	-1.970264	0.008758	0.000000	0.000204	0.000000	0.000000	0.000000	0.000000	0.000000	0.000000	0.000000	0.000000
1761685848.552856922	0.000000	-0.001197	0.004667	-0.719447	0.000000	0.000000	-0.000000	0.006851	-0.011067	0.238896	-0.000000	-0.000000	0.027110	0.381941	-1.971560	0.035378	0.000000	0.000204	0.000000	0.000000	0.000000	0.000000	0.000000	0.000000	0.000000	0.000000
1761685848.652792931	0.000000	-0.000970	0.002396	-0.721415	0.000000	0.000000	-0.000000	0.005002	-0.005978	0.168815	-0.000000	-0.000000	0.027110	0.382555	-1.972344	0.055242	0.000000	0.000204	0.000000	0.000000	0.000000	0.000000	0.000000	0.000000	0.000000	0.000000
1761685848.752783537	0.000000	-0.000652	0.000397	-0.682819	0.000000	0.000000	-0.000000	0.003087	-0.000985	0.096739	-0.000000	-0.000000	0.027110	0.382961	-1.972624	0.067921	0.000000	0.000204	0.000000	0.000000	0.000000	0.000000	0.000000	0.000000	0.000000	0.000000
1761685848.852800131	0.000000	-0.000271	-0.001351	-0.612752	0.000000	0.000000	-0.000000	0.001227	0.003639	0.027171	-0.000000	-0.000000	0.027110	0.383147	-1.972434	0.073494	0.000000	0.000204	0.000000	0.000000	0.000000	0.000000	0.000000	0.000000	0.000000	0.000000
1761685848.952775240	0.000000	0.000136	-0.002987	-0.511953	0.000000	0.000000	-0.000000	-0.000477	0.007697	-0.036440	-0.000000	-0.000000	0.027110	0.383123	-1.971826	0.072423	-0.000000	0.000204	0.000000	0.000000	0.000000	0.000000	0.000000	0.000000	0.000000	0.000000
1761685849.052753925	0.000000	0.000541	-0.004391	-0.368511	0.000000	0.000000	-0.000000	-0.001936	0.011001	-0.090995	-0.000000	-0.000000	0.027110	0.382921	-1.970867	0.065484	-0.000000	0.000204	0.000000	0.000000	0.000000	0.000000	0.000000	0.000000	0.000000	0.000000
1761685849.152811527	0.000000	0.000883	-0.005412	-0.201384	0.000000	0.000000	-0.000000	-0.003036	0.013319	-0.132628	-0.000000	-0.000000	0.027110	0.382585	-1.969637	0.053797	0.000000	0.000204	0.000000	0.000000	0.000000	0.000000	0.000000	0.000000	0.000000	0.000000
1761685849.252918482	0.000000	0.001099	-0.005935	-0.034450	0.000000	0.000000	-0.000000	-0.003692	0.014490	-0.158337	-0.000000	-0.000000	0.027110	0.382173	-1.968241	0.038849	0.000000	0.000204	0.000000	0.000000	0.000000	0.000000	0.000000	0.000000	0.000000	0.000000
1761685849.352847576	-0.000000	0.001132	-0.005877	0.082896	0.000000	0.000000	0.000000	-0.003806	0.014318	-0.164564	-0.000000	-0.000000	0.027110	0.381750	-1.966807	0.022536	-0.000000	0.000204	0.000000	0.000000	0.000000	0.000000	0.000000	0.000000	0.000000	0.000000
1761685849.452812910	-0.000000	0.001066	-0.005479	0.201146	0.000000	-0.000000	0.000000	-0.003623	0.013514	-0.159612	-0.000000	0.000000	0.027110	0.381423	-1.965655	0.009005	-0.000000	0.000204	0.000000	0.000000	0.000000	0.000000	0.000000	0.000000	0.000000	0.000000
1761685849.552977324	-0.000000	0.000880	-0.004709	0.282334	0.000000	-0.000000	0.000000	-0.003081	0.011790	-0.141468	-0.000000	0.000000	0.027111	0.381088	-1.964400	-0.005980	-0.000000	0.000204	0.000000	0.000000	0.000000	0.000000	0.000000	0.000000	0.000000	0.000000
1761685849.652783871	-0.000000	0.000637	-0.003750	0.330251	0.000000	-0.000000	0.000000	-0.002316	0.009568	-0.114588	-0.000000	0.000000	0.027111	0.380836	-1.963344	-0.018615	-0.000000	0.000204	0.000000	0.000000	0.000000	0.000000	0.000000	0.000000	0.000000	0.000000
1761685849.752971888	-0.000000	0.000381	-0.002735	0.350042	0.000000	-0.000000	0.000000	-0.001439	0.007126	-0.083160	-0.000000	0.000000	0.027111	0.380674	-1.962523	-0.028294	-0.000000	0.000204	0.000000	0.000000	0.000000	0.000000	0.000000	0.000000	0.000000	0.000000
1761685849.853159428	-0.000000	0.000135	-0.001724	0.342928	0.000000	-0.000000	0.000000	-0.000505	0.004592	-0.048815	-0.000000	0.000000	0.027111	0.380602	-1.961956	-0.034629	-0.000000	0.000204	0.000000	0.000000	0.000000	0.000000	0.000000	0.000000	0.000000	0.000000
1761685849.953025103	-0.000000	-0.000082	-0.000787	0.313004	0.000000	-0.000000	0.000000	0.000414	0.002144	-0.014285	-0.000000	0.000000	0.027111	0.380617	-1.961641	-0.037488	-0.000000	0.000204	0.000000	0.000000	0.000000	0.000000	0.000000	0.000000	0.000000	0.000000
1761685850.053106785	-0.000000	-0.000264	0.000026	0.263261	-0.000000	-0.000000	0.000000	0.001256	-0.000065	0.018012	0.000000	0.000000	0.027111	0.380712	-1.961563	-0.036999	0.000000	0.000204	0.000000	0.000000	0.000000	0.000000	0.000000	0.000000	0.000000	0.000000
1761685850.152765989	-0.000000	-0.000407	0.000711	0.193638	0.000000	-0.000000	0.000000	0.001969	-0.001911	0.045997	0.000000	0.000000	0.027111	0.380876	-1.961687	-0.033510	-0.000000	0.000204	0.000000	0.000000	0.000000	0.000000	0.000000	0.000000	0.000000	0.000000
1761685850.252925396	-0.000000	-0.000507	0.001238	0.112305	-0.000000	-0.000000	0.000000	0.002506	-0.003276	0.067681	0.000000	0.000000	0.027111	0.381098	-1.961970	-0.027568	-0.000000	0.000204	0.000000	0.000000	0.000000	0.000000	0.000000	0.000000	0.000000	0.000000
1761685850.353209496	-0.000000	-0.000551	0.001479	0.045788	-0.000000	-0.000000	0.000000	0.002794	-0.003984	0.080267	0.000000	0.000000	0.027110	0.381358	-1.962350	-0.020010	0.000000	0.000204	0.000000	0.000000	0.000000	0.000000	0.000000	0.000000	0.000000	0.000000
1761685850.453027725	-0.000000	-0.000574	0.001602	-0.030722	-0.000000	-0.000000	0.000000	0.002900	-0.004215	0.085955	0.000000	0.000000	0.027110	0.381638	-1.962769	-0.011605	0.000000	0.000204	0.000000	0.000000	0.000000	0.000000	0.000000	0.000000	0.000000	0.000000
1761685850.553076744	-0.000000	-0.000563	0.001529	-0.096790	0.000000	0.000000	0.000000	0.002810	-0.003945	0.084158	-0.000000	-0.000000	0.027110	0.381921	-1.963180	-0.003061	0.000000	0.000204	0.000000	0.000000	0.000000	0.000000	0.000000	0.000000	0.000000	0.000000
1761685850.653086901	-0.000000	-0.000521	0.001278	-0.147343	0.000000	0.000000	0.000000	0.002543	-0.003238	0.075580	-0.000000	-0.000000	0.027110	0.382188	-1.963536	0.004900	0.000000	0.000204	0.000000	0.000000	0.000000	0.000000	0.000000	0.000000	0.000000	0.000000
1761685850.753021002	0.000000	-0.000451	0.000896	-0.180400	0.000000	0.000000	-0.000000	0.002140	-0.002207	0.061688	-0.000000	-0.000000	0.027110	0.382422	-1.963800	0.011683	0.000000	0.000204	0.000000	0.000000	0.000000	0.000000	0.000000	0.000000	0.000000	0.000000
1761685850.852946758	0.000000	-0.000360	0.000442	-0.195850	0.000000	0.000000	-0.000000	0.001648	-0.000977	0.044199	-0.000000	-0.000000	0.027110	0.382610	-1.963948	0.016854	0.000000	0.000204	0.000000	0.000000	0.000000	0.000000	0.000000	0.000000	0.000000	0.000000
1761685850.953016281	0.000000	-0.000254	-0.000035	-0.194856	0.000000	0.000000	-0.000000	0.001113	0.000329	0.024872	-0.000000	-0.000000	0.027110	0.382744	-1.963967	0.020158	-0.000000	0.000204	0.000000	0.000000	0.000000	0.000000	0.000000	0.000000	0.000000	0.000000
1761685851.052989721	0.000000	-0.000141	-0.000505	-0.179398	0.000000	0.000000	-0.000000	0.000579	0.001601	0.005369	-0.000000	-0.000000	0.027110	0.382822	-1.963858	0.021506	-0.000000	0.000204	0.000000	0.000000	0.000000	0.000000	0.000000	0.000000	0.000000	0.000000
1761685851.152964830	0.000000	-0.000032	-0.000941	-0.151597	0.000000	0.000000	-0.000000	0.000088	0.002741	-0.012828	0.000000	-0.000000	0.027110	0.382846	-1.963630	0.020971	-0.000000	0.000204	0.000000	0.000000	0.000000	0.000000	0.000000	0.000000	0.000000	0.000000
1761685851.253401041	0.000000	0.000066	-0.001309	-0.112862	-0.000000	0.000000	-0.000000	-0.000329	0.003670	-0.028451	0.000000	-0.000000	0.027110	0.382823	-1.963300	0.018758	0.000000	0.000204	0.000000	0.000000	0.000000	0.000000	0.000000	0.000000	0.000000	0.000000
1761685851.352728844	0.000000	0.000145	-0.001578	-0.067487	-0.000000	0.000000	-0.000000	-0.000592	0.004221	-0.038502	0.000000	-0.000000	0.027110	0.382776	-1.962966	0.015863	0.000000	0.000204	0.000000	0.000000	0.000000	0.000000	0.000000	0.000000	0.000000	0.000000
1761685851.452791691	-0.000000	0.000196	-0.001730	-0.020404	-0.000000	0.000000	0.000000	-0.000802	0.004611	-0.046763	0.000000	-0.000000	0.027110	0.382697	-1.962519	0.011480	0.000000	0.000204	0.000000	0.000000	0.000000	0.000000	0.000000	0.000000	0.000000	0.000000
1761685851.552863836	-0.000000	0.000211	-0.001735	0.022121	-0.000000	0.000000	0.000000	-0.000864	0.004627	-0.049588	-0.000000	-0.000000	0.027110	0.382608	-1.962055	0.006606	0.000000	0.000204	0.000000	0.000000	0.000000	0.000000	0.000000	0.000000	0.000000	0.000000
1761685851.652783155	-0.000000	0.000197	-0.001630	0.058023	-0.000000	-0.000000	0.000000	-0.000810	0.004358	-0.048085	-0.000000	0.000000	0.027110	0.382522	-1.961607	0.001706	0.000000	0.000204	0.000000	0.000000	0.000000	0.000000	0.000000	0.000000	0.000000	0.000000
1761685851.752791643	-0.000000	0.000159	-0.001436	0.085250	-0.000000	-0.000000	0.000000	-0.000659	0.003857	-0.042881	-0.000000	0.000000	0.027110	0.382450	-1.961198	-0.002824	0.000000	0.000204	0.000000	0.000000	0.000000	0.000000	0.000000	0.000000	0.000000	0.000000
1761685851.852799177	-0.000000	0.000105	-0.001179	0.102773	-0.000000	-0.000000	0.000000	-0.000435	0.003187	-0.034810	-0.000000	0.000000	0.027110	0.382398	-1.960850	-0.006660	0.000000	0.000204	0.000000	0.000000	0.000000	0.000000	0.000000	0.000000	0.000000	0.000000
1761685851.953222513	-0.000000	0.000042	-0.000888	0.110466	-0.000000	-0.000000	0.000000	-0.000166	0.002418	-0.024824	-0.000000	0.000000	0.027110	0.382372	-1.960576	-0.009571	0.000000	0.000204	0.000000	0.000000	0.000000	0.000000	0.000000	0.000000	0.000000	0.000000
1761685852.052836895	-0.000000	-0.000022	-0.000590	0.109190	0.000000	-0.000000	0.000000	0.000121	0.001619	-0.014034	-0.000000	0.000000	0.027110	0.382374	-1.960380	-0.011432	0.000000	0.000204	0.000000	0.000000	0.000000	0.000000	0.000000	0.000000	0.000000	0.000000
1761685852.152802944	-0.000000	-0.000084	-0.000303	0.099542	0.000000	-0.000000	0.000000	0.000406	0.000838	-0.003073	-0.000000	0.000000	0.027110	0.382405	-1.960265	-0.012195	0.000000	0.000204	0.000000	0.000000	0.000000	0.000000	0.000000	0.000000	0.000000	0.000000
1761685852.253319025	-0.000000	-0.000130	-0.000092	0.086368	0.000000	-0.000000	0.000000	0.000663	0.000146	0.007042	-0.000000	0.000000	0.027110	0.382461	-1.960223	-0.011906	-0.000000	0.000204	0.000000	0.000000	0.000000	0.000000	0.000000	0.000000	0.000000	0.000000
1761685852.352809429	-0.000000	-0.000177	0.000127	0.064947	0.000000	-0.000000	0.000000	0.000882	-0.000443	0.015899	-0.000000	0.000000	0.027110	0.382540	-1.960244	-0.010676	-0.000000	0.000204	0.000000	0.000000	0.000000	0.000000	0.000000	0.000000	0.000000	0.000000
1761685852.452774048	-0.000000	-0.000212	0.000296	0.039655	0.000000	-0.000000	0.000000	0.001020	-0.000812	0.021668	-0.000000	0.000000	0.027110	0.382620	-1.960301	-0.009050	-0.000000	0.000204	0.000000	0.000000	0.000000	0.000000	0.000000	0.000000	0.000000	0.000000
1761685852.552893639	-0.000000	-0.000233	0.000403	0.013185	0.000000	-0.000000	0.000000	0.001127	-0.001102	0.026476	-0.000000	0.000000	0.027110	0.382728	-1.960402	-0.006575	-0.000000	0.000204	0.000000	0.000000	0.000000	0.000000	0.000000	0.000000	0.000000	0.000000
1761685852.652901888	-0.000000	-0.000238	0.000432	-0.011074	0.000000	-0.000000	0.000000	0.001152	-0.001178	0.028236	-0.000000	0.000000	0.027110	0.382842	-1.960519	-0.003806	-0.000000	0.000204	0.000000	0.000000	0.000000	0.000000	0.000000	0.000000	0.000000	0.000000
1761685852.752905607	-0.000000	-0.000230	0.000400	-0.031887	0.000000	0.000000	0.000000	0.001111	-0.001091	0.027533	-0.000000	-0.000000	0.027110	0.382955	-1.960633	-0.001007	-0.000000	0.000204	0.000000	0.000000	0.000000	0.000000	0.000000	0.000000	0.000000	0.000000
1761685852.852850914	-0.000000	-0.000211	0.000317	-0.047971	0.000000	0.000000	0.000000	0.001016	-0.000867	0.024691	-0.000000	-0.000000	0.027110	0.383061	-1.960730	0.001595	-0.000000	0.000204	0.000000	0.000000	0.000000	0.000000	0.000000	0.000000	0.000000	0.000000
1761685852.953217983	-0.000000	-0.000184	0.000203	1.749122	0.000000	0.000000	0.000000	0.000885	-0.000556	0.020430	-0.000000	-0.000000	0.027110	0.383156	-1.960799	0.003834	-0.000000	0.000204	0.000000	0.000000	0.000000	1.951134	0.000000	0.000000	0.000000	0.000000
1761685853.053242445	-0.000000	-0.000806	0.004060	1.422927	-0.000000	-0.000000	0.000000	0.004655	-0.009957	0.165391	0.000000	0.000000	0.027110	0.383436	-1.961320	0.013085	-0.000000	0.000204	0.000000	0.000000	0.000000	1.951134	0.000000	0.000000	0.000000	0.000000
1761685853.152801991	-0.000000	-0.001156	0.008698	0.881805	0.000000	-0.000000	0.000000	0.008465	-0.019223	0.313120	-0.000000	0.000000	0.027110	0.384170	-1.962855	0.038468	-0.000000	0.000204	0.000000	0.000000	0.000000	1.951134	0.000000	0.000000	0.000000	0.000000
1761685853.252918243	-0.000000	-0.001259	0.011888	0.318541	0.000000	-0.000000	0.000000	0.010960	-0.024755	0.410319	-0.000000	0.000000	0.027110	0.385299	-1.965066	0.075825	-0.000000	0.000204	0.000000	0.000000	0.000000	1.951134	0.000000	0.000000	0.000000	0.000000
1761685853.352853298	-0.000000	-0.001307	0.013189	-0.107983	0.000000	-0.000000	0.000000	0.012295	-0.026971	0.460949	-0.000000	0.000000	0.027109	0.386741	-1.967586	0.120436	-0.000000	0.000204	0.000000	0.000000	0.000000	1.951134	0.000000	0.000000	0.000000	0.000000
1761685853.452965260	-0.000000	-0.001399	0.012615	-0.476619	0.000000	-0.000000	-0.000000	0.012274	-0.025445	0.457259	-0.000000	-0.000000	0.027109	0.388067	-1.969625	0.158991	-0.000000	0.000204	0.000000	0.000000	0.000000	1.951134	0.000000	0.000000	0.000000	0.000000
1761685853.552768469	0.000000	-0.001496	0.010559	-0.706648	0.000000	0.000000	-0.000000	0.011488	-0.022214	0.423685	-0.000000	-0.000000	0.027109	0.389670	-1.971767	0.203243	-0.000000	0.000204	0.000000	0.000000	0.000000	1.951134	0.000000	0.000000	0.000000	0.000000
1761685853.652873516	0.000000	-0.001521	0.007719	-0.819613	0.000000	0.000000	-0.000000	0.009960	-0.017012	0.360688	0.000000	-0.000000	0.027108	0.391134	-1.973416	0.242192	-0.000000	0.000204	0.000000	0.000000	0.000000	1.951134	0.000000	0.000000	0.000000	0.000000
1761685853.752737045	0.000000	-0.001409	0.004720	-0.810877	0.000000	0.000000	-0.000000	0.007953	-0.011005	0.280609	0.000000	-0.000000	0.027108	0.392329	-1.974501	0.273668	0.000000	0.000204	0.000000	0.000000	0.000000	1.951134	0.000000	0.000000	0.000000	0.000000
1761685853.852899075	0.000000	-0.001172	0.002134	-0.832022	-0.000000	0.000000	-0.000000	0.005876	-0.005217	0.199376	0.000000	-0.000000	0.027108	0.393188	-1.975041	0.296984	0.000000	0.000204	0.000000	0.000000	0.000000	1.951134	0.000000	0.000000	0.000000	0.000000
1761685853.952796221	0.000000	-0.000812	-0.000090	-0.778575	-0.000000	0.000000	-0.000000	0.003716	0.000415	0.116526	0.000000	-0.000000	0.027108	0.393686	-1.975086	0.312104	0.000000	0.000204	0.000000	0.000000	0.000000	1.951134	0.000000	0.000000	0.000000	0.000000
1761685854.053057432	0.000000	-0.000373	-0.002102	-0.697592	-0.000000	0.000000	-0.000000	0.001632	0.005556	0.037778	-0.000000	-0.000000	0.027108	0.393815	-1.974681	0.319125	0.000000	0.000204	0.000000	0.000000	0.000000	1.951134	0.000000	0.000000	0.000000	0.000000
1761685854.152962208	0.000000	0.000100	-0.003973	-0.590633	-0.000000	0.000000	-0.000000	-0.000271	0.010001	-0.033331	-0.000000	-0.000000	0.027108	0.393605	-1.973886	0.318699	0.000000	0.000204	0.000000	0.000000	0.000000	1.951134	0.000000	0.000000	0.000000	0.000000
1761685854.252870083	0.000000	0.000572	-0.005569	-0.439281	-0.000000	0.000000	-0.000000	-0.001908	0.013592	-0.094177	-0.000000	-0.000000	0.027108	0.393110	-1.972769	0.311742	0.000000	0.000204	0.000000	0.000000	0.000000	1.951134	0.000000	0.000000	0.000000	0.000000
1761685854.352987051	0.000000	0.000908	-0.006539	-0.293924	-0.000000	0.000000	-0.000000	-0.003155	0.016087	-0.140627	-0.000000	-0.000000	0.027108	0.392401	-1.971407	0.299510	0.000000	0.000204	0.000000	0.000000	0.000000	1.951134	0.000000	0.000000	0.000000	0.000000
1761685854.452753305	0.000000	0.001218	-0.007292	-0.110487	-0.000000	0.000000	-0.000000	-0.003870	0.017315	-0.167544	-0.000000	-0.000000	0.027108	0.391707	-1.970146	0.286364	0.000000	0.000204	0.000000	0.000000	0.000000	1.951134	0.000000	0.000000	0.000000	0.000000
1761685854.552793264	-0.000000	0.001367	-0.007481	0.060057	-0.000000	0.000000	0.000000	-0.004308	0.017736	-0.184707	-0.000000	-0.000000	0.027109	0.390821	-1.968557	0.268405	0.000000	0.000204	0.000000	0.000000	0.000000	1.951134	0.000000	0.000000	0.000000	0.000000
1761685854.652720928	-0.000000	0.001339	-0.007110	0.178987	0.000000	0.000000	0.000000	-0.004259	0.016985	-0.184386	-0.000000	0.000000	0.027109	0.389957	-1.966984	0.249763	0.000000	0.000204	0.000000	0.000000	0.000000	1.951134	0.000000	0.000000	0.000000	0.000000
1761685854.752874851	-0.000000	0.001189	-0.006432	0.285293	0.000000	-0.000000	0.000000	-0.003783	0.015246	-0.168470	-0.000000	0.000000	0.027109	0.389186	-1.965524	0.232171	0.000000	0.000204	0.000000	0.000000	0.000000	1.951134	0.000000	0.000000	0.000000	0.000000
1761685854.853181601	-0.000000	0.000933	-0.005385	0.355383	0.000000	-0.000000	0.000000	-0.003017	0.012864	-0.141712	-0.000000	0.000000	0.027109	0.388550	-1.964244	0.216811	0.000000	0.000204	0.000000	0.000000	0.000000	1.951134	0.000000	0.000000	0.000000	0.000000
1761685854.952928782	-0.000000	0.000587	-0.003979	0.390070	0.000000	-0.000000	0.000000	-0.002060	0.010084	-0.107342	-0.000000	0.000000	0.027109	0.388073	-1.963194	0.204596	-0.000000	0.000204	0.000000	0.000000	0.000000	1.951134	0.000000	0.000000	0.000000	0.000000
1761685855.052909851	-0.000000	0.000326	-0.002961	0.393623	0.000000	-0.000000	0.000000	-0.001015	0.007172	-0.068913	-0.000000	0.000000	0.027109	0.387764	-1.962400	0.196079	-0.000000	0.000204	0.000000	0.000000	0.000000	1.951134	0.000000	0.000000	0.000000	0.000000
1761685855.153073549	-0.000000	0.000013	-0.001616	0.370823	0.000000	-0.000000	0.000000	0.000037	0.004309	-0.029610	-0.000000	0.000000	0.027109	0.387619	-1.961869	0.191478	-0.000000	0.000204	0.000000	0.000000	0.000000	1.951134	0.000000	0.000000	0.000000	0.000000
1761685855.253193855	-0.000000	-0.000180	-0.000776	0.326278	0.000000	-0.000000	0.000000	0.001019	0.001691	0.007852	-0.000000	0.000000	0.027109	0.387627	-1.961586	0.190718	-0.000000	0.000204	0.000000	0.000000	0.000000	1.951134	0.000000	0.000000	0.000000	0.000000
1761685855.353176832	-0.000000	-0.000368	0.000082	0.259449	0.000000	-0.000000	0.000000	0.001881	-0.000571	0.041223	0.000000	0.000000	0.027109	0.387771	-1.961522	0.193481	-0.000000	0.000204	0.000000	0.000000	0.000000	1.951134	0.000000	0.000000	0.000000	0.000000
1761685855.452968597	-0.000000	-0.000508	0.000776	0.174236	0.000000	-0.000000	0.000000	0.002565	-0.002340	0.068281	0.000000	0.000000	0.027109	0.388027	-1.961638	0.199228	-0.000000	0.000204	0.000000	0.000000	0.000000	1.951134	0.000000	0.000000	0.000000	0.000000
1761685855.552896023	-0.000000	-0.000599	0.001269	0.081511	0.000000	-0.000000	0.000000	0.003025	-0.003505	0.087125	0.000000	0.000000	0.027109	0.388368	-1.961881	0.207215	-0.000000	0.000204	0.000000	0.000000	0.000000	1.951134	0.000000	0.000000	0.000000	0.000000
1761685855.652745485	-0.000000	-0.000643	0.001519	-0.008179	0.000000	-0.000000	0.000000	0.003212	-0.003954	0.095463	0.000000	0.000000	0.027109	0.388692	-1.962137	0.214944	-0.000000	0.000204	0.000000	0.000000	0.000000	1.951134	0.000000	0.000000	0.000000	0.000000
1761685855.752794027	-0.000000	-0.000646	0.001522	-0.086511	-0.000000	-0.000000	0.000000	0.003229	-0.003958	0.097635	0.000000	0.000000	0.027109	0.389096	-1.962459	0.224716	-0.000000	0.000204	0.000000	0.000000	0.000000	1.951134	0.000000	0.000000	0.000000	0.000000
1761685855.852797985	0.000000	-0.000605	0.001275	-0.145031	-0.000000	0.000000	-0.000000	0.002997	-0.003335	0.090290	0.000000	-0.000000	0.027109	0.389481	-1.962742	0.234106	-0.000000	0.000204	0.000000	0.000000	0.000000	1.951134	0.000000	0.000000	0.000000	0.000000
1761685855.952954769	0.000000	-0.000539	0.000905	-0.186944	-0.000000	0.000000	-0.000000	0.002630	-0.002388	0.077737	0.000000	-0.000000	0.027109	0.389820	-1.962950	0.242468	-0.000000	0.000204	0.000000	0.000000	0.000000	1.951134	0.000000	0.000000	0.000000	0.000000
1761685856.052763462	0.000000	-0.000447	0.000440	-0.209849	-0.000000	0.000000	-0.000000	0.002142	-0.001165	0.060440	0.000000	-0.000000	0.027109	0.390090	-1.963057	0.249279	-0.000000	0.000204	0.000000	0.000000	0.000000	1.951134	0.000000	0.000000	0.000000	0.000000
1761685856.152854919	0.000000	-0.000333	-0.000071	-0.213937	-0.000000	0.000000	-0.000000	0.001572	0.000223	0.039837	0.000000	-0.000000	0.027109	0.390274	-1.963047	0.254137	0.000000	0.000204	0.000000	0.000000	0.000000	1.951134	0.000000	0.000000	0.000000	0.000000
1761685856.253241539	0.000000	-0.000211	-0.000584	-0.202595	-0.000000	0.000000	-0.000000	0.000988	0.001609	0.018511	0.000000	-0.000000	0.027109	0.390367	-1.962916	0.256879	0.000000	0.000204	0.000000	0.000000	0.000000	1.951134	0.000000	0.000000	0.000000	0.000000
1761685856.352801323	0.000000	-0.000090	-0.001067	-0.178407	-0.000000	0.000000	-0.000000	0.000434	0.002887	-0.001938	0.000000	-0.000000	0.027109	0.390371	-1.962671	0.257530	0.000000	0.000204	0.000000	0.000000	0.000000	1.951134	0.000000	0.000000	0.000000	0.000000
1761685856.452825785	0.000000	0.000025	-0.001499	-0.141783	-0.000000	0.000000	-0.000000	-0.000069	0.004009	-0.020584	-0.000000	-0.000000	0.027109	0.390293	-1.962323	0.256221	0.000000	0.000204	0.000000	0.000000	0.000000	1.951134	0.000000	0.000000	0.000000	0.000000
1761685856.553397417	0.000000	0.000108	-0.001786	-0.104162	-0.000000	0.000000	-0.000000	-0.000480	0.004876	-0.035984	-0.000000	-0.000000	0.027109	0.390148	-1.961891	0.253224	0.000000	0.000204	0.000000	0.000000	0.000000	1.951134	0.000000	0.000000	0.000000	0.000000
1761685856.652971268	0.000000	0.000183	-0.002019	-0.055247	-0.000000	0.000000	-0.000000	-0.000769	0.005422	-0.047027	-0.000000	-0.000000	0.027109	0.389955	-1.961402	0.248955	0.000000	0.000204	0.000000	0.000000	0.000000	1.951134	0.000000	0.000000	0.000000	0.000000
1761685856.752892256	-0.000000	0.000228	-0.002127	-0.006065	-0.000000	0.000000	0.000000	-0.000928	0.005638	-0.053367	-0.000000	-0.000000	0.027109	0.389734	-1.960883	0.243849	0.000000	0.000204	0.000000	0.000000	0.000000	1.951134	0.000000	0.000000	0.000000	0.000000
1761685856.852962732	-0.000000	0.000239	-0.002102	0.038704	-0.000000	0.000000	0.000000	-0.000954	0.005522	-0.054793	-0.000000	-0.000000	0.027109	0.389508	-1.960363	0.238395	0.000000	0.000204	0.000000	0.000000	0.000000	1.951134	0.000000	0.000000	0.000000	0.000000
1761685856.952979565	-0.000000	0.000219	-0.001957	0.075756	0.000000	-0.000000	0.000000	-0.000857	0.005111	-0.051669	-0.000000	0.000000	0.027109	0.389297	-1.959868	0.233067	0.000000	0.000204	0.000000	0.000000	0.000000	1.951134	0.000000	0.000000	0.000000	0.000000
1761685857.053041697	-0.000000	0.000173	-0.001717	0.103002	0.000000	-0.000000	0.000000	-0.000661	0.004464	-0.044711	-0.000000	0.000000	0.027109	0.389115	-1.959423	0.228280	0.000000	0.000204	0.000000	0.000000	0.000000	1.951134	0.000000	0.000000	0.000000	0.000000
1761685857.153062820	-0.000000	0.000109	-0.001411	0.119485	0.000000	-0.000000	0.000000	-0.000391	0.003650	-0.034865	-0.000000	0.000000	0.027109	0.388976	-1.959045	0.224364	-0.000000	0.000204	0.000000	0.000000	0.000000	1.951134	0.000000	0.000000	0.000000	0.000000
1761685857.252975225	-0.000000	0.000037	-0.001071	0.125206	0.000000	-0.000000	0.000000	-0.000078	0.002747	-0.023191	-0.000000	0.000000	0.027109	0.388886	-1.958744	0.221547	-0.000000	0.000204	0.000000	0.000000	0.000000	1.951134	0.000000	0.000000	0.000000	0.000000
1761685857.352987289	-0.000000	-0.000037	-0.000725	0.120910	0.000000	-0.000000	0.000000	0.000249	0.001827	-0.010766	-0.000000	0.000000	0.027109	0.388849	-1.958526	0.219949	-0.000000	0.000204	0.000000	0.000000	0.000000	1.951134	0.000000	0.000000	0.000000	0.000000
1761685857.453049421	-0.000000	-0.000107	-0.000399	0.107902	0.000000	-0.000000	0.000000	0.000563	0.000959	0.001397	-0.000000	0.000000	0.027109	0.388862	-1.958388	0.219585	-0.000000	0.000204	0.000000	0.000000	0.000000	1.951134	0.000000	0.000000	0.000000	0.000000
1761685857.552803278	-0.000000	-0.000167	-0.000114	0.087450	0.000000	-0.000000	0.000000	0.000797	0.000322	0.010606	-0.000000	0.000000	0.027109	0.388909	-1.958329	0.220169	-0.000000	0.000204	0.000000	0.000000	0.000000	1.951134	0.000000	0.000000	0.000000	0.000000
1761685857.652848244	-0.000000	-0.000215	0.000115	0.061336	0.000000	-0.000000	0.000000	0.001029	-0.000313	0.020033	0.000000	0.000000	0.027109	0.389002	-1.958315	0.221802	-0.000000	0.000204	0.000000	0.000000	0.000000	1.951134	0.000000	0.000000	0.000000	0.000000
1761685857.752861500	-0.000000	-0.000246	0.000269	0.033292	0.000000	-0.000000	0.000000	0.001182	-0.000733	0.026601	0.000000	0.000000	0.027109	0.389125	-1.958346	0.224207	-0.000000	0.000204	0.000000	0.000000	0.000000	1.951134	0.000000	0.000000	0.000000	0.000000
1761685857.853502274	-0.000000	-0.000264	0.000364	0.004505	0.000000	-0.000000	0.000000	0.001273	-0.000990	0.030865	0.000000	0.000000	0.027109	0.389266	-1.958406	0.227147	-0.000000	0.000204	0.000000	0.000000	0.000000	1.951134	0.000000	0.000000	0.000000	0.000000
1761685857.952838659	-0.000000	-0.000267	0.000386	-0.021978	0.000000	-0.000000	0.000000	0.001287	-0.001050	0.032275	0.000000	0.000000	0.027109	0.389415	-1.958479	0.230348	-0.000000	0.000204	0.000000	0.000000	0.000000	1.951134	0.000000	0.000000	0.000000	0.000000
1761685858.052943707	0.000000	-0.000255	0.000341	-0.044164	-0.000000	0.000000	-0.000000	0.001230	-0.000928	0.030960	0.000000	-0.000000	0.027109	0.389561	-1.958547	0.233528	-0.000000	0.000204	0.000000	0.000000	0.000000	1.951134	0.000000	0.000000	0.000000	0.000000
1761685858.153030396	0.000000	-0.000231	0.000240	-0.060712	-0.000000	0.000000	-0.000000	0.001111	-0.000654	0.027283	0.000000	-0.000000	0.027109	0.389693	-1.958596	0.236434	-0.000000	0.000204	0.000000	0.000000	0.000000	1.951134	0.000000	0.000000	0.000000	0.000000
1761685858.253423929	0.000000	-0.000198	0.000099	-0.070919	-0.000000	0.000000	-0.000000	0.000946	-0.000269	0.021764	0.000000	-0.000000	0.027109	0.389802	-1.958615	0.238859	0.000000	0.000204	0.000000	0.000000	0.000000	1.951134	0.000000	0.000000	0.000000	0.000000
1761685858.352821350	0.000000	-0.000158	-0.000064	-0.074661	-0.000000	0.000000	-0.000000	0.000751	0.000184	0.015012	0.000000	-0.000000	0.027109	0.389884	-1.958596	0.240653	0.000000	0.000204	0.000000	0.000000	0.000000	1.951134	0.000000	0.000000	0.000000	0.000000
1761685858.452897072	0.000000	-0.000114	-0.000237	-0.072301	-0.000000	0.000000	-0.000000	0.000544	0.000659	0.007671	0.000000	-0.000000	0.027109	0.389934	-1.958536	0.241730	0.000000	0.000204	0.000000	0.000000	0.000000	1.951134	0.000000	0.000000	0.000000	0.000000
1761685858.552937746	0.000000	-0.000078	-0.000377	-0.066225	-0.000000	0.000000	-0.000000	0.000341	0.001116	0.000362	0.000000	-0.000000	0.027109	0.389953	-1.958436	0.242068	0.000000	0.000204	0.000000	0.000000	0.000000	1.951134	0.000000	0.000000	0.000000	0.000000
1761685858.653345346	0.000000	-0.000038	-0.000528	-0.054796	-0.000000	0.000000	-0.000000	0.000157	0.001518	-0.006362	0.000000	-0.000000	0.027109	0.389943	-1.958299	0.241708	0.000000	0.000204	0.000000	0.000000	0.000000	1.951134	0.000000	0.000000	0.000000	0.000000
1761685858.753164053	0.000000	-0.000003	-0.000652	-0.039785	-0.000000	0.000000	-0.000000	0.000003	0.001836	-0.012032	-0.000000	-0.000000	0.027109	0.389908	-1.958131	0.240733	-0.000000	0.000204	0.000000	0.000000	0.000000	1.951134	0.000000	0.000000	0.000000	0.000000
1761685858.853135824	-0.000000	0.000023	-0.000738	-0.022782	-0.000000	0.000000	0.000000	-0.000109	0.002048	-0.016260	-0.000000	-0.000000	0.027109	0.389855	-1.957942	0.239273	0.000000	0.000204	0.000000	0.000000	0.000000	1.951134	0.000000	0.000000	0.000000	0.000000
1761685858.952824354	-0.000000	0.000040	-0.000780	-1.813677	0.000000	0.000000	0.000000	-0.000176	0.002143	-0.018822	-0.000000	-0.000000	0.027109	0.389791	-1.957740	0.237485	0.000000	0.000204	0.000000	0.000000	0.000000	0.000000	0.000000	0.000000	0.000000	0.000000
1761685859.052821636	0.000000	0.000903	-0.003894	-1.554164	-0.000000	0.000000	-0.000000	-0.004132	0.011915	-0.170341	-0.000000	-0.000000	0.027109	0.389418	-1.957105	0.228008	0.000000	0.000204	0.000000	0.000000	0.000000	0.000000	0.000000	0.000000	0.000000	0.000000
1761685859.152798653	0.000000	0.002523	-0.008602	-1.002195	-0.000000	0.000000	-0.000000	-0.008237	0.021968	-0.330083	-0.000000	-0.000000	0.027109	0.388393	-1.955495	0.201476	0.000000	0.000204	0.000000	0.000000	0.000000	0.000000	0.000000	0.000000	0.000000	0.000000
1761685859.252902508	0.000000	0.003957	-0.012149	-0.378249	-0.000000	0.000000	-0.000000	-0.010854	0.028321	-0.439502	-0.000000	-0.000000	0.027109	0.386953	-1.953121	0.161701	0.000000	0.000204	0.000000	0.000000	0.000000	0.000000	0.000000	0.000000	0.000000	0.000000
1761685859.352811098	0.000000	0.004636	-0.013603	0.164918	-0.000000	0.000000	-0.000000	-0.011670	0.030349	-0.487726	-0.000000	-0.000000	0.027110	0.385407	-1.950328	0.114505	0.000000	0.000204	0.000000	0.000000	0.000000	0.000000	0.000000	0.000000	0.000000	0.000000
1761685859.453150034	-0.000000	0.004431	-0.012967	0.549792	0.000000	-0.000000	0.000000	-0.010885	0.028610	-0.480287	-0.000000	0.000000	0.027110	0.384012	-1.947484	0.065790	0.000000	0.000204	0.000000	0.000000	0.000000	0.000000	0.000000	0.000000	0.000000	0.000000
1761685859.552791834	-0.000000	0.003596	-0.010875	0.776319	0.000000	-0.000000	0.000000	-0.009334	0.025042	-0.440886	-0.000000	0.000000	0.027110	0.383073	-1.945307	0.027522	0.000000	0.000204	0.000000	0.000000	0.000000	0.000000	0.000000	0.000000	0.000000	0.000000
1761685859.652763128	-0.000000	0.002496	-0.008100	0.882541	0.000000	-0.000000	0.000000	-0.006918	0.019442	-0.370805	-0.000000	0.000000	0.027110	0.382257	-1.943123	-0.012730	0.000000	0.000204	0.000000	0.000000	0.000000	0.000000	0.000000	0.000000	0.000000	0.000000
1761685859.752994776	-0.000000	0.001574	-0.005661	0.902887	0.000000	-0.000000	0.000000	-0.004213	0.013068	-0.284321	-0.000000	0.000000	0.027110	0.381766	-1.941534	-0.044839	-0.000000	0.000204	0.000000	0.000000	0.000000	0.000000	0.000000	0.000000	0.000000	0.000000
1761685859.853216171	-0.000000	0.000634	-0.002958	0.882274	0.000000	-0.000000	0.000000	-0.001551	0.006698	-0.194371	-0.000000	0.000000	0.027110	0.381552	-1.940586	-0.068038	-0.000000	0.000204	0.000000	0.000000	0.000000	0.000000	0.000000	0.000000	0.000000	0.000000
1761685859.953066587	-0.000000	-0.000186	-0.000249	0.810939	0.000000	-0.000000	0.000000	0.000929	0.000654	-0.105800	-0.000000	0.000000	0.027110	0.381565	-1.940273	-0.082295	-0.000000	0.000204	0.000000	0.000000	0.000000	0.000000	0.000000	0.000000	0.000000	0.000000
1761685860.052741051	-0.000000	-0.000692	0.001771	0.737777	0.000000	-0.000000	0.000000	0.003107	-0.004742	-0.023517	-0.000000	0.000000	0.027110	0.381765	-1.940545	-0.088025	-0.000000	0.000204	0.000000	0.000000	0.000000	0.000000	0.000000	0.000000	0.000000	0.000000
1761685860.152780056	-0.000000	-0.000984	0.003441	0.619759	0.000000	-0.000000	0.000000	0.004990	-0.009479	0.051480	-0.000000	0.000000	0.027110	0.382120	-1.941334	-0.085951	-0.000000	0.000204	0.000000	0.000000	0.000000	0.000000	0.000000	0.000000	0.000000	0.000000
1761685860.252797365	-0.000000	-0.001227	0.005285	0.448183	0.000000	-0.000000	0.000000	0.006512	-0.013350	0.115422	-0.000000	0.000000	0.027110	0.382612	-1.942558	-0.076991	-0.000000	0.000204	0.000000	0.000000	0.000000	0.000000	0.000000	0.000000	0.000000	0.000000
1761685860.352802515	-0.000000	-0.001359	0.006697	0.245964	-0.000000	-0.000000	0.000000	0.007560	-0.015999	0.163100	-0.000000	0.000000	0.027110	0.383222	-1.944103	-0.062549	0.000000	0.000204	0.000000	0.000000	0.000000	0.000000	0.000000	0.000000	0.000000	0.000000
1761685860.452834129	-0.000000	-0.001408	0.007458	0.044135	0.000000	-0.000000	0.000000	0.008071	-0.017226	0.191067	-0.000000	0.000000	0.027110	0.383921	-1.945824	-0.044467	0.000000	0.000204	0.000000	0.000000	0.000000	0.000000	0.000000	0.000000	0.000000	0.000000
1761685860.552876234	-0.000000	-0.001399	0.007502	-0.132458	0.000000	-0.000000	0.000000	0.008071	-0.017123	0.198109	-0.000000	0.000000	0.027110	0.384545	-1.947285	-0.028081	-0.000000	0.000204	0.000000	0.000000	0.000000	0.000000	0.000000	0.000000	0.000000	0.000000
1761685860.652910471	0.000000	-0.001346	0.006911	-0.269553	0.000000	0.000000	-0.000000	0.007672	-0.015949	0.190749	-0.000000	-0.000000	0.027110	0.385304	-1.948955	-0.008503	-0.000000	0.000204	0.000000	0.000000	0.000000	0.000000	0.000000	0.000000	0.000000	0.000000
1761685860.752874136	0.000000	-0.001243	0.005794	-0.356624	0.000000	0.000000	-0.000000	0.006844	-0.013689	0.166079	-0.000000	-0.000000	0.027110	0.386026	-1.950423	0.009228	-0.000000	0.000204	0.000000	0.000000	0.000000	0.000000	0.000000	0.000000	0.000000	0.000000
1761685860.852789640	0.000000	-0.001100	0.004475	-0.403822	0.000000	0.000000	-0.000000	0.005794	-0.010902	0.131868	-0.000000	-0.000000	0.027109	0.386670	-1.951622	0.023901	-0.000000	0.000204	0.000000	0.000000	0.000000	0.000000	0.000000	0.000000	0.000000	0.000000
1761685860.952908516	0.000000	-0.000952	0.003347	-0.416544	0.000000	0.000000	-0.000000	0.004629	-0.007884	0.092272	-0.000000	-0.000000	0.027109	0.387209	-1.952522	0.034811	-0.000000	0.000204	0.000000	0.000000	0.000000	0.000000	0.000000	0.000000	0.000000	0.000000
1761685861.053141594	0.000000	-0.000748	0.002060	-0.405265	0.000000	0.000000	-0.000000	0.003441	-0.004852	0.050830	0.000000	-0.000000	0.027109	0.387626	-1.953118	0.041629	0.000000	0.000204	0.000000	0.000000	0.000000	0.000000	0.000000	0.000000	0.000000	0.000000
1761685861.153183460	0.000000	-0.000486	0.000731	-0.368831	0.000000	0.000000	-0.000000	0.002298	-0.001984	0.010115	0.000000	-0.000000	0.027109	0.387917	-1.953422	0.044330	0.000000	0.000204	0.000000	0.000000	0.000000	0.000000	0.000000	0.000000	0.000000	0.000000
1761685861.253079176	0.000000	-0.000303	-0.000053	-0.309945	-0.000000	0.000000	-0.000000	0.001268	0.000550	-0.027375	0.000000	-0.000000	0.027109	0.388088	-1.953462	0.043129	0.000000	0.000204	0.000000	0.000000	0.000000	0.000000	0.000000	0.000000	0.000000	0.000000
1761685861.352914810	0.000000	-0.000098	-0.000851	-0.227211	-0.000000	0.000000	-0.000000	0.000407	0.002645	-0.059351	-0.000000	-0.000000	0.027109	0.388156	-1.953279	0.038485	0.000000	0.000204	0.000000	0.000000	0.000000	0.000000	0.000000	0.000000	0.000000	0.000000
1761685861.453212261	0.000000	0.000092	-0.001552	-0.124071	-0.000000	0.000000	-0.000000	-0.000226	0.004153	-0.083451	-0.000000	-0.000000	0.027109	0.388145	-1.952923	0.031087	0.000000	0.000204	0.000000	0.000000	0.000000	0.000000	0.000000	0.000000	0.000000	0.000000
1761685861.552932978	0.000000	0.000170	-0.001816	-0.032795	-0.000000	0.000000	-0.000000	-0.000575	0.004946	-0.097577	-0.000000	-0.000000	0.027109	0.388088	-1.952458	0.021846	0.000000	0.000204	0.000000	0.000000	0.000000	0.000000	0.000000	0.000000	0.000000	0.000000
1761685861.653101444	0.000000	0.000205	-0.001916	0.056682	0.000000	0.000000	-0.000000	-0.000669	0.005101	-0.102378	-0.000000	-0.000000	0.027109	0.388027	-1.952036	0.013451	0.000000	0.000204	0.000000	0.000000	0.000000	0.000000	0.000000	0.000000	0.000000	0.000000
1761685861.752909899	-0.000000	0.000177	-0.001782	0.130988	0.000000	-0.000000	0.000000	-0.000553	0.004750	-0.099146	-0.000000	0.000000	0.027109	0.387960	-1.951541	0.003325	0.000000	0.000204	0.000000	0.000000	0.000000	0.000000	0.000000	0.000000	0.000000	0.000000
1761685861.852792501	-0.000000	0.000095	-0.001452	0.185588	0.000000	-0.000000	0.000000	-0.000240	0.003896	-0.088524	-0.000000	0.000000	0.027109	0.387921	-1.951110	-0.006052	0.000000	0.000204	0.000000	0.000000	0.000000	0.000000	0.000000	0.000000	0.000000	0.000000
1761685861.953261375	-0.000000	-0.000022	-0.000986	0.219084	0.000000	-0.000000	0.000000	0.000310	0.002446	-0.071785	-0.000000	0.000000	0.027109	0.387926	-1.950789	-0.013989	-0.000000	0.000204	0.000000	0.000000	0.000000	0.000000	0.000000	0.000000	0.000000	0.000000
1761685862.053092480	-0.000000	-0.000156	-0.000447	0.232093	0.000000	-0.000000	0.000000	0.000879	0.000964	-0.050993	-0.000000	0.000000	0.027109	0.387983	-1.950606	-0.019992	0.000000	0.000204	0.000000	0.000000	0.000000	0.000000	0.000000	0.000000	0.000000	0.000000
1761685862.153370380	-0.000000	-0.000291	0.000109	0.226478	0.000000	-0.000000	0.000000	0.001473	-0.000576	-0.024349	-0.000000	0.000000	0.027109	0.388121	-1.950586	-0.024183	-0.000000	0.000204	0.000000	0.000000	0.000000	0.000000	0.000000	0.000000	0.000000	0.000000
1761685862.252861261	-0.000000	-0.000415	0.000658	0.204825	0.000000	-0.000000	0.000000	0.001948	-0.001807	-0.005382	-0.000000	0.000000	0.027109	0.388264	-1.950700	-0.025260	-0.000000	0.000204	0.000000	0.000000	0.000000	0.000000	0.000000	0.000000	0.000000	0.000000
1761685862.352946758	-0.000000	-0.000520	0.001168	0.169161	-0.000000	-0.000000	0.000000	0.002462	-0.003139	0.015822	0.000000	0.000000	0.027109	0.388483	-1.950966	-0.024537	0.000000	0.000204	0.000000	0.000000	0.000000	0.000000	0.000000	0.000000	0.000000	0.000000
1761685862.452827215	-0.000000	-0.000600	0.001595	0.121328	-0.000000	-0.000000	0.000000	0.002880	-0.004221	0.033927	0.000000	0.000000	0.027109	0.388746	-1.951352	-0.021860	0.000000	0.000204	0.000000	0.000000	0.000000	0.000000	0.000000	0.000000	0.000000	0.000000
1761685862.552758455	-0.000000	-0.000653	0.001900	0.066903	-0.000000	-0.000000	0.000000	0.003173	-0.004976	0.047654	0.000000	0.000000	0.027109	0.389044	-1.951828	-0.017613	0.000000	0.000204	0.000000	0.000000	0.000000	0.000000	0.000000	0.000000	0.000000	0.000000
1761685862.652889729	-0.000000	-0.000671	0.002013	0.022825	-0.000000	-0.000000	0.000000	0.003298	-0.005294	0.055251	-0.000000	0.000000	0.027109	0.389362	-1.952352	-0.012367	0.000000	0.000204	0.000000	0.000000	0.000000	0.000000	0.000000	0.000000	0.000000	0.000000
1761685862.753277540	-0.000000	-0.000673	0.002037	-0.027584	-0.000000	-0.000000	0.000000	0.003302	-0.005301	0.058268	-0.000000	0.000000	0.027109	0.389687	-1.952887	-0.006635	0.000000	0.000204	0.000000	0.000000	0.000000	0.000000	0.000000	0.000000	0.000000	0.000000
1761685862.852978706	0.000000	-0.000653	0.001931	-0.071006	0.000000	0.000000	-0.000000	0.003177	-0.004983	0.056350	-0.000000	-0.000000	0.027109	0.390009	-1.953402	-0.000885	0.000000	0.000204	0.000000	0.000000	0.000000	0.000000	0.000000	0.000000	0.000000	0.000000
1761685862.952946424	0.000000	-0.000611	0.001708	-0.104135	0.000000	0.000000	-0.000000	0.002939	-0.004382	0.049973	-0.000000	-0.000000	0.027109	0.390315	-1.953866	0.004408	0.000000	0.000204	0.000000	0.000000	0.000000	0.000000	0.000000	0.000000	0.000000	0.000000
1761685863.053006172	0.000000	-0.000552	0.001399	-0.125512	0.000000	0.000000	-0.000000	0.002616	-0.003574	0.040112	-0.000000	-0.000000	0.027109	0.390593	-1.954257	0.008853	-0.000000	0.000204	0.000000	0.000000	0.000000	0.000000	0.000000	0.000000	0.000000	0.000000
1761685863.153057337	0.000000	-0.000480	0.001043	-0.134877	0.000000	0.000000	-0.000000	0.002239	-0.002641	0.027917	-0.000000	-0.000000	0.027109	0.390836	-1.954558	0.012168	-0.000000	0.000204	0.000000	0.000000	0.000000	0.000000	0.000000	0.000000	0.000000	0.000000
1761685863.252944946	0.000000	-0.000401	0.000673	-0.132876	0.000000	0.000000	-0.000000	0.001841	-0.001668	0.014585	-0.000000	-0.000000	0.027108	0.391040	-1.954763	0.014189	-0.000000	0.000204	0.000000	0.000000	0.000000	0.000000	0.000000	0.000000	0.000000	0.000000
1761685863.353152990	0.000000	-0.000320	0.000321	-0.120829	0.000000	0.000000	-0.000000	0.001452	-0.000729	0.001265	-0.000000	-0.000000	0.027108	0.391203	-1.954872	0.014869	-0.000000	0.000204	0.000000	0.000000	0.000000	0.000000	0.000000	0.000000	0.000000	0.000000
1761685863.452972174	0.000000	-0.000243	0.000009	-0.100217	0.000000	0.000000	-0.000000	0.001098	0.000108	-0.011019	-0.000000	-0.000000	0.027108	0.391327	-1.954894	0.014270	-0.000000	0.000204	0.000000	0.000000	0.000000	0.000000	0.000000	0.000000	0.000000	0.000000
1761685863.553027153	0.000000	-0.000177	-0.000248	-0.072641	0.000000	0.000000	-0.000000	0.000803	0.000789	-0.021384	-0.000000	-0.000000	0.027108	0.391419	-1.954841	0.012549	-0.000000	0.000204	0.000000	0.000000	0.000000	0.000000	0.000000	0.000000	0.000000	0.000000
1761685863.653307199	0.000000	-0.000125	-0.000437	-0.041141	0.000000	0.000000	-0.000000	0.000585	0.001274	-0.029108	-0.000000	-0.000000	0.027108	0.391484	-1.954731	0.009941	-0.000000	0.000204	0.000000	0.000000	0.000000	0.000000	0.000000	0.000000	0.000000	0.000000
1761685863.752829313	0.000000	-0.000092	-0.000549	-0.008933	0.000000	0.000000	-0.000000	0.000452	0.001540	-0.033747	-0.000000	-0.000000	0.027108	0.391533	-1.954587	0.006738	-0.000000	0.000204	0.000000	0.000000	0.000000	0.000000	0.000000	0.000000	0.000000	0.000000
1761685863.853398561	-0.000000	-0.000079	-0.000579	0.021061	0.000000	0.000000	0.000000	0.000408	0.001584	-0.035177	-0.000000	-0.000000	0.027108	0.391575	-1.954428	0.003257	-0.000000	0.000204	0.000000	0.000000	0.000000	0.000000	0.000000	0.000000	0.000000	0.000000
1761685863.953022242	-0.000000	-0.000084	-0.000533	0.046491	0.000000	-0.000000	0.000000	0.000444	0.001427	-0.033571	-0.000000	0.000000	0.027108	0.391617	-1.954278	-0.000187	-0.000000	0.000204	0.000000	0.000000	0.000000	0.000000	0.000000	0.000000	0.000000	0.000000
1761685864.052949429	-0.000000	-0.000106	-0.000423	0.065718	0.000000	-0.000000	0.000000	0.000549	0.001102	-0.029346	0.000000	0.000000	0.027108	0.391667	-1.954153	-0.003316	-0.000000	0.000204	0.000000	0.000000	0.000000	0.000000	0.000000	0.000000	0.000000	0.000000
1761685864.153133869	-0.000000	-0.000139	-0.000267	0.077837	-0.000000	-0.000000	0.000000	0.000704	0.000655	-0.023095	0.000000	0.000000	0.027108	0.391731	-1.954068	-0.005899	0.000000	0.000204	0.000000	0.000000	0.000000	0.000000	0.000000	0.000000	0.000000	0.000000
1761685864.253060579	-0.000000	-0.000179	-0.000082	0.082626	-0.000000	-0.000000	0.000000	0.000890	0.000136	-0.015513	0.000000	0.000000	0.027108	0.391812	-1.954033	-0.007775	-0.000000	0.000204	0.000000	0.000000	0.000000	0.000000	0.000000	0.000000	0.000000	0.000000
1761685864.352947235	-0.000000	-0.000222	0.000112	0.080439	-0.000000	-0.000000	0.000000	0.001087	-0.000406	-0.007330	0.000000	0.000000	0.027108	0.391912	-1.954052	-0.008852	0.000000	0.000204	0.000000	0.000000	0.000000	0.000000	0.000000	0.000000	0.000000	0.000000
1761685864.452952385	-0.000000	-0.000262	0.000302	0.072092	-0.000000	-0.000000	0.000000	0.001276	-0.000923	0.000750	0.000000	0.000000	0.027108	0.392032	-1.954124	-0.009112	-0.000000	0.000204	0.000000	0.000000	0.000000	0.000000	0.000000	0.000000	0.000000	0.000000
1761685864.552933693	-0.000000	-0.000297	0.000474	0.058567	-0.000000	-0.000000	0.000000	0.001415	-0.001301	0.006897	0.000000	0.000000	0.027108	0.392144	-1.954221	-0.008738	0.000000	0.000204	0.000000	0.000000	0.000000	0.000000	0.000000	0.000000	0.000000	0.000000
1761685864.652849674	-0.000000	-0.000325	0.000612	0.041174	-0.000000	-0.000000	0.000000	0.001550	-0.001670	0.013205	0.000000	0.000000	0.027108	0.392293	-1.954375	-0.007665	0.000000	0.000204	0.000000	0.000000	0.000000	0.000000	0.000000	0.000000	0.000000	0.000000
1761685864.752844095	-0.000000	-0.000343	0.000706	0.021754	-0.000000	-0.000000	0.000000	0.001640	-0.001921	0.017902	0.000000	0.000000	0.027108	0.392452	-1.954559	-0.006051	0.000000	0.000204	0.000000	0.000000	0.000000	0.000000	0.000000	0.000000	0.000000	0.000000
1761685864.852859020	-0.000000	-0.000350	0.000751	0.002181	-0.000000	-0.000000	0.000000	0.001679	-0.002039	0.020725	-0.000000	0.000000	0.027108	0.392618	-1.954761	-0.004075	0.000000	0.000204	0.000000	0.000000	0.000000	0.000000	0.000000	0.000000	0.000000	0.000000
1761685864.952896357	-0.000000	-0.000347	0.000746	-0.015855	-0.000000	-0.000000	0.000000	0.001665	-0.002024	0.021595	-0.000000	0.000000	0.027108	0.392785	-1.954965	-0.001930	0.000000	0.000204	0.000000	0.000000	0.000000	0.000000	0.000000	0.000000	0.000000	0.000000
1761685865.053024530	-0.000000	-0.000334	0.000694	-0.030982	-0.000000	0.000000	0.000000	0.001604	-0.001888	0.020611	-0.000000	-0.000000	0.027108	0.392949	-1.955161	0.000192	0.000000	0.000204	0.000000	0.000000	0.000000	0.000000	0.000000	0.000000	0.000000	0.000000
1761685865.152855158	0.000000	-0.000313	0.000605	-0.042229	-0.000000	0.000000	-0.000000	0.001501	-0.001650	0.018017	-0.000000	-0.000000	0.027108	0.393104	-1.955337	0.002119	0.000000	0.000204	0.000000	0.000000	0.000000	0.000000	0.000000	0.000000	0.000000	0.000000
1761685865.252890825	0.000000	-0.000286	0.000489	-0.049056	0.000000	0.000000	-0.000000	0.001368	-0.001338	0.014169	-0.000000	-0.000000	0.027108	0.393247	-1.955484	0.003709	0.000000	0.000204	0.000000	0.000000	0.000000	0.000000	0.000000	0.000000	0.000000	0.000000
1761685865.352794170	0.000000	-0.000255	0.000357	-0.051332	0.000000	0.000000	-0.000000	0.001216	-0.000982	0.009491	-0.000000	-0.000000	0.027108	0.393375	-1.955597	0.004860	0.000000	0.000204	0.000000	0.000000	0.000000	0.000000	0.000000	0.000000	0.000000	0.000000
1761685865.452784300	0.000000	-0.000222	0.000222	-0.049293	0.000000	0.000000	-0.000000	0.001058	-0.000614	0.004433	-0.000000	-0.000000	0.027108	0.393488	-1.955673	0.005517	-0.000000	0.000204	0.000000	0.000000	0.000000	0.000000	0.000000	0.000000	0.000000	0.000000
1761685865.552754641	0.000000	-0.000190	0.000094	-1.844907	0.000000	0.000000	-0.000000	0.000904	-0.000263	-0.000564	-0.000000	-0.000000	0.027108	0.393585	-1.955713	0.005666	-0.000000	0.000204	0.000000	0.000000	0.000000	-1.943745	0.000000	0.000000	0.000000	0.000000
1761685865.652903795	0.000000	0.000626	-0.002992	-1.601740	0.000000	0.000000	-0.000000	-0.003145	0.009800	-0.155128	-0.000000	-0.000000	0.027108	0.393471	-1.955234	-0.002159	-0.000000	0.000204	0.000000	0.000000	0.000000	-1.943745	0.000000	0.000000	0.000000	0.000000
1761685865.754235744	0.000000	0.002207	-0.007734	-1.055273	0.000000	0.000000	-0.000000	-0.007366	0.020248	-0.319355	-0.000000	-0.000000	0.027108	0.392929	-1.953623	-0.027421	-0.000000	0.000204	0.000000	0.000000	0.000000	-1.943745	0.000000	0.000000	0.000000	0.000000
1761685865.852926731	0.000000	0.003665	-0.011435	-0.422996	0.000000	0.000000	-0.000000	-0.010115	0.027049	-0.433990	-0.000000	-0.000000	0.027108	0.392136	-1.951135	-0.066423	-0.000000	0.000204	0.000000	0.000000	0.000000	-1.943745	0.000000	0.000000	0.000000	0.000000
1761685865.952942610	0.000000	0.004400	-0.013094	0.134023	0.000000	0.000000	-0.000000	-0.011043	0.029478	-0.486827	-0.000000	-0.000000	0.027108	0.391319	-1.948173	-0.113343	-0.000000	0.000204	0.000000	0.000000	0.000000	-1.943745	0.000000	0.000000	0.000000	0.000000
1761685866.053004980	-0.000000	0.004251	-0.012639	0.529589	0.000000	-0.000000	0.000000	-0.010334	0.028038	-0.482709	-0.000000	0.000000	0.027109	0.390650	-1.945164	-0.162172	-0.000000	0.000204	0.000000	0.000000	0.000000	-1.943745	0.000000	0.000000	0.000000	0.000000
1761685866.152943373	-0.000000	0.003456	-0.010681	0.760628	0.000000	-0.000000	0.000000	-0.008478	0.023885	-0.436342	-0.000000	0.000000	0.027109	0.390205	-1.942459	-0.208012	-0.000000	0.000204	0.000000	0.000000	0.000000	-1.943745	0.000000	0.000000	0.000000	0.000000
1761685866.252935648	-0.000000	0.002383	-0.008000	0.867009	0.000000	-0.000000	0.000000	-0.006009	0.018229	-0.364130	0.000000	0.000000	0.027109	0.389981	-1.940286	-0.247594	-0.000000	0.000204	0.000000	0.000000	0.000000	-1.943745	0.000000	0.000000	0.000000	0.000000
1761685866.353039026	-0.000000	0.001320	-0.005188	0.891714	0.000000	-0.000000	0.000000	-0.003334	0.011990	-0.279202	0.000000	0.000000	0.027109	0.389929	-1.938759	-0.279127	0.000000	0.000204	0.000000	0.000000	0.000000	-1.943745	0.000000	0.000000	0.000000	0.000000
1761685866.452905178	-0.000000	0.000422	-0.002581	0.864696	-0.000000	-0.000000	0.000000	-0.000713	0.005753	-0.190443	0.000000	0.000000	0.027109	0.389993	-1.937909	-0.301887	0.000000	0.000204	0.000000	0.000000	0.000000	-1.943745	0.000000	0.000000	0.000000	0.000000
1761685866.553029776	-0.000000	-0.000264	-0.000323	0.802982	-0.000000	-0.000000	0.000000	0.001709	-0.000136	-0.103523	0.000000	0.000000	0.027109	0.390130	-1.937712	-0.315842	0.000000	0.000204	0.000000	0.000000	0.000000	-1.943745	0.000000	0.000000	0.000000	0.000000
1761685866.652907610	-0.000000	-0.000780	0.001710	0.715246	-0.000000	-0.000000	0.000000	0.003855	-0.005466	-0.022196	0.000000	0.000000	0.027109	0.390309	-1.938118	-0.321407	0.000000	0.000204	0.000000	0.000000	0.000000	-1.943745	0.000000	0.000000	0.000000	0.000000
1761685866.753089905	-0.000000	-0.001143	0.003712	0.599810	-0.000000	-0.000000	0.000000	0.005675	-0.010081	0.050791	-0.000000	0.000000	0.027109	0.390519	-1.939053	-0.319308	0.000000	0.000204	0.000000	0.000000	0.000000	-1.943745	0.000000	0.000000	0.000000	0.000000
1761685866.852818966	-0.000000	-0.001375	0.005512	0.436050	-0.000000	-0.000000	0.000000	0.007125	-0.013803	0.112696	-0.000000	0.000000	0.027109	0.390760	-1.940427	-0.310538	0.000000	0.000204	0.000000	0.000000	0.000000	-1.943745	0.000000	0.000000	0.000000	0.000000
1761685866.952840805	-0.000000	-0.001499	0.006881	0.244381	-0.000000	-0.000000	0.000000	0.008116	-0.016349	0.159030	-0.000000	0.000000	0.027108	0.391040	-1.942125	-0.296452	0.000000	0.000204	0.000000	0.000000	0.000000	-1.943745	0.000000	0.000000	0.000000	0.000000
1761685867.052801847	-0.000000	-0.001542	0.007626	0.052847	-0.000000	-0.000000	0.000000	0.008529	-0.017384	0.182590	-0.000000	0.000000	0.027108	0.391306	-1.943687	-0.281915	0.000000	0.000204	0.000000	0.000000	0.000000	-1.943745	0.000000	0.000000	0.000000	0.000000
1761685867.153105736	-0.000000	-0.001529	0.007685	-0.116017	-0.000000	-0.000000	0.000000	0.008574	-0.017414	0.195140	-0.000000	0.000000	0.027108	0.391727	-1.945929	-0.259510	0.000000	0.000204	0.000000	0.000000	0.000000	-1.943745	0.000000	0.000000	0.000000	0.000000
1761685867.253761530	0.000000	-0.001472	0.007132	-0.248950	0.000000	0.000000	0.000000	0.008118	-0.016138	0.186352	-0.000000	-0.000000	0.027108	0.392121	-1.947758	-0.240392	0.000000	0.000204	0.000000	0.000000	0.000000	-1.943745	0.000000	0.000000	0.000000	0.000000
1761685867.352808475	0.000000	-0.001376	0.006131	-0.341415	0.000000	0.000000	-0.000000	0.007322	-0.013995	0.163673	-0.000000	-0.000000	0.027108	0.392526	-1.949388	-0.222987	0.000000	0.000204	0.000000	0.000000	0.000000	-1.943745	0.000000	0.000000	0.000000	0.000000
1761685867.453069687	0.000000	-0.001240	0.004873	-0.394775	0.000000	0.000000	-0.000000	0.006295	-0.011288	0.131072	-0.000000	-0.000000	0.027108	0.392918	-1.950748	-0.208457	0.000000	0.000204	0.000000	0.000000	0.000000	-1.943745	0.000000	0.000000	0.000000	0.000000
1761685867.552869081	0.000000	-0.001066	0.003530	-0.413295	0.000000	0.000000	-0.000000	0.005139	-0.008302	0.099064	-0.000000	-0.000000	0.027108	0.393220	-1.951645	-0.199105	-0.000000	0.000204	0.000000	0.000000	0.000000	-1.943745	0.000000	0.000000	0.000000	0.000000
1761685867.652936697	0.000000	-0.000860	0.002235	-0.402096	0.000000	0.000000	-0.000000	0.003947	-0.005279	0.051463	-0.000000	-0.000000	0.027108	0.393539	-1.952426	-0.191553	-0.000000	0.000204	0.000000	0.000000	0.000000	-1.943745	0.000000	0.000000	0.000000	0.000000
1761685867.752961636	0.000000	-0.000636	0.001074	-0.366175	0.000000	0.000000	-0.000000	0.002989	-0.002888	0.017769	-0.000000	-0.000000	0.027108	0.393802	-1.952891	-0.188098	-0.000000	0.000204	0.000000	0.000000	0.000000	-1.943745	0.000000	0.000000	0.000000	0.000000
1761685867.852967501	0.000000	-0.000411	0.000096	-0.308612	0.000000	0.000000	-0.000000	0.001933	-0.000283	-0.020046	-0.000000	-0.000000	0.027108	0.394009	-1.953066	-0.188567	-0.000000	0.000204	0.000000	0.000000	0.000000	-1.943745	0.000000	0.000000	0.000000	0.000000
1761685867.952728987	0.000000	-0.000204	-0.000701	-0.227864	0.000000	0.000000	-0.000000	0.001035	0.001899	-0.052826	0.000000	-0.000000	0.027108	0.394165	-1.952990	-0.192547	-0.000000	0.000204	0.000000	0.000000	0.000000	-1.943745	0.000000	0.000000	0.000000	0.000000
1761685868.052931547	0.000000	-0.000072	-0.001186	-0.152743	0.000000	0.000000	-0.000000	0.000392	0.003426	-0.076958	0.000000	-0.000000	0.027108	0.394284	-1.952725	-0.199294	-0.000000	0.000204	0.000000	0.000000	0.000000	-1.943745	0.000000	0.000000	0.000000	0.000000
1761685868.152994633	0.000000	0.000044	-0.001598	-0.057795	0.000000	0.000000	-0.000000	-0.000034	0.004411	-0.093485	0.000000	-0.000000	0.027108	0.394378	-1.952332	-0.208006	-0.000000	0.000204	0.000000	0.000000	0.000000	-1.943745	0.000000	0.000000	0.000000	0.000000
1761685868.252912760	0.000000	0.000100	-0.001775	0.032203	0.000000	0.000000	-0.000000	-0.000205	0.004760	-0.100847	0.000000	-0.000000	0.027108	0.394461	-1.951874	-0.217850	-0.000000	0.000204	0.000000	0.000000	0.000000	-1.943745	0.000000	0.000000	0.000000	0.000000
1761685868.353143454	0.000000	0.000090	-0.001712	0.108592	0.000000	-0.000000	-0.000000	-0.000131	0.004498	-0.099126	0.000000	0.000000	0.027108	0.394546	-1.951417	-0.227896	-0.000000	0.000204	0.000000	0.000000	0.000000	-1.943745	0.000000	0.000000	0.000000	0.000000
1761685868.453324318	-0.000000	0.000026	-0.001445	0.166681	-0.000000	-0.000000	0.000000	0.000148	0.003726	-0.089540	0.000000	0.000000	0.027108	0.394642	-1.951020	-0.237303	-0.000000	0.000204	0.000000	0.000000	0.000000	-1.943745	0.000000	0.000000	0.000000	0.000000
1761685868.552985430	-0.000000	-0.000077	-0.001031	0.204663	-0.000000	-0.000000	0.000000	0.000579	0.002577	-0.073840	0.000000	0.000000	0.027108	0.394753	-1.950730	-0.245381	-0.000000	0.000204	0.000000	0.000000	0.000000	-1.943745	0.000000	0.000000	0.000000	0.000000
1761685868.652921438	-0.000000	-0.000203	-0.000528	0.222823	-0.000000	-0.000000	0.000000	0.001106	0.001194	-0.054007	0.000000	0.000000	0.027108	0.394882	-1.950579	-0.251635	0.000000	0.000204	0.000000	0.000000	0.000000	-1.943745	0.000000	0.000000	0.000000	0.000000
1761685868.753146172	-0.000000	-0.000333	0.000005	0.222770	-0.000000	-0.000000	0.000000	0.001671	-0.000285	-0.032027	0.000000	0.000000	0.027108	0.395029	-1.950583	-0.255766	0.000000	0.000204	0.000000	0.000000	0.000000	-1.943745	0.000000	0.000000	0.000000	0.000000
1761685868.852950335	-0.000000	-0.000457	0.000540	0.206850	-0.000000	-0.000000	0.000000	0.002225	-0.001736	-0.009749	0.000000	0.000000	0.027108	0.395193	-1.950743	-0.257669	0.000000	0.000204	0.000000	0.000000	0.000000	-1.943745	0.000000	0.000000	0.000000	0.000000
1761685868.952820063	-0.000000	-0.000564	0.001051	0.177575	-0.000000	-0.000000	0.000000	0.002727	-0.003053	0.011201	0.000000	0.000000	0.027108	0.395342	-1.950990	-0.257598	0.000000	0.000204	0.000000	0.000000	0.000000	-1.943745	0.000000	0.000000	0.000000	0.000000
1761685869.052837372	-0.000000	-0.000649	0.001495	0.135925	-0.000000	-0.000000	0.000000	0.003077	-0.003972	0.026487	-0.000000	0.000000	0.027108	0.395534	-1.951405	-0.255697	0.000000	0.000204	0.000000	0.000000	0.000000	-1.943745	0.000000	0.000000	0.000000	0.000000
1761685869.153027296	-0.000000	-0.000708	0.001836	0.086137	-0.000000	-0.000000	0.000000	0.003398	-0.004819	0.041468	-0.000000	0.000000	0.027108	0.395738	-1.951923	-0.252128	0.000000	0.000204	0.000000	0.000000	0.000000	-1.943745	0.000000	0.000000	0.000000	0.000000
1761685869.253395796	-0.000000	-0.000741	0.002043	0.033652	-0.000000	-0.000000	0.000000	0.003588	-0.005325	0.051741	-0.000000	0.000000	0.027107	0.395952	-1.952509	-0.247327	0.000000	0.000204	0.000000	0.000000	0.000000	-1.943745	0.000000	0.000000	0.000000	0.000000
1761685869.353069305	-0.000000	-0.000748	0.002105	-0.016454	-0.000000	-0.000000	0.000000	0.003639	-0.005472	0.056856	-0.000000	0.000000	0.027107	0.396173	-1.953126	-0.241796	0.000000	0.000204	0.000000	0.000000	0.000000	-1.943745	0.000000	0.000000	0.000000	0.000000
1761685869.452850819	-0.000000	-0.000731	0.002026	-0.060075	-0.000000	0.000000	0.000000	0.003556	-0.005277	0.056880	-0.000000	-0.000000	0.027107	0.396396	-1.953735	-0.236053	0.000000	0.000204	0.000000	0.000000	0.000000	-1.943745	0.000000	0.000000	0.000000	0.000000
1761685869.552810192	0.000000	-0.000692	0.001828	-0.094353	0.000000	0.000000	-0.000000	0.003356	-0.004786	0.052327	-0.000000	-0.000000	0.027107	0.396615	-1.954304	-0.230583	0.000000	0.000204	0.000000	0.000000	0.000000	-1.943745	0.000000	0.000000	0.000000	0.000000
1761685869.653112888	0.000000	-0.000636	0.001540	-0.117692	0.000000	0.000000	-0.000000	0.003064	-0.004067	0.044034	-0.000000	-0.000000	0.027107	0.396827	-1.954803	-0.225796	0.000000	0.000204	0.000000	0.000000	0.000000	-1.943745	0.000000	0.000000	0.000000	0.000000
1761685869.752822161	0.000000	-0.000567	0.001197	-0.129615	0.000000	0.000000	-0.000000	0.002708	-0.003196	0.033043	-0.000000	-0.000000	0.027107	0.397027	-1.955215	-0.222007	-0.000000	0.000204	0.000000	0.000000	0.000000	-1.943745	0.000000	0.000000	0.000000	0.000000
1761685869.852732182	0.000000	-0.000489	0.000833	-0.130539	0.000000	0.000000	-0.000000	0.002319	-0.002253	0.020479	-0.000000	-0.000000	0.027107	0.397211	-1.955528	-0.219423	-0.000000	0.000204	0.000000	0.000000	0.000000	-1.943745	0.000000	0.000000	0.000000	0.000000
1761685869.952944994	0.000000	-0.000422	0.000539	-0.123677	0.000000	0.000000	-0.000000	0.001928	-0.001319	0.007440	-0.000000	-0.000000	0.027107	0.397379	-1.955740	-0.218135	-0.000000	0.000204	0.000000	0.000000	0.000000	-1.943745	0.000000	0.000000	0.000000	0.000000
1761685870.053013086	0.000000	-0.000343	0.000213	-0.107640	0.000000	0.000000	-0.000000	0.001559	-0.000449	-0.005042	-0.000000	-0.000000	0.027107	0.397528	-1.955856	-0.218124	-0.000000	0.000204	0.000000	0.000000	0.000000	-1.943745	0.000000	0.000000	0.000000	0.000000
1761685870.153130293	0.000000	-0.000271	-0.000066	-0.084120	0.000000	0.000000	-0.000000	0.001236	0.000296	-0.016073	0.000000	-0.000000	0.027107	0.397661	-1.955886	-0.219282	-0.000000	0.000204	0.000000	0.000000	0.000000	-1.943745	0.000000	0.000000	0.000000	0.000000
1761685870.253234386	0.000000	-0.000212	-0.000285	-0.055487	0.000000	0.000000	-0.000000	0.000980	0.000870	-0.024877	0.000000	-0.000000	0.027107	0.397781	-1.955847	-0.221420	-0.000000	0.000204	0.000000	0.000000	0.000000	-1.943745	0.000000	0.000000	0.000000	0.000000
1761685870.352914572	0.000000	-0.000169	-0.000433	-0.024753	0.000000	0.000000	-0.000000	0.000803	0.001241	-0.030903	0.000000	-0.000000	0.027107	0.397890	-1.955759	-0.224279	-0.000000	0.000204	0.000000	0.000000	0.000000	-1.943745	0.000000	0.000000	0.000000	0.000000
1761685870.452981949	0.000000	-0.000145	-0.000505	0.005182	0.000000	0.000000	-0.000000	0.000710	0.001400	-0.033890	0.000000	-0.000000	0.027107	0.397993	-1.955644	-0.227565	-0.000000	0.000204	0.000000	0.000000	0.000000	-1.943745	0.000000	0.000000	0.000000	0.000000
1761685870.552994013	0.000000	-0.000140	-0.000500	0.031846	-0.000000	0.000000	-0.000000	0.000698	0.001355	-0.033871	0.000000	0.000000	0.027107	0.398092	-1.955525	-0.230973	-0.000000	0.000204	0.000000	0.000000	0.000000	-1.943745	0.000000	0.000000	0.000000	0.000000
1761685870.652949095	-0.000000	-0.000151	-0.000429	0.053382	-0.000000	-0.000000	0.000000	0.000759	0.001132	-0.031131	0.000000	0.000000	0.027107	0.398192	-1.955421	-0.234219	-0.000000	0.000204	0.000000	0.000000	0.000000	-1.943745	0.000000	0.000000	0.000000	0.000000
1761685870.753285646	-0.000000	-0.000176	-0.000304	0.068615	-0.000000	-0.000000	0.000000	0.000876	0.000768	-0.026152	0.000000	0.000000	0.027107	0.398293	-1.955350	-0.237057	-0.000000	0.000204	0.000000	0.000000	0.000000	-1.943745	0.000000	0.000000	0.000000	0.000000
1761685870.852909327	-0.000000	-0.000210	-0.000143	0.077035	-0.000000	-0.000000	0.000000	0.001006	0.000389	-0.020688	0.000000	0.000000	0.027107	0.398381	-1.955325	-0.238971	-0.000000	0.000204	0.000000	0.000000	0.000000	-1.943745	0.000000	0.000000	0.000000	0.000000
1761685870.952766418	-0.000000	-0.000249	0.000037	0.078708	-0.000000	-0.000000	0.000000	0.001182	-0.000111	-0.013265	0.000000	0.000000	0.027107	0.398491	-1.955341	-0.240616	0.000000	0.000204	0.000000	0.000000	0.000000	-1.943745	0.000000	0.000000	0.000000	0.000000
1761685871.052723646	-0.000000	-0.000288	0.000222	1.875551	-0.000000	-0.000000	0.000000	0.001363	-0.000618	-0.005422	0.000000	0.000000	0.027107	0.398606	-1.955411	-0.241487	0.000000	0.000204	0.000000	0.000000	0.000000	0.000000	0.000000	0.000000	0.000000	0.000000
1761685871.152765512	-0.000000	-0.000989	0.004462	1.555124	-0.000000	-0.000000	0.000000	0.005439	-0.010852	0.152186	0.000000	0.000000	0.027107	0.398802	-1.956053	-0.234083	0.000000	0.000204	0.000000	0.000000	0.000000	0.000000	0.000000	0.000000	0.000000	0.000000
1761685871.252780437	-0.000000	-0.001356	0.009642	0.996743	-0.000000	-0.000000	0.000000	0.009532	-0.020963	0.313039	-0.000000	0.000000	0.027107	0.399200	-1.957877	-0.209259	0.000000	0.000204	0.000000	0.000000	0.000000	0.000000	0.000000	0.000000	0.000000	0.000000
1761685871.352790356	-0.000000	-0.001432	0.013363	0.397542	-0.000000	-0.000000	0.000000	0.012256	-0.027214	0.422019	-0.000000	0.000000	0.027107	0.399830	-1.960534	-0.171210	0.000000	0.000204	0.000000	0.000000	0.000000	0.000000	0.000000	0.000000	0.000000	0.000000
1761685871.452727318	-0.000000	-0.001468	0.014691	-0.109728	-0.000000	-0.000000	0.000000	0.013484	-0.029223	0.471760	-0.000000	0.000000	0.027107	0.400699	-1.963563	-0.125691	0.000000	0.000204	0.000000	0.000000	0.000000	0.000000	0.000000	0.000000	0.000000	0.000000
1761685871.552663326	0.000000	-0.001555	0.013775	-0.469753	0.000000	-0.000000	0.000000	0.013418	-0.027665	0.469242	-0.000000	0.000000	0.027106	0.401752	-1.966540	-0.078309	0.000000	0.000204	0.000000	0.000000	0.000000	0.000000	0.000000	0.000000	0.000000	0.000000
1761685871.652783632	0.000000	-0.001646	0.011397	-0.690459	0.000000	0.000000	-0.000000	0.012394	-0.023659	0.428267	-0.000000	-0.000000	0.027106	0.402894	-1.969156	-0.033526	0.000000	0.000204	0.000000	0.000000	0.000000	0.000000	0.000000	0.000000	0.000000	0.000000
1761685871.752668619	0.000000	-0.001661	0.008389	-0.804832	0.000000	0.000000	-0.000000	0.010745	-0.018277	0.362899	-0.000000	-0.000000	0.027106	0.404010	-1.971231	0.005641	0.000000	0.000204	0.000000	0.000000	0.000000	0.000000	0.000000	0.000000	0.000000	0.000000
1761685871.852886677	0.000000	-0.001551	0.005346	-0.807850	0.000000	0.000000	-0.000000	0.008734	-0.012320	0.284323	-0.000000	-0.000000	0.027106	0.404999	-1.972693	0.037427	0.000000	0.000204	0.000000	0.000000	0.000000	0.000000	0.000000	0.000000	0.000000	0.000000
1761685871.952799559	0.000000	-0.001363	0.003103	-0.844318	0.000000	0.000000	-0.000000	0.006635	-0.006517	0.203588	-0.000000	-0.000000	0.027105	0.405792	-1.973546	0.061152	-0.000000	0.000204	0.000000	0.000000	0.000000	0.000000	0.000000	0.000000	0.000000	0.000000
1761685872.052898169	0.000000	-0.001024	0.000709	-0.803459	0.000000	0.000000	-0.000000	0.004796	-0.001704	0.133836	-0.000000	-0.000000	0.027105	0.406272	-1.973817	0.074650	-0.000000	0.000204	0.000000	0.000000	0.000000	0.000000	0.000000	0.000000	0.000000	0.000000
1761685872.152778149	0.000000	-0.000585	-0.001378	-0.727047	0.000000	0.000000	-0.000000	0.002613	0.003746	0.052128	-0.000000	-0.000000	0.027105	0.406609	-1.973637	0.083222	-0.000000	0.000204	0.000000	0.000000	0.000000	0.000000	0.000000	0.000000	0.000000	0.000000
1761685872.252827406	0.000000	-0.000096	-0.003358	-0.621850	0.000000	0.000000	-0.000000	0.000583	0.008567	-0.023124	-0.000000	-0.000000	0.027105	0.406693	-1.972963	0.083960	-0.000000	0.000204	0.000000	0.000000	0.000000	0.000000	0.000000	0.000000	0.000000	0.000000
1761685872.352821112	0.000000	0.000381	-0.005043	-0.471640	0.000000	0.000000	-0.000000	-0.001144	0.012426	-0.087062	-0.000000	-0.000000	0.027105	0.406561	-1.971883	0.077845	-0.000000	0.000204	0.000000	0.000000	0.000000	0.000000	0.000000	0.000000	0.000000	0.000000
1761685872.453011513	0.000000	0.000801	-0.006301	-0.289745	0.000000	0.000000	-0.000000	-0.002484	0.015191	-0.136730	-0.000000	-0.000000	0.027105	0.406265	-1.970489	0.066137	-0.000000	0.000204	0.000000	0.000000	0.000000	0.000000	0.000000	0.000000	0.000000	0.000000
1761685872.552837133	0.000000	0.001086	-0.006990	-0.104060	0.000000	0.000000	-0.000000	-0.003335	0.016679	-0.168736	-0.000000	-0.000000	0.027105	0.405870	-1.968894	0.050471	-0.000000	0.000204	0.000000	0.000000	0.000000	0.000000	0.000000	0.000000	0.000000	0.000000
1761685872.652828932	0.000000	0.001197	-0.007079	0.062767	0.000000	0.000000	-0.000000	-0.003674	0.016888	-0.182236	-0.000000	-0.000000	0.027106	0.405444	-1.967222	0.032681	-0.000000	0.000204	0.000000	0.000000	0.000000	0.000000	0.000000	0.000000	0.000000	0.000000
1761685872.752799034	-0.000000	0.001139	-0.006639	0.197063	0.000000	-0.000000	0.000000	-0.003544	0.015976	-0.178740	-0.000000	0.000000	0.027106	0.405043	-1.965588	0.014545	-0.000000	0.000204	0.000000	0.000000	0.000000	0.000000	0.000000	0.000000	0.000000	0.000000
1761685872.852726460	-0.000000	0.000970	-0.005870	0.299579	0.000000	-0.000000	0.000000	-0.003091	0.014329	-0.163510	-0.000000	0.000000	0.027106	0.404703	-1.964079	-0.002590	-0.000000	0.000204	0.000000	0.000000	0.000000	0.000000	0.000000	0.000000	0.000000	0.000000
1761685872.952924967	-0.000000	0.000746	-0.004967	0.351285	0.000000	-0.000000	0.000000	-0.002299	0.011912	-0.135261	0.000000	0.000000	0.027106	0.404451	-1.962781	-0.017364	-0.000000	0.000204	0.000000	0.000000	0.000000	0.000000	0.000000	0.000000	0.000000	0.000000
1761685873.052836657	-0.000000	0.000455	-0.003799	0.383536	0.000000	-0.000000	0.000000	-0.001517	0.009650	-0.106849	0.000000	0.000000	0.027106	0.404318	-1.961897	-0.027244	-0.000000	0.000204	0.000000	0.000000	0.000000	0.000000	0.000000	0.000000	0.000000	0.000000
1761685873.152809143	-0.000000	0.000168	-0.002620	0.385631	0.000000	-0.000000	0.000000	-0.000508	0.006820	-0.069571	0.000000	0.000000	0.027106	0.404250	-1.961093	-0.035790	-0.000000	0.000204	0.000000	0.000000	0.000000	0.000000	0.000000	0.000000	0.000000	0.000000
1761685873.252852678	-0.000000	-0.000091	-0.001506	0.361370	-0.000000	-0.000000	0.000000	0.000513	0.004023	-0.031077	0.000000	0.000000	0.027106	0.404279	-1.960577	-0.040504	0.000000	0.000204	0.000000	0.000000	0.000000	0.000000	0.000000	0.000000	0.000000	0.000000
1761685873.352962494	-0.000000	-0.000313	-0.000521	0.315286	-0.000000	-0.000000	0.000000	0.001475	0.001436	0.005868	0.000000	0.000000	0.027106	0.404397	-1.960333	-0.041430	0.000000	0.000204	0.000000	0.000000	0.000000	0.000000	0.000000	0.000000	0.000000	0.000000
1761685873.452954054	-0.000000	-0.000490	0.000302	0.246405	-0.000000	-0.000000	0.000000	0.002318	-0.000801	0.038933	-0.000000	0.000000	0.027106	0.404596	-1.960332	-0.038863	0.000000	0.000204	0.000000	0.000000	0.000000	0.000000	0.000000	0.000000	0.000000	0.000000
1761685873.552935362	-0.000000	-0.000620	0.000967	0.160212	-0.000000	-0.000000	0.000000	0.002987	-0.002556	0.065870	-0.000000	0.000000	0.027106	0.404862	-1.960530	-0.033322	0.000000	0.000204	0.000000	0.000000	0.000000	0.000000	0.000000	0.000000	0.000000	0.000000
1761685873.653428555	-0.000000	-0.000702	0.001425	0.067626	0.000000	-0.000000	0.000000	0.003436	-0.003718	0.084764	-0.000000	0.000000	0.027106	0.405179	-1.960870	-0.025537	0.000000	0.000204	0.000000	0.000000	0.000000	0.000000	0.000000	0.000000	0.000000	0.000000
1761685873.752794266	-0.000000	-0.000730	0.001593	-0.017274	0.000000	-0.000000	0.000000	0.003601	-0.004134	0.093070	-0.000000	0.000000	0.027106	0.405526	-1.961278	-0.016512	0.000000	0.000204	0.000000	0.000000	0.000000	0.000000	0.000000	0.000000	0.000000	0.000000
1761685873.852769136	-0.000000	-0.000718	0.001527	-0.089736	0.000000	-0.000000	0.000000	0.003540	-0.003967	0.092757	-0.000000	0.000000	0.027105	0.405879	-1.961689	-0.007164	0.000000	0.000204	0.000000	0.000000	0.000000	0.000000	0.000000	0.000000	0.000000	0.000000
1761685873.952936888	0.000000	-0.000687	0.001348	-0.139791	0.000000	0.000000	-0.000000	0.003317	-0.003396	0.086199	-0.000000	-0.000000	0.027105	0.406221	-1.962059	0.001810	-0.000000	0.000204	0.000000	0.000000	0.000000	0.000000	0.000000	0.000000	0.000000	0.000000
1761685874.052994013	0.000000	-0.000618	0.000982	-0.182093	0.000000	0.000000	-0.000000	0.002923	-0.002412	0.073054	-0.000000	-0.000000	0.027105	0.406532	-1.962341	0.009698	-0.000000	0.000204	0.000000	0.000000	0.000000	0.000000	0.000000	0.000000	0.000000	0.000000
1761685874.153375149	0.000000	-0.000525	0.000525	-0.205951	0.000000	0.000000	-0.000000	0.002419	-0.001176	0.055550	-0.000000	-0.000000	0.027105	0.406797	-1.962508	0.016011	-0.000000	0.000204	0.000000	0.000000	0.000000	0.000000	0.000000	0.000000	0.000000	0.000000
1761685874.252864838	0.000000	-0.000413	0.000024	-0.211614	0.000000	0.000000	-0.000000	0.001850	0.000193	0.035353	-0.000000	-0.000000	0.027105	0.407007	-1.962543	0.020405	-0.000000	0.000204	0.000000	0.000000	0.000000	0.000000	0.000000	0.000000	0.000000	0.000000
1761685874.352977753	0.000000	-0.000290	-0.000484	-0.200932	0.000000	0.000000	-0.000000	0.001263	0.001571	0.014286	0.000000	-0.000000	0.027105	0.407156	-1.962440	0.022715	-0.000000	0.000204	0.000000	0.000000	0.000000	0.000000	0.000000	0.000000	0.000000	0.000000
1761685874.452958107	0.000000	-0.000166	-0.000972	-0.176375	-0.000000	0.000000	-0.000000	0.000704	0.002848	-0.005986	-0.000000	-0.000000	0.027105	0.407244	-1.962206	0.022954	0.000000	0.000204	0.000000	0.000000	0.000000	0.000000	0.000000	0.000000	0.000000	0.000000
1761685874.552968740	0.000000	-0.000050	-0.001402	-0.139186	0.000000	0.000000	-0.000000	0.000210	0.003933	-0.024032	-0.000000	-0.000000	0.027105	0.407277	-1.961855	0.021285	-0.000000	0.000204	0.000000	0.000000	0.000000	0.000000	0.000000	0.000000	0.000000	0.000000
1761685874.653049946	0.000000	0.000047	-0.001737	-0.092721	-0.000000	0.000000	-0.000000	-0.000183	0.004747	-0.038571	-0.000000	-0.000000	0.027105	0.407266	-1.961413	0.018008	0.000000	0.000204	0.000000	0.000000	0.000000	0.000000	0.000000	0.000000	0.000000	0.000000
1761685874.753026962	0.000000	0.000117	-0.001951	-0.042278	0.000000	0.000000	-0.000000	-0.000451	0.005236	-0.048617	-0.000000	-0.000000	0.027105	0.407223	-1.960908	0.013533	-0.000000	0.000204	0.000000	0.000000	0.000000	0.000000	0.000000	0.000000	0.000000	0.000000
1761685874.852997541	0.000000	0.000155	-0.002030	0.006982	0.000000	0.000000	-0.000000	-0.000583	0.005378	-0.053686	-0.000000	-0.000000	0.027105	0.407163	-1.960374	0.008340	0.000000	0.000204	0.000000	0.000000	0.000000	0.000000	0.000000	0.000000	0.000000	0.000000
1761685874.952961206	-0.000000	0.000159	-0.001976	0.050731	0.000000	0.000000	0.000000	-0.000580	0.005189	-0.053809	-0.000000	0.000000	0.027105	0.407101	-1.959846	0.002930	-0.000000	0.000204	0.000000	0.000000	0.000000	0.000000	0.000000	0.000000	0.000000	0.000000
1761685875.052950144	-0.000000	0.000132	-0.001806	0.085825	0.000000	-0.000000	0.000000	-0.000459	0.004712	-0.049465	-0.000000	0.000000	0.027105	0.407049	-1.959353	-0.002227	-0.000000	0.000204	0.000000	0.000000	0.000000	0.000000	0.000000	0.000000	0.000000	0.000000
1761685875.152981043	-0.000000	0.000082	-0.001546	0.110399	0.000000	-0.000000	0.000000	-0.000242	0.004013	-0.041467	-0.000000	0.000000	0.027105	0.407018	-1.958921	-0.006732	0.000000	0.000204	0.000000	0.000000	0.000000	0.000000	0.000000	0.000000	0.000000	0.000000
1761685875.252838135	-0.000000	0.000016	-0.001229	0.123749	0.000000	-0.000000	0.000000	-0.000009	0.003311	-0.032677	-0.000000	0.000000	0.027105	0.407011	-1.958621	-0.009761	-0.000000	0.000204	0.000000	0.000000	0.000000	0.000000	0.000000	0.000000	0.000000	0.000000
1761685875.352787971	-0.000000	-0.000057	-0.000885	0.126127	0.000000	-0.000000	0.000000	0.000304	0.002405	-0.020747	-0.000000	0.000000	0.027105	0.407031	-1.958342	-0.012348	0.000000	0.000204	0.000000	0.000000	0.000000	0.000000	0.000000	0.000000	0.000000	0.000000
1761685875.453000784	-0.000000	-0.000117	-0.000599	0.120440	0.000000	-0.000000	0.000000	0.000626	0.001491	-0.008213	-0.000000	0.000000	0.027105	0.407083	-1.958156	-0.013694	-0.000000	0.000204	0.000000	0.000000	0.000000	0.000000	0.000000	0.000000	0.000000	0.000000
1761685875.552968025	-0.000000	-0.000185	-0.000281	0.105652	-0.000000	-0.000000	0.000000	0.000932	0.000638	0.003925	-0.000000	0.000000	0.027105	0.407165	-1.958058	-0.013804	-0.000000	0.000204	0.000000	0.000000	0.000000	0.000000	0.000000	0.000000	0.000000	0.000000
1761685875.652985811	-0.000000	-0.000243	-0.000005	0.083295	0.000000	-0.000000	0.000000	0.001198	-0.000099	0.014737	-0.000000	0.000000	0.027105	0.407274	-1.958039	-0.012770	-0.000000	0.000204	0.000000	0.000000	0.000000	0.000000	0.000000	0.000000	0.000000	0.000000
1761685875.753190517	-0.000000	-0.000287	0.000213	0.055598	0.000000	-0.000000	0.000000	0.001403	-0.000671	0.023439	0.000000	0.000000	0.027105	0.407406	-1.958085	-0.010773	0.000000	0.000204	0.000000	0.000000	0.000000	0.000000	0.000000	0.000000	0.000000	0.000000
1761685875.853014469	-0.000000	-0.000316	0.000364	0.025530	-0.000000	-0.000000	0.000000	0.001534	-0.001047	0.029461	0.000000	0.000000	0.027105	0.407554	-1.958177	-0.008059	-0.000000	0.000204	0.000000	0.000000	0.000000	0.000000	0.000000	0.000000	0.000000	0.000000
1761685875.952970505	-0.000000	-0.000329	0.000439	-0.004000	0.000000	-0.000000	0.000000	0.001586	-0.001214	0.032515	0.000000	0.000000	0.027105	0.407710	-1.958294	-0.004914	-0.000000	0.000204	0.000000	0.000000	0.000000	0.000000	0.000000	0.000000	0.000000	0.000000
1761685876.052940369	-0.000000	-0.000326	0.000439	-0.030473	-0.000000	-0.000000	0.000000	0.001559	-0.001179	0.032607	0.000000	-0.000000	0.027105	0.407867	-1.958415	-0.001636	-0.000000	0.000204	0.000000	0.000000	0.000000	0.000000	0.000000	0.000000	0.000000	0.000000
1761685876.153152466	0.000000	-0.000308	0.000371	-0.051961	0.000000	0.000000	-0.000000	0.001461	-0.000968	0.030001	0.000000	-0.000000	0.027105	0.408017	-1.958522	0.001491	-0.000000	0.000204	0.000000	0.000000	0.000000	0.000000	0.000000	0.000000	0.000000	0.000000
1761685876.253209352	0.000000	-0.000279	0.000250	-0.067216	0.000000	0.000000	-0.000000	0.001306	-0.000617	0.025163	0.000000	-0.000000	0.027105	0.408155	-1.958599	0.004223	0.000000	0.000204	0.000000	0.000000	0.000000	0.000000	0.000000	0.000000	0.000000	0.000000
1761685876.352742434	0.000000	-0.000240	0.000092	-0.075657	-0.000000	0.000000	-0.000000	0.001112	-0.000171	0.018695	0.000000	-0.000000	0.027105	0.408275	-1.958635	0.006373	0.000000	0.000204	0.000000	0.000000	0.000000	0.000000	0.000000	0.000000	0.000000	0.000000
1761685876.452927351	0.000000	-0.000196	-0.000084	-0.077304	-0.000000	0.000000	-0.000000	0.000932	0.000239	0.012531	0.000000	-0.000000	0.027105	0.408359	-1.958628	0.007627	0.000000	0.000204	0.000000	0.000000	0.000000	0.000000	0.000000	0.000000	0.000000	0.000000
1761685876.552983522	0.000000	-0.000149	-0.000265	-0.072679	-0.000000	0.000000	-0.000000	0.000711	0.000735	0.004856	-0.000000	-0.000000	0.027105	0.408438	-1.958575	0.008435	0.000000	0.000204	0.000000	0.000000	0.000000	0.000000	0.000000	0.000000	0.000000	0.000000
1761685876.652862310	0.000000	-0.000104	-0.000434	-0.062673	0.000000	0.000000	-0.000000	0.000501	0.001196	-0.002566	-0.000000	-0.000000	0.027105	0.408496	-1.958473	0.008482	-0.000000	0.000204	0.000000	0.000000	0.000000	0.000000	0.000000	0.000000	0.000000	0.000000
1761685876.753278732	0.000000	-0.000064	-0.000579	-0.048247	0.000000	0.000000	-0.000000	0.000316	0.001588	-0.009167	-0.000000	-0.000000	0.027105	0.408534	-1.958329	0.007829	-0.000000	0.000204	0.000000	0.000000	0.000000	0.000000	0.000000	0.000000	0.000000	0.000000
1761685876.852921963	0.000000	-0.000033	-0.000681	-0.031429	0.000000	0.000000	-0.000000	0.000176	0.001862	-0.014232	0.000000	-0.000000	0.027105	0.408556	-1.958154	0.006607	-0.000000	0.000204	0.000000	0.000000	0.000000	0.000000	0.000000	0.000000	0.000000	0.000000
1761685876.953129292	0.000000	-0.000012	-0.000739	-0.013690	-0.000000	0.000000	-0.000000	0.000082	0.002019	-0.017655	-0.000000	-0.000000	0.027105	0.408567	-1.957958	0.004973	0.000000	0.000204	0.000000	0.000000	0.000000	0.000000	0.000000	0.000000	0.000000	0.000000
1761685877.052782297	0.000000	-0.000002	-0.000753	2.018384	0.000000	0.000000	-0.000000	0.000035	0.002055	-0.019320	-0.000000	-0.000000	0.027105	0.408571	-1.957753	0.003098	0.000000	0.000204	0.000000	0.000000	0.000000	2.174179	0.000000	0.000000	0.000000	0.000000
1761685877.152871370	0.000000	-0.000788	0.003560	1.694340	-0.000001	0.000000	-0.000000	0.004381	-0.008839	0.147118	0.000000	-0.000000	0.027105	0.408793	-1.958090	0.009476	0.000000	0.000204	0.000000	0.000000	0.000000	2.174179	0.000000	0.000000	0.000000	0.000000
1761685877.252737284	0.000000	-0.001213	0.009077	1.096474	-0.000001	-0.000000	-0.000000	0.008891	-0.019908	0.321647	0.000000	0.000000	0.027105	0.409534	-1.959620	0.034581	0.000000	0.000204	0.000000	0.000000	0.000000	2.174179	0.000000	0.000000	0.000000	0.000000
1761685877.352739811	-0.000000	-0.001298	0.013645	0.406493	-0.000001	-0.000000	-0.000000	0.012232	-0.027622	0.451223	0.000000	0.000000	0.027104	0.410769	-1.962046	0.074969	0.000000	0.000204	0.000000	0.000000	0.000000	2.174179	0.000000	0.000000	0.000000	0.000000
1761685877.452963114	-0.000000	-0.001338	0.014911	-0.053252	-0.000001	-0.000000	-0.000000	0.013614	-0.029742	0.503372	0.000000	0.000000	0.027104	0.412366	-1.964821	0.123612	0.000000	0.000204	0.000000	0.000000	0.000000	2.174179	0.000000	0.000000	0.000000	0.000000
1761685877.553343296	-0.000000	-0.001448	0.014497	-0.479156	-0.000001	-0.000000	-0.000000	0.013778	-0.028447	0.505709	0.000000	0.000000	0.027104	0.414161	-1.967504	0.174404	0.000000	0.000204	0.000000	0.000000	0.000000	2.174179	0.000000	0.000000	0.000000	0.000000
1761685877.653133392	-0.000000	-0.001595	0.012319	-0.745057	-0.000001	-0.000000	0.000000	0.012867	-0.024366	0.464892	-0.000000	0.000000	0.027103	0.415982	-1.969815	0.222890	0.000000	0.000204	0.000000	0.000000	0.000000	2.174179	0.000000	0.000000	0.000000	0.000000
1761685877.752931595	-0.000000	-0.001684	0.009158	-0.873560	-0.000000	-0.000000	0.000000	0.011196	-0.018575	0.394818	-0.000000	0.000000	0.027103	0.417647	-1.971574	0.265476	0.000000	0.000204	0.000000	0.000000	0.000000	2.174179	0.000000	0.000000	0.000000	0.000000
1761685877.852999449	-0.000000	-0.001633	0.005826	-0.910461	-0.000000	-0.000000	0.000000	0.009093	-0.012099	0.309604	-0.000000	0.000000	0.027103	0.419018	-1.972720	0.300076	0.000000	0.000204	0.000000	0.000000	0.000000	2.174179	0.000000	0.000000	0.000000	0.000000
1761685877.952979088	-0.000000	-0.001419	0.002800	-0.890539	-0.000000	-0.000000	0.000000	0.006798	-0.005608	0.219173	-0.000000	0.000000	0.027103	0.420010	-1.973271	0.325787	0.000000	0.000204	0.000000	0.000000	0.000000	2.174179	0.000000	0.000000	0.000000	0.000000
1761685878.053031445	-0.000000	-0.001060	0.000274	-0.833925	0.000000	-0.000000	0.000000	0.004473	0.000514	0.129787	-0.000000	0.000000	0.027102	0.420588	-1.973283	0.342476	0.000000	0.000204	0.000000	0.000000	0.000000	2.174179	0.000000	0.000000	0.000000	0.000000
1761685878.152862787	-0.000000	-0.000598	-0.001927	-0.750801	0.000000	-0.000000	0.000000	0.002234	0.006056	0.045451	-0.000000	0.000000	0.027102	0.420756	-1.972819	0.350496	0.000000	0.000204	0.000000	0.000000	0.000000	2.174179	0.000000	0.000000	0.000000	0.000000
1761685878.252808809	-0.000000	-0.000083	-0.004014	-0.644598	0.000000	-0.000000	0.000000	0.000514	0.010088	-0.018502	-0.000000	0.000000	0.027102	0.420604	-1.972118	0.351039	0.000000	0.000204	0.000000	0.000000	0.000000	2.174179	0.000000	0.000000	0.000000	0.000000
1761685878.352786064	-0.000000	0.000441	-0.005853	-0.492588	0.000000	-0.000000	0.000000	-0.001337	0.014181	-0.086501	-0.000000	0.000000	0.027103	0.420119	-1.970957	0.345105	-0.000000	0.000204	0.000000	0.000000	0.000000	2.174179	0.000000	0.000000	0.000000	0.000000
1761685878.452896833	-0.000000	0.000845	-0.007059	-0.337821	0.000000	-0.000000	0.000000	-0.002823	0.017197	-0.140827	-0.000000	0.000000	0.027103	0.419373	-1.969516	0.333117	-0.000000	0.000204	0.000000	0.000000	0.000000	2.174179	0.000000	0.000000	0.000000	0.000000
1761685878.552967310	-0.000000	0.001209	-0.007955	-0.144481	0.000000	-0.000000	0.000000	-0.003813	0.018889	-0.177189	-0.000000	0.000000	0.027103	0.418465	-1.967895	0.316805	-0.000000	0.000204	0.000000	0.000000	0.000000	2.174179	0.000000	0.000000	0.000000	0.000000
1761685878.653114557	-0.000000	0.001403	-0.008239	0.037624	0.000000	-0.000000	0.000000	-0.004282	0.019273	-0.194859	-0.000000	0.000000	0.027103	0.417492	-1.966189	0.297921	-0.000000	0.000204	0.000000	0.000000	0.000000	2.174179	0.000000	0.000000	0.000000	0.000000
1761685878.753021002	-0.000000	0.001401	-0.007908	0.189076	0.000000	-0.000000	0.000000	-0.004237	0.018424	-0.194132	-0.000000	0.000000	0.027103	0.416545	-1.964502	0.278351	-0.000000	0.000204	0.000000	0.000000	0.000000	2.174179	0.000000	0.000000	0.000000	0.000000
1761685878.852941275	-0.000000	0.001235	-0.007088	0.301381	0.000000	-0.000000	0.000000	-0.003760	0.016581	-0.177749	0.000000	0.000000	0.027103	0.415699	-1.962929	0.259789	-0.000000	0.000204	0.000000	0.000000	0.000000	2.174179	0.000000	0.000000	0.000000	0.000000
1761685878.952964067	0.000000	0.000960	-0.005944	0.373508	0.000000	-0.000000	-0.000000	-0.002964	0.014038	-0.149482	0.000000	0.000000	0.027104	0.415001	-1.961545	0.243585	-0.000000	0.000204	0.000000	0.000000	0.000000	2.174179	0.000000	0.000000	0.000000	0.000000
1761685879.052966833	0.000000	0.000636	-0.004644	0.408663	0.000000	-0.000000	-0.000000	-0.001966	0.011089	-0.113334	0.000000	0.000000	0.027104	0.414479	-1.960402	0.230695	-0.000000	0.000204	0.000000	0.000000	0.000000	2.174179	0.000000	0.000000	0.000000	0.000000
1761685879.152994633	0.000000	0.000311	-0.003322	0.411724	0.000000	-0.000000	-0.000000	-0.000875	0.007995	-0.073053	0.000000	0.000000	0.027104	0.414141	-1.959527	0.221687	-0.000000	0.000204	0.000000	0.000000	0.000000	2.174179	0.000000	0.000000	0.000000	0.000000
1761685879.252822638	0.000000	0.000020	-0.002078	0.387783	-0.000000	-0.000000	-0.000000	0.000221	0.004974	-0.031932	0.000000	0.000000	0.027104	0.413983	-1.958924	0.216778	-0.000000	0.000204	0.000000	0.000000	0.000000	2.174179	0.000000	0.000000	0.000000	0.000000
1761685879.352788687	0.000000	-0.000227	-0.000978	0.341614	-0.000000	-0.000000	-0.000000	0.001078	0.002655	0.000782	0.000000	0.000000	0.027104	0.413979	-1.958621	0.215766	-0.000000	0.000204	0.000000	0.000000	0.000000	2.174179	0.000000	0.000000	0.000000	0.000000
1761685879.452754021	0.000000	-0.000426	-0.000061	0.272522	-0.000000	-0.000000	-0.000000	0.002001	0.000198	0.036483	0.000000	0.000000	0.027104	0.414113	-1.958471	0.217978	-0.000000	0.000204	0.000000	0.000000	0.000000	2.174179	0.000000	0.000000	0.000000	0.000000
1761685879.552758932	0.000000	-0.000568	0.000634	0.186634	-0.000000	-0.000000	-0.000000	0.002716	-0.001674	0.064887	0.000000	0.000000	0.027104	0.414371	-1.958508	0.223332	-0.000000	0.000204	0.000000	0.000000	0.000000	2.174179	0.000000	0.000000	0.000000	0.000000
1761685879.652771235	0.000000	-0.000659	0.001122	0.094083	-0.000000	-0.000000	-0.000000	0.003206	-0.002936	0.084981	0.000000	0.000000	0.027104	0.414720	-1.958679	0.231052	0.000000	0.000204	0.000000	0.000000	0.000000	2.174179	0.000000	0.000000	0.000000	0.000000
1761685879.752789497	0.000000	-0.000702	0.001366	0.005121	-0.000000	-0.000000	-0.000000	0.003452	-0.003552	0.095932	0.000000	0.000000	0.027104	0.415125	-1.958926	0.240253	0.000000	0.000204	0.000000	0.000000	0.000000	2.174179	0.000000	0.000000	0.000000	0.000000
1761685879.852799654	-0.000000	-0.000703	0.001370	-0.072446	-0.000000	-0.000000	0.000000	0.003462	-0.003558	0.097927	0.000000	0.000000	0.027103	0.415549	-1.959190	0.250025	0.000000	0.000204	0.000000	0.000000	0.000000	2.174179	0.000000	0.000000	0.000000	0.000000
1761685879.952732086	-0.000000	-0.000668	0.001166	-0.133776	-0.000000	-0.000000	0.000000	0.003265	-0.003042	0.091975	0.000000	0.000000	0.027103	0.415957	-1.959424	0.259524	0.000000	0.000204	0.000000	0.000000	0.000000	2.174179	0.000000	0.000000	0.000000	0.000000
1761685880.053003788	-0.000000	-0.000601	0.000810	-0.176717	-0.000000	-0.000000	0.000000	0.002901	-0.002126	0.079620	-0.000000	0.000000	0.027103	0.416319	-1.959589	0.268043	0.000000	0.000204	0.000000	0.000000	0.000000	2.174179	0.000000	0.000000	0.000000	0.000000
1761685880.152806282	-0.000000	-0.000509	0.000361	-0.201144	-0.000000	-0.000000	0.000000	0.002420	-0.000942	0.062664	-0.000000	0.000000	0.027103	0.416611	-1.959658	0.275046	0.000000	0.000204	0.000000	0.000000	0.000000	2.174179	0.000000	0.000000	0.000000	0.000000
1761685880.252955675	-0.000000	-0.000418	-0.000043	-0.208129	-0.000000	-0.000000	0.000000	0.001870	0.000378	0.042956	-0.000000	0.000000	0.027103	0.416818	-1.959618	0.280180	0.000000	0.000204	0.000000	0.000000	0.000000	2.174179	0.000000	0.000000	0.000000	0.000000
1761685880.352836132	-0.000000	-0.000299	-0.000541	-0.202434	-0.000000	-0.000000	0.000000	0.001393	0.001499	0.025729	-0.000000	-0.000000	0.027103	0.416920	-1.959497	0.282902	0.000000	0.000204	0.000000	0.000000	0.000000	2.174179	0.000000	0.000000	0.000000	0.000000
1761685880.452798367	-0.000000	-0.000176	-0.001028	-0.183103	0.000000	0.000000	0.000000	0.000830	0.002788	0.005296	-0.000000	-0.000000	0.027103	0.416959	-1.959250	0.284277	0.000000	0.000204	0.000000	0.000000	0.000000	2.174179	0.000000	0.000000	0.000000	0.000000
1761685880.552800179	-0.000000	-0.000058	-0.001470	-0.151854	0.000000	0.000000	0.000000	0.000312	0.003934	-0.013659	-0.000000	0.000000	0.027103	0.416911	-1.958902	0.283679	0.000000	0.000204	0.000000	0.000000	0.000000	2.174179	0.000000	0.000000	0.000000	0.000000
1761685880.653055906	-0.000000	0.000045	-0.001832	-0.110313	0.000000	-0.000000	0.000000	-0.000128	0.004858	-0.029886	-0.000000	0.000000	0.027103	0.416790	-1.958469	0.281332	0.000000	0.000204	0.000000	0.000000	0.000000	2.174179	0.000000	0.000000	0.000000	0.000000
1761685880.752978563	-0.000000	0.000126	-0.002084	-0.063085	0.000000	-0.000000	0.000000	-0.000461	0.005496	-0.042302	-0.000000	0.000000	0.027103	0.416613	-1.957972	0.277573	0.000000	0.000204	0.000000	0.000000	0.000000	2.174179	0.000000	0.000000	0.000000	0.000000
1761685880.852987289	-0.000000	0.000178	-0.002209	-0.015058	0.000000	-0.000000	0.000000	-0.000668	0.005811	-0.050185	-0.000000	0.000000	0.027103	0.416400	-1.957438	0.272830	-0.000000	0.000204	0.000000	0.000000	0.000000	2.174179	0.000000	0.000000	0.000000	0.000000
1761685880.952867508	-0.000000	0.000196	-0.002204	0.029429	0.000000	-0.000000	0.000000	-0.000746	0.005800	-0.053291	-0.000000	0.000000	0.027103	0.416174	-1.956895	0.267577	-0.000000	0.000204	0.000000	0.000000	0.000000	2.174179	0.000000	0.000000	0.000000	0.000000
1761685881.052845001	-0.000000	0.000183	-0.002078	0.067005	0.000000	-0.000000	0.000000	-0.000699	0.005488	-0.051831	-0.000000	0.000000	0.027103	0.415956	-1.956369	0.262284	-0.000000	0.000204	0.000000	0.000000	0.000000	2.174179	0.000000	0.000000	0.000000	0.000000
1761685881.152820110	-0.000000	0.000144	-0.001855	0.095432	0.000000	-0.000000	0.000000	-0.000548	0.004925	-0.046384	-0.000000	0.000000	0.027103	0.415763	-1.955883	0.257377	-0.000000	0.000204	0.000000	0.000000	0.000000	2.174179	0.000000	0.000000	0.000000	0.000000
1761685881.253126144	-0.000000	0.000097	-0.001614	0.111267	0.000000	-0.000000	0.000000	-0.000315	0.004176	-0.037788	-0.000000	0.000000	0.027103	0.415608	-1.955458	0.253208	-0.000000	0.000204	0.000000	0.000000	0.000000	2.174179	0.000000	0.000000	0.000000	0.000000
1761685881.352782488	-0.000000	0.000029	-0.001283	0.120368	0.000000	-0.000000	0.000000	-0.000026	0.003307	-0.026925	0.000000	0.000000	0.027104	0.415503	-1.955106	0.250052	-0.000000	0.000204	0.000000	0.000000	0.000000	2.174179	0.000000	0.000000	0.000000	0.000000
1761685881.452815533	-0.000000	-0.000043	-0.000941	0.119690	0.000000	-0.000000	0.000000	0.000233	0.002554	-0.017046	0.000000	0.000000	0.027104	0.415454	-1.954872	0.248297	-0.000000	0.000204	0.000000	0.000000	0.000000	2.174179	0.000000	0.000000	0.000000	0.000000
1761685881.553112030	-0.000000	-0.000112	-0.000609	0.110109	0.000000	-0.000000	0.000000	0.000543	0.001670	-0.005055	0.000000	0.000000	0.027104	0.415445	-1.954665	0.247293	-0.000000	0.000204	0.000000	0.000000	0.000000	2.174179	0.000000	0.000000	0.000000	0.000000
1761685881.652821779	-0.000000	-0.000173	-0.000316	0.093300	0.000000	-0.000000	0.000000	0.000824	0.000877	0.006116	0.000000	0.000000	0.027104	0.415484	-1.954531	0.247446	-0.000000	0.000204	0.000000	0.000000	0.000000	2.174179	0.000000	0.000000	0.000000	0.000000
1761685881.753373861	-0.000000	-0.000223	-0.000075	0.070568	-0.000000	-0.000000	0.000000	0.001060	0.000216	0.015726	0.000000	0.000000	0.027103	0.415566	-1.954461	0.248630	-0.000000	0.000204	0.000000	0.000000	0.000000	2.174179	0.000000	0.000000	0.000000	0.000000
1761685881.853029490	-0.000000	-0.000259	0.000105	0.044363	-0.000000	-0.000000	0.000000	0.001235	-0.000280	0.023162	0.000000	0.000000	0.027103	0.415681	-1.954440	0.250652	-0.000000	0.000204	0.000000	0.000000	0.000000	2.174179	0.000000	0.000000	0.000000	0.000000
1761685881.952926159	-0.000000	-0.000283	0.000230	0.016364	-0.000000	-0.000000	0.000000	0.001352	-0.000623	0.028472	0.000000	0.000000	0.027103	0.415820	-1.954456	0.253307	-0.000000	0.000204	0.000000	0.000000	0.000000	2.174179	0.000000	0.000000	0.000000	0.000000
1761685882.053255558	-0.000000	-0.000291	0.000285	-0.010395	-0.000000	-0.000000	0.000000	0.001395	-0.000773	0.031041	0.000000	0.000000	0.027103	0.415973	-1.954492	0.256335	0.000000	0.000204	0.000000	0.000000	0.000000	2.174179	0.000000	0.000000	0.000000	0.000000
1761685882.152974606	-0.000000	-0.000283	0.000261	-0.032822	-0.000000	-0.000000	0.000000	0.001355	-0.000708	0.030448	0.000000	0.000000	0.027103	0.416125	-1.954529	0.259423	0.000000	0.000204	0.000000	0.000000	0.000000	2.174179	0.000000	0.000000	0.000000	0.000000
1761685882.252774954	-0.000000	-0.000262	0.000183	-2.065260	-0.000000	0.000000	0.000000	0.001254	-0.000494	0.027539	0.000000	-0.000000	0.027103	0.416266	-1.954553	0.262314	0.000000	0.000204	0.000000	0.000000	0.000000	0.000000	0.000000	0.000000	0.000000	0.000000
1761685882.353014231	-0.000000	0.000602	-0.003194	-1.832768	0.000002	-0.000002	0.000000	-0.002283	0.008264	-0.106888	-0.000001	0.000000	0.027103	0.416160	-1.954250	0.259412	-0.000000	0.000204	0.000000	0.000000	0.000000	0.000000	0.000000	0.000000	0.000000	0.000000
1761685882.452876091	-0.000000	0.002034	-0.007579	-1.377847	0.000003	-0.000001	0.000000	-0.007113	0.020103	-0.292952	-0.000001	0.000000	0.027104	0.415287	-1.952897	0.237753	-0.000000	0.000204	0.000000	0.000000	0.000000	0.000000	0.000000	0.000000	0.000000	0.000000
1761685882.552950144	-0.000000	0.003863	-0.012260	-0.691861	0.000003	-0.000000	0.000000	-0.010740	0.028892	-0.438319	-0.000001	0.000000	0.027104	0.413824	-1.950614	0.199663	-0.000000	0.000204	0.000000	0.000000	0.000000	0.000000	0.000000	0.000000	0.000000	0.000000
1761685882.652980804	-0.000000	0.005063	-0.014938	-0.032487	0.000002	0.000000	0.000000	-0.012447	0.033036	-0.518938	-0.000000	-0.000000	0.027104	0.412102	-1.947706	0.150652	-0.000000	0.000204	0.000000	0.000000	0.000000	0.000000	0.000000	0.000000	0.000000	0.000000
1761685882.752972126	-0.000000	0.005215	-0.015086	0.463507	0.000002	0.000000	-0.000000	-0.012211	0.032603	-0.533176	-0.000000	-0.000000	0.027105	0.410457	-1.944577	0.097470	-0.000000	0.000204	0.000000	0.000000	0.000000	0.000000	0.000000	0.000000	0.000000	0.000000
1761685882.852957487	0.000000	0.004476	-0.013233	0.767346	0.000001	-0.000000	-0.000000	-0.010506	0.028746	-0.495092	0.000000	0.000000	0.027105	0.409108	-1.941610	0.046030	-0.000000	0.000204	0.000000	0.000000	0.000000	0.000000	0.000000	0.000000	0.000000	0.000000
1761685882.952986002	0.000000	0.003279	-0.010309	0.917826	0.000001	-0.000000	-0.000000	-0.007950	0.022876	-0.423421	0.000000	0.000000	0.027105	0.408140	-1.939089	0.000491	-0.000000	0.000204	0.000000	0.000000	0.000000	0.000000	0.000000	0.000000	0.000000	0.000000
1761685883.052943468	0.000000	0.002014	-0.007096	0.966964	0.000000	-0.000000	-0.000000	-0.005053	0.016131	-0.334147	0.000000	0.000000	0.027105	0.407545	-1.937180	-0.036748	-0.000000	0.000204	0.000000	0.000000	0.000000	0.000000	0.000000	0.000000	0.000000	0.000000
1761685883.152995586	0.000000	0.000907	-0.004058	0.952901	0.000000	-0.000000	-0.000000	-0.002148	0.009250	-0.238269	0.000000	0.000000	0.027105	0.407269	-1.935954	-0.064604	-0.000000	0.000204	0.000000	0.000000	0.000000	0.000000	0.000000	0.000000	0.000000	0.000000
1761685883.252937317	0.000000	0.000050	-0.001402	0.897358	-0.000000	-0.000000	-0.000000	0.000578	0.002665	-0.142745	0.000000	0.000000	0.027105	0.407253	-1.935414	-0.082849	-0.000000	0.000204	0.000000	0.000000	0.000000	0.000000	0.000000	0.000000	0.000000	0.000000
1761685883.353000164	0.000000	-0.000583	0.000851	0.811201	-0.000001	-0.000000	-0.000000	0.003024	-0.003372	-0.052083	0.000000	0.000000	0.027105	0.407446	-1.935522	-0.091796	-0.000000	0.000204	0.000000	0.000000	0.000000	0.000000	0.000000	0.000000	0.000000	0.000000
1761685883.453091145	0.000000	-0.001035	0.003052	0.698427	-0.000001	-0.000000	-0.000000	0.005132	-0.008688	0.030473	0.000000	0.000000	0.027105	0.407811	-1.936211	-0.092129	-0.000000	0.000204	0.000000	0.000000	0.000000	0.000000	0.000000	0.000000	0.000000	0.000000
1761685883.553001165	0.000000	-0.001330	0.005125	0.533151	-0.000001	-0.000000	-0.000000	0.006859	-0.013111	0.102195	0.000000	0.000000	0.027105	0.408326	-1.937394	-0.084820	0.000000	0.000204	0.000000	0.000000	0.000000	0.000000	0.000000	0.000000	0.000000	0.000000
1761685883.652956486	0.000000	-0.001495	0.006815	0.325264	-0.000001	-0.000000	-0.000000	0.008112	-0.016331	0.158265	0.000000	0.000000	0.027105	0.408969	-1.938956	-0.071215	0.000000	0.000204	0.000000	0.000000	0.000000	0.000000	0.000000	0.000000	0.000000	0.000000
1761685883.752810955	-0.000000	-0.001562	0.007861	0.108277	-0.000001	-0.000000	-0.000000	0.008707	-0.017834	0.188835	0.000000	0.000000	0.027105	0.409584	-1.940443	-0.056382	0.000000	0.000204	0.000000	0.000000	0.000000	0.000000	0.000000	0.000000	0.000000	0.000000
1761685883.852787018	-0.000000	-0.001562	0.008136	-0.088177	-0.000001	-0.000000	-0.000000	0.008928	-0.018328	0.206896	0.000000	0.000000	0.027105	0.410389	-1.942311	-0.036204	0.000000	0.000204	0.000000	0.000000	0.000000	0.000000	0.000000	0.000000	0.000000	0.000000
1761685883.952948809	-0.000000	-0.001516	0.007685	-0.245426	-0.000001	-0.000000	0.000000	0.008629	-0.017445	0.204626	0.000000	0.000000	0.027104	0.411224	-1.944128	-0.015428	0.000000	0.000204	0.000000	0.000000	0.000000	0.000000	0.000000	0.000000	0.000000	0.000000
1761685884.052831888	-0.000000	-0.001428	0.006679	-0.356349	-0.000000	-0.000000	0.000000	0.007910	-0.015468	0.185325	-0.000000	0.000000	0.027104	0.412041	-1.945772	0.004083	0.000000	0.000204	0.000000	0.000000	0.000000	0.000000	0.000000	0.000000	0.000000	0.000000
1761685884.152760506	-0.000000	-0.001296	0.005344	-0.422059	-0.000000	-0.000000	0.000000	0.006888	-0.012739	0.153388	-0.000000	0.000000	0.027104	0.412793	-1.947157	0.020876	0.000000	0.000204	0.000000	0.000000	0.000000	0.000000	0.000000	0.000000	0.000000	0.000000
1761685884.252815485	-0.000000	-0.001120	0.003886	-0.447770	-0.000000	-0.000000	0.000000	0.005683	-0.009596	0.113372	-0.000000	0.000000	0.027104	0.413443	-1.948233	0.033953	0.000000	0.000204	0.000000	0.000000	0.000000	0.000000	0.000000	0.000000	0.000000	0.000000
1761685884.352950573	-0.000000	-0.000906	0.002464	-0.439806	0.000000	-0.000000	0.000000	0.004405	-0.006327	0.069452	-0.000000	0.000000	0.027104	0.413967	-1.948983	0.042757	0.000000	0.000204	0.000000	0.000000	0.000000	0.000000	0.000000	0.000000	0.000000	0.000000
1761685884.452831268	-0.000000	-0.000668	0.001185	-0.404134	0.000000	-0.000000	0.000000	0.003147	-0.003169	0.025206	-0.000000	0.000000	0.027104	0.414353	-1.949412	0.047113	0.000000	0.000204	0.000000	0.000000	0.000000	0.000000	0.000000	0.000000	0.000000	0.000000
1761685884.552792311	-0.000000	-0.000423	0.000105	-0.344964	0.000000	-0.000000	0.000000	0.001988	-0.000304	-0.016396	-0.000000	0.000000	0.027104	0.414606	-1.949546	0.047167	0.000000	0.000204	0.000000	0.000000	0.000000	0.000000	0.000000	0.000000	0.000000	0.000000
1761685884.652757883	-0.000000	-0.000193	-0.000784	-0.259444	0.000000	-0.000000	0.000000	0.000991	0.002121	-0.052865	-0.000000	0.000000	0.027104	0.414739	-1.949423	0.043334	0.000000	0.000204	0.000000	0.000000	0.000000	0.000000	0.000000	0.000000	0.000000	0.000000
1761685884.752822876	-0.000000	-0.000004	-0.001482	-0.156764	0.000000	-0.000000	0.000000	0.000223	0.003960	-0.081660	-0.000000	0.000000	0.027104	0.414777	-1.949095	0.036273	-0.000000	0.000204	0.000000	0.000000	0.000000	0.000000	0.000000	0.000000	0.000000	0.000000
1761685884.852793932	-0.000000	0.000123	-0.001924	-0.050091	0.000000	-0.000000	0.000000	-0.000269	0.005099	-0.100759	-0.000000	0.000000	0.027104	0.414753	-1.948625	0.026879	-0.000000	0.000204	0.000000	0.000000	0.000000	0.000000	0.000000	0.000000	0.000000	0.000000
1761685884.952757835	-0.000000	0.000176	-0.002082	0.048829	0.000000	-0.000000	0.000000	-0.000467	0.005503	-0.109324	-0.000000	0.000000	0.027104	0.414699	-1.948085	0.016185	-0.000000	0.000204	0.000000	0.000000	0.000000	0.000000	0.000000	0.000000	0.000000	0.000000
1761685885.052894592	-0.000000	0.000154	-0.001972	0.131477	0.000000	-0.000000	0.000000	-0.000389	0.005223	-0.107738	-0.000000	0.000000	0.027104	0.414648	-1.947544	0.005235	-0.000000	0.000204	0.000000	0.000000	0.000000	0.000000	0.000000	0.000000	0.000000	0.000000
1761685885.152776241	-0.000000	0.000072	-0.001640	0.193016	0.000000	-0.000000	0.000000	-0.000082	0.004372	-0.097345	-0.000000	0.000000	0.027104	0.414625	-1.947066	-0.005025	-0.000000	0.000204	0.000000	0.000000	0.000000	0.000000	0.000000	0.000000	0.000000	0.000000
1761685885.253378868	-0.000000	-0.000050	-0.001151	0.221358	0.000000	-0.000000	0.000000	0.000397	0.003098	-0.080095	0.000000	0.000000	0.027104	0.414646	-1.946699	-0.013821	-0.000000	0.000204	0.000000	0.000000	0.000000	0.000000	0.000000	0.000000	0.000000	0.000000
1761685885.352952242	-0.000000	-0.000169	-0.000680	0.247054	0.000000	-0.000000	0.000000	0.000975	0.001584	-0.058432	0.000000	0.000000	0.027104	0.414723	-1.946478	-0.020587	-0.000000	0.000204	0.000000	0.000000	0.000000	0.000000	0.000000	0.000000	0.000000	0.000000
1761685885.452932835	-0.000000	-0.000315	-0.000086	0.247110	0.000000	-0.000000	0.000000	0.001603	-0.000059	-0.034155	0.000000	0.000000	0.027104	0.414858	-1.946418	-0.025031	-0.000000	0.000204	0.000000	0.000000	0.000000	0.000000	0.000000	0.000000	0.000000	0.000000
1761685885.552830935	-0.000000	-0.000454	0.000508	0.228898	-0.000000	-0.000000	-0.000000	0.002223	-0.001678	-0.009445	0.000000	0.000000	0.027104	0.415015	-1.946495	-0.026848	-0.000000	0.000204	0.000000	0.000000	0.000000	0.000000	0.000000	0.000000	0.000000	0.000000
1761685885.652938843	-0.000000	-0.000573	0.001077	0.195414	-0.000000	-0.000000	-0.000000	0.002693	-0.002905	0.009934	0.000000	0.000000	0.027104	0.415255	-1.946732	-0.026814	-0.000000	0.000204	0.000000	0.000000	0.000000	0.000000	0.000000	0.000000	0.000000	0.000000
1761685885.752826452	-0.000000	-0.000667	0.001572	0.147611	-0.000000	-0.000000	0.000000	0.003248	-0.004359	0.033848	0.000000	0.000000	0.027103	0.415596	-1.947180	-0.024014	-0.000000	0.000204	0.000000	0.000000	0.000000	0.000000	0.000000	0.000000	0.000000	0.000000
1761685885.852772951	-0.000000	-0.000732	0.001949	0.090655	-0.000000	-0.000000	0.000000	0.003580	-0.005231	0.049406	0.000000	0.000000	0.027103	0.415873	-1.947588	-0.020512	-0.000000	0.000204	0.000000	0.000000	0.000000	0.000000	0.000000	0.000000	0.000000	0.000000
1761685885.952900648	-0.000000	-0.000767	0.002173	0.031024	-0.000000	-0.000000	0.000000	0.003758	-0.005705	0.059421	0.000000	0.000000	0.027103	0.416291	-1.948236	-0.014124	0.000000	0.000204	0.000000	0.000000	0.000000	0.000000	0.000000	0.000000	0.000000	0.000000
1761685886.052864790	-0.000000	-0.000773	0.002230	-0.025316	-0.000000	-0.000000	0.000000	0.003780	-0.005772	0.063000	0.000000	0.000000	0.027103	0.416601	-1.948721	-0.008960	0.000000	0.000204	0.000000	0.000000	0.000000	0.000000	0.000000	0.000000	0.000000	0.000000
1761685886.153069258	-0.000000	-0.000752	0.002128	-0.073647	-0.000000	-0.000000	0.000000	0.003677	-0.005521	0.062346	0.000000	0.000000	0.027103	0.416971	-1.949290	-0.002636	0.000000	0.000204	0.000000	0.000000	0.000000	0.000000	0.000000	0.000000	0.000000	0.000000
1761685886.253028870	-0.000000	-0.000707	0.001893	-0.105426	-0.000000	-0.000000	0.000000	0.003444	-0.004943	0.056593	0.000000	0.000000	0.027103	0.417327	-1.949811	0.003317	0.000000	0.000204	0.000000	0.000000	0.000000	0.000000	0.000000	0.000000	0.000000	0.000000
1761685886.352860451	-0.000000	-0.000655	0.001615	-0.131401	-0.000000	-0.000000	0.000000	0.003106	-0.004108	0.046580	0.000000	0.000000	0.027103	0.417655	-1.950256	0.008414	0.000000	0.000204	0.000000	0.000000	0.000000	0.000000	0.000000	0.000000	0.000000	0.000000
1761685886.452860594	-0.000000	-0.000579	0.001235	-0.144709	-0.000000	-0.000000	0.000000	0.002704	-0.003124	0.033873	-0.000000	0.000000	0.027103	0.417946	-1.950607	0.012349	0.000000	0.000204	0.000000	0.000000	0.000000	0.000000	0.000000	0.000000	0.000000	0.000000
1761685886.552981615	-0.000000	-0.000494	0.000832	-0.145514	-0.000000	-0.000000	0.000000	0.002272	-0.002072	0.019623	-0.000000	0.000000	0.027103	0.418195	-1.950855	0.014914	0.000000	0.000204	0.000000	0.000000	0.000000	0.000000	0.000000	0.000000	0.000000	0.000000
1761685886.653293848	-0.000000	-0.000405	0.000441	-0.135087	-0.000000	0.000000	0.000000	0.001841	-0.001040	0.005085	-0.000000	-0.000000	0.027103	0.418399	-1.950999	0.016029	0.000000	0.000204	0.000000	0.000000	0.000000	0.000000	0.000000	0.000000	0.000000	0.000000
1761685886.752877712	-0.000000	-0.000319	0.000090	-0.115099	0.000000	0.000000	0.000000	0.001442	-0.000099	-0.008597	-0.000000	0.000000	0.027103	0.418560	-1.951045	0.015732	0.000000	0.000204	0.000000	0.000000	0.000000	0.000000	0.000000	0.000000	0.000000	0.000000
1761685886.852940083	-0.000000	-0.000242	-0.000205	-0.086907	0.000000	0.000000	0.000000	0.001101	0.000688	-0.020440	-0.000000	0.000000	0.027103	0.418683	-1.951006	0.014168	0.000000	0.000204	0.000000	0.000000	0.000000	0.000000	0.000000	0.000000	0.000000	0.000000
1761685886.952948332	-0.000000	-0.000180	-0.000431	-0.053546	0.000000	-0.000000	0.000000	0.000838	0.001272	-0.029601	-0.000000	0.000000	0.027103	0.418776	-1.950900	0.011570	0.000000	0.000204	0.000000	0.000000	0.000000	0.000000	0.000000	0.000000	0.000000	0.000000
1761685887.053039312	-0.000000	-0.000138	-0.000575	-0.018542	0.000000	-0.000000	0.000000	0.000667	0.001622	-0.035511	-0.000000	0.000000	0.027103	0.418848	-1.950750	0.008242	0.000000	0.000204	0.000000	0.000000	0.000000	0.000000	0.000000	0.000000	0.000000	0.000000
1761685887.152965546	-0.000000	-0.000117	-0.000630	0.014803	0.000000	-0.000000	0.000000	0.000592	0.001731	-0.037949	-0.000000	0.000000	0.027103	0.418909	-1.950580	0.004524	-0.000000	0.000204	0.000000	0.000000	0.000000	0.000000	0.000000	0.000000	0.000000	0.000000
1761685887.253025532	-0.000000	-0.000118	-0.000601	0.043758	0.000000	-0.000000	0.000000	0.000607	0.001614	-0.037024	-0.000000	0.000000	0.027103	0.418968	-1.950412	0.000760	-0.000000	0.000204	0.000000	0.000000	0.000000	0.000000	0.000000	0.000000	0.000000	0.000000
1761685887.352724314	-0.000000	-0.000137	-0.000498	0.066354	0.000000	-0.000000	0.000000	0.000682	0.001363	-0.033860	-0.000000	0.000000	0.027103	0.419022	-1.950289	-0.002183	-0.000000	0.000204	0.000000	0.000000	0.000000	0.000000	0.000000	0.000000	0.000000	0.000000
1761685887.452940941	-0.000000	-0.000172	-0.000332	0.080623	0.000000	-0.000000	0.000000	0.000835	0.000909	-0.027602	-0.000000	0.000000	0.027103	0.419099	-1.950179	-0.005220	-0.000000	0.000204	0.000000	0.000000	0.000000	0.000000	0.000000	0.000000	0.000000	0.000000
1761685887.553128481	-0.000000	-0.000214	-0.000135	0.084521	0.000000	-0.000000	0.000000	0.001025	0.000368	-0.019777	-0.000000	0.000000	0.027103	0.419193	-1.950119	-0.007533	-0.000000	0.000204	0.000000	0.000000	0.000000	0.000000	0.000000	0.000000	0.000000	0.000000
1761685887.653316498	-0.000000	-0.000258	0.000067	0.085092	0.000000	-0.000000	0.000000	0.001224	-0.000191	-0.011390	0.000000	0.000000	0.027103	0.419307	-1.950116	-0.009024	-0.000000	0.000204	0.000000	0.000000	0.000000	0.000000	0.000000	0.000000	0.000000	0.000000
1761685887.752891302	-0.000000	-0.000300	0.000266	0.081164	0.000000	-0.000000	0.000000	0.001421	-0.000739	-0.002890	0.000000	0.000000	0.027103	0.419441	-1.950168	-0.009668	-0.000000	0.000204	0.000000	0.000000	0.000000	0.000000	0.000000	0.000000	0.000000	0.000000
1761685887.852911472	-0.000000	-0.000339	0.000454	0.069206	0.000000	-0.000000	0.000000	0.001605	-0.001248	0.005291	0.000000	0.000000	0.027103	0.419593	-1.950274	-0.009477	-0.000000	0.000204	0.000000	0.000000	0.000000	0.000000	0.000000	0.000000	0.000000	0.000000
1761685887.953115940	-0.000000	-0.000365	0.000586	0.052300	-0.000000	-0.000000	0.000000	0.001757	-0.001670	0.012411	0.000000	0.000000	0.027103	0.419761	-1.950425	-0.008524	-0.000000	0.000204	0.000000	0.000000	0.000000	0.000000	0.000000	0.000000	0.000000	0.000000
1761685888.052723885	-0.000000	-0.000391	0.000726	0.032347	-0.000000	-0.000000	0.000000	0.001863	-0.001974	0.017923	0.000000	0.000000	0.027103	0.419942	-1.950612	-0.006950	-0.000000	0.000204	0.000000	0.000000	0.000000	0.000000	0.000000	0.000000	0.000000	0.000000
1761685888.152944565	-0.000000	-0.000401	0.000789	0.011369	-0.000000	-0.000000	0.000000	0.001916	-0.002138	0.021490	0.000000	0.000000	0.027103	0.420130	-1.950821	-0.004936	-0.000000	0.000204	0.000000	0.000000	0.000000	0.000000	0.000000	0.000000	0.000000	0.000000
1761685888.252899647	-0.000000	-0.000400	0.000798	-2.019897	-0.000000	-0.000000	0.000000	0.001914	-0.002160	0.022977	0.000000	0.000000	0.027103	0.420321	-1.951038	-0.002685	-0.000000	0.000204	0.000000	0.000000	0.000000	-2.170056	0.000000	0.000000	0.000000	0.000000
1761685888.352786779	-0.000000	0.000430	-0.002496	-1.785110	0.000001	0.000000	0.000000	-0.002465	0.008746	-0.143500	-0.000000	-0.000000	0.027103	0.420296	-1.950709	-0.008702	-0.000000	0.000204	0.000000	0.000000	0.000000	-2.170056	0.000000	0.000000	0.000000	0.000000
1761685888.452837944	-0.000000	0.002146	-0.007723	-1.207766	0.000001	-0.000000	0.000000	-0.007167	0.020417	-0.325593	-0.000000	0.000000	0.027103	0.419804	-1.949131	-0.033823	-0.000000	0.000204	0.000000	0.000000	0.000000	-2.170056	0.000000	0.000000	0.000000	0.000000
1761685888.552900553	-0.000000	0.003827	-0.011997	-0.514152	0.000001	-0.000000	0.000000	-0.010325	0.028268	-0.455992	-0.000000	0.000000	0.027103	0.419028	-1.946556	-0.074390	-0.000000	0.000204	0.000000	0.000000	0.000000	-2.170056	0.000000	0.000000	0.000000	0.000000
1761685888.653004408	-0.000000	0.004741	-0.014068	0.105563	0.000001	-0.000000	0.000000	-0.011486	0.031333	-0.518967	-0.000000	0.000000	0.027103	0.418219	-1.943423	-0.124144	-0.000000	0.000204	0.000000	0.000000	0.000000	-2.170056	0.000000	0.000000	0.000000	0.000000
1761685888.752830982	-0.000000	0.004647	-0.013750	0.544375	0.000001	-0.000000	0.000000	-0.010818	0.030086	-0.518740	-0.000000	0.000000	0.027103	0.417570	-1.940201	-0.176457	-0.000000	0.000204	0.000000	0.000000	0.000000	-2.170056	0.000000	0.000000	0.000000	0.000000
1761685888.853579044	0.000000	0.003796	-0.011706	0.796350	0.000001	-0.000000	-0.000000	-0.008867	0.025812	-0.471616	0.000000	0.000000	0.027103	0.417166	-1.937285	-0.225887	-0.000000	0.000204	0.000000	0.000000	0.000000	-2.170056	0.000000	0.000000	0.000000	0.000000
1761685888.952951431	0.000000	0.002617	-0.008834	0.909147	0.000000	-0.000000	-0.000000	-0.006239	0.019880	-0.396180	0.000000	0.000000	0.027103	0.416998	-1.934929	-0.268823	-0.000000	0.000204	0.000000	0.000000	0.000000	-2.170056	0.000000	0.000000	0.000000	0.000000
1761685889.052995682	0.000000	0.001447	-0.005815	0.933957	0.000000	-0.000000	-0.000000	-0.003395	0.013321	-0.307145	0.000000	0.000000	0.027103	0.417009	-1.933257	-0.303325	-0.000000	0.000204	0.000000	0.000000	0.000000	-2.170056	0.000000	0.000000	0.000000	0.000000
1761685889.152914047	0.000000	0.000461	-0.003025	0.905479	0.000000	-0.000000	-0.000000	-0.000618	0.006772	-0.214163	0.000000	0.000000	0.027103	0.417133	-1.932301	-0.328633	-0.000000	0.000204	0.000000	0.000000	0.000000	-2.170056	0.000000	0.000000	0.000000	0.000000
1761685889.252749443	0.000000	-0.000293	-0.000616	0.842663	-0.000000	-0.000000	-0.000000	0.001941	0.000590	-0.123140	0.000000	0.000000	0.027103	0.417319	-1.932034	-0.344720	-0.000000	0.000204	0.000000	0.000000	0.000000	-2.170056	0.000000	0.000000	0.000000	0.000000
1761685889.352903843	0.000000	-0.000861	0.001506	0.754678	-0.000000	-0.000000	-0.000000	0.003839	-0.004098	-0.051872	0.000000	0.000000	0.027103	0.417497	-1.932300	-0.351383	-0.000000	0.000204	0.000000	0.000000	0.000000	-2.170056	0.000000	0.000000	0.000000	0.000000
1761685889.452912331	0.000000	-0.001196	0.003203	0.667420	-0.000000	-0.000000	-0.000000	0.005773	-0.008979	0.025063	0.000000	0.000000	0.027103	0.417724	-1.933129	-0.352022	-0.000000	0.000204	0.000000	0.000000	0.000000	-2.170056	0.000000	0.000000	0.000000	0.000000
1761685889.552918434	0.000000	-0.001476	0.005158	0.518088	-0.000000	-0.000000	-0.000000	0.007392	-0.013151	0.093259	0.000000	0.000000	0.027103	0.417966	-1.934436	-0.345477	-0.000000	0.000204	0.000000	0.000000	0.000000	-2.170056	0.000000	0.000000	0.000000	0.000000
1761685889.652977943	-0.000000	-0.001637	0.006784	0.328661	-0.000000	-0.000000	-0.000000	0.008582	-0.016256	0.147557	0.000000	0.000000	0.027103	0.418231	-1.936125	-0.332880	0.000000	0.000204	0.000000	0.000000	0.000000	-2.170056	0.000000	0.000000	0.000000	0.000000
1761685889.753017187	-0.000000	-0.001703	0.007825	0.128808	-0.000000	-0.000000	-0.000000	0.009259	-0.018022	0.183580	0.000000	0.000000	0.027103	0.418532	-1.938059	-0.315891	0.000000	0.000204	0.000000	0.000000	0.000000	-2.170056	0.000000	0.000000	0.000000	0.000000
1761685889.852946281	-0.000000	-0.001703	0.008158	-0.055291	-0.000000	-0.000000	0.000000	0.009410	-0.018393	0.199791	0.000000	0.000000	0.027103	0.418875	-1.940090	-0.296449	0.000000	0.000204	0.000000	0.000000	0.000000	-2.170056	0.000000	0.000000	0.000000	0.000000
1761685889.952977180	-0.000000	-0.001656	0.007810	-0.206342	-0.000000	-0.000000	0.000000	0.009086	-0.017501	0.197331	0.000000	0.000000	0.027103	0.419256	-1.942074	-0.276485	0.000000	0.000204	0.000000	0.000000	0.000000	-2.170056	0.000000	0.000000	0.000000	0.000000
1761685890.053046227	-0.000000	-0.001569	0.006924	-0.316742	-0.000000	-0.000000	0.000000	0.008376	-0.015607	0.179214	-0.000000	0.000000	0.027103	0.419661	-1.943891	-0.257704	0.000000	0.000204	0.000000	0.000000	0.000000	-2.170056	0.000000	0.000000	0.000000	0.000000
1761685890.153549194	-0.000000	-0.001443	0.005695	-0.386181	-0.000000	-0.000000	0.000000	0.007388	-0.013018	0.149380	-0.000000	0.000000	0.027103	0.420070	-1.945454	-0.241446	0.000000	0.000204	0.000000	0.000000	0.000000	-2.170056	0.000000	0.000000	0.000000	0.000000
1761685890.252904415	-0.000000	-0.001276	0.004316	-0.418356	-0.000000	-0.000000	0.000000	0.006231	-0.010036	0.111919	-0.000000	0.000000	0.027102	0.420461	-1.946709	-0.228645	0.000000	0.000204	0.000000	0.000000	0.000000	-2.170056	0.000000	0.000000	0.000000	0.000000
1761685890.352792978	-0.000000	-0.001075	0.002939	-0.418419	-0.000000	-0.000000	0.000000	0.005004	-0.006925	0.070620	-0.000000	0.000000	0.027102	0.420761	-1.947503	-0.221017	0.000000	0.000204	0.000000	0.000000	0.000000	-2.170056	0.000000	0.000000	0.000000	0.000000
1761685890.453132629	-0.000000	-0.000888	0.001875	-0.397798	0.000000	-0.000000	0.000000	0.003994	-0.004404	0.035753	-0.000000	0.000000	0.027102	0.421077	-1.948152	-0.215699	0.000000	0.000204	0.000000	0.000000	0.000000	-2.170056	0.000000	0.000000	0.000000	0.000000
1761685890.553398848	-0.000000	-0.000654	0.000754	-0.352417	0.000000	-0.000000	0.000000	0.002854	-0.001595	-0.004371	-0.000000	0.000000	0.027102	0.421343	-1.948492	-0.214478	0.000000	0.000204	0.000000	0.000000	0.000000	-2.170056	0.000000	0.000000	0.000000	0.000000
1761685890.652944088	-0.000000	-0.000426	-0.000171	-0.283976	0.000000	-0.000000	0.000000	0.001850	0.000846	-0.040369	-0.000000	0.000000	0.027102	0.421561	-1.948554	-0.217047	0.000000	0.000204	0.000000	0.000000	0.000000	-2.170056	0.000000	0.000000	0.000000	0.000000
1761685890.753177404	-0.000000	-0.000226	-0.000920	-0.194852	0.000000	-0.000000	0.000000	0.001043	0.002780	-0.069907	-0.000000	0.000000	0.027102	0.421738	-1.948388	-0.222854	0.000000	0.000204	0.000000	0.000000	0.000000	-2.170056	0.000000	0.000000	0.000000	0.000000
1761685890.852984667	-0.000000	-0.000075	-0.001458	-0.096613	0.000000	-0.000000	0.000000	0.000486	0.004087	-0.090878	-0.000000	0.000000	0.027102	0.421887	-1.948054	-0.231130	-0.000000	0.000204	0.000000	0.000000	0.000000	-2.170056	0.000000	0.000000	0.000000	0.000000
1761685890.953089714	-0.000000	0.000011	-0.001744	-0.000754	0.000000	-0.000000	0.000000	0.000200	0.004712	-0.102176	-0.000000	0.000000	0.027102	0.422021	-1.947624	-0.240945	-0.000000	0.000204	0.000000	0.000000	0.000000	-2.170056	0.000000	0.000000	0.000000	0.000000
1761685891.053015709	-0.000000	0.000027	-0.001774	0.083564	0.000000	-0.000000	0.000000	0.000178	0.004681	-0.103850	-0.000000	0.000000	0.027102	0.422153	-1.947168	-0.251327	-0.000000	0.000204	0.000000	0.000000	0.000000	-2.170056	0.000000	0.000000	0.000000	0.000000
1761685891.153086424	-0.000000	-0.000018	-0.001577	0.150425	0.000000	-0.000000	0.000000	0.000384	0.004082	-0.096898	-0.000000	0.000000	0.027102	0.422290	-1.946753	-0.261365	-0.000000	0.000204	0.000000	0.000000	0.000000	-2.170056	0.000000	0.000000	0.000000	0.000000
1761685891.253047705	-0.000000	-0.000110	-0.001205	0.197061	0.000000	-0.000000	0.000000	0.000768	0.003042	-0.082970	0.000000	0.000000	0.027102	0.422440	-1.946431	-0.270289	-0.000000	0.000204	0.000000	0.000000	0.000000	-2.170056	0.000000	0.000000	0.000000	0.000000
1761685891.352824926	-0.000000	-0.000232	-0.000719	0.223153	0.000000	-0.000000	0.000000	0.001184	0.001937	-0.067326	0.000000	0.000000	0.027102	0.422575	-1.946261	-0.276447	-0.000000	0.000204	0.000000	0.000000	0.000000	-2.170056	0.000000	0.000000	0.000000	0.000000
1761685891.452767849	-0.000000	-0.000365	-0.000180	0.229991	0.000000	-0.000000	0.000000	0.001738	0.000471	-0.045880	0.000000	0.000000	0.027102	0.422749	-1.946198	-0.281957	-0.000000	0.000204	0.000000	0.000000	0.000000	-2.170056	0.000000	0.000000	0.000000	0.000000
1761685891.552738667	-0.000000	-0.000496	0.000367	0.219539	0.000000	-0.000000	0.000000	0.002309	-0.001034	-0.022995	0.000000	0.000000	0.027102	0.422936	-1.946295	-0.285215	-0.000000	0.000204	0.000000	0.000000	0.000000	-2.170056	0.000000	0.000000	0.000000	0.000000
1761685891.652798176	-0.000000	-0.000610	0.000897	0.195256	-0.000000	-0.000000	0.000000	0.002841	-0.002441	-0.000867	0.000000	0.000000	0.027102	0.423135	-1.946547	-0.286217	-0.000000	0.000204	0.000000	0.000000	0.000000	-2.170056	0.000000	0.000000	0.000000	0.000000
1761685891.752744675	-0.000000	-0.000703	0.001371	0.158652	-0.000000	-0.000000	0.000000	0.003299	-0.003658	0.019063	0.000000	0.000000	0.027102	0.423345	-1.946939	-0.285124	-0.000000	0.000204	0.000000	0.000000	0.000000	-2.170056	0.000000	0.000000	0.000000	0.000000
1761685891.853382587	-0.000000	-0.000771	0.001751	0.112306	-0.000000	-0.000000	0.000000	0.003654	-0.004608	0.035539	0.000000	0.000000	0.027102	0.423564	-1.947443	-0.282231	-0.000000	0.000204	0.000000	0.000000	0.000000	-2.170056	0.000000	0.000000	0.000000	0.000000
1761685891.952761889	-0.000000	-0.000815	0.002029	0.059803	-0.000000	-0.000000	0.000000	0.003903	-0.005287	0.048314	0.000000	0.000000	0.027102	0.423791	-1.948033	-0.277880	-0.000000	0.000204	0.000000	0.000000	0.000000	-2.170056	0.000000	0.000000	0.000000	0.000000
1761685892.052846432	-0.000000	-0.000829	0.002137	0.009296	-0.000000	-0.000000	0.000000	0.003991	-0.005548	0.055169	0.000000	0.000000	0.027102	0.424024	-1.948667	-0.272613	0.000000	0.000204	0.000000	0.000000	0.000000	-2.170056	0.000000	0.000000	0.000000	0.000000
1761685892.152760506	-0.000000	-0.000817	0.002105	-0.036129	-0.000000	-0.000000	0.000000	0.003945	-0.005465	0.056941	0.000000	0.000000	0.027102	0.424260	-1.949305	-0.266957	0.000000	0.000204	0.000000	0.000000	0.000000	-2.170056	0.000000	0.000000	0.000000	0.000000
1761685892.253048658	-0.000000	-0.000785	0.001949	-0.073457	-0.000000	-0.000000	0.000000	0.003780	-0.005081	0.054085	0.000000	0.000000	0.027102	0.424495	-1.949913	-0.261398	0.000000	0.000204	0.000000	0.000000	0.000000	-2.170056	0.000000	0.000000	0.000000	0.000000
1761685892.352945566	-0.000000	-0.000743	0.001741	-0.096822	-0.000000	-0.000000	0.000000	0.003519	-0.004458	0.047361	0.000000	0.000000	0.027102	0.424725	-1.950464	-0.256356	0.000000	0.000204	0.000000	0.000000	0.000000	-2.170056	0.000000	0.000000	0.000000	0.000000
1761685892.452831745	-0.000000	-0.000682	0.001442	-0.115910	-0.000000	-0.000000	0.000000	0.003251	-0.003818	0.039682	0.000000	0.000000	0.027102	0.424911	-1.950864	-0.252780	0.000000	0.000204	0.000000	0.000000	0.000000	-2.170056	0.000000	0.000000	0.000000	0.000000
1761685892.553025961	-0.000000	-0.000610	0.001105	-0.124572	-0.000000	0.000000	0.000000	0.002892	-0.002960	0.028727	-0.000000	-0.000000	0.027102	0.425123	-1.951262	-0.249430	0.000000	0.000204	0.000000	0.000000	0.000000	-2.170056	0.000000	0.000000	0.000000	0.000000
1761685892.653035879	-0.000000	-0.000532	0.000757	-0.123033	-0.000000	0.000000	0.000000	0.002509	-0.002052	0.016559	-0.000000	-0.000000	0.027102	0.425322	-1.951563	-0.247257	0.000000	0.000204	0.000000	0.000000	0.000000	-2.170056	0.000000	0.000000	0.000000	0.000000
1761685892.753088713	-0.000000	-0.000453	0.000423	-0.112430	-0.000000	0.000000	0.000000	0.002130	-0.001163	0.004204	-0.000000	-0.000000	0.027101	0.425506	-1.951767	-0.246324	0.000000	0.000204	0.000000	0.000000	0.000000	-2.170056	0.000000	0.000000	0.000000	0.000000
1761685892.852991819	-0.000000	-0.000378	0.000126	-0.094140	-0.000000	0.000000	0.000000	0.001780	-0.000356	-0.007392	-0.000000	-0.000000	0.027101	0.425676	-1.951880	-0.246592	0.000000	0.000204	0.000000	0.000000	0.000000	-2.170056	0.000000	0.000000	0.000000	0.000000
1761685892.952909470	-0.000000	-0.000314	-0.000110	-0.070178	0.000000	0.000000	0.000000	0.001489	0.000296	-0.017111	-0.000000	-0.000000	0.027101	0.425833	-1.951916	-0.247910	0.000000	0.000204	0.000000	0.000000	0.000000	-2.170056	0.000000	0.000000	0.000000	0.000000
1761685893.053144693	-0.000000	-0.000264	-0.000284	-0.042911	0.000000	0.000000	0.000000	0.001265	0.000775	-0.024528	-0.000000	-0.000000	0.027101	0.425978	-1.951892	-0.250071	0.000000	0.000204	0.000000	0.000000	0.000000	-2.170056	0.000000	0.000000	0.000000	0.000000
1761685893.153581142	-0.000000	-0.000231	-0.000389	-0.015023	0.000000	0.000000	0.000000	0.001093	0.001106	-0.029274	-0.000000	-0.000000	0.027101	0.426116	-1.951829	-0.252819	0.000000	0.000204	0.000000	0.000000	0.000000	-2.170056	0.000000	0.000000	0.000000	0.000000
1761685893.252857685	-0.000000	-0.000214	-0.000425	0.011086	0.000000	0.000000	0.000000	0.001044	0.001159	-0.031241	-0.000000	0.000000	0.027101	0.426248	-1.951746	-0.255881	-0.000000	0.000204	0.000000	0.000000	0.000000	-2.170056	0.000000	0.000000	0.000000	0.000000
1761685893.352798462	-0.000000	-0.000215	-0.000395	0.033507	0.000000	-0.000000	0.000000	0.001042	0.001079	-0.030567	-0.000000	0.000000	0.027101	0.426377	-1.951664	-0.258984	-0.000000	0.000204	0.000000	0.000000	0.000000	-2.170056	0.000000	0.000000	0.000000	0.000000
1761685893.453134298	-0.000000	-0.000224	-0.000336	0.049025	0.000000	-0.000000	0.000000	0.001092	0.000875	-0.027964	-0.000000	0.000000	0.027101	0.426505	-1.951597	-0.261914	-0.000000	0.000204	0.000000	0.000000	0.000000	-2.170056	0.000000	0.000000	0.000000	0.000000
1761685893.552985907	-0.000000	-0.000245	-0.000221	0.062194	0.000000	-0.000000	0.000000	0.001193	0.000543	-0.023320	-0.000000	0.000000	0.027101	0.426633	-1.951561	-0.264450	-0.000000	0.000204	0.000000	0.000000	0.000000	-2.170056	0.000000	0.000000	0.000000	0.000000
1761685893.652956963	-0.000000	-0.000274	-0.000076	0.069443	0.000000	-0.000000	0.000000	0.001327	0.000133	-0.017320	-0.000000	0.000000	0.027101	0.426764	-1.951564	-0.266441	-0.000000	0.000204	0.000000	0.000000	0.000000	-2.170056	0.000000	0.000000	0.000000	0.000000
1761685893.752998114	-0.000000	-0.000307	0.000085	0.070679	0.000000	-0.000000	0.000000	0.001480	-0.000318	-0.010496	0.000000	0.000000	0.027101	0.426897	-1.951614	-0.267780	-0.000000	0.000204	0.000000	0.000000	0.000000	-2.170056	0.000000	0.000000	0.000000	0.000000
1761685893.853145123	-0.000000	-0.000341	0.000249	0.066389	0.000000	-0.000000	0.000000	0.001634	-0.000769	-0.003449	0.000000	0.000000	0.027101	0.427033	-1.951712	-0.268419	-0.000000	0.000204	0.000000	0.000000	0.000000	-2.170056	0.000000	0.000000	0.000000	0.000000
1761685893.953000069	-0.000000	-0.000371	0.000405	0.057380	0.000000	-0.000000	0.000000	0.001775	-0.001183	0.003261	0.000000	0.000000	0.027101	0.427172	-1.951855	-0.268370	-0.000000	0.000204	0.000000	0.000000	0.000000	-2.170056	0.000000	0.000000	0.000000	0.000000
1761685894.053117514	-0.000000	-0.000396	0.000538	2.055686	0.000000	-0.000000	0.000000	0.001892	-0.001529	0.009149	0.000000	0.000000	0.027101	0.427313	-1.952038	-0.267694	-0.000000	0.000204	0.000000	0.000000	0.000000	0.000000	0.000000	0.000000	0.000000	0.000000
1761685894.152970314	-0.000000	-0.000993	0.004176	1.778384	-0.000002	-0.000002	-0.000000	0.006217	-0.012385	0.176772	0.000001	0.000000	0.027101	0.427523	-1.952818	-0.258350	0.000000	0.000204	0.000000	0.000000	0.000000	0.000000	0.000000	0.000000	0.000000	0.000000
1761685894.252942801	-0.000000	-0.001413	0.010235	1.158474	-0.000003	-0.000002	-0.000000	0.010846	-0.023867	0.358305	0.000001	0.000000	0.027101	0.427929	-1.954898	-0.229930	0.000000	0.000204	0.000000	0.000000	0.000000	0.000000	0.000000	0.000000	0.000000	0.000000
1761685894.353431940	-0.000000	-0.001452	0.015206	0.441027	-0.000003	-0.000000	-0.000000	0.014019	-0.031204	0.484484	0.000001	0.000000	0.027101	0.428593	-1.957947	-0.186308	0.000000	0.000204	0.000000	0.000000	0.000000	0.000000	0.000000	0.000000	0.000000	0.000000
1761685894.452819347	-0.000000	-0.001449	0.017357	-0.180503	-0.000003	0.000000	-0.000000	0.015432	-0.033476	0.540544	0.000000	-0.000000	0.027101	0.429367	-1.960844	-0.143101	0.000000	0.000204	0.000000	0.000000	0.000000	0.000000	0.000000	0.000000	0.000000	0.000000
1761685894.552832127	-0.000000	-0.001565	0.016496	-0.609949	-0.000002	0.000000	-0.000000	0.015339	-0.031818	0.535861	0.000000	-0.000000	0.027100	0.430521	-1.964288	-0.088936	0.000000	0.000204	0.000000	0.000000	0.000000	0.000000	0.000000	0.000000	0.000000	0.000000
1761685894.652812481	-0.000000	-0.001738	0.013584	-0.852116	-0.000002	-0.000000	0.000000	0.014224	-0.027175	0.489181	-0.000000	0.000000	0.027100	0.431811	-1.967315	-0.037596	0.000000	0.000204	0.000000	0.000000	0.000000	0.000000	0.000000	0.000000	0.000000	0.000000
1761685894.752892733	-0.000000	-0.001833	0.009826	-0.958580	-0.000001	-0.000000	0.000000	0.012330	-0.020771	0.412041	-0.000000	0.000000	0.027100	0.433092	-1.969692	0.007091	0.000000	0.000204	0.000000	0.000000	0.000000	0.000000	0.000000	0.000000	0.000000	0.000000
1761685894.852867842	-0.000000	-0.001762	0.006088	-0.979412	-0.000000	-0.000000	0.000000	0.010009	-0.013719	0.319732	-0.000000	0.000000	0.027100	0.434232	-1.971333	0.043029	0.000000	0.000204	0.000000	0.000000	0.000000	0.000000	0.000000	0.000000	0.000000	0.000000
1761685894.952972412	-0.000000	-0.001507	0.002806	-0.946896	-0.000000	-0.000000	0.000000	0.007506	-0.006707	0.222485	-0.000000	0.000000	0.027099	0.435138	-1.972243	0.069352	0.000000	0.000204	0.000000	0.000000	0.000000	0.000000	0.000000	0.000000	0.000000	0.000000
1761685895.052950859	-0.000000	-0.001096	0.000129	-0.878143	0.000000	-0.000000	0.000000	0.004987	-0.000119	0.126712	-0.000001	0.000000	0.027099	0.435759	-1.972476	0.085978	0.000000	0.000204	0.000000	0.000000	0.000000	0.000000	0.000000	0.000000	0.000000	0.000000
1761685895.152776480	-0.000000	-0.000579	-0.002207	-0.781333	0.000001	-0.000000	0.000000	0.002575	0.005827	0.036606	-0.000000	0.000000	0.027099	0.436082	-1.972102	0.093317	0.000000	0.000204	0.000000	0.000000	0.000000	0.000000	0.000000	0.000000	0.000000	0.000000
1761685895.252741575	-0.000000	-0.000013	-0.004405	-0.652441	0.000001	-0.000000	0.000000	0.000368	0.010973	-0.044754	-0.000000	0.000000	0.027099	0.436124	-1.971202	0.092124	0.000000	0.000204	0.000000	0.000000	0.000000	0.000000	0.000000	0.000000	0.000000	0.000000
1761685895.353306293	-0.000000	0.000434	-0.005921	-0.506244	0.000001	-0.000000	0.000000	-0.001465	0.014961	-0.112147	-0.000000	0.000000	0.027099	0.435935	-1.969876	0.083628	-0.000000	0.000204	0.000000	0.000000	0.000000	0.000000	0.000000	0.000000	0.000000	0.000000
1761685895.452869654	-0.000000	0.000930	-0.007369	-0.295884	0.000001	-0.000000	0.000000	-0.002684	0.017410	-0.156770	-0.000000	0.000000	0.027099	0.435644	-1.968520	0.071970	-0.000000	0.000204	0.000000	0.000000	0.000000	0.000000	0.000000	0.000000	0.000000	0.000000
1761685895.552796841	-0.000000	0.001279	-0.008191	-0.079384	0.000001	-0.000000	0.000000	-0.003679	0.019125	-0.193371	-0.000000	0.000000	0.027099	0.435195	-1.966687	0.053924	-0.000000	0.000204	0.000000	0.000000	0.000000	0.000000	0.000000	0.000000	0.000000	0.000000
1761685895.652799606	-0.000000	0.001413	-0.008285	0.113210	0.000001	-0.000000	0.000000	-0.004075	0.019348	-0.208526	-0.000000	0.000000	0.027100	0.434714	-1.964764	0.033462	-0.000000	0.000204	0.000000	0.000000	0.000000	0.000000	0.000000	0.000000	0.000000	0.000000
1761685895.753073931	-0.000000	0.001333	-0.007729	0.264734	0.000001	-0.000000	0.000000	-0.003911	0.018234	-0.203625	-0.000000	0.000000	0.027100	0.434268	-1.962890	0.012681	-0.000000	0.000204	0.000000	0.000000	0.000000	0.000000	0.000000	0.000000	0.000000	0.000000
1761685895.852913380	0.000000	0.001092	-0.006694	0.369463	0.000000	-0.000000	0.000000	-0.003295	0.016080	-0.182202	0.000000	0.000000	0.027100	0.433904	-1.961184	-0.006600	-0.000000	0.000204	0.000000	0.000000	0.000000	0.000000	0.000000	0.000000	0.000000	0.000000
1761685895.953228951	0.000000	0.000760	-0.005377	0.429368	0.000000	-0.000000	-0.000000	-0.002188	0.012721	-0.142589	0.000000	0.000000	0.027100	0.433648	-1.959732	-0.022985	-0.000000	0.000204	0.000000	0.000000	0.000000	0.000000	0.000000	0.000000	0.000000	0.000000
1761685896.052876711	0.000000	0.000402	-0.003959	0.450017	0.000000	-0.000000	-0.000000	-0.001241	0.010007	-0.107807	0.000000	0.000000	0.027100	0.433510	-1.958590	-0.035538	-0.000000	0.000204	0.000000	0.000000	0.000000	0.000000	0.000000	0.000000	0.000000	0.000000
1761685896.153009415	0.000000	0.000066	-0.002574	0.437783	-0.000000	-0.000000	-0.000000	-0.000052	0.006697	-0.063493	0.000000	0.000000	0.027100	0.433487	-1.957781	-0.043756	-0.000000	0.000204	0.000000	0.000000	0.000000	0.000000	0.000000	0.000000	0.000000	0.000000
1761685896.252877712	0.000000	-0.000225	-0.001315	0.398559	-0.000000	-0.000000	-0.000000	0.001110	0.003529	-0.019307	0.000000	0.000000	0.027100	0.433572	-1.957302	-0.047515	-0.000000	0.000204	0.000000	0.000000	0.000000	0.000000	0.000000	0.000000	0.000000	0.000000
1761685896.352771282	0.000000	-0.000465	-0.000239	0.335670	-0.000000	-0.000000	-0.000000	0.002172	0.000679	0.021856	0.000000	0.000000	0.027100	0.433755	-1.957128	-0.047001	-0.000000	0.000204	0.000000	0.000000	0.000000	0.000000	0.000000	0.000000	0.000000	0.000000
1761685896.453016520	0.000000	-0.000621	0.000506	0.263200	-0.000000	-0.000000	-0.000000	0.003073	-0.001705	0.057519	0.000000	0.000000	0.027100	0.434023	-1.957217	-0.042665	-0.000000	0.000204	0.000000	0.000000	0.000000	0.000000	0.000000	0.000000	0.000000	0.000000
1761685896.552809954	0.000000	-0.000755	0.001221	0.161602	-0.000000	-0.000000	-0.000000	0.003747	-0.003467	0.085047	0.000000	0.000000	0.027100	0.434360	-1.957507	-0.035257	0.000000	0.000204	0.000000	0.000000	0.000000	0.000000	0.000000	0.000000	0.000000	0.000000
1761685896.652863741	0.000000	-0.000836	0.001697	0.054795	-0.000000	-0.000000	-0.000000	0.004160	-0.004530	0.102901	0.000000	0.000000	0.027100	0.434748	-1.957932	-0.025640	0.000000	0.000204	0.000000	0.000000	0.000000	0.000000	0.000000	0.000000	0.000000	0.000000
1761685896.752818823	-0.000000	-0.000866	0.001882	-0.044753	-0.000000	-0.000000	0.000000	0.004292	-0.004856	0.110160	0.000000	0.000000	0.027099	0.435163	-1.958418	-0.014852	0.000000	0.000204	0.000000	0.000000	0.000000	0.000000	0.000000	0.000000	0.000000	0.000000
1761685896.852835894	-0.000000	-0.000849	0.001784	-0.128318	-0.000000	-0.000000	0.000000	0.004189	-0.004580	0.108090	0.000000	0.000000	0.027099	0.435513	-1.958816	-0.005720	0.000000	0.000204	0.000000	0.000000	0.000000	0.000000	0.000000	0.000000	0.000000	0.000000
1761685896.952791929	-0.000000	-0.000793	0.001453	-0.190899	-0.000000	-0.000000	0.000000	0.003869	-0.003758	0.098044	0.000000	0.000000	0.027099	0.435915	-1.959232	0.004595	0.000000	0.000204	0.000000	0.000000	0.000000	0.000000	0.000000	0.000000	0.000000	0.000000
1761685897.053032160	-0.000000	-0.000701	0.000960	-0.230709	-0.000000	-0.000000	0.000000	0.003370	-0.002508	0.081040	-0.000000	0.000000	0.027099	0.436277	-1.959536	0.013477	0.000000	0.000204	0.000000	0.000000	0.000000	0.000000	0.000000	0.000000	0.000000	0.000000
1761685897.152854681	-0.000000	-0.000582	0.000381	-0.248273	-0.000000	-0.000000	0.000000	0.002749	-0.000991	0.059296	-0.000000	0.000000	0.027099	0.436582	-1.959695	0.020357	0.000000	0.000204	0.000000	0.000000	0.000000	0.000000	0.000000	0.000000	0.000000	0.000000
1761685897.253070116	-0.000000	-0.000443	-0.000220	-0.245536	-0.000000	-0.000000	0.000000	0.002068	0.000637	0.035054	-0.000000	0.000000	0.027099	0.436817	-1.959695	0.024892	0.000000	0.000204	0.000000	0.000000	0.000000	0.000000	0.000000	0.000000	0.000000	0.000000
1761685897.352767229	-0.000000	-0.000295	-0.000818	-0.225217	0.000000	-0.000000	0.000000	0.001382	0.002234	0.010409	-0.000000	0.000000	0.027099	0.436980	-1.959533	0.026957	0.000000	0.000204	0.000000	0.000000	0.000000	0.000000	0.000000	0.000000	0.000000	0.000000
1761685897.452829599	-0.000000	-0.000149	-0.001372	-0.189822	0.000000	-0.000000	0.000000	0.000742	0.003680	-0.012790	-0.000000	0.000000	0.027099	0.437072	-1.959220	0.026622	0.000000	0.000204	0.000000	0.000000	0.000000	0.000000	0.000000	0.000000	0.000000	0.000000
1761685897.552785873	-0.000000	-0.000018	-0.001840	-0.140521	0.000000	-0.000000	0.000000	0.000189	0.004874	-0.032952	-0.000000	0.000000	0.027099	0.437101	-1.958779	0.024128	0.000000	0.000204	0.000000	0.000000	0.000000	0.000000	0.000000	0.000000	0.000000	0.000000
1761685897.652927637	-0.000000	0.000080	-0.002155	-0.084730	0.000000	-0.000000	0.000000	-0.000213	0.005669	-0.047825	-0.000000	0.000000	0.027099	0.437084	-1.958242	0.019931	0.000000	0.000204	0.000000	0.000000	0.000000	0.000000	0.000000	0.000000	0.000000	0.000000
1761685897.753092527	-0.000000	0.000133	-0.002294	-0.037522	0.000000	-0.000000	0.000000	-0.000465	0.006075	-0.057228	-0.000000	0.000000	0.027099	0.437037	-1.957650	0.014561	-0.000000	0.000204	0.000000	0.000000	0.000000	0.000000	0.000000	0.000000	0.000000	0.000000
1761685897.852929115	-0.000000	0.000167	-0.002345	0.017524	0.000000	-0.000000	0.000000	-0.000583	0.006150	-0.061767	-0.000000	0.000000	0.027099	0.436975	-1.957036	0.008541	-0.000000	0.000204	0.000000	0.000000	0.000000	0.000000	0.000000	0.000000	0.000000	0.000000
1761685897.952805758	-0.000000	0.000165	-0.002255	0.065930	0.000000	-0.000000	0.000000	-0.000557	0.005868	-0.060932	-0.000000	0.000000	0.027099	0.436914	-1.956436	0.002374	-0.000000	0.000204	0.000000	0.000000	0.000000	0.000000	0.000000	0.000000	0.000000	0.000000
1761685898.052982807	-0.000000	0.000129	-0.002037	0.103842	0.000000	-0.000000	0.000000	-0.000399	0.005271	-0.055146	-0.000000	0.000000	0.027099	0.436867	-1.955882	-0.003415	-0.000000	0.000204	0.000000	0.000000	0.000000	0.000000	0.000000	0.000000	0.000000	0.000000
1761685898.153056622	-0.000000	0.000066	-0.001722	0.129434	0.000000	-0.000000	0.000000	-0.000138	0.004435	-0.045394	-0.000000	0.000000	0.027099	0.436845	-1.955402	-0.008387	-0.000000	0.000204	0.000000	0.000000	0.000000	0.000000	0.000000	0.000000	0.000000	0.000000
1761685898.252882481	-0.000000	-0.000011	-0.001347	0.142213	0.000000	-0.000000	0.000000	0.000191	0.003449	-0.032877	0.000000	0.000000	0.027099	0.436854	-1.955015	-0.012214	-0.000000	0.000204	0.000000	0.000000	0.000000	0.000000	0.000000	0.000000	0.000000	0.000000
1761685898.353123903	-0.000000	-0.000096	-0.000950	0.142712	0.000000	-0.000000	0.000000	0.000554	0.002400	-0.018869	0.000000	0.000000	0.027099	0.436898	-1.954731	-0.014693	-0.000000	0.000204	0.000000	0.000000	0.000000	0.000000	0.000000	0.000000	0.000000	0.000000
1761685898.452979088	-0.000000	-0.000178	-0.000563	0.132210	0.000000	-0.000000	0.000000	0.000917	0.001373	-0.004606	0.000000	0.000000	0.027099	0.436977	-1.954553	-0.015749	-0.000000	0.000204	0.000000	0.000000	0.000000	0.000000	0.000000	0.000000	0.000000	0.000000
1761685898.553003550	-0.000000	-0.000252	-0.000212	0.112346	-0.000000	-0.000000	0.000000	0.001250	0.000439	0.008790	0.000000	0.000000	0.027099	0.437090	-1.954472	-0.015420	-0.000000	0.000204	0.000000	0.000000	0.000000	0.000000	0.000000	0.000000	0.000000	0.000000
1761685898.652831078	-0.000000	-0.000313	0.000081	0.084490	-0.000000	-0.000000	0.000000	0.001484	-0.000216	0.018484	0.000000	0.000000	0.027099	0.437206	-1.954471	-0.014192	-0.000000	0.000204	0.000000	0.000000	0.000000	0.000000	0.000000	0.000000	0.000000	0.000000
1761685898.752864361	-0.000000	-0.000357	0.000306	0.051658	-0.000000	-0.000000	0.000000	0.001702	-0.000829	0.027861	0.000000	0.000000	0.027099	0.437367	-1.954533	-0.011766	-0.000000	0.000204	0.000000	0.000000	0.000000	0.000000	0.000000	0.000000	0.000000	0.000000
1761685898.852712393	-0.000000	-0.000384	0.000450	0.017302	-0.000000	-0.000000	0.000000	0.001834	-0.001216	0.034121	0.000000	0.000000	0.027099	0.437545	-1.954643	-0.008578	-0.000000	0.000204	0.000000	0.000000	0.000000	0.000000	0.000000	0.000000	0.000000	0.000000
1761685898.952757359	-0.000000	-0.000388	0.000491	-0.014103	-0.000000	-0.000000	0.000000	0.001860	-0.001326	0.036424	0.000000	0.000000	0.027099	0.437730	-1.954774	-0.005008	0.000000	0.000204	0.000000	0.000000	0.000000	0.000000	0.000000	0.000000	0.000000	0.000000
1761685899.052725315	-0.000000	-0.000376	0.000453	-0.040962	-0.000000	-0.000000	0.000000	0.001802	-0.001223	0.035537	0.000000	0.000000	0.027099	0.437912	-1.954902	-0.001395	0.000000	0.000204	0.000000	0.000000	0.000000	0.000000	0.000000	0.000000	0.000000	0.000000
1761685899.152719975	-0.000000	-0.000350	0.000348	-0.061653	-0.000000	-0.000000	0.000000	0.001673	-0.000943	0.031889	0.000000	0.000000	0.027099	0.438085	-1.955009	0.001964	0.000000	0.000204	0.000000	0.000000	0.000000	0.000000	0.000000	0.000000	0.000000	0.000000
1761685899.252927303	-0.000000	-0.000313	0.000196	-0.075273	-0.000000	-0.000000	0.000000	0.001489	-0.000530	0.026068	0.000000	0.000000	0.027099	0.438243	-1.955080	0.004828	0.000000	0.000204	0.000000	0.000000	0.000000	0.000000	0.000000	0.000000	0.000000	0.000000
1761685899.352737188	-0.000000	-0.000267	0.000016	-0.081596	-0.000000	0.000000	0.000000	0.001269	-0.000036	0.018768	0.000000	-0.000000	0.027099	0.438379	-1.955104	0.007018	0.000000	0.000204	0.000000	0.000000	0.000000	0.000000	0.000000	0.000000	0.000000	0.000000
1761685899.452726603	-0.000000	-0.000218	-0.000175	-0.080961	-0.000000	0.000000	0.000000	0.001033	0.000491	0.010714	-0.000000	-0.000000	0.027099	0.438492	-1.955076	0.008430	0.000000	0.000204	0.000000	0.000000	0.000000	0.000000	0.000000	0.000000	0.000000	0.000000
1761685899.552737713	-0.000000	-0.000168	-0.000363	-0.074152	-0.000000	0.000000	0.000000	0.000800	0.001003	0.002607	-0.000000	-0.000000	0.027099	0.438581	-1.954996	0.009028	0.000000	0.000204	0.000000	0.000000	0.000000	0.000000	0.000000	0.000000	0.000000	0.000000
1761685899.652744532	-0.000000	-0.000121	-0.000531	-0.062195	-0.000000	0.000000	0.000000	0.000586	0.001460	-0.004922	-0.000000	-0.000000	0.027099	0.438647	-1.954868	0.008845	0.000000	0.000204	0.000000	0.000000	0.000000	0.000000	0.000000	0.000000	0.000000	0.000000
1761685899.752708435	-0.000000	-0.000082	-0.000668	-0.046235	0.000000	0.000000	0.000000	0.000405	0.001827	-0.011341	-0.000000	-0.000000	0.027099	0.438694	-1.954700	0.007970	0.000000	0.000204	0.000000	0.000000	0.000000	0.000000	0.000000	0.000000	0.000000	0.000000
1761685899.853055954	-0.000000	-0.000056	-0.000748	-0.031235	0.000000	0.000000	0.000000	0.000267	0.002081	-0.016230	-0.000000	-0.000000	0.027099	0.438724	-1.954501	0.006539	0.000000	0.000204	0.000000	0.000000	0.000000	0.000000	0.000000	0.000000	0.000000	0.000000
1761685899.952963114	-0.000000	-0.000033	-0.000810	-0.012098	0.000000	0.000000	0.000000	0.000171	0.002228	-0.019603	-0.000000	-0.000000	0.027099	0.438744	-1.954283	0.004709	0.000000	0.000204	0.000000	0.000000	0.000000	0.000000	0.000000	0.000000	0.000000	0.000000
1761685900.052979469	-0.000000	-0.000021	-0.000826	0.006528	0.000000	0.000000	0.000000	0.000126	0.002249	-0.021132	-0.000000	0.000000	0.027099	0.438757	-1.954058	0.002646	0.000000	0.000204	0.000000	0.000000	0.000000	0.000000	0.000000	0.000000	0.000000	0.000000
1761685900.152988672	-0.000000	-0.000021	-0.000795	0.022977	0.000000	-0.000000	0.000000	0.000131	0.002146	-0.020790	-0.000000	0.000000	0.027099	0.438769	-1.953839	0.000540	-0.000000	0.000204	0.000000	0.000000	0.000000	0.000000	0.000000	0.000000	0.000000	0.000000
1761685900.252994061	-0.000000	-0.000031	-0.000722	0.036078	0.000000	-0.000000	0.000000	0.000180	0.001936	-0.018766	-0.000000	0.000000	0.027099	0.438785	-1.953636	-0.001432	-0.000000	0.000204	0.000000	0.000000	0.000000	0.000000	0.000000	0.000000	0.000000	0.000000
1761685900.353154898	-0.000000	-0.000048	-0.000618	2.317385	0.000000	-0.000000	0.000000	0.000264	0.001643	-0.015377	-0.000000	0.000000	0.027099	0.438808	-1.953459	-0.003120	-0.000000	0.000204	0.000000	0.000000	0.000000	2.451818	0.000000	0.000000	0.000000	0.000000
1761685900.453155994	0.000000	-0.000705	0.002808	2.070734	-0.000011	-0.000000	-0.000000	0.004627	-0.009294	0.151891	0.000005	0.000000	0.027099	0.439054	-1.953844	0.003736	0.000000	0.000204	0.000000	0.000000	0.000000	2.451818	0.000000	0.000000	0.000000	0.000000
1761685900.553142071	0.000000	-0.001232	0.009103	1.438868	-0.000021	-0.000000	-0.000000	0.009805	-0.022084	0.351891	0.000007	0.000000	0.027099	0.439847	-1.955508	0.030591	0.000001	0.000204	0.000000	0.000000	0.000000	2.451818	0.000000	0.000000	0.000000	0.000000
1761685900.653015137	-0.000000	-0.001297	0.015055	0.632409	-0.000022	-0.000001	-0.000000	0.013759	-0.031260	0.505130	0.000005	0.000000	0.027098	0.441212	-1.958213	0.075109	0.000002	0.000204	0.000000	0.000000	0.000000	2.451818	0.000000	0.000000	0.000000	0.000000
1761685900.752847910	-0.000000	-0.001273	0.018198	-0.099413	-0.000020	-0.000001	-0.000000	0.015509	-0.034427	0.571272	0.000003	0.000000	0.027098	0.442724	-1.960873	0.120958	0.000002	0.000204	0.000000	0.000000	0.000000	2.451818	0.000000	0.000000	0.000000	0.000000
1761685900.852744341	-0.000000	-0.001414	0.017807	-0.605953	-0.000016	-0.000001	-0.000000	0.016027	-0.033687	0.585725	0.000001	0.000000	0.027097	0.444822	-1.964049	0.179741	0.000002	0.000204	0.000000	0.000000	0.000000	2.451818	0.000000	0.000000	0.000000	0.000000
1761685900.952871323	-0.000000	-0.001668	0.014867	-0.881663	-0.000012	-0.000001	0.000000	0.015116	-0.029098	0.542014	-0.000001	0.000000	0.027097	0.446996	-1.966796	0.236326	0.000002	0.000204	0.000000	0.000000	0.000000	2.451818	0.000000	0.000000	0.000000	0.000000
1761685901.052900553	-0.000000	-0.001860	0.010851	-0.993919	-0.000008	-0.000001	0.000000	0.013300	-0.022433	0.463038	-0.000002	0.000000	0.027097	0.449014	-1.968882	0.286226	0.000002	0.000204	0.000000	0.000000	0.000000	2.451818	0.000000	0.000000	0.000000	0.000000
1761685901.152971268	-0.000000	-0.001863	0.006797	-1.004122	-0.000005	-0.000000	0.000000	0.010942	-0.014993	0.365517	-0.000003	0.000000	0.027096	0.450696	-1.970249	0.326919	0.000002	0.000204	0.000000	0.000000	0.000000	2.451818	0.000000	0.000000	0.000000	0.000000
1761685901.252791166	-0.000000	-0.001669	0.003302	-0.968198	-0.000001	-0.000000	0.000000	0.008451	-0.007716	0.265445	-0.000003	0.000000	0.027096	0.451947	-1.970939	0.357645	0.000001	0.000204	0.000000	0.000000	0.000000	2.451818	0.000000	0.000000	0.000000	0.000000
1761685901.352922916	-0.000000	-0.001302	0.000508	-0.902445	0.000001	-0.000000	0.000000	0.005949	-0.001026	0.168026	-0.000004	0.000000	0.027096	0.452733	-1.971041	0.378482	0.000001	0.000204	0.000000	0.000000	0.000000	2.451818	0.000000	0.000000	0.000000	0.000000
1761685901.452865839	-0.000000	-0.000810	-0.001896	-0.812221	0.000004	-0.000000	0.000000	0.003511	0.005108	0.075590	-0.000004	0.000000	0.027096	0.453051	-1.970628	0.389819	0.000001	0.000203	0.000000	0.000000	0.000000	2.451818	0.000000	0.000000	0.000000	0.000000
1761685901.552918673	-0.000000	-0.000347	-0.003808	-0.722292	0.000005	-0.000000	0.000000	0.001242	0.010469	-0.008639	-0.000003	0.000000	0.027096	0.452933	-1.969776	0.392364	0.000000	0.000203	0.000000	0.000000	0.000000	2.451818	0.000000	0.000000	0.000000	0.000000
1761685901.652845860	-0.000000	0.000222	-0.005873	-0.579156	0.000006	-0.000000	0.000000	-0.000773	0.014918	-0.082367	-0.000003	0.000000	0.027096	0.452439	-1.968561	0.387137	0.000000	0.000203	0.000000	0.000000	0.000000	2.451818	0.000000	0.000000	0.000000	0.000000
1761685901.752787590	-0.000000	0.000770	-0.007565	-0.388599	0.000006	-0.000000	0.000000	-0.002171	0.017767	-0.133016	-0.000002	0.000000	0.027096	0.451793	-1.967320	0.377661	-0.000000	0.000203	0.000000	0.000000	0.000000	2.451818	0.000000	0.000000	0.000000	0.000000
1761685901.852816820	-0.000000	0.001205	-0.008666	-0.202411	0.000006	-0.000000	0.000000	-0.003427	0.020026	-0.178228	-0.000002	0.000000	0.027096	0.450823	-1.965633	0.361511	-0.000000	0.000203	0.000000	0.000000	0.000000	2.451818	0.000000	0.000000	0.000000	0.000000
1761685901.952751160	-0.000000	0.001430	-0.008997	0.010604	0.000006	-0.000000	0.000000	-0.004068	0.020719	-0.201572	-0.000001	0.000000	0.027097	0.449756	-1.963839	0.342197	-0.000000	0.000203	0.000000	0.000000	0.000000	2.451818	0.000000	0.000000	0.000000	0.000000
1761685902.052728415	-0.000000	0.001431	-0.008628	0.167043	0.000005	-0.000000	0.000000	-0.004129	0.020013	-0.204062	-0.000001	0.000000	0.027097	0.448700	-1.962044	0.321746	-0.000001	0.000203	0.000000	0.000000	0.000000	2.451818	0.000000	0.000000	0.000000	0.000000
1761685902.152707338	-0.000000	0.001261	-0.007751	0.283026	0.000004	-0.000000	0.000000	-0.003731	0.018254	-0.189965	-0.000000	0.000000	0.027097	0.447743	-1.960351	0.302054	-0.000001	0.000203	0.000000	0.000000	0.000000	2.451818	0.000000	0.000000	0.000000	0.000000
1761685902.252714634	0.000000	0.000981	-0.006561	0.359361	0.000003	-0.000000	0.000000	-0.003002	0.015774	-0.163595	0.000000	0.000000	0.027097	0.446938	-1.958834	0.284515	-0.000001	0.000203	0.000000	0.000000	0.000000	2.451818	0.000000	0.000000	0.000000	0.000000
1761685902.352658510	0.000000	0.000653	-0.005222	0.399541	0.000002	-0.000000	-0.000000	-0.002057	0.012865	-0.128931	0.000001	0.000000	0.027097	0.446315	-1.957545	0.270125	-0.000000	0.000203	0.000000	0.000000	0.000000	2.451818	0.000000	0.000000	0.000000	0.000000
1761685902.452653170	0.000000	0.000324	-0.003867	0.408345	0.000001	-0.000000	-0.000000	-0.001002	0.009783	-0.089647	0.000001	0.000000	0.027097	0.445886	-1.956514	0.259495	-0.000000	0.000203	0.000000	0.000000	0.000000	2.451818	0.000000	0.000000	0.000000	0.000000
1761685902.553220510	0.000000	0.000027	-0.002592	0.390653	0.000000	-0.000000	-0.000000	0.000075	0.006739	-0.048959	0.000001	0.000000	0.027097	0.445647	-1.955749	0.252898	-0.000000	0.000203	0.000000	0.000000	0.000000	2.451818	0.000000	0.000000	0.000000	0.000000
1761685902.652887344	0.000000	-0.000186	-0.001642	0.359191	-0.000000	-0.000000	-0.000000	0.001101	0.003904	-0.009599	0.000001	0.000000	0.027097	0.445587	-1.955242	0.250310	-0.000000	0.000203	0.000000	0.000000	0.000000	2.451818	0.000000	0.000000	0.000000	0.000000
1761685902.752778053	0.000000	-0.000405	-0.000641	0.302056	-0.000001	-0.000000	-0.000000	0.001886	0.001771	0.020858	0.000001	0.000000	0.027097	0.445661	-1.954999	0.251051	-0.000000	0.000203	0.000000	0.000000	0.000000	2.451818	0.000000	0.000000	0.000000	0.000000
1761685902.852699280	0.000000	-0.000576	0.000170	0.222386	-0.000001	-0.000000	-0.000000	0.002703	-0.000418	0.052968	0.000001	0.000000	0.027097	0.445880	-1.954896	0.255073	-0.000000	0.000203	0.000000	0.000000	0.000000	2.451818	0.000000	0.000000	0.000000	0.000000
1761685902.953139067	0.000000	-0.000689	0.000749	0.132888	-0.000002	-0.000000	-0.000000	0.003283	-0.001955	0.076534	0.000001	0.000000	0.027097	0.446210	-1.954949	0.261800	-0.000000	0.000203	0.000000	0.000000	0.000000	2.451818	0.000000	0.000000	0.000000	0.000000
1761685903.052681923	0.000000	-0.000752	0.001101	0.042871	-0.000002	-0.000000	-0.000000	0.003628	-0.002860	0.091315	0.000001	0.000000	0.027097	0.446614	-1.955101	0.270378	0.000000	0.000203	0.000000	0.000000	0.000000	2.451818	0.000000	0.000000	0.000000	0.000000
1761685903.153673887	-0.000000	-0.000771	0.001214	-0.038947	-0.000002	-0.000000	-0.000000	0.003735	-0.003143	0.097102	0.000000	0.000000	0.027097	0.447054	-1.955296	0.279909	0.000000	0.000203	0.000000	0.000000	0.000000	2.451818	0.000000	0.000000	0.000000	0.000000
1761685903.252835989	-0.000000	-0.000750	0.001107	-0.106595	-0.000001	-0.000000	0.000000	0.003624	-0.002870	0.094571	0.000000	0.000000	0.027097	0.447492	-1.955482	0.289529	0.000000	0.000203	0.000000	0.000000	0.000000	2.451818	0.000000	0.000000	0.000000	0.000000
1761685903.352957249	-0.000000	-0.000695	0.000826	-0.156906	-0.000001	-0.000000	0.000000	0.003330	-0.002148	0.085039	0.000000	0.000000	0.027097	0.447895	-1.955619	0.298477	0.000000	0.000203	0.000000	0.000000	0.000000	2.451818	0.000000	0.000000	0.000000	0.000000
1761685903.452664614	-0.000000	-0.000613	0.000428	-0.188984	-0.000001	-0.000000	0.000000	0.002899	-0.001104	0.070187	-0.000000	0.000000	0.027097	0.448236	-1.955676	0.306149	0.000000	0.000203	0.000000	0.000000	0.000000	2.451818	0.000000	0.000000	0.000000	0.000000
1761685903.552789211	-0.000000	-0.000509	-0.000031	-0.203514	-0.000001	-0.000000	0.000000	0.002379	0.000133	0.051823	-0.000000	0.000000	0.027097	0.448496	-1.955634	0.312119	0.000000	0.000203	0.000000	0.000000	0.000000	2.451818	0.000000	0.000000	0.000000	0.000000
1761685903.652973413	-0.000000	-0.000411	-0.000434	-0.203381	-0.000000	-0.000000	0.000000	0.001816	0.001440	0.031714	-0.000000	0.000000	0.027097	0.448663	-1.955486	0.316138	0.000000	0.000203	0.000000	0.000000	0.000000	2.451818	0.000000	0.000000	0.000000	0.000000
1761685903.752942085	-0.000000	-0.000288	-0.000921	-0.190375	-0.000000	-0.000000	0.000000	0.001249	0.002724	0.011374	-0.000000	0.000000	0.027097	0.448736	-1.955232	0.318123	0.000000	0.000203	0.000000	0.000000	0.000000	2.451818	0.000000	0.000000	0.000000	0.000000
1761685903.852771282	-0.000000	-0.000166	-0.001379	-0.165258	0.000000	-0.000000	0.000000	0.000804	0.003700	-0.004708	-0.000000	0.000000	0.027097	0.448727	-1.954943	0.318260	0.000000	0.000203	0.000000	0.000000	0.000000	2.451818	0.000000	0.000000	0.000000	0.000000
1761685903.952904463	-0.000000	-0.000054	-0.001773	-0.128999	0.000000	-0.000000	0.000000	0.000326	0.004707	-0.022071	-0.000000	0.000000	0.027097	0.448641	-1.954518	0.316748	0.000000	0.000203	0.000000	0.000000	0.000000	2.451818	0.000000	0.000000	0.000000	0.000000
1761685904.052798986	-0.000000	0.000038	-0.002073	-0.084985	0.000000	-0.000000	0.000000	-0.000061	0.005462	-0.036179	-0.000000	0.000000	0.027097	0.448489	-1.954023	0.313678	0.000000	0.000203	0.000000	0.000000	0.000000	2.451818	0.000000	0.000000	0.000000	0.000000
1761685904.152785063	-0.000000	0.000105	-0.002254	-0.037949	0.000000	-0.000000	0.000000	-0.000333	0.005916	-0.046145	-0.000000	0.000000	0.027097	0.448291	-1.953481	0.309430	0.000000	0.000203	0.000000	0.000000	0.000000	2.451818	0.000000	0.000000	0.000000	0.000000
1761685904.252851486	-0.000000	0.000140	-0.002307	0.007603	0.000000	-0.000000	0.000000	-0.000478	0.006050	-0.051508	-0.000000	0.000000	0.027097	0.448067	-1.952920	0.304450	-0.000000	0.000203	0.000000	0.000000	0.000000	2.451818	0.000000	0.000000	0.000000	0.000000
1761685904.352896452	-0.000000	0.000144	-0.002236	0.047930	0.000000	-0.000000	0.000000	-0.000497	0.005875	-0.052266	-0.000000	0.000000	0.027097	0.447842	-1.952363	0.299204	-0.000000	0.000203	0.000000	0.000000	0.000000	2.451818	0.000000	0.000000	0.000000	0.000000
1761685904.452753544	-0.000000	0.000119	-0.002057	0.080331	0.000000	-0.000000	0.000000	-0.000404	0.005429	-0.048817	-0.000000	0.000000	0.027097	0.447633	-1.951837	0.294134	-0.000000	0.000203	0.000000	0.000000	0.000000	2.451818	0.000000	0.000000	0.000000	0.000000
1761685904.552803993	-0.000000	0.000072	-0.001796	0.103190	0.000000	-0.000000	0.000000	-0.000219	0.004770	-0.041864	-0.000000	0.000000	0.027097	0.447458	-1.951361	0.289622	-0.000000	0.000203	0.000000	0.000000	0.000000	2.451818	0.000000	0.000000	0.000000	0.000000
1761685904.653818130	-0.000000	0.000011	-0.001481	0.114472	0.000000	-0.000000	0.000000	0.000032	0.003963	-0.032307	-0.000000	0.000000	0.027097	0.447328	-1.950949	0.285968	-0.000000	0.000203	0.000000	0.000000	0.000000	2.451818	0.000000	0.000000	0.000000	0.000000
1761685904.752844334	-0.000000	-0.000047	-0.001198	0.118612	0.000000	-0.000000	0.000000	0.000324	0.003081	-0.021048	0.000000	0.000000	0.027097	0.447251	-1.950613	0.283386	-0.000000	0.000203	0.000000	0.000000	0.000000	2.451818	0.000000	0.000000	0.000000	0.000000
1761685904.852787971	-0.000000	-0.000117	-0.000860	0.113657	0.000000	-0.000000	0.000000	0.000625	0.002191	-0.009256	0.000000	0.000000	0.027097	0.447227	-1.950353	0.281966	-0.000000	0.000203	0.000000	0.000000	0.000000	2.451818	0.000000	0.000000	0.000000	0.000000
1761685904.953096151	-0.000000	-0.000181	-0.000543	0.100721	0.000000	-0.000000	0.000000	0.000913	0.001356	0.002193	0.000000	0.000000	0.027097	0.447256	-1.950167	0.281712	-0.000000	0.000203	0.000000	0.000000	0.000000	2.451818	0.000000	0.000000	0.000000	0.000000
1761685905.052909136	-0.000000	-0.000237	-0.000267	0.080965	0.000000	-0.000000	0.000000	0.001165	0.000627	0.012480	0.000000	0.000000	0.027097	0.447333	-1.950049	0.282540	-0.000000	0.000203	0.000000	0.000000	0.000000	2.451818	0.000000	0.000000	0.000000	0.000000
1761685905.152925730	-0.000000	-0.000281	-0.000046	0.056180	-0.000000	-0.000000	0.000000	0.001365	0.000047	0.020906	0.000000	0.000000	0.027097	0.447448	-1.949987	0.284294	-0.000000	0.000203	0.000000	0.000000	0.000000	2.451818	0.000000	0.000000	0.000000	0.000000
1761685905.252961636	-0.000000	-0.000311	0.000111	0.028967	-0.000000	-0.000000	0.000000	0.001498	-0.000356	0.026937	0.000000	0.000000	0.027097	0.447593	-1.949965	0.286753	-0.000000	0.000203	0.000000	0.000000	0.000000	2.451818	0.000000	0.000000	0.000000	0.000000
1761685905.352873802	-0.000000	-0.000326	0.000200	0.001904	-0.000000	-0.000000	0.000000	0.001559	-0.000567	0.030288	0.000000	0.000000	0.027097	0.447754	-1.949968	0.289661	-0.000000	0.000203	0.000000	0.000000	0.000000	2.451818	0.000000	0.000000	0.000000	0.000000
1761685905.452840090	-0.000000	-0.000326	0.000220	-0.022750	-0.000000	-0.000000	0.000000	0.001548	-0.000592	0.030929	0.000000	0.000000	0.027097	0.447921	-1.949981	0.292746	0.000000	0.000203	0.000000	0.000000	0.000000	2.451818	0.000000	0.000000	0.000000	0.000000
1761685905.552925110	-0.000000	-0.000312	0.000179	-0.043230	-0.000000	-0.000000	0.000000	0.001471	-0.000452	0.029065	0.000000	0.000000	0.027097	0.448054	-1.949987	0.295263	0.000000	0.000203	0.000000	0.000000	0.000000	2.451818	0.000000	0.000000	0.000000	0.000000
1761685905.652808905	-0.000000	-0.000287	0.000086	-0.058356	-0.000000	-0.000000	0.000000	0.001363	-0.000226	0.025804	0.000000	0.000000	0.027097	0.448200	-1.949978	0.298018	0.000000	0.000203	0.000000	0.000000	0.000000	2.451818	0.000000	0.000000	0.000000	0.000000
1761685905.753159523	-0.000000	-0.000257	-0.000026	-0.065917	-0.000000	-0.000000	0.000000	0.001192	0.000146	0.020220	0.000000	0.000000	0.027097	0.448321	-1.949943	0.300283	0.000000	0.000203	0.000000	0.000000	0.000000	2.451818	0.000000	0.000000	0.000000	0.000000
1761685905.852993250	-0.000000	-0.000218	-0.000175	-0.069773	-0.000000	-0.000000	0.000000	0.000999	0.000564	0.013755	0.000000	0.000000	0.027097	0.448413	-1.949874	0.301933	0.000000	0.000203	0.000000	0.000000	0.000000	2.451818	0.000000	0.000000	0.000000	0.000000
1761685905.952767372	-0.000000	-0.000175	-0.000334	-0.068076	-0.000000	-0.000000	0.000000	0.000798	0.000998	0.006842	-0.000000	0.000000	0.027097	0.448473	-1.949769	0.302908	0.000000	0.000203	0.000000	0.000000	0.000000	2.451818	0.000000	0.000000	0.000000	0.000000
1761685906.052742720	-0.000000	-0.000133	-0.000488	-0.061380	-0.000000	-0.000000	0.000000	0.000634	0.001343	0.001140	-0.000000	0.000000	0.027097	0.448499	-1.949656	0.303192	0.000000	0.000203	0.000000	0.000000	0.000000	2.451818	0.000000	0.000000	0.000000	0.000000
1761685906.152960300	-0.000000	-0.000093	-0.000625	-0.050509	-0.000000	0.000000	0.000000	0.000453	0.001713	-0.005221	-0.000000	0.000000	0.027097	0.448502	-1.949491	0.302928	0.000000	0.000203	0.000000	0.000000	0.000000	2.451818	0.000000	0.000000	0.000000	0.000000
1761685906.252860785	-0.000000	-0.000061	-0.000730	-0.036851	-0.000000	0.000000	0.000000	0.000306	0.001993	-0.010453	-0.000000	0.000000	0.027097	0.448481	-1.949300	0.302093	0.000000	0.000203	0.000000	0.000000	0.000000	2.451818	0.000000	0.000000	0.000000	0.000000
1761685906.352904558	-0.000000	-0.000037	-0.000798	-2.293959	0.000000	0.000000	0.000000	0.000195	0.002177	-0.014366	-0.000000	0.000000	0.027097	0.448441	-1.949092	0.300810	0.000000	0.000203	0.000000	0.000000	0.000000	0.000000	0.000000	0.000000	0.000000	0.000000
1761685906.453282833	-0.000000	0.001219	-0.005204	-1.924129	0.000013	-0.000012	0.000000	-0.004184	0.012974	-0.181647	-0.000005	0.000001	0.027097	0.448028	-1.948425	0.290979	-0.000000	0.000203	0.000000	0.000000	0.000000	0.000000	0.000000	0.000000	0.000000	0.000000
1761685906.552874327	-0.000000	0.003342	-0.011017	-1.223109	0.000016	-0.000006	0.000000	-0.009158	0.025131	-0.375324	-0.000005	0.000001	0.027097	0.446795	-1.946682	0.261463	-0.000001	0.000203	0.000000	0.000000	0.000000	0.000000	0.000000	0.000000	0.000000	0.000000
1761685906.653049946	-0.000000	0.005130	-0.015170	-0.458248	0.000015	-0.000001	0.000000	-0.012347	0.032875	-0.509319	-0.000003	0.000000	0.027098	0.445002	-1.944031	0.215628	-0.000001	0.000203	0.000000	0.000000	0.000000	0.000000	0.000000	0.000000	0.000000	0.000000
1761685906.752751827	-0.000000	0.005823	-0.016525	0.167027	0.000013	0.000000	0.000000	-0.013306	0.035312	-0.567891	-0.000002	0.000000	0.027098	0.443069	-1.940872	0.160749	-0.000001	0.000203	0.000000	0.000000	0.000000	0.000000	0.000000	0.000000	0.000000	0.000000
1761685906.852899790	-0.000000	0.005677	-0.016054	0.564917	0.000011	-0.000000	0.000000	-0.012661	0.034104	-0.572031	-0.000000	0.000000	0.027098	0.441305	-1.937570	0.103024	-0.000001	0.000203	0.000000	0.000000	0.000000	0.000000	0.000000	0.000000	0.000000	0.000000
1761685906.952811003	0.000000	0.004664	-0.013653	0.842840	0.000008	-0.000000	-0.000000	-0.010527	0.029418	-0.522171	0.000001	0.000000	0.027099	0.439918	-1.934514	0.048453	-0.000001	0.000203	0.000000	0.000000	0.000000	0.000000	0.000000	0.000000	0.000000	0.000000
1761685907.052774191	0.000000	0.003299	-0.010424	0.977450	0.000005	-0.000000	-0.000000	-0.008169	0.024129	-0.456566	0.000002	0.000000	0.027099	0.439092	-1.932342	0.008065	-0.000001	0.000203	0.000000	0.000000	0.000000	0.000000	0.000000	0.000000	0.000000	0.000000
1761685907.152760744	0.000000	0.001928	-0.007021	1.014226	0.000002	-0.000000	-0.000000	-0.005081	0.017096	-0.363308	0.000002	0.000000	0.027099	0.438475	-1.930327	-0.032301	-0.000001	0.000203	0.000000	0.000000	0.000000	0.000000	0.000000	0.000000	0.000000	0.000000
1761685907.252783060	0.000000	0.000764	-0.003866	0.990929	0.000000	-0.000000	-0.000000	-0.001999	0.009917	-0.263111	0.000003	0.000000	0.027099	0.438207	-1.929025	-0.062828	-0.000001	0.000203	0.000000	0.000000	0.000000	0.000000	0.000000	0.000000	0.000000	0.000000
1761685907.352789640	0.000000	-0.000120	-0.001145	0.928597	-0.000002	-0.000000	-0.000000	0.000882	0.003041	-0.163242	0.000003	0.000000	0.027099	0.438218	-1.928439	-0.083287	-0.000001	0.000203	0.000000	0.000000	0.000000	0.000000	0.000000	0.000000	0.000000	0.000000
1761685907.452823162	0.000000	-0.000777	0.001184	0.837217	-0.000003	-0.000000	-0.000000	0.003460	-0.003277	-0.068304	0.000002	0.000000	0.027099	0.438452	-1.928533	-0.094004	-0.000000	0.000203	0.000000	0.000000	0.000000	0.000000	0.000000	0.000000	0.000000	0.000000
1761685907.552895546	0.000000	-0.001240	0.003498	0.719824	-0.000004	-0.000000	-0.000000	0.005681	-0.008866	0.018463	0.000002	0.000000	0.027099	0.438865	-1.929238	-0.095672	-0.000000	0.000203	0.000000	0.000000	0.000000	0.000000	0.000000	0.000000	0.000000	0.000000
1761685907.652973413	0.000000	-0.001534	0.005674	0.547853	-0.000005	-0.000000	-0.000000	0.007505	-0.013558	0.094359	0.000002	0.000000	0.027099	0.439433	-1.930467	-0.089268	0.000000	0.000203	0.000000	0.000000	0.000000	0.000000	0.000000	0.000000	0.000000	0.000000
1761685907.752836704	-0.000000	-0.001692	0.007440	0.331959	-0.000005	-0.000000	-0.000000	0.008848	-0.017060	0.154876	0.000001	0.000000	0.027098	0.440135	-1.932105	-0.076110	0.000000	0.000203	0.000000	0.000000	0.000000	0.000000	0.000000	0.000000	0.000000	0.000000
1761685907.852777004	-0.000000	-0.001748	0.008521	0.107355	-0.000004	-0.000000	-0.000000	0.009623	-0.019082	0.195269	0.000001	0.000000	0.027098	0.440947	-1.934005	-0.058027	0.000000	0.000203	0.000000	0.000000	0.000000	0.000000	0.000000	0.000000	0.000000	0.000000
1761685907.952818871	-0.000000	-0.001734	0.008645	-0.053112	-0.000004	-0.000000	0.000000	0.009714	-0.019277	0.209748	0.000000	0.000000	0.027098	0.441826	-1.935979	-0.037499	0.000000	0.000203	0.000000	0.000000	0.000000	0.000000	0.000000	0.000000	0.000000	0.000000
1761685908.052966595	-0.000000	-0.001685	0.008246	-0.216963	-0.000003	-0.000000	0.000000	0.009440	-0.018515	0.207996	0.000000	0.000000	0.027098	0.442579	-1.937575	-0.020019	0.000000	0.000203	0.000000	0.000000	0.000000	0.000000	0.000000	0.000000	0.000000	0.000000
1761685908.153258801	-0.000000	-0.001598	0.007305	-0.338247	-0.000002	-0.000000	0.000000	0.008632	-0.016336	0.188146	-0.000000	0.000000	0.027098	0.443471	-1.939340	0.000016	0.000000	0.000203	0.000000	0.000000	0.000000	0.000000	0.000000	0.000000	0.000000	0.000000
1761685908.253033638	-0.000000	-0.001469	0.005985	-0.413608	-0.000001	-0.000000	0.000000	0.007767	-0.014063	0.161980	-0.000000	0.000000	0.027098	0.444307	-1.940856	0.017590	0.000000	0.000203	0.000000	0.000000	0.000000	0.000000	0.000000	0.000000	0.000000	0.000000
1761685908.352912903	-0.000000	-0.001296	0.004499	-0.447492	-0.000001	-0.000000	0.000000	0.006564	-0.010943	0.123131	-0.000001	0.000000	0.027097	0.445046	-1.942066	0.031605	0.000000	0.000203	0.000000	0.000000	0.000000	0.000000	0.000000	0.000000	0.000000	0.000000
1761685908.452832460	-0.000000	-0.001085	0.003022	-0.446200	0.000000	-0.000000	0.000000	0.005269	-0.007640	0.079511	-0.000001	0.000000	0.027097	0.445660	-1.942946	0.041411	0.000000	0.000203	0.000000	0.000000	0.000000	0.000000	0.000000	0.000000	0.000000	0.000000
1761685908.552878857	-0.000000	-0.000845	0.001671	-0.415878	0.000001	-0.000000	0.000000	0.003978	-0.004402	0.034848	-0.000001	0.000000	0.027097	0.446137	-1.943499	0.046756	0.000000	0.000203	0.000000	0.000000	0.000000	0.000000	0.000000	0.000000	0.000000	0.000000
1761685908.652873039	-0.000000	-0.000596	0.000515	-0.361719	0.000001	-0.000000	0.000000	0.002773	-0.001425	-0.007750	-0.000001	0.000000	0.027097	0.446475	-1.943746	0.047722	0.000000	0.000203	0.000000	0.000000	0.000000	0.000000	0.000000	0.000000	0.000000	0.000000
1761685908.753129482	-0.000000	-0.000357	-0.000425	-0.281170	0.000001	-0.000000	0.000000	0.001554	0.001545	-0.045728	-0.000001	0.000000	0.027097	0.446688	-1.943724	0.044671	0.000000	0.000203	0.000000	0.000000	0.000000	0.000000	0.000000	0.000000	0.000000	0.000000
1761685908.852801800	-0.000000	-0.000154	-0.001177	-0.180614	0.000001	-0.000000	0.000000	0.000884	0.003151	-0.076530	-0.000001	0.000000	0.027097	0.446799	-1.943481	0.038212	-0.000000	0.000203	0.000000	0.000000	0.000000	0.000000	0.000000	0.000000	0.000000	0.000000
1761685908.952739239	-0.000000	-0.000010	-0.001686	-0.073208	0.000001	-0.000000	0.000000	0.000321	0.004476	-0.097943	-0.000000	0.000000	0.027097	0.446837	-1.943079	0.029199	-0.000000	0.000203	0.000000	0.000000	0.000000	0.000000	0.000000	0.000000	0.000000	0.000000
1761685909.053042889	-0.000000	0.000040	-0.001843	0.008170	0.000001	-0.000000	0.000000	0.000101	0.004938	-0.107054	-0.000000	0.000000	0.027097	0.446843	-1.942599	0.018798	-0.000000	0.000203	0.000000	0.000000	0.000000	0.000000	0.000000	0.000000	0.000000	0.000000
1761685909.152826548	-0.000000	0.000046	-0.001833	0.095819	0.000001	-0.000000	0.000000	0.000114	0.004823	-0.107593	-0.000000	0.000000	0.027097	0.446845	-1.942109	0.008005	-0.000000	0.000203	0.000000	0.000000	0.000000	0.000000	0.000000	0.000000	0.000000	0.000000
1761685909.252941370	-0.000000	-0.000008	-0.001605	0.165725	0.000001	-0.000000	0.000000	0.000355	0.004142	-0.099472	-0.000000	0.000000	0.027097	0.446868	-1.941662	-0.002342	-0.000000	0.000203	0.000000	0.000000	0.000000	0.000000	0.000000	0.000000	0.000000	0.000000
1761685909.352885723	-0.000000	-0.000111	-0.001196	0.213777	0.000001	-0.000000	0.000000	0.000704	0.003205	-0.086827	0.000000	0.000000	0.027097	0.446916	-1.941362	-0.010037	-0.000000	0.000203	0.000000	0.000000	0.000000	0.000000	0.000000	0.000000	0.000000	0.000000
1761685909.453023672	-0.000000	-0.000244	-0.000672	0.239583	0.000000	-0.000000	0.000000	0.001232	0.001809	-0.067051	0.000000	0.000000	0.027097	0.447019	-1.941122	-0.017620	-0.000000	0.000203	0.000000	0.000000	0.000000	0.000000	0.000000	0.000000	0.000000	0.000000
1761685909.553389072	-0.000000	-0.000386	-0.000097	0.244546	0.000000	-0.000000	0.000000	0.001931	-0.000029	-0.039960	0.000000	0.000000	0.027097	0.447178	-1.941034	-0.023006	-0.000000	0.000203	0.000000	0.000000	0.000000	0.000000	0.000000	0.000000	0.000000	0.000000
1761685909.652830601	-0.000000	-0.000524	0.000487	0.231074	-0.000000	-0.000000	0.000000	0.002437	-0.001359	-0.019663	0.000000	0.000000	0.027097	0.447394	-1.941109	-0.025990	-0.000000	0.000203	0.000000	0.000000	0.000000	0.000000	0.000000	0.000000	0.000000	0.000000
1761685909.752924681	-0.000000	-0.000645	0.001057	0.202052	-0.000000	-0.000000	0.000000	0.003096	-0.003101	0.007744	0.000000	0.000000	0.027097	0.447666	-1.941341	-0.026567	-0.000000	0.000203	0.000000	0.000000	0.000000	0.000000	0.000000	0.000000	0.000000	0.000000
1761685909.852867126	-0.000000	-0.000742	0.001566	0.158491	-0.000000	-0.000000	0.000000	0.003492	-0.004152	0.025066	0.000000	0.000000	0.027097	0.447986	-1.941714	-0.024911	-0.000000	0.000203	0.000000	0.000000	0.000000	0.000000	0.000000	0.000000	0.000000	0.000000
1761685909.952865362	-0.000000	-0.000811	0.001969	0.104337	-0.000000	-0.000000	0.000000	0.003864	-0.005147	0.042367	0.000000	0.000000	0.027097	0.448347	-1.942199	-0.021347	-0.000000	0.000203	0.000000	0.000000	0.000000	0.000000	0.000000	0.000000	0.000000	0.000000
1761685910.052735090	-0.000000	-0.000851	0.002228	0.045882	-0.000000	-0.000000	0.000000	0.004094	-0.005772	0.054606	0.000000	0.000000	0.027097	0.448738	-1.942762	-0.016336	0.000000	0.000203	0.000000	0.000000	0.000000	0.000000	0.000000	0.000000	0.000000	0.000000
1761685910.153038740	-0.000000	-0.000856	0.002289	0.000481	-0.000000	-0.000000	0.000000	0.004143	-0.005930	0.060168	0.000000	0.000000	0.027097	0.449144	-1.943357	-0.010510	0.000000	0.000203	0.000000	0.000000	0.000000	0.000000	0.000000	0.000000	0.000000	0.000000
1761685910.252928019	-0.000000	-0.000843	0.002245	-0.049559	-0.000000	-0.000000	0.000000	0.004067	-0.005769	0.060973	0.000000	0.000000	0.027097	0.449550	-1.943945	-0.004415	0.000000	0.000203	0.000000	0.000000	0.000000	0.000000	0.000000	0.000000	0.000000	0.000000
1761685910.352899551	-0.000000	-0.000808	0.002070	-0.090785	-0.000000	-0.000000	0.000000	0.003866	-0.005290	0.056851	0.000000	0.000000	0.027097	0.449945	-1.944497	0.001477	0.000000	0.000203	0.000000	0.000000	0.000000	0.000000	0.000000	0.000000	0.000000	0.000000
1761685910.453175545	-0.000000	-0.000752	0.001786	-0.120360	-0.000000	-0.000000	0.000000	0.003559	-0.004547	0.048460	0.000000	0.000000	0.027096	0.450317	-1.944983	0.006701	0.000000	0.000203	0.000000	0.000000	0.000000	0.000000	0.000000	0.000000	0.000000	0.000000
1761685910.553089380	-0.000000	-0.000680	0.001427	-0.137341	-0.000000	-0.000000	0.000000	0.003177	-0.003623	0.036917	-0.000000	0.000000	0.027096	0.450654	-1.945382	0.010894	0.000000	0.000203	0.000000	0.000000	0.000000	0.000000	0.000000	0.000000	0.000000	0.000000
1761685910.653107166	-0.000000	-0.000597	0.001035	-0.141926	-0.000000	-0.000000	0.000000	0.002754	-0.002606	0.023465	-0.000000	0.000000	0.027096	0.450951	-1.945681	0.013813	0.000000	0.000203	0.000000	0.000000	0.000000	0.000000	0.000000	0.000000	0.000000	0.000000
1761685910.752984524	-0.000000	-0.000509	0.000643	-0.135143	-0.000000	-0.000000	0.000000	0.002323	-0.001582	0.009349	-0.000000	0.000000	0.027096	0.451204	-1.945879	0.015339	0.000000	0.000203	0.000000	0.000000	0.000000	0.000000	0.000000	0.000000	0.000000	0.000000
1761685910.852966785	-0.000000	-0.000421	0.000282	-0.118598	0.000000	-0.000000	0.000000	0.001915	-0.000626	-0.004278	-0.000000	0.000000	0.027096	0.451414	-1.945977	0.015474	0.000000	0.000203	0.000000	0.000000	0.000000	0.000000	0.000000	0.000000	0.000000	0.000000
1761685910.953006506	-0.000000	-0.000341	-0.000027	-0.093566	0.000000	-0.000000	0.000000	0.001556	0.000199	-0.016414	-0.000000	0.000000	0.027096	0.451585	-1.945988	0.014327	0.000000	0.000203	0.000000	0.000000	0.000000	0.000000	0.000000	0.000000	0.000000	0.000000
1761685911.052801132	-0.000000	-0.000274	-0.000271	-0.062488	0.000000	-0.000000	0.000000	0.001267	0.000841	-0.026187	-0.000000	0.000000	0.027096	0.451722	-1.945928	0.012098	0.000000	0.000203	0.000000	0.000000	0.000000	0.000000	0.000000	0.000000	0.000000	0.000000
1761685911.152726889	-0.000000	-0.000225	-0.000440	-0.028735	0.000000	-0.000000	0.000000	0.001096	0.001199	-0.031913	-0.000000	0.000000	0.027096	0.451818	-1.945837	0.009613	0.000000	0.000203	0.000000	0.000000	0.000000	0.000000	0.000000	0.000000	0.000000	0.000000
1761685911.252759695	-0.000000	-0.000197	-0.000524	0.004392	0.000000	-0.000000	0.000000	0.000971	0.001428	-0.035911	-0.000000	0.000000	0.027096	0.451918	-1.945701	0.006150	-0.000000	0.000203	0.000000	0.000000	0.000000	0.000000	0.000000	0.000000	0.000000	0.000000
1761685911.352741480	-0.000000	-0.000193	-0.000510	0.032846	0.000000	-0.000000	0.000000	0.000951	0.001391	-0.036024	-0.000000	0.000000	0.027096	0.452013	-1.945558	0.002530	-0.000000	0.000203	0.000000	0.000000	0.000000	0.000000	0.000000	0.000000	0.000000	0.000000
1761685911.452949762	-0.000000	-0.000207	-0.000426	0.055573	0.000000	-0.000000	0.000000	0.001009	0.001163	-0.033214	-0.000000	0.000000	0.027096	0.452110	-1.945431	-0.000928	-0.000000	0.000203	0.000000	0.000000	0.000000	0.000000	0.000000	0.000000	0.000000	0.000000
1761685911.553057909	-0.000000	-0.000234	-0.000289	0.071463	0.000000	-0.000000	0.000000	0.001126	0.000788	-0.028036	-0.000000	0.000000	0.027096	0.452218	-1.945336	-0.003964	-0.000000	0.000203	0.000000	0.000000	0.000000	0.000000	0.000000	0.000000	0.000000	0.000000
1761685911.652882814	-0.000000	-0.000270	-0.000117	0.080087	0.000000	-0.000000	0.000000	0.001286	0.000314	-0.021154	-0.000000	0.000000	0.027096	0.452340	-1.945285	-0.006377	-0.000000	0.000203	0.000000	0.000000	0.000000	0.000000	0.000000	0.000000	0.000000	0.000000
1761685911.752738237	-0.000000	-0.000310	0.000072	0.081612	0.000000	-0.000000	0.000000	0.001466	-0.000208	-0.013289	0.000000	0.000000	0.027096	0.452479	-1.945285	-0.008039	-0.000000	0.000203	0.000000	0.000000	0.000000	0.000000	0.000000	0.000000	0.000000	0.000000
1761685911.852703333	-0.000000	-0.000349	0.000263	-2.105054	0.000000	-0.000000	0.000000	0.001649	-0.000731	-0.005153	0.000000	0.000000	0.027096	0.452636	-1.945337	-0.008895	-0.000000	0.000203	0.000000	0.000000	0.000000	-2.354104	0.000000	0.000000	0.000000	0.000000
1761685911.952708483	-0.000000	0.000799	-0.003933	-1.750697	0.000005	0.000000	0.000000	-0.002688	0.010049	-0.170460	-0.000002	-0.000000	0.027096	0.452591	-1.944875	-0.017607	-0.000000	0.000203	0.000000	0.000000	0.000000	-2.354104	0.000000	0.000000	0.000000	0.000000
1761685912.052875280	-0.000000	0.002279	-0.008236	-1.228148	0.000006	0.000000	0.000000	-0.007266	0.021423	-0.349685	-0.000002	0.000000	0.027096	0.452103	-1.943177	-0.045281	-0.000000	0.000203	0.000000	0.000000	0.000000	-2.354104	0.000000	0.000000	0.000000	0.000000
1761685912.152799368	-0.000000	0.003997	-0.012546	-0.501765	0.000006	-0.000000	0.000000	-0.010405	0.029309	-0.481209	-0.000001	0.000000	0.027096	0.451359	-1.940494	-0.088285	-0.000000	0.000203	0.000000	0.000000	0.000000	-2.354104	0.000000	0.000000	0.000000	0.000000
1761685912.252776384	-0.000000	0.004916	-0.014630	0.143640	0.000005	-0.000000	0.000000	-0.011377	0.031950	-0.535129	-0.000001	0.000000	0.027096	0.450721	-1.937806	-0.131485	-0.000000	0.000203	0.000000	0.000000	0.000000	-2.354104	0.000000	0.000000	0.000000	0.000000
1761685912.352813959	-0.000000	0.004758	-0.014200	0.589984	0.000004	-0.000000	0.000000	-0.010868	0.031197	-0.542278	-0.000000	0.000000	0.027097	0.450111	-1.934470	-0.186131	-0.000001	0.000203	0.000000	0.000000	0.000000	-2.354104	0.000000	0.000000	0.000000	0.000000
1761685912.452735662	0.000000	0.003817	-0.011991	0.837446	0.000003	-0.000000	-0.000000	-0.008942	0.027105	-0.498158	0.000000	0.000000	0.027097	0.449756	-1.931416	-0.238281	-0.000001	0.000203	0.000000	0.000000	0.000000	-2.354104	0.000000	0.000000	0.000000	0.000000
1761685912.552825451	0.000000	0.002560	-0.008970	0.941900	0.000002	-0.000000	-0.000000	-0.006252	0.021143	-0.422662	0.000001	0.000000	0.027097	0.449649	-1.928928	-0.283968	-0.000000	0.000203	0.000000	0.000000	0.000000	-2.354104	0.000000	0.000000	0.000000	0.000000
1761685912.652781248	0.000000	0.001339	-0.005845	0.959106	0.000001	-0.000000	-0.000000	-0.003310	0.014448	-0.331954	0.000001	0.000000	0.027097	0.449726	-1.927145	-0.321058	-0.000000	0.000203	0.000000	0.000000	0.000000	-2.354104	0.000000	0.000000	0.000000	0.000000
1761685912.752833605	0.000000	0.000327	-0.002986	0.925055	0.000000	-0.000000	-0.000000	-0.000428	0.007722	-0.236617	0.000001	0.000000	0.027097	0.449916	-1.926100	-0.348712	-0.000000	0.000203	0.000000	0.000000	0.000000	-2.354104	0.000000	0.000000	0.000000	0.000000
1761685912.852812290	0.000000	-0.000450	-0.000534	0.858570	-0.000001	-0.000000	-0.000000	0.002230	0.001351	-0.142976	0.000001	0.000000	0.027096	0.450160	-1.925771	-0.366873	-0.000000	0.000203	0.000000	0.000000	0.000000	-2.354104	0.000000	0.000000	0.000000	0.000000
1761685912.952778101	0.000000	-0.001036	0.001638	0.768350	-0.000001	-0.000000	-0.000000	0.004583	-0.004453	-0.054903	0.000001	0.000000	0.027096	0.450421	-1.926099	-0.375959	-0.000000	0.000203	0.000000	0.000000	0.000000	-2.354104	0.000000	0.000000	0.000000	0.000000
1761685913.052891493	0.000000	-0.001378	0.003381	0.680236	-0.000001	-0.000000	-0.000000	0.006539	-0.009411	0.023436	0.000001	0.000000	0.027096	0.450684	-1.926999	-0.376817	-0.000000	0.000203	0.000000	0.000000	0.000000	-2.354104	0.000000	0.000000	0.000000	0.000000
1761685913.152750731	0.000000	-0.001663	0.005392	0.530331	-0.000002	-0.000000	-0.000000	0.007909	-0.012966	0.081591	0.000001	0.000000	0.027096	0.450903	-1.928123	-0.371907	-0.000000	0.000203	0.000000	0.000000	0.000000	-2.354104	0.000000	0.000000	0.000000	0.000000
1761685913.253361702	-0.000000	-0.001794	0.006717	0.379163	-0.000002	-0.000000	-0.000000	0.009114	-0.016133	0.137122	0.000001	0.000000	0.027096	0.451177	-1.929823	-0.360405	0.000000	0.000203	0.000000	0.000000	0.000000	-2.354104	0.000000	0.000000	0.000000	0.000000
1761685913.353004217	-0.000000	-0.001872	0.007889	0.180877	-0.000002	-0.000000	-0.000000	0.009885	-0.018196	0.177558	0.000000	0.000000	0.027096	0.451477	-1.931788	-0.344229	0.000000	0.000203	0.000000	0.000000	0.000000	-2.354104	0.000000	0.000000	0.000000	0.000000
1761685913.452950954	-0.000000	-0.001880	0.008409	-0.009536	-0.000001	-0.000000	0.000000	0.010146	-0.018913	0.198951	0.000000	0.000000	0.027096	0.451815	-1.933886	-0.325087	0.000000	0.000203	0.000000	0.000000	0.000000	-2.354104	0.000000	0.000000	0.000000	0.000000
1761685913.553137302	-0.000000	-0.001837	0.008221	-0.170461	-0.000001	-0.000000	0.000000	0.009913	-0.018319	0.201171	0.000000	0.000000	0.027096	0.452193	-1.935970	-0.304931	0.000000	0.000203	0.000000	0.000000	0.000000	-2.354104	0.000000	0.000000	0.000000	0.000000
1761685913.652982950	-0.000000	-0.001754	0.007444	-0.291886	-0.000001	-0.000000	0.000000	0.009271	-0.016646	0.186807	-0.000000	0.000000	0.027096	0.452602	-1.937914	-0.285540	0.000000	0.000203	0.000000	0.000000	0.000000	-2.354104	0.000000	0.000000	0.000000	0.000000
1761685913.752979755	-0.000000	-0.001632	0.006268	-0.371985	-0.000001	-0.000000	0.000000	0.008323	-0.014195	0.159642	-0.000000	0.000000	0.027096	0.453026	-1.939621	-0.268359	0.000000	0.000203	0.000000	0.000000	0.000000	-2.354104	0.000000	0.000000	0.000000	0.000000
1761685913.852991343	-0.000000	-0.001469	0.004891	-0.413734	-0.000000	-0.000000	0.000000	0.007180	-0.011273	0.123778	-0.000000	0.000000	0.027096	0.453444	-1.941028	-0.254432	0.000000	0.000203	0.000000	0.000000	0.000000	-2.354104	0.000000	0.000000	0.000000	0.000000
1761685913.952986479	-0.000000	-0.001271	0.003480	-0.422087	-0.000000	-0.000000	0.000000	0.005943	-0.008155	0.083101	-0.000000	0.000000	0.027096	0.453837	-1.942104	-0.244398	0.000000	0.000203	0.000000	0.000000	0.000000	-2.354104	0.000000	0.000000	0.000000	0.000000
1761685914.053023815	-0.000000	-0.001045	0.002154	-0.402297	0.000000	-0.000000	0.000000	0.004702	-0.005071	0.041031	-0.000000	0.000000	0.027096	0.454192	-1.942846	-0.238536	0.000000	0.000203	0.000000	0.000000	0.000000	-2.354104	0.000000	0.000000	0.000000	0.000000
1761685914.153003454	-0.000000	-0.000805	0.000990	-0.359274	0.000000	-0.000000	0.000000	0.003533	-0.002204	0.000472	-0.000000	0.000000	0.027096	0.454503	-1.943269	-0.236812	0.000000	0.000203	0.000000	0.000000	0.000000	-2.354104	0.000000	0.000000	0.000000	0.000000
1761685914.252968788	-0.000000	-0.000571	0.000026	-0.294003	0.000000	-0.000000	0.000000	0.002497	0.000303	-0.036173	-0.000000	0.000000	0.027096	0.454770	-1.943407	-0.238933	0.000000	0.000203	0.000000	0.000000	0.000000	-2.354104	0.000000	0.000000	0.000000	0.000000
1761685914.353080750	-0.000000	-0.000363	-0.000746	-0.207038	0.000000	-0.000000	0.000000	0.001651	0.002322	-0.066661	-0.000000	0.000000	0.027096	0.454999	-1.943307	-0.244374	0.000000	0.000203	0.000000	0.000000	0.000000	-2.354104	0.000000	0.000000	0.000000	0.000000
1761685914.452972889	-0.000000	-0.000201	-0.001318	-0.109533	0.000000	-0.000000	0.000000	0.001050	0.003726	-0.088814	-0.000000	0.000000	0.027095	0.455202	-1.943030	-0.252393	-0.000000	0.000203	0.000000	0.000000	0.000000	-2.354104	0.000000	0.000000	0.000000	0.000000
1761685914.552948475	-0.000000	-0.000104	-0.001643	-0.013085	0.000000	-0.000000	0.000000	0.000720	0.004454	-0.101393	-0.000000	0.000000	0.027095	0.455389	-1.942646	-0.262076	-0.000000	0.000203	0.000000	0.000000	0.000000	-2.354104	0.000000	0.000000	0.000000	0.000000
1761685914.652801037	-0.000000	-0.000076	-0.001711	0.072837	0.000000	-0.000000	0.000000	0.000656	0.004519	-0.104309	-0.000000	0.000000	0.027095	0.455573	-1.942226	-0.272452	-0.000000	0.000203	0.000000	0.000000	0.000000	-2.354104	0.000000	0.000000	0.000000	0.000000
1761685914.752782583	-0.000000	-0.000112	-0.001547	0.141951	0.000000	-0.000000	0.000000	0.000791	0.004105	-0.099671	-0.000000	0.000000	0.027095	0.455729	-1.941897	-0.280960	-0.000000	0.000203	0.000000	0.000000	0.000000	-2.354104	0.000000	0.000000	0.000000	0.000000
1761685914.852820396	-0.000000	-0.000198	-0.001201	0.191156	0.000000	-0.000000	0.000000	0.001115	0.003204	-0.087780	0.000000	0.000000	0.027095	0.455923	-1.941576	-0.290310	-0.000000	0.000203	0.000000	0.000000	0.000000	-2.354104	0.000000	0.000000	0.000000	0.000000
1761685914.952744246	-0.000000	-0.000315	-0.000733	0.219892	0.000000	-0.000000	0.000000	0.001574	0.001963	-0.070304	0.000000	0.000000	0.027095	0.456126	-1.941376	-0.298124	-0.000000	0.000203	0.000000	0.000000	0.000000	-2.354104	0.000000	0.000000	0.000000	0.000000
1761685915.053051233	-0.000000	-0.000426	-0.000286	0.227992	0.000000	-0.000000	0.000000	0.002121	0.000504	-0.048794	0.000000	0.000000	0.027095	0.456340	-1.941325	-0.303919	-0.000000	0.000203	0.000000	0.000000	0.000000	-2.354104	0.000000	0.000000	0.000000	0.000000
1761685915.152894258	-0.000000	-0.000557	0.000257	0.222419	0.000000	-0.000000	0.000000	0.002682	-0.000993	-0.026130	0.000000	0.000000	0.027095	0.456562	-1.941434	-0.307482	-0.000000	0.000203	0.000000	0.000000	0.000000	-2.354104	0.000000	0.000000	0.000000	0.000000
1761685915.252787590	-0.000000	-0.000676	0.000799	0.202102	-0.000000	-0.000000	0.000000	0.003127	-0.002187	-0.007502	0.000000	0.000000	0.027095	0.456753	-1.941645	-0.308725	-0.000000	0.000203	0.000000	0.000000	0.000000	-2.354104	0.000000	0.000000	0.000000	0.000000
1761685915.352819204	-0.000000	-0.000775	0.001302	0.168955	-0.000000	-0.000000	0.000000	0.003606	-0.003484	0.013386	0.000000	0.000000	0.027095	0.456988	-1.942031	-0.308234	-0.000000	0.000203	0.000000	0.000000	0.000000	-2.354104	0.000000	0.000000	0.000000	0.000000
1761685915.452827215	-0.000000	-0.000851	0.001727	0.124305	-0.000000	-0.000000	0.000000	0.003996	-0.004548	0.031386	0.000000	0.000000	0.027095	0.457230	-1.942541	-0.305809	-0.000000	0.000203	0.000000	0.000000	0.000000	-2.354104	0.000000	0.000000	0.000000	0.000000
1761685915.552998781	-0.000000	-0.000900	0.002037	0.073065	-0.000000	-0.000000	0.000000	0.004267	-0.005306	0.045305	0.000000	0.000000	0.027095	0.457477	-1.943145	-0.301809	-0.000000	0.000203	0.000000	0.000000	0.000000	-2.354104	0.000000	0.000000	0.000000	0.000000
1761685915.653079748	-0.000000	-0.000922	0.002207	0.020621	-0.000000	-0.000000	0.000000	0.004403	-0.005714	0.054319	0.000000	0.000000	0.027095	0.457729	-1.943807	-0.296695	0.000000	0.000203	0.000000	0.000000	0.000000	-2.354104	0.000000	0.000000	0.000000	0.000000
1761685915.752930403	-0.000000	-0.000918	0.002229	-0.028217	-0.000000	-0.000000	0.000000	0.004399	-0.005763	0.058130	0.000000	0.000000	0.027095	0.457985	-1.944489	-0.290983	0.000000	0.000203	0.000000	0.000000	0.000000	-2.354104	0.000000	0.000000	0.000000	0.000000
1761685915.852972031	-0.000000	-0.000891	0.002113	-0.069708	-0.000000	-0.000000	0.000000	0.004266	-0.005479	0.056936	0.000000	0.000000	0.027095	0.458241	-1.945152	-0.285185	0.000000	0.000203	0.000000	0.000000	0.000000	-2.354104	0.000000	0.000000	0.000000	0.000000
1761685915.952800274	-0.000000	-0.000843	0.001883	-0.101374	-0.000000	-0.000000	0.000000	0.004022	-0.004915	0.051348	0.000000	0.000000	0.027095	0.458493	-1.945764	-0.279772	0.000000	0.000203	0.000000	0.000000	0.000000	-2.354104	0.000000	0.000000	0.000000	0.000000
1761685916.052665710	-0.000000	-0.000778	0.001571	-0.121953	-0.000000	-0.000000	0.000000	0.003693	-0.004141	0.042266	0.000000	0.000000	0.027095	0.458740	-1.946301	-0.275131	0.000000	0.000203	0.000000	0.000000	0.000000	-2.354104	0.000000	0.000000	0.000000	0.000000
1761685916.152897835	-0.000000	-0.000713	0.001268	-0.129756	-0.000000	-0.000000	0.000000	0.003301	-0.003218	0.030414	-0.000000	0.000000	0.027095	0.458976	-1.946742	-0.271582	0.000000	0.000203	0.000000	0.000000	0.000000	-2.354104	0.000000	0.000000	0.000000	0.000000
1761685916.252797842	-0.000000	-0.000630	0.000897	-0.129692	-0.000000	-0.000000	0.000000	0.002891	-0.002257	0.017568	-0.000000	0.000000	0.027095	0.459201	-1.947080	-0.269284	0.000000	0.000203	0.000000	0.000000	0.000000	-2.354104	0.000000	0.000000	0.000000	0.000000
1761685916.352864981	-0.000000	-0.000545	0.000539	-0.120150	-0.000000	-0.000000	0.000000	0.002487	-0.001320	0.004598	-0.000000	0.000000	0.027095	0.459411	-1.947315	-0.268284	0.000000	0.000203	0.000000	0.000000	0.000000	-2.354104	0.000000	0.000000	0.000000	0.000000
1761685916.452824831	-0.000000	-0.000464	0.000218	-0.102449	-0.000000	-0.000000	0.000000	0.002175	-0.000608	-0.005574	-0.000000	0.000000	0.027095	0.459576	-1.947437	-0.268415	0.000000	0.000203	0.000000	0.000000	0.000000	-2.354104	0.000000	0.000000	0.000000	0.000000
1761685916.552784681	-0.000000	-0.000391	-0.000051	-0.077819	0.000000	-0.000000	0.000000	0.001845	0.000131	-0.016408	-0.000000	0.000000	0.027095	0.459762	-1.947505	-0.269624	0.000000	0.000203	0.000000	0.000000	0.000000	-2.354104	0.000000	0.000000	0.000000	0.000000
1761685916.652837038	-0.000000	-0.000332	-0.000258	-0.048833	0.000000	-0.000000	0.000000	0.001581	0.000699	-0.025011	-0.000000	0.000000	0.027095	0.459937	-1.947503	-0.271794	0.000000	0.000203	0.000000	0.000000	0.000000	-2.354104	0.000000	0.000000	0.000000	0.000000
1761685916.752995968	-0.000000	-0.000290	-0.000392	-0.018445	0.000000	-0.000000	0.000000	0.001396	0.001067	-0.030861	-0.000000	0.000000	0.027094	0.460104	-1.947453	-0.274669	0.000000	0.000203	0.000000	0.000000	0.000000	-2.354104	0.000000	0.000000	0.000000	0.000000
1761685916.852816582	-0.000000	-0.000267	-0.000450	0.010583	0.000000	-0.000000	0.000000	0.001294	0.001225	-0.033718	-0.000000	0.000000	0.027094	0.460264	-1.947375	-0.277955	0.000000	0.000203	0.000000	0.000000	0.000000	-2.354104	0.000000	0.000000	0.000000	0.000000
1761685916.952850580	-0.000000	-0.000263	-0.000435	0.035962	0.000000	-0.000000	0.000000	0.001272	0.001183	-0.033628	-0.000000	0.000000	0.027094	0.460420	-1.947293	-0.281354	-0.000000	0.000203	0.000000	0.000000	0.000000	-2.354104	0.000000	0.000000	0.000000	0.000000
1761685917.052734852	-0.000000	-0.000275	-0.000355	0.056023	0.000000	-0.000000	0.000000	0.001321	0.000967	-0.030877	-0.000000	0.000000	0.027094	0.460574	-1.947226	-0.284585	-0.000000	0.000203	0.000000	0.000000	0.000000	-2.354104	0.000000	0.000000	0.000000	0.000000
1761685917.152822971	-0.000000	-0.000296	-0.000243	0.067256	0.000000	-0.000000	0.000000	0.001434	0.000594	-0.025609	-0.000000	0.000000	0.027094	0.460728	-1.947192	-0.287379	-0.000000	0.000203	0.000000	0.000000	0.000000	-2.354104	0.000000	0.000000	0.000000	0.000000
1761685917.252808571	-0.000000	-0.000328	-0.000084	0.075047	0.000000	-0.000000	0.000000	0.001553	0.000223	-0.020192	-0.000000	0.000000	0.027094	0.460857	-1.947198	-0.289248	-0.000000	0.000203	0.000000	0.000000	0.000000	-2.354104	0.000000	0.000000	0.000000	0.000000
1761685917.352783203	-0.000000	-0.000363	0.000090	0.076522	0.000000	-0.000000	0.000000	0.001712	-0.000258	-0.012947	0.000000	0.000000	0.027094	0.461013	-1.947250	-0.290854	-0.000000	0.000203	0.000000	0.000000	0.000000	-2.354104	0.000000	0.000000	0.000000	0.000000
1761685917.453070641	-0.000000	-0.000399	0.000268	0.072063	0.000000	-0.000000	0.000000	0.001876	-0.000747	-0.005344	0.000000	0.000000	0.027094	0.461170	-1.947354	-0.291706	-0.000000	0.000203	0.000000	0.000000	0.000000	-2.354104	0.000000	0.000000	0.000000	0.000000
1761685917.552919865	-0.000000	-0.000431	0.000437	0.062526	0.000000	-0.000000	0.000000	0.002030	-0.001204	0.002011	0.000000	0.000000	0.027094	0.461329	-1.947508	-0.291807	-0.000000	0.000203	0.000000	0.000000	0.000000	-2.354104	0.000000	0.000000	0.000000	0.000000
1761685917.652911901	-0.000000	-0.000457	0.000578	0.049131	0.000000	-0.000000	0.000000	0.002154	-0.001581	0.008423	0.000000	0.000000	0.027094	0.461490	-1.947706	-0.291225	-0.000000	0.000203	0.000000	0.000000	0.000000	-2.354104	0.000000	0.000000	0.000000	0.000000
1761685917.753348827	-0.000000	-0.000474	0.000684	0.033156	-0.000000	-0.000000	0.000000	0.002255	-0.001905	0.014378	0.000000	0.000000	0.027094	0.461651	-1.947937	-0.290074	-0.000000	0.000203	0.000000	0.000000	0.000000	-2.354104	0.000000	0.000000	0.000000	0.000000
1761685917.853147030	-0.000000	-0.000483	0.000748	0.016165	-0.000000	-0.000000	0.000000	0.002286	-0.002030	0.017141	0.000000	0.000000	0.027094	0.461813	-1.948190	-0.288498	-0.000000	0.000203	0.000000	0.000000	0.000000	-2.354104	0.000000	0.000000	0.000000	0.000000
1761685917.953635454	-0.000000	-0.000482	0.000769	-0.000367	-0.000000	-0.000000	0.000000	0.002285	-0.002089	0.019310	0.000000	0.000000	0.027094	0.461974	-1.948453	-0.286661	-0.000000	0.000203	0.000000	0.000000	0.000000	-2.354104	0.000000	0.000000	0.000000	0.000000
1761685918.052808762	-0.000000	-0.000473	0.000747	-0.015177	-0.000000	-0.000000	0.000000	0.002242	-0.002026	0.019279	0.000000	0.000000	0.027094	0.462133	-1.948714	-0.284732	-0.000000	0.000203	0.000000	0.000000	0.000000	-2.354104	0.000000	0.000000	0.000000	0.000000
1761685918.152965784	-0.000000	-0.000456	0.000689	-0.027296	-0.000000	-0.000000	0.000000	0.002161	-0.001871	0.018008	0.000000	0.000000	0.027094	0.462289	-1.948962	-0.282868	0.000000	0.000203	0.000000	0.000000	0.000000	-2.354104	0.000000	0.000000	0.000000	0.000000
1761685918.252944469	-0.000000	-0.000437	0.000622	-0.035203	-0.000000	0.000000	0.000000	0.002053	-0.001652	0.015683	0.000000	0.000000	0.027094	0.462442	-1.949189	-0.281189	0.000000	0.000203	0.000000	0.000000	0.000000	-2.354104	0.000000	0.000000	0.000000	0.000000
1761685918.352972507	-0.000000	-0.000410	0.000519	-0.041244	-0.000000	0.000000	0.000000	0.001920	-0.001371	0.012294	0.000000	0.000000	0.027094	0.462591	-1.949387	-0.279813	0.000000	0.000203	0.000000	0.000000	0.000000	-2.354104	0.000000	0.000000	0.000000	0.000000
1761685918.452980757	-0.000000	-0.000380	0.000404	-0.043627	-0.000000	0.000000	0.000000	0.001773	-0.001057	0.008271	0.000000	0.000000	0.027094	0.462735	-1.949552	-0.278814	0.000000	0.000203	0.000000	0.000000	0.000000	-2.354104	0.000000	0.000000	0.000000	0.000000
1761685918.552985430	-0.000000	-0.000348	0.000286	-0.042429	-0.000000	0.000000	0.000000	0.001621	-0.000735	0.003948	0.000000	0.000000	0.027094	0.462873	-1.949682	-0.278238	0.000000	0.000203	0.000000	0.000000	0.000000	-2.354104	0.000000	0.000000	0.000000	0.000000
1761685918.652932405	-0.000000	-0.000317	0.000172	-0.038058	-0.000000	0.000000	0.000000	0.001475	-0.000427	-0.000315	-0.000000	-0.000000	0.027094	0.463005	-1.949777	-0.278092	0.000000	0.000203	0.000000	0.000000	0.000000	-2.354104	0.000000	0.000000	0.000000	0.000000
1761685918.753093243	-0.000000	-0.000288	0.000071	-0.031067	-0.000000	0.000000	0.000000	0.001341	-0.000156	-0.004194	-0.000000	-0.000000	0.027094	0.463132	-1.949841	-0.278353	0.000000	0.000203	0.000000	0.000000	0.000000	-2.354104	0.000000	0.000000	0.000000	0.000000
1761685918.853240967	-0.000000	-0.000262	-0.000011	2.159584	-0.000000	0.000000	0.000000	0.001228	0.000063	-0.007417	-0.000000	0.000000	0.027094	0.463254	-1.949878	-0.278965	0.000000	0.000203	0.000000	0.000000	0.000000	0.000000	0.000000	0.000000	0.000000	0.000000
1761685918.952786207	-0.000000	-0.000884	0.003439	1.909129	-0.000005	-0.000005	-0.000000	0.005532	-0.010744	0.158732	0.000003	0.000001	0.027094	0.463434	-1.950482	-0.271426	0.000000	0.000203	0.000000	0.000000	0.000000	0.000000	0.000000	0.000000	0.000000	0.000000
1761685919.053217411	-0.000000	-0.001369	0.009664	1.290967	-0.000009	-0.000005	-0.000000	0.010469	-0.022997	0.351159	0.000003	0.000001	0.027094	0.463791	-1.952433	-0.244264	0.000000	0.000203	0.000000	0.000000	0.000000	0.000000	0.000000	0.000000	0.000000	0.000000
1761685919.153049707	-0.000000	-0.001424	0.015143	0.538671	-0.000009	-0.000001	-0.000000	0.014007	-0.031245	0.490559	0.000002	0.000000	0.027094	0.464403	-1.955455	-0.200588	0.000001	0.000203	0.000000	0.000000	0.000000	0.000000	0.000000	0.000000	0.000000	0.000000
1761685919.252841234	-0.000000	-0.001408	0.017788	-0.129332	-0.000008	0.000000	-0.000000	0.015473	-0.033856	0.547986	0.000001	-0.000000	0.027093	0.465143	-1.958397	-0.156419	0.000001	0.000203	0.000000	0.000000	0.000000	0.000000	0.000000	0.000000	0.000000	0.000000
1761685919.352885008	-0.000000	-0.001529	0.017197	-0.596800	-0.000006	0.000000	-0.000000	0.015778	-0.032835	0.557320	0.000000	-0.000000	0.027093	0.466279	-1.961948	-0.100334	0.000001	0.000203	0.000000	0.000000	0.000000	0.000000	0.000000	0.000000	0.000000	0.000000
1761685919.453007460	-0.000000	-0.001732	0.014315	-0.861735	-0.000005	-0.000000	0.000000	0.014769	-0.028297	0.513222	-0.000000	0.000000	0.027093	0.467580	-1.965103	-0.046655	0.000001	0.000203	0.000000	0.000000	0.000000	0.000000	0.000000	0.000000	0.000000	0.000000
1761685919.552901506	-0.000000	-0.001856	0.010304	-0.962710	-0.000003	-0.000000	0.000000	0.012773	-0.021569	0.431464	-0.000001	0.000000	0.027093	0.468885	-1.967580	0.000081	0.000001	0.000203	0.000000	0.000000	0.000000	0.000000	0.000000	0.000000	0.000000	0.000000
1761685919.653175592	-0.000000	-0.001806	0.006440	-0.984188	-0.000002	-0.000000	0.000000	0.010410	-0.014381	0.336876	-0.000001	0.000000	0.027092	0.470056	-1.969297	0.037780	0.000001	0.000203	0.000000	0.000000	0.000000	0.000000	0.000000	0.000000	0.000000	0.000000
1761685919.752791882	-0.000000	-0.001576	0.003082	-0.957343	-0.000000	-0.000000	0.000000	0.007919	-0.007302	0.239173	-0.000001	0.000000	0.027092	0.471002	-1.970271	0.065792	0.000001	0.000203	0.000000	0.000000	0.000000	0.000000	0.000000	0.000000	0.000000	0.000000
1761685919.853085756	-0.000000	-0.001183	0.000364	-0.894549	0.000001	-0.000000	0.000000	0.005407	-0.000716	0.142991	-0.000001	0.000000	0.027092	0.471669	-1.970564	0.084080	0.000000	0.000203	0.000000	0.000000	0.000000	0.000000	0.000000	0.000000	0.000000	0.000000
1761685919.952843904	-0.000000	-0.000681	-0.001960	-0.804146	0.000002	-0.000000	0.000000	0.003000	0.005232	0.052490	-0.000001	0.000000	0.027092	0.472041	-1.970250	0.093057	0.000000	0.000203	0.000000	0.000000	0.000000	0.000000	0.000000	0.000000	0.000000	0.000000
1761685920.052748203	-0.000000	-0.000126	-0.004152	-0.686380	0.000002	-0.000000	0.000000	0.000790	0.010398	-0.029431	-0.000001	0.000000	0.027092	0.472132	-1.969407	0.093464	0.000000	0.000203	0.000000	0.000000	0.000000	0.000000	0.000000	0.000000	0.000000	0.000000
1761685920.152793646	-0.000000	0.000351	-0.005823	-0.543514	0.000002	-0.000000	0.000000	-0.001193	0.014782	-0.101995	-0.000001	0.000000	0.027092	0.471975	-1.968110	0.086157	-0.000000	0.000203	0.000000	0.000000	0.000000	0.000000	0.000000	0.000000	0.000000	0.000000
1761685920.252892494	-0.000000	0.000874	-0.007390	-0.335115	0.000002	-0.000000	0.000000	-0.002749	0.017934	-0.158728	-0.000001	0.000000	0.027092	0.471631	-1.966462	0.072549	-0.000000	0.000203	0.000000	0.000000	0.000000	0.000000	0.000000	0.000000	0.000000	0.000000
1761685920.352963209	-0.000000	0.001262	-0.008337	-0.115266	0.000002	-0.000000	0.000000	-0.003759	0.019650	-0.195712	-0.000001	0.000000	0.027092	0.471174	-1.964584	0.054374	-0.000000	0.000203	0.000000	0.000000	0.000000	0.000000	0.000000	0.000000	0.000000	0.000000
1761685920.452811003	-0.000000	0.001436	-0.008545	0.084418	0.000002	-0.000000	0.000000	-0.004112	0.019858	-0.208982	-0.000000	0.000000	0.027092	0.470765	-1.962945	0.037279	-0.000000	0.000203	0.000000	0.000000	0.000000	0.000000	0.000000	0.000000	0.000000	0.000000
1761685920.552913427	-0.000000	0.001390	-0.008072	0.244580	0.000002	-0.000000	0.000000	-0.004039	0.018924	-0.207196	-0.000000	0.000000	0.027092	0.470301	-1.961011	0.016263	-0.000000	0.000203	0.000000	0.000000	0.000000	0.000000	0.000000	0.000000	0.000000	0.000000
1761685920.652802944	-0.000000	0.001168	-0.007080	0.357802	0.000001	-0.000000	0.000000	-0.003489	0.016888	-0.188077	0.000000	0.000000	0.027093	0.469914	-1.959229	-0.003519	-0.000000	0.000203	0.000000	0.000000	0.000000	0.000000	0.000000	0.000000	0.000000	0.000000
1761685920.752752781	0.000000	0.000841	-0.005773	0.425159	0.000001	-0.000000	0.000000	-0.002594	0.014094	-0.156071	0.000000	0.000000	0.027093	0.469633	-1.957693	-0.020585	-0.000000	0.000203	0.000000	0.000000	0.000000	0.000000	0.000000	0.000000	0.000000	0.000000
1761685920.852743387	0.000000	0.000479	-0.004337	0.451966	0.000000	-0.000000	-0.000000	-0.001491	0.010877	-0.115800	0.000000	0.000000	0.027093	0.469470	-1.956463	-0.033918	-0.000000	0.000203	0.000000	0.000000	0.000000	0.000000	0.000000	0.000000	0.000000	0.000000
1761685920.952760935	0.000000	0.000132	-0.002917	0.444670	0.000000	-0.000000	-0.000000	-0.000300	0.007531	-0.071497	0.000000	0.000000	0.027093	0.469425	-1.955568	-0.042944	-0.000000	0.000203	0.000000	0.000000	0.000000	0.000000	0.000000	0.000000	0.000000	0.000000
1761685921.052744865	0.000000	-0.000170	-0.001613	0.409336	-0.000000	-0.000000	-0.000000	0.000881	0.004294	-0.026787	0.000000	0.000000	0.027093	0.469490	-1.955008	-0.047477	-0.000000	0.000203	0.000000	0.000000	0.000000	0.000000	0.000000	0.000000	0.000000	0.000000
1761685921.153017044	0.000000	-0.000378	-0.000686	0.363304	-0.000000	-0.000000	-0.000000	0.001951	0.001413	0.014736	0.000000	0.000000	0.027093	0.469653	-1.954757	-0.047709	-0.000000	0.000203	0.000000	0.000000	0.000000	0.000000	0.000000	0.000000	0.000000	0.000000
1761685921.252912283	0.000000	-0.000583	0.000263	0.282902	-0.000001	-0.000000	-0.000000	0.002893	-0.001087	0.051833	0.000000	0.000000	0.027093	0.469903	-1.954775	-0.044040	-0.000000	0.000203	0.000000	0.000000	0.000000	0.000000	0.000000	0.000000	0.000000	0.000000
1761685921.352928400	0.000000	-0.000733	0.001035	0.181942	-0.000001	-0.000000	-0.000000	0.003627	-0.003013	0.081463	0.000000	0.000000	0.027092	0.470169	-1.954961	-0.038430	-0.000000	0.000203	0.000000	0.000000	0.000000	0.000000	0.000000	0.000000	0.000000	0.000000
1761685921.453026295	-0.000000	-0.000825	0.001567	0.074020	-0.000001	-0.000000	-0.000000	0.004097	-0.004227	0.101340	0.000000	0.000000	0.027092	0.470607	-1.955403	-0.027696	0.000000	0.000203	0.000000	0.000000	0.000000	0.000000	0.000000	0.000000	0.000000	0.000000
1761685921.552787304	-0.000000	-0.000864	0.001808	-0.028427	-0.000001	-0.000000	0.000000	0.004260	-0.004636	0.109307	0.000000	0.000000	0.027092	0.470949	-1.955788	-0.018793	0.000000	0.000203	0.000000	0.000000	0.000000	0.000000	0.000000	0.000000	0.000000	0.000000
1761685921.653017521	-0.000000	-0.000856	0.001760	-0.115987	-0.000001	-0.000000	0.000000	0.004197	-0.004456	0.109406	0.000000	0.000000	0.027092	0.471439	-1.956333	-0.005891	0.000000	0.000203	0.000000	0.000000	0.000000	0.000000	0.000000	0.000000	0.000000	0.000000
1761685921.752958059	-0.000000	-0.000806	0.001466	-0.182986	-0.000000	-0.000000	0.000000	0.003877	-0.003634	0.099266	0.000000	0.000000	0.027092	0.471841	-1.956734	0.004519	0.000000	0.000203	0.000000	0.000000	0.000000	0.000000	0.000000	0.000000	0.000000	0.000000
1761685921.852974176	-0.000000	-0.000720	0.000997	-0.227133	-0.000000	-0.000000	0.000000	0.003374	-0.002376	0.082084	-0.000000	0.000000	0.027092	0.472146	-1.956985	0.012121	0.000000	0.000203	0.000000	0.000000	0.000000	0.000000	0.000000	0.000000	0.000000	0.000000
1761685921.952867031	-0.000000	-0.000604	0.000427	-0.248639	-0.000000	-0.000000	0.000000	0.002749	-0.000849	0.060107	-0.000000	0.000000	0.027092	0.472461	-1.957156	0.019445	0.000000	0.000203	0.000000	0.000000	0.000000	0.000000	0.000000	0.000000	0.000000	0.000000
1761685922.052753210	-0.000000	-0.000466	-0.000174	-0.249281	-0.000000	-0.000000	0.000000	0.002178	0.000515	0.039745	-0.000000	0.000000	0.027092	0.472707	-1.957167	0.024449	0.000000	0.000203	0.000000	0.000000	0.000000	0.000000	0.000000	0.000000	0.000000	0.000000
1761685922.152744532	-0.000000	-0.000319	-0.000778	-0.235825	-0.000000	-0.000000	0.000000	0.001485	0.002134	0.014839	-0.000000	0.000000	0.027092	0.472881	-1.957016	0.026972	0.000000	0.000203	0.000000	0.000000	0.000000	0.000000	0.000000	0.000000	0.000000	0.000000
1761685922.252792597	-0.000000	-0.000195	-0.001252	-0.205434	0.000000	-0.000000	0.000000	0.000830	0.003613	-0.008968	-0.000000	0.000000	0.027092	0.472983	-1.956713	0.027058	0.000000	0.000203	0.000000	0.000000	0.000000	0.000000	0.000000	0.000000	0.000000	0.000000
1761685922.353292227	-0.000000	-0.000056	-0.001757	-0.160124	0.000000	-0.000000	0.000000	0.000253	0.004866	-0.030018	-0.000000	0.000000	0.027092	0.473020	-1.956276	0.024912	0.000000	0.000203	0.000000	0.000000	0.000000	0.000000	0.000000	0.000000	0.000000	0.000000
1761685922.453005075	-0.000000	0.000060	-0.002147	-0.104211	0.000000	-0.000000	0.000000	-0.000203	0.005792	-0.046785	-0.000000	0.000000	0.027092	0.473005	-1.955733	0.020900	0.000000	0.000203	0.000000	0.000000	0.000000	0.000000	0.000000	0.000000	0.000000	0.000000
1761685922.553005934	-0.000000	0.000142	-0.002388	-0.044194	0.000000	-0.000000	0.000000	-0.000509	0.006327	-0.058138	-0.000000	0.000000	0.027092	0.472955	-1.955120	0.015521	-0.000000	0.000203	0.000000	0.000000	0.000000	0.000000	0.000000	0.000000	0.000000	0.000000
1761685922.652984381	-0.000000	0.000185	-0.002464	0.013717	0.000000	-0.000000	0.000000	-0.000652	0.006451	-0.063558	-0.000000	0.000000	0.027092	0.472887	-1.954479	0.009349	-0.000000	0.000203	0.000000	0.000000	0.000000	0.000000	0.000000	0.000000	0.000000	0.000000
1761685922.753016472	-0.000000	0.000186	-0.002382	0.064456	0.000000	-0.000000	0.000000	-0.000636	0.006186	-0.063152	-0.000000	0.000000	0.027092	0.472818	-1.953847	0.002977	-0.000000	0.000203	0.000000	0.000000	0.000000	0.000000	0.000000	0.000000	0.000000	0.000000
1761685922.852956772	-0.000000	0.000150	-0.002163	0.104498	0.000000	-0.000000	0.000000	-0.000482	0.005588	-0.057552	-0.000000	0.000000	0.027092	0.472762	-1.953261	-0.003047	-0.000000	0.000203	0.000000	0.000000	0.000000	0.000000	0.000000	0.000000	0.000000	0.000000
1761685922.952955484	-0.000000	0.000087	-0.001842	0.131893	0.000000	-0.000000	0.000000	-0.000220	0.004738	-0.047769	-0.000000	0.000000	0.027092	0.472732	-1.952750	-0.008259	-0.000000	0.000203	0.000000	0.000000	0.000000	0.000000	0.000000	0.000000	0.000000	0.000000
1761685923.052843094	-0.000000	0.000007	-0.001456	0.146070	0.000000	-0.000000	0.000000	0.000116	0.003725	-0.035036	0.000000	0.000000	0.027092	0.472733	-1.952334	-0.012312	-0.000000	0.000203	0.000000	0.000000	0.000000	0.000000	0.000000	0.000000	0.000000	0.000000
1761685923.152786970	-0.000000	-0.000080	-0.001044	0.147525	0.000000	-0.000000	0.000000	0.000427	0.002824	-0.023100	0.000000	0.000000	0.027092	0.472762	-1.952069	-0.014643	-0.000000	0.000203	0.000000	0.000000	0.000000	0.000000	0.000000	0.000000	0.000000	0.000000
1761685923.252726078	-0.000000	-0.000166	-0.000640	0.137538	0.000000	-0.000000	0.000000	0.000803	0.001752	-0.008396	0.000000	0.000000	0.027092	0.472830	-1.951850	-0.016097	-0.000000	0.000203	0.000000	0.000000	0.000000	0.000000	0.000000	0.000000	0.000000	0.000000
1761685923.352813721	-0.000000	-0.000243	-0.000280	0.118151	0.000000	-0.000000	0.000000	0.001151	0.000777	0.005524	0.000000	0.000000	0.027092	0.472933	-1.951734	-0.016118	-0.000000	0.000203	0.000000	0.000000	0.000000	0.000000	0.000000	0.000000	0.000000	0.000000
1761685923.452754021	-0.000000	-0.000305	0.000020	0.090780	-0.000000	-0.000000	0.000000	0.001446	-0.000047	0.017662	0.000000	0.000000	0.027092	0.473066	-1.951708	-0.014844	-0.000000	0.000203	0.000000	0.000000	0.000000	0.000000	0.000000	0.000000	0.000000	0.000000
1761685923.552732468	-0.000000	-0.000351	0.000248	0.058407	-0.000000	-0.000000	0.000000	0.001668	-0.000672	0.027196	0.000000	0.000000	0.027092	0.473223	-1.951752	-0.012503	-0.000000	0.000203	0.000000	0.000000	0.000000	0.000000	0.000000	0.000000	0.000000	0.000000
1761685923.652735233	-0.000000	-0.000378	0.000395	0.024458	-0.000000	-0.000000	0.000000	0.001804	-0.001068	0.033577	0.000000	0.000000	0.027092	0.473397	-1.951846	-0.009388	-0.000000	0.000203	0.000000	0.000000	0.000000	0.000000	0.000000	0.000000	0.000000	0.000000
1761685923.752737045	-0.000000	-0.000386	0.000456	-0.007922	-0.000000	-0.000000	0.000000	0.001849	-0.001230	0.036588	0.000000	0.000000	0.027092	0.473580	-1.951966	-0.005831	0.000000	0.000203	0.000000	0.000000	0.000000	0.000000	0.000000	0.000000	0.000000	0.000000
1761685923.852726460	-0.000000	-0.000378	0.000434	-0.036174	-0.000000	-0.000000	0.000000	0.001808	-0.001172	0.036336	0.000000	0.000000	0.027092	0.473763	-1.952087	-0.002165	0.000000	0.000203	0.000000	0.000000	0.000000	0.000000	0.000000	0.000000	0.000000	0.000000
1761685923.952733517	-0.000000	-0.000354	0.000343	-0.058475	-0.000000	-0.000000	0.000000	0.001693	-0.000927	0.033189	0.000000	0.000000	0.027092	0.473937	-1.952192	0.001305	0.000000	0.000203	0.000000	0.000000	0.000000	0.000000	0.000000	0.000000	0.000000	0.000000
1761685924.052793741	-0.000000	-0.000319	0.000199	-0.070156	-0.000000	-0.000000	0.000000	0.001518	-0.000538	0.027713	0.000000	0.000000	0.027092	0.474097	-1.952262	0.004320	0.000000	0.000203	0.000000	0.000000	0.000000	0.000000	0.000000	0.000000	0.000000	0.000000
1761685924.152921438	-0.000000	-0.000283	0.000059	-0.081242	-0.000000	-0.000000	0.000000	0.001310	-0.000074	0.020893	0.000000	0.000000	0.027092	0.474237	-1.952288	0.006701	0.000000	0.000203	0.000000	0.000000	0.000000	0.000000	0.000000	0.000000	0.000000	0.000000
1761685924.252867937	-0.000000	-0.000235	-0.000127	-0.083708	-0.000000	-0.000000	0.000000	0.001077	0.000449	0.012953	-0.000000	0.000000	0.027092	0.474354	-1.952265	0.008335	0.000000	0.000203	0.000000	0.000000	0.000000	0.000000	0.000000	0.000000	0.000000	0.000000
1761685924.352808952	-0.000000	-0.000184	-0.000322	-0.079277	-0.000000	0.000000	0.000000	0.000836	0.000980	0.004623	-0.000000	-0.000000	0.027092	0.474447	-1.952188	0.009146	0.000000	0.000203	0.000000	0.000000	0.000000	0.000000	0.000000	0.000000	0.000000	0.000000
1761685924.453228951	-0.000000	-0.000135	-0.000506	-0.068955	-0.000000	0.000000	0.000000	0.000608	0.001471	-0.003378	-0.000000	-0.000000	0.027092	0.474516	-1.952060	0.009139	0.000000	0.000203	0.000000	0.000000	0.000000	0.000000	0.000000	0.000000	0.000000	0.000000
1761685924.552955151	-0.000000	-0.000090	-0.000664	-0.053736	-0.000000	0.000000	0.000000	0.000408	0.001884	-0.010446	-0.000000	-0.000000	0.027092	0.474557	-1.951920	0.008556	0.000000	0.000203	0.000000	0.000000	0.000000	0.000000	0.000000	0.000000	0.000000	0.000000
1761685924.652971745	-0.000000	-0.000053	-0.000784	-0.035208	0.000000	0.000000	0.000000	0.000250	0.002186	-0.016073	-0.000000	0.000000	0.027092	0.474589	-1.951718	0.007266	0.000000	0.000203	0.000000	0.000000	0.000000	0.000000	0.000000	0.000000	0.000000	0.000000
1761685924.752922297	-0.000000	-0.000027	-0.000858	-0.015276	0.000000	0.000000	0.000000	0.000143	0.002360	-0.019903	-0.000000	0.000000	0.027092	0.474610	-1.951451	0.005155	0.000000	0.000203	0.000000	0.000000	0.000000	0.000000	0.000000	0.000000	0.000000	0.000000
1761685924.853018045	-0.000000	-0.000013	-0.000880	0.004204	0.000000	-0.000000	0.000000	0.000089	0.002398	-0.021762	-0.000000	0.000000	0.027092	0.474620	-1.951212	0.003042	0.000000	0.000203	0.000000	0.000000	0.000000	0.000000	0.000000	0.000000	0.000000	0.000000
1761685924.952872276	-0.000000	-0.000011	-0.000854	0.021615	0.000000	-0.000000	0.000000	0.000088	0.002305	-0.021667	-0.000000	0.000000	0.027092	0.474628	-1.950977	0.000858	-0.000000	0.000203	0.000000	0.000000	0.000000	0.000000	0.000000	0.000000	0.000000	0.000000
1761685925.052811623	-0.000000	-0.000020	-0.000783	0.035697	0.000000	-0.000000	0.000000	0.000125	0.002137	-0.020155	-0.000000	0.000000	0.027092	0.474637	-1.950793	-0.000882	-0.000000	0.000203	0.000000	0.000000	0.000000	0.000000	0.000000	0.000000	0.000000	0.000000
1761685925.153141499	-0.000000	-0.000038	-0.000678	0.044262	0.000000	-0.000000	0.000000	0.000203	0.001856	-0.017055	-0.000000	0.000000	0.027092	0.474654	-1.950594	-0.002732	-0.000000	0.000203	0.000000	0.000000	0.000000	0.000000	0.000000	0.000000	0.000000	0.000000
1761685925.252895832	-0.000000	-0.000058	-0.000572	0.050229	0.000000	-0.000000	0.000000	0.000310	0.001509	-0.012772	-0.000000	0.000000	0.027092	0.474681	-1.950429	-0.004194	-0.000000	0.000203	0.000000	0.000000	0.000000	0.000000	0.000000	0.000000	0.000000	0.000000
1761685925.352965117	-0.000000	-0.000084	-0.000434	0.051720	0.000000	-0.000000	0.000000	0.000432	0.001130	-0.007848	-0.000000	0.000000	0.027092	0.474720	-1.950300	-0.005188	-0.000000	0.000203	0.000000	0.000000	0.000000	0.000000	0.000000	0.000000	0.000000	0.000000
