time	u_dot	v_dot	w_dot	p_dot	q_dot	r_dot	u	v	w	p	q	r	x	y	z	phi	theta	psi	X	Y	Z	K	M	N	norm_dof	norm_value
1761691719.384666920	0.000000	0.000000	0.000000	0.000000	0.000000	0.000000	0.000000	-0.000000	-0.000000	0.000000	0.000000	0.000000	0.000000	0.000000	-2.000000	0.000000	-0.000000	-0.000000	0.000000	0.000000	0.000000	0.000000	0.000000	0.000000	0.000000	0.000000
1761691719.484550953	0.000000	0.000000	0.000000	0.000000	0.000000	0.000000	0.000000	-0.000000	-0.000000	0.000000	0.000000	0.000000	0.000000	0.000000	-2.000000	0.000000	-0.000000	-0.000000	0.000000	0.000000	0.000000	0.000000	0.000000	0.000000	0.000000	0.000000
1761691719.584674358	0.000000	0.000000	0.000000	0.000000	0.000000	0.000000	0.000000	-0.000000	-0.000000	0.000000	0.000000	0.000000	0.000000	0.000000	-2.000000	0.000000	-0.000000	-0.000000	0.000000	0.000000	0.000000	0.000000	0.000000	0.000000	0.000000	0.000000
1761691719.684925795	0.000000	0.000000	0.000000	0.000000	0.000000	0.000000	0.000000	-0.000000	-0.000000	0.000000	0.000000	0.000000	0.000000	0.000000	-2.000000	0.000000	-0.000000	-0.000000	0.000000	0.000000	0.000000	0.000000	0.000000	0.000000	0.000000	0.000000
1761691719.784729481	0.000000	0.000000	0.000000	0.000000	0.000000	0.000000	0.000000	-0.000000	-0.000000	0.000000	0.000000	0.000000	0.000000	0.000000	-2.000000	0.000000	-0.000000	-0.000000	0.000000	0.000000	0.000000	0.000000	0.000000	0.000000	0.000000	0.000000
1761691719.884758234	0.000000	0.000000	0.000000	0.000000	0.000000	0.000000	0.000000	-0.000000	-0.000000	0.000000	0.000000	0.000000	0.000000	0.000000	-2.000000	0.000000	-0.000000	-0.000000	0.000000	0.000000	0.000000	0.000000	0.000000	0.000000	0.000000	0.000000
1761691719.984584093	0.000000	0.000000	0.000000	0.000000	0.000000	0.000000	0.000000	-0.000000	-0.000000	0.000000	0.000000	0.000000	0.000000	0.000000	-2.000000	0.000000	-0.000000	-0.000000	0.000000	0.000000	0.000000	0.000000	0.000000	0.000000	0.000000	0.000000
1761691720.084558725	0.000000	0.000000	0.000000	0.000000	0.000000	0.000000	0.000000	-0.000000	-0.000000	0.000000	0.000000	0.000000	0.000000	0.000000	-2.000000	0.000000	-0.000000	-0.000000	0.000000	0.000000	0.000000	0.000000	0.000000	0.000000	0.000000	0.000000
1761691720.184644938	0.000000	0.000000	0.000000	0.000000	0.000000	0.000000	0.000000	-0.000000	-0.000000	0.000000	0.000000	0.000000	0.000000	0.000000	-2.000000	0.000000	-0.000000	-0.000000	0.000000	0.000000	0.000000	0.000000	0.000000	0.000000	0.000000	0.000000
1761691720.284572124	0.000000	0.000000	0.000000	0.000000	0.000000	0.000000	0.000000	-0.000000	-0.000000	0.000000	0.000000	0.000000	0.000000	0.000000	-2.000000	0.000000	-0.000000	-0.000000	0.000000	0.000000	0.000000	0.000000	0.000000	0.000000	0.000000	0.000000
1761691720.384587526	0.000000	0.000000	0.000000	0.000000	0.000000	0.000000	0.000000	-0.000000	-0.000000	0.000000	0.000000	0.000000	0.000000	0.000000	-2.000000	0.000000	-0.000000	-0.000000	0.000000	0.000000	0.000000	0.000000	0.000000	0.000000	0.000000	0.000000
1761691720.484512568	0.000000	0.000000	0.000000	0.000000	0.000000	0.000000	0.000000	-0.000000	-0.000000	0.000000	0.000000	0.000000	0.000000	0.000000	-2.000000	0.000000	-0.000000	-0.000000	0.000000	0.000000	0.000000	0.000000	0.000000	0.000000	0.000000	0.000000
1761691720.584510326	0.000000	0.000000	0.000000	0.000000	0.000000	0.000000	0.000000	-0.000000	-0.000000	0.000000	0.000000	0.000000	0.000000	0.000000	-2.000000	0.000000	-0.000000	-0.000000	0.000000	0.000000	0.000000	0.000000	0.000000	0.000000	0.000000	0.000000
1761691720.684579134	0.000000	0.000000	0.000000	1.157072	0.000000	0.000000	0.000000	-0.000000	-0.000000	0.000000	0.000000	0.000000	0.000000	0.000000	-2.000000	0.000000	-0.000000	-0.000000	0.000000	0.000000	0.000000	1.248480	0.000000	0.000000	0.000000	0.000000
1761691720.784520626	-0.000000	-0.000459	0.002431	0.967278	-0.000000	-0.000000	0.000000	0.002515	-0.006266	0.096423	0.000000	0.000000	0.000000	0.000127	-2.000313	0.004821	-0.000000	0.000000	0.000000	0.000000	0.000000	1.248480	0.000000	0.000000	0.000000	0.000000
1761691720.884691715	-0.000000	-0.000800	0.005251	0.649662	0.000000	-0.000000	0.000000	0.005086	-0.012554	0.196314	-0.000000	0.000000	0.000000	0.000544	-2.001311	0.020422	-0.000000	0.000000	0.000000	0.000000	0.000000	1.248480	0.000000	0.000000	0.000000	0.000000
1761691720.984511137	-0.000000	-0.000967	0.007296	0.301729	0.000000	-0.000000	0.000000	0.006863	-0.016639	0.266573	-0.000000	0.000000	0.000000	0.001211	-2.002800	0.044373	-0.000000	0.000000	0.000000	0.000000	0.000000	1.248480	0.000000	0.000000	0.000000	0.000000
1761691721.084548235	-0.000000	-0.001042	0.008177	-0.014212	0.000000	-0.000000	0.000000	0.007752	-0.018275	0.302545	-0.000000	0.000000	0.000000	0.002058	-2.004530	0.073370	-0.000000	0.000000	0.000000	0.000000	0.000000	1.248480	0.000000	0.000000	0.000000	0.000000
1761691721.184886694	-0.000000	-0.001069	0.007981	-0.223873	0.000000	-0.000000	0.000000	0.007824	-0.017715	0.306390	-0.000000	0.000000	0.000000	0.002999	-2.006263	0.104068	-0.000000	0.000000	0.000000	0.000000	0.000000	1.248480	0.000000	0.000000	0.000000	0.000000
1761691721.285008192	0.000000	-0.001071	0.007057	-0.417331	0.000000	0.000000	-0.000000	0.007323	-0.015678	0.287497	-0.000000	-0.000000	0.000000	0.003947	-2.007824	0.133750	-0.000000	0.000000	0.000000	0.000000	0.000000	1.248480	0.000000	0.000000	0.000000	0.000000
1761691721.384572506	0.000000	-0.001022	0.005555	-0.541619	0.000000	0.000000	-0.000000	0.006498	-0.013019	0.255943	-0.000000	-0.000000	0.000000	0.004682	-2.008909	0.156238	-0.000000	0.000000	0.000000	0.000000	0.000000	1.248480	0.000000	0.000000	0.000000	0.000000
1761691721.484706163	0.000000	-0.000901	0.003754	-0.602830	0.000000	0.000000	-0.000000	0.005193	-0.009157	0.205924	0.000000	-0.000000	0.000000	0.005432	-2.009881	0.179053	-0.000000	0.000000	0.000000	0.000000	0.000000	1.248480	0.000000	0.000000	0.000000	0.000000
1761691721.584580660	0.000000	-0.000738	0.002232	-0.615333	-0.000000	0.000000	-0.000000	0.003664	-0.004932	0.147682	0.000000	-0.000000	0.000000	0.005980	-2.010461	0.196316	0.000000	0.000000	0.000000	0.000000	0.000000	1.248480	0.000000	0.000000	0.000000	0.000000
1761691721.684651852	0.000000	-0.000477	0.000539	-0.593681	-0.000000	0.000000	-0.000000	0.002044	-0.000695	0.086357	0.000000	-0.000000	0.000000	0.006296	-2.010647	0.207515	0.000000	0.000000	0.000000	0.000000	0.000000	1.248480	0.000000	0.000000	0.000000	0.000000
1761691721.784585476	0.000000	-0.000164	-0.000961	-0.541428	-0.000000	0.000000	-0.000000	0.000461	0.003270	0.026628	0.000000	-0.000000	-0.000000	0.006370	-2.010463	0.212652	0.000000	0.000000	0.000000	0.000000	0.000000	1.248480	0.000000	0.000000	0.000000	0.000000
1761691721.884732008	0.000000	0.000174	-0.002370	-0.462964	-0.000000	0.000000	-0.000000	-0.000758	0.006203	-0.019362	-0.000000	-0.000000	-0.000000	0.006258	-2.010056	0.212542	0.000000	-0.000000	0.000000	0.000000	0.000000	1.248480	0.000000	0.000000	0.000000	0.000000
1761691721.984724045	0.000000	0.000507	-0.003558	-0.352365	-0.000000	0.000000	-0.000000	-0.002011	0.009082	-0.066966	-0.000000	-0.000000	-0.000000	0.005946	-2.009312	0.207775	0.000000	-0.000000	0.000000	0.000000	0.000000	1.248480	0.000000	0.000000	0.000000	0.000000
1761691722.085048437	0.000000	0.000807	-0.004502	-0.215618	-0.000000	0.000000	-0.000000	-0.003027	0.011293	-0.105889	-0.000000	-0.000000	-0.000000	0.005477	-2.008340	0.198685	0.000000	-0.000000	0.000000	0.000000	0.000000	1.248480	0.000000	0.000000	0.000000	0.000000
1761691722.184638739	0.000000	0.000966	-0.004915	-0.102349	-0.000000	0.000000	-0.000000	-0.003620	0.012405	-0.129730	-0.000000	-0.000000	-0.000000	0.004913	-2.007227	0.186610	0.000000	-0.000000	0.000000	0.000000	0.000000	1.248480	0.000000	0.000000	0.000000	0.000000
1761691722.284576178	0.000000	0.001069	-0.005098	0.028532	-0.000000	0.000000	-0.000000	-0.003890	0.012706	-0.141853	-0.000000	-0.000000	-0.000000	0.004314	-2.006052	0.172851	0.000000	-0.000000	0.000000	0.000000	0.000000	1.248480	0.000000	0.000000	0.000000	0.000000
1761691722.384675741	-0.000000	0.001059	-0.004912	-1.015891	0.000000	0.000000	0.000000	-0.003833	0.012270	-0.141657	-0.000000	-0.000000	-0.000000	0.003822	-2.005078	0.160967	0.000000	-0.000000	0.000000	0.000000	0.000000	0.000000	0.000000	0.000000	0.000000	0.000000
1761691722.484539747	0.000000	0.001658	-0.006634	-0.747083	0.000000	0.000000	-0.000000	-0.005510	0.016112	-0.208432	-0.000000	-0.000000	-0.000000	0.003168	-2.003787	0.144067	0.000000	-0.000000	0.000000	0.000000	0.000000	0.000000	0.000000	0.000000	0.000000	0.000000
1761691722.584604025	0.000000	0.002520	-0.008924	-0.347738	0.000000	0.000000	-0.000000	-0.007597	0.020944	-0.292100	-0.000000	-0.000000	-0.000000	0.002243	-2.001978	0.118044	0.000000	-0.000000	0.000000	0.000000	0.000000	0.000000	0.000000	0.000000	0.000000	0.000000
1761691722.684628963	0.000000	0.003019	-0.010057	-0.013614	0.000000	0.000000	-0.000000	-0.008664	0.023260	-0.340185	-0.000000	-0.000000	-0.000000	0.001183	-1.999814	0.085586	0.000000	-0.000000	0.000000	0.000000	0.000000	0.000000	0.000000	0.000000	0.000000	0.000000
1761691722.785032511	0.000000	0.003007	-0.009853	0.273700	0.000000	0.000000	-0.000000	-0.008553	0.022743	-0.347116	-0.000000	-0.000000	-0.000000	0.000160	-1.997567	0.050931	0.000000	-0.000000	0.000000	0.000000	0.000000	0.000000	0.000000	0.000000	0.000000	0.000000
1761691722.884745121	-0.000000	0.002665	-0.008786	0.490665	0.000000	-0.000000	0.000000	-0.007631	0.020316	-0.324534	-0.000000	0.000000	-0.000000	-0.000720	-1.995451	0.017337	-0.000000	-0.000000	0.000000	0.000000	0.000000	0.000000	0.000000	0.000000	0.000000	0.000000
1761691722.984645128	-0.000000	0.002071	-0.007060	0.622174	0.000000	-0.000000	0.000000	-0.006387	0.017173	-0.287262	-0.000000	0.000000	-0.000000	-0.001304	-1.993911	-0.007964	-0.000000	-0.000000	0.000000	0.000000	0.000000	0.000000	0.000000	0.000000	0.000000	0.000000
1761691723.084712982	-0.000000	0.001385	-0.005033	0.682727	0.000000	-0.000000	0.000000	-0.004590	0.012688	-0.229428	-0.000000	0.000000	-0.000000	-0.001811	-1.992437	-0.033463	-0.000000	-0.000000	0.000000	0.000000	0.000000	0.000000	0.000000	0.000000	0.000000	0.000000
1761691723.184752703	-0.000000	0.000733	-0.002992	0.689391	0.000000	-0.000000	0.000000	-0.002643	0.007843	-0.163174	-0.000000	0.000000	-0.000000	-0.002115	-1.991435	-0.052608	-0.000000	-0.000000	0.000000	0.000000	0.000000	0.000000	0.000000	0.000000	0.000000	0.000000
1761691723.284733534	-0.000000	0.000187	-0.001113	0.655438	0.000000	-0.000000	0.000000	-0.000715	0.003033	-0.094457	-0.000000	0.000000	-0.000000	-0.002237	-1.990925	-0.064924	-0.000000	-0.000000	0.000000	0.000000	0.000000	0.000000	0.000000	0.000000	0.000000	0.000000
1761691723.385378361	-0.000000	-0.000232	0.000529	0.589891	0.000000	-0.000000	0.000000	0.001080	-0.001464	-0.027781	0.000000	0.000000	-0.000000	-0.002200	-1.990891	-0.070443	-0.000000	-0.000000	0.000000	0.000000	0.000000	0.000000	0.000000	0.000000	0.000000	0.000000
1761691723.484704256	-0.000000	-0.000547	0.002077	0.494452	-0.000000	-0.000000	0.000000	0.002663	-0.005443	0.033393	0.000000	0.000000	0.000000	-0.002025	-1.991289	-0.069579	-0.000000	-0.000000	0.000000	0.000000	0.000000	0.000000	0.000000	0.000000	0.000000	0.000000
1761691723.584846735	-0.000000	-0.000766	0.003467	0.358287	-0.000000	-0.000000	0.000000	0.003971	-0.008718	0.086020	0.000000	0.000000	0.000000	-0.001729	-1.992055	-0.063064	0.000000	0.000000	0.000000	0.000000	0.000000	0.000000	0.000000	0.000000	0.000000	0.000000
1761691723.684679270	-0.000000	-0.000901	0.004526	0.198865	-0.000000	-0.000000	0.000000	0.004924	-0.011059	0.126387	0.000000	0.000000	0.000000	-0.001331	-1.993099	-0.051956	0.000000	0.000000	0.000000	0.000000	0.000000	0.000000	0.000000	0.000000	0.000000	0.000000
1761691723.784570694	-0.000000	-0.000966	0.005112	0.038727	-0.000000	-0.000000	0.000000	0.005461	-0.012301	0.151588	-0.000000	0.000000	0.000000	-0.000857	-1.994312	-0.037670	0.000000	0.000000	0.000000	0.000000	0.000000	0.000000	0.000000	0.000000	0.000000	0.000000
1761691723.884587526	-0.000000	-0.000976	0.005180	-0.103611	-0.000000	-0.000000	0.000000	0.005576	-0.012430	0.160798	-0.000000	0.000000	0.000000	-0.000336	-1.995578	-0.021796	0.000000	0.000000	0.000000	0.000000	0.000000	0.000000	0.000000	0.000000	0.000000	0.000000
1761691723.984585285	0.000000	-0.000940	0.004781	-0.216612	-0.000000	0.000000	-0.000000	0.005310	-0.011569	0.155182	-0.000000	-0.000000	0.000000	0.000193	-1.996788	-0.005886	0.000000	0.000000	0.000000	0.000000	0.000000	0.000000	0.000000	0.000000	0.000000	0.000000
1761691724.084559679	0.000000	-0.000862	0.004033	-0.295590	0.000000	0.000000	-0.000000	0.004735	-0.009931	0.137287	-0.000000	-0.000000	0.000000	0.000696	-1.997856	0.008714	0.000000	0.000000	0.000000	0.000000	0.000000	0.000000	0.000000	0.000000	0.000000	0.000000
1761691724.184549332	0.000000	-0.000739	0.003045	-0.337574	0.000000	0.000000	-0.000000	0.003904	-0.007693	0.109045	-0.000000	-0.000000	0.000000	0.001135	-1.998715	0.020850	0.000000	0.000000	0.000000	0.000000	0.000000	0.000000	0.000000	0.000000	0.000000	0.000000
1761691724.284648657	0.000000	-0.000585	0.002012	-0.350033	0.000000	0.000000	-0.000000	0.002963	-0.005233	0.075987	-0.000000	-0.000000	0.000000	0.001487	-1.999334	0.029855	0.000000	0.000000	0.000000	0.000000	0.000000	0.000000	0.000000	0.000000	0.000000	0.000000
1761691724.384618521	0.000000	-0.000409	0.001029	-0.337270	0.000000	0.000000	-0.000000	0.001994	-0.002758	0.041191	-0.000000	-0.000000	0.000000	0.001739	-1.999704	0.035433	0.000000	0.000000	0.000000	0.000000	0.000000	0.000000	0.000000	0.000000	0.000000	0.000000
1761691724.484788895	0.000000	-0.000223	0.000158	-0.303519	0.000000	0.000000	-0.000000	0.001066	-0.000435	0.007252	-0.000000	-0.000000	-0.000000	0.001889	-1.999838	0.037563	0.000000	0.000000	0.000000	0.000000	0.000000	0.000000	0.000000	0.000000	0.000000	0.000000
1761691724.584827900	0.000000	-0.000044	-0.000585	-0.250752	0.000000	0.000000	-0.000000	0.000234	0.001605	-0.023663	-0.000000	-0.000000	-0.000000	0.001943	-1.999758	0.036462	0.000000	-0.000000	0.000000	0.000000	0.000000	0.000000	0.000000	0.000000	0.000000	0.000000
1761691724.684679747	0.000000	0.000115	-0.001202	-0.180391	0.000000	0.000000	-0.000000	-0.000451	0.003248	-0.049618	-0.000000	-0.000000	-0.000000	0.001917	-1.999500	0.032545	0.000000	-0.000000	0.000000	0.000000	0.000000	0.000000	0.000000	0.000000	0.000000	0.000000
1761691724.784676313	0.000000	0.000237	-0.001640	-0.101384	0.000000	0.000000	-0.000000	-0.000943	0.004392	-0.068829	-0.000000	-0.000000	-0.000000	0.001830	-1.999107	0.026413	0.000000	-0.000000	0.000000	0.000000	0.000000	0.000000	0.000000	0.000000	0.000000	0.000000
1761691724.884544849	0.000000	0.000308	-0.001870	-0.022740	0.000000	0.000000	-0.000000	-0.001218	0.004987	-0.080284	-0.000000	-0.000000	-0.000000	0.001707	-1.998632	0.018807	0.000000	-0.000000	0.000000	0.000000	0.000000	0.000000	0.000000	0.000000	0.000000	0.000000
1761691724.984691858	0.000000	0.000323	-0.001894	0.036584	0.000000	0.000000	-0.000000	-0.001279	0.005044	-0.083869	-0.000000	-0.000000	-0.000000	0.001573	-1.998128	0.010515	0.000000	-0.000000	0.000000	0.000000	0.000000	0.000000	0.000000	0.000000	0.000000	0.000000
1761691725.084718704	-0.000000	0.000302	-0.001780	0.098666	0.000000	-0.000000	0.000000	-0.001172	0.004689	-0.081200	-0.000000	0.000000	-0.000000	0.001447	-1.997643	0.002243	-0.000000	-0.000000	0.000000	0.000000	0.000000	0.000000	0.000000	0.000000	0.000000	0.000000
1761691725.184735298	-0.000000	0.000239	-0.001516	0.146349	0.000000	-0.000000	0.000000	-0.000905	0.003943	-0.072368	-0.000000	0.000000	-0.000000	0.001345	-1.997215	-0.005405	-0.000000	-0.000000	0.000000	0.000000	0.000000	0.000000	0.000000	0.000000	0.000000	0.000000
1761691725.284661770	-0.000000	0.000146	-0.001134	0.177064	0.000000	-0.000000	0.000000	-0.000513	0.002894	-0.058527	-0.000000	0.000000	-0.000000	0.001280	-1.996879	-0.011868	-0.000000	-0.000000	0.000000	0.000000	0.000000	0.000000	0.000000	0.000000	0.000000	0.000000
1761691725.384624958	-0.000000	0.000036	-0.000683	0.190737	0.000000	-0.000000	0.000000	-0.000043	0.001662	-0.041333	-0.000000	0.000000	-0.000000	0.001258	-1.996660	-0.016739	-0.000000	-0.000000	0.000000	0.000000	0.000000	0.000000	0.000000	0.000000	0.000000	0.000000
1761691725.484635592	-0.000000	-0.000076	-0.000211	0.188542	0.000000	-0.000000	0.000000	0.000374	0.000582	-0.025666	0.000000	0.000000	-0.000000	0.001277	-1.996576	-0.019407	-0.000000	-0.000000	0.000000	0.000000	0.000000	0.000000	0.000000	0.000000	0.000000	0.000000
1761691725.584756613	-0.000000	-0.000182	0.000246	0.172438	-0.000000	-0.000000	0.000000	0.000865	-0.000683	-0.006739	0.000000	0.000000	-0.000000	0.001343	-1.996593	-0.020867	-0.000000	-0.000000	0.000000	0.000000	0.000000	0.000000	0.000000	0.000000	0.000000	0.000000
1761691725.684696436	-0.000000	-0.000274	0.000670	0.144417	-0.000000	-0.000000	0.000000	0.001314	-0.001829	0.011042	0.000000	0.000000	-0.000000	0.001453	-1.996732	-0.020486	-0.000000	-0.000000	0.000000	0.000000	0.000000	0.000000	0.000000	0.000000	0.000000	0.000000
1761691725.784723282	-0.000000	-0.000348	0.001031	0.106051	-0.000000	-0.000000	0.000000	0.001689	-0.002778	0.026418	0.000000	0.000000	0.000000	0.001603	-1.996976	-0.018454	0.000000	0.000000	0.000000	0.000000	0.000000	0.000000	0.000000	0.000000	0.000000	0.000000
1761691725.884533882	-0.000000	-0.000396	0.001278	0.063055	-0.000000	-0.000000	0.000000	0.001945	-0.003415	0.037662	0.000000	0.000000	0.000000	0.001782	-1.997296	-0.015130	0.000000	0.000000	0.000000	0.000000	0.000000	0.000000	0.000000	0.000000	0.000000	0.000000
1761691725.984560251	-0.000000	-0.000422	0.001411	0.019320	-0.000000	-0.000000	0.000000	0.002086	-0.003751	0.044684	0.000000	0.000000	0.000000	0.001981	-1.997662	-0.010924	0.000000	0.000000	0.000000	0.000000	0.000000	0.000000	0.000000	0.000000	0.000000	0.000000
1761691726.084539652	-0.000000	-0.000426	0.001427	-0.021207	-0.000000	-0.000000	0.000000	0.002110	-0.003789	0.047345	-0.000000	0.000000	0.000000	0.002188	-1.998043	-0.006270	0.000000	0.000000	0.000000	0.000000	0.000000	0.000000	0.000000	0.000000	0.000000	0.000000
1761691726.184694290	0.000000	-0.000410	0.001336	-0.055477	-0.000000	0.000000	-0.000000	0.002027	-0.003557	0.045900	-0.000000	-0.000000	0.000000	0.002394	-1.998411	-0.001591	0.000000	0.000000	0.000000	0.000000	0.000000	0.000000	0.000000	0.000000	0.000000	0.000000
1761691726.284838438	0.000000	-0.000377	0.001159	-0.081489	-0.000000	0.000000	-0.000000	0.001854	-0.003102	0.040923	-0.000000	-0.000000	0.000000	0.002587	-1.998742	0.002732	0.000000	0.000000	0.000000	0.000000	0.000000	0.000000	0.000000	0.000000	0.000000	0.000000
1761691726.384679794	0.000000	-0.000331	0.000921	-0.098241	0.000000	0.000000	-0.000000	0.001614	-0.002484	0.033208	-0.000000	-0.000000	0.000000	0.002760	-1.999016	0.006392	0.000000	0.000000	0.000000	0.000000	0.000000	0.000000	0.000000	0.000000	0.000000	0.000000
1761691726.484589815	0.000000	-0.000275	0.000650	-0.105595	0.000000	0.000000	-0.000000	0.001330	-0.001770	0.023663	-0.000000	-0.000000	0.000000	0.002907	-1.999222	0.009168	0.000000	0.000000	0.000000	0.000000	0.000000	0.000000	0.000000	0.000000	0.000000	0.000000
1761691726.584590197	0.000000	-0.000214	0.000372	-0.104104	0.000000	0.000000	-0.000000	0.001029	-0.001023	0.013226	-0.000000	-0.000000	-0.000000	0.003024	-1.999354	0.010931	0.000000	0.000000	0.000000	0.000000	0.000000	0.000000	0.000000	0.000000	0.000000	0.000000
1761691726.684586048	0.000000	-0.000154	0.000109	-0.094840	0.000000	0.000000	-0.000000	0.000735	-0.000304	0.002791	-0.000000	-0.000000	-0.000000	0.003110	-1.999413	0.011644	0.000000	-0.000000	0.000000	0.000000	0.000000	0.000000	0.000000	0.000000	0.000000	0.000000
1761691726.784677982	0.000000	-0.000097	-0.000122	-1.243641	0.000000	0.000000	-0.000000	0.000467	0.000338	-0.006847	-0.000000	-0.000000	-0.000000	0.003168	-1.999405	0.011354	0.000000	-0.000000	0.000000	0.000000	0.000000	-1.256570	0.000000	0.000000	0.000000	0.000000
1761691726.884591103	0.000000	0.000592	-0.002735	-1.025960	-0.000000	0.000000	-0.000000	-0.002288	0.007171	-0.112065	-0.000000	-0.000000	-0.000000	0.003071	-1.999025	0.005329	0.000000	-0.000000	0.000000	0.000000	0.000000	-1.256570	0.000000	0.000000	0.000000	0.000000
1761691726.984560251	0.000000	0.001496	-0.005568	-0.672872	0.000000	0.000000	-0.000000	-0.005005	0.013856	-0.218289	-0.000000	-0.000000	-0.000000	0.002683	-1.997905	-0.012225	-0.000000	-0.000000	0.000000	0.000000	0.000000	-1.256570	0.000000	0.000000	0.000000	0.000000
1761691727.084815979	0.000000	0.002093	-0.007215	-0.358848	0.000000	0.000000	-0.000000	-0.006757	0.018123	-0.291461	-0.000000	-0.000000	-0.000000	0.002115	-1.996238	-0.038567	-0.000000	-0.000000	0.000000	0.000000	0.000000	-1.256570	0.000000	0.000000	0.000000	0.000000
1761691727.185084820	0.000000	0.002536	-0.008332	0.002781	0.000000	0.000000	-0.000000	-0.007580	0.020136	-0.332579	-0.000000	-0.000000	-0.000000	0.001492	-1.994257	-0.070330	-0.000000	-0.000000	0.000000	0.000000	0.000000	-1.256570	0.000000	0.000000	0.000000	0.000000
1761691727.284712076	0.000000	0.002566	-0.008328	0.297110	0.000000	0.000000	0.000000	-0.007403	0.019743	-0.338328	-0.000000	-0.000000	-0.000000	0.000914	-1.992192	-0.104174	-0.000000	-0.000000	0.000000	0.000000	0.000000	-1.256570	0.000000	0.000000	0.000000	0.000000
1761691727.384568214	-0.000000	0.002215	-0.007338	0.500073	0.000000	-0.000000	0.000000	-0.006396	0.017356	-0.313523	-0.000000	0.000000	-0.000000	0.000453	-1.990275	-0.136764	-0.000000	-0.000000	0.000000	0.000000	0.000000	-1.256570	0.000000	0.000000	0.000000	0.000000
1761691727.484766245	-0.000000	0.001640	-0.005729	0.618327	0.000000	-0.000000	0.000000	-0.004841	0.013637	-0.266898	-0.000000	0.000000	-0.000000	0.000136	-1.988683	-0.165538	-0.000000	-0.000000	0.000000	0.000000	0.000000	-1.256570	0.000000	0.000000	0.000000	0.000000
1761691727.584888220	-0.000000	0.000997	-0.003858	0.669131	0.000000	-0.000000	0.000000	-0.003003	0.009203	-0.207037	0.000000	0.000000	-0.000000	-0.000042	-1.987524	-0.188818	-0.000000	-0.000000	0.000000	0.000000	0.000000	-1.256570	0.000000	0.000000	0.000000	0.000000
1761691727.684852600	-0.000000	0.000402	-0.001987	0.669404	-0.000000	-0.000000	0.000000	-0.001088	0.004536	-0.140970	0.000000	0.000000	-0.000000	-0.000101	-1.986851	-0.205703	0.000000	-0.000000	0.000000	0.000000	0.000000	-1.256570	0.000000	0.000000	0.000000	0.000000
1761691727.784764051	-0.000000	-0.000087	-0.000272	0.631847	-0.000000	-0.000000	0.000000	0.000758	-0.000016	-0.074034	0.000000	0.000000	-0.000000	-0.000063	-1.986668	-0.215895	0.000000	-0.000000	0.000000	0.000000	0.000000	-1.256570	0.000000	0.000000	0.000000	0.000000
1761691727.884719610	-0.000000	-0.000471	0.001303	0.564976	-0.000000	-0.000000	0.000000	0.002440	-0.004208	-0.010224	-0.000000	0.000000	-0.000000	0.000054	-1.986949	-0.219551	0.000000	-0.000000	0.000000	0.000000	0.000000	-1.256570	0.000000	0.000000	0.000000	0.000000
1761691727.984728336	-0.000000	-0.000757	0.002827	0.468832	-0.000000	-0.000000	0.000000	0.003891	-0.007854	0.047388	-0.000000	0.000000	0.000000	0.000238	-1.987643	-0.217166	0.000000	0.000000	0.000000	0.000000	0.000000	-1.256570	0.000000	0.000000	0.000000	0.000000
1761691728.084781647	-0.000000	-0.000952	0.004165	0.334826	-0.000000	-0.000000	0.000000	0.005050	-0.010767	0.095874	-0.000000	0.000000	0.000000	0.000483	-1.988679	-0.209532	0.000000	0.000000	0.000000	0.000000	0.000000	-1.256570	0.000000	0.000000	0.000000	0.000000
1761691728.185110569	-0.000000	-0.001066	0.005154	0.180862	-0.000000	-0.000000	0.000000	0.005842	-0.012723	0.131590	-0.000000	0.000000	0.000000	0.000783	-1.989964	-0.197768	0.000000	0.000000	0.000000	0.000000	0.000000	-1.256570	0.000000	0.000000	0.000000	0.000000
1761691728.284598112	-0.000000	-0.001115	0.005668	0.027856	-0.000000	-0.000000	0.000000	0.006223	-0.013598	0.152242	-0.000000	0.000000	0.000000	0.001130	-1.991386	-0.183297	0.000000	0.000000	0.000000	0.000000	0.000000	-1.256570	0.000000	0.000000	0.000000	0.000000
1761691728.384727001	-0.000000	-0.001113	0.005674	-0.107368	-0.000000	-0.000000	0.000000	0.006203	-0.013420	0.157578	-0.000000	0.000000	0.000000	0.001508	-1.992831	-0.167656	0.000000	0.000000	0.000000	0.000000	0.000000	-1.256570	0.000000	0.000000	0.000000	0.000000
1761691728.484599590	0.000000	-0.001067	0.005229	-0.214435	0.000000	0.000000	-0.000000	0.005902	-0.012537	0.150884	-0.000000	-0.000000	0.000000	0.001832	-1.993977	-0.154784	0.000000	0.000000	0.000000	0.000000	0.000000	-1.256570	0.000000	0.000000	0.000000	0.000000
1761691728.584599495	0.000000	-0.000983	0.004450	-0.289147	0.000000	0.000000	-0.000000	0.005298	-0.010864	0.133010	-0.000000	-0.000000	0.000000	0.002213	-1.995209	-0.140619	0.000000	0.000000	0.000000	0.000000	0.000000	-1.256570	0.000000	0.000000	0.000000	0.000000
1761691728.684549332	0.000000	-0.000862	0.003476	-0.331758	0.000000	0.000000	-0.000000	0.004488	-0.008696	0.106585	-0.000000	-0.000000	0.000000	0.002564	-1.996230	-0.128776	0.000000	0.000000	0.000000	0.000000	0.000000	-1.256570	0.000000	0.000000	0.000000	0.000000
1761691728.784642220	0.000000	-0.000706	0.002422	-0.343371	0.000000	0.000000	-0.000000	0.003542	-0.006236	0.074120	-0.000000	-0.000000	0.000000	0.002865	-1.997000	-0.119982	-0.000000	0.000000	0.000000	0.000000	0.000000	-1.256570	0.000000	0.000000	0.000000	0.000000
1761691728.884944916	0.000000	-0.000561	0.001581	-0.334175	0.000000	0.000000	-0.000000	0.002572	-0.003766	0.039976	-0.000000	-0.000000	0.000000	0.003105	-1.997511	-0.114554	-0.000000	0.000000	0.000000	0.000000	0.000000	-1.256570	0.000000	0.000000	0.000000	0.000000
1761691728.984817028	0.000000	-0.000377	0.000661	-0.303627	0.000000	0.000000	-0.000000	0.001636	-0.001415	0.006406	-0.000000	-0.000000	0.000000	0.003279	-1.997771	-0.112521	-0.000000	0.000000	0.000000	0.000000	0.000000	-1.256570	0.000000	0.000000	0.000000	0.000000
1761691729.084752083	0.000000	-0.000194	-0.000122	-0.253814	0.000000	0.000000	-0.000000	0.000791	0.000674	-0.024466	-0.000000	-0.000000	0.000000	0.003390	-1.997801	-0.113702	-0.000000	-0.000000	0.000000	0.000000	0.000000	-1.256570	0.000000	0.000000	0.000000	0.000000
1761691729.184765339	0.000000	-0.000029	-0.000774	-0.185028	0.000000	0.000000	-0.000000	0.000089	0.002384	-0.050678	0.000000	-0.000000	-0.000000	0.003446	-1.997637	-0.117713	-0.000000	-0.000000	0.000000	0.000000	0.000000	-1.256570	0.000000	0.000000	0.000000	0.000000
1761691729.284664154	0.000000	0.000101	-0.001265	-0.105497	0.000000	0.000000	-0.000000	-0.000424	0.003603	-0.070327	0.000000	-0.000000	-0.000000	0.003462	-1.997324	-0.123974	-0.000000	-0.000000	0.000000	0.000000	0.000000	-1.256570	0.000000	0.000000	0.000000	0.000000
1761691729.385010242	0.000000	0.000185	-0.001555	-0.024597	0.000000	0.000000	-0.000000	-0.000717	0.004267	-0.082202	0.000000	-0.000000	-0.000000	0.003452	-1.996916	-0.131755	-0.000000	-0.000000	0.000000	0.000000	0.000000	-1.256570	0.000000	0.000000	0.000000	0.000000
1761691729.484756708	0.000000	0.000213	-0.001632	0.049528	0.000000	0.000000	-0.000000	-0.000789	0.004376	-0.086010	0.000000	-0.000000	-0.000000	0.003435	-1.996473	-0.140254	-0.000000	-0.000000	0.000000	0.000000	0.000000	-1.256570	0.000000	0.000000	0.000000	0.000000
1761691729.584907532	-0.000000	0.000187	-0.001512	0.110958	-0.000000	-0.000000	0.000000	-0.000659	0.003985	-0.082293	0.000000	0.000000	-0.000000	0.003423	-1.996049	-0.148689	-0.000000	-0.000000	0.000000	0.000000	0.000000	-1.256570	0.000000	0.000000	0.000000	0.000000
1761691729.684775114	-0.000000	0.000119	-0.001233	0.156245	-0.000000	-0.000000	0.000000	-0.000365	0.003189	-0.072221	0.000000	0.000000	-0.000000	0.003427	-1.995690	-0.156374	-0.000000	-0.000000	0.000000	0.000000	0.000000	-1.256570	0.000000	0.000000	0.000000	0.000000
1761691729.784756899	-0.000000	0.000023	-0.000842	0.184109	-0.000000	-0.000000	0.000000	0.000046	0.002105	-0.057351	0.000000	0.000000	-0.000000	0.003455	-1.995434	-0.162760	-0.000000	-0.000000	0.000000	0.000000	0.000000	-1.256570	0.000000	0.000000	0.000000	0.000000
1761691729.884727001	-0.000000	-0.000087	-0.000389	0.194901	-0.000000	-0.000000	0.000000	0.000526	0.000855	-0.039405	0.000000	0.000000	-0.000000	0.003510	-1.995303	-0.167467	0.000000	-0.000000	0.000000	0.000000	0.000000	-1.256570	0.000000	0.000000	0.000000	0.000000
1761691729.984897137	-0.000000	-0.000199	0.000078	0.190061	-0.000000	-0.000000	0.000000	0.001028	-0.000442	-0.020095	0.000000	0.000000	-0.000000	0.003592	-1.995307	-0.170289	0.000000	-0.000000	0.000000	0.000000	0.000000	-1.256570	0.000000	0.000000	0.000000	0.000000
1761691730.084705830	-0.000000	-0.000303	0.000536	0.171709	-0.000000	-0.000000	0.000000	0.001510	-0.001680	-0.001008	0.000000	0.000000	0.000000	0.003701	-1.995444	-0.171182	0.000000	-0.000000	0.000000	0.000000	0.000000	-1.256570	0.000000	0.000000	0.000000	0.000000
1761691730.184630156	-0.000000	-0.000391	0.000959	0.141667	-0.000000	-0.000000	0.000000	0.001935	-0.002772	0.016469	0.000000	0.000000	0.000000	0.003835	-1.995704	-0.170250	0.000000	0.000000	0.000000	0.000000	0.000000	-1.256570	0.000000	0.000000	0.000000	0.000000
1761691730.284659863	-0.000000	-0.000460	0.001311	0.101785	-0.000000	-0.000000	0.000000	0.002276	-0.003640	0.031136	-0.000000	0.000000	0.000000	0.003991	-1.996064	-0.167727	0.000000	0.000000	0.000000	0.000000	0.000000	-1.256570	0.000000	0.000000	0.000000	0.000000
1761691730.384580135	-0.000000	-0.000507	0.001561	0.056563	-0.000000	-0.000000	0.000000	0.002473	-0.004135	0.040283	-0.000000	0.000000	0.000000	0.004134	-1.996423	-0.164653	0.000000	0.000000	0.000000	0.000000	0.000000	-1.256570	0.000000	0.000000	0.000000	0.000000
1761691730.484622955	-0.000000	-0.000530	0.001692	0.010722	-0.000000	-0.000000	0.000000	0.002605	-0.004459	0.047447	-0.000000	0.000000	0.000000	0.004316	-1.996894	-0.160156	0.000000	0.000000	0.000000	0.000000	0.000000	-1.256570	0.000000	0.000000	0.000000	0.000000
1761691730.584666252	-0.000000	-0.000531	0.001697	-0.031550	-0.000000	-0.000000	0.000000	0.002614	-0.004469	0.050047	-0.000000	0.000000	0.000000	0.004505	-1.997380	-0.155209	0.000000	0.000000	0.000000	0.000000	0.000000	-1.256570	0.000000	0.000000	0.000000	0.000000
1761691730.684941769	0.000000	-0.000510	0.001587	-0.067001	0.000000	0.000000	-0.000000	0.002511	-0.004193	0.048301	-0.000000	-0.000000	0.000000	0.004692	-1.997848	-0.150259	0.000000	0.000000	0.000000	0.000000	0.000000	-1.256570	0.000000	0.000000	0.000000	0.000000
1761691730.785233259	0.000000	-0.000472	0.001383	-0.093484	0.000000	0.000000	-0.000000	0.002311	-0.003677	0.042783	-0.000000	-0.000000	0.000000	0.004873	-1.998270	-0.145712	0.000000	0.000000	0.000000	0.000000	0.000000	-1.256570	0.000000	0.000000	0.000000	0.000000
1761691730.884641886	0.000000	-0.000418	0.001104	-0.108972	0.000000	0.000000	-0.000000	0.002028	-0.002961	0.033876	-0.000000	-0.000000	0.000000	0.005039	-1.998625	-0.141934	0.000000	0.000000	0.000000	0.000000	0.000000	-1.256570	0.000000	0.000000	0.000000	0.000000
1761691730.984805346	0.000000	-0.000355	0.000796	-0.114482	0.000000	0.000000	-0.000000	0.001706	-0.002158	0.023237	-0.000000	-0.000000	0.000000	0.005186	-1.998898	-0.139157	-0.000000	0.000000	0.000000	0.000000	0.000000	-1.256570	0.000000	0.000000	0.000000	0.000000
1761691731.084569216	0.000000	-0.000287	0.000488	-0.110800	0.000000	0.000000	-0.000000	0.001372	-0.001337	0.011880	-0.000000	-0.000000	0.000000	0.005313	-1.999085	-0.137492	-0.000000	0.000000	0.000000	0.000000	0.000000	-1.256570	0.000000	0.000000	0.000000	0.000000
1761691731.184659481	0.000000	-0.000221	0.000202	-0.099182	0.000000	0.000000	-0.000000	0.001052	-0.000559	0.000739	-0.000000	-0.000000	0.000000	0.005418	-1.999188	-0.136956	-0.000000	0.000000	0.000000	0.000000	0.000000	-1.256570	0.000000	0.000000	0.000000	0.000000
1761691731.284646273	0.000000	-0.000160	-0.000045	-0.080898	0.000000	0.000000	-0.000000	0.000765	0.000123	-0.009373	-0.000000	-0.000000	0.000000	0.005503	-1.999215	-0.137480	-0.000000	0.000000	0.000000	0.000000	0.000000	-1.256570	0.000000	0.000000	0.000000	0.000000
1761691731.384679794	0.000000	-0.000109	-0.000243	-0.057647	0.000000	0.000000	-0.000000	0.000530	0.000670	-0.017768	0.000000	-0.000000	0.000000	0.005571	-1.999179	-0.138920	-0.000000	-0.000000	0.000000	0.000000	0.000000	-1.256570	0.000000	0.000000	0.000000	0.000000
1761691731.484695911	0.000000	-0.000071	-0.000382	-0.031952	0.000000	0.000000	-0.000000	0.000359	0.001051	-0.023920	0.000000	-0.000000	-0.000000	0.005626	-1.999096	-0.141072	-0.000000	-0.000000	0.000000	0.000000	0.000000	-1.256570	0.000000	0.000000	0.000000	0.000000
1761691731.584966183	0.000000	-0.000049	-0.000456	-0.006285	0.000000	0.000000	-0.000000	0.000258	0.001253	-0.027543	0.000000	-0.000000	-0.000000	0.005672	-1.998983	-0.143693	-0.000000	-0.000000	0.000000	0.000000	0.000000	-1.256570	0.000000	0.000000	0.000000	0.000000
1761691731.684664249	0.000000	-0.000042	-0.000466	0.017200	0.000000	0.000000	-0.000000	0.000227	0.001280	-0.028599	0.000000	-0.000000	-0.000000	0.005714	-1.998860	-0.146527	-0.000000	-0.000000	0.000000	0.000000	0.000000	-1.256570	0.000000	0.000000	0.000000	0.000000
1761691731.784868002	-0.000000	-0.000050	-0.000418	0.036831	-0.000000	-0.000000	0.000000	0.000259	0.001150	-0.027271	0.000000	0.000000	-0.000000	0.005755	-1.998743	-0.149325	-0.000000	-0.000000	0.000000	0.000000	0.000000	-1.256570	0.000000	0.000000	0.000000	0.000000
1761691731.884558916	-0.000000	-0.000069	-0.000324	0.051485	-0.000000	-0.000000	0.000000	0.000343	0.000892	-0.023915	0.000000	0.000000	-0.000000	0.005801	-1.998648	-0.151870	-0.000000	-0.000000	0.000000	0.000000	0.000000	-1.256570	0.000000	0.000000	0.000000	0.000000
1761691731.984629154	-0.000000	-0.000094	-0.000201	0.061104	-0.000000	-0.000000	0.000000	0.000460	0.000555	-0.019255	0.000000	0.000000	-0.000000	0.005851	-1.998585	-0.154006	-0.000000	-0.000000	0.000000	0.000000	0.000000	-1.256570	0.000000	0.000000	0.000000	0.000000
1761691732.084550858	-0.000000	-0.000127	-0.000054	0.064688	-0.000000	-0.000000	0.000000	0.000607	0.000148	-0.013305	0.000000	0.000000	-0.000000	0.005910	-1.998561	-0.155591	0.000000	-0.000000	0.000000	0.000000	0.000000	-1.256570	0.000000	0.000000	0.000000	0.000000
1761691732.184652328	-0.000000	-0.000160	0.000098	1.227496	-0.000000	-0.000000	0.000000	0.000763	-0.000275	-0.006896	0.000000	0.000000	0.000000	0.005978	-1.998582	-0.156550	0.000000	-0.000000	0.000000	0.000000	0.000000	0.000000	0.000000	0.000000	0.000000	0.000000
1761691732.284741402	-0.000000	-0.000656	0.002740	1.030607	-0.000000	-0.000000	0.000000	0.003440	-0.006989	0.096474	0.000000	0.000000	0.000000	0.006130	-1.998977	-0.152018	0.000000	0.000000	0.000000	0.000000	0.000000	0.000000	0.000000	0.000000	0.000000	0.000000
1761691732.384538174	-0.000000	-0.001011	0.005806	0.697258	-0.000000	-0.000000	0.000000	0.006149	-0.013684	0.202816	-0.000000	0.000000	0.000000	0.006473	-2.000138	-0.136030	0.000000	0.000000	0.000000	0.000000	0.000000	0.000000	0.000000	0.000000	0.000000	0.000000
1761691732.484543562	-0.000000	-0.001174	0.008056	0.329115	-0.000000	-0.000000	0.000000	0.008019	-0.018065	0.278098	-0.000000	0.000000	0.000000	0.006995	-2.001857	-0.111126	0.000000	0.000000	0.000000	0.000000	0.000000	0.000000	0.000000	0.000000	0.000000	0.000000
1761691732.584570169	-0.000000	-0.001241	0.009047	-0.006306	-0.000000	-0.000000	0.000000	0.008948	-0.019854	0.317145	-0.000000	0.000000	0.000000	0.007669	-2.003859	-0.080783	0.000000	0.000000	0.000000	0.000000	0.000000	0.000000	0.000000	0.000000	0.000000	0.000000
1761691732.685242653	-0.000000	-0.001268	0.008775	-0.270633	0.000000	-0.000000	0.000000	0.009011	-0.019307	0.322105	-0.000000	0.000000	0.000000	0.008443	-2.005883	-0.048546	0.000000	0.000000	0.000000	0.000000	0.000000	0.000000	0.000000	0.000000	0.000000	0.000000
1761691732.784534693	0.000000	-0.001256	0.007550	-0.454293	0.000000	0.000000	-0.000000	0.008376	-0.016968	0.299447	-0.000000	-0.000000	0.000000	0.009251	-2.007716	-0.017474	0.000000	0.000000	0.000000	0.000000	0.000000	0.000000	0.000000	0.000000	0.000000	0.000000
1761691732.884637594	0.000000	-0.001186	0.005782	-0.565091	0.000000	0.000000	-0.000000	0.007240	-0.013452	0.257078	-0.000000	-0.000000	0.000000	0.010019	-2.009218	0.010127	0.000000	0.000000	0.000000	0.000000	0.000000	0.000000	0.000000	0.000000	0.000000	0.000000
1761691732.984561443	0.000000	-0.001040	0.003831	-0.616677	0.000000	0.000000	-0.000000	0.005785	-0.009302	0.202416	-0.000000	-0.000000	0.000000	0.010683	-2.010310	0.032723	0.000000	0.000000	0.000000	0.000000	0.000000	0.000000	0.000000	0.000000	0.000000	0.000000
1761691733.084546089	0.000000	-0.000817	0.001946	-0.622003	0.000000	0.000000	-0.000000	0.004166	-0.004942	0.141608	-0.000000	-0.000000	0.000000	0.011194	-2.010967	0.049453	0.000000	0.000000	0.000000	0.000000	0.000000	0.000000	0.000000	0.000000	0.000000	0.000000
1761691733.184525728	0.000000	-0.000529	0.000274	-0.591146	0.000000	0.000000	-0.000000	0.002509	-0.000684	0.079496	-0.000000	-0.000000	0.000000	0.011527	-2.011194	0.059995	-0.000000	0.000000	0.000000	0.000000	0.000000	0.000000	0.000000	0.000000	0.000000	0.000000
1761691733.284672976	0.000000	-0.000205	-0.001199	-0.543478	0.000000	0.000000	-0.000000	0.000916	0.003244	0.019868	-0.000000	-0.000000	0.000000	0.011673	-2.011021	0.064444	-0.000000	0.000000	0.000000	0.000000	0.000000	0.000000	0.000000	0.000000	0.000000	0.000000
1761691733.384690285	0.000000	0.000086	-0.002355	-0.459977	0.000000	0.000000	-0.000000	-0.000554	0.006733	-0.035275	-0.000000	-0.000000	-0.000000	0.011644	-2.010491	0.063181	0.000000	-0.000000	0.000000	0.000000	0.000000	0.000000	0.000000	0.000000	0.000000	0.000000
1761691733.484587193	0.000000	0.000429	-0.003584	-0.339203	0.000000	0.000000	-0.000000	-0.001813	0.009598	-0.082664	-0.000000	-0.000000	-0.000000	0.011464	-2.009655	0.056832	0.000000	-0.000000	0.000000	0.000000	0.000000	0.000000	0.000000	0.000000	0.000000	0.000000
1761691733.584655285	0.000000	0.000724	-0.004504	-0.195760	0.000000	0.000000	-0.000000	-0.002753	0.011599	-0.118597	-0.000000	-0.000000	-0.000000	0.011170	-2.008586	0.046385	0.000000	-0.000000	0.000000	0.000000	0.000000	0.000000	0.000000	0.000000	0.000000	0.000000
1761691733.684627056	0.000000	0.000918	-0.005012	-0.049560	0.000000	0.000000	-0.000000	-0.003224	0.012459	-0.137301	-0.000000	-0.000000	-0.000000	0.010874	-2.007582	0.035487	0.000000	-0.000000	0.000000	0.000000	0.000000	0.000000	0.000000	0.000000	0.000000	0.000000
1761691733.784625053	0.000000	0.000985	-0.005076	0.082493	0.000000	0.000000	-0.000000	-0.003438	0.012620	-0.147131	-0.000000	-0.000000	-0.000000	0.010499	-2.006326	0.021021	-0.000000	-0.000000	0.000000	0.000000	0.000000	0.000000	0.000000	0.000000	0.000000	0.000000
1761691733.884717464	-0.000000	0.000929	-0.004741	0.189273	0.000000	-0.000000	0.000000	-0.003278	0.011871	-0.143283	-0.000000	0.000000	-0.000000	0.010144	-2.005103	0.006386	-0.000000	-0.000000	0.000000	0.000000	0.000000	0.000000	0.000000	0.000000	0.000000	0.000000
1761691733.984515905	-0.000000	0.000776	-0.004098	0.265636	0.000000	-0.000000	0.000000	-0.002809	0.010395	-0.127915	-0.000000	0.000000	-0.000000	0.009841	-2.003994	-0.007165	-0.000000	-0.000000	0.000000	0.000000	0.000000	0.000000	0.000000	0.000000	0.000000	0.000000
1761691734.084863901	-0.000000	0.000560	-0.003229	0.302528	0.000000	-0.000000	0.000000	-0.002087	0.008338	-0.102624	-0.000000	0.000000	-0.000000	0.009613	-2.003069	-0.018534	-0.000000	-0.000000	0.000000	0.000000	0.000000	0.000000	0.000000	0.000000	0.000000	0.000000
1761691734.184791565	-0.000000	0.000362	-0.002463	0.322422	0.000000	-0.000000	0.000000	-0.001265	0.006080	-0.072986	0.000000	0.000000	-0.000000	0.009468	-2.002362	-0.027093	-0.000000	-0.000000	0.000000	0.000000	0.000000	0.000000	0.000000	0.000000	0.000000	0.000000
1761691734.284706116	-0.000000	0.000139	-0.001547	0.317581	0.000000	-0.000000	0.000000	-0.000399	0.003751	-0.041076	0.000000	0.000000	-0.000000	0.009406	-2.001888	-0.032544	-0.000000	-0.000000	0.000000	0.000000	0.000000	0.000000	0.000000	0.000000	0.000000	0.000000
1761691734.384705067	-0.000000	-0.000060	-0.000689	0.291103	-0.000000	-0.000000	0.000000	0.000448	0.001514	-0.009237	0.000000	0.000000	-0.000000	0.009424	-2.001644	-0.034791	-0.000000	-0.000000	0.000000	0.000000	0.000000	0.000000	0.000000	0.000000	0.000000	0.000000
1761691734.484637499	-0.000000	-0.000229	0.000061	0.245986	-0.000000	-0.000000	0.000000	0.001216	-0.000490	0.020315	0.000000	0.000000	0.000000	0.009515	-2.001615	-0.033972	0.000000	0.000000	0.000000	0.000000	0.000000	0.000000	0.000000	0.000000	0.000000	0.000000
1761691734.584733963	-0.000000	-0.000362	0.000697	0.182453	-0.000000	-0.000000	0.000000	0.001860	-0.002146	0.045665	0.000000	0.000000	0.000000	0.009670	-2.001768	-0.030431	0.000000	0.000000	0.000000	0.000000	0.000000	0.000000	0.000000	0.000000	0.000000	0.000000
1761691734.684755325	-0.000000	-0.000456	0.001189	0.107765	-0.000000	-0.000000	0.000000	0.002335	-0.003345	0.064969	0.000000	0.000000	0.000000	0.009877	-2.002062	-0.024694	0.000000	0.000000	0.000000	0.000000	0.000000	0.000000	0.000000	0.000000	0.000000	0.000000
1761691734.784756422	-0.000000	-0.000512	0.001491	0.030732	-0.000000	-0.000000	0.000000	0.002612	-0.004020	0.076991	-0.000000	0.000000	0.000000	0.010120	-2.002445	-0.017444	0.000000	0.000000	0.000000	0.000000	0.000000	0.000000	0.000000	0.000000	0.000000	0.000000
1761691734.884853363	-0.000000	-0.000530	0.001585	-0.040789	-0.000000	-0.000000	0.000000	0.002684	-0.004163	0.081348	-0.000000	0.000000	0.000000	0.010381	-2.002862	-0.009437	0.000000	0.000000	0.000000	0.000000	0.000000	0.000000	0.000000	0.000000	0.000000	0.000000
1761691734.984750032	0.000000	-0.000515	0.001481	-0.100892	-0.000000	0.000000	-0.000000	0.002567	-0.003823	0.078461	-0.000000	-0.000000	0.000000	0.010642	-2.003263	-0.001421	0.000000	0.000000	0.000000	0.000000	0.000000	0.000000	0.000000	0.000000	0.000000	0.000000
1761691735.084611893	0.000000	-0.000469	0.001216	-0.145942	0.000000	0.000000	-0.000000	0.002289	-0.003086	0.069373	-0.000000	-0.000000	0.000000	0.010884	-2.003604	0.005937	0.000000	0.000000	0.000000	0.000000	0.000000	0.000000	0.000000	0.000000	0.000000	0.000000
1761691735.184711456	0.000000	-0.000399	0.000838	-0.174378	0.000000	0.000000	-0.000000	0.001890	-0.002063	0.055530	-0.000000	-0.000000	0.000000	0.011093	-2.003853	0.012098	0.000000	0.000000	0.000000	0.000000	0.000000	0.000000	0.000000	0.000000	0.000000	0.000000
1761691735.284598351	0.000000	-0.000310	0.000398	-0.186268	0.000000	0.000000	-0.000000	0.001414	-0.000872	0.038566	-0.000000	-0.000000	0.000000	0.011256	-2.003989	0.016681	0.000000	0.000000	0.000000	0.000000	0.000000	0.000000	0.000000	0.000000	0.000000	0.000000
1761691735.384658098	0.000000	-0.000208	-0.000055	-0.182815	0.000000	0.000000	-0.000000	0.000905	0.000371	0.020137	-0.000000	-0.000000	0.000000	0.011368	-2.004002	0.019471	0.000000	0.000000	0.000000	0.000000	0.000000	0.000000	0.000000	0.000000	0.000000	0.000000
1761691735.484610319	0.000000	-0.000103	-0.000497	-0.165975	0.000000	0.000000	-0.000000	0.000489	0.001368	0.004845	-0.000000	-0.000000	0.000000	0.011421	-2.003920	0.020382	0.000000	0.000000	0.000000	0.000000	0.000000	0.000000	0.000000	0.000000	0.000000	0.000000
1761691735.584583759	0.000000	-0.000002	-0.000900	-0.137602	0.000000	0.000000	-0.000000	0.000027	0.002448	-0.012313	-0.000000	-0.000000	-0.000000	0.011439	-2.003718	0.019847	0.000000	0.000000	0.000000	0.000000	0.000000	0.000000	0.000000	0.000000	0.000000	0.000000
1761691735.684638739	0.000000	0.000087	-0.001234	-0.099470	0.000000	0.000000	-0.000000	-0.000364	0.003328	-0.027019	-0.000000	-0.000000	-0.000000	0.011412	-2.003420	0.017726	0.000000	-0.000000	0.000000	0.000000	0.000000	0.000000	0.000000	0.000000	0.000000	0.000000
1761691735.785341024	0.000000	0.000157	-0.001471	-0.055906	0.000000	0.000000	-0.000000	-0.000656	0.003946	-0.038237	-0.000000	-0.000000	-0.000000	0.011351	-2.003049	0.014328	0.000000	-0.000000	0.000000	0.000000	0.000000	0.000000	0.000000	0.000000	0.000000	0.000000
1761691735.884649277	0.000000	0.000199	-0.001594	-0.011519	0.000000	0.000000	-0.000000	-0.000832	0.004266	-0.045280	-0.000000	-0.000000	-0.000000	0.011269	-2.002633	0.010045	-0.000000	-0.000000	0.000000	0.000000	0.000000	0.000000	0.000000	0.000000	0.000000	0.000000
1761691735.984970570	0.000000	0.000213	-0.001600	0.029568	0.000000	0.000000	-0.000000	-0.000887	0.004283	-0.047912	-0.000000	-0.000000	-0.000000	0.011178	-2.002203	0.005314	-0.000000	-0.000000	0.000000	0.000000	0.000000	0.000000	0.000000	0.000000	0.000000	0.000000
1761691736.084685564	-0.000000	0.000198	-0.001498	0.064127	0.000000	-0.000000	0.000000	-0.000830	0.004022	-0.046324	-0.000000	0.000000	-0.000000	0.011090	-2.001787	0.000570	-0.000000	-0.000000	0.000000	0.000000	0.000000	0.000000	0.000000	0.000000	0.000000	0.000000
1761691736.184658051	-0.000000	0.000160	-0.001309	0.090005	0.000000	-0.000000	0.000000	-0.000676	0.003529	-0.041064	-0.000000	0.000000	-0.000000	0.011016	-2.001411	-0.003794	-0.000000	-0.000000	0.000000	0.000000	0.000000	0.000000	0.000000	0.000000	0.000000	0.000000
1761691736.284588099	-0.000000	0.000106	-0.001056	0.106111	0.000000	-0.000000	0.000000	-0.000449	0.002864	-0.032926	0.000000	0.000000	-0.000000	0.010963	-2.001095	-0.007455	-0.000000	-0.000000	0.000000	0.000000	0.000000	0.000000	0.000000	0.000000	0.000000	0.000000
1761691736.384531021	-0.000000	0.000043	-0.000767	0.112279	0.000000	-0.000000	0.000000	-0.000175	0.002097	-0.022852	0.000000	0.000000	-0.000000	0.010936	-2.000852	-0.010178	-0.000000	-0.000000	0.000000	0.000000	0.000000	0.000000	0.000000	0.000000	0.000000	0.000000
1761691736.484616756	-0.000000	-0.000023	-0.000470	0.109092	-0.000000	-0.000000	0.000000	0.000118	0.001295	-0.011829	0.000000	0.000000	-0.000000	0.010937	-2.000689	-0.011827	-0.000000	-0.000000	0.000000	0.000000	0.000000	0.000000	0.000000	0.000000	0.000000	0.000000
1761691736.584569693	-0.000000	-0.000084	-0.000188	0.097700	-0.000000	-0.000000	0.000000	0.000405	0.000522	-0.000814	0.000000	0.000000	0.000000	0.010967	-2.000606	-0.012363	-0.000000	0.000000	0.000000	0.000000	0.000000	0.000000	0.000000	0.000000	0.000000	0.000000
1761691736.684693098	-0.000000	-0.000137	0.000054	0.079726	-0.000000	-0.000000	0.000000	0.000658	-0.000149	0.009146	0.000000	0.000000	0.000000	0.011022	-2.000594	-0.011856	0.000000	0.000000	0.000000	0.000000	0.000000	0.000000	0.000000	0.000000	0.000000	0.000000
1761691736.784549475	-0.000000	-0.000179	0.000249	0.056789	-0.000000	-0.000000	0.000000	0.000861	-0.000685	0.017418	0.000000	0.000000	0.000000	0.011100	-2.000642	-0.010446	0.000000	0.000000	0.000000	0.000000	0.000000	0.000000	0.000000	0.000000	0.000000	0.000000
1761691736.884549141	-0.000000	-0.000207	0.000387	0.031390	-0.000000	-0.000000	0.000000	0.001003	-0.001059	0.023479	0.000000	0.000000	0.000000	0.011194	-2.000734	-0.008335	0.000000	0.000000	0.000000	0.000000	0.000000	0.000000	0.000000	0.000000	0.000000	0.000000
1761691736.984574556	-0.000000	-0.000222	0.000459	0.005988	-0.000000	-0.000000	0.000000	0.001077	-0.001255	0.027042	0.000000	0.000000	0.000000	0.011298	-2.000854	-0.005762	0.000000	0.000000	0.000000	0.000000	0.000000	0.000000	0.000000	0.000000	0.000000	0.000000
1761691737.084465981	-0.000000	-0.000223	0.000468	-0.017268	-0.000000	-0.000000	0.000000	0.001083	-0.001277	0.028064	-0.000000	0.000000	0.000000	0.011406	-2.000982	-0.002980	0.000000	0.000000	0.000000	0.000000	0.000000	0.000000	0.000000	0.000000	0.000000	0.000000
1761691737.184527397	0.000000	-0.000212	0.000419	-0.036700	-0.000000	0.000000	-0.000000	0.001028	-0.001144	0.026725	-0.000000	-0.000000	0.000000	0.011511	-2.001103	-0.000236	0.000000	0.000000	0.000000	0.000000	0.000000	0.000000	0.000000	0.000000	0.000000	0.000000
1761691737.285081387	0.000000	-0.000190	0.000323	-0.051177	-0.000000	0.000000	-0.000000	0.000921	-0.000885	0.023378	-0.000000	-0.000000	0.000000	0.011608	-2.001203	0.002255	0.000000	0.000000	0.000000	0.000000	0.000000	0.000000	0.000000	0.000000	0.000000	0.000000
1761691737.384506941	0.000000	-0.000161	0.000195	-0.060118	0.000000	0.000000	-0.000000	0.000775	-0.000535	0.018502	-0.000000	-0.000000	0.000000	0.011692	-2.001272	0.004318	0.000000	0.000000	0.000000	0.000000	0.000000	0.000000	0.000000	0.000000	0.000000	0.000000
1761691737.484515905	0.000000	-0.000127	0.000049	-0.063441	0.000000	0.000000	-0.000000	0.000607	-0.000133	0.012639	-0.000000	-0.000000	0.000000	0.011760	-2.001302	0.005833	0.000000	0.000000	0.000000	0.000000	0.000000	0.000000	0.000000	0.000000	0.000000	0.000000
1761691737.584517956	0.000000	-0.000090	-0.000101	-0.061491	0.000000	0.000000	-0.000000	0.000430	0.000283	0.006350	-0.000000	-0.000000	0.000000	0.011811	-2.001291	0.006732	0.000000	0.000000	0.000000	0.000000	0.000000	0.000000	0.000000	0.000000	0.000000	0.000000
1761691737.684903383	0.000000	-0.000054	-0.000244	-0.054952	0.000000	0.000000	-0.000000	0.000260	0.000677	0.000169	-0.000000	-0.000000	0.000000	0.011843	-2.001239	0.007005	0.000000	0.000000	0.000000	0.000000	0.000000	0.000000	0.000000	0.000000	0.000000	0.000000
1761691737.784457922	0.000000	-0.000022	-0.000369	-0.044647	0.000000	0.000000	-0.000000	0.000107	0.001019	-0.005435	-0.000000	-0.000000	0.000000	0.011860	-2.001151	0.006691	0.000000	0.000000	0.000000	0.000000	0.000000	0.000000	0.000000	0.000000	0.000000	0.000000
1761691737.884999037	0.000000	0.000005	-0.000467	-0.031648	0.000000	0.000000	-0.000000	-0.000017	0.001286	-0.010072	-0.000000	-0.000000	0.000000	0.011862	-2.001033	0.005870	-0.000000	0.000000	0.000000	0.000000	0.000000	0.000000	0.000000	0.000000	0.000000	0.000000
1761691737.984837770	0.000000	0.000024	-0.000531	-0.019065	0.000000	0.000000	-0.000000	-0.000106	0.001461	-0.013453	-0.000000	-0.000000	0.000000	0.011854	-2.000893	0.004656	-0.000000	0.000000	0.000000	0.000000	0.000000	0.000000	0.000000	0.000000	0.000000	0.000000
1761691738.084713936	0.000000	0.000036	-0.000563	-0.002712	0.000000	0.000000	-0.000000	-0.000160	0.001547	-0.015570	-0.000000	-0.000000	0.000000	0.011840	-2.000741	0.003179	-0.000000	0.000000	0.000000	0.000000	0.000000	0.000000	0.000000	0.000000	0.000000	0.000000
1761691738.184769630	0.000000	0.000039	-0.000555	0.010575	0.000000	0.000000	-0.000000	-0.000171	0.001527	-0.016113	-0.000000	-0.000000	-0.000000	0.011823	-2.000587	0.001579	-0.000000	0.000000	0.000000	0.000000	0.000000	0.000000	0.000000	0.000000	0.000000	0.000000
1761691738.284734488	-0.000000	0.000033	-0.000515	0.021639	0.000000	-0.000000	0.000000	-0.000146	0.001417	-0.015277	-0.000000	0.000000	-0.000000	0.011807	-2.000441	0.000007	-0.000000	0.000000	0.000000	0.000000	0.000000	0.000000	0.000000	0.000000	0.000000	0.000000
1761691738.384671926	-0.000000	0.000021	-0.000449	0.029868	0.000000	-0.000000	0.000000	-0.000092	0.001237	-0.013298	0.000000	0.000000	0.000000	0.011795	-2.000309	-0.001413	-0.000000	0.000000	0.000000	0.000000	0.000000	0.000000	0.000000	0.000000	0.000000	0.000000
1761691738.484930992	-0.000000	0.000005	-0.000364	0.033548	0.000000	-0.000000	0.000000	-0.000015	0.001006	-0.010448	0.000000	0.000000	0.000000	0.011790	-2.000198	-0.002582	-0.000000	0.000000	0.000000	0.000000	0.000000	0.000000	0.000000	0.000000	0.000000	0.000000
1761691738.584599257	-0.000000	-0.000014	-0.000272	0.036759	0.000000	-0.000000	0.000000	0.000071	0.000754	-0.007155	0.000000	0.000000	0.000000	0.011794	-2.000112	-0.003438	-0.000000	0.000000	0.000000	0.000000	0.000000	0.000000	0.000000	0.000000	0.000000	0.000000
1761691738.684708118	-0.000000	-0.000034	-0.000177	0.035281	-0.000000	-0.000000	0.000000	0.000164	0.000490	-0.003532	0.000000	0.000000	0.000000	0.011807	-2.000052	-0.003944	-0.000000	0.000000	0.000000	0.000000	0.000000	0.000000	0.000000	0.000000	0.000000	0.000000
1761691738.784733534	-0.000000	-0.000053	-0.000086	0.031912	-0.000000	-0.000000	0.000000	0.000254	0.000240	0.000021	0.000000	0.000000	0.000000	0.011829	-2.000018	-0.004089	-0.000000	0.000000	0.000000	0.000000	0.000000	0.000000	0.000000	0.000000	0.000000	0.000000
1761691738.884802103	-0.000000	-0.000070	-0.000007	0.025861	-0.000000	-0.000000	0.000000	0.000334	0.000019	0.003268	0.000000	0.000000	0.000000	0.011859	-2.000007	-0.003895	-0.000000	0.000000	0.000000	0.000000	0.000000	0.000000	0.000000	0.000000	0.000000	0.000000
1761691738.984666109	-0.000000	-0.000083	0.000057	0.019043	-0.000000	-0.000000	0.000000	0.000397	-0.000158	0.005955	0.000000	0.000000	0.000000	0.011896	-2.000016	-0.003407	0.000000	0.000000	0.000000	0.000000	0.000000	0.000000	0.000000	0.000000	0.000000	0.000000
1761691739.084876060	-0.000000	-0.000092	0.000103	0.009800	-0.000000	-0.000000	0.000000	0.000442	-0.000285	0.007973	0.000000	0.000000	0.000000	0.011938	-2.000040	-0.002689	0.000000	0.000000	0.000000	0.000000	0.000000	0.000000	0.000000	0.000000	0.000000	0.000000
1761691739.184861898	-0.000000	-0.000096	0.000126	0.001391	-0.000000	-0.000000	0.000000	0.000463	-0.000349	0.009107	0.000000	0.000000	0.000000	0.011984	-2.000073	-0.001820	0.000000	0.000000	0.000000	0.000000	0.000000	0.000000	0.000000	0.000000	0.000000	0.000000
1761691739.284873724	-0.000000	-0.000096	0.000128	-0.005071	-0.000000	-0.000000	0.000000	0.000461	-0.000355	0.009386	0.000000	0.000000	0.000000	0.012030	-2.000108	-0.000887	0.000000	0.000000	0.000000	0.000000	0.000000	1.248480	0.000000	0.000000	0.000000	0.000000
1761691739.384839773	0.000000	-0.000092	0.000114	1.144164	-0.000000	0.000000	-0.000000	0.000441	-0.000316	0.008987	-0.000000	-0.000000	0.000000	0.012075	-2.000142	0.000033	0.000000	0.000000	0.000000	0.000000	0.000000	1.248480	0.000000	0.000000	0.000000	0.000000
1761691739.484749317	-0.000000	-0.000539	0.002533	0.960122	-0.000000	-0.000000	0.000000	0.002918	-0.006496	0.104249	0.000000	0.000000	0.000000	0.012244	-2.000482	0.005691	0.000000	0.000000	0.000000	0.000000	0.000000	1.248480	0.000000	0.000000	0.000000	0.000000
1761691739.584705591	-0.000000	-0.000828	0.004869	0.682828	-0.000000	-0.000000	0.000000	0.005464	-0.012724	0.203329	-0.000000	0.000000	0.000000	0.012702	-2.001498	0.022023	-0.000000	0.000000	0.000000	0.000000	0.000000	1.248480	0.000000	0.000000	0.000000	0.000000
1761691739.684520245	-0.000000	-0.001019	0.007163	0.322877	0.000000	-0.000000	0.000000	0.007312	-0.017016	0.276233	-0.000000	0.000000	0.000000	0.013413	-2.003012	0.046801	-0.000000	0.000000	0.000000	0.000000	0.000000	1.248480	0.000000	0.000000	0.000000	0.000000
1761691739.784709454	-0.000000	-0.001107	0.008362	-0.017950	0.000000	-0.000000	0.000000	0.008262	-0.018827	0.314520	-0.000000	0.000000	0.000000	0.014317	-2.004784	0.076908	-0.000000	0.000000	0.000000	0.000000	0.000000	1.248480	0.000000	0.000000	0.000000	0.000000
1761691739.884931803	-0.000000	-0.001145	0.008293	-0.290755	0.000000	-0.000000	-0.000000	0.008336	-0.018262	0.318405	-0.000000	-0.000000	0.000000	0.015322	-2.006565	0.108823	-0.000000	0.000000	0.000000	0.000000	0.000000	1.248480	0.000000	0.000000	0.000000	0.000000
1761691739.984694958	0.000000	-0.001143	0.007195	-0.479447	0.000000	0.000000	-0.000000	0.007686	-0.015837	0.293877	-0.000000	-0.000000	0.000000	0.016326	-2.008149	0.139422	-0.000000	0.000000	0.000000	0.000000	0.000000	1.248480	0.000000	0.000000	0.000000	0.000000
1761691740.084693909	0.000000	-0.001081	0.005475	-0.590098	0.000000	0.000000	-0.000000	0.006515	-0.012186	0.249077	0.000000	-0.000000	0.000000	0.017230	-2.009405	0.166327	-0.000000	0.000000	0.000000	0.000000	0.000000	1.248480	0.000000	0.000000	0.000000	0.000000
1761691740.184709787	0.000000	-0.000939	0.003525	-0.637693	0.000000	0.000000	-0.000000	0.005017	-0.007894	0.191911	0.000000	-0.000000	0.000000	0.017958	-2.010262	0.187977	-0.000000	0.000000	0.000000	0.000000	0.000000	1.248480	0.000000	0.000000	0.000000	0.000000
1761691740.284720182	0.000000	-0.000713	0.001629	-0.637199	-0.000000	0.000000	-0.000000	0.003357	-0.003415	0.128935	0.000000	-0.000000	0.000000	0.018458	-2.010702	0.203528	0.000000	0.000000	0.000000	0.000000	0.000000	1.248480	0.000000	0.000000	0.000000	0.000000
1761691740.384711504	0.000000	-0.000416	-0.000053	-0.600147	-0.000000	0.000000	-0.000000	0.001668	0.000921	0.065207	0.000000	-0.000000	0.000000	0.018707	-2.010738	0.212703	0.000000	0.000000	0.000000	0.000000	0.000000	1.248480	0.000000	0.000000	0.000000	0.000000
1761691740.484645844	0.000000	-0.000075	-0.001586	-0.534516	-0.000000	0.000000	-0.000000	0.000056	0.004884	0.004575	-0.000000	-0.000000	-0.000000	0.018708	-2.010405	0.215662	0.000000	0.000000	0.000000	0.000000	0.000000	1.248480	0.000000	0.000000	0.000000	0.000000
1761691740.584599733	0.000000	0.000285	-0.003002	-0.439270	-0.000000	0.000000	-0.000000	-0.001156	0.007743	-0.041062	-0.000000	-0.000000	-0.000000	0.018534	-2.009876	0.213724	0.000000	-0.000000	0.000000	0.000000	0.000000	1.248480	0.000000	0.000000	0.000000	0.000000
1761691740.684615374	0.000000	0.000634	-0.004187	-0.308776	-0.000000	0.000000	-0.000000	-0.002402	0.010550	-0.088164	-0.000000	-0.000000	-0.000000	0.018150	-2.008991	0.206765	0.000000	-0.000000	0.000000	0.000000	0.000000	1.248480	0.000000	0.000000	0.000000	0.000000
1761691740.784598589	0.000000	0.000916	-0.005016	-0.160986	-0.000000	0.000000	-0.000000	-0.003318	0.012459	-0.123391	-0.000000	-0.000000	-0.000000	0.017623	-2.007897	0.195748	0.000000	-0.000000	0.000000	0.000000	0.000000	1.248480	0.000000	0.000000	0.000000	0.000000
1761691740.884698153	0.000000	0.001085	-0.005407	-0.015462	-0.000000	0.000000	-0.000000	-0.003838	0.013351	-0.144416	-0.000000	-0.000000	-0.000000	0.017017	-2.006679	0.182019	0.000000	-0.000000	0.000000	0.000000	0.000000	1.248480	0.000000	0.000000	0.000000	0.000000
1761691740.984635830	-0.000000	0.001120	-0.005349	0.112308	0.000000	0.000000	0.000000	-0.003953	0.013239	-0.150813	-0.000000	-0.000000	-0.000000	0.016396	-2.005429	0.167042	0.000000	-0.000000	0.000000	0.000000	0.000000	1.248480	0.000000	0.000000	0.000000	0.000000
1761691741.084655046	-0.000000	0.001032	-0.004905	0.212876	0.000000	-0.000000	0.000000	-0.003702	0.012251	-0.143841	-0.000000	0.000000	-0.000000	0.015814	-2.004230	0.152226	0.000000	-0.000000	0.000000	0.000000	0.000000	1.248480	0.000000	0.000000	0.000000	0.000000
1761691741.184582710	-0.000000	0.000854	-0.004176	0.282468	0.000000	-0.000000	0.000000	-0.003159	0.010582	-0.125906	-0.000000	0.000000	-0.000000	0.015312	-2.003157	0.138776	0.000000	-0.000000	0.000000	0.000000	0.000000	1.248480	0.000000	0.000000	0.000000	0.000000
1761691741.284590006	-0.000000	0.000625	-0.003277	0.321387	0.000000	-0.000000	0.000000	-0.002412	0.008458	-0.099979	-0.000000	0.000000	-0.000000	0.014916	-2.002263	0.127620	-0.000000	-0.000000	0.000000	0.000000	0.000000	1.248480	0.000000	0.000000	0.000000	0.000000
1761691741.384748220	-0.000000	0.000382	-0.002315	0.332246	0.000000	-0.000000	0.000000	-0.001549	0.006099	-0.069138	-0.000000	0.000000	-0.000000	0.014639	-2.001582	0.119378	-0.000000	-0.000000	0.000000	0.000000	0.000000	1.248480	0.000000	0.000000	0.000000	0.000000
1761691741.484535456	-0.000000	0.000154	-0.001376	0.318675	0.000000	-0.000000	0.000000	-0.000652	0.003701	-0.036275	-0.000000	0.000000	-0.000000	0.014482	-2.001128	0.114370	-0.000000	-0.000000	0.000000	0.000000	0.000000	1.248480	0.000000	0.000000	0.000000	0.000000
1761691741.584921122	-0.000000	-0.000013	-0.000658	0.291625	0.000000	-0.000000	0.000000	0.000212	0.001433	-0.003955	-0.000000	0.000000	-0.000000	0.014441	-2.000895	0.112642	-0.000000	-0.000000	0.000000	0.000000	0.000000	1.248480	0.000000	0.000000	0.000000	0.000000
1761691741.684876919	-0.000000	-0.000180	0.000090	0.242170	0.000000	-0.000000	0.000000	0.000988	-0.000570	0.025658	0.000000	0.000000	0.000000	0.014505	-2.000863	0.113993	-0.000000	0.000000	0.000000	0.000000	0.000000	1.248480	0.000000	0.000000	0.000000	0.000000
1761691741.784699202	-0.000000	-0.000311	0.000719	0.174546	0.000000	-0.000000	0.000000	0.001630	-0.002202	0.050699	0.000000	0.000000	0.000000	0.014659	-2.001001	0.118054	-0.000000	0.000000	0.000000	0.000000	0.000000	1.248480	0.000000	0.000000	0.000000	0.000000
1761691741.884670258	-0.000000	-0.000402	0.001194	0.097129	0.000000	-0.000000	0.000000	0.002093	-0.003350	0.069281	0.000000	0.000000	0.000000	0.014884	-2.001266	0.124255	-0.000000	0.000000	0.000000	0.000000	0.000000	1.248480	0.000000	0.000000	0.000000	0.000000
1761691741.984729767	-0.000000	-0.000454	0.001469	0.018920	0.000000	-0.000000	0.000000	0.002351	-0.003955	0.080284	0.000000	0.000000	0.000000	0.015156	-2.001609	0.131879	-0.000000	0.000000	0.000000	0.000000	0.000000	1.248480	0.000000	0.000000	0.000000	0.000000
1761691742.084790945	-0.000000	-0.000469	0.001532	-0.052344	0.000000	-0.000000	-0.000000	0.002402	-0.004022	0.083480	0.000000	0.000000	0.000000	0.015448	-2.001976	0.140148	-0.000000	0.000000	0.000000	0.000000	0.000000	1.248480	0.000000	0.000000	0.000000	0.000000
1761691742.184768438	0.000000	-0.000450	0.001400	-0.111080	-0.000000	0.000000	-0.000000	0.002262	-0.003608	0.079433	0.000000	-0.000000	0.000000	0.015733	-2.002319	0.148309	-0.000000	0.000000	0.000000	0.000000	0.000000	1.248480	0.000000	0.000000	0.000000	0.000000
1761691742.284698963	0.000000	-0.000402	0.001111	-0.154060	-0.000000	0.000000	-0.000000	0.001966	-0.002809	0.069304	0.000000	-0.000000	0.000000	0.015989	-2.002601	0.155702	-0.000000	0.000000	0.000000	0.000000	0.000000	1.248480	0.000000	0.000000	0.000000	0.000000
1761691742.384765148	0.000000	-0.000329	0.000716	-0.180114	-0.000000	0.000000	-0.000000	0.001553	-0.001739	0.054614	0.000000	-0.000000	0.000000	0.016195	-2.002791	0.161806	-0.000000	0.000000	0.000000	0.000000	0.000000	1.248480	0.000000	0.000000	0.000000	0.000000
1761691742.484803915	0.000000	-0.000238	0.000268	-0.189626	-0.000000	0.000000	-0.000000	0.001069	-0.000519	0.037037	0.000000	-0.000000	0.000000	0.016337	-2.002872	0.166260	0.000000	0.000000	0.000000	0.000000	0.000000	1.248480	0.000000	0.000000	0.000000	0.000000
1761691742.584749699	0.000000	-0.000136	-0.000188	-0.184019	-0.000000	0.000000	-0.000000	0.000558	0.000737	0.018233	0.000000	-0.000000	0.000000	0.016410	-2.002838	0.168873	0.000000	0.000000	0.000000	0.000000	0.000000	1.248480	0.000000	0.000000	0.000000	0.000000
1761691742.684728861	0.000000	-0.000031	-0.000632	-0.165377	-0.000000	0.000000	-0.000000	0.000062	0.001927	-0.000262	0.000000	-0.000000	-0.000000	0.016412	-2.002692	0.169614	0.000000	0.000000	0.000000	0.000000	0.000000	1.248480	0.000000	0.000000	0.000000	0.000000
1761691742.784759045	0.000000	0.000070	-0.001032	-0.135400	-0.000000	0.000000	-0.000000	-0.000385	0.002967	-0.017111	0.000000	-0.000000	-0.000000	0.016349	-2.002445	0.168592	0.000000	-0.000000	0.000000	0.000000	0.000000	1.248480	0.000000	0.000000	0.000000	0.000000
1761691742.884791136	0.000000	0.000158	-0.001358	-0.096121	-0.000000	0.000000	-0.000000	-0.000750	0.003783	-0.031150	-0.000000	-0.000000	-0.000000	0.016232	-2.002114	0.166041	0.000000	-0.000000	0.000000	0.000000	0.000000	1.248480	0.000000	0.000000	0.000000	0.000000
1761691742.984792233	0.000000	0.000225	-0.001583	-0.051969	-0.000000	0.000000	-0.000000	-0.001009	0.004320	-0.041417	-0.000000	-0.000000	-0.000000	0.016075	-2.001723	0.162300	0.000000	-0.000000	0.000000	0.000000	0.000000	1.248480	0.000000	0.000000	0.000000	0.000000
1761691743.084710360	0.000000	0.000265	-0.001692	-0.007503	-0.000000	0.000000	-0.000000	-0.001149	0.004551	-0.047350	-0.000000	-0.000000	-0.000000	0.015895	-2.001298	0.157781	0.000000	-0.000000	0.000000	0.000000	0.000000	1.248480	0.000000	0.000000	0.000000	0.000000
1761691743.185014725	-0.000000	0.000274	-0.001684	0.033266	-0.000000	0.000000	0.000000	-0.001169	0.004481	-0.048841	-0.000000	-0.000000	-0.000000	0.015709	-2.000869	0.152929	0.000000	-0.000000	0.000000	0.000000	0.000000	1.248480	0.000000	0.000000	0.000000	0.000000
1761691743.284673929	-0.000000	0.000256	-0.001568	0.067246	0.000000	-0.000000	0.000000	-0.001078	0.004141	-0.046194	-0.000000	0.000000	-0.000000	0.015534	-2.000460	0.148171	0.000000	-0.000000	0.000000	0.000000	0.000000	1.248480	0.000000	0.000000	0.000000	0.000000
1761691743.384574652	-0.000000	0.000214	-0.001366	0.092408	0.000000	-0.000000	0.000000	-0.000895	0.003583	-0.040036	-0.000000	0.000000	-0.000000	0.015382	-2.000096	0.143887	0.000000	-0.000000	0.000000	0.000000	0.000000	1.248480	0.000000	0.000000	0.000000	0.000000
1761691743.484537125	-0.000000	0.000157	-0.001104	0.107766	0.000000	-0.000000	0.000000	-0.000646	0.002870	-0.031214	-0.000000	0.000000	-0.000000	0.015262	-1.999792	0.140380	0.000000	-0.000000	0.000000	0.000000	0.000000	1.248480	0.000000	0.000000	0.000000	0.000000
1761691743.584590197	-0.000000	0.000091	-0.000808	0.113229	0.000000	-0.000000	0.000000	-0.000406	0.002208	-0.022490	-0.000000	0.000000	-0.000000	0.015192	-1.999593	0.138207	-0.000000	-0.000000	0.000000	0.000000	0.000000	1.248480	0.000000	0.000000	0.000000	0.000000
1761691743.684554815	-0.000000	0.000024	-0.000506	0.109427	0.000000	-0.000000	0.000000	-0.000105	0.001393	-0.011349	-0.000000	0.000000	-0.000000	0.015145	-1.999425	0.136602	-0.000000	-0.000000	0.000000	0.000000	0.000000	1.248480	0.000000	0.000000	0.000000	0.000000
1761691743.784558535	-0.000000	-0.000039	-0.000221	0.097540	0.000000	-0.000000	0.000000	0.000188	0.000613	-0.000279	-0.000000	0.000000	-0.000000	0.015139	-1.999331	0.136117	-0.000000	-0.000000	0.000000	0.000000	0.000000	1.248480	0.000000	0.000000	0.000000	0.000000
1761691743.884520054	-0.000000	-0.000093	0.000022	0.079183	0.000000	-0.000000	0.000000	0.000445	-0.000060	0.009673	-0.000000	0.000000	0.000000	0.015170	-1.999306	0.136678	-0.000000	0.000000	0.000000	0.000000	0.000000	1.248480	0.000000	0.000000	0.000000	0.000000
1761691743.984712362	-0.000000	-0.000135	0.000217	0.056014	0.000000	-0.000000	0.000000	0.000652	-0.000597	0.017897	0.000000	0.000000	0.000000	0.015232	-1.999336	0.138137	-0.000000	0.000000	0.000000	0.000000	0.000000	1.248480	0.000000	0.000000	0.000000	0.000000
1761691744.084544897	-0.000000	-0.000164	0.000353	0.030533	0.000000	-0.000000	0.000000	0.000797	-0.000968	0.023884	0.000000	0.000000	0.000000	0.015317	-1.999407	0.140293	-0.000000	0.000000	0.000000	0.000000	0.000000	1.248480	0.000000	0.000000	0.000000	0.000000
1761691744.184568644	-0.000000	-0.000179	0.000424	0.005176	0.000000	-0.000000	0.000000	0.000873	-0.001161	0.027362	0.000000	0.000000	0.000000	0.015416	-1.999503	0.142902	-0.000000	0.000000	0.000000	0.000000	0.000000	1.248480	0.000000	0.000000	0.000000	0.000000
1761691744.284579515	0.000000	-0.000181	0.000432	-0.017943	0.000000	-0.000000	-0.000000	0.000882	-0.001182	0.028303	0.000000	0.000000	0.000000	0.015520	-1.999608	0.145710	-0.000000	0.000000	0.000000	0.000000	0.000000	1.248480	0.000000	0.000000	0.000000	0.000000
1761691744.385189056	0.000000	-0.000170	0.000382	-0.037190	-0.000000	0.000000	-0.000000	0.000829	-0.001047	0.026894	0.000000	-0.000000	0.000000	0.015621	-1.999706	0.148474	-0.000000	0.000000	0.000000	0.000000	0.000000	1.248480	0.000000	0.000000	0.000000	0.000000
1761691744.484724522	0.000000	-0.000149	0.000287	-0.051477	-0.000000	0.000000	-0.000000	0.000725	-0.000788	0.023495	0.000000	-0.000000	0.000000	0.015711	-1.999784	0.150979	-0.000000	0.000000	0.000000	0.000000	0.000000	1.248480	0.000000	0.000000	0.000000	0.000000
1761691744.584530592	0.000000	-0.000121	0.000159	-0.060255	-0.000000	0.000000	-0.000000	0.000584	-0.000439	0.018586	0.000000	-0.000000	0.000000	0.015784	-1.999832	0.153052	-0.000000	0.000000	0.000000	0.000000	0.000000	1.248480	0.000000	0.000000	0.000000	0.000000
1761691744.684736967	0.000000	-0.000087	0.000015	-0.063470	-0.000000	0.000000	-0.000000	0.000419	-0.000039	0.012707	0.000000	-0.000000	0.000000	0.015835	-1.999845	0.154574	0.000000	0.000000	0.000000	0.000000	0.000000	1.248480	0.000000	0.000000	0.000000	0.000000
1761691744.784709215	0.000000	-0.000058	-0.000109	-0.062151	-0.000000	0.000000	-0.000000	0.000246	0.000374	0.006413	0.000000	-0.000000	-0.000000	0.015864	-1.999820	0.155479	0.000000	0.000000	0.000000	0.000000	0.000000	1.248480	0.000000	0.000000	0.000000	0.000000
1761691744.884747028	0.000000	-0.000022	-0.000254	-0.056281	-0.000000	0.000000	-0.000000	0.000077	0.000771	0.000176	0.000000	-0.000000	-0.000000	0.015869	-1.999758	0.155756	0.000000	0.000000	0.000000	0.000000	0.000000	1.248480	0.000000	0.000000	0.000000	0.000000
1761691744.984722376	0.000000	0.000011	-0.000385	-0.046404	-0.000000	0.000000	-0.000000	-0.000075	0.001120	-0.005550	0.000000	-0.000000	-0.000000	0.015852	-1.999662	0.155436	0.000000	-0.000000	0.000000	0.000000	0.000000	1.248480	0.000000	0.000000	0.000000	0.000000
1761691745.084783316	0.000000	0.000039	-0.000491	-0.033477	-0.000000	0.000000	-0.000000	-0.000200	0.001396	-0.010355	-0.000000	-0.000000	-0.000000	0.015818	-1.999537	0.154593	0.000000	-0.000000	0.000000	0.000000	0.000000	1.248480	0.000000	0.000000	0.000000	0.000000
1761691745.184781313	0.000000	0.000060	-0.000565	-0.018848	-0.000000	0.000000	-0.000000	-0.000291	0.001580	-0.013918	-0.000000	-0.000000	-0.000000	0.015769	-1.999392	0.153341	0.000000	-0.000000	0.000000	0.000000	0.000000	1.248480	0.000000	0.000000	0.000000	0.000000
1761691745.284698725	0.000000	0.000073	-0.000602	-0.003908	-0.000000	0.000000	-0.000000	-0.000341	0.001663	-0.016047	-0.000000	-0.000000	-0.000000	0.015712	-1.999235	0.151815	0.000000	-0.000000	0.000000	0.000000	0.000000	1.248480	0.000000	0.000000	0.000000	0.000000
1761691745.384894609	-0.000000	0.000077	-0.000601	0.010060	-0.000000	0.000000	0.000000	-0.000352	0.001645	-0.016686	-0.000000	-0.000000	-0.000000	0.015653	-1.999076	0.150163	0.000000	-0.000000	0.000000	0.000000	0.000000	1.248480	0.000000	0.000000	0.000000	0.000000
1761691745.484599829	-0.000000	0.000072	-0.000566	0.021989	0.000000	-0.000000	0.000000	-0.000325	0.001535	-0.015913	-0.000000	0.000000	-0.000000	0.015596	-1.998924	0.148529	0.000000	-0.000000	0.000000	0.000000	0.000000	1.248480	0.000000	0.000000	0.000000	0.000000
1761691745.584860086	-0.000000	0.000060	-0.000502	0.031092	0.000000	-0.000000	0.000000	-0.000266	0.001348	-0.013913	-0.000000	0.000000	-0.000000	0.015546	-1.998787	0.147046	0.000000	-0.000000	0.000000	0.000000	0.000000	1.248480	0.000000	0.000000	0.000000	0.000000
1761691745.684831381	-0.000000	0.000043	-0.000415	0.036898	0.000000	-0.000000	0.000000	-0.000183	0.001105	-0.010956	-0.000000	0.000000	-0.000000	0.015506	-1.998670	0.145821	0.000000	-0.000000	0.000000	0.000000	0.000000	1.248480	0.000000	0.000000	0.000000	0.000000
1761691745.784748316	-0.000000	0.000022	-0.000316	0.039247	0.000000	-0.000000	0.000000	-0.000085	0.000828	-0.007363	-0.000000	0.000000	-0.000000	0.015480	-1.998579	0.144931	-0.000000	-0.000000	0.000000	0.000000	0.000000	1.248480	0.000000	0.000000	0.000000	0.000000
1761691745.884750605	-0.000000	0.000000	-0.000213	0.038261	0.000000	-0.000000	0.000000	0.000018	0.000543	-0.003477	-0.000000	0.000000	-0.000000	0.015468	-1.998514	0.144420	-0.000000	-0.000000	0.000000	0.000000	0.000000	1.248480	0.000000	0.000000	0.000000	0.000000
1761691745.984721422	-0.000000	-0.000021	-0.000113	0.034308	0.000000	-0.000000	0.000000	0.000119	0.000270	0.000365	-0.000000	0.000000	-0.000000	0.015470	-1.998475	0.144297	-0.000000	0.000000	0.000000	0.000000	0.000000	1.248480	0.000000	0.000000	0.000000	0.000000
1761691746.084708452	-0.000000	-0.000040	-0.000025	0.027904	0.000000	-0.000000	0.000000	0.000209	0.000030	0.003862	-0.000000	0.000000	-0.000000	0.015485	-1.998460	0.144541	-0.000000	0.000000	0.000000	0.000000	0.000000	1.248480	0.000000	0.000000	0.000000	0.000000
1761691746.184786558	-0.000000	-0.000056	0.000047	0.019720	0.000000	-0.000000	0.000000	0.000281	-0.000162	0.006759	0.000000	0.000000	0.000000	0.015512	-1.998464	0.145100	-0.000000	0.000000	0.000000	0.000000	0.000000	1.248480	0.000000	0.000000	0.000000	0.000000
1761691746.284649849	-0.000000	-0.000067	0.000099	0.010587	0.000000	-0.000000	0.000000	0.000330	-0.000296	0.008868	0.000000	0.000000	0.000000	0.015546	-1.998484	0.145905	-0.000000	0.000000	0.000000	0.000000	0.000000	1.248480	0.000000	0.000000	0.000000	0.000000
1761691746.384908915	-0.000000	-0.000073	0.000128	0.001352	0.000000	-0.000000	0.000000	0.000356	-0.000366	0.010079	0.000000	0.000000	0.000000	0.015585	-1.998513	0.146869	-0.000000	0.000000	0.000000	0.000000	0.000000	1.248480	0.000000	0.000000	0.000000	0.000000
1761691746.484770775	0.000000	-0.000074	0.000135	-1.164283	0.000000	-0.000000	-0.000000	0.000356	-0.000372	0.010368	0.000000	0.000000	0.000000	0.015626	-1.998544	0.147900	-0.000000	0.000000	0.000000	0.000000	0.000000	0.000000	0.000000	0.000000	0.000000	0.000000
1761691746.584866524	0.000000	0.000395	-0.001747	-1.030471	-0.000000	0.000000	-0.000000	-0.002182	0.005945	-0.086633	0.000000	-0.000000	-0.000000	0.015495	-1.998282	0.144088	0.000000	-0.000000	0.000000	0.000000	0.000000	0.000000	0.000000	0.000000	0.000000	0.000000
1761691746.684899092	0.000000	0.001238	-0.004558	-0.728713	-0.000000	0.000000	-0.000000	-0.004899	0.012644	-0.191911	-0.000000	-0.000000	-0.000000	0.014984	-1.997350	0.129190	0.000000	-0.000000	0.000000	0.000000	0.000000	0.000000	0.000000	0.000000	0.000000	0.000000
1761691746.784648657	0.000000	0.002018	-0.006794	-0.368033	-0.000000	0.000000	-0.000000	-0.006815	0.017303	-0.269811	-0.000000	-0.000000	-0.000000	0.014199	-1.995881	0.105245	0.000000	-0.000000	0.000000	0.000000	0.000000	0.000000	0.000000	0.000000	0.000000	0.000000
1761691746.884614229	0.000000	0.002488	-0.007993	-0.020936	-0.000000	0.000000	-0.000000	-0.007716	0.019456	-0.312626	-0.000000	-0.000000	-0.000000	0.013291	-1.994082	0.075516	0.000000	-0.000000	0.000000	0.000000	0.000000	0.000000	0.000000	0.000000	0.000000	0.000000
1761691746.984705687	-0.000000	0.002546	-0.008052	0.262827	0.000000	0.000000	0.000000	-0.007625	0.019213	-0.320504	-0.000000	-0.000000	-0.000000	0.012403	-1.992184	0.043553	0.000000	-0.000000	0.000000	0.000000	0.000000	0.000000	0.000000	0.000000	0.000000	0.000000
1761691747.084722519	-0.000000	0.002243	-0.007164	0.463741	0.000000	-0.000000	0.000000	-0.006731	0.017041	-0.298951	-0.000000	0.000000	-0.000000	0.011636	-1.990398	0.012563	0.000000	-0.000000	0.000000	0.000000	0.000000	0.000000	0.000000	0.000000	0.000000	0.000000
1761691747.184960842	-0.000000	0.001715	-0.005664	0.585379	0.000000	-0.000000	0.000000	-0.005290	0.013552	-0.255925	-0.000000	0.000000	-0.000000	0.011044	-1.988888	-0.014962	0.000000	-0.000000	0.000000	0.000000	0.000000	0.000000	0.000000	0.000000	0.000000	0.000000
1761691747.284656048	-0.000000	0.001109	-0.003886	0.641612	0.000000	-0.000000	0.000000	-0.003550	0.009326	-0.199415	-0.000000	0.000000	-0.000000	0.010644	-1.987765	-0.037342	0.000000	-0.000000	0.000000	0.000000	0.000000	0.000000	0.000000	0.000000	0.000000	0.000000
1761691747.384648561	-0.000000	0.000536	-0.002082	0.647219	0.000000	-0.000000	0.000000	-0.001712	0.004829	-0.136191	-0.000000	0.000000	-0.000000	0.010425	-1.987083	-0.053635	-0.000000	-0.000000	0.000000	0.000000	0.000000	0.000000	0.000000	0.000000	0.000000	0.000000
1761691747.484591246	-0.000000	0.000057	-0.000412	0.613946	0.000000	-0.000000	0.000000	-0.000216	0.001144	-0.082349	-0.000000	0.000000	-0.000000	0.010370	-1.986862	-0.062295	-0.000000	-0.000000	0.000000	0.000000	0.000000	0.000000	0.000000	0.000000	0.000000	0.000000
1761691747.584719658	-0.000000	-0.000315	0.001108	0.550105	0.000000	-0.000000	0.000000	0.001456	-0.003006	-0.019846	-0.000000	0.000000	-0.000000	0.010439	-1.986999	-0.066847	0.000000	-0.000000	0.000000	0.000000	0.000000	0.000000	0.000000	0.000000	0.000000	0.000000
1761691747.684607744	-0.000000	-0.000595	0.002574	0.456139	0.000000	-0.000000	0.000000	0.002921	-0.006661	0.037293	-0.000000	0.000000	0.000000	0.010637	-1.987533	-0.065427	0.000000	0.000000	0.000000	0.000000	0.000000	0.000000	0.000000	0.000000	0.000000	0.000000
1761691747.784532070	-0.000000	-0.000789	0.003862	0.324621	-0.000000	-0.000000	0.000000	0.004116	-0.009633	0.086039	-0.000000	0.000000	0.000000	0.010949	-1.988402	-0.058750	0.000000	0.000000	0.000000	0.000000	0.000000	0.000000	0.000000	0.000000	0.000000	0.000000
1761691747.885242224	-0.000000	-0.000898	0.004736	0.194612	-0.000000	-0.000000	0.000000	0.004905	-0.011539	0.120693	-0.000000	0.000000	0.000000	0.011351	-1.989506	-0.048034	0.000000	0.000000	0.000000	0.000000	0.000000	0.000000	0.000000	0.000000	0.000000	0.000000
1761691747.984853506	-0.000000	-0.000941	0.005132	0.057841	0.000000	-0.000000	0.000000	0.005338	-0.012507	0.142321	-0.000000	0.000000	0.000000	0.011819	-1.990743	-0.034612	0.000000	0.000000	0.000000	0.000000	0.000000	0.000000	0.000000	0.000000	0.000000	0.000000
1761691748.084784269	-0.000000	-0.000953	0.005231	-0.076825	0.000000	-0.000000	0.000000	0.005415	-0.012547	0.150385	-0.000000	0.000000	0.000000	0.012325	-1.992017	-0.019815	0.000000	0.000000	0.000000	0.000000	0.000000	0.000000	0.000000	0.000000	0.000000	0.000000
1761691748.184602022	0.000000	-0.000922	0.004903	-0.186960	0.000000	0.000000	-0.000000	0.005146	-0.011692	0.144947	-0.000000	-0.000000	0.000000	0.012839	-1.993234	-0.005000	0.000000	0.000000	0.000000	0.000000	0.000000	0.000000	0.000000	0.000000	0.000000	0.000000
1761691748.284698725	0.000000	-0.000851	0.004233	-0.266289	0.000000	0.000000	-0.000000	0.004590	-0.010118	0.128086	-0.000000	-0.000000	0.000000	0.013325	-1.994315	0.008587	-0.000000	0.000000	0.000000	0.000000	0.000000	0.000000	0.000000	0.000000	0.000000	0.000000
1761691748.385031939	0.000000	-0.000744	0.003347	-0.314053	0.000000	0.000000	-0.000000	0.003830	-0.008052	0.102779	-0.000000	-0.000000	0.000000	0.013754	-1.995203	0.019975	-0.000000	0.000000	0.000000	0.000000	0.000000	0.000000	0.000000	0.000000	0.000000	0.000000
1761691748.484793663	0.000000	-0.000605	0.002370	-0.332457	0.000000	0.000000	-0.000000	0.002947	-0.005722	0.072170	-0.000000	-0.000000	0.000000	0.014102	-1.995866	0.028501	-0.000000	0.000000	0.000000	0.000000	0.000000	0.000000	0.000000	0.000000	0.000000	0.000000
1761691748.584731102	0.000000	-0.000442	0.001405	-0.325065	0.000000	0.000000	-0.000000	0.002021	-0.003334	0.039231	-0.000000	-0.000000	0.000000	0.014357	-1.996291	0.033809	-0.000000	0.000000	0.000000	0.000000	0.000000	0.000000	0.000000	0.000000	0.000000	0.000000
1761691748.685646296	0.000000	-0.000265	0.000524	-0.295886	0.000000	0.000000	-0.000000	0.001122	-0.001059	0.006601	-0.000000	-0.000000	0.000000	0.014513	-1.996486	0.035823	-0.000000	0.000000	0.000000	0.000000	0.000000	0.000000	0.000000	0.000000	0.000000	0.000000
1761691748.784792423	0.000000	-0.000091	-0.000230	-0.247663	0.000000	0.000000	-0.000000	0.000309	0.000964	-0.023473	-0.000000	-0.000000	-0.000000	0.014576	-1.996469	0.034709	0.000000	-0.000000	0.000000	0.000000	0.000000	0.000000	0.000000	0.000000	0.000000	0.000000
1761691748.885429382	0.000000	0.000068	-0.000863	-0.180838	-0.000000	0.000000	-0.000000	-0.000368	0.002618	-0.049044	-0.000000	-0.000000	-0.000000	0.014560	-1.996274	0.030837	0.000000	-0.000000	0.000000	0.000000	0.000000	0.000000	0.000000	0.000000	0.000000	0.000000
1761691748.984970570	0.000000	0.000195	-0.001338	-0.103348	-0.000000	0.000000	-0.000000	-0.000861	0.003796	-0.068241	-0.000000	-0.000000	-0.000000	0.014484	-1.995942	0.024766	0.000000	-0.000000	0.000000	0.000000	0.000000	0.000000	0.000000	0.000000	0.000000	0.000000
1761691749.084655762	0.000000	0.000275	-0.001617	-0.024293	0.000000	0.000000	-0.000000	-0.001100	0.004342	-0.078145	-0.000000	-0.000000	-0.000000	0.014392	-1.995597	0.018541	0.000000	-0.000000	0.000000	0.000000	0.000000	0.000000	0.000000	0.000000	0.000000	0.000000
1761691749.184833527	0.000000	0.000302	-0.001688	0.048364	0.000000	0.000000	-0.000000	-0.001200	0.004526	-0.083209	-0.000000	-0.000000	-0.000000	0.014267	-1.995148	0.010343	0.000000	-0.000000	0.000000	0.000000	0.000000	0.000000	0.000000	0.000000	0.000000	0.000000
1761691749.284520626	-0.000000	0.000275	-0.001566	0.108760	0.000000	-0.000000	0.000000	-0.001099	0.004211	-0.080795	-0.000000	0.000000	-0.000000	0.014148	-1.994710	0.002082	0.000000	-0.000000	0.000000	0.000000	0.000000	0.000000	0.000000	0.000000	0.000000	0.000000
1761691749.385109425	-0.000000	0.000200	-0.001262	0.151064	0.000000	-0.000000	0.000000	-0.000804	0.003419	-0.070926	-0.000000	0.000000	-0.000000	0.014055	-1.994332	-0.005463	-0.000000	-0.000000	0.000000	0.000000	0.000000	0.000000	0.000000	0.000000	0.000000	0.000000
1761691749.484714508	-0.000000	0.000117	-0.000932	0.173245	0.000000	-0.000000	0.000000	-0.000399	0.002359	-0.056524	-0.000000	0.000000	-0.000000	0.014000	-1.994050	-0.011745	-0.000000	-0.000000	0.000000	0.000000	0.000000	0.000000	0.000000	0.000000	0.000000	0.000000
1761691749.584770679	-0.000000	0.000011	-0.000496	0.185661	0.000000	-0.000000	0.000000	0.000063	0.001164	-0.039569	-0.000000	0.000000	-0.000000	0.013989	-1.993883	-0.016424	-0.000000	-0.000000	0.000000	0.000000	0.000000	0.000000	0.000000	0.000000	0.000000	0.000000
1761691749.684604168	-0.000000	-0.000097	-0.000047	0.183064	0.000000	-0.000000	0.000000	0.000549	-0.000083	-0.021210	0.000000	0.000000	-0.000000	0.014024	-1.993839	-0.019319	-0.000000	-0.000000	0.000000	0.000000	0.000000	0.000000	0.000000	0.000000	0.000000	0.000000
1761691749.784770727	-0.000000	-0.000199	0.000393	0.166992	-0.000000	-0.000000	0.000000	0.001022	-0.001287	-0.002861	0.000000	0.000000	0.000000	0.014105	-1.993920	-0.020367	0.000000	-0.000000	0.000000	0.000000	0.000000	0.000000	0.000000	0.000000	0.000000	0.000000
1761691749.884629011	-0.000000	-0.000287	0.000803	0.139341	-0.000000	-0.000000	0.000000	0.001445	-0.002358	0.014106	0.000000	0.000000	0.000000	0.014228	-1.994115	-0.019653	0.000000	0.000000	0.000000	0.000000	0.000000	0.000000	0.000000	0.000000	0.000000	0.000000
1761691749.984761953	-0.000000	-0.000357	0.001148	0.101755	-0.000000	-0.000000	0.000000	0.001790	-0.003222	0.028501	-0.000000	0.000000	0.000000	0.014388	-1.994405	-0.017383	0.000000	0.000000	0.000000	0.000000	0.000000	0.000000	0.000000	0.000000	0.000000	0.000000
1761691750.085159302	-0.000000	-0.000406	0.001399	0.058470	-0.000000	-0.000000	0.000000	0.002033	-0.003819	0.039303	-0.000000	0.000000	0.000000	0.014576	-1.994767	-0.013877	0.000000	0.000000	0.000000	0.000000	0.000000	0.000000	0.000000	0.000000	0.000000	0.000000
1761691750.184750080	-0.000000	-0.000432	0.001537	0.014096	-0.000000	-0.000000	0.000000	0.002160	-0.004114	0.045872	-0.000000	0.000000	0.000000	0.014783	-1.995171	-0.009533	0.000000	0.000000	0.000000	0.000000	0.000000	0.000000	0.000000	0.000000	0.000000	0.000000
1761691750.284811974	-0.000000	-0.000436	0.001555	-0.027210	-0.000000	-0.000000	0.000000	0.002168	-0.004107	0.048021	-0.000000	0.000000	0.000000	0.014998	-1.995586	-0.004790	0.000000	0.000000	0.000000	0.000000	0.000000	0.000000	0.000000	0.000000	0.000000	0.000000
1761691750.384774923	0.000000	-0.000421	0.001461	-0.062166	0.000000	0.000000	-0.000000	0.002068	-0.003823	0.045988	-0.000000	-0.000000	0.000000	0.015208	-1.995982	-0.000078	0.000000	0.000000	0.000000	0.000000	0.000000	0.000000	0.000000	0.000000	0.000000	0.000000
1761691750.484708309	0.000000	-0.000387	0.001275	-0.088558	0.000000	0.000000	-0.000000	0.001876	-0.003313	0.040354	-0.000000	-0.000000	0.000000	0.015405	-1.996336	0.004217	0.000000	0.000000	0.000000	0.000000	0.000000	0.000000	0.000000	0.000000	0.000000	0.000000
1761691750.585196972	0.000000	-0.000339	0.001024	-0.105233	0.000000	0.000000	-0.000000	0.001615	-0.002638	0.031939	-0.000000	-0.000000	0.000000	0.015580	-1.996628	0.007780	0.000000	0.000000	0.000000	0.000000	0.000000	0.000000	0.000000	0.000000	0.000000	0.000000
1761691750.684617281	0.000000	-0.000281	0.000736	-0.111976	0.000000	0.000000	-0.000000	0.001312	-0.001868	0.021693	-0.000000	-0.000000	0.000000	0.015726	-1.996846	0.010388	0.000000	0.000000	0.000000	0.000000	0.000000	0.000000	0.000000	0.000000	0.000000	0.000000
1761691750.784533262	0.000000	-0.000218	0.000438	-0.109327	0.000000	0.000000	-0.000000	0.000993	-0.001070	0.010608	-0.000000	-0.000000	0.000000	0.015840	-1.996985	0.011915	0.000000	0.000000	0.000000	0.000000	0.000000	0.000000	0.000000	0.000000	0.000000	0.000000
1761691750.884878159	0.000000	-0.000154	0.000156	-0.098406	0.000000	0.000000	-0.000000	0.000684	-0.000309	-0.000369	-0.000000	-0.000000	0.000000	0.015922	-1.997046	0.012334	-0.000000	0.000000	0.000000	0.000000	0.000000	0.000000	0.000000	0.000000	0.000000	0.000000
1761691750.984660149	0.000000	-0.000094	-0.000092	-0.080458	0.000000	0.000000	-0.000000	0.000406	0.000364	-0.010392	-0.000000	-0.000000	-0.000000	0.015974	-1.997037	0.011704	-0.000000	-0.000000	0.000000	0.000000	0.000000	0.000000	0.000000	0.000000	0.000000	0.000000
1761691751.084660292	0.000000	-0.000043	-0.000295	-0.057072	0.000000	0.000000	-0.000000	0.000179	0.000902	-0.018737	-0.000000	-0.000000	-0.000000	0.016000	-1.996968	0.010166	-0.000000	-0.000000	0.000000	0.000000	0.000000	0.000000	0.000000	0.000000	0.000000	0.000000
1761691751.184736729	0.000000	-0.000005	-0.000441	-0.030788	0.000000	0.000000	-0.000000	0.000015	0.001273	-0.024833	-0.000000	-0.000000	-0.000000	0.016007	-1.996854	0.007920	-0.000000	-0.000000	0.000000	0.000000	0.000000	0.000000	0.000000	0.000000	0.000000	0.000000
1761691751.284737825	0.000000	0.000018	-0.000522	-0.004208	0.000000	0.000000	-0.000000	-0.000077	0.001462	-0.028350	-0.000000	-0.000000	-0.000000	0.016002	-1.996715	0.005214	-0.000000	-0.000000	0.000000	0.000000	0.000000	0.000000	0.000000	0.000000	0.000000	0.000000
1761691751.384716988	0.000000	0.000025	-0.000536	0.020323	0.000000	0.000000	-0.000000	-0.000096	0.001469	-0.029214	-0.000000	-0.000000	-0.000000	0.015992	-1.996567	0.002310	-0.000000	-0.000000	0.000000	0.000000	0.000000	0.000000	0.000000	0.000000	0.000000	0.000000
1761691751.484854460	-0.000000	0.000017	-0.000488	0.040923	0.000000	-0.000000	0.000000	-0.000050	0.001312	-0.027591	-0.000000	0.000000	-0.000000	0.015984	-1.996428	-0.000534	-0.000000	-0.000000	0.000000	0.000000	0.000000	0.000000	0.000000	0.000000	0.000000	0.000000
1761691751.584722042	-0.000000	-0.000003	-0.000389	0.056284	0.000000	-0.000000	0.000000	0.000051	0.001021	-0.023842	0.000000	0.000000	-0.000000	0.015985	-1.996313	-0.003089	-0.000000	-0.000000	0.000000	0.000000	0.000000	0.000000	0.000000	0.000000	0.000000	0.000000
1761691751.684756517	-0.000000	-0.000033	-0.000253	0.065691	0.000000	-0.000000	0.000000	0.000192	0.000633	-0.018469	0.000000	0.000000	-0.000000	0.015999	-1.996233	-0.005170	-0.000000	-0.000000	0.000000	0.000000	0.000000	0.000000	0.000000	0.000000	0.000000	0.000000
1761691751.784704685	-0.000000	-0.000068	-0.000096	0.068988	0.000000	-0.000000	0.000000	0.000358	0.000189	-0.012057	0.000000	0.000000	-0.000000	0.016028	-1.996196	-0.006649	-0.000000	-0.000000	0.000000	0.000000	0.000000	0.000000	0.000000	0.000000	0.000000	0.000000
1761691751.884750843	-0.000000	-0.000105	0.000068	0.066501	-0.000000	-0.000000	0.000000	0.000530	-0.000267	-0.005213	0.000000	0.000000	-0.000000	0.016073	-1.996204	-0.007458	-0.000000	-0.000000	0.000000	0.000000	0.000000	0.000000	0.000000	0.000000	0.000000	0.000000
1761691751.984616518	-0.000000	-0.000140	0.000226	0.058942	-0.000000	-0.000000	0.000000	0.000695	-0.000698	0.001478	0.000000	0.000000	0.000000	0.016136	-1.996256	-0.007587	0.000000	0.000000	0.000000	0.000000	0.000000	0.000000	0.000000	0.000000	0.000000	0.000000
1761691752.084862471	-0.000000	-0.000170	0.000366	0.047161	-0.000000	-0.000000	0.000000	0.000838	-0.001069	0.007499	0.000000	0.000000	0.000000	0.016213	-1.996349	-0.007083	0.000000	0.000000	0.000000	0.000000	0.000000	0.000000	0.000000	0.000000	0.000000	0.000000
1761691752.184668064	-0.000000	-0.000194	0.000477	0.032358	-0.000000	-0.000000	0.000000	0.000950	-0.001355	0.012411	0.000000	0.000000	0.000000	0.016303	-1.996473	-0.006039	0.000000	0.000000	0.000000	0.000000	0.000000	0.000000	0.000000	0.000000	0.000000	0.000000
1761691752.284702539	-0.000000	-0.000209	0.000551	0.016071	-0.000000	-0.000000	0.000000	0.001021	-0.001536	0.015894	0.000000	0.000000	0.000000	0.016401	-1.996621	-0.004584	0.000000	0.000000	0.000000	0.000000	0.000000	0.000000	0.000000	0.000000	0.000000	0.000000
1761691752.385093689	-0.000000	-0.000216	0.000584	-0.000170	-0.000000	-0.000000	0.000000	0.001048	-0.001605	0.017772	-0.000000	0.000000	0.000000	0.016505	-1.996780	-0.002874	0.000000	0.000000	0.000000	0.000000	0.000000	0.000000	0.000000	0.000000	0.000000	0.000000
1761691752.485101461	-0.000000	-0.000214	0.000576	-0.014987	-0.000000	-0.000000	-0.000000	0.001033	-0.001565	0.018026	-0.000000	0.000000	0.000000	0.016609	-1.996939	-0.001070	0.000000	0.000000	0.000000	0.000000	0.000000	0.000000	0.000000	0.000000	0.000000	0.000000
1761691752.584788084	0.000000	-0.000204	0.000531	-0.027275	-0.000000	0.000000	-0.000000	0.000978	-0.001427	0.016774	-0.000000	-0.000000	0.000000	0.016709	-1.997088	0.000669	0.000000	0.000000	0.000000	0.000000	0.000000	0.000000	0.000000	0.000000	0.000000	0.000000
1761691752.684661388	0.000000	-0.000188	0.000455	-0.036257	0.000000	0.000000	-0.000000	0.000891	-0.001210	0.014251	-0.000000	-0.000000	0.000000	0.016802	-1.997218	0.002208	0.000000	0.000000	0.000000	0.000000	0.000000	0.000000	0.000000	0.000000	0.000000	0.000000
1761691752.784590960	0.000000	-0.000166	0.000358	-1.206082	0.000000	0.000000	-0.000000	0.000800	-0.000985	0.011380	-0.000000	-0.000000	0.000000	0.016872	-1.997308	0.003257	0.000000	0.000000	0.000000	0.000000	0.000000	-1.256570	0.000000	0.000000	0.000000	0.000000
1761691752.884632111	0.000000	0.000323	-0.001623	-1.064625	-0.000000	0.000000	-0.000000	-0.001345	0.004359	-0.070234	-0.000000	-0.000000	-0.000000	0.016861	-1.997179	0.000934	0.000000	-0.000000	0.000000	0.000000	0.000000	-1.256570	0.000000	0.000000	0.000000	0.000000
1761691752.984573126	0.000000	0.001193	-0.004531	-0.748868	-0.000000	0.000000	-0.000000	-0.004225	0.011494	-0.181412	-0.000000	-0.000000	-0.000000	0.016558	-1.996313	-0.012732	-0.000000	-0.000000	0.000000	0.000000	0.000000	-1.256570	0.000000	0.000000	0.000000	0.000000
1761691753.084739447	0.000000	0.002000	-0.006848	-0.372310	0.000000	0.000000	-0.000000	-0.006348	0.016702	-0.266824	-0.000000	-0.000000	-0.000000	0.016038	-1.994820	-0.036206	-0.000000	-0.000000	0.000000	0.000000	0.000000	-1.256570	0.000000	0.000000	0.000000	0.000000
1761691753.184745073	0.000000	0.002481	-0.008084	-0.012518	0.000000	0.000000	-0.000000	-0.007436	0.019354	-0.316607	-0.000000	-0.000000	-0.000000	0.015423	-1.992932	-0.066211	-0.000000	-0.000000	0.000000	0.000000	0.000000	-1.256570	0.000000	0.000000	0.000000	0.000000
1761691753.284648657	0.000000	0.002531	-0.008135	0.278130	0.000000	0.000000	-0.000000	-0.007482	0.019484	-0.329852	-0.000000	-0.000000	-0.000000	0.014830	-1.990907	-0.099044	-0.000000	-0.000000	0.000000	0.000000	0.000000	-1.256570	0.000000	0.000000	0.000000	0.000000
1761691753.384951591	-0.000000	0.002208	-0.007210	0.480525	0.000000	-0.000000	0.000000	-0.006665	0.017542	-0.311727	-0.000000	0.000000	-0.000000	0.014338	-1.988982	-0.131295	-0.000000	-0.000000	0.000000	0.000000	0.000000	-1.256570	0.000000	0.000000	0.000000	0.000000
1761691753.484609365	-0.000000	0.001658	-0.005665	0.600308	0.000000	-0.000000	0.000000	-0.005251	0.014158	-0.270421	-0.000000	0.000000	-0.000000	0.013982	-1.987343	-0.160283	-0.000000	-0.000000	0.000000	0.000000	0.000000	-1.256570	0.000000	0.000000	0.000000	0.000000
1761691753.584874868	-0.000000	0.001036	-0.003850	0.653486	0.000000	-0.000000	0.000000	-0.003506	0.009949	-0.214383	0.000000	0.000000	-0.000000	0.013763	-1.986110	-0.184189	-0.000000	-0.000000	0.000000	0.000000	0.000000	-1.256570	0.000000	0.000000	0.000000	0.000000
1761691753.684602737	-0.000000	0.000454	-0.002020	0.656276	-0.000000	-0.000000	0.000000	-0.001642	0.005413	-0.150807	0.000000	0.000000	-0.000000	0.013665	-1.985345	-0.201978	0.000000	-0.000000	0.000000	0.000000	0.000000	-1.256570	0.000000	0.000000	0.000000	0.000000
1761691753.784537315	-0.000000	-0.000028	-0.000334	0.621128	-0.000000	-0.000000	0.000000	0.000186	0.000919	-0.085272	0.000000	0.000000	-0.000000	0.013666	-1.985062	-0.213239	0.000000	-0.000000	0.000000	0.000000	0.000000	-1.256570	0.000000	0.000000	0.000000	0.000000
1761691753.884523630	-0.000000	-0.000407	0.001208	0.556540	-0.000000	-0.000000	0.000000	0.001873	-0.003271	-0.021988	0.000000	0.000000	-0.000000	0.013748	-1.985241	-0.218035	0.000000	-0.000000	0.000000	0.000000	0.000000	-1.256570	0.000000	0.000000	0.000000	0.000000
1761691753.984539747	-0.000000	-0.000692	0.002655	0.483974	-0.000000	-0.000000	0.000000	0.003313	-0.006866	0.034742	-0.000000	0.000000	0.000000	0.013898	-1.985828	-0.216880	0.000000	0.000000	0.000000	0.000000	0.000000	-1.256570	0.000000	0.000000	0.000000	0.000000
1761691754.084821701	-0.000000	-0.000851	0.003749	0.360598	-0.000000	-0.000000	0.000000	0.004515	-0.009863	0.084349	-0.000000	0.000000	0.000000	0.014108	-1.986759	-0.210462	0.000000	0.000000	0.000000	0.000000	0.000000	-1.256570	0.000000	0.000000	0.000000	0.000000
1761691754.184587717	-0.000000	-0.000982	0.004799	0.212410	-0.000000	-0.000000	0.000000	0.005383	-0.012007	0.122465	-0.000000	0.000000	0.000000	0.014375	-1.987956	-0.199718	0.000000	0.000000	0.000000	0.000000	0.000000	-1.256570	0.000000	0.000000	0.000000	0.000000
1761691754.284815073	-0.000000	-0.001046	0.005413	0.060615	-0.000000	-0.000000	0.000000	0.005857	-0.013113	0.146176	-0.000000	0.000000	0.000000	0.014689	-1.989314	-0.185985	0.000000	0.000000	0.000000	0.000000	0.000000	-1.256570	0.000000	0.000000	0.000000	0.000000
1761691754.384951353	-0.000000	-0.001056	0.005531	-0.077135	-0.000000	-0.000000	0.000000	0.005931	-0.013169	0.154768	-0.000000	0.000000	0.000000	0.015038	-1.990720	-0.170761	0.000000	0.000000	0.000000	0.000000	0.000000	-1.256570	0.000000	0.000000	0.000000	0.000000
1761691754.484963894	0.000000	-0.001022	0.005191	-0.189176	0.000000	0.000000	-0.000000	0.005647	-0.012293	0.149350	-0.000000	-0.000000	0.000000	0.015403	-1.992069	-0.155505	0.000000	0.000000	0.000000	0.000000	0.000000	-1.256570	0.000000	0.000000	0.000000	0.000000
1761691754.584688187	0.000000	-0.000948	0.004497	-0.270063	0.000000	0.000000	-0.000000	0.005072	-0.010683	0.132300	-0.000000	-0.000000	0.000000	0.015762	-1.993275	-0.141486	0.000000	0.000000	0.000000	0.000000	0.000000	-1.256570	0.000000	0.000000	0.000000	0.000000
1761691754.684742451	0.000000	-0.000838	0.003581	-0.319128	0.000000	0.000000	-0.000000	0.004288	-0.008572	0.106641	-0.000000	-0.000000	0.000000	0.016093	-1.994277	-0.129697	0.000000	0.000000	0.000000	0.000000	0.000000	-1.256570	0.000000	0.000000	0.000000	0.000000
1761691754.784775019	0.000000	-0.000696	0.002571	-0.338580	0.000000	0.000000	-0.000000	0.003381	-0.006190	0.075546	-0.000000	-0.000000	0.000000	0.016377	-1.995039	-0.120813	-0.000000	0.000000	0.000000	0.000000	0.000000	-1.256570	0.000000	0.000000	0.000000	0.000000
1761691754.884731293	0.000000	-0.000528	0.001572	-0.331968	0.000000	0.000000	-0.000000	0.002429	-0.003745	0.042013	-0.000000	-0.000000	0.000000	0.016601	-1.995545	-0.115201	-0.000000	0.000000	0.000000	0.000000	0.000000	-1.256570	0.000000	0.000000	0.000000	0.000000
1761691754.984722614	0.000000	-0.000347	0.000658	-0.303284	0.000000	0.000000	-0.000000	0.001503	-0.001409	0.008706	-0.000000	-0.000000	0.000000	0.016762	-1.995802	-0.112947	-0.000000	0.000000	0.000000	0.000000	0.000000	-1.256570	0.000000	0.000000	0.000000	0.000000
1761691755.084728718	0.000000	-0.000167	-0.000122	-0.255474	0.000000	0.000000	-0.000000	0.000663	0.000675	-0.022101	-0.000000	-0.000000	0.000000	0.016860	-1.995831	-0.113893	-0.000000	-0.000000	0.000000	0.000000	0.000000	-1.256570	0.000000	0.000000	0.000000	0.000000
1761691755.184767246	0.000000	-0.000003	-0.000776	-0.188585	0.000000	0.000000	-0.000000	-0.000041	0.002392	-0.048445	0.000000	-0.000000	-0.000000	0.016904	-1.995665	-0.117673	-0.000000	-0.000000	0.000000	0.000000	0.000000	-1.256570	0.000000	0.000000	0.000000	0.000000
1761691755.284692526	0.000000	0.000129	-0.001273	-0.110393	0.000000	0.000000	-0.000000	-0.000560	0.003631	-0.068418	0.000000	-0.000000	-0.000000	0.016906	-1.995348	-0.123729	-0.000000	-0.000000	0.000000	0.000000	0.000000	-1.256570	0.000000	0.000000	0.000000	0.000000
1761691755.384599686	0.000000	0.000215	-0.001574	-0.030172	0.000000	0.000000	-0.000000	-0.000864	0.004323	-0.080761	0.000000	-0.000000	-0.000000	0.016883	-1.994934	-0.131345	-0.000000	-0.000000	0.000000	0.000000	0.000000	-1.256570	0.000000	0.000000	0.000000	0.000000
1761691755.484658241	0.000000	0.000246	-0.001663	0.043902	0.000000	0.000000	-0.000000	-0.000949	0.004465	-0.085115	0.000000	-0.000000	-0.000000	0.016851	-1.994481	-0.139731	-0.000000	-0.000000	0.000000	0.000000	0.000000	-1.256570	0.000000	0.000000	0.000000	0.000000
1761691755.584677458	0.000000	0.000225	-0.001555	0.105795	-0.000000	-0.000000	0.000000	-0.000832	0.004106	-0.081959	0.000000	0.000000	-0.000000	0.016824	-1.994044	-0.148110	-0.000000	-0.000000	0.000000	0.000000	0.000000	-1.256570	0.000000	0.000000	0.000000	0.000000
1761691755.684683800	-0.000000	0.000159	-0.001286	0.151908	-0.000000	-0.000000	0.000000	-0.000549	0.003338	-0.072411	0.000000	0.000000	-0.000000	0.016813	-1.993670	-0.155792	-0.000000	-0.000000	0.000000	0.000000	0.000000	-1.256570	0.000000	0.000000	0.000000	0.000000
1761691755.784797907	-0.000000	0.000064	-0.000903	0.180815	-0.000000	-0.000000	0.000000	-0.000146	0.002277	-0.057989	0.000000	0.000000	-0.000000	0.016824	-1.993394	-0.162224	-0.000000	-0.000000	0.000000	0.000000	0.000000	-1.256570	0.000000	0.000000	0.000000	0.000000
1761691755.884973526	-0.000000	-0.000045	-0.000456	0.192748	-0.000000	-0.000000	0.000000	0.000329	0.001043	-0.040389	0.000000	0.000000	-0.000000	0.016862	-1.993242	-0.167016	0.000000	-0.000000	0.000000	0.000000	0.000000	-1.256570	0.000000	0.000000	0.000000	0.000000
1761691755.984653473	-0.000000	-0.000156	0.000008	0.189057	-0.000000	-0.000000	0.000000	0.000829	-0.000246	-0.021314	0.000000	0.000000	-0.000000	0.016928	-1.993223	-0.169951	0.000000	-0.000000	0.000000	0.000000	0.000000	-1.256570	0.000000	0.000000	0.000000	0.000000
1761691756.084682703	-0.000000	-0.000260	0.000464	0.171795	-0.000000	-0.000000	0.000000	0.001232	-0.001279	-0.005497	0.000000	0.000000	-0.000000	0.017004	-1.993310	-0.170934	0.000000	-0.000000	0.000000	0.000000	0.000000	-1.256570	0.000000	0.000000	0.000000	0.000000
1761691756.184668303	-0.000000	-0.000350	0.000886	0.142874	-0.000000	-0.000000	0.000000	0.001671	-0.002403	0.012258	0.000000	0.000000	0.000000	0.017118	-1.993528	-0.170429	0.000000	0.000000	0.000000	0.000000	0.000000	-1.256570	0.000000	0.000000	0.000000	0.000000
1761691756.284766912	-0.000000	-0.000420	0.001240	0.103957	-0.000000	-0.000000	0.000000	0.002034	-0.003322	0.027509	-0.000000	0.000000	0.000000	0.017255	-1.993852	-0.168281	0.000000	0.000000	0.000000	0.000000	0.000000	-1.256570	0.000000	0.000000	0.000000	0.000000
1761691756.385256767	-0.000000	-0.000469	0.001497	0.059407	-0.000000	-0.000000	0.000000	0.002294	-0.003974	0.039202	-0.000000	0.000000	0.000000	0.017409	-1.994256	-0.164805	0.000000	0.000000	0.000000	0.000000	0.000000	-1.256570	0.000000	0.000000	0.000000	0.000000
1761691756.484677076	-0.000000	-0.000494	0.001636	0.013907	-0.000000	-0.000000	0.000000	0.002437	-0.004321	0.046628	-0.000000	0.000000	0.000000	0.017577	-1.994711	-0.160402	0.000000	0.000000	0.000000	0.000000	0.000000	-1.256570	0.000000	0.000000	0.000000	0.000000
1761691756.584687233	-0.000000	-0.000497	0.001651	-0.028344	-0.000000	-0.000000	0.000000	0.002459	-0.004356	0.049535	-0.000000	0.000000	0.000000	0.017752	-1.995181	-0.155519	0.000000	0.000000	0.000000	0.000000	0.000000	-1.256570	0.000000	0.000000	0.000000	0.000000
1761691756.684608221	0.000000	-0.000480	0.001551	-0.064050	0.000000	0.000000	-0.000000	0.002367	-0.004105	0.048109	-0.000000	-0.000000	0.000000	0.017926	-1.995637	-0.150602	0.000000	0.000000	0.000000	0.000000	0.000000	-1.256570	0.000000	0.000000	0.000000	0.000000
1761691756.784610987	0.000000	-0.000444	0.001357	-0.090999	0.000000	0.000000	-0.000000	0.002179	-0.003612	0.042894	-0.000000	-0.000000	0.000000	0.018094	-1.996051	-0.146056	0.000000	0.000000	0.000000	0.000000	0.000000	-1.256570	0.000000	0.000000	0.000000	0.000000
1761691756.884655476	0.000000	-0.000394	0.001096	-0.108049	0.000000	0.000000	-0.000000	0.001917	-0.002941	0.034693	-0.000000	-0.000000	0.000000	0.018248	-1.996400	-0.142215	0.000000	0.000000	0.000000	0.000000	0.000000	-1.256570	0.000000	0.000000	0.000000	0.000000
1761691756.984628677	0.000000	-0.000333	0.000797	-0.114999	0.000000	0.000000	-0.000000	0.001608	-0.002160	0.024456	-0.000000	-0.000000	0.000000	0.018386	-1.996672	-0.139324	-0.000000	0.000000	0.000000	0.000000	0.000000	-1.256570	0.000000	0.000000	0.000000	0.000000
1761691757.084596395	0.000000	-0.000267	0.000489	-0.112404	0.000000	0.000000	-0.000000	0.001278	-0.001340	0.013188	-0.000000	-0.000000	0.000000	0.018503	-1.996858	-0.137528	-0.000000	0.000000	0.000000	0.000000	0.000000	-1.256570	0.000000	0.000000	0.000000	0.000000
1761691757.184503555	0.000000	-0.000200	0.000199	-0.101484	0.000000	0.000000	-0.000000	0.000955	-0.000553	0.001904	-0.000000	-0.000000	0.000000	0.018599	-1.996960	-0.136869	-0.000000	0.000000	0.000000	0.000000	0.000000	-1.256570	0.000000	0.000000	0.000000	0.000000
1761691757.284620047	0.000000	-0.000139	-0.000052	-0.083729	0.000000	0.000000	-0.000000	0.000665	0.000143	-0.008426	-0.000000	-0.000000	0.000000	0.018674	-1.996984	-0.137289	-0.000000	0.000000	0.000000	0.000000	0.000000	-1.256570	0.000000	0.000000	0.000000	0.000000
1761691757.384545565	0.000000	-0.000087	-0.000256	-0.060721	0.000000	0.000000	-0.000000	0.000424	0.000707	-0.017095	0.000000	-0.000000	0.000000	0.018733	-1.996944	-0.138649	-0.000000	-0.000000	0.000000	0.000000	0.000000	-1.256570	0.000000	0.000000	0.000000	0.000000
1761691757.484515905	0.000000	-0.000048	-0.000402	-0.034977	0.000000	0.000000	-0.000000	0.000247	0.001106	-0.023551	0.000000	-0.000000	-0.000000	0.018777	-1.996854	-0.140751	-0.000000	-0.000000	0.000000	0.000000	0.000000	-1.256570	0.000000	0.000000	0.000000	0.000000
1761691757.584526300	0.000000	-0.000024	-0.000482	-0.009009	0.000000	0.000000	-0.000000	0.000141	0.001326	-0.027477	0.000000	-0.000000	-0.000000	0.018813	-1.996733	-0.143353	-0.000000	-0.000000	0.000000	0.000000	0.000000	-1.256570	0.000000	0.000000	0.000000	0.000000
1761691757.684540987	0.000000	-0.000017	-0.000498	0.014970	0.000000	0.000000	-0.000000	0.000104	0.001368	-0.028811	0.000000	-0.000000	-0.000000	0.018844	-1.996600	-0.146197	-0.000000	-0.000000	0.000000	0.000000	0.000000	-1.256570	0.000000	0.000000	0.000000	0.000000
1761691757.784845829	-0.000000	-0.000023	-0.000454	0.035217	0.000000	-0.000000	0.000000	0.000133	0.001250	-0.027714	0.000000	0.000000	-0.000000	0.018874	-1.996472	-0.149031	-0.000000	-0.000000	0.000000	0.000000	0.000000	-1.256570	0.000000	0.000000	0.000000	0.000000
1761691757.884610176	-0.000000	-0.000042	-0.000362	0.050544	-0.000000	-0.000000	0.000000	0.000215	0.000999	-0.024529	0.000000	0.000000	-0.000000	0.018908	-1.996365	-0.151630	-0.000000	-0.000000	0.000000	0.000000	0.000000	-1.256570	0.000000	0.000000	0.000000	0.000000
1761691757.984668732	-0.000000	-0.000069	-0.000236	0.060317	-0.000000	-0.000000	0.000000	0.000338	0.000651	-0.019730	0.000000	0.000000	-0.000000	0.018949	-1.996290	-0.153814	-0.000000	-0.000000	0.000000	0.000000	0.000000	-1.256570	0.000000	0.000000	0.000000	0.000000
1761691758.084523678	-0.000000	-0.000101	-0.000089	0.064412	-0.000000	-0.000000	0.000000	0.000486	0.000245	-0.013862	0.000000	0.000000	-0.000000	0.018997	-1.996255	-0.155451	-0.000000	-0.000000	0.000000	0.000000	0.000000	-1.256570	0.000000	0.000000	0.000000	0.000000
1761691758.185043097	-0.000000	-0.000135	0.000064	0.063137	-0.000000	-0.000000	0.000000	0.000643	-0.000179	-0.007489	0.000000	0.000000	0.000000	0.019054	-1.996264	-0.156469	0.000000	-0.000000	0.000000	0.000000	0.000000	-1.256570	0.000000	0.000000	0.000000	0.000000
1761691758.284520626	-0.000000	-0.000167	0.000211	0.056995	-0.000000	-0.000000	0.000000	0.000796	-0.000587	-0.001154	0.000000	0.000000	0.000000	0.019120	-1.996317	-0.156847	0.000000	0.000000	0.000000	0.000000	0.000000	-1.256570	0.000000	0.000000	0.000000	0.000000
1761691758.384829283	-0.000000	-0.000195	0.000343	0.047877	-0.000000	-0.000000	0.000000	0.000931	-0.000945	0.004648	0.000000	0.000000	0.000000	0.019194	-1.996410	-0.156620	0.000000	0.000000	0.000000	0.000000	0.000000	-1.256570	0.000000	0.000000	0.000000	0.000000
1761691758.484813213	-0.000000	-0.000217	0.000450	0.034417	-0.000000	-0.000000	0.000000	0.001040	-0.001235	0.009588	0.000000	0.000000	0.000000	0.019275	-1.996536	-0.155860	0.000000	0.000000	0.000000	0.000000	0.000000	-1.256570	0.000000	0.000000	0.000000	0.000000
1761691758.584835291	-0.000000	-0.000232	0.000522	0.021741	-0.000000	-0.000000	0.000000	0.001114	-0.001431	0.013254	-0.000000	0.000000	0.000000	0.019361	-1.996687	-0.154678	0.000000	0.000000	0.000000	0.000000	0.000000	-1.256570	0.000000	0.000000	0.000000	0.000000
1761691758.684930086	-0.000000	-0.000238	0.000556	0.007752	-0.000000	-0.000000	0.000000	0.001152	-0.001536	0.015639	-0.000000	0.000000	0.000000	0.019451	-1.996852	-0.153205	0.000000	0.000000	0.000000	0.000000	0.000000	-1.256570	0.000000	0.000000	0.000000	0.000000
1761691758.784796000	-0.000000	-0.000239	0.000566	-0.006712	-0.000000	-0.000000	0.000000	0.001154	-0.001548	0.016648	-0.000000	0.000000	0.000000	0.019541	-1.997023	-0.151573	0.000000	0.000000	0.000000	0.000000	0.000000	-1.256570	0.000000	0.000000	0.000000	0.000000
1761691758.884693146	-0.000000	-0.000233	0.000541	-0.019043	-0.000000	0.000000	0.000000	0.001118	-0.001464	0.016217	-0.000000	-0.000000	0.000000	0.019631	-1.997189	-0.149923	0.000000	0.000000	0.000000	0.000000	0.000000	-1.256570	0.000000	0.000000	0.000000	0.000000
1761691758.985072136	0.000000	-0.000221	0.000485	-0.028923	0.000000	0.000000	-0.000000	0.001050	-0.001300	0.014519	-0.000000	-0.000000	0.000000	0.019717	-1.997341	-0.148392	0.000000	0.000000	0.000000	0.000000	0.000000	-1.256570	0.000000	0.000000	0.000000	0.000000
1761691759.085065842	0.000000	-0.000202	0.000405	-0.035616	0.000000	0.000000	-0.000000	0.000956	-0.001075	0.011791	-0.000000	-0.000000	0.000000	0.019799	-1.997471	-0.147092	0.000000	0.000000	0.000000	0.000000	0.000000	-1.256570	0.000000	0.000000	0.000000	0.000000
1761691759.184859276	0.000000	-0.000176	0.000293	-0.038873	0.000000	0.000000	-0.000000	0.000845	-0.000809	0.008341	-0.000000	-0.000000	0.000000	0.019874	-1.997576	-0.146110	0.000000	0.000000	0.000000	0.000000	0.000000	-1.256570	0.000000	0.000000	0.000000	0.000000
1761691759.284834862	0.000000	-0.000156	0.000208	-0.038746	0.000000	0.000000	-0.000000	0.000727	-0.000529	0.004508	-0.000000	-0.000000	0.000000	0.019941	-1.997651	-0.145497	-0.000000	0.000000	0.000000	0.000000	0.000000	-1.256570	0.000000	0.000000	0.000000	0.000000
1761691759.384672165	0.000000	-0.000132	0.000108	-0.035540	0.000000	0.000000	-0.000000	0.000610	-0.000255	0.000631	-0.000000	-0.000000	0.000000	0.020001	-1.997697	-0.145272	-0.000000	0.000000	0.000000	0.000000	0.000000	-1.256570	0.000000	0.000000	0.000000	0.000000
1761691759.484661102	0.000000	-0.000109	0.000017	-0.029745	0.000000	0.000000	-0.000000	0.000503	-0.000008	-0.002976	-0.000000	-0.000000	0.000000	0.020054	-1.997716	-0.145422	-0.000000	0.000000	0.000000	0.000000	0.000000	-1.256570	0.000000	0.000000	0.000000	0.000000
1761691759.585701227	0.000000	-0.000089	-0.000059	-0.021973	0.000000	0.000000	-0.000000	0.000411	0.000195	-0.006047	-0.000000	-0.000000	0.000000	0.020100	-1.997711	-0.145903	-0.000000	0.000000	0.000000	0.000000	0.000000	-1.256570	0.000000	0.000000	0.000000	0.000000
1761691759.684669971	0.000000	-0.000073	-0.000115	-0.013029	0.000000	0.000000	-0.000000	0.000342	0.000342	-0.008374	0.000000	-0.000000	0.000000	0.020140	-1.997688	-0.146649	-0.000000	-0.000000	0.000000	0.000000	0.000000	-1.256570	0.000000	0.000000	0.000000	0.000000
1761691759.784656763	0.000000	-0.000063	-0.000149	-0.003763	0.000000	0.000000	-0.000000	0.000296	0.000426	-0.009826	0.000000	-0.000000	0.000000	0.020177	-1.997654	-0.147577	-0.000000	-0.000000	0.000000	0.000000	0.000000	-1.256570	0.000000	0.000000	0.000000	0.000000
1761691759.884696484	0.000000	-0.000057	-0.000161	0.005028	0.000000	0.000000	-0.000000	0.000276	0.000447	-0.010357	0.000000	-0.000000	0.000000	0.020211	-1.997614	-0.148597	-0.000000	-0.000000	0.000000	0.000000	0.000000	-1.256570	0.000000	0.000000	0.000000	0.000000
1761691759.984863281	-0.000000	-0.000058	-0.000147	0.012661	0.000000	-0.000000	0.000000	0.000280	0.000408	-0.010000	0.000000	0.000000	0.000000	0.020245	-1.997576	-0.149618	-0.000000	-0.000000	0.000000	0.000000	0.000000	-1.256570	0.000000	0.000000	0.000000	0.000000
1761691760.085150480	-0.000000	-0.000062	-0.000121	0.018615	-0.000000	-0.000000	0.000000	0.000304	0.000320	-0.008862	0.000000	0.000000	0.000000	0.020280	-1.997545	-0.150557	-0.000000	-0.000000	0.000000	0.000000	0.000000	-1.256570	0.000000	0.000000	0.000000	0.000000
1761691760.185101748	-0.000000	-0.000070	-0.000078	0.022558	-0.000000	-0.000000	0.000000	0.000344	0.000193	-0.007099	0.000000	0.000000	0.000000	0.020316	-1.997525	-0.151344	-0.000000	-0.000000	0.000000	0.000000	0.000000	-1.256570	0.000000	0.000000	0.000000	0.000000
1761691760.284659863	-0.000000	-0.000080	-0.000025	0.024350	-0.000000	-0.000000	0.000000	0.000395	0.000043	-0.004909	0.000000	0.000000	0.000000	0.020354	-1.997520	-0.151929	0.000000	-0.000000	0.000000	0.000000	0.000000	-1.256570	0.000000	0.000000	0.000000	0.000000
1761691760.385780096	-0.000000	-0.000094	0.000042	0.023468	-0.000000	-0.000000	0.000000	0.000450	-0.000117	-0.002504	0.000000	0.000000	0.000000	0.020395	-1.997531	-0.152281	0.000000	0.000000	0.000000	0.000000	0.000000	-1.256570	0.000000	0.000000	0.000000	0.000000
1761691760.485217571	-0.000000	-0.000103	0.000087	0.021886	-0.000000	-0.000000	0.000000	0.000502	-0.000267	-0.000143	0.000000	0.000000	0.000000	0.020440	-1.997559	-0.152393	0.000000	0.000000	0.000000	0.000000	0.000000	-1.256570	0.000000	0.000000	0.000000	0.000000
1761691760.584840298	-0.000000	-0.000113	0.000137	0.018153	-0.000000	-0.000000	0.000000	0.000550	-0.000403	0.002072	0.000000	0.000000	0.000000	0.020487	-1.997601	-0.152277	0.000000	0.000000	0.000000	0.000000	0.000000	-1.256570	0.000000	0.000000	0.000000	0.000000
1761691760.684761286	-0.000000	-0.000121	0.000178	0.013212	-0.000000	-0.000000	0.000000	0.000587	-0.000512	0.003950	-0.000000	0.000000	0.000000	0.020536	-1.997656	-0.151958	0.000000	0.000000	0.000000	0.000000	0.000000	-1.256570	0.000000	0.000000	0.000000	0.000000
1761691760.784801960	-0.000000	-0.000127	0.000208	0.007594	-0.000000	-0.000000	0.000000	0.000612	-0.000587	0.005353	-0.000000	0.000000	0.000000	0.020588	-1.997720	-0.151477	0.000000	0.000000	0.000000	0.000000	0.000000	-1.256570	0.000000	0.000000	0.000000	0.000000
1761691760.884766817	-0.000000	-0.000129	0.000223	0.001819	-0.000000	-0.000000	0.000000	0.000622	-0.000622	0.006206	-0.000000	0.000000	0.000000	0.020640	-1.997790	-0.150888	0.000000	0.000000	0.000000	0.000000	0.000000	-1.256570	0.000000	0.000000	0.000000	0.000000
1761691760.984831810	-0.000000	-0.000128	0.000224	1.160944	-0.000000	-0.000000	0.000000	0.000616	-0.000618	0.006485	-0.000000	0.000000	0.000000	0.020691	-1.997861	-0.150247	0.000000	0.000000	0.000000	0.000000	0.000000	0.000000	0.000000	0.000000	0.000000	0.000000
1761691761.084891319	-0.000000	-0.000500	0.002172	1.009705	-0.000000	-0.000000	0.000000	0.003126	-0.006887	0.103260	-0.000000	0.000000	0.000000	0.020821	-1.998260	-0.144759	0.000000	0.000000	0.000000	0.000000	0.000000	0.000000	0.000000	0.000000	0.000000	0.000000
1761691761.184721947	-0.000000	-0.000877	0.005172	0.691796	-0.000000	-0.000000	0.000000	0.005782	-0.013434	0.206751	-0.000000	0.000000	0.000000	0.021141	-1.999392	-0.128291	0.000000	0.000000	0.000000	0.000000	0.000000	0.000000	0.000000	0.000000	0.000000	0.000000
1761691761.284746647	-0.000000	-0.001065	0.007569	0.323432	-0.000000	-0.000000	0.000000	0.007656	-0.017814	0.281229	-0.000000	0.000000	0.000000	0.021643	-2.001077	-0.103050	0.000000	0.000000	0.000000	0.000000	0.000000	0.000000	0.000000	0.000000	0.000000	0.000000
1761691761.385365725	-0.000000	-0.001146	0.008779	-0.022486	-0.000000	-0.000000	0.000000	0.008594	-0.019605	0.319712	-0.000000	0.000000	0.000000	0.022299	-2.003046	-0.072427	0.000000	0.000000	0.000000	0.000000	0.000000	0.000000	0.000000	0.000000	0.000000	0.000000
1761691761.484777689	-0.000000	-0.001181	0.008682	-0.299169	0.000000	-0.000000	-0.000000	0.008642	-0.018981	0.323229	-0.000000	-0.000000	0.000000	0.023056	-2.005032	-0.040010	0.000000	0.000000	0.000000	0.000000	0.000000	0.000000	0.000000	0.000000	0.000000	0.000000
1761691761.585020542	0.000000	-0.001178	0.007528	-0.490791	0.000000	0.000000	-0.000000	0.007959	-0.016471	0.297923	-0.000000	-0.000000	0.000000	0.023841	-2.006816	-0.008972	0.000000	0.000000	0.000000	0.000000	0.000000	0.000000	0.000000	0.000000	0.000000	0.000000
1761691761.685028315	0.000000	-0.001115	0.005740	-0.603465	0.000000	0.000000	-0.000000	0.006749	-0.012720	0.252038	-0.000000	-0.000000	0.000000	0.024575	-2.008249	0.018277	0.000000	0.000000	0.000000	0.000000	0.000000	0.000000	0.000000	0.000000	0.000000	0.000000
1761691761.784795761	0.000000	-0.000971	0.003722	-0.652100	0.000000	0.000000	-0.000000	0.005208	-0.008319	0.193569	-0.000000	-0.000000	0.000000	0.025191	-2.009250	0.040149	-0.000000	0.000000	0.000000	0.000000	0.000000	0.000000	0.000000	0.000000	0.000000	0.000000
1761691761.884685755	0.000000	-0.000741	0.001762	-0.651540	0.000000	0.000000	-0.000000	0.003503	-0.003729	0.129170	-0.000000	-0.000000	0.000000	0.025639	-2.009794	0.055783	-0.000000	0.000000	0.000000	0.000000	0.000000	0.000000	0.000000	0.000000	0.000000	0.000000
1761691761.984640837	0.000000	-0.000438	0.000029	-0.613228	0.000000	0.000000	-0.000000	0.001771	0.000714	0.064007	-0.000000	-0.000000	0.000000	0.025894	-2.009891	0.064898	-0.000000	0.000000	0.000000	0.000000	0.000000	0.000000	0.000000	0.000000	0.000000	0.000000
1761691762.085007906	0.000000	-0.000089	-0.001536	-0.545145	0.000000	0.000000	-0.000000	0.000120	0.004772	0.002045	-0.000000	-0.000000	0.000000	0.025953	-2.009575	0.067658	-0.000000	0.000000	0.000000	0.000000	0.000000	0.000000	0.000000	0.000000	0.000000	0.000000
1761691762.184856415	0.000000	0.000280	-0.002982	-0.445208	0.000000	0.000000	-0.000000	-0.001361	0.008261	-0.053604	-0.000000	-0.000000	-0.000000	0.025832	-2.008897	0.064569	0.000000	-0.000000	0.000000	0.000000	0.000000	0.000000	0.000000	0.000000	0.000000	0.000000
1761691762.284753323	0.000000	0.000636	-0.004188	-0.308600	0.000000	0.000000	-0.000000	-0.002581	0.010988	-0.099790	-0.000000	-0.000000	-0.000000	0.025564	-2.007921	0.056445	0.000000	-0.000000	0.000000	0.000000	0.000000	0.000000	0.000000	0.000000	0.000000	0.000000
1761691762.384781837	0.000000	0.000921	-0.005024	-0.154844	0.000000	0.000000	-0.000000	-0.003436	0.012744	-0.132927	-0.000000	-0.000000	-0.000000	0.025193	-2.006730	0.044438	0.000000	-0.000000	0.000000	0.000000	0.000000	0.000000	0.000000	0.000000	0.000000	0.000000
1761691762.484914541	0.000000	0.001085	-0.005402	-0.004664	0.000000	0.000000	-0.000000	-0.003871	0.013429	-0.150974	-0.000000	-0.000000	-0.000000	0.024772	-2.005423	0.029986	0.000000	-0.000000	0.000000	0.000000	0.000000	0.000000	0.000000	0.000000	0.000000	0.000000
1761691762.584795475	0.000000	0.001111	-0.005319	0.125830	0.000000	0.000000	0.000000	-0.003889	0.013091	-0.153944	-0.000000	-0.000000	-0.000000	0.024352	-2.004102	0.014611	-0.000000	-0.000000	0.000000	0.000000	0.000000	0.000000	0.000000	0.000000	0.000000	0.000000
1761691762.684759378	-0.000000	0.001012	-0.004841	0.227142	0.000000	-0.000000	0.000000	-0.003543	0.011885	-0.143535	-0.000000	0.000000	-0.000000	0.023972	-2.002860	-0.000267	-0.000000	-0.000000	0.000000	0.000000	0.000000	0.000000	0.000000	0.000000	0.000000	0.000000
1761691762.784633398	-0.000000	0.000822	-0.004078	0.295843	0.000000	-0.000000	0.000000	-0.002918	0.010031	-0.122510	-0.000000	0.000000	-0.000000	0.023660	-2.001773	-0.013465	-0.000000	-0.000000	0.000000	0.000000	0.000000	0.000000	0.000000	0.000000	0.000000	0.000000
1761691762.884594202	-0.000000	0.000584	-0.003151	0.332724	0.000000	-0.000000	0.000000	-0.002248	0.008154	-0.099001	-0.000000	0.000000	-0.000000	0.023463	-2.001025	-0.022536	-0.000000	-0.000000	0.000000	0.000000	0.000000	0.000000	0.000000	0.000000	0.000000	0.000000
1761691762.984601974	-0.000000	0.000336	-0.002168	0.332141	0.000000	-0.000000	0.000000	-0.001356	0.005729	-0.066958	-0.000000	0.000000	-0.000000	0.023308	-2.000345	-0.030608	-0.000000	-0.000000	0.000000	0.000000	0.000000	0.000000	0.000000	0.000000	0.000000	0.000000
1761691763.084631681	-0.000000	0.000146	-0.001389	0.329387	0.000000	-0.000000	0.000000	-0.000457	0.003339	-0.033734	0.000000	0.000000	-0.000000	0.023239	-1.999910	-0.035366	-0.000000	-0.000000	0.000000	0.000000	0.000000	0.000000	0.000000	0.000000	0.000000	0.000000
1761691763.184595823	-0.000000	-0.000056	-0.000518	0.296132	-0.000000	-0.000000	0.000000	0.000420	0.001044	-0.000750	0.000000	0.000000	-0.000000	0.023252	-1.999711	-0.036813	-0.000000	-0.000000	0.000000	0.000000	0.000000	0.000000	0.000000	0.000000	0.000000	0.000000
1761691763.284683943	-0.000000	-0.000225	0.000239	0.242775	-0.000000	-0.000000	0.000000	0.001078	-0.000654	0.024482	0.000000	0.000000	0.000000	0.023320	-1.999713	-0.035596	0.000000	0.000000	0.000000	0.000000	0.000000	0.000000	0.000000	0.000000	0.000000	0.000000
1761691763.384611845	-0.000000	-0.000335	0.000776	0.184273	-0.000000	-0.000000	0.000000	0.001642	-0.002091	0.046492	0.000000	0.000000	0.000000	0.023435	-1.999847	-0.032410	0.000000	0.000000	0.000000	0.000000	0.000000	0.000000	0.000000	0.000000	0.000000	0.000000
1761691763.484598875	-0.000000	-0.000428	0.001266	0.105363	-0.000000	-0.000000	0.000000	0.002150	-0.003357	0.066869	-0.000000	0.000000	0.000000	0.023622	-2.000140	-0.026508	0.000000	0.000000	0.000000	0.000000	0.000000	0.000000	0.000000	0.000000	0.000000	0.000000
1761691763.584653616	-0.000000	-0.000483	0.001563	0.024395	-0.000000	-0.000000	0.000000	0.002462	-0.004105	0.080036	-0.000000	0.000000	0.000000	0.023849	-2.000531	-0.018965	0.000000	0.000000	0.000000	0.000000	0.000000	0.000000	0.000000	0.000000	0.000000	0.000000
1761691763.685086727	-0.000000	-0.000499	0.001640	-0.038166	-0.000000	-0.000000	0.000000	0.002560	-0.004296	0.085174	-0.000000	0.000000	0.000000	0.024097	-2.000963	-0.010572	0.000000	0.000000	0.000000	0.000000	0.000000	0.000000	0.000000	0.000000	0.000000	0.000000
1761691763.784874916	0.000000	-0.000485	0.001532	-0.101157	0.000000	0.000000	-0.000000	0.002473	-0.004023	0.083037	-0.000000	-0.000000	0.000000	0.024304	-2.001311	-0.003546	0.000000	0.000000	0.000000	0.000000	0.000000	0.000000	0.000000	0.000000	0.000000	0.000000
1761691763.884590149	0.000000	-0.000437	0.001239	-0.146855	0.000000	0.000000	-0.000000	0.002199	-0.003281	0.073971	-0.000000	-0.000000	0.000000	0.024537	-2.001673	0.004273	0.000000	0.000000	0.000000	0.000000	0.000000	0.000000	0.000000	0.000000	0.000000	0.000000
1761691763.984544277	0.000000	-0.000365	0.000840	-0.175547	0.000000	0.000000	-0.000000	0.001803	-0.002249	0.060047	-0.000000	-0.000000	0.000000	0.024736	-2.001941	0.010889	0.000000	0.000000	0.000000	0.000000	0.000000	0.000000	0.000000	0.000000	0.000000	0.000000
1761691764.084672451	0.000000	-0.000292	0.000473	-0.187638	0.000000	0.000000	-0.000000	0.001340	-0.001074	0.043449	-0.000000	-0.000000	0.000000	0.024892	-2.002097	0.015958	0.000000	0.000000	0.000000	0.000000	0.000000	0.000000	0.000000	0.000000	0.000000	0.000000
1761691764.184566736	0.000000	-0.000192	0.000013	-0.187413	0.000000	0.000000	-0.000000	0.000831	0.000185	0.024886	-0.000000	-0.000000	0.000000	0.024997	-2.002129	0.019228	0.000000	0.000000	0.000000	0.000000	0.000000	0.000000	0.000000	0.000000	0.000000	0.000000
1761691764.284608603	0.000000	-0.000087	-0.000438	-0.173323	0.000000	0.000000	-0.000000	0.000408	0.001208	0.009265	-0.000000	-0.000000	0.000000	0.025044	-2.002061	0.020521	0.000000	0.000000	0.000000	0.000000	0.000000	0.000000	0.000000	0.000000	0.000000	0.000000
1761691764.384571791	0.000000	0.000017	-0.000858	-0.147269	0.000000	0.000000	-0.000000	-0.000068	0.002336	-0.008537	-0.000000	-0.000000	-0.000000	0.025053	-2.001873	0.020393	0.000000	0.000000	0.000000	0.000000	0.000000	0.000000	0.000000	0.000000	0.000000	0.000000
1761691764.484643698	0.000000	0.000110	-0.001215	-0.110600	0.000000	0.000000	-0.000000	-0.000480	0.003278	-0.024132	-0.000000	-0.000000	-0.000000	0.025015	-2.001583	0.018601	0.000000	-0.000000	0.000000	0.000000	0.000000	0.000000	0.000000	0.000000	0.000000	0.000000
1761691764.584784031	0.000000	0.000182	-0.001461	-0.068650	0.000000	0.000000	-0.000000	-0.000780	0.003922	-0.035804	-0.000000	-0.000000	-0.000000	0.024943	-2.001217	0.015481	0.000000	-0.000000	0.000000	0.000000	0.000000	0.000000	0.000000	0.000000	0.000000	0.000000
1761691764.684564114	0.000000	0.000227	-0.001596	-0.025332	0.000000	0.000000	-0.000000	-0.000966	0.004272	-0.043368	-0.000000	-0.000000	-0.000000	0.024848	-2.000803	0.011431	-0.000000	-0.000000	0.000000	0.000000	0.000000	0.000000	0.000000	0.000000	0.000000	0.000000
1761691764.784838915	0.000000	0.000244	-0.001616	0.015354	0.000000	0.000000	-0.000000	-0.001035	0.004327	-0.046623	-0.000000	-0.000000	-0.000000	0.024742	-2.000372	0.006874	-0.000000	-0.000000	0.000000	0.000000	0.000000	0.000000	0.000000	0.000000	0.000000	0.000000
1761691764.884911060	-0.000000	0.000233	-0.001532	0.050255	0.000000	-0.000000	0.000000	-0.000994	0.004111	-0.045766	-0.000000	0.000000	-0.000000	0.024638	-1.999950	0.002233	-0.000000	-0.000000	0.000000	0.000000	0.000000	0.000000	0.000000	0.000000	0.000000	0.000000
1761691764.985085011	-0.000000	0.000200	-0.001362	0.077235	0.000000	-0.000000	0.000000	-0.000859	0.003669	-0.041322	-0.000000	0.000000	-0.000000	0.024546	-1.999563	-0.002108	-0.000000	-0.000000	0.000000	0.000000	0.000000	0.000000	0.000000	0.000000	0.000000	0.000000
1761691765.084648132	-0.000000	0.000150	-0.001129	0.095164	0.000000	-0.000000	0.000000	-0.000652	0.003058	-0.034048	-0.000000	0.000000	-0.000000	0.024473	-1.999231	-0.005835	-0.000000	-0.000000	0.000000	0.000000	0.000000	0.000000	0.000000	0.000000	0.000000	0.000000
1761691765.184682131	-0.000000	0.000090	-0.000859	0.103785	0.000000	-0.000000	0.000000	-0.000397	0.002343	-0.024830	0.000000	0.000000	-0.000000	0.024425	-1.998966	-0.008714	-0.000000	-0.000000	0.000000	0.000000	0.000000	0.000000	0.000000	0.000000	0.000000	0.000000
1761691765.284533262	-0.000000	0.000028	-0.000578	0.103549	0.000000	-0.000000	0.000000	-0.000122	0.001588	-0.014595	0.000000	0.000000	-0.000000	0.024403	-1.998775	-0.010606	-0.000000	-0.000000	0.000000	0.000000	0.000000	0.000000	0.000000	0.000000	0.000000	0.000000
1761691765.385181665	-0.000000	-0.000021	-0.000353	0.097329	-0.000000	-0.000000	0.000000	0.000152	0.000852	-0.004237	0.000000	0.000000	-0.000000	0.024408	-1.998659	-0.011461	-0.000000	-0.000000	0.000000	0.000000	0.000000	0.000000	0.000000	0.000000	0.000000	0.000000
1761691765.485160828	-0.000000	-0.000076	-0.000102	0.083485	-0.000000	-0.000000	0.000000	0.000407	0.000174	0.005600	0.000000	0.000000	0.000000	0.024439	-1.998615	-0.011307	0.000000	0.000000	0.000000	0.000000	0.000000	0.000000	0.000000	0.000000	0.000000	0.000000
1761691765.584635735	-0.000000	-0.000123	0.000111	0.063709	-0.000000	-0.000000	0.000000	0.000625	-0.000398	0.014179	0.000000	0.000000	0.000000	0.024492	-1.998632	-0.010237	0.000000	0.000000	0.000000	0.000000	0.000000	0.000000	0.000000	0.000000	0.000000	0.000000
1761691765.684727192	-0.000000	-0.000158	0.000276	0.040127	-0.000000	-0.000000	0.000000	0.000789	-0.000826	0.020880	0.000000	0.000000	0.000000	0.024564	-1.998698	-0.008414	0.000000	0.000000	0.000000	0.000000	0.000000	0.000000	0.000000	0.000000	0.000000	0.000000
1761691765.785022020	-0.000000	-0.000180	0.000383	0.015171	-0.000000	-0.000000	0.000000	0.000890	-0.001088	0.025285	0.000000	0.000000	0.000000	0.024649	-1.998798	-0.006053	0.000000	0.000000	0.000000	0.000000	0.000000	0.000000	0.000000	0.000000	0.000000	0.000000
1761691765.884719133	-0.000000	-0.000189	0.000427	-0.008845	-0.000000	-0.000000	0.000000	0.000925	-0.001178	0.027218	-0.000000	0.000000	0.000000	0.024739	-1.998914	-0.003394	0.000000	0.000000	0.000000	0.000000	0.000000	0.000000	0.000000	0.000000	0.000000	0.000000
1761691765.984814167	0.000000	-0.000185	0.000410	-0.029952	-0.000000	0.000000	-0.000000	0.000895	-0.001105	0.026734	-0.000000	-0.000000	0.000000	0.024830	-1.999029	-0.000684	0.000000	0.000000	0.000000	0.000000	0.000000	0.000000	0.000000	0.000000	0.000000	0.000000
1761691766.084737539	0.000000	-0.000170	0.000340	-0.046673	-0.000000	0.000000	-0.000000	0.000809	-0.000893	0.024091	-0.000000	-0.000000	0.000000	0.024915	-1.999128	0.001850	0.000000	0.000000	0.000000	0.000000	0.000000	0.000000	0.000000	0.000000	0.000000	0.000000
1761691766.184948444	0.000000	-0.000145	0.000229	-0.058078	0.000000	0.000000	-0.000000	0.000679	-0.000573	0.019702	-0.000000	-0.000000	0.000000	0.024989	-1.999199	0.004014	0.000000	0.000000	0.000000	0.000000	0.000000	0.000000	0.000000	0.000000	0.000000	0.000000
1761691766.284786940	0.000000	-0.000114	0.000091	-0.063780	0.000000	0.000000	-0.000000	0.000519	-0.000183	0.014084	-0.000000	-0.000000	0.000000	0.025048	-1.999233	0.005665	0.000000	0.000000	0.000000	0.000000	0.000000	0.000000	0.000000	0.000000	0.000000	0.000000
1761691766.384712458	0.000000	-0.000078	-0.000059	-0.063877	0.000000	0.000000	-0.000000	0.000344	0.000237	0.007801	-0.000000	-0.000000	0.000000	0.025090	-1.999227	0.006711	0.000000	0.000000	0.000000	0.000000	0.000000	0.000000	0.000000	0.000000	0.000000	0.000000
1761691766.484658957	0.000000	-0.000041	-0.000209	-0.058876	0.000000	0.000000	-0.000000	0.000169	0.000648	0.001415	-0.000000	-0.000000	0.000000	0.025114	-1.999179	0.007118	0.000000	0.000000	0.000000	0.000000	0.000000	0.000000	0.000000	0.000000	0.000000	0.000000
1761691766.584621906	0.000000	-0.000007	-0.000346	-0.049558	0.000000	0.000000	-0.000000	0.000008	0.001018	-0.004556	-0.000000	-0.000000	-0.000000	0.025120	-1.999092	0.006908	0.000000	-0.000000	0.000000	0.000000	0.000000	0.000000	0.000000	0.000000	0.000000	0.000000
1761691766.684612513	0.000000	0.000023	-0.000461	-0.036837	0.000000	0.000000	-0.000000	-0.000127	0.001318	-0.009667	-0.000000	-0.000000	-0.000000	0.025112	-1.998973	0.006148	-0.000000	-0.000000	0.000000	0.000000	0.000000	0.000000	0.000000	0.000000	0.000000	0.000000
1761691766.784674406	0.000000	0.000046	-0.000543	-0.022065	0.000000	0.000000	-0.000000	-0.000227	0.001527	-0.013563	-0.000000	-0.000000	-0.000000	0.025093	-1.998828	0.004945	-0.000000	-0.000000	0.000000	0.000000	0.000000	0.000000	0.000000	0.000000	0.000000	0.000000
1761691766.884766102	0.000000	0.000061	-0.000589	-0.006691	0.000000	0.000000	-0.000000	-0.000288	0.001633	-0.016015	-0.000000	-0.000000	-0.000000	0.025066	-1.998669	0.003436	-0.000000	-0.000000	0.000000	0.000000	0.000000	0.000000	0.000000	0.000000	0.000000	0.000000
1761691766.984663963	0.000000	0.000067	-0.000596	0.007920	0.000000	0.000000	-0.000000	-0.000307	0.001636	-0.016941	-0.000000	-0.000000	-0.000000	0.025035	-1.998505	0.001769	-0.000000	-0.000000	0.000000	0.000000	0.000000	0.000000	0.000000	0.000000	0.000000	0.000000
1761691767.084663153	-0.000000	0.000064	-0.000567	0.020609	0.000000	-0.000000	0.000000	-0.000287	0.001541	-0.016392	-0.000000	0.000000	-0.000000	0.025005	-1.998346	0.000097	-0.000000	-0.000000	0.000000	0.000000	0.000000	0.000000	0.000000	0.000000	0.000000	0.000000
1761691767.184692144	-0.000000	0.000053	-0.000507	0.030503	0.000000	-0.000000	0.000000	-0.000233	0.001363	-0.014543	-0.000000	0.000000	-0.000000	0.024979	-1.998202	-0.001443	-0.000000	-0.000000	0.000000	0.000000	0.000000	0.000000	0.000000	0.000000	0.000000	0.000000
1761691767.284757137	-0.000000	0.000036	-0.000423	0.037051	0.000000	-0.000000	0.000000	-0.000152	0.001124	-0.011657	0.000000	0.000000	-0.000000	0.024961	-1.998079	-0.002736	-0.000000	-0.000000	0.000000	0.000000	0.000000	0.000000	0.000000	0.000000	0.000000	0.000000
1761691767.384636164	-0.000000	0.000016	-0.000323	0.040033	0.000000	-0.000000	0.000000	-0.000055	0.000847	-0.008061	0.000000	0.000000	-0.000000	0.024952	-1.997982	-0.003696	-0.000000	-0.000000	0.000000	0.000000	0.000000	0.000000	0.000000	0.000000	0.000000	0.000000
1761691767.484970808	-0.000000	-0.000006	-0.000218	0.039530	-0.000000	-0.000000	0.000000	0.000050	0.000556	-0.004108	0.000000	0.000000	-0.000000	0.024952	-1.997915	-0.004274	-0.000000	-0.000000	0.000000	0.000000	0.000000	0.000000	0.000000	0.000000	0.000000	0.000000
1761691767.584599495	-0.000000	-0.000028	-0.000116	0.035884	-0.000000	-0.000000	0.000000	0.000153	0.000276	-0.000146	0.000000	0.000000	0.000000	0.024964	-1.997875	-0.004453	-0.000000	-0.000000	0.000000	0.000000	0.000000	0.000000	0.000000	0.000000	0.000000	0.000000
1761691767.684601545	-0.000000	-0.000048	-0.000024	0.029616	-0.000000	-0.000000	0.000000	0.000246	0.000025	0.003503	0.000000	0.000000	0.000000	0.024984	-1.997863	-0.004252	0.000000	0.000000	0.000000	0.000000	0.000000	0.000000	0.000000	0.000000	0.000000	0.000000
1761691767.784654379	-0.000000	-0.000064	0.000052	0.021385	-0.000000	-0.000000	0.000000	0.000321	-0.000178	0.006569	0.000000	0.000000	0.000000	0.025013	-1.997873	-0.003719	0.000000	0.000000	0.000000	0.000000	0.000000	0.000000	0.000000	0.000000	0.000000	0.000000
1761691767.884700775	-0.000000	-0.000076	0.000108	1.820326	-0.000000	-0.000000	0.000000	0.000375	-0.000322	0.008845	0.000000	0.000000	0.000000	0.025049	-1.997899	-0.002923	0.000000	0.000000	0.000000	0.000000	0.000000	1.951134	0.000000	0.000000	0.000000	0.000000
1761691767.984670639	-0.000000	-0.000628	0.003274	1.570966	-0.000000	-0.000000	0.000000	0.004336	-0.010194	0.160895	-0.000000	0.000000	0.000000	0.025285	-1.998426	0.005581	0.000000	0.000000	0.000000	0.000000	0.000000	1.951134	0.000000	0.000000	0.000000	0.000000
1761691768.084560394	-0.000000	-0.001057	0.008414	1.024249	-0.000000	-0.000000	0.000000	0.007825	-0.018753	0.295965	-0.000000	0.000000	0.000000	0.025845	-1.999706	0.025881	-0.000000	0.000000	0.000000	0.000000	0.000000	1.951134	0.000000	0.000000	0.000000	0.000000
1761691768.184584618	-0.000000	-0.001165	0.012547	0.398642	0.000000	-0.000000	0.000000	0.011364	-0.026894	0.433684	-0.000000	0.000000	0.000000	0.027146	-2.002433	0.070351	-0.000000	0.000000	0.000000	0.000000	0.000000	1.951134	0.000000	0.000000	0.000000	0.000000
1761691768.284653425	-0.000000	-0.001207	0.014361	-0.148539	0.000000	-0.000000	0.000000	0.012501	-0.028753	0.477331	-0.000000	0.000000	0.000000	0.028365	-2.004692	0.109021	-0.000000	0.000000	0.000000	0.000000	0.000000	1.951134	0.000000	0.000000	0.000000	0.000000
1761691768.384824514	0.000000	-0.001308	0.013707	-0.535290	0.000000	0.000000	-0.000000	0.012655	-0.027598	0.480717	-0.000000	-0.000000	0.000000	0.030004	-2.007346	0.157559	-0.000000	0.000000	0.000000	0.000000	0.000000	1.951134	0.000000	0.000000	0.000000	0.000000
1761691768.484991789	0.000000	-0.001409	0.011551	-0.708669	0.000000	0.000000	-0.000000	0.011536	-0.023161	0.433634	-0.000000	-0.000000	0.000000	0.031641	-2.009607	0.203153	-0.000000	0.000000	0.000000	0.000000	0.000000	1.951134	0.000000	0.000000	0.000000	0.000000
1761691768.584764719	0.000000	-0.001464	0.008503	-0.824433	0.000000	0.000000	-0.000000	0.009880	-0.017561	0.365656	0.000000	-0.000000	0.000000	0.033114	-2.011319	0.242671	-0.000000	0.000000	0.000000	0.000000	0.000000	1.951134	0.000000	0.000000	0.000000	0.000000
1761691768.684760332	0.000000	-0.001391	0.005411	-0.863490	0.000000	0.000000	-0.000000	0.007869	-0.011437	0.285142	0.000000	-0.000000	0.000000	0.034314	-2.012452	0.274620	-0.000000	0.000000	0.000000	0.000000	0.000000	1.951134	0.000000	0.000000	0.000000	0.000000
1761691768.784782887	0.000000	-0.001173	0.002591	-0.847721	-0.000000	0.000000	-0.000000	0.005678	-0.005284	0.199444	0.000000	-0.000000	0.000000	0.035167	-2.013018	0.298163	0.000000	0.000000	0.000000	0.000000	0.000000	1.951134	0.000000	0.000000	0.000000	0.000000
1761691768.884838104	0.000000	-0.000826	0.000217	-0.794501	-0.000000	0.000000	-0.000000	0.003461	0.000542	0.114409	0.000000	-0.000000	0.000000	0.035639	-2.013064	0.313136	0.000000	0.000000	0.000000	0.000000	0.000000	1.951134	0.000000	0.000000	0.000000	0.000000
1761691768.984632254	0.000000	-0.000387	-0.001861	-0.713616	-0.000000	0.000000	-0.000000	0.001686	0.004958	0.047314	0.000000	-0.000000	-0.000000	0.035744	-2.012746	0.319286	0.000000	0.000000	0.000000	0.000000	0.000000	1.951134	0.000000	0.000000	0.000000	0.000000
1761691769.084816694	0.000000	0.000001	-0.003451	-0.630713	-0.000000	0.000000	-0.000000	-0.000253	0.009531	-0.025396	-0.000000	-0.000000	-0.000000	0.035554	-2.012001	0.319719	0.000000	0.000000	0.000000	0.000000	0.000000	1.951134	0.000000	0.000000	0.000000	0.000000
1761691769.184598446	0.000000	0.000493	-0.005199	-0.488091	-0.000000	0.000000	-0.000000	-0.001988	0.013403	-0.089849	-0.000000	-0.000000	-0.000000	0.035064	-2.010916	0.313363	0.000000	-0.000000	0.000000	0.000000	0.000000	1.951134	0.000000	0.000000	0.000000	0.000000
1761691769.284539461	0.000000	0.000951	-0.006583	-0.308043	-0.000000	0.000000	-0.000000	-0.003148	0.015800	-0.132900	-0.000000	-0.000000	-0.000000	0.034472	-2.009800	0.303643	0.000000	-0.000000	0.000000	0.000000	0.000000	1.951134	0.000000	0.000000	0.000000	0.000000
1761691769.384771585	0.000000	0.001289	-0.007418	-0.118362	-0.000000	0.000000	-0.000000	-0.004130	0.017585	-0.169706	-0.000000	-0.000000	-0.000000	0.033616	-2.008285	0.288006	0.000000	-0.000000	0.000000	0.000000	0.000000	1.951134	0.000000	0.000000	0.000000	0.000000
1761691769.484890223	-0.000000	0.001414	-0.007527	0.047820	-0.000000	0.000000	-0.000000	-0.004501	0.017839	-0.184703	-0.000000	-0.000000	-0.000000	0.032704	-2.006692	0.270029	0.000000	-0.000000	0.000000	0.000000	0.000000	1.951134	0.000000	0.000000	0.000000	0.000000
1761691769.584662437	-0.000000	0.001367	-0.007097	0.161608	0.000000	0.000000	0.000000	-0.004401	0.016965	-0.182691	-0.000000	0.000000	-0.000000	0.031824	-2.005126	0.251561	0.000000	-0.000000	0.000000	0.000000	0.000000	1.951134	0.000000	0.000000	0.000000	0.000000
1761691769.684653759	-0.000000	0.001204	-0.006322	0.270382	0.000000	-0.000000	0.000000	-0.003966	0.015330	-0.168427	-0.000000	0.000000	-0.000000	0.031034	-2.003667	0.234045	0.000000	-0.000000	0.000000	0.000000	0.000000	1.951134	0.000000	0.000000	0.000000	0.000000
1761691769.784612656	-0.000000	0.000987	-0.005460	0.344007	0.000000	-0.000000	0.000000	-0.003241	0.013054	-0.143201	-0.000000	0.000000	-0.000000	0.030372	-2.002378	0.218598	0.000000	-0.000000	0.000000	0.000000	0.000000	1.951134	0.000000	0.000000	0.000000	0.000000
1761691769.884694099	-0.000000	0.000691	-0.004291	0.382341	0.000000	-0.000000	0.000000	-0.002311	0.010345	-0.110028	-0.000000	0.000000	-0.000000	0.029865	-2.001311	0.206162	-0.000000	-0.000000	0.000000	0.000000	0.000000	1.951134	0.000000	0.000000	0.000000	0.000000
1761691769.984640360	-0.000000	0.000389	-0.003077	0.389361	0.000000	-0.000000	0.000000	-0.001455	0.007944	-0.078805	-0.000000	0.000000	-0.000000	0.029568	-2.000613	0.198533	-0.000000	-0.000000	0.000000	0.000000	0.000000	1.951134	0.000000	0.000000	0.000000	0.000000
1761691770.084598064	-0.000000	0.000112	-0.001920	0.369741	0.000000	-0.000000	0.000000	-0.000409	0.005085	-0.040103	-0.000000	0.000000	-0.000000	0.029364	-2.000015	0.192902	-0.000000	-0.000000	0.000000	0.000000	0.000000	1.951134	0.000000	0.000000	0.000000	0.000000
1761691770.184865475	-0.000000	-0.000083	-0.001066	0.337080	0.000000	-0.000000	0.000000	0.000576	0.002451	-0.002802	-0.000000	0.000000	-0.000000	0.029313	-1.999665	0.191081	-0.000000	-0.000000	0.000000	0.000000	0.000000	1.951134	0.000000	0.000000	0.000000	0.000000
1761691770.284636497	-0.000000	-0.000280	-0.000170	0.278283	0.000000	-0.000000	0.000000	0.001468	0.000103	0.031451	0.000000	0.000000	0.000000	0.029401	-1.999540	0.192822	-0.000000	0.000000	0.000000	0.000000	0.000000	1.951134	0.000000	0.000000	0.000000	0.000000
1761691770.384613752	-0.000000	-0.000433	0.000561	0.198536	0.000000	-0.000000	0.000000	0.002205	-0.001804	0.060259	0.000000	0.000000	0.000000	0.029609	-1.999605	0.197688	-0.000000	0.000000	0.000000	0.000000	0.000000	1.951134	0.000000	0.000000	0.000000	0.000000
1761691770.484920740	-0.000000	-0.000538	0.001113	0.108073	0.000000	-0.000000	0.000000	0.002732	-0.003141	0.081442	0.000000	0.000000	0.000000	0.029909	-1.999812	0.205005	-0.000000	0.000000	0.000000	0.000000	0.000000	1.951134	0.000000	0.000000	0.000000	0.000000
1761691770.584739208	-0.000000	-0.000596	0.001433	0.017638	0.000000	-0.000000	0.000000	0.003022	-0.003844	0.093757	0.000000	0.000000	0.000000	0.030269	-2.000103	0.213931	-0.000000	0.000000	0.000000	0.000000	0.000000	1.951134	0.000000	0.000000	0.000000	0.000000
1761691770.684835911	0.000000	-0.000611	0.001507	-0.063790	0.000000	-0.000000	-0.000000	0.003071	-0.003924	0.097028	0.000000	0.000000	0.000000	0.030653	-2.000420	0.223560	-0.000000	0.000000	0.000000	0.000000	0.000000	1.951134	0.000000	0.000000	0.000000	0.000000
1761691770.784749269	0.000000	-0.000588	0.001356	-0.130028	-0.000000	0.000000	-0.000000	0.002904	-0.003452	0.092006	0.000000	-0.000000	0.000000	0.031028	-2.000711	0.233026	-0.000000	0.000000	0.000000	0.000000	0.000000	1.951134	0.000000	0.000000	0.000000	0.000000
1761691770.884793520	0.000000	-0.000532	0.001028	-0.177797	-0.000000	0.000000	-0.000000	0.002557	-0.002545	0.080107	0.000000	-0.000000	0.000000	0.031361	-2.000935	0.241579	-0.000000	0.000000	0.000000	0.000000	0.000000	1.951134	0.000000	0.000000	0.000000	0.000000
1761691770.984751463	0.000000	-0.000447	0.000582	-0.206227	-0.000000	0.000000	-0.000000	0.002080	-0.001336	0.063123	0.000000	-0.000000	0.000000	0.031627	-2.001059	0.248632	-0.000000	0.000000	0.000000	0.000000	0.000000	1.951134	0.000000	0.000000	0.000000	0.000000
1761691771.084803581	0.000000	-0.000341	0.000080	-0.216133	-0.000000	0.000000	-0.000000	0.001523	0.000037	0.042974	0.000000	-0.000000	0.000000	0.031811	-2.001068	0.253789	0.000000	0.000000	0.000000	0.000000	0.000000	1.951134	0.000000	0.000000	0.000000	0.000000
1761691771.184956551	0.000000	-0.000221	-0.000436	-0.209363	-0.000000	0.000000	-0.000000	0.000936	0.001446	0.021526	0.000000	-0.000000	-0.000000	0.031904	-2.000956	0.256842	0.000000	0.000000	0.000000	0.000000	0.000000	1.951134	0.000000	0.000000	0.000000	0.000000
1761691771.284681320	0.000000	-0.000097	-0.000942	-0.188346	-0.000000	0.000000	-0.000000	0.000366	0.002779	0.003967	0.000000	-0.000000	-0.000000	0.031911	-2.000771	0.257754	0.000000	0.000000	0.000000	0.000000	0.000000	1.951134	0.000000	0.000000	0.000000	0.000000
1761691771.384632826	0.000000	0.000021	-0.001399	-0.154898	-0.000000	0.000000	-0.000000	-0.000065	0.003752	-0.015569	0.000000	-0.000000	-0.000000	0.031842	-2.000450	0.256988	0.000000	0.000000	0.000000	0.000000	0.000000	1.951134	0.000000	0.000000	0.000000	0.000000
1761691771.484553099	0.000000	0.000125	-0.001770	-0.110906	-0.000000	0.000000	-0.000000	-0.000507	0.004707	-0.032173	-0.000000	-0.000000	-0.000000	0.031700	-2.000039	0.254425	0.000000	-0.000000	0.000000	0.000000	0.000000	1.951134	0.000000	0.000000	0.000000	0.000000
1761691771.584593534	0.000000	0.000201	-0.002006	-0.062934	-0.000000	0.000000	-0.000000	-0.000814	0.005306	-0.043997	-0.000000	-0.000000	-0.000000	0.031506	-1.999565	0.250487	0.000000	-0.000000	0.000000	0.000000	0.000000	1.951134	0.000000	0.000000	0.000000	0.000000
1761691771.684543371	0.000000	0.000245	-0.002110	-0.015062	-0.000000	0.000000	-0.000000	-0.000991	0.005572	-0.051090	-0.000000	-0.000000	-0.000000	0.031282	-1.999056	0.245641	0.000000	-0.000000	0.000000	0.000000	0.000000	1.951134	0.000000	0.000000	0.000000	0.000000
1761691771.784512997	-0.000000	0.000256	-0.002086	0.028615	-0.000000	0.000000	0.000000	-0.001038	0.005514	-0.053394	-0.000000	-0.000000	-0.000000	0.031048	-1.998541	0.240364	0.000000	-0.000000	0.000000	0.000000	0.000000	1.951134	0.000000	0.000000	0.000000	0.000000
1761691771.884601593	-0.000000	0.000237	-0.001949	0.065032	0.000000	-0.000000	0.000000	-0.000966	0.005168	-0.051260	-0.000000	0.000000	-0.000000	0.030825	-1.998046	0.235119	0.000000	-0.000000	0.000000	0.000000	0.000000	1.951134	0.000000	0.000000	0.000000	0.000000
1761691771.984517813	-0.000000	0.000194	-0.001721	0.092264	0.000000	-0.000000	0.000000	-0.000796	0.004590	-0.045364	-0.000000	0.000000	-0.000000	0.030628	-1.997595	0.230311	0.000000	-0.000000	0.000000	0.000000	0.000000	1.951134	0.000000	0.000000	0.000000	0.000000
1761691772.084520340	-0.000000	0.000134	-0.001432	0.109434	0.000000	-0.000000	0.000000	-0.000553	0.003846	-0.036592	-0.000000	0.000000	-0.000000	0.030470	-1.997204	0.226268	0.000000	-0.000000	0.000000	0.000000	0.000000	1.951134	0.000000	0.000000	0.000000	0.000000
1761691772.184520960	-0.000000	0.000065	-0.001111	0.116541	0.000000	-0.000000	0.000000	-0.000265	0.003006	-0.025934	-0.000000	0.000000	-0.000000	0.030357	-1.996885	0.223218	-0.000000	-0.000000	0.000000	0.000000	0.000000	1.951134	0.000000	0.000000	0.000000	0.000000
1761691772.284554720	-0.000000	-0.000005	-0.000785	0.114269	0.000000	-0.000000	0.000000	0.000042	0.002141	-0.014399	-0.000000	0.000000	-0.000000	0.030294	-1.996643	0.221293	-0.000000	-0.000000	0.000000	0.000000	0.000000	1.951134	0.000000	0.000000	0.000000	0.000000
1761691772.384538174	-0.000000	-0.000070	-0.000477	0.103808	0.000000	-0.000000	0.000000	0.000341	0.001313	-0.002934	-0.000000	0.000000	-0.000000	0.030279	-1.996476	0.220523	-0.000000	-0.000000	0.000000	0.000000	0.000000	1.951134	0.000000	0.000000	0.000000	0.000000
1761691772.484540701	-0.000000	-0.000128	-0.000206	0.086493	0.000000	-0.000000	0.000000	0.000610	0.000574	0.007621	-0.000000	0.000000	-0.000000	0.030308	-1.996380	0.220853	-0.000000	-0.000000	0.000000	0.000000	0.000000	1.951134	0.000000	0.000000	0.000000	0.000000
1761691772.585115433	-0.000000	-0.000174	0.000013	0.067971	0.000000	-0.000000	0.000000	0.000833	-0.000033	0.016559	0.000000	0.000000	-0.000000	0.030376	-1.996343	0.222148	-0.000000	0.000000	0.000000	0.000000	0.000000	1.951134	0.000000	0.000000	0.000000	0.000000
1761691772.684806824	-0.000000	-0.000204	0.000156	0.042153	0.000000	-0.000000	0.000000	0.001004	-0.000498	0.023665	0.000000	0.000000	0.000000	0.030474	-1.996353	0.224232	-0.000000	0.000000	0.000000	0.000000	0.000000	1.951134	0.000000	0.000000	0.000000	0.000000
1761691772.784855127	-0.000000	-0.000227	0.000273	0.014973	0.000000	-0.000000	0.000000	0.001108	-0.000787	0.028310	0.000000	0.000000	0.000000	0.030594	-1.996395	0.226887	-0.000000	0.000000	0.000000	0.000000	0.000000	1.951134	0.000000	0.000000	0.000000	0.000000
1761691772.884745598	-0.000000	-0.000236	0.000322	-0.010941	0.000000	-0.000000	-0.000000	0.001140	-0.000890	0.030261	0.000000	0.000000	0.000000	0.030723	-1.996454	0.229851	-0.000000	0.000000	0.000000	0.000000	0.000000	1.951134	0.000000	0.000000	0.000000	0.000000
1761691772.984820604	0.000000	-0.000230	0.000306	-0.033530	0.000000	0.000000	-0.000000	0.001102	-0.000816	0.029599	0.000000	-0.000000	0.000000	0.030852	-1.996511	0.232856	-0.000000	0.000000	0.000000	0.000000	0.000000	1.951134	0.000000	0.000000	0.000000	0.000000
1761691773.084900618	0.000000	-0.000213	0.000232	-0.051295	-0.000000	0.000000	-0.000000	0.001005	-0.000593	0.026622	0.000000	-0.000000	0.000000	0.030971	-1.996555	0.235658	-0.000000	0.000000	0.000000	0.000000	0.000000	1.951134	0.000000	0.000000	0.000000	0.000000
1761691773.184748411	0.000000	-0.000185	0.000116	-0.063327	-0.000000	0.000000	-0.000000	0.000860	-0.000255	0.021789	0.000000	-0.000000	-0.000000	0.031070	-1.996572	0.238051	-0.000000	0.000000	0.000000	0.000000	0.000000	1.951134	0.000000	0.000000	0.000000	0.000000
1761691773.284788132	0.000000	-0.000149	-0.000029	-0.069288	-0.000000	0.000000	-0.000000	0.000683	0.000156	0.015656	0.000000	-0.000000	-0.000000	0.031144	-1.996556	0.239880	0.000000	0.000000	0.000000	0.000000	0.000000	1.951134	0.000000	0.000000	0.000000	0.000000
1761691773.384812593	0.000000	-0.000110	-0.000188	-0.069332	-0.000000	0.000000	-0.000000	0.000491	0.000599	0.008827	0.000000	-0.000000	-0.000000	0.031190	-1.996503	0.241052	0.000000	0.000000	0.000000	0.000000	0.000000	1.951134	0.000000	0.000000	0.000000	0.000000
1761691773.484875202	0.000000	-0.000069	-0.000348	-0.064025	-0.000000	0.000000	-0.000000	0.000299	0.001034	0.001894	0.000000	-0.000000	-0.000000	0.031206	-1.996411	0.241530	0.000000	0.000000	0.000000	0.000000	0.000000	1.951134	0.000000	0.000000	0.000000	0.000000
1761691773.584703922	0.000000	-0.000031	-0.000494	-0.054193	-0.000000	0.000000	-0.000000	0.000122	0.001423	-0.004596	0.000000	-0.000000	-0.000000	0.031195	-1.996283	0.241337	0.000000	-0.000000	0.000000	0.000000	0.000000	1.951134	0.000000	0.000000	0.000000	0.000000
1761691773.684734583	0.000000	0.000003	-0.000616	-0.040758	-0.000000	0.000000	-0.000000	-0.000028	0.001739	-0.010180	-0.000000	-0.000000	-0.000000	0.031159	-1.996126	0.240545	0.000000	-0.000000	0.000000	0.000000	0.000000	1.951134	0.000000	0.000000	0.000000	0.000000
1761691773.784784555	0.000000	0.000029	-0.000704	-0.025113	-0.000000	0.000000	-0.000000	-0.000142	0.001960	-0.014479	-0.000000	-0.000000	-0.000000	0.031105	-1.995946	0.239267	0.000000	-0.000000	0.000000	0.000000	0.000000	1.951134	0.000000	0.000000	0.000000	0.000000
1761691773.884840488	0.000000	0.000047	-0.000752	-0.008768	-0.000000	0.000000	-0.000000	-0.000213	0.002071	-0.017251	-0.000000	-0.000000	-0.000000	0.031039	-1.995753	0.237646	0.000000	-0.000000	0.000000	0.000000	0.000000	1.951134	0.000000	0.000000	0.000000	0.000000
1761691773.984942198	0.000000	0.000054	-0.000759	0.006854	-0.000000	0.000000	0.000000	-0.000241	0.002072	-0.018401	-0.000000	-0.000000	-0.000000	0.030968	-1.995556	0.235843	0.000000	-0.000000	0.000000	0.000000	0.000000	1.951134	0.000000	0.000000	0.000000	0.000000
1761691774.084718943	-0.000000	0.000052	-0.000727	0.020538	-0.000000	-0.000000	0.000000	-0.000226	0.001969	-0.017976	-0.000000	0.000000	-0.000000	0.030898	-1.995365	0.234017	0.000000	-0.000000	0.000000	0.000000	0.000000	1.951134	0.000000	0.000000	0.000000	0.000000
1761691774.184696913	-0.000000	0.000042	-0.000661	0.031363	0.000000	-0.000000	0.000000	-0.000174	0.001777	-0.016150	-0.000000	0.000000	-0.000000	0.030836	-1.995189	0.232316	0.000000	-0.000000	0.000000	0.000000	0.000000	1.951134	0.000000	0.000000	0.000000	0.000000
1761691774.284634113	-0.000000	0.000025	-0.000569	0.038740	0.000000	-0.000000	0.000000	-0.000093	0.001518	-0.013194	-0.000000	0.000000	-0.000000	0.030786	-1.995033	0.230866	0.000000	-0.000000	0.000000	0.000000	0.000000	1.951134	0.000000	0.000000	0.000000	0.000000
1761691774.384665966	-0.000000	0.000004	-0.000460	-1.765868	0.000000	-0.000000	0.000000	0.000007	0.001217	-0.009443	-0.000000	0.000000	-0.000000	0.030752	-1.994903	0.229760	-0.000000	-0.000000	0.000000	0.000000	0.000000	0.000000	0.000000	0.000000	0.000000	0.000000
1761691774.484726191	0.000000	0.000801	-0.003397	-1.528935	-0.000000	0.000000	-0.000000	-0.003819	0.010691	-0.155953	-0.000000	-0.000000	-0.000000	0.030434	-1.994367	0.221523	0.000000	-0.000000	0.000000	0.000000	0.000000	0.000000	0.000000	0.000000	0.000000	0.000000
1761691774.584729910	0.000000	0.002336	-0.007942	-1.005674	-0.000000	0.000000	-0.000000	-0.007850	0.020600	-0.312796	-0.000000	-0.000000	-0.000000	0.029481	-1.992873	0.196614	0.000000	-0.000000	0.000000	0.000000	0.000000	0.000000	0.000000	0.000000	0.000000	0.000000
1761691774.684642076	0.000000	0.003725	-0.011438	-0.404560	-0.000000	0.000000	-0.000000	-0.010474	0.027004	-0.422084	-0.000000	-0.000000	-0.000000	0.028112	-1.990619	0.158596	0.000000	-0.000000	0.000000	0.000000	0.000000	0.000000	0.000000	0.000000	0.000000	0.000000
1761691774.784588814	0.000000	0.004421	-0.012971	0.127877	-0.000000	0.000000	-0.000000	-0.011369	0.029242	-0.472559	-0.000000	-0.000000	-0.000000	0.026623	-1.987937	0.113026	0.000000	-0.000000	0.000000	0.000000	0.000000	0.000000	0.000000	0.000000	0.000000	0.000000
1761691774.884602308	-0.000000	0.004277	-0.012491	0.512751	0.000000	-0.000000	0.000000	-0.010858	0.028128	-0.470776	-0.000000	0.000000	-0.000000	0.025472	-1.985633	0.073440	0.000000	-0.000000	0.000000	0.000000	0.000000	0.000000	0.000000	0.000000	0.000000	0.000000
1761691774.984580517	-0.000000	0.003513	-0.010568	0.744769	0.000000	-0.000000	0.000000	-0.009246	0.024457	-0.432330	-0.000000	0.000000	-0.000000	0.024335	-1.983063	0.028177	0.000000	-0.000000	0.000000	0.000000	0.000000	0.000000	0.000000	0.000000	0.000000	0.000000
1761691775.084618092	-0.000000	0.002469	-0.007931	0.857580	0.000000	-0.000000	0.000000	-0.006931	0.019103	-0.365587	-0.000000	0.000000	-0.000000	0.023520	-1.980923	-0.011420	0.000000	-0.000000	0.000000	0.000000	0.000000	0.000000	0.000000	0.000000	0.000000	0.000000
1761691775.184717417	-0.000000	0.001425	-0.005149	0.889045	0.000000	-0.000000	0.000000	-0.004328	0.012991	-0.283590	-0.000000	0.000000	-0.000000	0.023018	-1.979351	-0.043321	-0.000000	-0.000000	0.000000	0.000000	0.000000	0.000000	0.000000	0.000000	0.000000	0.000000
1761691775.284618378	-0.000000	0.000535	-0.002552	0.866416	0.000000	-0.000000	0.000000	-0.001714	0.006754	-0.195734	-0.000000	0.000000	-0.000000	0.022789	-1.978403	-0.066590	-0.000000	-0.000000	0.000000	0.000000	0.000000	0.000000	0.000000	0.000000	0.000000	0.000000
1761691775.384872913	-0.000000	-0.000144	-0.000294	0.805758	0.000000	-0.000000	0.000000	0.000743	0.000784	-0.108338	-0.000000	0.000000	-0.000000	0.022786	-1.978080	-0.081040	-0.000000	-0.000000	0.000000	0.000000	0.000000	0.000000	0.000000	0.000000	0.000000	0.000000
1761691775.484772205	-0.000000	-0.000648	0.001746	0.715679	0.000000	-0.000000	0.000000	0.002944	-0.004666	-0.025740	-0.000000	0.000000	-0.000000	0.022969	-1.978343	-0.086988	-0.000000	-0.000000	0.000000	0.000000	0.000000	0.000000	0.000000	0.000000	0.000000	0.000000
1761691775.584800482	-0.000000	-0.001001	0.003751	0.591489	0.000000	-0.000000	0.000000	0.004829	-0.009412	0.048830	-0.000000	0.000000	0.000000	0.023311	-1.979127	-0.085112	0.000000	0.000000	0.000000	0.000000	0.000000	0.000000	0.000000	0.000000	0.000000	0.000000
1761691775.684818983	-0.000000	-0.001224	0.005530	0.415856	-0.000000	-0.000000	0.000000	0.006340	-0.013246	0.112119	-0.000000	0.000000	0.000000	0.023789	-1.980345	-0.076399	0.000000	0.000000	0.000000	0.000000	0.000000	0.000000	0.000000	0.000000	0.000000	0.000000
1761691775.784572124	-0.000000	-0.001341	0.006840	0.214380	-0.000000	-0.000000	0.000000	0.007385	-0.015882	0.159559	-0.000000	0.000000	0.000000	0.024385	-1.981883	-0.062225	0.000000	0.000000	0.000000	0.000000	0.000000	0.000000	0.000000	0.000000	0.000000	0.000000
1761691775.884787083	-0.000000	-0.001377	0.007420	0.049172	-0.000000	-0.000000	0.000000	0.007903	-0.017125	0.187713	-0.000000	0.000000	0.000000	0.025070	-1.983598	-0.044403	0.000000	0.000000	0.000000	0.000000	0.000000	0.000000	0.000000	0.000000	0.000000	0.000000
1761691775.984754562	-0.000000	-0.001367	0.007437	-0.122906	0.000000	-0.000000	0.000000	0.007886	-0.016945	0.195384	-0.000000	0.000000	0.000000	0.025803	-1.985334	-0.025070	0.000000	0.000000	0.000000	0.000000	0.000000	0.000000	0.000000	0.000000	0.000000	0.000000
1761691776.084684610	0.000000	-0.001316	0.006875	-0.259367	0.000000	0.000000	-0.000000	0.007438	-0.015639	0.185961	-0.000000	-0.000000	0.000000	0.026543	-1.986972	-0.005961	0.000000	0.000000	0.000000	0.000000	0.000000	0.000000	0.000000	0.000000	0.000000	0.000000
1761691776.184886217	0.000000	-0.001224	0.005861	-0.353167	0.000000	0.000000	-0.000000	0.006641	-0.013447	0.162299	-0.000000	-0.000000	0.000000	0.027247	-1.988411	0.011349	-0.000000	0.000000	0.000000	0.000000	0.000000	0.000000	0.000000	0.000000	0.000000	0.000000
1761691776.284788847	0.000000	-0.001090	0.004591	-0.405840	0.000000	0.000000	-0.000000	0.005605	-0.010682	0.128545	-0.000000	-0.000000	0.000000	0.027874	-1.989586	0.025675	-0.000000	0.000000	0.000000	0.000000	0.000000	0.000000	0.000000	0.000000	0.000000	0.000000
1761691776.384770870	0.000000	-0.000915	0.003243	-0.422214	0.000000	0.000000	-0.000000	0.004440	-0.007644	0.088839	-0.000000	-0.000000	0.000000	0.028395	-1.990463	0.036250	-0.000000	0.000000	0.000000	0.000000	0.000000	0.000000	0.000000	0.000000	0.000000	0.000000
1761691776.484812498	0.000000	-0.000708	0.001951	-0.407940	0.000000	0.000000	-0.000000	0.003242	-0.004584	0.046891	-0.000000	-0.000000	0.000000	0.028793	-1.991034	0.042698	-0.000000	0.000000	0.000000	0.000000	0.000000	0.000000	0.000000	0.000000	0.000000	0.000000
1761691776.584717512	0.000000	-0.000483	0.000803	-0.368395	0.000000	0.000000	-0.000000	0.002095	-0.001706	0.005859	-0.000000	-0.000000	0.000000	0.029062	-1.991311	0.044984	0.000000	0.000000	0.000000	0.000000	0.000000	0.000000	0.000000	0.000000	0.000000	0.000000
1761691776.684765816	0.000000	-0.000259	-0.000155	-0.305938	-0.000000	0.000000	-0.000000	0.001067	0.000834	-0.031640	-0.000000	-0.000000	-0.000000	0.029211	-1.991324	0.043355	0.000000	-0.000000	0.000000	0.000000	0.000000	0.000000	0.000000	0.000000	0.000000	0.000000
1761691776.784885883	0.000000	-0.000054	-0.000948	-0.219874	-0.000000	0.000000	-0.000000	0.000218	0.002899	-0.063275	-0.000000	-0.000000	-0.000000	0.029259	-1.991115	0.038302	0.000000	-0.000000	0.000000	0.000000	0.000000	0.000000	0.000000	0.000000	0.000000	0.000000
1761691776.884789944	0.000000	0.000106	-0.001542	-0.121012	-0.000000	0.000000	-0.000000	-0.000392	0.004354	-0.086696	-0.000000	-0.000000	-0.000000	0.029230	-1.990736	0.030549	0.000000	-0.000000	0.000000	0.000000	0.000000	0.000000	0.000000	0.000000	0.000000	0.000000
1761691776.984593630	0.000000	0.000206	-0.001885	-0.021468	0.000000	0.000000	-0.000000	-0.000729	0.005121	-0.098428	-0.000000	-0.000000	-0.000000	0.029171	-1.990338	0.022683	0.000000	-0.000000	0.000000	0.000000	0.000000	0.000000	0.000000	0.000000	0.000000	0.000000
1761691777.084650040	0.000000	0.000236	-0.001961	0.068504	0.000000	0.000000	-0.000000	-0.000789	0.005210	-0.103893	-0.000000	-0.000000	-0.000000	0.029084	-1.989820	0.012410	0.000000	-0.000000	0.000000	0.000000	0.000000	0.000000	0.000000	0.000000	0.000000	0.000000
1761691777.184604645	-0.000000	0.000198	-0.001795	0.141795	0.000000	-0.000000	0.000000	-0.000648	0.004787	-0.100042	-0.000000	0.000000	-0.000000	0.029007	-1.989318	0.002146	0.000000	-0.000000	0.000000	0.000000	0.000000	0.000000	0.000000	0.000000	0.000000	0.000000
1761691777.284538507	-0.000000	0.000107	-0.001436	0.194607	0.000000	-0.000000	0.000000	-0.000303	0.003858	-0.088306	-0.000000	0.000000	-0.000000	0.028961	-1.988888	-0.007255	-0.000000	-0.000000	0.000000	0.000000	0.000000	0.000000	0.000000	0.000000	0.000000	0.000000
1761691777.384533882	-0.000000	-0.000021	-0.000928	0.223853	0.000000	-0.000000	0.000000	0.000210	0.002516	-0.069725	-0.000000	0.000000	-0.000000	0.028963	-1.988578	-0.015039	-0.000000	-0.000000	0.000000	0.000000	0.000000	0.000000	0.000000	0.000000	0.000000	0.000000
1761691777.484742403	-0.000000	-0.000160	-0.000369	0.233037	0.000000	-0.000000	0.000000	0.000793	0.001004	-0.047827	-0.000000	0.000000	-0.000000	0.029021	-1.988415	-0.020754	-0.000000	-0.000000	0.000000	0.000000	0.000000	0.000000	0.000000	0.000000	0.000000	0.000000
1761691777.584807873	-0.000000	-0.000295	0.000190	0.224439	0.000000	-0.000000	0.000000	0.001391	-0.000540	-0.024677	-0.000000	0.000000	-0.000000	0.029135	-1.988407	-0.024193	-0.000000	-0.000000	0.000000	0.000000	0.000000	0.000000	0.000000	0.000000	0.000000	0.000000
1761691777.684524298	-0.000000	-0.000416	0.000730	0.200797	-0.000000	-0.000000	0.000000	0.001955	-0.001996	-0.002089	0.000000	0.000000	-0.000000	0.029304	-1.988551	-0.025337	-0.000000	-0.000000	0.000000	0.000000	0.000000	0.000000	0.000000	0.000000	0.000000	0.000000
1761691777.784547329	-0.000000	-0.000515	0.001217	0.163847	-0.000000	-0.000000	0.000000	0.002448	-0.003264	0.018384	0.000000	0.000000	-0.000000	0.029521	-1.988832	-0.024335	0.000000	0.000000	0.000000	0.000000	0.000000	0.000000	0.000000	0.000000	0.000000	0.000000
1761691777.884534359	-0.000000	-0.000589	0.001611	0.116134	-0.000000	-0.000000	0.000000	0.002836	-0.004261	0.035385	-0.000000	0.000000	0.000000	0.029781	-1.989224	-0.021479	0.000000	0.000000	0.000000	0.000000	0.000000	0.000000	0.000000	0.000000	0.000000	0.000000
1761691777.984529972	-0.000000	-0.000636	0.001877	0.063331	-0.000000	-0.000000	0.000000	0.003094	-0.004920	0.047794	-0.000000	0.000000	0.000000	0.030071	-1.989697	-0.017184	0.000000	0.000000	0.000000	0.000000	0.000000	0.000000	0.000000	0.000000	0.000000	0.000000
1761691778.084699392	-0.000000	-0.000652	0.001982	0.019812	-0.000000	-0.000000	0.000000	0.003211	-0.005215	0.055007	-0.000000	0.000000	0.000000	0.030381	-1.990213	-0.011947	0.000000	0.000000	0.000000	0.000000	0.000000	0.000000	0.000000	0.000000	0.000000	0.000000
1761691778.184682608	-0.000000	-0.000654	0.001999	-0.029782	-0.000000	-0.000000	0.000000	0.003209	-0.005204	0.057713	-0.000000	0.000000	0.000000	0.030698	-1.990739	-0.006258	0.000000	0.000000	0.000000	0.000000	0.000000	0.000000	0.000000	0.000000	0.000000	0.000000
1761691778.284935951	0.000000	-0.000633	0.001888	-0.072296	0.000000	0.000000	-0.000000	0.003080	-0.004874	0.055561	-0.000000	-0.000000	0.000000	0.031011	-1.991243	-0.000578	0.000000	0.000000	0.000000	0.000000	0.000000	0.000000	0.000000	0.000000	0.000000	0.000000
1761691778.384957790	0.000000	-0.000591	0.001662	-0.104520	0.000000	0.000000	-0.000000	0.002841	-0.004268	0.049040	-0.000000	-0.000000	0.000000	0.031306	-1.991697	0.004627	0.000000	0.000000	0.000000	0.000000	0.000000	0.000000	0.000000	0.000000	0.000000	0.000000
1761691778.484786034	0.000000	-0.000532	0.001354	-0.125073	0.000000	0.000000	-0.000000	0.002519	-0.003460	0.039125	-0.000000	-0.000000	0.000000	0.031575	-1.992076	0.008975	0.000000	0.000000	0.000000	0.000000	0.000000	0.000000	0.000000	0.000000	0.000000	0.000000
1761691778.584684372	0.000000	-0.000460	0.001001	-0.133742	0.000000	0.000000	-0.000000	0.002145	-0.002534	0.026961	-0.000000	-0.000000	0.000000	0.031808	-1.992366	0.012193	0.000000	0.000000	0.000000	0.000000	0.000000	0.000000	0.000000	0.000000	0.000000	0.000000
1761691778.684673786	0.000000	-0.000382	0.000636	-0.131204	0.000000	0.000000	-0.000000	0.001751	-0.001571	0.013731	-0.000000	-0.000000	-0.000000	0.032003	-1.992561	0.014123	0.000000	0.000000	0.000000	0.000000	0.000000	0.000000	0.000000	0.000000	0.000000	0.000000
1761691778.784679174	0.000000	-0.000302	0.000289	-0.118793	0.000000	0.000000	-0.000000	0.001368	-0.000646	0.000568	-0.000000	-0.000000	-0.000000	0.032157	-1.992661	0.014726	0.000000	0.000000	0.000000	0.000000	0.000000	0.000000	0.000000	0.000000	0.000000	0.000000
1761691778.884638071	0.000000	-0.000227	-0.000016	-0.097956	0.000000	0.000000	-0.000000	0.001022	0.000175	-0.011518	-0.000000	-0.000000	-0.000000	0.032273	-1.992676	0.014070	0.000000	-0.000000	0.000000	0.000000	0.000000	0.000000	0.000000	0.000000	0.000000	0.000000
1761691778.984862566	0.000000	-0.000162	-0.000267	-0.070359	0.000000	0.000000	-0.000000	0.000734	0.000840	-0.021661	-0.000000	-0.000000	-0.000000	0.032358	-1.992617	0.012312	0.000000	-0.000000	0.000000	0.000000	0.000000	0.000000	0.000000	0.000000	0.000000	0.000000
1761691779.084750175	0.000000	-0.000112	-0.000450	-0.039049	0.000000	0.000000	-0.000000	0.000523	0.001307	-0.029157	-0.000000	-0.000000	-0.000000	0.032417	-1.992504	0.009689	0.000000	-0.000000	0.000000	0.000000	0.000000	0.000000	0.000000	0.000000	0.000000	0.000000
1761691779.184741020	0.000000	-0.000080	-0.000556	-0.007199	0.000000	0.000000	-0.000000	0.000398	0.001557	-0.033583	-0.000000	-0.000000	-0.000000	0.032460	-1.992357	0.006494	-0.000000	-0.000000	0.000000	0.000000	0.000000	0.000000	0.000000	0.000000	0.000000	0.000000
1761691779.284894228	0.000000	-0.000068	-0.000581	0.022323	0.000000	0.000000	-0.000000	0.000359	0.001589	-0.034834	-0.000000	-0.000000	-0.000000	0.032496	-1.992197	0.003040	-0.000000	-0.000000	0.000000	0.000000	0.000000	0.000000	0.000000	0.000000	0.000000	0.000000
1761691779.384719133	-0.000000	-0.000075	-0.000531	0.047225	0.000000	-0.000000	0.000000	0.000400	0.001423	-0.033094	-0.000000	0.000000	-0.000000	0.032534	-1.992047	-0.000362	-0.000000	-0.000000	0.000000	0.000000	0.000000	0.000000	0.000000	0.000000	0.000000	0.000000
1761691779.484776735	-0.000000	-0.000097	-0.000420	0.065919	0.000000	-0.000000	0.000000	0.000507	0.001093	-0.028786	-0.000000	0.000000	-0.000000	0.032580	-1.991923	-0.003438	-0.000000	-0.000000	0.000000	0.000000	0.000000	0.000000	0.000000	0.000000	0.000000	0.000000
1761691779.584658146	-0.000000	-0.000131	-0.000262	0.077546	0.000000	-0.000000	0.000000	0.000664	0.000644	-0.022506	0.000000	0.000000	-0.000000	0.032640	-1.991839	-0.005963	-0.000000	-0.000000	0.000000	0.000000	0.000000	0.000000	0.000000	0.000000	0.000000	0.000000
1761691779.684672832	-0.000000	-0.000171	-0.000079	0.081914	0.000000	-0.000000	0.000000	0.000850	0.000126	-0.014945	0.000000	0.000000	-0.000000	0.032717	-1.991805	-0.007781	-0.000000	-0.000000	0.000000	0.000000	0.000000	0.000000	0.000000	0.000000	0.000000	0.000000
1761691779.784892321	-0.000000	-0.000213	0.000114	0.079402	-0.000000	-0.000000	0.000000	0.001046	-0.000411	-0.006827	0.000000	0.000000	-0.000000	0.032813	-1.991825	-0.008805	-0.000000	-0.000000	0.000000	0.000000	0.000000	0.000000	0.000000	0.000000	0.000000	0.000000
1761691779.884861231	-0.000000	-0.000253	0.000303	0.070837	-0.000000	-0.000000	0.000000	0.001234	-0.000922	0.001155	0.000000	0.000000	-0.000000	0.032928	-1.991897	-0.009020	0.000000	-0.000000	0.000000	0.000000	0.000000	0.000000	0.000000	0.000000	0.000000	0.000000
1761691779.984685183	-0.000000	-0.000288	0.000471	0.057191	-0.000000	-0.000000	0.000000	0.001397	-0.001365	0.008382	0.000000	0.000000	-0.000000	0.033060	-1.992017	-0.008477	0.000000	0.000000	0.000000	0.000000	0.000000	0.000000	0.000000	0.000000	0.000000	0.000000
1761691780.084672451	-0.000000	-0.000315	0.000606	0.039805	-0.000000	-0.000000	0.000000	0.001523	-0.001708	0.014328	0.000000	0.000000	-0.000000	0.033206	-1.992175	-0.007282	0.000000	0.000000	0.000000	0.000000	0.000000	0.000000	0.000000	0.000000	0.000000	0.000000
1761691780.184664488	-0.000000	-0.000332	0.000697	0.020513	-0.000000	-0.000000	0.000000	0.001602	-0.001929	0.018599	0.000000	0.000000	-0.000000	0.033362	-1.992361	-0.005588	0.000000	0.000000	0.000000	0.000000	0.000000	0.000000	0.000000	0.000000	0.000000	0.000000
1761691780.284612417	-0.000000	-0.000339	0.000739	0.001161	-0.000000	-0.000000	0.000000	0.001630	-0.002018	0.020971	-0.000000	0.000000	-0.000000	0.033524	-1.992560	-0.003577	0.000000	0.000000	0.000000	0.000000	0.000000	0.000000	0.000000	0.000000	0.000000	0.000000
1761691780.384667873	0.000000	-0.000335	0.000731	-0.016588	-0.000000	-0.000000	-0.000000	0.001607	-0.001975	0.021410	-0.000000	0.000000	-0.000000	0.033685	-1.992761	-0.001440	0.000000	0.000000	0.000000	0.000000	0.000000	0.000000	0.000000	0.000000	0.000000	0.000000
1761691780.484791994	0.000000	-0.000323	0.000678	-0.031394	-0.000000	0.000000	-0.000000	0.001536	-0.001815	0.020047	-0.000000	-0.000000	-0.000000	0.033842	-1.992950	0.000633	0.000000	0.000000	0.000000	0.000000	0.000000	0.000000	0.000000	0.000000	0.000000	0.000000
1761691780.584687710	0.000000	-0.000302	0.000588	-0.042318	0.000000	0.000000	-0.000000	0.001428	-0.001560	0.017154	-0.000000	-0.000000	-0.000000	0.033990	-1.993117	0.002480	0.000000	0.000000	0.000000	0.000000	0.000000	0.000000	0.000000	0.000000	0.000000	0.000000
1761691780.684720039	0.000000	-0.000275	0.000472	-0.048844	0.000000	0.000000	-0.000000	0.001291	-0.001238	0.013105	-0.000000	-0.000000	-0.000000	0.034125	-1.993254	0.003966	0.000000	0.000000	0.000000	0.000000	0.000000	0.000000	0.000000	0.000000	0.000000	0.000000
1761691780.784719944	0.000000	-0.000244	0.000342	-0.050865	0.000000	0.000000	-0.000000	0.001138	-0.000880	0.008329	-0.000000	-0.000000	-0.000000	0.034246	-1.993357	0.005003	0.000000	0.000000	0.000000	0.000000	0.000000	0.000000	0.000000	0.000000	0.000000	0.000000
1761691780.884883881	0.000000	-0.000211	0.000208	-1.850062	0.000000	0.000000	-0.000000	0.000981	-0.000516	0.003276	-0.000000	-0.000000	-0.000000	0.034351	-1.993423	0.005542	0.000000	0.000000	0.000000	0.000000	0.000000	-1.943745	0.000000	0.000000	0.000000	0.000000
1761691780.985175371	0.000000	0.000604	-0.002902	-1.609622	-0.000000	0.000000	-0.000000	-0.003082	0.009588	-0.151743	-0.000000	-0.000000	-0.000000	0.034244	-1.992967	-0.001923	-0.000000	-0.000000	0.000000	0.000000	0.000000	-1.943745	0.000000	0.000000	0.000000	0.000000
1761691781.084626436	0.000000	0.002184	-0.007655	-1.066089	-0.000000	0.000000	-0.000000	-0.007326	0.020093	-0.316713	-0.000000	-0.000000	-0.000000	0.033706	-1.991374	-0.026888	-0.000000	-0.000000	0.000000	0.000000	0.000000	-1.943745	0.000000	0.000000	0.000000	0.000000
1761691781.184740067	0.000000	0.003649	-0.011385	-0.433929	0.000000	0.000000	-0.000000	-0.010105	0.026968	-0.432381	-0.000000	-0.000000	-0.000000	0.032913	-1.988898	-0.065684	-0.000000	-0.000000	0.000000	0.000000	0.000000	-1.943745	0.000000	0.000000	0.000000	0.000000
1761691781.284821987	0.000000	0.004400	-0.013083	0.125317	0.000000	0.000000	-0.000000	-0.011064	0.029471	-0.486310	-0.000000	-0.000000	-0.000000	0.032093	-1.985940	-0.112506	-0.000000	-0.000000	0.000000	0.000000	0.000000	-1.943745	0.000000	0.000000	0.000000	0.000000
1761691781.384749889	-0.000000	0.004266	-0.012661	0.523910	0.000000	-0.000000	0.000000	-0.010380	0.028090	-0.483099	-0.000000	0.000000	-0.000000	0.031418	-1.982929	-0.161338	-0.000000	-0.000000	0.000000	0.000000	0.000000	-1.943745	0.000000	0.000000	0.000000	0.000000
1761691781.484799623	-0.000000	0.003479	-0.010723	0.757567	0.000000	-0.000000	0.000000	-0.008541	0.023974	-0.437351	-0.000000	0.000000	-0.000000	0.030967	-1.980215	-0.207256	-0.000000	-0.000000	0.000000	0.000000	0.000000	-1.943745	0.000000	0.000000	0.000000	0.000000
1761691781.584929705	-0.000000	0.002408	-0.008049	0.865773	0.000000	-0.000000	0.000000	-0.006078	0.018336	-0.365489	0.000000	0.000000	-0.000000	0.030737	-1.978031	-0.246961	-0.000000	-0.000000	0.000000	0.000000	0.000000	-1.943745	0.000000	0.000000	0.000000	0.000000
1761691781.684715033	-0.000000	0.001342	-0.005236	0.891646	0.000000	-0.000000	0.000000	-0.003405	0.012102	-0.280715	0.000000	0.000000	-0.000000	0.030680	-1.976492	-0.278640	-0.000000	-0.000000	0.000000	0.000000	0.000000	-1.943745	0.000000	0.000000	0.000000	0.000000
1761691781.784796238	-0.000000	0.000441	-0.002624	0.865386	-0.000000	-0.000000	0.000000	-0.000781	0.005861	-0.191981	0.000000	0.000000	-0.000000	0.030741	-1.975629	-0.301553	0.000000	-0.000000	0.000000	0.000000	0.000000	-1.943745	0.000000	0.000000	0.000000	0.000000
1761691781.884725332	-0.000000	-0.000249	-0.000360	0.804210	-0.000000	-0.000000	0.000000	0.001646	-0.000035	-0.105005	0.000000	0.000000	-0.000000	0.030874	-1.975421	-0.315660	0.000000	-0.000000	0.000000	0.000000	0.000000	-1.943745	0.000000	0.000000	0.000000	0.000000
1761691781.984705687	-0.000000	-0.000767	0.001674	0.716904	-0.000000	-0.000000	0.000000	0.003797	-0.005376	-0.023564	-0.000000	0.000000	-0.000000	0.031051	-1.975815	-0.321367	0.000000	-0.000000	0.000000	0.000000	0.000000	-1.943745	0.000000	0.000000	0.000000	0.000000
1761691782.084843636	-0.000000	-0.001133	0.003677	0.602213	-0.000000	-0.000000	0.000000	0.005623	-0.010004	0.049581	-0.000000	0.000000	0.000000	0.031258	-1.976740	-0.319396	0.000000	0.000000	0.000000	0.000000	0.000000	-1.943745	0.000000	0.000000	0.000000	0.000000
1761691782.184614658	-0.000000	-0.001367	0.005481	0.439209	-0.000000	-0.000000	0.000000	0.006850	-0.013145	0.101677	-0.000000	0.000000	0.000000	0.031455	-1.977852	-0.312596	0.000000	0.000000	0.000000	0.000000	0.000000	-1.943745	0.000000	0.000000	0.000000	0.000000
1761691782.284537792	-0.000000	-0.001492	0.006859	0.247809	-0.000000	-0.000000	0.000000	0.007928	-0.015917	0.151031	-0.000000	0.000000	0.000000	0.031725	-1.979500	-0.299368	0.000000	0.000000	0.000000	0.000000	0.000000	-1.943745	0.000000	0.000000	0.000000	0.000000
1761691782.384791613	-0.000000	-0.001524	0.007409	0.095702	-0.000000	-0.000000	0.000000	0.008419	-0.017136	0.179002	-0.000000	0.000000	0.000000	0.032036	-1.981338	-0.282500	0.000000	0.000000	0.000000	0.000000	0.000000	-1.943745	0.000000	0.000000	0.000000	0.000000
1761691782.484853506	-0.000000	-0.001520	0.007574	-0.074132	-0.000000	-0.000000	0.000000	0.008495	-0.017257	0.191108	-0.000000	0.000000	0.000000	0.032388	-1.983231	-0.263788	0.000000	0.000000	0.000000	0.000000	0.000000	-1.943745	0.000000	0.000000	0.000000	0.000000
1761691782.584697247	0.000000	-0.001475	0.007172	-0.214211	0.000000	0.000000	0.000000	0.008148	-0.016267	0.186525	-0.000000	-0.000000	0.000000	0.032773	-1.985062	-0.244827	0.000000	0.000000	0.000000	0.000000	0.000000	-1.943745	0.000000	0.000000	0.000000	0.000000
1761691782.685024023	0.000000	-0.001389	0.006290	-0.315486	0.000000	0.000000	-0.000000	0.007443	-0.014357	0.167439	-0.000000	-0.000000	0.000000	0.033172	-1.986722	-0.227190	0.000000	0.000000	0.000000	0.000000	0.000000	-1.943745	0.000000	0.000000	0.000000	0.000000
1761691782.784733534	0.000000	-0.001264	0.005109	-0.377743	0.000000	0.000000	-0.000000	0.006483	-0.011816	0.137578	-0.000000	-0.000000	0.000000	0.033564	-1.988132	-0.212118	0.000000	0.000000	0.000000	0.000000	0.000000	-1.943745	0.000000	0.000000	0.000000	0.000000
1761691782.884804964	0.000000	-0.001101	0.003803	-0.404524	0.000000	0.000000	-0.000000	0.005370	-0.008930	0.100841	-0.000000	-0.000000	0.000000	0.033929	-1.989246	-0.200460	-0.000000	0.000000	0.000000	0.000000	0.000000	-1.943745	0.000000	0.000000	0.000000	0.000000
1761691782.984768152	0.000000	-0.000904	0.002513	-0.400686	0.000000	0.000000	-0.000000	0.004200	-0.005949	0.060835	-0.000000	-0.000000	0.000000	0.034248	-1.990043	-0.192691	-0.000000	0.000000	0.000000	0.000000	0.000000	-1.943745	0.000000	0.000000	0.000000	0.000000
1761691783.084795713	0.000000	-0.000687	0.001334	-0.371187	0.000000	0.000000	-0.000000	0.003053	-0.003077	0.020703	-0.000000	-0.000000	0.000000	0.034514	-1.990528	-0.188951	-0.000000	0.000000	0.000000	0.000000	0.000000	-1.943745	0.000000	0.000000	0.000000	0.000000
1761691783.184739351	0.000000	-0.000464	0.000324	-0.320241	0.000000	0.000000	-0.000000	0.002000	-0.000480	-0.016908	-0.000000	-0.000000	0.000000	0.034724	-1.990725	-0.189095	-0.000000	0.000000	0.000000	0.000000	0.000000	-1.943745	0.000000	0.000000	0.000000	0.000000
1761691783.284888268	0.000000	-0.000254	-0.000502	-0.245996	0.000000	0.000000	-0.000000	0.001098	0.001714	-0.049781	0.000000	-0.000000	-0.000000	0.034883	-1.990671	-0.192739	-0.000000	-0.000000	0.000000	0.000000	0.000000	-1.943745	0.000000	0.000000	0.000000	0.000000
1761691783.384692907	0.000000	-0.000078	-0.001157	-0.155456	0.000000	0.000000	-0.000000	0.000405	0.003372	-0.075618	0.000000	-0.000000	-0.000000	0.035003	-1.990418	-0.199276	-0.000000	-0.000000	0.000000	0.000000	0.000000	-1.943745	0.000000	0.000000	0.000000	0.000000
1761691783.484815836	0.000000	0.000043	-0.001591	-0.060031	0.000000	0.000000	-0.000000	-0.000036	0.004396	-0.092672	0.000000	-0.000000	-0.000000	0.035097	-1.990027	-0.207895	-0.000000	-0.000000	0.000000	0.000000	0.000000	-1.943745	0.000000	0.000000	0.000000	0.000000
1761691783.584575176	0.000000	0.000101	-0.001775	0.029821	0.000000	0.000000	-0.000000	-0.000214	0.004761	-0.100266	0.000000	-0.000000	-0.000000	0.035179	-1.989569	-0.217672	-0.000000	-0.000000	0.000000	0.000000	0.000000	-1.943745	0.000000	0.000000	0.000000	0.000000
1761691783.684582233	0.000000	0.000093	-0.001717	0.106260	-0.000000	-0.000000	-0.000000	-0.000165	0.004572	-0.099278	0.000000	0.000000	-0.000000	0.035249	-1.989184	-0.226028	-0.000000	-0.000000	0.000000	0.000000	0.000000	-1.943745	0.000000	0.000000	0.000000	0.000000
1761691783.784853458	-0.000000	0.000031	-0.001456	0.164587	-0.000000	-0.000000	0.000000	0.000075	0.003897	-0.091200	0.000000	0.000000	-0.000000	0.035341	-1.988771	-0.235569	-0.000000	-0.000000	0.000000	0.000000	0.000000	-1.943745	0.000000	0.000000	0.000000	0.000000
1761691783.884901524	-0.000000	-0.000071	-0.001046	0.202933	-0.000000	-0.000000	0.000000	0.000477	0.002820	-0.076686	0.000000	0.000000	-0.000000	0.035448	-1.988457	-0.243908	-0.000000	-0.000000	0.000000	0.000000	0.000000	-1.943745	0.000000	0.000000	0.000000	0.000000
1761691783.984766245	-0.000000	-0.000196	-0.000547	0.221526	-0.000000	-0.000000	0.000000	0.000985	0.001483	-0.057671	0.000000	0.000000	-0.000000	0.035572	-1.988276	-0.250509	0.000000	-0.000000	0.000000	0.000000	0.000000	-1.943745	0.000000	0.000000	0.000000	0.000000
1761691784.084662914	-0.000000	-0.000326	-0.000016	0.221932	-0.000000	-0.000000	0.000000	0.001542	0.000023	-0.036138	0.000000	0.000000	-0.000000	0.035714	-1.988247	-0.255041	0.000000	-0.000000	0.000000	0.000000	0.000000	-1.943745	0.000000	0.000000	0.000000	0.000000
1761691784.184835196	-0.000000	-0.000449	0.000517	0.206470	-0.000000	-0.000000	0.000000	0.002097	-0.001431	-0.013958	0.000000	0.000000	-0.000000	0.035874	-1.988374	-0.257362	0.000000	-0.000000	0.000000	0.000000	0.000000	-1.943745	0.000000	0.000000	0.000000	0.000000
1761691784.284748554	-0.000000	-0.000556	0.001025	0.177660	-0.000000	-0.000000	0.000000	0.002609	-0.002772	0.007204	0.000000	0.000000	-0.000000	0.036049	-1.988651	-0.257506	0.000000	0.000000	0.000000	0.000000	0.000000	-1.943745	0.000000	0.000000	0.000000	0.000000
1761691784.384579897	-0.000000	-0.000641	0.001470	0.136482	-0.000000	-0.000000	0.000000	0.003041	-0.003908	0.025930	-0.000000	0.000000	0.000000	0.036239	-1.989059	-0.255661	0.000000	0.000000	0.000000	0.000000	0.000000	-1.943745	0.000000	0.000000	0.000000	0.000000
1761691784.484664917	-0.000000	-0.000701	0.001812	0.087071	-0.000000	-0.000000	0.000000	0.003364	-0.004760	0.040951	-0.000000	0.000000	0.000000	0.036442	-1.989570	-0.252146	0.000000	0.000000	0.000000	0.000000	0.000000	-1.943745	0.000000	0.000000	0.000000	0.000000
1761691784.584499598	-0.000000	-0.000735	0.002022	0.034837	-0.000000	-0.000000	0.000000	0.003557	-0.005274	0.051305	-0.000000	0.000000	0.000000	0.036654	-1.990150	-0.247392	0.000000	0.000000	0.000000	0.000000	0.000000	-1.943745	0.000000	0.000000	0.000000	0.000000
1761691784.684738636	-0.000000	-0.000738	0.002063	-0.013203	-0.000000	-0.000000	0.000000	0.003589	-0.005369	0.055660	-0.000000	0.000000	0.000000	0.036872	-1.990757	-0.241971	0.000000	0.000000	0.000000	0.000000	0.000000	-1.943745	0.000000	0.000000	0.000000	0.000000
1761691784.784728765	-0.000000	-0.000719	0.001971	-0.054629	-0.000000	0.000000	0.000000	0.003493	-0.005141	0.055140	-0.000000	-0.000000	0.000000	0.037092	-1.991351	-0.236402	0.000000	0.000000	0.000000	0.000000	0.000000	-1.943745	0.000000	0.000000	0.000000	0.000000
1761691784.884548426	0.000000	-0.000679	0.001770	-0.087016	0.000000	0.000000	-0.000000	0.003289	-0.004643	0.050368	-0.000000	-0.000000	0.000000	0.037308	-1.991903	-0.231138	0.000000	0.000000	0.000000	0.000000	0.000000	-1.943745	0.000000	0.000000	0.000000	0.000000
1761691784.984494686	0.000000	-0.000624	0.001489	-0.109065	0.000000	0.000000	-0.000000	0.003002	-0.003941	0.042206	-0.000000	-0.000000	0.000000	0.037516	-1.992388	-0.226555	0.000000	0.000000	0.000000	0.000000	0.000000	-1.943745	0.000000	0.000000	0.000000	0.000000
1761691785.084664583	0.000000	-0.000557	0.001163	-0.120473	0.000000	0.000000	-0.000000	0.002660	-0.003109	0.031667	-0.000000	-0.000000	0.000000	0.037713	-1.992788	-0.222933	0.000000	0.000000	0.000000	0.000000	0.000000	-1.943745	0.000000	0.000000	0.000000	0.000000
1761691785.184718609	0.000000	-0.000483	0.000821	-0.121721	0.000000	0.000000	-0.000000	0.002292	-0.002221	0.019810	-0.000000	-0.000000	0.000000	0.037894	-1.993095	-0.220451	-0.000000	0.000000	0.000000	0.000000	0.000000	-1.943745	0.000000	0.000000	0.000000	0.000000
1761691785.285051584	0.000000	-0.000407	0.000491	-0.112910	0.000000	0.000000	-0.000000	0.001925	-0.001346	0.007658	-0.000000	-0.000000	0.000000	0.038060	-1.993307	-0.219178	-0.000000	0.000000	0.000000	0.000000	0.000000	-1.943745	0.000000	0.000000	0.000000	0.000000
1761691785.384946346	0.000000	-0.000335	0.000197	-0.098546	0.000000	0.000000	-0.000000	0.001584	-0.000548	-0.003780	-0.000000	-0.000000	0.000000	0.038209	-1.993430	-0.219085	-0.000000	0.000000	0.000000	0.000000	0.000000	-1.943745	0.000000	0.000000	0.000000	0.000000
1761691785.484663010	0.000000	-0.000271	-0.000050	-0.076721	0.000000	0.000000	-0.000000	0.001287	0.000134	-0.013874	-0.000000	-0.000000	-0.000000	0.038343	-1.993474	-0.220062	-0.000000	0.000000	0.000000	0.000000	0.000000	-1.943745	0.000000	0.000000	0.000000	0.000000
1761691785.584862471	0.000000	-0.000227	-0.000210	-0.055395	0.000000	0.000000	-0.000000	0.001051	0.000658	-0.021910	0.000000	-0.000000	-0.000000	0.038465	-1.993455	-0.221933	-0.000000	-0.000000	0.000000	0.000000	0.000000	-1.943745	0.000000	0.000000	0.000000	0.000000
1761691785.684774399	0.000000	-0.000186	-0.000354	-0.027454	0.000000	0.000000	-0.000000	0.000875	0.001027	-0.027805	0.000000	-0.000000	-0.000000	0.038577	-1.993390	-0.224483	-0.000000	-0.000000	0.000000	0.000000	0.000000	-1.943745	0.000000	0.000000	0.000000	0.000000
1761691785.784784794	0.000000	-0.000161	-0.000432	0.000403	0.000000	0.000000	-0.000000	0.000775	0.001207	-0.031016	0.000000	-0.000000	-0.000000	0.038681	-1.993297	-0.227470	-0.000000	-0.000000	0.000000	0.000000	0.000000	-1.943745	0.000000	0.000000	0.000000	0.000000
1761691785.884824991	0.000000	-0.000152	-0.000440	0.025623	0.000000	0.000000	-0.000000	0.000750	0.001198	-0.031440	0.000000	-0.000000	-0.000000	0.038782	-1.993195	-0.230616	-0.000000	-0.000000	0.000000	0.000000	0.000000	-1.943745	0.000000	0.000000	0.000000	0.000000
1761691785.984562874	-0.000000	-0.000160	-0.000385	0.046381	-0.000000	-0.000000	0.000000	0.000793	0.001019	-0.029298	0.000000	0.000000	-0.000000	0.038866	-1.993119	-0.233164	-0.000000	-0.000000	0.000000	0.000000	0.000000	-1.943745	0.000000	0.000000	0.000000	0.000000
1761691786.084621429	-0.000000	-0.000181	-0.000278	0.061477	-0.000000	-0.000000	0.000000	0.000874	0.000761	-0.025778	0.000000	0.000000	-0.000000	0.038968	-1.993051	-0.235929	-0.000000	-0.000000	0.000000	0.000000	0.000000	-1.943745	0.000000	0.000000	0.000000	0.000000
1761691786.184659004	-0.000000	-0.000210	-0.000135	0.070326	-0.000000	-0.000000	0.000000	0.001006	0.000367	-0.020134	0.000000	0.000000	-0.000000	0.039072	-1.993021	-0.238194	-0.000000	-0.000000	0.000000	0.000000	0.000000	-1.943745	0.000000	0.000000	0.000000	0.000000
1761691786.284646511	-0.000000	-0.000245	0.000029	0.072891	-0.000000	-0.000000	0.000000	0.001163	-0.000087	-0.013396	0.000000	0.000000	-0.000000	0.039181	-1.993036	-0.239825	0.000000	-0.000000	0.000000	0.000000	0.000000	-1.943745	0.000000	0.000000	0.000000	0.000000
1761691786.384885073	-0.000000	-0.000275	0.000171	0.070455	-0.000000	-0.000000	0.000000	0.001329	-0.000556	-0.006150	0.000000	0.000000	-0.000000	0.039295	-1.993101	-0.240743	0.000000	0.000000	0.000000	0.000000	0.000000	-1.943745	0.000000	0.000000	0.000000	0.000000
1761691786.484724522	-0.000000	-0.000308	0.000336	0.062855	-0.000000	-0.000000	0.000000	0.001487	-0.001002	0.000936	0.000000	0.000000	-0.000000	0.039414	-1.993215	-0.240943	0.000000	0.000000	0.000000	0.000000	0.000000	-1.943745	0.000000	0.000000	0.000000	0.000000
1761691786.584586859	-0.000000	-0.000338	0.000483	0.050911	-0.000000	-0.000000	0.000000	0.001624	-0.001388	0.007348	0.000000	0.000000	0.000000	0.039537	-1.993372	-0.240470	0.000000	0.000000	0.000000	0.000000	0.000000	-1.943745	0.000000	0.000000	0.000000	0.000000
1761691786.684752226	-0.000000	-0.000360	0.000601	0.035777	-0.000000	-0.000000	0.000000	0.001728	-0.001688	0.012638	-0.000000	0.000000	0.000000	0.039663	-1.993564	-0.239419	0.000000	0.000000	0.000000	0.000000	0.000000	-1.943745	0.000000	0.000000	0.000000	0.000000
1761691786.785120726	-0.000000	-0.000374	0.000680	0.019000	-0.000000	-0.000000	0.000000	0.001791	-0.001881	0.016468	-0.000000	0.000000	0.000000	0.039792	-1.993782	-0.237921	0.000000	0.000000	0.000000	0.000000	0.000000	-1.943745	0.000000	0.000000	0.000000	0.000000
1761691786.884832621	-0.000000	-0.000378	0.000717	0.002137	-0.000000	-0.000000	0.000000	0.001809	-0.001958	0.018648	-0.000000	0.000000	0.000000	0.039922	-1.994012	-0.236135	0.000000	0.000000	0.000000	0.000000	0.000000	-1.943745	0.000000	0.000000	0.000000	0.000000
1761691786.984925985	-0.000000	-0.000374	0.000711	-0.013407	-0.000000	-0.000000	0.000000	0.001783	-0.001921	0.019143	-0.000000	0.000000	0.000000	0.040052	-1.994243	-0.234230	0.000000	0.000000	0.000000	0.000000	0.000000	-1.943745	0.000000	0.000000	0.000000	0.000000
1761691787.084745884	0.000000	-0.000362	0.000665	-0.026490	0.000000	0.000000	-0.000000	0.001716	-0.001782	0.018061	-0.000000	-0.000000	0.000000	0.040179	-1.994463	-0.232368	0.000000	0.000000	0.000000	0.000000	0.000000	-1.943745	0.000000	0.000000	0.000000	0.000000
1761691787.184893847	0.000000	-0.000342	0.000586	-0.036294	0.000000	0.000000	-0.000000	0.001615	-0.001559	0.015630	-0.000000	-0.000000	0.000000	0.040302	-1.994663	-0.230695	0.000000	0.000000	0.000000	0.000000	0.000000	-1.943745	0.000000	0.000000	0.000000	0.000000
1761691787.285026073	0.000000	-0.000317	0.000484	-0.042358	0.000000	0.000000	-0.000000	0.001490	-0.001275	0.012164	-0.000000	-0.000000	0.000000	0.040421	-1.994834	-0.229327	0.000000	0.000000	0.000000	0.000000	0.000000	-1.943745	0.000000	0.000000	0.000000	0.000000
1761691787.384857655	0.000000	-0.000288	0.000368	-0.044556	0.000000	0.000000	-0.000000	0.001349	-0.000958	0.008029	-0.000000	-0.000000	0.000000	0.040533	-1.994972	-0.228348	-0.000000	0.000000	0.000000	0.000000	0.000000	-1.943745	0.000000	0.000000	0.000000	0.000000
1761691787.484623909	0.000000	-0.000258	0.000249	-0.043072	0.000000	0.000000	-0.000000	0.001205	-0.000633	0.003610	-0.000000	-0.000000	0.000000	0.040639	-1.995075	-0.227801	-0.000000	0.000000	0.000000	0.000000	0.000000	-1.943745	0.000000	0.000000	0.000000	0.000000
1761691787.584584951	0.000000	-0.000229	0.000135	-0.038345	0.000000	0.000000	-0.000000	0.001088	-0.000375	-0.000004	-0.000000	-0.000000	0.000000	0.040722	-1.995136	-0.227682	-0.000000	0.000000	0.000000	0.000000	0.000000	-1.943745	0.000000	0.000000	0.000000	0.000000
1761691787.684693098	0.000000	-0.000202	0.000035	-0.030949	0.000000	0.000000	-0.000000	0.000960	-0.000098	-0.003996	-0.000000	-0.000000	0.000000	0.040816	-1.995179	-0.227920	-0.000000	0.000000	0.000000	0.000000	0.000000	-1.943745	0.000000	0.000000	0.000000	0.000000
1761691787.784621000	0.000000	-0.000178	-0.000046	-0.021644	0.000000	0.000000	-0.000000	0.000852	0.000126	-0.007337	0.000000	-0.000000	-0.000000	0.040904	-1.995195	-0.228523	-0.000000	0.000000	0.000000	0.000000	0.000000	-1.943745	0.000000	0.000000	0.000000	0.000000
1761691787.884716988	0.000000	-0.000161	-0.000104	-0.011363	0.000000	0.000000	-0.000000	0.000769	0.000286	-0.009812	0.000000	-0.000000	-0.000000	0.040987	-1.995191	-0.229411	-0.000000	0.000000	0.000000	0.000000	0.000000	-1.943745	0.000000	0.000000	0.000000	0.000000
1761691787.984610558	0.000000	-0.000149	-0.000136	-0.001041	0.000000	0.000000	-0.000000	0.000715	0.000375	-0.011291	0.000000	-0.000000	-0.000000	0.041067	-1.995174	-0.230490	-0.000000	0.000000	0.000000	0.000000	0.000000	-1.943745	0.000000	0.000000	0.000000	0.000000
1761691788.084697723	0.000000	-0.000143	-0.000142	0.008473	0.000000	0.000000	-0.000000	0.000688	0.000393	-0.011739	0.000000	-0.000000	-0.000000	0.041143	-1.995152	-0.231657	-0.000000	0.000000	0.000000	0.000000	0.000000	-1.943745	0.000000	0.000000	0.000000	0.000000
1761691788.184888363	-0.000000	-0.000143	-0.000125	1.817912	-0.000000	-0.000000	0.000000	0.000688	0.000345	-0.011209	0.000000	0.000000	-0.000000	0.041219	-1.995131	-0.232810	-0.000000	0.000000	0.000000	0.000000	0.000000	0.000000	0.000000	0.000000	0.000000	0.000000
1761691788.284552097	-0.000000	-0.000726	0.002992	1.595064	-0.000000	-0.000000	0.000000	0.003841	-0.007565	0.110268	0.000000	0.000000	0.000000	0.041346	-1.995466	-0.228856	0.000000	0.000000	0.000000	0.000000	0.000000	0.000000	0.000000	0.000000	0.000000	0.000000
1761691788.384746313	-0.000000	-0.001199	0.008146	1.076906	-0.000000	-0.000000	0.000000	0.008137	-0.018237	0.277202	0.000000	0.000000	0.000000	0.041669	-1.996970	-0.207844	0.000000	0.000000	0.000000	0.000000	0.000000	0.000000	0.000000	0.000000	0.000000	0.000000
1761691788.484580278	-0.000000	-0.001325	0.012445	0.465050	-0.000000	-0.000000	0.000000	0.011306	-0.025744	0.402165	-0.000000	0.000000	0.000000	0.042229	-1.999424	-0.172258	0.000000	0.000000	0.000000	0.000000	0.000000	0.000000	0.000000	0.000000	0.000000	0.000000
1761691788.584786177	-0.000000	-0.001355	0.014536	-0.087343	-0.000000	-0.000000	0.000000	0.012991	-0.029022	0.469065	-0.000000	0.000000	0.000000	0.043040	-2.002393	-0.127460	0.000000	0.000000	0.000000	0.000000	0.000000	0.000000	0.000000	0.000000	0.000000	0.000000
1761691788.684557915	0.000000	-0.001435	0.014149	-0.492196	0.000000	-0.000000	0.000000	0.013253	-0.028300	0.478744	-0.000000	0.000000	0.000000	0.044062	-2.005416	-0.079375	0.000000	0.000000	0.000000	0.000000	0.000000	0.000000	0.000000	0.000000	0.000000	0.000000
1761691788.784528255	0.000000	-0.001542	0.011668	-0.713717	0.000000	0.000000	-0.000000	0.012205	-0.024151	0.436272	-0.000000	-0.000000	0.000000	0.045182	-2.008089	-0.033697	0.000000	0.000000	0.000000	0.000000	0.000000	0.000000	0.000000	0.000000	0.000000	0.000000
1761691788.884586573	0.000000	-0.001572	0.008536	-0.824713	0.000000	0.000000	-0.000000	0.010513	-0.018576	0.368592	-0.000000	-0.000000	0.000000	0.046276	-2.010202	0.006136	0.000000	0.000000	0.000000	0.000000	0.000000	0.000000	0.000000	0.000000	0.000000	0.000000
1761691788.985377789	0.000000	-0.001472	0.005403	-0.861331	0.000000	0.000000	-0.000000	0.008463	-0.012457	0.287971	-0.000000	-0.000000	0.000000	0.047241	-2.011684	0.038369	0.000000	0.000000	0.000000	0.000000	0.000000	0.000000	0.000000	0.000000	0.000000	0.000000
1761691789.084600925	0.000000	-0.001230	0.002595	-0.846746	0.000000	0.000000	-0.000000	0.006251	-0.006328	0.202448	-0.000000	-0.000000	0.000000	0.048001	-2.012534	0.062203	-0.000000	0.000000	0.000000	0.000000	0.000000	0.000000	0.000000	0.000000	0.000000	0.000000
1761691789.184708118	0.000000	-0.000867	0.000250	-0.794887	0.000000	0.000000	-0.000000	0.004020	-0.000516	0.117530	-0.000000	-0.000000	0.000000	0.048514	-2.012790	0.077484	-0.000000	0.000000	0.000000	0.000000	0.000000	0.000000	0.000000	0.000000	0.000000	0.000000
1761691789.284592390	0.000000	-0.000423	-0.001785	-0.713719	0.000000	0.000000	-0.000000	0.001883	0.004763	0.037177	-0.000000	-0.000000	0.000000	0.048768	-2.012508	0.084514	-0.000000	0.000000	0.000000	0.000000	0.000000	0.000000	0.000000	0.000000	0.000000	0.000000
1761691789.384564161	0.000000	0.000057	-0.003689	-0.602946	0.000000	0.000000	-0.000000	-0.000068	0.009345	-0.035547	-0.000000	-0.000000	-0.000000	0.048778	-2.011756	0.083933	-0.000000	0.000000	0.000000	0.000000	0.000000	0.000000	0.000000	0.000000	0.000000	0.000000
1761691789.484567881	0.000000	0.000534	-0.005321	-0.443944	0.000000	0.000000	-0.000000	-0.001740	0.013052	-0.097688	-0.000000	-0.000000	-0.000000	0.048579	-2.010612	0.076676	-0.000000	-0.000000	0.000000	0.000000	0.000000	0.000000	0.000000	0.000000	0.000000	0.000000
1761691789.584729195	0.000000	0.000873	-0.006309	-0.291137	0.000000	0.000000	-0.000000	-0.002999	0.015615	-0.144733	-0.000000	-0.000000	-0.000000	0.048226	-2.009170	0.064053	0.000000	-0.000000	0.000000	0.000000	0.000000	0.000000	0.000000	0.000000	0.000000	0.000000
1761691789.684657574	0.000000	0.001180	-0.007068	-0.099046	0.000000	0.000000	-0.000000	-0.003834	0.017071	-0.176393	-0.000000	-0.000000	-0.000000	0.047784	-2.007538	0.047626	-0.000000	-0.000000	0.000000	0.000000	0.000000	0.000000	0.000000	0.000000	0.000000	0.000000
1761691789.784652948	0.000000	0.001319	-0.007243	0.077994	0.000000	0.000000	-0.000000	-0.004153	0.017244	-0.189499	-0.000000	-0.000000	-0.000000	0.047313	-2.005829	0.029089	-0.000000	-0.000000	0.000000	0.000000	0.000000	0.000000	0.000000	0.000000	0.000000	0.000000
1761691789.884652615	-0.000000	0.001272	-0.006842	0.221332	0.000000	-0.000000	0.000000	-0.003974	0.016225	-0.184651	-0.000000	0.000000	-0.000000	0.046872	-2.004164	0.010299	-0.000000	-0.000000	0.000000	0.000000	0.000000	0.000000	0.000000	0.000000	0.000000	0.000000
1761691789.984616041	-0.000000	0.001078	-0.005995	0.323805	0.000000	-0.000000	0.000000	-0.003390	0.014268	-0.164906	-0.000000	0.000000	-0.000000	0.046504	-2.002650	-0.007114	-0.000000	-0.000000	0.000000	0.000000	0.000000	0.000000	0.000000	0.000000	0.000000	0.000000
1761691790.084743977	-0.000000	0.000793	-0.004869	0.385530	0.000000	-0.000000	0.000000	-0.002521	0.011676	-0.134234	-0.000000	0.000000	-0.000000	0.046233	-2.001367	-0.021886	-0.000000	-0.000000	0.000000	0.000000	0.000000	0.000000	0.000000	0.000000	0.000000	0.000000
1761691790.184798002	-0.000000	0.000476	-0.003621	0.410489	0.000000	-0.000000	0.000000	-0.001484	0.008744	-0.096709	0.000000	0.000000	-0.000000	0.046068	-2.000363	-0.033164	-0.000000	-0.000000	0.000000	0.000000	0.000000	0.000000	0.000000	0.000000	0.000000	0.000000
1761691790.284762383	-0.000000	0.000170	-0.002380	0.403991	0.000000	-0.000000	0.000000	-0.000386	0.005729	-0.056077	0.000000	0.000000	-0.000000	0.046010	-1.999662	-0.040482	-0.000000	-0.000000	0.000000	0.000000	0.000000	0.000000	0.000000	0.000000	0.000000	0.000000
1761691790.384701729	-0.000000	-0.000097	-0.001233	0.371347	-0.000000	-0.000000	0.000000	0.000688	0.002841	-0.015569	0.000000	0.000000	-0.000000	0.046051	-1.999260	-0.043722	-0.000000	0.000000	0.000000	0.000000	0.000000	0.000000	0.000000	0.000000	0.000000	0.000000
1761691790.484715223	-0.000000	-0.000320	-0.000239	0.316470	-0.000000	-0.000000	0.000000	0.001667	0.000250	0.022110	0.000000	0.000000	0.000000	0.046183	-1.999135	-0.043058	0.000000	0.000000	0.000000	0.000000	0.000000	0.000000	0.000000	0.000000	0.000000	0.000000
1761691790.584698200	-0.000000	-0.000494	0.000585	0.237538	-0.000000	-0.000000	0.000000	0.002494	-0.001911	0.054671	0.000000	0.000000	0.000000	0.046395	-1.999248	-0.038910	0.000000	0.000000	0.000000	0.000000	0.000000	0.000000	0.000000	0.000000	0.000000	0.000000
1761691790.684592724	-0.000000	-0.000617	0.001238	0.143175	-0.000000	-0.000000	0.000000	0.003114	-0.003502	0.079741	0.000000	0.000000	0.000000	0.046671	-1.999546	-0.031925	0.000000	0.000000	0.000000	0.000000	0.000000	0.000000	0.000000	0.000000	0.000000	0.000000
1761691790.784543037	-0.000000	-0.000689	0.001654	0.045215	-0.000000	-0.000000	0.000000	0.003430	-0.004295	0.093245	-0.000000	0.000000	0.000000	0.046938	-1.999889	-0.024553	0.000000	0.000000	0.000000	0.000000	0.000000	0.000000	0.000000	0.000000	0.000000	0.000000
1761691790.884613276	-0.000000	-0.000715	0.001803	-0.045770	-0.000000	-0.000000	0.000000	0.003585	-0.004659	0.101031	-0.000000	0.000000	0.000000	0.047284	-2.000354	-0.014665	0.000000	0.000000	0.000000	0.000000	0.000000	0.000000	0.000000	0.000000	0.000000	0.000000
1761691790.984561920	0.000000	-0.000699	0.001696	-0.122018	-0.000000	0.000000	-0.000000	0.003496	-0.004392	0.099487	-0.000000	-0.000000	0.000000	0.047635	-2.000814	-0.004551	0.000000	0.000000	0.000000	0.000000	0.000000	0.000000	0.000000	0.000000	0.000000	0.000000
1761691791.084614277	0.000000	-0.000647	0.001379	-0.178998	0.000000	0.000000	-0.000000	0.003195	-0.003599	0.089827	-0.000000	-0.000000	0.000000	0.047970	-2.001213	0.004919	0.000000	0.000000	0.000000	0.000000	0.000000	0.000000	0.000000	0.000000	0.000000	0.000000
1761691791.184720755	0.000000	-0.000562	0.000916	-0.215024	0.000000	0.000000	-0.000000	0.002731	-0.002417	0.073827	-0.000000	-0.000000	0.000000	0.048266	-2.001505	0.013032	0.000000	0.000000	0.000000	0.000000	0.000000	0.000000	0.000000	0.000000	0.000000	0.000000
1761691791.284844637	0.000000	-0.000452	0.000376	-0.230492	0.000000	0.000000	-0.000000	0.002158	-0.000995	0.053525	-0.000000	-0.000000	0.000000	0.048509	-2.001662	0.019270	0.000000	0.000000	0.000000	0.000000	0.000000	0.000000	0.000000	0.000000	0.000000	0.000000
1761691791.384644032	0.000000	-0.000326	-0.000181	-0.227128	0.000000	0.000000	-0.000000	0.001531	0.000522	0.030991	-0.000000	-0.000000	0.000000	0.048689	-2.001669	0.023325	0.000000	0.000000	0.000000	0.000000	0.000000	0.000000	0.000000	0.000000	0.000000	0.000000
1761691791.484926462	0.000000	-0.000192	-0.000732	-0.207432	0.000000	0.000000	-0.000000	0.000904	0.002004	0.008166	-0.000000	-0.000000	0.000000	0.048802	-2.001527	0.025089	0.000000	0.000000	0.000000	0.000000	0.000000	0.000000	0.000000	0.000000	0.000000	0.000000
1761691791.584564447	0.000000	-0.000061	-0.001240	-0.173670	0.000000	0.000000	-0.000000	0.000321	0.003340	-0.013233	-0.000000	-0.000000	-0.000000	0.048850	-2.001245	0.024636	0.000000	0.000000	0.000000	0.000000	0.000000	0.000000	0.000000	0.000000	0.000000	0.000000
1761691791.684611320	0.000000	0.000055	-0.001665	-0.127294	0.000000	0.000000	-0.000000	-0.000178	0.004436	-0.031726	-0.000000	-0.000000	-0.000000	0.048843	-2.000844	0.022196	0.000000	0.000000	0.000000	0.000000	0.000000	0.000000	0.000000	0.000000	0.000000	0.000000
1761691791.784775972	0.000000	0.000134	-0.001927	-0.082916	0.000000	0.000000	-0.000000	-0.000557	0.005214	-0.046001	-0.000000	-0.000000	-0.000000	0.048791	-2.000352	0.018139	-0.000000	-0.000000	0.000000	0.000000	0.000000	0.000000	0.000000	0.000000	0.000000	0.000000
1761691791.884941101	0.000000	0.000197	-0.002106	-0.028372	0.000000	0.000000	-0.000000	-0.000791	0.005616	-0.055032	-0.000000	-0.000000	-0.000000	0.048713	-1.999807	0.012981	-0.000000	-0.000000	0.000000	0.000000	0.000000	0.000000	0.000000	0.000000	0.000000	0.000000
1761691791.984763145	0.000000	0.000225	-0.002146	0.023612	0.000000	0.000000	-0.000000	-0.000881	0.005656	-0.058779	-0.000000	-0.000000	-0.000000	0.048622	-1.999241	0.007222	-0.000000	-0.000000	0.000000	0.000000	0.000000	0.000000	0.000000	0.000000	0.000000	0.000000
1761691792.084774017	-0.000000	0.000217	-0.002045	0.068303	0.000000	-0.000000	0.000000	-0.000829	0.005349	-0.057284	-0.000000	0.000000	-0.000000	0.048533	-1.998691	0.001395	-0.000000	-0.000000	0.000000	0.000000	0.000000	0.000000	0.000000	0.000000	0.000000	0.000000
1761691792.185002804	-0.000000	0.000177	-0.001827	0.102741	0.000000	-0.000000	0.000000	-0.000656	0.004751	-0.051198	-0.000000	0.000000	-0.000000	0.048461	-1.998189	-0.004009	-0.000000	-0.000000	0.000000	0.000000	0.000000	0.000000	0.000000	0.000000	0.000000	0.000000
1761691792.284749746	-0.000000	0.000114	-0.001523	0.125376	0.000000	-0.000000	0.000000	-0.000390	0.003937	-0.041498	0.000000	0.000000	-0.000000	0.048413	-1.997760	-0.008587	-0.000000	-0.000000	0.000000	0.000000	0.000000	0.000000	0.000000	0.000000	0.000000	0.000000
1761691792.384835243	-0.000000	0.000038	-0.001167	0.135861	0.000000	-0.000000	0.000000	-0.000064	0.002992	-0.029338	0.000000	0.000000	-0.000000	0.048396	-1.997420	-0.012043	-0.000000	-0.000000	0.000000	0.000000	0.000000	0.000000	0.000000	0.000000	0.000000	0.000000
1761691792.484965086	-0.000000	-0.000043	-0.000794	0.134788	0.000000	-0.000000	0.000000	0.000289	0.001999	-0.015926	0.000000	0.000000	-0.000000	0.048413	-1.997179	-0.014202	-0.000000	0.000000	0.000000	0.000000	0.000000	0.000000	0.000000	0.000000	0.000000	0.000000
1761691792.584776640	-0.000000	-0.000120	-0.000434	0.123440	-0.000000	-0.000000	0.000000	0.000637	0.001037	-0.002430	0.000000	0.000000	0.000000	0.048464	-1.997036	-0.015007	-0.000000	0.000000	0.000000	0.000000	0.000000	0.000000	0.000000	0.000000	0.000000	0.000000
1761691792.684738159	-0.000000	-0.000189	-0.000112	0.103343	-0.000000	-0.000000	0.000000	0.000954	0.000173	0.010103	0.000000	0.000000	0.000000	0.048548	-1.996985	-0.014511	0.000000	0.000000	0.000000	0.000000	0.000000	0.000000	0.000000	0.000000	0.000000	0.000000
1761691792.784618616	-0.000000	-0.000246	0.000156	0.075993	-0.000000	-0.000000	0.000000	0.001216	-0.000538	0.020773	0.000000	0.000000	0.000000	0.048658	-1.997012	-0.012864	0.000000	0.000000	0.000000	0.000000	0.000000	0.000000	0.000000	0.000000	0.000000	0.000000
1761691792.884689093	-0.000000	-0.000286	0.000357	0.044395	-0.000000	-0.000000	0.000000	0.001404	-0.001052	0.028828	0.000000	0.000000	0.000000	0.048790	-1.997099	-0.010298	0.000000	0.000000	0.000000	0.000000	0.000000	0.000000	0.000000	0.000000	0.000000	0.000000
1761691792.984601259	-0.000000	-0.000310	0.000479	0.011808	-0.000000	-0.000000	0.000000	0.001509	-0.001344	0.033054	0.000000	0.000000	0.000000	0.048911	-1.997201	-0.007667	0.000000	0.000000	0.000000	0.000000	0.000000	0.000000	0.000000	0.000000	0.000000	0.000000
1761691793.084551096	-0.000000	-0.000316	0.000519	-0.018779	-0.000000	-0.000000	0.000000	0.001526	-0.001407	0.035321	-0.000000	0.000000	0.000000	0.049063	-1.997341	-0.004193	0.000000	0.000000	0.000000	0.000000	0.000000	0.000000	0.000000	0.000000	0.000000	0.000000
1761691793.184596539	0.000000	-0.000306	0.000480	-0.044932	-0.000000	0.000000	-0.000000	0.001475	-0.001303	0.034463	-0.000000	-0.000000	0.000000	0.049213	-1.997478	-0.000677	0.000000	0.000000	0.000000	0.000000	0.000000	0.000000	0.000000	0.000000	0.000000	0.000000
1761691793.284647465	0.000000	-0.000281	0.000375	-0.064933	-0.000000	0.000000	-0.000000	0.001353	-0.001020	0.030841	-0.000000	-0.000000	0.000000	0.049354	-1.997594	0.002587	0.000000	0.000000	0.000000	0.000000	0.000000	0.000000	0.000000	0.000000	0.000000	0.000000
1761691793.384694338	0.000000	-0.000245	0.000221	-0.077808	0.000000	0.000000	-0.000000	0.001175	-0.000602	0.025014	-0.000000	-0.000000	0.000000	0.049480	-1.997672	0.005354	0.000000	0.000000	0.000000	0.000000	0.000000	0.000000	0.000000	0.000000	0.000000	0.000000
1761691793.484587908	0.000000	-0.000201	0.000037	-0.083278	0.000000	0.000000	-0.000000	0.000960	-0.000098	0.017663	-0.000000	-0.000000	0.000000	0.049585	-1.997703	0.007440	0.000000	0.000000	0.000000	0.000000	0.000000	0.000000	0.000000	0.000000	0.000000	0.000000
1761691793.584653616	0.000000	-0.000153	-0.000158	-0.081656	0.000000	0.000000	-0.000000	0.000727	0.000441	0.009517	-0.000000	-0.000000	0.000000	0.049668	-1.997681	0.008738	0.000000	0.000000	0.000000	0.000000	0.000000	0.000000	0.000000	0.000000	0.000000	0.000000
1761691793.684660196	0.000000	-0.000104	-0.000349	-0.073730	0.000000	0.000000	-0.000000	0.000496	0.000965	0.001298	-0.000000	-0.000000	0.000000	0.049726	-1.997605	0.009208	0.000000	0.000000	0.000000	0.000000	0.000000	0.000000	0.000000	0.000000	0.000000	0.000000
1761691793.784594774	0.000000	-0.000058	-0.000521	-0.060497	0.000000	0.000000	-0.000000	0.000285	0.001433	-0.006339	-0.000000	-0.000000	0.000000	0.049762	-1.997480	0.008884	0.000000	0.000000	0.000000	0.000000	0.000000	0.000000	0.000000	0.000000	0.000000	0.000000
1761691793.884753942	0.000000	-0.000019	-0.000661	-0.043208	0.000000	0.000000	-0.000000	0.000107	0.001809	-0.012830	-0.000000	-0.000000	0.000000	0.049778	-1.997314	0.007856	-0.000000	0.000000	0.000000	0.000000	0.000000	0.000000	0.000000	0.000000	0.000000	0.000000
1761691793.984853029	0.000000	0.000010	-0.000757	-0.023706	0.000000	0.000000	-0.000000	-0.000025	0.002066	-0.017727	-0.000000	-0.000000	0.000000	0.049779	-1.997116	0.006268	-0.000000	0.000000	0.000000	0.000000	0.000000	0.000000	0.000000	0.000000	0.000000	0.000000
1761691794.084549189	0.000000	0.000028	-0.000803	-0.003888	0.000000	0.000000	-0.000000	-0.000106	0.002191	-0.020748	-0.000000	-0.000000	0.000000	0.049770	-1.996901	0.004298	-0.000000	0.000000	0.000000	0.000000	0.000000	0.000000	0.000000	0.000000	0.000000	0.000000
1761691794.184582472	0.000000	0.000034	-0.000799	0.014514	0.000000	0.000000	-0.000000	-0.000133	0.002182	-0.021797	-0.000000	-0.000000	-0.000000	0.049757	-1.996681	0.002140	-0.000000	0.000000	0.000000	0.000000	0.000000	0.000000	0.000000	0.000000	0.000000	0.000000
1761691794.285125494	-0.000000	0.000028	-0.000749	0.030083	0.000000	-0.000000	0.000000	-0.000109	0.002048	-0.020959	-0.000000	0.000000	0.000000	0.049744	-1.996469	-0.000012	-0.000000	0.000000	0.000000	0.000000	0.000000	0.000000	0.000000	0.000000	0.000000	0.000000
1761691794.384596348	-0.000000	0.000013	-0.000661	0.041803	0.000000	-0.000000	0.000000	-0.000042	0.001810	-0.018470	-0.000000	0.000000	0.000000	0.049737	-1.996277	-0.001980	-0.000000	0.000000	0.000000	0.000000	0.000000	0.000000	0.000000	0.000000	0.000000	0.000000
1761691794.484674454	-0.000000	-0.000009	-0.000544	0.049092	0.000000	-0.000000	0.000000	0.000058	0.001496	-0.014681	0.000000	0.000000	0.000000	0.049739	-1.996114	-0.003619	-0.000000	0.000000	0.000000	0.000000	0.000000	0.000000	0.000000	0.000000	0.000000	0.000000
1761691794.584647179	-0.000000	-0.000036	-0.000409	0.051532	0.000000	-0.000000	0.000000	0.000181	0.001129	-0.009893	0.000000	0.000000	0.000000	0.049752	-1.995986	-0.004812	-0.000000	0.000000	0.000000	0.000000	0.000000	0.000000	0.000000	0.000000	0.000000	0.000000
1761691794.684550762	-0.000000	-0.000064	-0.000272	0.049690	-0.000000	-0.000000	0.000000	0.000311	0.000754	-0.004780	0.000000	0.000000	0.000000	0.049778	-1.995895	-0.005505	-0.000000	0.000000	0.000000	0.000000	0.000000	0.000000	0.000000	0.000000	0.000000	0.000000
1761691794.784644127	-0.000000	-0.000091	-0.000144	0.044141	-0.000000	-0.000000	0.000000	0.000436	0.000399	0.000219	0.000000	0.000000	0.000000	0.049817	-1.995840	-0.005690	-0.000000	0.000000	0.000000	0.000000	0.000000	0.000000	0.000000	0.000000	0.000000	0.000000
1761691794.884603739	-0.000000	-0.000114	-0.000032	0.035577	-0.000000	-0.000000	0.000000	0.000545	0.000090	0.004726	0.000000	0.000000	0.000000	0.049867	-1.995819	-0.005402	0.000000	0.000000	0.000000	0.000000	0.000000	0.000000	0.000000	0.000000	0.000000	0.000000
1761691794.984654665	-0.000000	-0.000132	0.000057	0.024915	-0.000000	-0.000000	0.000000	0.000630	-0.000156	0.008426	0.000000	0.000000	0.000000	0.049927	-1.995825	-0.004707	0.000000	0.000000	0.000000	0.000000	0.000000	0.000000	0.000000	0.000000	0.000000	0.000000
1761691795.084732056	-0.000000	-0.000143	0.000118	0.013247	-0.000000	-0.000000	0.000000	0.000688	-0.000326	0.011096	0.000000	0.000000	0.000000	0.049993	-1.995852	-0.003701	0.000000	0.000000	0.000000	0.000000	0.000000	0.000000	0.000000	0.000000	0.000000	0.000000
1761691795.184623003	-0.000000	-0.000149	0.000150	0.001643	-0.000000	-0.000000	0.000000	0.000714	-0.000414	0.012615	0.000000	0.000000	0.000000	0.050064	-1.995890	-0.002495	0.000000	0.000000	0.000000	0.000000	0.000000	0.000000	0.000000	0.000000	0.000000	0.000000
1761691795.284888983	-0.000000	-0.000148	0.000153	-0.008952	-0.000000	-0.000000	0.000000	0.000709	-0.000423	0.012972	0.000000	0.000000	0.000000	0.050135	-1.995933	-0.001205	0.000000	0.000000	0.000000	0.000000	0.000000	0.000000	0.000000	0.000000	0.000000	0.000000
1761691795.384610176	0.000000	-0.000141	0.000131	-0.017780	-0.000000	0.000000	-0.000000	0.000676	-0.000362	0.012254	-0.000000	-0.000000	0.000000	0.050204	-1.995972	0.000058	0.000000	0.000000	0.000000	0.000000	0.000000	0.000000	0.000000	0.000000	0.000000	0.000000
1761691795.484593868	0.000000	-0.000129	0.000088	-0.024317	-0.000000	0.000000	-0.000000	0.000620	-0.000243	0.010623	-0.000000	-0.000000	0.000000	0.050269	-1.996001	0.001194	0.000000	0.000000	0.000000	0.000000	0.000000	0.000000	0.000000	0.000000	0.000000	0.000000
1761691795.584584236	0.000000	-0.000114	0.000030	2.244029	-0.000000	0.000000	-0.000000	0.000546	-0.000082	0.008300	-0.000000	-0.000000	0.000000	0.050326	-1.996016	0.002126	0.000000	0.000000	0.000000	0.000000	0.000000	2.451818	0.000000	0.000000	0.000000	0.000000
1761691795.684661150	-0.000000	-0.000825	0.004480	1.882479	-0.000000	-0.000000	0.000000	0.004876	-0.010885	0.174562	0.000000	0.000000	0.000000	0.050601	-1.996562	0.011249	-0.000000	0.000000	0.000000	0.000000	0.000000	2.451818	0.000000	0.000000	0.000000	0.000000
1761691795.784847260	-0.000000	-0.001190	0.010853	1.188082	-0.000000	-0.000000	0.000000	0.009850	-0.023081	0.366727	-0.000000	0.000000	0.000000	0.051428	-1.998354	0.040045	-0.000000	0.000000	0.000000	0.000000	0.000000	2.451818	0.000000	0.000000	0.000000	0.000000
1761691795.884569168	-0.000000	-0.001190	0.016086	0.392505	0.000000	-0.000000	0.000000	0.013519	-0.031443	0.508682	-0.000000	0.000000	0.000000	0.052823	-2.001125	0.085770	-0.000000	0.000000	0.000000	0.000000	0.000000	2.451818	0.000000	0.000000	0.000000	0.000000
1761691795.984709740	-0.000000	-0.001206	0.018104	-0.268897	0.000000	-0.000000	0.000000	0.015289	-0.034294	0.574452	-0.000000	0.000000	0.000000	0.054671	-2.004309	0.141358	-0.000000	0.000000	0.000000	0.000000	0.000000	2.451818	0.000000	0.000000	0.000000	0.000000
1761691796.084615707	0.000000	-0.001391	0.016833	-0.697013	0.000000	0.000000	-0.000000	0.015332	-0.032255	0.569609	-0.000000	-0.000000	0.000000	0.056765	-2.007358	0.199255	-0.000000	0.000000	0.000000	0.000000	0.000000	2.451818	0.000000	0.000000	0.000000	0.000000
1761691796.184606552	0.000000	-0.001636	0.013500	-0.915578	0.000000	0.000000	-0.000000	0.014123	-0.026956	0.514178	-0.000000	-0.000000	0.000000	0.058860	-2.009898	0.253458	-0.000000	0.000000	0.000000	0.000000	0.000000	2.451818	0.000000	0.000000	0.000000	0.000000
1761691796.284623384	0.000000	-0.001765	0.009368	-0.981395	0.000000	0.000000	-0.000000	0.012038	-0.019873	0.426263	0.000000	-0.000000	0.000000	0.060727	-2.011747	0.299899	-0.000000	0.000000	0.000000	0.000000	0.000000	2.451818	0.000000	0.000000	0.000000	0.000000
1761691796.384612560	0.000000	-0.001713	0.005571	-0.981975	-0.000000	0.000000	-0.000000	0.009705	-0.012597	0.330317	0.000000	-0.000000	0.000000	0.062230	-2.012897	0.337001	-0.000000	0.000000	0.000000	0.000000	0.000000	2.451818	0.000000	0.000000	0.000000	0.000000
1761691796.484581709	0.000000	-0.001464	0.002367	-0.938299	-0.000000	0.000000	-0.000000	0.007233	-0.005624	0.232129	0.000000	-0.000000	0.000000	0.063296	-2.013412	0.364306	0.000000	0.000000	0.000000	0.000000	0.000000	2.451818	0.000000	0.000000	0.000000	0.000000
1761691796.584704638	0.000000	-0.001063	-0.000234	-0.865474	-0.000000	0.000000	-0.000000	0.004769	0.000892	0.136844	0.000000	-0.000000	0.000000	0.063897	-2.013366	0.381912	0.000000	0.000000	0.000000	0.000000	0.000000	2.451818	0.000000	0.000000	0.000000	0.000000
1761691796.684808254	0.000000	-0.000566	-0.002521	-0.773324	-0.000000	0.000000	-0.000000	0.002451	0.006606	0.049082	-0.000000	-0.000000	-0.000000	0.064050	-2.012841	0.390426	0.000000	0.000000	0.000000	0.000000	0.000000	2.451818	0.000000	0.000000	0.000000	0.000000
1761691796.784615278	0.000000	-0.000024	-0.004647	-0.659025	-0.000000	0.000000	-0.000000	0.000331	0.011517	-0.029786	-0.000000	-0.000000	-0.000000	0.063798	-2.011915	0.390670	0.000000	0.000000	0.000000	0.000000	0.000000	2.451818	0.000000	0.000000	0.000000	0.000000
1761691796.884776354	0.000000	0.000517	-0.006476	-0.497219	-0.000000	0.000000	-0.000000	-0.001513	0.015501	-0.097593	-0.000000	-0.000000	-0.000000	0.063202	-2.010656	0.383656	0.000000	0.000000	0.000000	0.000000	0.000000	2.451818	0.000000	0.000000	0.000000	0.000000
1761691796.984522104	0.000000	0.000991	-0.007812	-0.305190	-0.000000	0.000000	-0.000000	-0.002949	0.018304	-0.150012	-0.000000	-0.000000	-0.000000	0.062347	-2.009142	0.370727	0.000000	-0.000000	0.000000	0.000000	0.000000	2.451818	0.000000	0.000000	0.000000	0.000000
1761691797.084602118	0.000000	0.001264	-0.008413	-0.144581	-0.000000	0.000000	-0.000000	-0.003870	0.019753	-0.183731	-0.000000	-0.000000	-0.000000	0.061336	-2.007468	0.353625	0.000000	-0.000000	0.000000	0.000000	0.000000	2.451818	0.000000	0.000000	0.000000	0.000000
1761691797.184775352	-0.000000	0.001449	-0.008638	0.038519	-0.000000	0.000000	-0.000000	-0.004266	0.020035	-0.198457	-0.000000	-0.000000	-0.000000	0.060448	-2.006016	0.337489	0.000000	-0.000000	0.000000	0.000000	0.000000	2.451818	0.000000	0.000000	0.000000	0.000000
1761691797.284525633	-0.000000	0.001447	-0.008282	0.192650	0.000000	0.000000	0.000000	-0.004310	0.019345	-0.200708	-0.000000	-0.000000	-0.000000	0.059402	-2.004284	0.317308	0.000000	-0.000000	0.000000	0.000000	0.000000	2.451818	0.000000	0.000000	0.000000	0.000000
1761691797.384546995	-0.000000	0.001258	-0.007347	0.283783	0.000000	-0.000000	0.000000	-0.003833	0.017446	-0.184012	-0.000000	0.000000	-0.000000	0.058461	-2.002663	0.298105	0.000000	-0.000000	0.000000	0.000000	0.000000	2.451818	0.000000	0.000000	0.000000	0.000000
1761691797.484763861	-0.000000	0.001017	-0.006374	0.361062	0.000000	-0.000000	0.000000	-0.003081	0.014969	-0.157153	-0.000000	0.000000	-0.000000	0.057677	-2.001224	0.281207	0.000000	-0.000000	0.000000	0.000000	0.000000	2.451818	0.000000	0.000000	0.000000	0.000000
1761691797.584765196	-0.000000	0.000698	-0.005079	0.403089	0.000000	-0.000000	0.000000	-0.002121	0.012068	-0.122334	-0.000000	0.000000	-0.000000	0.057073	-2.000011	0.267469	-0.000000	-0.000000	0.000000	0.000000	0.000000	2.451818	0.000000	0.000000	0.000000	0.000000
1761691797.684789896	-0.000000	0.000369	-0.003740	0.412519	0.000000	-0.000000	0.000000	-0.001047	0.008976	-0.082726	-0.000000	0.000000	-0.000000	0.056662	-1.999058	0.257517	-0.000000	-0.000000	0.000000	0.000000	0.000000	2.451818	0.000000	0.000000	0.000000	0.000000
1761691797.784897327	-0.000000	0.000069	-0.002462	0.394242	0.000000	-0.000000	0.000000	0.000049	0.005916	-0.041631	-0.000000	0.000000	-0.000000	0.056442	-1.998373	0.251635	-0.000000	-0.000000	0.000000	0.000000	0.000000	2.451818	0.000000	0.000000	0.000000	0.000000
1761691797.884694099	-0.000000	-0.000189	-0.001317	0.353026	0.000000	-0.000000	0.000000	0.001092	0.003069	-0.001902	-0.000000	0.000000	0.000000	0.056401	-1.997946	0.249802	-0.000000	-0.000000	0.000000	0.000000	0.000000	2.451818	0.000000	0.000000	0.000000	0.000000
1761691797.984741688	-0.000000	-0.000400	-0.000348	0.290227	0.000000	-0.000000	0.000000	0.002022	0.000577	0.034087	0.000000	0.000000	0.000000	0.056521	-1.997751	0.251740	-0.000000	0.000000	0.000000	0.000000	0.000000	2.451818	0.000000	0.000000	0.000000	0.000000
1761691798.084739685	-0.000000	-0.000561	0.000425	0.206094	0.000000	-0.000000	0.000000	0.002784	-0.001433	0.064157	0.000000	0.000000	0.000000	0.056776	-1.997750	0.256946	-0.000000	0.000000	0.000000	0.000000	0.000000	2.451818	0.000000	0.000000	0.000000	0.000000
1761691798.184893131	-0.000000	-0.000671	0.001003	0.111274	0.000000	-0.000000	0.000000	0.003326	-0.002842	0.086168	0.000000	0.000000	0.000000	0.057137	-1.997892	0.264704	-0.000000	0.000000	0.000000	0.000000	0.000000	2.451818	0.000000	0.000000	0.000000	0.000000
1761691798.284996748	-0.000000	-0.000731	0.001342	0.017024	0.000000	-0.000000	0.000000	0.003619	-0.003587	0.098876	0.000000	0.000000	0.000000	0.057564	-1.998119	0.274128	-0.000000	0.000000	0.000000	0.000000	0.000000	2.451818	0.000000	0.000000	0.000000	0.000000
1761691798.384757280	0.000000	-0.000745	0.001423	-0.067377	0.000000	-0.000000	-0.000000	0.003662	-0.003681	0.102149	0.000000	0.000000	0.000000	0.058017	-1.998372	0.284272	-0.000000	0.000000	0.000000	0.000000	0.000000	2.451818	0.000000	0.000000	0.000000	0.000000
1761691798.484545708	0.000000	-0.000719	0.001271	-0.135682	-0.000000	0.000000	-0.000000	0.003480	-0.003203	0.096818	0.000000	-0.000000	0.000000	0.058457	-1.998600	0.294235	-0.000000	0.000000	0.000000	0.000000	0.000000	2.451818	0.000000	0.000000	0.000000	0.000000
1761691798.584633112	0.000000	-0.000658	0.000935	-0.184723	-0.000000	0.000000	-0.000000	0.003113	-0.002274	0.084388	0.000000	-0.000000	0.000000	0.058849	-1.998761	0.303239	-0.000000	0.000000	0.000000	0.000000	0.000000	2.451818	0.000000	0.000000	0.000000	0.000000
1761691798.684666395	0.000000	-0.000567	0.000479	-0.213822	-0.000000	0.000000	-0.000000	0.002610	-0.001034	0.066733	0.000000	-0.000000	0.000000	0.059166	-1.998825	0.310682	-0.000000	0.000000	0.000000	0.000000	0.000000	2.451818	0.000000	0.000000	0.000000	0.000000
1761691798.784622908	0.000000	-0.000453	-0.000035	-0.223990	-0.000000	0.000000	-0.000000	0.002026	0.000375	0.045836	0.000000	-0.000000	0.000000	0.059389	-1.998776	0.316156	0.000000	0.000000	0.000000	0.000000	0.000000	2.451818	0.000000	0.000000	0.000000	0.000000
1761691798.884937048	0.000000	-0.000325	-0.000570	-0.217223	-0.000000	0.000000	-0.000000	0.001410	0.001822	0.023607	0.000000	-0.000000	-0.000000	0.059509	-1.998608	0.319450	0.000000	0.000000	0.000000	0.000000	0.000000	2.451818	0.000000	0.000000	0.000000	0.000000
1761691798.984695911	0.000000	-0.000193	-0.001096	-0.196037	-0.000000	0.000000	-0.000000	0.000809	0.003192	0.001772	0.000000	-0.000000	-0.000000	0.059527	-1.998325	0.320533	0.000000	0.000000	0.000000	0.000000	0.000000	2.451818	0.000000	0.000000	0.000000	0.000000
1761691799.084806681	0.000000	-0.000065	-0.001572	-0.162352	-0.000000	0.000000	-0.000000	0.000264	0.004389	-0.018185	0.000000	-0.000000	-0.000000	0.059450	-1.997939	0.319531	0.000000	0.000000	0.000000	0.000000	0.000000	2.451818	0.000000	0.000000	0.000000	0.000000
1761691799.184666395	0.000000	0.000046	-0.001961	-0.117771	-0.000000	0.000000	-0.000000	-0.000192	0.005333	-0.034982	-0.000000	-0.000000	-0.000000	0.059294	-1.997469	0.316709	0.000000	0.000000	0.000000	0.000000	0.000000	2.451818	0.000000	0.000000	0.000000	0.000000
1761691799.284593344	0.000000	0.000134	-0.002232	-0.067243	-0.000000	0.000000	-0.000000	-0.000528	0.005961	-0.047502	-0.000000	-0.000000	-0.000000	0.059119	-1.997029	0.313242	0.000000	-0.000000	0.000000	0.000000	0.000000	2.451818	0.000000	0.000000	0.000000	0.000000
1761691799.384551048	0.000000	0.000189	-0.002366	-0.015993	-0.000000	0.000000	-0.000000	-0.000698	0.006201	-0.053948	-0.000000	-0.000000	-0.000000	0.058873	-1.996467	0.308141	0.000000	-0.000000	0.000000	0.000000	0.000000	2.451818	0.000000	0.000000	0.000000	0.000000
1761691799.484524250	-0.000000	0.000210	-0.002360	0.031372	-0.000000	0.000000	0.000000	-0.000780	0.006188	-0.057255	-0.000000	-0.000000	-0.000000	0.058613	-1.995895	0.302496	0.000000	-0.000000	0.000000	0.000000	0.000000	2.451818	0.000000	0.000000	0.000000	0.000000
1761691799.584538937	-0.000000	0.000190	-0.002205	0.069548	0.000000	-0.000000	0.000000	-0.000711	0.005803	-0.054907	-0.000000	0.000000	-0.000000	0.058365	-1.995346	0.296875	0.000000	-0.000000	0.000000	0.000000	0.000000	2.451818	0.000000	0.000000	0.000000	0.000000
1761691799.684714794	-0.000000	0.000153	-0.001998	0.093753	0.000000	-0.000000	0.000000	-0.000537	0.005173	-0.048589	-0.000000	0.000000	-0.000000	0.058148	-1.994842	0.291726	0.000000	-0.000000	0.000000	0.000000	0.000000	2.451818	0.000000	0.000000	0.000000	0.000000
1761691799.784703016	-0.000000	0.000094	-0.001699	0.114018	0.000000	-0.000000	0.000000	-0.000295	0.004390	-0.039617	-0.000000	0.000000	-0.000000	0.057975	-1.994400	0.287374	0.000000	-0.000000	0.000000	0.000000	0.000000	2.451818	0.000000	0.000000	0.000000	0.000000
1761691799.884683609	-0.000000	0.000025	-0.001359	0.123947	0.000000	-0.000000	0.000000	-0.000001	0.003499	-0.028553	-0.000000	0.000000	-0.000000	0.057854	-1.994032	0.284043	-0.000000	-0.000000	0.000000	0.000000	0.000000	2.451818	0.000000	0.000000	0.000000	0.000000
1761691799.984762192	-0.000000	-0.000049	-0.001004	0.123673	0.000000	-0.000000	0.000000	0.000318	0.002564	-0.016324	-0.000000	0.000000	-0.000000	0.057789	-1.993743	0.281895	-0.000000	-0.000000	0.000000	0.000000	0.000000	2.451818	0.000000	0.000000	0.000000	0.000000
1761691800.084772825	-0.000000	-0.000120	-0.000660	0.114259	0.000000	-0.000000	0.000000	0.000636	0.001655	-0.003952	-0.000000	0.000000	-0.000000	0.057781	-1.993534	0.280984	-0.000000	0.000000	0.000000	0.000000	0.000000	2.451818	0.000000	0.000000	0.000000	0.000000
1761691800.184758425	-0.000000	-0.000185	-0.000348	0.097099	0.000000	-0.000000	0.000000	0.000928	0.000830	0.007631	-0.000000	0.000000	0.000000	0.057826	-1.993399	0.281271	-0.000000	0.000000	0.000000	0.000000	0.000000	2.451818	0.000000	0.000000	0.000000	0.000000
1761691800.284771442	-0.000000	-0.000239	-0.000088	0.073431	0.000000	-0.000000	0.000000	0.001173	0.000140	0.017627	0.000000	0.000000	0.000000	0.057918	-1.993329	0.282629	-0.000000	0.000000	0.000000	0.000000	0.000000	2.451818	0.000000	0.000000	0.000000	0.000000
1761691800.385290623	-0.000000	-0.000279	0.000111	0.045731	0.000000	-0.000000	0.000000	0.001355	-0.000378	0.025364	0.000000	0.000000	0.000000	0.058046	-1.993310	0.284860	-0.000000	0.000000	0.000000	0.000000	0.000000	2.451818	0.000000	0.000000	0.000000	0.000000
1761691800.484802961	-0.000000	-0.000303	0.000241	0.016790	0.000000	-0.000000	0.000000	0.001462	-0.000699	0.030399	0.000000	0.000000	0.000000	0.058199	-1.993325	0.287709	-0.000000	0.000000	0.000000	0.000000	0.000000	2.451818	0.000000	0.000000	0.000000	0.000000
1761691800.585103512	0.000000	-0.000311	0.000297	-0.010790	0.000000	-0.000000	-0.000000	0.001493	-0.000820	0.032560	0.000000	0.000000	0.000000	0.058363	-1.993358	0.290895	-0.000000	0.000000	0.000000	0.000000	0.000000	2.451818	0.000000	0.000000	0.000000	0.000000
1761691800.684784889	0.000000	-0.000305	0.000284	-0.034854	0.000000	0.000000	-0.000000	0.001450	-0.000753	0.031941	0.000000	-0.000000	0.000000	0.058527	-1.993392	0.294134	-0.000000	0.000000	0.000000	0.000000	0.000000	2.451818	0.000000	0.000000	0.000000	0.000000
1761691800.784983397	0.000000	-0.000285	0.000210	-0.053837	-0.000000	0.000000	-0.000000	0.001343	-0.000525	0.028857	0.000000	-0.000000	0.000000	0.058679	-1.993411	0.297165	-0.000000	0.000000	0.000000	0.000000	0.000000	2.451818	0.000000	0.000000	0.000000	0.000000
1761691800.885808229	0.000000	-0.000255	0.000089	-0.066800	-0.000000	0.000000	-0.000000	0.001186	-0.000175	0.023789	0.000000	-0.000000	0.000000	0.058808	-1.993406	0.299768	-0.000000	0.000000	0.000000	0.000000	0.000000	2.451818	0.000000	0.000000	0.000000	0.000000
1761691800.984853029	0.000000	-0.000216	-0.000062	-0.073398	-0.000000	0.000000	-0.000000	0.000994	0.000255	0.017325	0.000000	-0.000000	0.000000	0.058909	-1.993367	0.301779	0.000000	0.000000	0.000000	0.000000	0.000000	2.451818	0.000000	0.000000	0.000000	0.000000
1761691801.084707260	0.000000	-0.000173	-0.000230	-0.073795	-0.000000	0.000000	-0.000000	0.000785	0.000720	0.010096	0.000000	-0.000000	-0.000000	0.058977	-1.993291	0.303095	0.000000	0.000000	0.000000	0.000000	0.000000	2.451818	0.000000	0.000000	0.000000	0.000000
1761691801.184718847	0.000000	-0.000128	-0.000399	-0.068573	-0.000000	0.000000	-0.000000	0.000576	0.001179	0.002723	0.000000	-0.000000	-0.000000	0.059010	-1.993177	0.303674	0.000000	0.000000	0.000000	0.000000	0.000000	2.451818	0.000000	0.000000	0.000000	0.000000
1761691801.284726381	0.000000	-0.000085	-0.000555	-0.058595	-0.000000	0.000000	-0.000000	0.000381	0.001593	-0.004222	0.000000	-0.000000	-0.000000	0.059012	-1.993028	0.303538	0.000000	0.000000	0.000000	0.000000	0.000000	2.451818	0.000000	0.000000	0.000000	0.000000
1761691801.384744406	0.000000	-0.000048	-0.000686	-0.044768	-0.000000	0.000000	-0.000000	0.000213	0.001932	-0.010247	-0.000000	-0.000000	-0.000000	0.058985	-1.992848	0.302757	0.000000	0.000000	0.000000	0.000000	0.000000	2.451818	0.000000	0.000000	0.000000	0.000000
1761691801.484725475	0.000000	-0.000018	-0.000782	-0.028502	-0.000000	0.000000	-0.000000	0.000083	0.002172	-0.014955	-0.000000	-0.000000	-0.000000	0.058936	-1.992645	0.301448	0.000000	0.000000	0.000000	0.000000	0.000000	2.451818	0.000000	0.000000	0.000000	0.000000
1761691801.584701538	0.000000	0.000003	-0.000837	-0.011366	-0.000000	0.000000	-0.000000	-0.000002	0.002299	-0.018076	-0.000000	-0.000000	-0.000000	0.058872	-1.992429	0.299760	0.000000	0.000000	0.000000	0.000000	0.000000	2.451818	0.000000	0.000000	0.000000	0.000000
1761691801.684730291	0.000000	0.000013	-0.000848	0.005154	-0.000000	0.000000	0.000000	-0.000041	0.002309	-0.019498	-0.000000	-0.000000	-0.000000	0.058801	-1.992209	0.297857	0.000000	0.000000	0.000000	0.000000	0.000000	2.451818	0.000000	0.000000	0.000000	0.000000
1761691801.784725189	-0.000000	0.000013	-0.000818	0.019779	-0.000000	-0.000000	0.000000	-0.000036	0.002210	-0.019258	-0.000000	0.000000	-0.000000	0.058731	-1.991994	0.295910	0.000000	0.000000	0.000000	0.000000	0.000000	2.451818	0.000000	0.000000	0.000000	0.000000
1761691801.885292292	-0.000000	0.000005	-0.000751	0.031526	0.000000	-0.000000	0.000000	0.000009	0.002016	-0.017524	-0.000000	0.000000	-0.000000	0.058669	-1.991793	0.294075	0.000000	0.000000	0.000000	0.000000	0.000000	2.451818	0.000000	0.000000	0.000000	0.000000
1761691801.984750748	-0.000000	-0.000011	-0.000655	0.039753	0.000000	-0.000000	0.000000	0.000086	0.001748	-0.014567	-0.000000	0.000000	-0.000000	0.058620	-1.991613	0.292487	0.000000	0.000000	0.000000	0.000000	0.000000	2.451818	0.000000	0.000000	0.000000	0.000000
1761691802.084789753	-0.000000	-0.000033	-0.000541	0.044160	0.000000	-0.000000	0.000000	0.000184	0.001432	-0.010729	-0.000000	0.000000	-0.000000	0.058589	-1.991459	0.291248	0.000000	0.000000	0.000000	0.000000	0.000000	2.451818	0.000000	0.000000	0.000000	0.000000
1761691802.185350180	-0.000000	-0.000056	-0.000418	0.044768	0.000000	-0.000000	0.000000	0.000294	0.001095	-0.006386	-0.000000	0.000000	-0.000000	0.058577	-1.991333	0.290426	-0.000000	0.000000	0.000000	0.000000	0.000000	2.451818	0.000000	0.000000	0.000000	0.000000
1761691802.284697771	-0.000000	-0.000080	-0.000295	0.041878	0.000000	-0.000000	0.000000	0.000405	0.000761	-0.001920	-0.000000	0.000000	-0.000000	0.058586	-1.991237	0.290047	-0.000000	0.000000	0.000000	0.000000	0.000000	2.451818	0.000000	0.000000	0.000000	0.000000
1761691802.384721041	-0.000000	-0.000103	-0.000181	0.036004	0.000000	-0.000000	0.000000	0.000508	0.000454	0.002316	-0.000000	0.000000	-0.000000	0.058614	-1.991168	0.290104	-0.000000	0.000000	0.000000	0.000000	0.000000	2.451818	0.000000	0.000000	0.000000	0.000000
1761691802.484697104	-0.000000	-0.000121	-0.000084	0.027757	0.000000	-0.000000	0.000000	0.000581	0.000235	0.005415	-0.000000	0.000000	-0.000000	0.058650	-1.991130	0.290456	-0.000000	0.000000	0.000000	0.000000	0.000000	2.451818	0.000000	0.000000	0.000000	0.000000
1761691802.584790230	-0.000000	-0.000136	-0.000008	0.017982	0.000000	-0.000000	0.000000	0.000649	0.000025	0.008465	0.000000	0.000000	-0.000000	0.058707	-1.991102	0.291184	-0.000000	0.000000	0.000000	0.000000	0.000000	2.451818	0.000000	0.000000	0.000000	0.000000
1761691802.685061932	-0.000000	-0.000145	0.000043	0.007609	0.000000	-0.000000	0.000000	0.000692	-0.000117	0.010589	0.000000	0.000000	-0.000000	0.058774	-1.991088	0.292166	-0.000000	0.000000	0.000000	0.000000	0.000000	2.451818	0.000000	0.000000	0.000000	0.000000
1761691802.784711361	0.000000	-0.000148	0.000068	-0.002465	0.000000	-0.000000	-0.000000	0.000708	-0.000186	0.011696	0.000000	0.000000	-0.000000	0.058846	-1.991084	0.293300	-0.000000	0.000000	0.000000	0.000000	0.000000	2.451818	0.000000	0.000000	0.000000	0.000000
1761691802.884732008	0.000000	-0.000145	0.000068	-0.011460	0.000000	0.000000	-0.000000	0.000696	-0.000187	0.011785	0.000000	-0.000000	-0.000000	0.058919	-1.991082	0.294486	-0.000000	0.000000	0.000000	0.000000	0.000000	2.451818	0.000000	0.000000	0.000000	0.000000
1761691802.984637976	0.000000	-0.000138	0.000046	-0.018760	-0.000000	0.000000	-0.000000	0.000660	-0.000125	0.010939	0.000000	-0.000000	-0.000000	0.058988	-1.991077	0.295626	-0.000000	0.000000	0.000000	0.000000	0.000000	2.451818	0.000000	0.000000	0.000000	0.000000
1761691803.084672213	0.000000	-0.000126	0.000006	-0.023947	-0.000000	0.000000	-0.000000	0.000604	-0.000014	0.009306	0.000000	-0.000000	-0.000000	0.059050	-1.991065	0.296632	-0.000000	0.000000	0.000000	0.000000	0.000000	2.451818	0.000000	0.000000	0.000000	0.000000
1761691803.184910536	0.000000	-0.000111	-0.000047	-0.026814	-0.000000	0.000000	-0.000000	0.000533	0.000132	0.007085	0.000000	-0.000000	-0.000000	0.059102	-1.991042	0.297439	-0.000000	0.000000	0.000000	0.000000	0.000000	2.451818	0.000000	0.000000	0.000000	0.000000
1761691803.284622431	0.000000	-0.000095	-0.000106	-0.027348	-0.000000	0.000000	-0.000000	0.000455	0.000297	0.004499	0.000000	-0.000000	-0.000000	0.059142	-1.991006	0.298000	0.000000	0.000000	0.000000	0.000000	0.000000	2.451818	0.000000	0.000000	0.000000	0.000000
1761691803.384619951	0.000000	-0.000078	-0.000167	-0.025718	-0.000000	0.000000	-0.000000	0.000374	0.000464	0.001782	0.000000	-0.000000	-0.000000	0.059170	-1.990957	0.298292	0.000000	0.000000	0.000000	0.000000	0.000000	2.451818	0.000000	0.000000	0.000000	0.000000
1761691803.484611273	0.000000	-0.000062	-0.000224	-2.294539	-0.000000	0.000000	-0.000000	0.000297	0.000620	-0.000844	0.000000	-0.000000	-0.000000	0.059185	-1.990894	0.298315	0.000000	0.000000	0.000000	0.000000	0.000000	0.000000	0.000000	0.000000	0.000000	0.000000
1761691803.584642649	0.000000	0.000857	-0.003621	-2.029765	-0.000000	0.000000	-0.000000	-0.003213	0.009322	-0.135035	-0.000000	-0.000000	-0.000000	0.058948	-1.990519	0.292597	0.000000	-0.000000	0.000000	0.000000	0.000000	0.000000	0.000000	0.000000	0.000000	0.000000
1761691803.684610605	0.000000	0.002881	-0.009442	-1.379786	-0.000000	0.000000	-0.000000	-0.008383	0.022078	-0.335035	-0.000000	-0.000000	-0.000000	0.057884	-1.989077	0.267426	0.000000	-0.000000	0.000000	0.000000	0.000000	0.000000	0.000000	0.000000	0.000000	0.000000
1761691803.784903765	0.000000	0.004968	-0.014459	-0.574157	-0.000000	0.000000	-0.000000	-0.012283	0.031663	-0.493687	-0.000000	-0.000000	-0.000000	0.056144	-1.986609	0.223979	0.000000	-0.000000	0.000000	0.000000	0.000000	0.000000	0.000000	0.000000	0.000000	0.000000
1761691803.884656191	0.000000	0.006096	-0.016844	0.141438	-0.000000	0.000000	-0.000000	-0.013959	0.035920	-0.577957	-0.000000	-0.000000	-0.000000	0.054138	-1.983463	0.168800	0.000000	-0.000000	0.000000	0.000000	0.000000	0.000000	0.000000	0.000000	0.000000	0.000000
1761691803.984918356	-0.000000	0.005931	-0.016316	0.634489	0.000000	0.000000	0.000000	-0.013440	0.035057	-0.587667	-0.000000	-0.000000	-0.000000	0.052263	-1.980097	0.109643	0.000000	-0.000000	0.000000	0.000000	0.000000	0.000000	0.000000	0.000000	0.000000	0.000000
1761691804.084761858	-0.000000	0.004826	-0.013755	0.906222	0.000000	-0.000000	0.000000	-0.011333	0.030509	-0.540653	-0.000000	0.000000	-0.000000	0.050763	-1.976935	0.053072	0.000000	-0.000000	0.000000	0.000000	0.000000	0.000000	0.000000	0.000000	0.000000	0.000000
1761691804.184607506	-0.000000	0.003345	-0.010298	1.021400	0.000000	-0.000000	0.000000	-0.008371	0.023926	-0.459088	-0.000000	0.000000	-0.000000	0.049718	-1.974282	0.003463	0.000000	-0.000000	0.000000	0.000000	0.000000	0.000000	0.000000	0.000000	0.000000	0.000000
1761691804.284718752	-0.000000	0.001909	-0.006760	1.042601	0.000000	-0.000000	0.000000	-0.005129	0.016565	-0.360788	-0.000000	0.000000	-0.000000	0.049099	-1.972305	-0.036840	0.000000	-0.000000	0.000000	0.000000	0.000000	0.000000	0.000000	0.000000	0.000000	0.000000
1761691804.384453535	-0.000000	0.000722	-0.003552	1.008559	0.000000	-0.000000	0.000000	-0.001952	0.009185	-0.257234	-0.000000	0.000000	-0.000000	0.048834	-1.971067	-0.066901	-0.000000	-0.000000	0.000000	0.000000	0.000000	0.000000	0.000000	0.000000	0.000000	0.000000
1761691804.484608889	-0.000000	-0.000022	-0.001283	0.953998	0.000000	-0.000000	0.000000	0.000944	0.002284	-0.155811	-0.000000	0.000000	-0.000000	0.048848	-1.970556	-0.086685	-0.000000	-0.000000	0.000000	0.000000	0.000000	0.000000	0.000000	0.000000	0.000000	0.000000
1761691804.584583282	-0.000000	-0.000808	0.001494	0.861620	0.000000	-0.000000	0.000000	0.003547	-0.004090	-0.059502	-0.000000	0.000000	-0.000000	0.049080	-1.970726	-0.096610	-0.000000	-0.000000	0.000000	0.000000	0.000000	0.000000	0.000000	0.000000	0.000000	0.000000
1761691804.684967995	-0.000000	-0.001247	0.003858	0.722342	0.000000	-0.000000	0.000000	0.005773	-0.009682	0.028200	-0.000000	0.000000	0.000000	0.049493	-1.971511	-0.097380	-0.000000	0.000000	0.000000	0.000000	0.000000	0.000000	0.000000	0.000000	0.000000	0.000000
1761691804.784749269	-0.000000	-0.001483	0.005636	0.574137	0.000000	-0.000000	0.000000	0.007546	-0.014216	0.102755	-0.000000	0.000000	0.000000	0.050058	-1.972809	-0.090114	-0.000000	0.000000	0.000000	0.000000	0.000000	0.000000	0.000000	0.000000	0.000000	0.000000
1761691804.884761095	-0.000000	-0.001647	0.007453	0.357691	0.000000	-0.000000	0.000000	0.008866	-0.017638	0.162639	-0.000000	0.000000	0.000000	0.050755	-1.974502	-0.076243	-0.000000	0.000000	0.000000	0.000000	0.000000	0.000000	0.000000	0.000000	0.000000	0.000000
1761691804.984876156	-0.000000	-0.001731	0.008768	0.128057	0.000000	-0.000000	0.000000	0.009613	-0.019564	0.202016	-0.000000	0.000000	0.000000	0.051561	-1.976447	-0.057531	-0.000000	0.000000	0.000000	0.000000	0.000000	0.000000	0.000000	0.000000	0.000000	0.000000
1761691805.084564686	-0.000000	-0.001707	0.008960	-0.081054	0.000000	-0.000000	0.000000	0.009758	-0.019877	0.218649	-0.000000	0.000000	0.000000	0.052442	-1.978475	-0.036200	-0.000000	0.000000	0.000000	0.000000	0.000000	0.000000	0.000000	0.000000	0.000000	0.000000
1761691805.184758902	0.000000	-0.001641	0.008380	-0.248866	0.000000	0.000000	-0.000000	0.009364	-0.018767	0.214028	-0.000000	-0.000000	0.000000	0.053350	-1.980431	-0.014460	-0.000000	0.000000	0.000000	0.000000	0.000000	0.000000	0.000000	0.000000	0.000000	0.000000
1761691805.284965992	0.000000	-0.001545	0.007230	-0.358593	0.000000	0.000000	-0.000000	0.008544	-0.016556	0.191939	-0.000000	-0.000000	0.000000	0.054234	-1.982189	0.005771	-0.000000	0.000000	0.000000	0.000000	0.000000	0.000000	0.000000	0.000000	0.000000	0.000000
1761691805.384674788	0.000000	-0.001430	0.006029	-0.439602	0.000000	0.000000	-0.000000	0.007445	-0.013660	0.157908	-0.000000	-0.000000	0.000000	0.055048	-1.983668	0.023056	-0.000000	0.000000	0.000000	0.000000	0.000000	0.000000	0.000000	0.000000	0.000000	0.000000
1761691805.484597445	0.000000	-0.001252	0.004468	-0.469114	0.000000	0.000000	-0.000000	0.006153	-0.010310	0.115298	0.000000	-0.000000	0.000000	0.055754	-1.984820	0.036418	-0.000000	0.000000	0.000000	0.000000	0.000000	0.000000	0.000000	0.000000	0.000000	0.000000
1761691805.584730625	0.000000	-0.001032	0.002928	-0.462509	0.000000	0.000000	-0.000000	0.004795	-0.006847	0.068878	0.000000	-0.000000	0.000000	0.056324	-1.985627	0.045260	-0.000000	0.000000	0.000000	0.000000	0.000000	0.000000	0.000000	0.000000	0.000000	0.000000
1761691805.684679270	0.000000	-0.000784	0.001540	-0.426874	-0.000000	0.000000	-0.000000	0.003471	-0.003527	0.022518	0.000000	-0.000000	0.000000	0.056749	-1.986097	0.049439	0.000000	0.000000	0.000000	0.000000	0.000000	0.000000	0.000000	0.000000	0.000000	0.000000
1761691805.784743071	0.000000	-0.000527	0.000367	-0.367046	-0.000000	0.000000	-0.000000	0.002260	-0.000537	-0.020764	0.000000	-0.000000	-0.000000	0.057032	-1.986259	0.049141	0.000000	0.000000	0.000000	0.000000	0.000000	0.000000	0.000000	0.000000	0.000000	0.000000
1761691805.884731054	0.000000	-0.000283	-0.000584	-0.279498	-0.000000	0.000000	-0.000000	0.001228	0.001981	-0.058466	-0.000000	-0.000000	-0.000000	0.057192	-1.986155	0.044824	0.000000	-0.000000	0.000000	0.000000	0.000000	0.000000	0.000000	0.000000	0.000000	0.000000
1761691805.984734058	0.000000	-0.000079	-0.001336	-0.172778	-0.000000	0.000000	-0.000000	0.000442	0.003871	-0.087874	-0.000000	-0.000000	-0.000000	0.057254	-1.985839	0.037201	0.000000	-0.000000	0.000000	0.000000	0.000000	0.000000	0.000000	0.000000	0.000000	0.000000
1761691806.084799767	0.000000	0.000060	-0.001828	-0.060844	-0.000000	0.000000	-0.000000	-0.000047	0.005015	-0.106931	-0.000000	-0.000000	-0.000000	0.057253	-1.985380	0.027228	0.000000	-0.000000	0.000000	0.000000	0.000000	0.000000	0.000000	0.000000	0.000000	0.000000
1761691806.185082912	0.000000	0.000122	-0.002024	0.043658	0.000000	0.000000	-0.000000	-0.000227	0.005388	-0.114881	-0.000000	-0.000000	-0.000000	0.057224	-1.984852	0.015993	0.000000	-0.000000	0.000000	0.000000	0.000000	0.000000	0.000000	0.000000	0.000000	0.000000
1761691806.284625053	-0.000000	0.000106	-0.001936	0.131480	0.000000	-0.000000	0.000000	-0.000121	0.005050	-0.112257	-0.000000	0.000000	-0.000000	0.057200	-1.984329	0.004586	0.000000	-0.000000	0.000000	0.000000	0.000000	0.000000	0.000000	0.000000	0.000000	0.000000
1761691806.384572029	-0.000000	0.000025	-0.001613	0.197336	0.000000	-0.000000	0.000000	0.000158	0.004296	-0.102764	-0.000000	0.000000	-0.000000	0.057202	-1.983943	-0.004343	0.000000	-0.000000	0.000000	0.000000	0.000000	0.000000	0.000000	0.000000	0.000000	0.000000
1761691806.484627008	-0.000000	-0.000101	-0.001121	0.239383	0.000000	-0.000000	0.000000	0.000644	0.003011	-0.085225	-0.000000	0.000000	-0.000000	0.057248	-1.983584	-0.013670	0.000000	-0.000000	0.000000	0.000000	0.000000	0.000000	0.000000	0.000000	0.000000	0.000000
1761691806.584600449	-0.000000	-0.000251	-0.000534	0.258222	0.000000	-0.000000	0.000000	0.001246	0.001439	-0.062689	-0.000000	0.000000	-0.000000	0.057350	-1.983374	-0.020924	-0.000000	-0.000000	0.000000	0.000000	0.000000	0.000000	0.000000	0.000000	0.000000	0.000000
1761691806.684583902	-0.000000	-0.000404	0.000083	0.255925	0.000000	-0.000000	0.000000	0.001896	-0.000258	-0.037494	-0.000000	0.000000	-0.000000	0.057513	-1.983333	-0.025744	-0.000000	-0.000000	0.000000	0.000000	0.000000	0.000000	0.000000	0.000000	0.000000	0.000000
1761691806.784683466	-0.000000	-0.000545	0.000702	0.235342	0.000000	-0.000000	0.000000	0.002536	-0.001932	-0.011825	-0.000000	0.000000	-0.000000	0.057736	-1.983463	-0.027994	-0.000000	0.000000	0.000000	0.000000	0.000000	0.000000	0.000000	0.000000	0.000000	0.000000
1761691806.884907961	-0.000000	-0.000666	0.001290	0.199124	0.000000	-0.000000	0.000000	0.003118	-0.003457	0.012395	-0.000000	0.000000	0.000000	0.058017	-1.983755	-0.027741	0.000000	0.000000	0.000000	0.000000	0.000000	0.000000	0.000000	0.000000	0.000000	0.000000
1761691806.984990835	-0.000000	-0.000759	0.001797	0.148267	0.000000	-0.000000	0.000000	0.003600	-0.004727	0.033515	-0.000000	0.000000	0.000000	0.058347	-1.984187	-0.025229	0.000000	0.000000	0.000000	0.000000	0.000000	0.000000	0.000000	0.000000	0.000000	0.000000
1761691807.084648132	-0.000000	-0.000822	0.002175	0.088474	-0.000000	-0.000000	0.000000	0.003947	-0.005649	0.050036	-0.000000	0.000000	0.000000	0.058716	-1.984726	-0.020857	0.000000	0.000000	0.000000	0.000000	0.000000	0.000000	0.000000	0.000000	0.000000	0.000000
1761691807.184800863	-0.000000	-0.000853	0.002390	0.026530	0.000000	-0.000000	0.000000	0.004138	-0.006163	0.060877	-0.000000	0.000000	0.000000	0.059113	-1.985333	-0.015155	0.000000	0.000000	0.000000	0.000000	0.000000	0.000000	0.000000	0.000000	0.000000	0.000000
1761691807.284972668	-0.000000	-0.000855	0.002430	-0.031424	0.000000	-0.000000	0.000000	0.004164	-0.006254	0.065595	-0.000000	0.000000	0.000000	0.059523	-1.985964	-0.008723	0.000000	0.000000	0.000000	0.000000	0.000000	0.000000	0.000000	0.000000	0.000000	0.000000
1761691807.384677172	0.000000	-0.000830	0.002308	-0.071011	0.000000	0.000000	-0.000000	0.004010	-0.005885	0.063418	-0.000000	-0.000000	0.000000	0.059928	-1.986573	-0.002250	0.000000	0.000000	0.000000	0.000000	0.000000	0.000000	0.000000	0.000000	0.000000	0.000000
1761691807.484651566	0.000000	-0.000784	0.002062	-0.109255	0.000000	0.000000	-0.000000	0.003750	-0.005247	0.056977	-0.000000	-0.000000	0.000000	0.060315	-1.987125	0.003743	-0.000000	0.000000	0.000000	0.000000	0.000000	0.000000	0.000000	0.000000	0.000000	0.000000
1761691807.584591150	0.000000	-0.000719	0.001726	-0.135199	0.000000	0.000000	-0.000000	0.003457	-0.004530	0.048510	-0.000000	-0.000000	0.000000	0.060616	-1.987526	0.008089	-0.000000	0.000000	0.000000	0.000000	0.000000	0.000000	0.000000	0.000000	0.000000	0.000000
1761691807.684601307	0.000000	-0.000640	0.001329	-0.147877	0.000000	0.000000	-0.000000	0.003049	-0.003533	0.035855	-0.000000	-0.000000	0.000000	0.060942	-1.987919	0.012231	-0.000000	0.000000	0.000000	0.000000	0.000000	0.000000	0.000000	0.000000	0.000000	0.000000
1761691807.784776211	0.000000	-0.000551	0.000912	-0.147873	0.000000	0.000000	-0.000000	0.002604	-0.002459	0.021490	-0.000000	-0.000000	0.000000	0.061226	-1.988206	0.014993	-0.000000	0.000000	0.000000	0.000000	0.000000	0.000000	0.000000	0.000000	0.000000	0.000000
1761691807.885284662	0.000000	-0.000459	0.000509	-0.136552	0.000000	0.000000	-0.000000	0.002160	-0.001395	0.006702	-0.000000	-0.000000	-0.000000	0.061463	-1.988386	0.016279	0.000000	0.000000	0.000000	0.000000	0.000000	0.000000	0.000000	0.000000	0.000000	0.000000
1761691807.984969139	0.000000	-0.000370	0.000149	-0.115596	0.000000	0.000000	-0.000000	0.001745	-0.000419	-0.007330	-0.000000	-0.000000	-0.000000	0.061655	-1.988464	0.016118	0.000000	0.000000	0.000000	0.000000	0.000000	0.000000	0.000000	0.000000	0.000000	0.000000
1761691808.084916115	0.000000	-0.000291	-0.000150	-0.086421	0.000000	0.000000	-0.000000	0.001386	0.000407	-0.019588	-0.000000	-0.000000	-0.000000	0.061808	-1.988454	0.014647	0.000000	0.000000	0.000000	0.000000	0.000000	0.000000	0.000000	0.000000	0.000000	0.000000
1761691808.184711933	0.000000	-0.000229	-0.000378	-0.052210	0.000000	0.000000	-0.000000	0.001106	0.001032	-0.029203	-0.000000	-0.000000	-0.000000	0.061928	-1.988372	0.012094	0.000000	0.000000	0.000000	0.000000	0.000000	0.000000	0.000000	0.000000	0.000000	0.000000
1761691808.284626722	0.000000	-0.000186	-0.000521	-0.016560	0.000000	0.000000	-0.000000	0.000918	0.001421	-0.035564	-0.000000	-0.000000	-0.000000	0.062026	-1.988243	0.008765	0.000000	0.000000	0.000000	0.000000	0.000000	0.000000	0.000000	0.000000	0.000000	0.000000
1761691808.384592056	0.000000	-0.000166	-0.000574	0.017187	0.000000	0.000000	-0.000000	0.000827	0.001566	-0.038409	-0.000000	-0.000000	-0.000000	0.062110	-1.988089	0.005003	0.000000	-0.000000	0.000000	0.000000	0.000000	0.000000	0.000000	0.000000	0.000000	0.000000
1761691808.484674931	-0.000000	-0.000165	-0.000552	0.041814	0.000000	-0.000000	0.000000	0.000829	0.001478	-0.037815	-0.000000	0.000000	-0.000000	0.062191	-1.987935	0.001159	-0.000000	-0.000000	0.000000	0.000000	0.000000	0.000000	0.000000	0.000000	0.000000	0.000000
1761691808.584687710	-0.000000	-0.000183	-0.000453	0.065110	0.000000	-0.000000	0.000000	0.000915	0.001184	-0.034044	-0.000000	0.000000	-0.000000	0.062279	-1.987803	-0.002419	-0.000000	-0.000000	0.000000	0.000000	0.000000	0.000000	0.000000	0.000000	0.000000	0.000000
1761691808.684632063	-0.000000	-0.000214	-0.000301	0.081151	0.000000	-0.000000	0.000000	0.001060	0.000745	-0.027921	-0.000000	0.000000	-0.000000	0.062379	-1.987710	-0.005483	-0.000000	0.000000	0.000000	0.000000	0.000000	0.000000	0.000000	0.000000	0.000000	0.000000
1761691808.784817934	-0.000000	-0.000255	-0.000111	0.089211	0.000000	-0.000000	0.000000	0.001246	0.000206	-0.020074	-0.000000	0.000000	-0.000000	0.062496	-1.987667	-0.007828	-0.000000	0.000000	0.000000	0.000000	0.000000	0.000000	0.000000	0.000000	0.000000	0.000000
1761691808.884773493	-0.000000	-0.000300	0.000097	0.089470	0.000000	-0.000000	0.000000	0.001453	-0.000376	-0.011287	0.000000	0.000000	-0.000000	0.062632	-1.987682	-0.009329	-0.000000	0.000000	0.000000	0.000000	0.000000	0.000000	0.000000	0.000000	0.000000	0.000000
1761691808.984694719	-0.000000	-0.000344	0.000308	0.082662	-0.000000	-0.000000	0.000000	0.001657	-0.000950	-0.002344	0.000000	0.000000	-0.000000	0.062789	-1.987754	-0.009936	0.000000	0.000000	0.000000	0.000000	0.000000	0.000000	0.000000	0.000000	0.000000	0.000000
1761691809.084738016	-0.000000	-0.000383	0.000504	0.069851	-0.000000	-0.000000	0.000000	0.001842	-0.001468	0.006036	0.000000	0.000000	-0.000000	0.062964	-1.987882	-0.009677	0.000000	0.000000	0.000000	0.000000	0.000000	0.000000	0.000000	0.000000	0.000000	0.000000
1761691809.184804678	-0.000000	-0.000415	0.000669	0.052180	-0.000000	-0.000000	0.000000	0.001991	-0.001890	0.013234	0.000000	0.000000	-0.000000	0.063155	-1.988055	-0.008644	0.000000	0.000000	0.000000	0.000000	0.000000	0.000000	0.000000	0.000000	0.000000	0.000000
1761691809.284701586	-0.000000	-0.000437	0.000790	-2.150204	-0.000000	-0.000000	0.000000	0.002092	-0.002187	0.018747	0.000000	0.000000	-0.000000	0.063359	-1.988264	-0.006987	0.000000	0.000000	0.000000	0.000000	0.000000	-2.354104	0.000000	0.000000	0.000000	0.000000
1761691809.384742975	0.000000	0.000390	-0.002468	-1.913290	-0.000000	0.000000	-0.000000	-0.002270	0.008674	-0.147050	-0.000000	-0.000000	-0.000000	0.063354	-1.987942	-0.013359	-0.000000	-0.000000	0.000000	0.000000	0.000000	-2.354104	0.000000	0.000000	0.000000	0.000000
1761691809.484681129	0.000000	0.002201	-0.007960	-1.305863	-0.000000	0.000000	-0.000000	-0.007246	0.021050	-0.339825	-0.000000	-0.000000	-0.000000	0.062877	-1.986334	-0.039369	-0.000000	-0.000000	0.000000	0.000000	0.000000	-2.354104	0.000000	0.000000	0.000000	0.000000
1761691809.584833145	0.000000	0.004054	-0.012636	-0.557025	0.000000	0.000000	-0.000000	-0.010653	0.029568	-0.480535	-0.000000	-0.000000	-0.000000	0.062101	-1.983650	-0.081981	-0.000000	-0.000000	0.000000	0.000000	0.000000	-2.354104	0.000000	0.000000	0.000000	0.000000
1761691809.684592247	0.000000	0.005077	-0.014944	0.111395	0.000000	0.000000	-0.000000	-0.011905	0.032938	-0.548718	-0.000000	-0.000000	-0.000000	0.061297	-1.980355	-0.134532	-0.000000	-0.000000	0.000000	0.000000	0.000000	-2.354104	0.000000	0.000000	0.000000	0.000000
1761691809.784550667	-0.000000	0.004978	-0.014632	0.577630	0.000000	0.000000	0.000000	-0.011358	0.031990	-0.550575	-0.000000	-0.000000	-0.000000	0.060760	-1.977515	-0.180722	-0.000000	-0.000000	0.000000	0.000000	0.000000	-2.354104	0.000000	0.000000	0.000000	0.000000
1761691809.884559870	-0.000000	0.004044	-0.012441	0.837828	0.000000	-0.000000	0.000000	-0.009468	0.027972	-0.508353	-0.000000	0.000000	-0.000000	0.060357	-1.974369	-0.233834	-0.000000	-0.000000	0.000000	0.000000	0.000000	-2.354104	0.000000	0.000000	0.000000	0.000000
1761691809.984626770	-0.000000	0.002760	-0.009376	0.948809	0.000000	-0.000000	0.000000	-0.006766	0.021985	-0.433244	0.000000	0.000000	-0.000000	0.060211	-1.971785	-0.280577	-0.000000	-0.000000	0.000000	0.000000	0.000000	-2.354104	0.000000	0.000000	0.000000	0.000000
1761691810.084537268	-0.000000	0.001499	-0.006183	0.968979	0.000000	-0.000000	0.000000	-0.003786	0.015215	-0.342062	0.000000	0.000000	-0.000000	0.060260	-1.969909	-0.318706	-0.000000	-0.000000	0.000000	0.000000	0.000000	-2.354104	0.000000	0.000000	0.000000	0.000000
1761691810.184816837	-0.000000	0.000452	-0.003267	0.935330	-0.000000	-0.000000	0.000000	-0.000874	0.008425	-0.245501	0.000000	0.000000	-0.000000	0.060429	-1.968780	-0.347293	0.000000	-0.000000	0.000000	0.000000	0.000000	-2.354104	0.000000	0.000000	0.000000	0.000000
1761691810.284536123	-0.000000	-0.000350	-0.000754	0.869720	-0.000000	-0.000000	0.000000	0.001830	0.001960	-0.150846	0.000000	0.000000	-0.000000	0.060656	-1.968375	-0.366285	0.000000	-0.000000	0.000000	0.000000	0.000000	-2.354104	0.000000	0.000000	0.000000	0.000000
1761691810.384515762	-0.000000	-0.000954	0.001435	0.780310	-0.000000	-0.000000	0.000000	0.004227	-0.003936	-0.061687	0.000000	0.000000	-0.000000	0.060902	-1.968638	-0.376095	0.000000	-0.000000	0.000000	0.000000	0.000000	-2.354104	0.000000	0.000000	0.000000	0.000000
1761691810.484667301	-0.000000	-0.001379	0.003610	0.669324	-0.000000	-0.000000	0.000000	0.006276	-0.009122	0.019324	-0.000000	0.000000	-0.000000	0.061150	-1.969494	-0.377439	0.000000	0.000000	0.000000	0.000000	0.000000	-2.354104	0.000000	0.000000	0.000000	0.000000
1761691810.584627390	-0.000000	-0.001615	0.005304	0.541301	-0.000000	-0.000000	0.000000	0.007947	-0.013458	0.089956	-0.000000	0.000000	0.000000	0.061399	-1.970855	-0.371263	0.000000	0.000000	0.000000	0.000000	0.000000	-2.354104	0.000000	0.000000	0.000000	0.000000
1761691810.684639692	-0.000000	-0.001780	0.006986	0.352254	-0.000000	-0.000000	0.000000	0.008978	-0.016168	0.137198	-0.000000	0.000000	0.000000	0.061615	-1.972290	-0.361333	0.000000	0.000000	0.000000	0.000000	0.000000	-2.354104	0.000000	0.000000	0.000000	0.000000
1761691810.784758091	-0.000000	-0.001841	0.007962	0.183217	-0.000000	-0.000000	0.000000	0.009780	-0.018309	0.178725	-0.000000	0.000000	0.000000	0.061900	-1.974267	-0.344981	0.000000	0.000000	0.000000	0.000000	0.000000	-2.354104	0.000000	0.000000	0.000000	0.000000
1761691810.884708881	-0.000000	-0.001847	0.008449	-0.006350	-0.000000	-0.000000	0.000000	0.010035	-0.018996	0.199864	-0.000000	0.000000	0.000000	0.062223	-1.976369	-0.325758	0.000000	0.000000	0.000000	0.000000	0.000000	-2.354104	0.000000	0.000000	0.000000	0.000000
1761691810.984823942	-0.000000	-0.001806	0.008267	-0.168662	0.000000	-0.000000	0.000000	0.009814	-0.018416	0.202389	-0.000000	0.000000	0.000000	0.062587	-1.978459	-0.305493	0.000000	0.000000	0.000000	0.000000	0.000000	-2.354104	0.000000	0.000000	0.000000	0.000000
1761691811.084730148	0.000000	-0.001725	0.007494	-0.291472	0.000000	0.000000	-0.000000	0.009178	-0.016749	0.188228	-0.000000	-0.000000	0.000000	0.062983	-1.980410	-0.285967	0.000000	0.000000	0.000000	0.000000	0.000000	-2.354104	0.000000	0.000000	0.000000	0.000000
1761691811.184801340	0.000000	-0.001604	0.006316	-0.372693	0.000000	0.000000	-0.000000	0.008235	-0.014296	0.161127	-0.000000	-0.000000	0.000000	0.063395	-1.982125	-0.268640	0.000000	0.000000	0.000000	0.000000	0.000000	-2.354104	0.000000	0.000000	0.000000	0.000000
1761691811.284713745	0.000000	-0.001444	0.004933	-0.415283	0.000000	0.000000	-0.000000	0.007093	-0.011364	0.125212	-0.000000	-0.000000	0.000000	0.063802	-1.983539	-0.254566	-0.000000	0.000000	0.000000	0.000000	0.000000	-2.354104	0.000000	0.000000	0.000000	0.000000
1761691811.384729624	0.000000	-0.001247	0.003514	-0.424232	0.000000	0.000000	-0.000000	0.005855	-0.008232	0.084393	-0.000000	-0.000000	0.000000	0.064184	-1.984621	-0.244396	-0.000000	0.000000	0.000000	0.000000	0.000000	-2.354104	0.000000	0.000000	0.000000	0.000000
1761691811.484712362	0.000000	-0.001022	0.002180	-0.404839	0.000000	0.000000	-0.000000	0.004610	-0.005131	0.042119	-0.000000	-0.000000	0.000000	0.064529	-1.985367	-0.238417	-0.000000	0.000000	0.000000	0.000000	0.000000	-2.354104	0.000000	0.000000	0.000000	0.000000
1761691811.584714413	0.000000	-0.000784	0.001007	-0.362044	0.000000	0.000000	-0.000000	0.003436	-0.002245	0.001312	-0.000000	-0.000000	0.000000	0.064829	-1.985792	-0.236599	-0.000000	0.000000	0.000000	0.000000	0.000000	-2.354104	0.000000	0.000000	0.000000	0.000000
1761691811.684858084	0.000000	-0.000549	0.000036	-0.296997	0.000000	0.000000	-0.000000	0.002395	0.000281	-0.035605	0.000000	-0.000000	0.000000	0.065086	-1.985931	-0.238651	-0.000000	0.000000	0.000000	0.000000	0.000000	-2.354104	0.000000	0.000000	0.000000	0.000000
1761691811.784583569	0.000000	-0.000340	-0.000743	-0.209967	0.000000	0.000000	-0.000000	0.001544	0.002319	-0.066389	0.000000	-0.000000	-0.000000	0.065305	-1.985830	-0.244052	-0.000000	0.000000	0.000000	0.000000	0.000000	-2.354104	0.000000	0.000000	0.000000	0.000000
1761691811.884670973	0.000000	-0.000178	-0.001322	-0.112091	0.000000	0.000000	-0.000000	0.001032	0.003522	-0.085337	0.000000	-0.000000	-0.000000	0.065466	-1.985606	-0.250580	-0.000000	-0.000000	0.000000	0.000000	0.000000	-2.354104	0.000000	0.000000	0.000000	0.000000
1761691811.984682560	0.000000	-0.000079	-0.001653	-0.015061	0.000000	0.000000	-0.000000	0.000651	0.004380	-0.099809	0.000000	-0.000000	-0.000000	0.065645	-1.985229	-0.260067	-0.000000	-0.000000	0.000000	0.000000	0.000000	-2.354104	0.000000	0.000000	0.000000	0.000000
1761691812.085065842	0.000000	-0.000051	-0.001725	0.071545	0.000000	0.000000	-0.000000	0.000536	0.004562	-0.104800	0.000000	-0.000000	-0.000000	0.065847	-1.984733	-0.272179	-0.000000	-0.000000	0.000000	0.000000	0.000000	-2.354104	0.000000	0.000000	0.000000	0.000000
1761691812.184947729	0.000000	-0.000086	-0.001564	0.141344	-0.000000	-0.000000	-0.000000	0.000670	0.004154	-0.100281	0.000000	0.000000	-0.000000	0.065994	-1.984398	-0.280734	-0.000000	-0.000000	0.000000	0.000000	0.000000	-2.354104	0.000000	0.000000	0.000000	0.000000
1761691812.285327911	-0.000000	-0.000171	-0.001219	0.191169	-0.000000	-0.000000	0.000000	0.001058	0.003082	-0.088474	0.000000	0.000000	-0.000000	0.066178	-1.984068	-0.290151	-0.000000	-0.000000	0.000000	0.000000	0.000000	-2.354104	0.000000	0.000000	0.000000	0.000000
1761691812.384791136	-0.000000	-0.000289	-0.000751	0.220425	-0.000000	-0.000000	0.000000	0.001456	0.002014	-0.071018	0.000000	0.000000	-0.000000	0.066371	-1.983859	-0.298036	-0.000000	-0.000000	0.000000	0.000000	0.000000	-2.354104	0.000000	0.000000	0.000000	0.000000
1761691812.484702826	-0.000000	-0.000421	-0.000220	0.230230	-0.000000	-0.000000	0.000000	0.001997	0.000574	-0.049950	0.000000	0.000000	-0.000000	0.066575	-1.983798	-0.303941	0.000000	-0.000000	0.000000	0.000000	0.000000	-2.354104	0.000000	0.000000	0.000000	0.000000
1761691812.584586859	-0.000000	-0.000551	0.000326	0.222695	-0.000000	-0.000000	0.000000	0.002561	-0.000929	-0.027254	0.000000	0.000000	-0.000000	0.066788	-1.983897	-0.307623	0.000000	0.000000	0.000000	0.000000	0.000000	-2.354104	0.000000	0.000000	0.000000	0.000000
1761691812.684627533	-0.000000	-0.000669	0.000870	0.200430	-0.000000	-0.000000	0.000000	0.003102	-0.002373	-0.004734	0.000000	0.000000	-0.000000	0.067008	-1.984154	-0.309026	0.000000	0.000000	0.000000	0.000000	0.000000	-2.354104	0.000000	0.000000	0.000000	0.000000
1761691812.784513235	-0.000000	-0.000767	0.001370	0.165307	-0.000000	-0.000000	0.000000	0.003579	-0.003657	0.016052	0.000000	0.000000	-0.000000	0.067235	-1.984557	-0.308263	0.000000	0.000000	0.000000	0.000000	0.000000	-2.354104	0.000000	0.000000	0.000000	0.000000
1761691812.884523392	-0.000000	-0.000838	0.001767	0.120306	-0.000000	-0.000000	0.000000	0.003944	-0.004649	0.033168	-0.000000	0.000000	0.000000	0.067469	-1.985077	-0.305635	0.000000	0.000000	0.000000	0.000000	0.000000	-2.354104	0.000000	0.000000	0.000000	0.000000
1761691812.984522581	-0.000000	-0.000881	0.002043	0.070059	-0.000000	-0.000000	0.000000	0.004185	-0.005322	0.045948	-0.000000	0.000000	0.000000	0.067708	-1.985683	-0.301541	0.000000	0.000000	0.000000	0.000000	0.000000	-2.354104	0.000000	0.000000	0.000000	0.000000
1761691813.084722281	-0.000000	-0.000898	0.002179	0.019660	-0.000000	-0.000000	0.000000	0.004291	-0.005646	0.053792	-0.000000	0.000000	0.000000	0.067952	-1.986337	-0.296454	0.000000	0.000000	0.000000	0.000000	0.000000	-2.354104	0.000000	0.000000	0.000000	0.000000
1761691813.184575558	-0.000000	-0.000890	0.002173	-0.026546	-0.000000	-0.000000	0.000000	0.004265	-0.005629	0.056598	-0.000000	0.000000	0.000000	0.068198	-1.987003	-0.290876	0.000000	0.000000	0.000000	0.000000	0.000000	-2.354104	0.000000	0.000000	0.000000	0.000000
1761691813.285174608	-0.000000	-0.000859	0.002040	-0.065322	0.000000	0.000000	0.000000	0.004117	-0.005304	0.054713	-0.000000	-0.000000	0.000000	0.068445	-1.987645	-0.285294	0.000000	0.000000	0.000000	0.000000	0.000000	-2.354104	0.000000	0.000000	0.000000	0.000000
1761691813.384507656	0.000000	-0.000811	0.001807	-0.094620	0.000000	0.000000	-0.000000	0.003869	-0.004728	0.048827	-0.000000	-0.000000	0.000000	0.068688	-1.988235	-0.280139	0.000000	0.000000	0.000000	0.000000	0.000000	-2.354104	0.000000	0.000000	0.000000	0.000000
1761691813.484502554	0.000000	-0.000747	0.001503	-0.113493	0.000000	0.000000	-0.000000	0.003547	-0.003972	0.039854	-0.000000	-0.000000	0.000000	0.068924	-1.988749	-0.275759	0.000000	0.000000	0.000000	0.000000	0.000000	-2.354104	0.000000	0.000000	0.000000	0.000000
1761691813.584594965	0.000000	-0.000674	0.001163	-0.121904	0.000000	0.000000	-0.000000	0.003180	-0.003107	0.028819	-0.000000	-0.000000	0.000000	0.069151	-1.989174	-0.272405	0.000000	0.000000	0.000000	0.000000	0.000000	-2.354104	0.000000	0.000000	0.000000	0.000000
1761691813.684524059	0.000000	-0.000595	0.000816	-0.120525	0.000000	0.000000	-0.000000	0.002794	-0.002207	0.016769	-0.000000	-0.000000	0.000000	0.069367	-1.989502	-0.270220	-0.000000	0.000000	0.000000	0.000000	0.000000	-2.354104	0.000000	0.000000	0.000000	0.000000
1761691813.784673452	0.000000	-0.000529	0.000541	-0.112796	0.000000	0.000000	-0.000000	0.002418	-0.001337	0.004693	-0.000000	-0.000000	0.000000	0.069570	-1.989734	-0.269248	-0.000000	0.000000	0.000000	0.000000	0.000000	-2.354104	0.000000	0.000000	0.000000	0.000000
1761691813.884691715	0.000000	-0.000452	0.000240	-0.096539	0.000000	0.000000	-0.000000	0.002066	-0.000537	-0.006715	-0.000000	-0.000000	0.000000	0.069760	-1.989876	-0.269450	-0.000000	0.000000	0.000000	0.000000	0.000000	-2.354104	0.000000	0.000000	0.000000	0.000000
1761691813.984950304	0.000000	-0.000384	-0.000015	-0.073717	0.000000	0.000000	-0.000000	0.001762	0.000140	-0.016640	-0.000000	-0.000000	0.000000	0.069938	-1.989939	-0.270712	-0.000000	0.000000	0.000000	0.000000	0.000000	-2.354104	0.000000	0.000000	0.000000	0.000000
1761691814.084613085	0.000000	-0.000328	-0.000210	-0.046736	0.000000	0.000000	-0.000000	0.001522	0.000651	-0.024392	0.000000	-0.000000	-0.000000	0.070106	-1.989939	-0.272844	-0.000000	0.000000	0.000000	0.000000	0.000000	-2.354104	0.000000	0.000000	0.000000	0.000000
1761691814.184692621	0.000000	-0.000288	-0.000340	-0.018336	0.000000	0.000000	-0.000000	0.001358	0.000972	-0.029516	0.000000	-0.000000	-0.000000	0.070266	-1.989896	-0.275601	-0.000000	0.000000	0.000000	0.000000	0.000000	-2.354104	0.000000	0.000000	0.000000	0.000000
1761691814.284785748	0.000000	-0.000266	-0.000397	0.008903	0.000000	0.000000	-0.000000	0.001271	0.001097	-0.031823	0.000000	-0.000000	-0.000000	0.070420	-1.989830	-0.278707	-0.000000	0.000000	0.000000	0.000000	0.000000	-2.354104	0.000000	0.000000	0.000000	0.000000
1761691814.384749413	0.000000	-0.000261	-0.000386	0.032825	0.000000	-0.000000	-0.000000	0.001259	0.001036	-0.031386	0.000000	0.000000	-0.000000	0.070571	-1.989761	-0.281882	-0.000000	0.000000	0.000000	0.000000	0.000000	-2.354104	0.000000	0.000000	0.000000	0.000000
1761691814.484791994	-0.000000	-0.000271	-0.000315	0.051842	-0.000000	-0.000000	0.000000	0.001311	0.000816	-0.028502	0.000000	0.000000	-0.000000	0.070720	-1.989709	-0.284869	-0.000000	0.000000	0.000000	0.000000	0.000000	-2.354104	0.000000	0.000000	0.000000	0.000000
1761691814.584711313	-0.000000	-0.000293	-0.000197	0.064982	-0.000000	-0.000000	0.000000	0.001414	0.000472	-0.023635	0.000000	0.000000	-0.000000	0.070868	-1.989688	-0.287449	-0.000000	0.000000	0.000000	0.000000	0.000000	-2.354104	0.000000	0.000000	0.000000	0.000000
1761691814.684725285	-0.000000	-0.000322	-0.000047	0.071860	-0.000000	-0.000000	0.000000	0.001551	0.000047	-0.017356	0.000000	0.000000	-0.000000	0.071018	-1.989708	-0.289455	-0.000000	0.000000	0.000000	0.000000	0.000000	-2.354104	0.000000	0.000000	0.000000	0.000000
1761691814.784945250	-0.000000	-0.000356	0.000119	0.072605	-0.000000	-0.000000	0.000000	0.001705	-0.000418	-0.010285	0.000000	0.000000	-0.000000	0.071168	-1.989777	-0.290783	0.000000	0.000000	0.000000	0.000000	0.000000	-2.354104	0.000000	0.000000	0.000000	0.000000
1761691814.885010004	-0.000000	-0.000389	0.000288	0.067765	-0.000000	-0.000000	0.000000	0.001860	-0.000878	-0.003036	0.000000	0.000000	-0.000000	0.071321	-1.989894	-0.291389	0.000000	0.000000	0.000000	0.000000	0.000000	-2.354104	0.000000	0.000000	0.000000	0.000000
1761691814.984607697	-0.000000	-0.000420	0.000447	0.058180	-0.000000	-0.000000	0.000000	0.002000	-0.001298	0.003821	0.000000	0.000000	0.000000	0.071474	-1.990058	-0.291289	0.000000	0.000000	0.000000	0.000000	0.000000	-2.354104	0.000000	0.000000	0.000000	0.000000
1761691815.084702730	-0.000000	-0.000444	0.000582	0.044738	-0.000000	-0.000000	0.000000	0.002114	-0.001646	0.009798	0.000000	0.000000	0.000000	0.071629	-1.990261	-0.290552	0.000000	0.000000	0.000000	0.000000	0.000000	-2.354104	0.000000	0.000000	0.000000	0.000000
1761691815.184830666	-0.000000	-0.000461	0.000683	0.028811	-0.000000	-0.000000	0.000000	0.002191	-0.001897	0.014496	-0.000000	0.000000	0.000000	0.071785	-1.990496	-0.289289	0.000000	0.000000	0.000000	0.000000	0.000000	-2.354104	0.000000	0.000000	0.000000	0.000000
1761691815.284737587	-0.000000	-0.000469	0.000744	0.011944	-0.000000	-0.000000	0.000000	0.002226	-0.002038	0.017643	-0.000000	0.000000	0.000000	0.071941	-1.990749	-0.287645	0.000000	0.000000	0.000000	0.000000	0.000000	-2.354104	0.000000	0.000000	0.000000	0.000000
1761691815.384715796	-0.000000	-0.000468	0.000761	-0.004387	-0.000000	-0.000000	0.000000	0.002216	-0.002064	0.019118	-0.000000	0.000000	0.000000	0.072096	-1.991010	-0.285783	0.000000	0.000000	0.000000	0.000000	0.000000	-2.354104	0.000000	0.000000	0.000000	0.000000
1761691815.484703541	-0.000000	-0.000458	0.000736	-0.018905	-0.000000	0.000000	0.000000	0.002163	-0.001980	0.018952	-0.000000	-0.000000	0.000000	0.072249	-1.991265	-0.283869	0.000000	0.000000	0.000000	0.000000	0.000000	-2.354104	0.000000	0.000000	0.000000	0.000000
1761691815.584704399	0.000000	-0.000440	0.000675	-0.030623	0.000000	0.000000	-0.000000	0.002073	-0.001802	0.017303	-0.000000	-0.000000	0.000000	0.072399	-1.991505	-0.282060	0.000000	0.000000	0.000000	0.000000	0.000000	-2.354104	0.000000	0.000000	0.000000	0.000000
1761691815.685090303	0.000000	-0.000416	0.000585	-0.038888	0.000000	0.000000	-0.000000	0.001953	-0.001550	0.014436	-0.000000	-0.000000	0.000000	0.072546	-1.991720	-0.280489	0.000000	0.000000	0.000000	0.000000	0.000000	-2.354104	0.000000	0.000000	0.000000	0.000000
1761691815.784613371	0.000000	-0.000388	0.000475	-0.043387	0.000000	0.000000	-0.000000	0.001813	-0.001248	0.010685	-0.000000	-0.000000	0.000000	0.072688	-1.991904	-0.279258	0.000000	0.000000	0.000000	0.000000	0.000000	-2.354104	0.000000	0.000000	0.000000	0.000000
1761691815.884620905	0.000000	-0.000356	0.000355	-0.044126	0.000000	0.000000	-0.000000	0.001687	-0.000978	0.007145	-0.000000	-0.000000	0.000000	0.072802	-1.992031	-0.278542	-0.000000	0.000000	0.000000	0.000000	0.000000	-2.354104	0.000000	0.000000	0.000000	0.000000
1761691815.984614372	0.000000	-0.000324	0.000236	-0.041391	0.000000	0.000000	-0.000000	0.001536	-0.000654	0.002757	-0.000000	-0.000000	0.000000	0.072934	-1.992151	-0.278083	-0.000000	0.000000	0.000000	0.000000	0.000000	-2.354104	0.000000	0.000000	0.000000	0.000000
1761691816.084664345	0.000000	-0.000294	0.000126	2.146060	0.000000	0.000000	-0.000000	0.001392	-0.000351	-0.001473	-0.000000	-0.000000	0.000000	0.073061	-1.992236	-0.278057	-0.000000	0.000000	0.000000	0.000000	0.000000	0.000000	0.000000	0.000000	0.000000	0.000000
1761691816.184611320	-0.000000	-0.001024	0.004602	1.801627	-0.000000	-0.000000	0.000000	0.005688	-0.011134	0.164503	-0.000000	0.000000	0.000000	0.073246	-1.992882	-0.269940	0.000000	0.000000	0.000000	0.000000	0.000000	0.000000	0.000000	0.000000	0.000000	0.000000
1761691816.284534693	-0.000000	-0.001401	0.010651	1.157418	-0.000000	-0.000000	0.000000	0.010380	-0.022706	0.347972	-0.000000	0.000000	0.000000	0.073608	-1.994838	-0.242650	0.000000	0.000000	0.000000	0.000000	0.000000	0.000000	0.000000	0.000000	0.000000	0.000000
1761691816.384840965	-0.000000	-0.001435	0.015168	0.454403	-0.000000	-0.000000	0.000000	0.013578	-0.030012	0.474451	-0.000000	0.000000	0.000000	0.074214	-1.997772	-0.200027	0.000000	0.000000	0.000000	0.000000	0.000000	0.000000	0.000000	0.000000	0.000000	0.000000
1761691816.484812498	-0.000000	-0.001460	0.016785	-0.131284	-0.000000	-0.000000	0.000000	0.015036	-0.032342	0.531608	-0.000000	0.000000	0.000000	0.075095	-2.001147	-0.148760	0.000000	0.000000	0.000000	0.000000	0.000000	0.000000	0.000000	0.000000	0.000000	0.000000
1761691816.584589958	0.000000	-0.001590	0.015680	-0.533388	-0.000000	-0.000000	0.000000	0.015005	-0.030532	0.528241	-0.000000	0.000000	0.000000	0.076209	-2.004463	-0.095389	0.000000	0.000000	0.000000	0.000000	0.000000	0.000000	0.000000	0.000000	0.000000	0.000000
1761691816.685106754	0.000000	-0.001750	0.012868	-0.769436	0.000000	0.000000	-0.000000	0.013902	-0.025976	0.481604	-0.000000	-0.000000	0.000000	0.077449	-2.007361	-0.045007	0.000000	0.000000	0.000000	0.000000	0.000000	0.000000	0.000000	0.000000	0.000000	0.000000
1761691816.784576654	0.000000	-0.001829	0.009387	-0.885543	0.000000	0.000000	-0.000000	0.012120	-0.019956	0.408595	-0.000000	-0.000000	0.000000	0.078684	-2.009644	-0.000942	0.000000	0.000000	0.000000	0.000000	0.000000	0.000000	0.000000	0.000000	0.000000	0.000000
1761691816.884576559	0.000000	-0.001757	0.005932	-0.922244	0.000000	0.000000	-0.000000	0.009953	-0.013382	0.321975	-0.000000	-0.000000	0.000000	0.079797	-2.011240	0.034946	0.000000	0.000000	0.000000	0.000000	0.000000	0.000000	0.000000	0.000000	0.000000	0.000000
1761691816.984840870	0.000000	-0.001572	0.003346	-0.911790	0.000000	0.000000	-0.000000	0.007611	-0.006817	0.230363	-0.000000	-0.000000	0.000000	0.080699	-2.012151	0.061825	0.000000	0.000000	0.000000	0.000000	0.000000	0.000000	0.000000	0.000000	0.000000	0.000000
1761691817.084635735	0.000000	-0.001216	0.000689	-0.863119	0.000000	0.000000	-0.000000	0.005221	-0.000529	0.139010	-0.000000	-0.000000	0.000000	0.081340	-2.012419	0.079525	-0.000000	0.000000	0.000000	0.000000	0.000000	0.000000	0.000000	0.000000	0.000000	0.000000
1761691817.184740305	0.000000	-0.000746	-0.001578	-0.782836	0.000000	0.000000	-0.000000	0.002898	0.005233	0.051887	-0.000000	-0.000000	0.000000	0.081699	-2.012100	0.088310	-0.000000	0.000000	0.000000	0.000000	0.000000	0.000000	0.000000	0.000000	0.000000	0.000000
1761691817.284577131	0.000000	-0.000213	-0.003743	-0.675443	0.000000	0.000000	-0.000000	0.000743	0.010286	-0.027735	-0.000000	-0.000000	-0.000000	0.081788	-2.011266	0.088798	-0.000000	0.000000	0.000000	0.000000	0.000000	0.000000	0.000000	0.000000	0.000000	0.000000
1761691817.384692430	0.000000	0.000330	-0.005677	-0.518008	0.000000	0.000000	-0.000000	-0.001152	0.014463	-0.097069	-0.000000	-0.000000	-0.000000	0.081641	-2.009995	0.081905	0.000000	-0.000000	0.000000	0.000000	0.000000	0.000000	0.000000	0.000000	0.000000	0.000000
1761691817.484832764	0.000000	0.000831	-0.007184	-0.319202	0.000000	0.000000	-0.000000	-0.002646	0.017482	-0.151494	-0.000000	-0.000000	-0.000000	0.081314	-2.008385	0.068914	0.000000	-0.000000	0.000000	0.000000	0.000000	0.000000	0.000000	0.000000	0.000000	0.000000
1761691817.584562302	0.000000	0.001195	-0.008073	-0.110668	0.000000	0.000000	-0.000000	-0.003610	0.019101	-0.186728	-0.000000	-0.000000	-0.000000	0.080879	-2.006555	0.051572	0.000000	-0.000000	0.000000	0.000000	0.000000	0.000000	0.000000	0.000000	0.000000	0.000000
1761691817.684744596	0.000000	0.001359	-0.008265	0.079297	0.000000	0.000000	-0.000000	-0.003996	0.019280	-0.201270	-0.000000	-0.000000	-0.000000	0.080412	-2.004643	0.031906	-0.000000	-0.000000	0.000000	0.000000	0.000000	0.000000	0.000000	0.000000	0.000000	0.000000
1761691817.784604549	-0.000000	0.001318	-0.007813	0.232478	0.000000	-0.000000	0.000000	-0.003843	0.018174	-0.196506	-0.000000	0.000000	-0.000000	0.079978	-2.002780	0.011925	-0.000000	-0.000000	0.000000	0.000000	0.000000	0.000000	0.000000	0.000000	0.000000	0.000000
1761691817.884623528	-0.000000	0.001111	-0.006870	0.341506	0.000000	-0.000000	0.000000	-0.003254	0.016067	-0.175812	-0.000000	0.000000	-0.000000	0.079621	-2.001080	-0.006625	-0.000000	-0.000000	0.000000	0.000000	0.000000	0.000000	0.000000	0.000000	0.000000	0.000000
1761691817.984577179	-0.000000	0.000805	-0.005624	0.406931	0.000000	-0.000000	0.000000	-0.002356	0.013286	-0.143478	-0.000000	0.000000	-0.000000	0.079367	-1.999628	-0.022396	-0.000000	-0.000000	0.000000	0.000000	0.000000	0.000000	0.000000	0.000000	0.000000	0.000000
1761691818.084793091	-0.000000	0.000462	-0.004250	0.433414	0.000000	-0.000000	0.000000	-0.001276	0.010147	-0.103876	0.000000	0.000000	-0.000000	0.079227	-1.998476	-0.034479	-0.000000	-0.000000	0.000000	0.000000	0.000000	0.000000	0.000000	0.000000	0.000000	0.000000
1761691818.184585333	-0.000000	0.000133	-0.002888	0.426878	0.000000	-0.000000	0.000000	-0.000321	0.007462	-0.068199	0.000000	0.000000	-0.000000	0.079195	-1.997763	-0.041366	-0.000000	-0.000000	0.000000	0.000000	0.000000	0.000000	0.000000	0.000000	0.000000	0.000000
1761691818.284556389	-0.000000	-0.000156	-0.001633	0.393055	-0.000000	-0.000000	0.000000	0.000811	0.004346	-0.025293	0.000000	0.000000	-0.000000	0.079254	-1.997202	-0.045676	-0.000000	0.000000	0.000000	0.000000	0.000000	0.000000	0.000000	0.000000	0.000000	0.000000
1761691818.384551287	-0.000000	-0.000398	-0.000547	0.336194	-0.000000	-0.000000	0.000000	0.001860	0.001513	0.015140	0.000000	0.000000	-0.000000	0.079410	-1.996944	-0.045809	0.000000	0.000000	0.000000	0.000000	0.000000	0.000000	0.000000	0.000000	0.000000	0.000000
1761691818.484789133	-0.000000	-0.000587	0.000341	0.253803	-0.000000	-0.000000	0.000000	0.002763	-0.000891	0.050654	0.000000	0.000000	0.000000	0.079650	-1.996948	-0.042160	0.000000	0.000000	0.000000	0.000000	0.000000	0.000000	0.000000	0.000000	0.000000	0.000000
1761691818.584853172	-0.000000	-0.000720	0.001041	0.154561	-0.000000	-0.000000	0.000000	0.003461	-0.002723	0.078781	0.000000	0.000000	0.000000	0.079962	-1.997163	-0.035363	0.000000	0.000000	0.000000	0.000000	0.000000	0.000000	0.000000	0.000000	0.000000	0.000000
1761691818.685199261	-0.000000	-0.000800	0.001498	0.051125	-0.000000	-0.000000	0.000000	0.003905	-0.003874	0.097545	-0.000000	0.000000	0.000000	0.080326	-1.997522	-0.026280	0.000000	0.000000	0.000000	0.000000	0.000000	0.000000	0.000000	0.000000	0.000000	0.000000
1761691818.784882784	-0.000000	-0.000829	0.001675	-0.045140	-0.000000	-0.000000	0.000000	0.004078	-0.004309	0.106106	-0.000000	0.000000	0.000000	0.080720	-1.997951	-0.015911	0.000000	0.000000	0.000000	0.000000	0.000000	0.000000	0.000000	0.000000	0.000000	0.000000
1761691818.884669304	0.000000	-0.000813	0.001582	-0.125904	-0.000000	0.000000	-0.000000	0.003992	-0.004076	0.104800	-0.000000	-0.000000	0.000000	0.081121	-1.998380	-0.005270	0.000000	0.000000	0.000000	0.000000	0.000000	0.000000	0.000000	0.000000	0.000000	0.000000
1761691818.984554529	0.000000	-0.000757	0.001265	-0.186347	0.000000	0.000000	-0.000000	0.003681	-0.003283	0.094902	-0.000000	-0.000000	0.000000	0.081504	-1.998747	0.004723	0.000000	0.000000	0.000000	0.000000	0.000000	0.000000	0.000000	0.000000	0.000000	0.000000
1761691819.084596157	0.000000	-0.000668	0.000794	-0.224718	0.000000	0.000000	-0.000000	0.003196	-0.002076	0.078282	-0.000000	-0.000000	0.000000	0.081848	-1.999006	0.013311	0.000000	0.000000	0.000000	0.000000	0.000000	0.000000	0.000000	0.000000	0.000000	0.000000
1761691819.185271263	0.000000	-0.000551	0.000240	-0.234058	0.000000	0.000000	-0.000000	0.002594	-0.000611	0.057090	-0.000000	-0.000000	0.000000	0.082135	-1.999125	0.019945	0.000000	0.000000	0.000000	0.000000	0.000000	0.000000	0.000000	0.000000	0.000000	0.000000
1761691819.285142183	0.000000	-0.000440	-0.000232	-0.240656	0.000000	0.000000	-0.000000	0.001944	0.000929	0.033839	-0.000000	-0.000000	0.000000	0.082356	-1.999091	0.024304	0.000000	0.000000	0.000000	0.000000	0.000000	0.000000	0.000000	0.000000	0.000000	0.000000
1761691819.384734392	0.000000	-0.000297	-0.000809	-0.223776	0.000000	0.000000	-0.000000	0.001280	0.002468	0.009884	-0.000000	-0.000000	0.000000	0.082507	-1.998905	0.026296	0.000000	0.000000	0.000000	0.000000	0.000000	0.000000	0.000000	0.000000	0.000000	0.000000
1761691819.484971285	0.000000	-0.000154	-0.001357	-0.191604	0.000000	0.000000	-0.000000	0.000656	0.003870	-0.012775	-0.000000	-0.000000	-0.000000	0.082589	-1.998573	0.025950	0.000000	0.000000	0.000000	0.000000	0.000000	0.000000	0.000000	0.000000	0.000000	0.000000
1761691819.584979773	0.000000	-0.000024	-0.001826	-0.145409	0.000000	0.000000	-0.000000	0.000117	0.005026	-0.032472	-0.000000	-0.000000	-0.000000	0.082612	-1.998116	0.023502	0.000000	0.000000	0.000000	0.000000	0.000000	0.000000	0.000000	0.000000	0.000000	0.000000
1761691819.684758186	0.000000	0.000082	-0.002176	-0.090128	0.000000	0.000000	-0.000000	-0.000298	0.005850	-0.047783	-0.000000	-0.000000	-0.000000	0.082586	-1.997563	0.019329	0.000000	0.000000	0.000000	0.000000	0.000000	0.000000	0.000000	0.000000	0.000000	0.000000
1761691819.784772873	0.000000	0.000155	-0.002378	-0.032041	0.000000	0.000000	-0.000000	-0.000565	0.006289	-0.057717	-0.000000	-0.000000	-0.000000	0.082530	-1.996951	0.013933	-0.000000	0.000000	0.000000	0.000000	0.000000	0.000000	0.000000	0.000000	0.000000	0.000000
1761691819.884719372	0.000000	0.000188	-0.002421	0.023033	0.000000	0.000000	-0.000000	-0.000673	0.006331	-0.061889	-0.000000	-0.000000	-0.000000	0.082459	-1.996318	0.007878	-0.000000	-0.000000	0.000000	0.000000	0.000000	0.000000	0.000000	0.000000	0.000000	0.000000
1761691819.984897137	-0.000000	0.000182	-0.002313	0.070460	0.000000	-0.000000	0.000000	-0.000631	0.006006	-0.060504	-0.000000	0.000000	-0.000000	0.082390	-1.995701	0.001731	-0.000000	-0.000000	0.000000	0.000000	0.000000	0.000000	0.000000	0.000000	0.000000	0.000000
1761691820.084797621	-0.000000	0.000142	-0.002079	0.107105	0.000000	-0.000000	0.000000	-0.000460	0.005372	-0.054248	-0.000000	0.000000	-0.000000	0.082337	-1.995136	-0.003987	-0.000000	0.000000	0.000000	0.000000	0.000000	0.000000	0.000000	0.000000	0.000000	0.000000
1761691820.184992790	-0.000000	0.000077	-0.001752	0.131326	0.000000	-0.000000	0.000000	-0.000189	0.004508	-0.044148	-0.000000	0.000000	-0.000000	0.082309	-1.994647	-0.008848	-0.000000	0.000000	0.000000	0.000000	0.000000	0.000000	0.000000	0.000000	0.000000	0.000000
1761691820.285260677	-0.000000	-0.000002	-0.001369	0.142754	0.000000	-0.000000	0.000000	0.000146	0.003504	-0.031419	0.000000	0.000000	-0.000000	0.082314	-1.994254	-0.012537	-0.000000	0.000000	0.000000	0.000000	0.000000	0.000000	0.000000	0.000000	0.000000	0.000000
1761691820.384585381	-0.000000	-0.000087	-0.000968	0.142014	0.000000	-0.000000	0.000000	0.000512	0.002448	-0.017334	0.000000	0.000000	-0.000000	0.082354	-1.993966	-0.014865	-0.000000	0.000000	0.000000	0.000000	0.000000	0.000000	0.000000	0.000000	0.000000	0.000000
1761691820.484674692	-0.000000	-0.000169	-0.000580	0.130448	-0.000000	-0.000000	0.000000	0.000874	0.001421	-0.003121	0.000000	0.000000	-0.000000	0.082429	-1.993782	-0.015769	-0.000000	0.000000	0.000000	0.000000	0.000000	0.000000	0.000000	0.000000	0.000000	0.000000
1761691820.585028410	-0.000000	-0.000243	-0.000232	0.109663	-0.000000	-0.000000	0.000000	0.001205	0.000496	0.010117	0.000000	0.000000	0.000000	0.082537	-1.993696	-0.015301	0.000000	0.000000	0.000000	0.000000	0.000000	0.000000	0.000000	0.000000	0.000000	0.000000
1761691820.684690237	-0.000000	-0.000302	0.000056	0.081135	-0.000000	-0.000000	0.000000	0.001479	-0.000269	0.021430	0.000000	0.000000	0.000000	0.082674	-1.993695	-0.013615	0.000000	0.000000	0.000000	0.000000	0.000000	0.000000	0.000000	0.000000	0.000000	0.000000
1761691820.784767628	-0.000000	-0.000345	0.000274	0.047995	-0.000000	-0.000000	0.000000	0.001676	-0.000829	0.030019	0.000000	0.000000	0.000000	0.082833	-1.993758	-0.010951	0.000000	0.000000	0.000000	0.000000	0.000000	0.000000	0.000000	0.000000	0.000000	0.000000
1761691820.885236502	-0.000000	-0.000370	0.000410	0.013693	-0.000000	-0.000000	0.000000	0.001786	-0.001156	0.035370	0.000000	0.000000	0.000000	0.083007	-1.993863	-0.007614	0.000000	0.000000	0.000000	0.000000	0.000000	0.000000	0.000000	0.000000	0.000000	0.000000
1761691820.984716654	-0.000000	-0.000376	0.000458	-0.018595	-0.000000	-0.000000	0.000000	0.001804	-0.001246	0.037311	-0.000000	0.000000	0.000000	0.083187	-1.993986	-0.003940	0.000000	0.000000	0.000000	0.000000	0.000000	0.000000	0.000000	0.000000	0.000000	0.000000
1761691821.084801435	0.000000	-0.000365	0.000424	-0.046283	-0.000000	0.000000	-0.000000	0.001737	-0.001118	0.035990	-0.000000	-0.000000	0.000000	0.083363	-1.994105	-0.000264	0.000000	0.000000	0.000000	0.000000	0.000000	0.000000	0.000000	0.000000	0.000000	0.000000
1761691821.184761524	0.000000	-0.000339	0.000319	-0.067541	-0.000000	0.000000	-0.000000	0.001596	-0.000807	0.031823	-0.000000	-0.000000	0.000000	0.083529	-1.994200	0.003112	0.000000	0.000000	0.000000	0.000000	0.000000	0.000000	0.000000	0.000000	0.000000	0.000000
1761691821.284560442	0.000000	-0.000301	0.000163	-0.081330	0.000000	0.000000	-0.000000	0.001432	-0.000438	0.026549	-0.000000	-0.000000	0.000000	0.083655	-1.994249	0.005512	0.000000	0.000000	0.000000	0.000000	0.000000	0.000000	0.000000	0.000000	0.000000	0.000000
1761691821.384604692	0.000000	-0.000254	-0.000026	-0.087345	0.000000	0.000000	-0.000000	0.001204	0.000081	0.018876	-0.000000	-0.000000	0.000000	0.083785	-1.994262	0.007734	0.000000	0.000000	0.000000	0.000000	0.000000	0.000000	0.000000	0.000000	0.000000	0.000000
1761691821.484719753	0.000000	-0.000201	-0.000229	-0.085903	0.000000	0.000000	-0.000000	0.000956	0.000638	0.010342	-0.000000	-0.000000	0.000000	0.083891	-1.994221	0.009131	0.000000	0.000000	0.000000	0.000000	0.000000	0.000000	0.000000	0.000000	0.000000	0.000000
1761691821.584731102	0.000000	-0.000149	-0.000429	-0.077821	0.000000	0.000000	-0.000000	0.000710	0.001183	0.001703	-0.000000	-0.000000	0.000000	0.083971	-1.994125	0.009659	0.000000	0.000000	0.000000	0.000000	0.000000	0.000000	0.000000	0.000000	0.000000	0.000000
1761691821.685089350	0.000000	-0.000099	-0.000609	-0.064136	0.000000	0.000000	-0.000000	0.000483	0.001670	-0.006348	-0.000000	-0.000000	0.000000	0.084027	-1.993976	0.009351	0.000000	0.000000	0.000000	0.000000	0.000000	0.000000	0.000000	0.000000	0.000000	0.000000
1761691821.784690619	0.000000	-0.000057	-0.000756	-0.046117	0.000000	0.000000	-0.000000	0.000291	0.002062	-0.013218	-0.000000	-0.000000	-0.000000	0.084062	-1.993785	0.008300	0.000000	0.000000	0.000000	0.000000	0.000000	0.000000	0.000000	0.000000	0.000000	0.000000
1761691821.884625673	0.000000	-0.000025	-0.000856	-0.025694	0.000000	0.000000	-0.000000	0.000146	0.002331	-0.018430	-0.000000	-0.000000	-0.000000	0.084080	-1.993562	0.006654	-0.000000	0.000000	0.000000	0.000000	0.000000	0.000000	0.000000	0.000000	0.000000	0.000000
1761691821.985232830	0.000000	-0.000005	-0.000905	-0.004869	0.000000	0.000000	-0.000000	0.000055	0.002462	-0.021680	-0.000000	-0.000000	-0.000000	0.084088	-1.993319	0.004599	-0.000000	0.000000	0.000000	0.000000	0.000000	0.000000	0.000000	0.000000	0.000000	0.000000
1761691822.084540606	0.000000	0.000003	-0.000901	0.014529	0.000000	0.000000	-0.000000	0.000021	0.002451	-0.022861	-0.000000	-0.000000	-0.000000	0.084090	-1.993072	0.002339	-0.000000	0.000000	0.000000	0.000000	0.000000	0.000000	0.000000	0.000000	0.000000	0.000000
1761691822.184736252	-0.000000	-0.000004	-0.000840	0.030308	0.000000	-0.000000	0.000000	0.000049	0.002289	-0.021732	-0.000000	0.000000	-0.000000	0.084093	-1.992836	0.000105	-0.000000	0.000000	0.000000	0.000000	0.000000	0.000000	0.000000	0.000000	0.000000	0.000000
1761691822.284612894	-0.000000	-0.000020	-0.000741	0.042040	0.000000	-0.000000	0.000000	0.000119	0.002025	-0.018964	-0.000000	0.000000	-0.000000	0.084102	-1.992622	-0.001917	-0.000000	0.000000	0.000000	0.000000	0.000000	0.000000	0.000000	0.000000	0.000000	0.000000
1761691822.384537697	-0.000000	-0.000042	-0.000621	0.049663	0.000000	-0.000000	0.000000	0.000216	0.001701	-0.015151	0.000000	0.000000	-0.000000	0.084119	-1.992437	-0.003604	-0.000000	0.000000	0.000000	0.000000	0.000000	0.000000	0.000000	0.000000	0.000000	0.000000
1761691822.484710217	-0.000000	-0.000064	-0.000505	0.052210	0.000000	-0.000000	0.000000	0.000338	0.001323	-0.010312	0.000000	0.000000	-0.000000	0.084149	-1.992289	-0.004843	-0.000000	0.000000	0.000000	0.000000	0.000000	0.000000	0.000000	0.000000	0.000000	0.000000
1761691822.584694862	-0.000000	-0.000092	-0.000362	0.051281	-0.000000	-0.000000	0.000000	0.000466	0.000934	-0.005133	0.000000	0.000000	0.000000	0.084190	-1.992180	-0.005573	-0.000000	0.000000	0.000000	0.000000	0.000000	0.000000	0.000000	0.000000	0.000000	0.000000
1761691822.685113192	-0.000000	-0.000119	-0.000225	0.046371	-0.000000	-0.000000	0.000000	0.000592	0.000562	0.000010	0.000000	0.000000	0.000000	0.084245	-1.992108	-0.005786	-0.000000	0.000000	0.000000	0.000000	0.000000	0.000000	0.000000	0.000000	0.000000	0.000000
1761691822.784721375	-0.000000	-0.000143	-0.000102	0.038095	-0.000000	-0.000000	0.000000	0.000703	0.000230	0.004729	0.000000	0.000000	0.000000	0.084311	-1.992072	-0.005506	0.000000	0.000000	0.000000	0.000000	0.000000	0.000000	0.000000	0.000000	0.000000	0.000000
1761691822.884756804	-0.000000	-0.000163	-0.000001	0.027297	-0.000000	-0.000000	0.000000	0.000793	-0.000039	0.008677	0.000000	0.000000	0.000000	0.084387	-1.992066	-0.004797	0.000000	0.000000	0.000000	0.000000	0.000000	0.000000	0.000000	0.000000	0.000000	0.000000
1761691822.984886646	-0.000000	-0.000177	0.000073	0.015104	-0.000000	-0.000000	0.000000	0.000853	-0.000230	0.011586	0.000000	0.000000	0.000000	0.084470	-1.992082	-0.003753	0.000000	0.000000	0.000000	0.000000	0.000000	0.000000	0.000000	0.000000	0.000000	0.000000
1761691823.084681511	-0.000000	-0.000183	0.000117	0.002675	-0.000000	-0.000000	0.000000	0.000881	-0.000336	0.013300	0.000000	0.000000	0.000000	0.084557	-1.992112	-0.002485	0.000000	0.000000	0.000000	0.000000	0.000000	0.000000	0.000000	0.000000	0.000000	0.000000
1761691823.184770107	-0.000000	-0.000183	0.000130	-0.008919	-0.000000	-0.000000	0.000000	0.000876	-0.000357	0.013774	-0.000000	0.000000	0.000000	0.084645	-1.992147	-0.001119	0.000000	0.000000	0.000000	0.000000	0.000000	0.000000	0.000000	0.000000	0.000000	0.000000
1761691823.285321474	0.000000	-0.000177	0.000113	-0.018784	-0.000000	0.000000	-0.000000	0.000840	-0.000299	0.013076	-0.000000	-0.000000	0.000000	0.084730	-1.992180	0.000226	0.000000	0.000000	0.000000	0.000000	0.000000	0.000000	0.000000	0.000000	0.000000	0.000000
1761691823.384958029	0.000000	-0.000165	0.000073	-0.026264	-0.000000	0.000000	-0.000000	0.000778	-0.000177	0.011362	-0.000000	-0.000000	0.000000	0.084811	-1.992203	0.001440	0.000000	0.000000	0.000000	0.000000	0.000000	0.000000	0.000000	0.000000	0.000000	0.000000
1761691823.484832764	0.000000	-0.000149	0.000014	-0.030963	0.000000	0.000000	-0.000000	0.000697	-0.000007	0.008860	-0.000000	-0.000000	0.000000	0.084884	-1.992211	0.002435	0.000000	0.000000	0.000000	0.000000	0.000000	0.000000	0.000000	0.000000	0.000000	0.000000
1761691823.584614515	0.000000	-0.000130	-0.000056	-0.032751	0.000000	0.000000	-0.000000	0.000604	0.000191	0.005842	-0.000000	-0.000000	0.000000	0.084949	-1.992200	0.003149	0.000000	0.000000	0.000000	0.000000	0.000000	0.000000	0.000000	0.000000	0.000000	0.000000
1761691823.684641361	0.000000	-0.000109	-0.000130	3.312206	0.000000	0.000000	-0.000000	0.000506	0.000398	0.002597	-0.000000	-0.000000	0.000000	0.085003	-1.992169	0.003545	0.000000	0.000000	0.000000	0.000000	0.000000	3.608115	0.000000	0.000000	0.000000	0.000000
1761691823.784917831	-0.000000	-0.000717	0.003292	3.047654	-0.000000	-0.000000	0.000000	0.004832	-0.010413	0.168718	0.000000	0.000000	0.000000	0.085273	-1.992666	0.012083	-0.000000	0.000000	0.000000	0.000000	0.000000	3.608115	0.000000	0.000000	0.000000	0.000000
1761691823.884770155	-0.000000	-0.001193	0.009691	2.389580	-0.000000	-0.000000	0.000000	0.010011	-0.023148	0.368718	-0.000000	0.000000	0.000000	0.086105	-1.994431	0.040622	-0.000000	0.000000	0.000000	0.000000	0.000000	3.608115	0.000000	0.000000	0.000000	0.000000
1761691823.984690428	-0.000000	-0.001178	0.017326	1.420166	0.000000	-0.000000	0.000000	0.015199	-0.035298	0.568718	-0.000000	0.000000	0.000000	0.087601	-1.997368	0.089160	-0.000000	0.000000	0.000000	0.000000	0.000000	3.608115	0.000000	0.000000	0.000000	0.000000
1761691824.084774494	-0.000000	-0.000909	0.023966	0.315464	0.000000	-0.000000	0.000000	0.019260	-0.043572	0.720398	-0.000000	0.000000	0.000000	0.089844	-2.001166	0.155282	-0.000000	0.000000	0.000000	0.000000	0.000000	3.608115	0.000000	0.000000	0.000000	0.000000
1761691824.184819460	-0.000000	-0.000944	0.025972	-0.549355	0.000000	-0.000000	0.000000	0.020904	-0.044578	0.770356	-0.000000	0.000000	0.000000	0.092699	-2.005160	0.231002	-0.000000	0.000000	0.000000	0.000000	0.000000	3.608115	0.000000	0.000000	0.000000	0.000000
1761691824.284854889	0.000000	-0.001442	0.023002	-1.010375	0.000000	0.000000	-0.000000	0.020387	-0.039459	0.729834	-0.000000	-0.000000	0.000000	0.095806	-2.008658	0.306273	-0.000000	0.000000	0.000000	0.000000	0.000000	3.608115	0.000000	0.000000	0.000000	0.000000
1761691824.384586573	0.000000	-0.002056	0.017540	-1.172203	0.000000	0.000000	-0.000000	0.018545	-0.031152	0.636480	-0.000000	-0.000000	0.000000	0.098788	-2.011292	0.374130	-0.000000	0.000000	0.000000	0.000000	0.000000	3.608115	0.000000	0.000000	0.000000	0.000000
1761691824.484587193	0.000000	-0.002461	0.011818	-1.182310	0.000000	0.000000	-0.000000	0.016499	-0.023527	0.541494	0.000000	-0.000000	0.000000	0.100975	-2.012776	0.422511	-0.000000	0.000000	0.000000	0.000000	0.000000	3.608115	0.000000	0.000000	0.000000	0.000000
1761691824.584681749	0.000000	-0.002552	0.006868	-1.130154	-0.000000	0.000000	-0.000000	0.013826	-0.014609	0.423600	0.000000	-0.000000	0.000000	0.103107	-2.013780	0.469794	0.000000	0.000000	0.000000	0.000000	0.000000	3.608115	0.000000	0.000000	0.000000	0.000000
1761691824.684508801	0.000000	-0.002356	0.002917	-1.052772	-0.000000	0.000000	-0.000000	0.011082	-0.006398	0.308846	0.000000	-0.000000	0.000000	0.104637	-2.014068	0.505402	0.000000	0.000000	0.000000	0.000000	0.000000	3.608115	0.000000	0.000000	0.000000	0.000000
1761691824.784510612	0.000000	-0.001947	-0.000062	-0.965693	-0.000000	0.000000	-0.000000	0.008411	0.000813	0.202279	0.000000	-0.000000	-0.000000	0.105566	-2.013783	0.530016	0.000000	0.000000	0.000000	0.000000	0.000000	3.608115	0.000000	0.000000	0.000000	0.000000
1761691824.884540319	0.000000	-0.001400	-0.002692	-0.867918	-0.000000	0.000000	-0.000000	0.005856	0.007183	0.104258	-0.000000	-0.000000	-0.000000	0.105922	-2.013036	0.544466	0.000000	0.000000	0.000000	0.000000	0.000000	3.608115	0.000000	0.000000	0.000000	0.000000
1761691824.984599113	0.000000	-0.000777	-0.005169	-0.759019	-0.000000	0.000000	-0.000000	0.003472	0.012689	0.015837	-0.000000	-0.000000	-0.000000	0.105757	-2.011912	0.549666	0.000000	0.000000	0.000000	0.000000	0.000000	3.608115	0.000000	0.000000	0.000000	0.000000
1761691825.084566355	0.000000	-0.000138	-0.007370	-0.622866	-0.000000	0.000000	-0.000000	0.001316	0.017272	-0.061880	-0.000000	-0.000000	-0.000000	0.105141	-2.010481	0.546640	0.000000	0.000000	0.000000	0.000000	0.000000	3.608115	0.000000	0.000000	0.000000	0.000000
1761691825.184544086	0.000000	0.000450	-0.009139	-0.442202	-0.000000	0.000000	-0.000000	-0.000518	0.020796	-0.126436	-0.000000	-0.000000	-0.000000	0.104160	-2.008807	0.536592	0.000000	0.000000	0.000000	0.000000	0.000000	3.608115	0.000000	0.000000	0.000000	0.000000
1761691825.284584045	0.000000	0.000923	-0.010285	-0.244256	-0.000000	0.000000	-0.000000	-0.001895	0.023023	-0.173667	-0.000000	-0.000000	-0.000000	0.102924	-2.006959	0.521068	0.000000	-0.000000	0.000000	0.000000	0.000000	3.608115	0.000000	0.000000	0.000000	0.000000
1761691825.384513855	-0.000000	0.001212	-0.010712	-0.055234	-0.000000	0.000000	-0.000000	-0.002737	0.023865	-0.201392	-0.000000	-0.000000	-0.000000	0.101559	-2.005019	0.501946	0.000000	-0.000000	0.000000	0.000000	0.000000	3.608115	0.000000	0.000000	0.000000	0.000000
1761691825.484874487	-0.000000	0.001288	-0.010517	0.080586	0.000000	0.000000	0.000000	-0.003046	0.023418	-0.210065	-0.000000	-0.000000	-0.000000	0.100181	-2.003069	0.481170	0.000000	-0.000000	0.000000	0.000000	0.000000	3.608115	0.000000	0.000000	0.000000	0.000000
1761691825.584680796	-0.000000	0.001236	-0.009855	0.217774	0.000000	-0.000000	0.000000	-0.002945	0.022038	-0.204270	-0.000000	0.000000	-0.000000	0.098886	-2.001185	0.460407	0.000000	-0.000000	0.000000	0.000000	0.000000	3.608115	0.000000	0.000000	0.000000	0.000000
1761691825.684645176	-0.000000	0.001042	-0.008781	0.319020	0.000000	-0.000000	0.000000	-0.002460	0.019823	-0.184780	-0.000000	0.000000	-0.000000	0.097739	-1.999430	0.441022	0.000000	-0.000000	0.000000	0.000000	0.000000	3.608115	0.000000	0.000000	0.000000	0.000000
1761691825.784654140	-0.000000	0.000749	-0.007427	0.382462	0.000000	-0.000000	0.000000	-0.001678	0.017004	-0.154565	-0.000000	0.000000	-0.000000	0.096792	-1.997860	0.424236	0.000000	-0.000000	0.000000	0.000000	0.000000	3.608115	0.000000	0.000000	0.000000	0.000000
1761691825.884953260	-0.000000	0.000415	-0.005952	0.411791	0.000000	-0.000000	0.000000	-0.000708	0.013854	-0.117376	-0.000000	0.000000	-0.000000	0.096075	-1.996518	0.410905	-0.000000	-0.000000	0.000000	0.000000	0.000000	3.608115	0.000000	0.000000	0.000000	0.000000
1761691825.984755039	-0.000000	0.000086	-0.004486	0.411832	0.000000	-0.000000	0.000000	0.000349	0.010613	-0.076686	-0.000000	0.000000	-0.000000	0.095594	-1.995422	0.401521	-0.000000	-0.000000	0.000000	0.000000	0.000000	3.608115	0.000000	0.000000	0.000000	0.000000
1761691826.084647417	-0.000000	-0.000216	-0.003122	0.387318	0.000000	-0.000000	0.000000	0.001411	0.007476	-0.035503	-0.000000	0.000000	-0.000000	0.095343	-1.994576	0.396254	-0.000000	-0.000000	0.000000	0.000000	0.000000	3.608115	0.000000	0.000000	0.000000	0.000000
1761691826.184662819	-0.000000	-0.000477	-0.001918	0.342570	0.000000	-0.000000	0.000000	0.002410	0.004601	0.003637	-0.000000	0.000000	-0.000000	0.095305	-1.993966	0.395004	-0.000000	-0.000000	0.000000	0.000000	0.000000	3.608115	0.000000	0.000000	0.000000	0.000000
1761691826.284747601	-0.000000	-0.000689	-0.000911	0.277392	0.000000	-0.000000	0.000000	0.003291	0.002109	0.038640	0.000000	0.000000	0.000000	0.095455	-1.993565	0.397441	-0.000000	-0.000000	0.000000	0.000000	0.000000	3.608115	0.000000	0.000000	0.000000	0.000000
1761691826.384723663	-0.000000	-0.000849	-0.000123	0.193460	0.000000	-0.000000	0.000000	0.004003	0.000115	0.067465	0.000000	0.000000	0.000000	0.095762	-1.993336	0.403032	-0.000000	-0.000000	0.000000	0.000000	0.000000	3.608115	0.000000	0.000000	0.000000	0.000000
1761691826.484620571	-0.000000	-0.000947	0.000396	0.104505	0.000000	-0.000000	0.000000	0.004381	-0.000957	0.083587	0.000000	0.000000	0.000000	0.096103	-1.993237	0.409460	-0.000000	-0.000000	0.000000	0.000000	0.000000	3.608115	0.000000	0.000000	0.000000	0.000000
1761691826.584937572	-0.000000	-0.000989	0.000646	0.032993	0.000000	-0.000000	0.000000	0.004640	-0.001721	0.095520	0.000000	0.000000	0.000000	0.096577	-1.993187	0.418576	-0.000000	0.000000	0.000000	0.000000	0.000000	3.608115	0.000000	0.000000	0.000000	0.000000
1761691826.684601307	0.000000	-0.001006	0.000774	-0.046800	0.000000	-0.000000	-0.000000	0.004704	-0.001972	0.100011	0.000000	0.000000	0.000000	0.097082	-1.993167	0.428440	-0.000000	0.000000	0.000000	0.000000	0.000000	3.608115	0.000000	0.000000	0.000000	0.000000
1761691826.784660339	0.000000	-0.000984	0.000703	-0.113570	-0.000000	0.000000	-0.000000	0.004562	-0.001699	0.096661	0.000000	-0.000000	0.000000	0.097580	-1.993140	0.438301	-0.000000	0.000000	0.000000	0.000000	0.000000	3.608115	0.000000	0.000000	0.000000	0.000000
1761691826.885024309	0.000000	-0.000926	0.000454	-0.163155	-0.000000	0.000000	-0.000000	0.004238	-0.000980	0.086417	0.000000	-0.000000	0.000000	0.098032	-1.993071	0.447416	-0.000000	0.000000	0.000000	0.000000	0.000000	3.608115	0.000000	0.000000	0.000000	0.000000
1761691826.984726667	0.000000	-0.000837	0.000082	-0.194634	-0.000000	0.000000	-0.000000	0.003777	0.000062	0.070928	0.000000	-0.000000	-0.000000	0.098407	-1.992933	0.455189	-0.000000	0.000000	0.000000	0.000000	0.000000	3.608115	0.000000	0.000000	0.000000	0.000000
1761691827.084780455	0.000000	-0.000725	-0.000368	-0.208751	-0.000000	0.000000	-0.000000	0.003226	0.001296	0.051989	0.000000	-0.000000	-0.000000	0.098683	-1.992711	0.461198	0.000000	0.000000	0.000000	0.000000	0.000000	3.608115	0.000000	0.000000	0.000000	0.000000
1761691827.184767246	0.000000	-0.000597	-0.000862	-0.207208	-0.000000	0.000000	-0.000000	0.002632	0.002601	0.031349	0.000000	-0.000000	-0.000000	0.098849	-1.992398	0.465203	0.000000	0.000000	0.000000	0.000000	0.000000	3.608115	0.000000	0.000000	0.000000	0.000000
1761691827.284713030	0.000000	-0.000462	-0.001358	-0.192192	-0.000000	0.000000	-0.000000	0.002038	0.003868	0.010603	0.000000	-0.000000	-0.000000	0.098903	-1.991997	0.467127	0.000000	0.000000	0.000000	0.000000	0.000000	3.608115	0.000000	0.000000	0.000000	0.000000
1761691827.384711504	0.000000	-0.000329	-0.001818	-0.165996	-0.000000	0.000000	-0.000000	0.001481	0.005005	-0.008867	0.000000	-0.000000	-0.000000	0.098851	-1.991514	0.467041	0.000000	0.000000	0.000000	0.000000	0.000000	3.608115	0.000000	0.000000	0.000000	0.000000
1761691827.484584332	0.000000	-0.000208	-0.002209	-0.129461	-0.000000	0.000000	-0.000000	0.000994	0.005941	-0.025903	-0.000000	-0.000000	-0.000000	0.098707	-1.990963	0.465142	0.000000	0.000000	0.000000	0.000000	0.000000	3.608115	0.000000	0.000000	0.000000	0.000000
1761691827.584658146	0.000000	-0.000108	-0.002501	-0.085888	-0.000000	0.000000	-0.000000	0.000666	0.006509	-0.037300	-0.000000	-0.000000	-0.000000	0.098531	-1.990464	0.462394	0.000000	-0.000000	0.000000	0.000000	0.000000	3.608115	0.000000	0.000000	0.000000	0.000000
1761691827.684513092	0.000000	-0.000035	-0.002672	-0.039733	-0.000000	0.000000	-0.000000	0.000373	0.006928	-0.047341	-0.000000	-0.000000	-0.000000	0.098273	-1.989835	0.458029	0.000000	-0.000000	0.000000	0.000000	0.000000	3.608115	0.000000	0.000000	0.000000	0.000000
1761691827.784537315	-0.000000	0.000000	-0.002693	0.003151	-0.000000	0.000000	0.000000	0.000227	0.006980	-0.052084	-0.000000	-0.000000	-0.000000	0.097991	-1.989196	0.452987	0.000000	-0.000000	0.000000	0.000000	0.000000	3.608115	0.000000	0.000000	0.000000	0.000000
1761691827.884590626	-0.000000	0.000005	-0.002596	0.040787	-0.000000	0.000000	0.000000	0.000199	0.006745	-0.052484	-0.000000	-0.000000	-0.000000	0.097711	-1.988569	0.447725	0.000000	-0.000000	0.000000	0.000000	0.000000	3.608115	0.000000	0.000000	0.000000	0.000000
1761691827.984553099	-0.000000	-0.000017	-0.002401	0.071071	0.000000	-0.000000	0.000000	0.000274	0.006268	-0.049032	-0.000000	0.000000	-0.000000	0.097453	-1.987974	0.442652	0.000000	-0.000000	0.000000	0.000000	0.000000	3.608115	0.000000	0.000000	0.000000	0.000000
1761691828.084537268	-0.000000	-0.000059	-0.002132	0.092789	0.000000	-0.000000	0.000000	0.000432	0.005603	-0.042430	-0.000000	0.000000	-0.000000	0.097234	-1.987426	0.438113	0.000000	-0.000000	0.000000	0.000000	0.000000	3.608115	0.000000	0.000000	0.000000	0.000000
1761691828.184526682	-0.000000	-0.000115	-0.001817	0.105537	0.000000	-0.000000	0.000000	0.000650	0.004811	-0.033513	-0.000000	0.000000	-0.000000	0.097067	-1.986935	0.434375	0.000000	-0.000000	0.000000	0.000000	0.000000	3.608115	0.000000	0.000000	0.000000	0.000000
1761691828.284535170	-0.000000	-0.000177	-0.001481	0.109566	0.000000	-0.000000	0.000000	0.000902	0.003956	-0.023172	-0.000000	0.000000	-0.000000	0.096958	-1.986510	0.431618	-0.000000	-0.000000	0.000000	0.000000	0.000000	3.608115	0.000000	0.000000	0.000000	0.000000
1761691828.384521484	-0.000000	-0.000240	-0.001149	0.105634	0.000000	-0.000000	0.000000	0.001166	0.003098	-0.012282	-0.000000	0.000000	-0.000000	0.096910	-1.986152	0.429933	-0.000000	-0.000000	0.000000	0.000000	0.000000	3.608115	0.000000	0.000000	0.000000	0.000000
1761691828.484513998	-0.000000	-0.000299	-0.000840	0.094869	0.000000	-0.000000	0.000000	0.001419	0.002287	-0.001653	-0.000000	0.000000	-0.000000	0.096920	-1.985859	0.429328	-0.000000	-0.000000	0.000000	0.000000	0.000000	3.608115	0.000000	0.000000	0.000000	0.000000
1761691828.584643602	-0.000000	-0.000341	-0.000614	0.081608	0.000000	-0.000000	0.000000	0.001643	0.001569	0.008013	-0.000000	0.000000	-0.000000	0.096984	-1.985625	0.429734	-0.000000	-0.000000	0.000000	0.000000	0.000000	3.608115	0.000000	0.000000	0.000000	0.000000
1761691828.684710741	-0.000000	-0.000384	-0.000379	0.061056	0.000000	-0.000000	0.000000	0.001831	0.000958	0.016395	0.000000	0.000000	-0.000000	0.097093	-1.985443	0.431033	-0.000000	-0.000000	0.000000	0.000000	0.000000	3.608115	0.000000	0.000000	0.000000	0.000000
1761691828.784648657	-0.000000	-0.000414	-0.000199	0.037491	0.000000	-0.000000	0.000000	0.001944	0.000567	0.021826	0.000000	0.000000	-0.000000	0.097212	-1.985322	0.432682	-0.000000	-0.000000	0.000000	0.000000	0.000000	3.608115	0.000000	0.000000	0.000000	0.000000
1761691828.884532690	-0.000000	-0.000432	-0.000080	0.013234	0.000000	-0.000000	0.000000	0.002027	0.000243	0.026360	0.000000	0.000000	-0.000000	0.097379	-1.985206	0.435156	-0.000000	-0.000000	0.000000	0.000000	0.000000	3.608115	0.000000	0.000000	0.000000	0.000000
1761691828.984576702	0.000000	-0.000435	-0.000024	-3.353631	0.000000	-0.000000	-0.000000	0.002045	0.000089	0.028492	0.000000	0.000000	-0.000000	0.097558	-1.985107	0.437943	-0.000000	-0.000000	0.000000	0.000000	0.000000	0.000000	0.000000	0.000000	0.000000	0.000000
1761691829.084964991	0.000000	0.000429	-0.003402	-3.127223	-0.000000	0.000000	-0.000000	-0.001470	0.008724	-0.104400	0.000000	-0.000000	-0.000000	0.097455	-1.984750	0.435277	-0.000000	-0.000000	0.000000	0.000000	0.000000	0.000000	0.000000	0.000000	0.000000	0.000000
1761691829.184703112	0.000000	0.002354	-0.009222	-2.532673	-0.000000	0.000000	-0.000000	-0.006695	0.021465	-0.304400	0.000000	-0.000000	-0.000000	0.096377	-1.983462	0.413170	0.000000	-0.000000	0.000000	0.000000	0.000000	0.000000	0.000000	0.000000	0.000000	0.000000
1761691829.284538269	0.000000	0.005018	-0.015786	-1.635857	-0.000000	0.000000	-0.000000	-0.011783	0.033791	-0.504400	-0.000000	-0.000000	-0.000000	0.094385	-1.981179	0.371064	0.000000	-0.000000	0.000000	0.000000	0.000000	0.000000	0.000000	0.000000	0.000000	0.000000
1761691829.384996414	0.000000	0.007846	-0.021874	-0.536666	-0.000000	0.000000	-0.000000	-0.015934	0.043960	-0.680124	-0.000000	-0.000000	-0.000000	0.091695	-1.977884	0.309969	0.000000	-0.000000	0.000000	0.000000	0.000000	0.000000	0.000000	0.000000	0.000000	0.000000
1761691829.484751225	0.000000	0.009210	-0.024460	0.404132	-0.000000	0.000000	-0.000000	-0.017431	0.048040	-0.770430	-0.000000	-0.000000	-0.000000	0.088770	-1.973805	0.235469	0.000000	-0.000000	0.000000	0.000000	0.000000	0.000000	0.000000	0.000000	0.000000	0.000000
1761691829.584657669	-0.000000	0.008698	-0.023220	0.890153	-0.000000	0.000000	0.000000	-0.015967	0.045391	-0.761377	-0.000000	0.000000	-0.000000	0.086190	-1.969511	0.157909	0.000000	-0.000000	0.000000	0.000000	0.000000	0.000000	0.000000	0.000000	0.000000	0.000000
1761691829.684703350	-0.000000	0.006734	-0.019007	1.147248	0.000000	-0.000000	0.000000	-0.012505	0.038162	-0.680462	-0.000000	0.000000	-0.000000	0.084289	-1.965580	0.086155	0.000000	-0.000000	0.000000	0.000000	0.000000	0.000000	0.000000	0.000000	0.000000	0.000000
1761691829.784575224	-0.000000	0.004471	-0.014094	1.230054	0.000000	-0.000000	0.000000	-0.008407	0.029410	-0.570022	-0.000000	0.000000	-0.000000	0.083088	-1.962331	0.024373	0.000000	-0.000000	0.000000	0.000000	0.000000	0.000000	0.000000	0.000000	0.000000	0.000000
1761691829.884651661	-0.000000	0.002429	-0.009407	1.221295	0.000000	-0.000000	0.000000	-0.004284	0.020382	-0.448397	-0.000000	0.000000	-0.000000	0.082486	-1.959920	-0.025591	0.000000	-0.000000	0.000000	0.000000	0.000000	0.000000	0.000000	0.000000	0.000000	0.000000
1761691829.984598160	-0.000000	0.000818	-0.005340	1.166968	0.000000	-0.000000	0.000000	-0.000443	0.011719	-0.326121	-0.000000	0.000000	-0.000000	0.082348	-1.958386	-0.063292	-0.000000	-0.000000	0.000000	0.000000	0.000000	0.000000	0.000000	0.000000	0.000000	0.000000
1761691830.084720135	-0.000000	-0.000372	-0.001969	1.085323	0.000000	-0.000000	0.000000	0.002995	0.003690	-0.208519	-0.000000	0.000000	-0.000000	0.082557	-1.957704	-0.089006	-0.000000	-0.000000	0.000000	0.000000	0.000000	0.000000	0.000000	0.000000	0.000000	0.000000
1761691830.184907436	-0.000000	-0.001256	0.000790	0.982141	0.000000	-0.000000	0.000000	0.005991	-0.003582	-0.098626	-0.000000	0.000000	-0.000000	0.083024	-1.957811	-0.103391	-0.000000	-0.000000	0.000000	0.000000	0.000000	0.000000	0.000000	0.000000	0.000000	0.000000
1761691830.284793854	-0.000000	-0.001871	0.003507	0.858477	0.000000	-0.000000	0.000000	0.008527	-0.010009	0.001308	-0.000000	0.000000	-0.000000	0.083691	-1.958626	-0.107353	-0.000000	-0.000000	0.000000	0.000000	0.000000	0.000000	0.000000	0.000000	0.000000	0.000000
1761691830.384729385	-0.000000	-0.002256	0.006160	0.691921	0.000000	-0.000000	0.000000	0.010592	-0.015461	0.089216	-0.000000	0.000000	0.000000	0.084524	-1.960047	-0.102008	-0.000000	0.000000	0.000000	0.000000	0.000000	0.000000	0.000000	0.000000	0.000000	0.000000
1761691830.484797478	-0.000000	-0.002458	0.008468	0.461796	0.000000	-0.000000	0.000000	0.012129	-0.019671	0.161185	-0.000000	0.000000	0.000000	0.085500	-1.961949	-0.088773	-0.000000	0.000000	0.000000	0.000000	0.000000	0.000000	0.000000	0.000000	0.000000	0.000000
1761691830.584583759	-0.000000	-0.002522	0.010072	0.206994	0.000000	-0.000000	0.000000	0.013030	-0.022258	0.211200	0.000000	0.000000	0.000000	0.086598	-1.964171	-0.069577	-0.000000	0.000000	0.000000	0.000000	0.000000	0.000000	0.000000	0.000000	0.000000	0.000000
1761691830.684580803	-0.000000	-0.002499	0.010725	-0.032498	0.000000	-0.000000	0.000000	0.013238	-0.022978	0.232696	0.000000	0.000000	0.000000	0.087583	-1.966134	-0.050760	-0.000000	0.000000	0.000000	0.000000	0.000000	0.000000	0.000000	0.000000	0.000000	0.000000
1761691830.784654856	0.000000	-0.002423	0.010412	-0.229259	0.000000	-0.000000	-0.000000	0.012950	-0.022397	0.237429	0.000000	0.000000	0.000000	0.088809	-1.968464	-0.026949	-0.000000	0.000000	0.000000	0.000000	0.000000	0.000000	0.000000	0.000000	0.000000	0.000000
1761691830.884693861	0.000000	-0.002322	0.009425	-0.342321	0.000000	0.000000	-0.000000	0.012061	-0.020220	0.217782	0.000000	-0.000000	0.000000	0.090023	-1.970603	-0.004215	-0.000000	0.000000	0.000000	0.000000	0.000000	0.000000	0.000000	0.000000	0.000000	0.000000
1761691830.984642267	0.000000	-0.002171	0.007904	-0.435701	0.000000	0.000000	-0.000000	0.010884	-0.017280	0.185435	0.000000	-0.000000	0.000000	0.091174	-1.972451	0.015755	-0.000000	0.000000	0.000000	0.000000	0.000000	0.000000	0.000000	0.000000	0.000000	0.000000
1761691831.084674835	0.000000	-0.001979	0.006180	-0.484198	0.000000	0.000000	-0.000000	0.009500	-0.013827	0.143421	0.000000	-0.000000	0.000000	0.092220	-1.973955	0.031912	-0.000000	0.000000	0.000000	0.000000	0.000000	0.000000	0.000000	0.000000	0.000000	0.000000
1761691831.184945345	0.000000	-0.001743	0.004429	-0.492685	-0.000000	0.000000	-0.000000	0.008014	-0.010150	0.095809	0.000000	-0.000000	0.000000	0.093127	-1.975090	0.043511	-0.000000	0.000000	0.000000	0.000000	0.000000	0.000000	0.000000	0.000000	0.000000	0.000000
1761691831.284938335	0.000000	-0.001472	0.002801	-0.468289	-0.000000	0.000000	-0.000000	0.006532	-0.006521	0.046682	0.000000	-0.000000	0.000000	0.093879	-1.975858	0.050232	0.000000	0.000000	0.000000	0.000000	0.000000	0.000000	0.000000	0.000000	0.000000	0.000000
1761691831.384619474	0.000000	-0.001184	0.001387	-0.417232	-0.000000	0.000000	-0.000000	0.005143	-0.003154	-0.000553	0.000000	-0.000000	-0.000000	0.094473	-1.976282	0.052128	0.000000	0.000000	0.000000	0.000000	0.000000	0.000000	0.000000	0.000000	0.000000	0.000000
1761691831.484815359	0.000000	-0.000900	0.000229	-0.339672	-0.000000	0.000000	-0.000000	0.003917	-0.000212	-0.043127	0.000000	-0.000000	-0.000000	0.094922	-1.976400	0.049553	0.000000	-0.000000	0.000000	0.000000	0.000000	0.000000	0.000000	0.000000	0.000000	0.000000
1761691831.584572554	0.000000	-0.000646	-0.000679	-0.235580	-0.000000	0.000000	-0.000000	0.002921	0.002154	-0.078387	-0.000000	-0.000000	-0.000000	0.095247	-1.976264	0.043130	0.000000	-0.000000	0.000000	0.000000	0.000000	0.000000	0.000000	0.000000	0.000000	0.000000
1761691831.684587479	0.000000	-0.000451	-0.001348	-0.118967	-0.000000	0.000000	-0.000000	0.002221	0.003790	-0.103680	-0.000000	-0.000000	-0.000000	0.095484	-1.975938	0.033743	0.000000	-0.000000	0.000000	0.000000	0.000000	0.000000	0.000000	0.000000	0.000000	0.000000
1761691831.784550667	0.000000	-0.000335	-0.001723	-0.004329	-0.000000	0.000000	-0.000000	0.001846	0.004621	-0.117520	-0.000000	-0.000000	-0.000000	0.095669	-1.975500	0.022487	0.000000	-0.000000	0.000000	0.000000	0.000000	0.000000	0.000000	0.000000	0.000000	0.000000
1761691831.884721994	0.000000	-0.000306	-0.001791	0.096696	0.000000	0.000000	-0.000000	0.001787	0.004666	-0.119864	-0.000000	-0.000000	-0.000000	0.095840	-1.975028	0.010519	0.000000	-0.000000	0.000000	0.000000	0.000000	0.000000	0.000000	0.000000	0.000000	0.000000
1761691831.984602928	-0.000000	-0.000355	-0.001584	0.176645	0.000000	-0.000000	0.000000	0.002003	0.004026	-0.111878	-0.000000	0.000000	-0.000000	0.096027	-1.974593	-0.001072	0.000000	-0.000000	0.000000	0.000000	0.000000	0.000000	0.000000	0.000000	0.000000	0.000000
1761691832.084671259	-0.000000	-0.000463	-0.001165	0.232109	0.000000	-0.000000	0.000000	0.002429	0.002853	-0.095546	-0.000000	0.000000	-0.000000	0.096253	-1.974258	-0.011363	0.000000	-0.000000	0.000000	0.000000	0.000000	0.000000	0.000000	0.000000	0.000000	0.000000
1761691832.185064793	-0.000000	-0.000606	-0.000608	0.262782	0.000000	-0.000000	0.000000	0.002995	0.001322	-0.073260	-0.000000	0.000000	-0.000000	0.096531	-1.974064	-0.019656	0.000000	-0.000000	0.000000	0.000000	0.000000	0.000000	0.000000	0.000000	0.000000	0.000000
1761691832.284598351	-0.000000	-0.000763	0.000012	0.270324	0.000000	-0.000000	0.000000	0.003629	-0.000394	-0.047493	-0.000000	0.000000	-0.000000	0.096867	-1.974039	-0.025500	-0.000000	-0.000000	0.000000	0.000000	0.000000	0.000000	0.000000	0.000000	0.000000	0.000000
1761691832.384823561	-0.000000	-0.000914	0.000660	0.257453	0.000000	-0.000000	0.000000	0.004269	-0.002137	-0.020586	-0.000000	0.000000	-0.000000	0.097263	-1.974191	-0.028685	-0.000000	-0.000000	0.000000	0.000000	0.000000	0.000000	0.000000	0.000000	0.000000	0.000000
1761691832.484628677	-0.000000	-0.001045	0.001301	0.227398	0.000000	-0.000000	0.000000	0.004859	-0.003766	0.005374	-0.000000	0.000000	-0.000000	0.097637	-1.974449	-0.029310	-0.000000	0.000000	0.000000	0.000000	0.000000	0.000000	0.000000	0.000000	0.000000	0.000000
1761691832.584585428	-0.000000	-0.001150	0.001882	0.181278	0.000000	-0.000000	0.000000	0.005356	-0.005166	0.028615	-0.000000	0.000000	-0.000000	0.098218	-1.974988	-0.027306	-0.000000	0.000000	0.000000	0.000000	0.000000	0.000000	0.000000	0.000000	0.000000	0.000000
1761691832.684640169	-0.000000	-0.001222	0.002350	0.122548	0.000000	-0.000000	0.000000	0.005666	-0.006065	0.044490	-0.000000	0.000000	-0.000000	0.098668	-1.975477	-0.024102	-0.000000	0.000000	0.000000	0.000000	0.000000	0.000000	0.000000	0.000000	0.000000	0.000000
1761691832.784671545	-0.000000	-0.001261	0.002661	0.058210	0.000000	-0.000000	0.000000	0.005901	-0.006792	0.058702	-0.000000	0.000000	0.000000	0.099236	-1.976143	-0.018759	-0.000000	0.000000	0.000000	0.000000	0.000000	0.000000	0.000000	0.000000	0.000000	0.000000
1761691832.884514093	-0.000000	-0.001262	0.002755	-0.002376	0.000000	-0.000000	0.000000	0.005939	-0.007006	0.065596	-0.000000	0.000000	0.000000	0.099819	-1.976847	-0.012442	-0.000000	0.000000	0.000000	0.000000	0.000000	0.000000	0.000000	0.000000	0.000000	0.000000
1761691832.984745026	0.000000	-0.001234	0.002673	-0.055563	0.000000	-0.000000	-0.000000	0.005816	-0.006809	0.066368	-0.000000	0.000000	0.000000	0.100401	-1.977544	-0.005795	-0.000000	0.000000	0.000000	0.000000	0.000000	0.000000	0.000000	0.000000	0.000000	0.000000
1761691833.084514618	0.000000	-0.001181	0.002443	-0.097908	0.000000	0.000000	-0.000000	0.005557	-0.006262	0.061698	-0.000000	-0.000000	0.000000	0.100967	-1.978197	0.000606	-0.000000	0.000000	0.000000	0.000000	0.000000	0.000000	0.000000	0.000000	0.000000	0.000000
1761691833.184606075	0.000000	-0.001108	0.002103	-0.127540	0.000000	0.000000	-0.000000	0.005189	-0.005445	0.052613	-0.000000	-0.000000	-0.000000	0.101504	-1.978775	0.006275	-0.000000	0.000000	0.000000	0.000000	0.000000	0.000000	0.000000	0.000000	0.000000	0.000000
1761691833.284571171	0.000000	-0.001019	0.001697	-0.143948	0.000000	0.000000	-0.000000	0.004750	-0.004449	0.040353	0.000000	-0.000000	-0.000000	0.102002	-1.979258	0.010842	-0.000000	0.000000	0.000000	0.000000	0.000000	0.000000	0.000000	0.000000	0.000000	0.000000
1761691833.384793043	0.000000	-0.000921	0.001265	-0.147660	0.000000	0.000000	-0.000000	0.004273	-0.003367	0.026232	0.000000	-0.000000	-0.000000	0.102454	-1.979635	0.014065	-0.000000	0.000000	0.000000	0.000000	0.000000	0.000000	0.000000	0.000000	0.000000	0.000000
1761691833.484502792	0.000000	-0.000820	0.000844	-0.139948	-0.000000	0.000000	-0.000000	0.003793	-0.002284	0.011527	0.000000	-0.000000	-0.000000	0.102857	-1.979902	0.015833	-0.000000	0.000000	0.000000	0.000000	0.000000	0.000000	0.000000	0.000000	0.000000	0.000000
1761691833.584819317	0.000000	-0.000722	0.000462	-0.122570	-0.000000	0.000000	-0.000000	0.003340	-0.001275	-0.002596	0.000000	-0.000000	-0.000000	0.103212	-1.980065	0.016157	0.000000	0.000000	0.000000	0.000000	0.000000	0.000000	0.000000	0.000000	0.000000	0.000000
1761691833.684567213	0.000000	-0.000633	0.000139	-0.096857	-0.000000	0.000000	-0.000000	0.002941	-0.000404	-0.015143	-0.000000	-0.000000	-0.000000	0.103524	-1.980136	0.015153	0.000000	0.000000	0.000000	0.000000	0.000000	0.000000	0.000000	0.000000	0.000000	0.000000
1761691833.784622669	0.000000	-0.000571	-0.000070	-0.071113	-0.000000	0.000000	-0.000000	0.002615	0.000279	-0.025257	-0.000000	-0.000000	-0.000000	0.103798	-1.980131	0.013031	0.000000	-0.000000	0.000000	0.000000	0.000000	0.000000	0.000000	0.000000	0.000000	0.000000
1761691833.884702921	0.000000	-0.000510	-0.000262	-0.036858	-0.000000	0.000000	-0.000000	0.002364	0.000775	-0.032797	-0.000000	-0.000000	-0.000000	0.104044	-1.980070	0.010047	0.000000	-0.000000	0.000000	0.000000	0.000000	0.000000	0.000000	0.000000	0.000000	0.000000
1761691833.984649897	0.000000	-0.000470	-0.000374	-0.002319	0.000000	0.000000	-0.000000	0.002206	0.001040	-0.037054	-0.000000	-0.000000	-0.000000	0.104270	-1.979974	0.006496	0.000000	-0.000000	0.000000	0.000000	0.000000	0.000000	0.000000	0.000000	0.000000	0.000000
1761691834.084784985	0.000000	-0.000453	-0.000399	0.029196	0.000000	0.000000	-0.000000	0.002142	0.001069	-0.037861	-0.000000	-0.000000	-0.000000	0.104485	-1.979866	0.002719	0.000000	-0.000000	0.000000	0.000000	0.000000	0.000000	0.000000	0.000000	0.000000	0.000000
1761691834.184681177	-0.000000	-0.000455	-0.000344	0.055294	0.000000	-0.000000	0.000000	0.002165	0.000885	-0.035467	-0.000000	0.000000	-0.000000	0.104700	-1.979768	-0.000949	0.000000	-0.000000	0.000000	0.000000	0.000000	0.000000	0.000000	0.000000	0.000000	0.000000
1761691834.284712076	-0.000000	-0.000475	-0.000223	0.074394	0.000000	-0.000000	0.000000	0.002257	0.000529	-0.030373	-0.000000	0.000000	-0.000000	0.104922	-1.979700	-0.004217	-0.000000	-0.000000	0.000000	0.000000	0.000000	0.000000	0.000000	0.000000	0.000000	0.000000
1761691834.384737015	-0.000000	-0.000506	-0.000055	0.085708	0.000000	-0.000000	0.000000	0.002399	0.000050	-0.023252	-0.000000	0.000000	-0.000000	0.105155	-1.979675	-0.006852	-0.000000	-0.000000	0.000000	0.000000	0.000000	0.000000	0.000000	0.000000	0.000000	0.000000
1761691834.484648228	-0.000000	-0.000544	0.000140	0.089162	0.000000	-0.000000	0.000000	0.002570	-0.000498	-0.014869	-0.000000	0.000000	-0.000000	0.105405	-1.979704	-0.008696	-0.000000	0.000000	0.000000	0.000000	0.000000	0.000000	0.000000	0.000000	0.000000	0.000000
1761691834.584635019	-0.000000	-0.000584	0.000347	0.085269	0.000000	-0.000000	0.000000	0.002749	-0.001060	-0.006011	0.000000	0.000000	-0.000000	0.105672	-1.979789	-0.009669	0.000000	0.000000	0.000000	0.000000	0.000000	0.000000	0.000000	0.000000	0.000000	0.000000
1761691834.684784412	-0.000000	-0.000620	0.000546	0.075001	-0.000000	-0.000000	0.000000	0.002916	-0.001587	0.002581	0.000000	0.000000	-0.000000	0.105955	-1.979929	-0.009766	0.000000	0.000000	0.000000	0.000000	0.000000	0.000000	0.000000	0.000000	0.000000	0.000000
1761691834.784698486	-0.000000	-0.000650	0.000722	-3.200348	-0.000000	-0.000000	0.000000	0.003053	-0.002036	0.010252	0.000000	0.000000	-0.000000	0.106253	-1.980117	-0.009053	0.000000	0.000000	0.000000	0.000000	0.000000	-3.517242	0.000000	0.000000	0.000000	0.000000
1761691834.884749889	0.000000	0.000197	-0.002534	-2.954852	-0.000000	0.000000	-0.000000	-0.001317	0.008802	-0.155164	-0.000000	-0.000000	-0.000000	0.106345	-1.979784	-0.016236	-0.000000	-0.000000	0.000000	0.000000	0.000000	-3.517242	0.000000	0.000000	0.000000	0.000000
1761691834.984963894	0.000000	0.002067	-0.008250	-2.317877	-0.000000	0.000000	-0.000000	-0.006489	0.021674	-0.355164	-0.000000	-0.000000	-0.000000	0.105960	-1.978139	-0.043419	-0.000000	-0.000000	0.000000	0.000000	0.000000	-3.517242	0.000000	0.000000	0.000000	0.000000
1761691835.084596157	0.000000	0.004666	-0.014750	-1.369529	0.000000	0.000000	-0.000000	-0.011431	0.034083	-0.555165	-0.000000	-0.000000	-0.000000	0.105357	-1.975771	-0.081349	-0.000000	-0.000000	0.000000	0.000000	0.000000	-3.517242	0.000000	0.000000	0.000000	0.000000
1761691835.184681654	0.000000	0.007103	-0.020156	-0.298537	0.000000	0.000000	-0.000000	-0.014639	0.042532	-0.702625	-0.000000	-0.000000	-0.000000	0.104361	-1.971123	-0.155158	-0.000000	-0.000000	0.000000	0.000000	0.000000	-3.517242	0.000000	0.000000	0.000000	0.000000
1761691835.284666538	0.000000	0.007928	-0.021861	0.535247	0.000000	0.000000	-0.000000	-0.014837	0.044048	-0.750329	-0.000000	-0.000000	-0.000000	0.103725	-1.966528	-0.228946	-0.000000	-0.000000	0.000000	0.000000	0.000000	-3.517242	0.000000	0.000000	0.000000	0.000000
1761691835.385011673	-0.000000	0.006926	-0.019765	0.985200	0.000000	-0.000000	0.000000	-0.012513	0.039749	-0.710701	-0.000000	0.000000	-0.000000	0.103503	-1.962129	-0.302245	-0.000000	-0.000000	0.000000	0.000000	0.000000	-3.517242	0.000000	0.000000	0.000000	0.000000
1761691835.484688520	-0.000000	0.004985	-0.015660	1.149012	0.000000	-0.000000	0.000000	-0.008861	0.032298	-0.619680	-0.000000	0.000000	-0.000000	0.103627	-1.958983	-0.357989	-0.000000	-0.000000	0.000000	0.000000	0.000000	-3.517242	0.000000	0.000000	0.000000	0.000000
1761691835.584704161	-0.000000	0.002958	-0.011162	1.164409	0.000000	-0.000000	0.000000	-0.004862	0.023833	-0.507509	0.000000	0.000000	-0.000000	0.104127	-1.955649	-0.423855	-0.000000	-0.000000	0.000000	0.000000	0.000000	-3.517242	0.000000	0.000000	0.000000	0.000000
1761691835.684629679	-0.000000	0.001255	-0.007070	1.116469	-0.000000	-0.000000	0.000000	-0.001669	0.016876	-0.410731	0.000000	0.000000	-0.000000	0.104603	-1.954067	-0.461317	0.000000	-0.000000	0.000000	0.000000	0.000000	-3.517242	0.000000	0.000000	0.000000	0.000000
1761691835.784864187	-0.000000	0.000154	-0.004152	1.055515	-0.000000	-0.000000	0.000000	0.001839	0.009001	-0.297486	0.000000	0.000000	-0.000000	0.105197	-1.953004	-0.495731	0.000000	-0.000000	0.000000	0.000000	0.000000	-3.517242	0.000000	0.000000	0.000000	0.000000
1761691835.884570360	-0.000000	-0.000882	-0.001244	0.968975	-0.000000	-0.000000	0.000000	0.004410	0.003023	-0.208511	0.000000	0.000000	-0.000000	0.105659	-1.952751	-0.516039	0.000000	-0.000000	0.000000	0.000000	0.000000	-3.517242	0.000000	0.000000	0.000000	0.000000
1761691835.984611988	-0.000000	-0.001544	0.000799	0.887266	-0.000000	-0.000000	0.000000	0.006695	-0.002482	-0.124878	0.000000	0.000000	-0.000000	0.106062	-1.953020	-0.529161	0.000000	-0.000000	0.000000	0.000000	0.000000	-3.517242	0.000000	0.000000	0.000000	0.000000
1761691836.084673882	-0.000000	-0.002034	0.002809	0.798654	-0.000000	-0.000000	0.000000	0.009023	-0.008343	-0.033428	-0.000000	0.000000	-0.000000	0.106454	-1.953946	-0.536224	0.000000	-0.000000	0.000000	0.000000	0.000000	-3.517242	0.000000	0.000000	0.000000	0.000000
1761691836.184558392	-0.000000	-0.002437	0.005173	0.675954	-0.000000	-0.000000	0.000000	0.010629	-0.012570	0.034603	-0.000000	0.000000	-0.000000	0.106706	-1.955155	-0.535558	0.000000	-0.000000	0.000000	0.000000	0.000000	-3.517242	0.000000	0.000000	0.000000	0.000000
1761691836.284692287	-0.000000	-0.002645	0.006989	0.536307	-0.000000	-0.000000	0.000000	0.012192	-0.016864	0.106289	-0.000000	0.000000	0.000000	0.106935	-1.957051	-0.527780	0.000000	0.000000	0.000000	0.000000	0.000000	-3.517242	0.000000	0.000000	0.000000	0.000000
1761691836.384586096	-0.000000	-0.002767	0.008737	0.338766	-0.000000	-0.000000	0.000000	0.013095	-0.019470	0.153308	-0.000000	0.000000	0.000000	0.107089	-1.958917	-0.516494	0.000000	0.000000	0.000000	0.000000	0.000000	-3.517242	0.000000	0.000000	0.000000	0.000000
1761691836.484823465	-0.000000	-0.002789	0.009705	0.167112	-0.000000	-0.000000	0.000000	0.013722	-0.021440	0.193770	-0.000000	0.000000	0.000000	0.107262	-1.961390	-0.498584	0.000000	0.000000	0.000000	0.000000	0.000000	-3.517242	0.000000	0.000000	0.000000	0.000000
1761691836.584770203	-0.000000	-0.002748	0.010114	-0.021337	-0.000000	-0.000000	0.000000	0.013791	-0.021928	0.213342	-0.000000	0.000000	0.000000	0.107459	-1.963962	-0.477946	0.000000	0.000000	0.000000	0.000000	0.000000	-3.517242	0.000000	0.000000	0.000000	0.000000
1761691836.684561014	-0.000000	-0.002663	0.009818	-0.180254	0.000000	-0.000000	0.000000	0.013469	-0.021322	0.214705	-0.000000	0.000000	0.000000	0.107658	-1.966084	-0.459994	0.000000	0.000000	0.000000	0.000000	0.000000	-3.517242	0.000000	0.000000	0.000000	0.000000
1761691836.784837008	0.000000	-0.002563	0.009092	-0.282077	0.000000	0.000000	0.000000	0.012737	-0.019660	0.201976	-0.000000	-0.000000	0.000000	0.107949	-1.968495	-0.439090	0.000000	0.000000	0.000000	0.000000	0.000000	-3.517242	0.000000	0.000000	0.000000	0.000000
1761691836.884567976	0.000000	-0.002409	0.007805	-0.364869	0.000000	0.000000	-0.000000	0.011864	-0.017586	0.180167	-0.000000	-0.000000	0.000000	0.108233	-1.970318	-0.423292	0.000000	0.000000	0.000000	0.000000	0.000000	-3.517242	0.000000	0.000000	0.000000	0.000000
1761691836.984796047	0.000000	-0.002255	0.006573	-0.406411	0.000000	0.000000	-0.000000	0.010659	-0.014682	0.146440	-0.000000	-0.000000	0.000000	0.108614	-1.972227	-0.407151	-0.000000	0.000000	0.000000	0.000000	0.000000	-3.517242	0.000000	0.000000	0.000000	0.000000
1761691837.084555864	0.000000	-0.002038	0.005023	-0.425004	0.000000	0.000000	-0.000000	0.009556	-0.012027	0.113265	-0.000000	-0.000000	0.000000	0.108955	-1.973557	-0.396583	-0.000000	0.000000	0.000000	0.000000	0.000000	-3.517242	0.000000	0.000000	0.000000	0.000000
1761691837.184811831	0.000000	-0.001795	0.003539	-0.416010	0.000000	0.000000	-0.000000	0.008217	-0.008808	0.071384	-0.000000	-0.000000	0.000000	0.109379	-1.974830	-0.387679	-0.000000	0.000000	0.000000	0.000000	0.000000	-3.517242	0.000000	0.000000	0.000000	0.000000
1761691837.284640551	0.000000	-0.001582	0.002428	-0.390716	0.000000	0.000000	-0.000000	0.006927	-0.005745	0.029633	-0.000000	-0.000000	0.000000	0.109807	-1.975760	-0.382983	-0.000000	0.000000	0.000000	0.000000	0.000000	-3.517242	0.000000	0.000000	0.000000	0.000000
1761691837.384804726	0.000000	-0.001321	0.001255	-0.342028	0.000000	0.000000	-0.000000	0.005733	-0.002921	-0.009860	-0.000000	-0.000000	0.000000	0.110232	-1.976370	-0.382341	-0.000000	0.000000	0.000000	0.000000	0.000000	-3.517242	0.000000	0.000000	0.000000	0.000000
1761691837.484604836	0.000000	-0.001073	0.000292	-0.271307	0.000000	0.000000	-0.000000	0.004694	-0.000483	-0.044874	0.000000	-0.000000	0.000000	0.110652	-1.976698	-0.385403	-0.000000	0.000000	0.000000	0.000000	0.000000	-3.517242	0.000000	0.000000	0.000000	0.000000
1761691837.584616899	0.000000	-0.000860	-0.000448	-0.182789	0.000000	0.000000	-0.000000	0.003865	0.001438	-0.073184	0.000000	-0.000000	-0.000000	0.111065	-1.976795	-0.391591	-0.000000	0.000000	0.000000	0.000000	0.000000	-3.517242	0.000000	0.000000	0.000000	0.000000
1761691837.684656143	0.000000	-0.000700	-0.000975	-0.087574	0.000000	0.000000	-0.000000	0.003288	0.002738	-0.092938	0.000000	-0.000000	-0.000000	0.111475	-1.976724	-0.400123	-0.000000	0.000000	0.000000	0.000000	0.000000	-3.517242	0.000000	0.000000	0.000000	0.000000
1761691837.784633160	0.000000	-0.000607	-0.001262	0.003799	0.000000	0.000000	-0.000000	0.003023	0.003289	-0.101823	0.000000	-0.000000	-0.000000	0.111815	-1.976587	-0.408365	-0.000000	0.000000	0.000000	0.000000	0.000000	-3.517242	0.000000	0.000000	0.000000	0.000000
1761691837.884528160	0.000000	-0.000582	-0.001306	0.083241	-0.000000	0.000000	-0.000000	0.002926	0.003404	-0.104488	0.000000	-0.000000	-0.000000	0.112222	-1.976392	-0.418804	-0.000000	0.000000	0.000000	0.000000	0.000000	-3.517242	0.000000	0.000000	0.000000	0.000000
1761691837.984776735	0.000000	-0.000609	-0.001176	0.136530	-0.000000	-0.000000	-0.000000	0.003051	0.002964	-0.098812	0.000000	0.000000	-0.000000	0.112624	-1.976223	-0.429010	-0.000000	-0.000000	0.000000	0.000000	0.000000	-3.517242	0.000000	0.000000	0.000000	0.000000
1761691838.084602833	-0.000000	-0.000687	-0.000856	0.182241	-0.000000	-0.000000	0.000000	0.003301	0.002225	-0.088323	0.000000	0.000000	-0.000000	0.112954	-1.976142	-0.436750	-0.000000	-0.000000	0.000000	0.000000	0.000000	-3.517242	0.000000	0.000000	0.000000	0.000000
1761691838.184615374	-0.000000	-0.000773	-0.000506	0.206367	-0.000000	-0.000000	0.000000	0.003700	0.001087	-0.071623	0.000000	0.000000	-0.000000	0.113340	-1.976149	-0.444659	-0.000000	-0.000000	0.000000	0.000000	0.000000	-3.517242	0.000000	0.000000	0.000000	0.000000
1761691838.284792185	-0.000000	-0.000892	-0.000022	0.218434	-0.000000	-0.000000	0.000000	0.004093	-0.000024	-0.054827	0.000000	0.000000	-0.000000	0.113651	-1.976258	-0.449801	0.000000	0.000000	0.000000	0.000000	0.000000	-3.517242	0.000000	0.000000	0.000000	0.000000
1761691838.384675503	-0.000000	-0.000992	0.000407	0.216029	-0.000000	-0.000000	0.000000	0.004586	-0.001418	-0.033185	0.000000	0.000000	-0.000000	0.114008	-1.976525	-0.454030	0.000000	0.000000	0.000000	0.000000	0.000000	-3.517242	0.000000	0.000000	0.000000	0.000000
1761691838.484586954	-0.000000	-0.001102	0.000930	0.200641	-0.000000	-0.000000	0.000000	0.005060	-0.002779	-0.015143	0.000000	0.000000	-0.000000	0.114292	-1.976859	-0.455892	0.000000	0.000000	0.000000	0.000000	0.000000	-3.517242	0.000000	0.000000	0.000000	0.000000
1761691838.584562778	-0.000000	-0.001195	0.001427	0.173615	-0.000000	-0.000000	0.000000	0.005413	-0.003813	0.005434	0.000000	0.000000	-0.000000	0.114617	-1.977386	-0.456188	0.000000	0.000000	0.000000	0.000000	0.000000	-3.517242	0.000000	0.000000	0.000000	0.000000
1761691838.684906960	-0.000000	-0.001256	0.001792	0.142742	-0.000000	-0.000000	0.000000	0.005768	-0.004883	0.023697	-0.000000	0.000000	-0.000000	0.114926	-1.978035	-0.454550	0.000000	0.000000	0.000000	0.000000	0.000000	-3.517242	0.000000	0.000000	0.000000	0.000000
1761691838.784602880	-0.000000	-0.001306	0.002141	0.098657	-0.000000	-0.000000	0.000000	0.005979	-0.005559	0.036106	-0.000000	0.000000	0.000000	0.115175	-1.978647	-0.451937	0.000000	0.000000	0.000000	0.000000	0.000000	-3.517242	0.000000	0.000000	0.000000	0.000000
1761691838.884504318	-0.000000	-0.001331	0.002376	0.050664	-0.000000	-0.000000	0.000000	0.006133	-0.006114	0.047442	-0.000000	0.000000	0.000000	0.115466	-1.979445	-0.447616	0.000000	0.000000	0.000000	0.000000	0.000000	-3.517242	0.000000	0.000000	0.000000	0.000000
1761691838.984634399	-0.000000	-0.001328	0.002442	0.012882	-0.000000	-0.000000	0.000000	0.006139	-0.006286	0.053308	-0.000000	0.000000	0.000000	0.115752	-1.980272	-0.442497	0.000000	0.000000	0.000000	0.000000	0.000000	-3.517242	0.000000	0.000000	0.000000	0.000000
1761691839.084543705	-0.000000	-0.001307	0.002423	-0.029603	-0.000000	-0.000000	0.000000	0.006061	-0.006215	0.055011	-0.000000	0.000000	0.000000	0.115990	-1.980960	-0.437948	0.000000	0.000000	0.000000	0.000000	0.000000	-3.517242	0.000000	0.000000	0.000000	0.000000
1761691839.184679270	-0.000000	-0.001274	0.002319	-0.060261	0.000000	0.000000	0.000000	0.005877	-0.005896	0.053467	-0.000000	-0.000000	0.000000	0.116275	-1.981761	-0.432490	0.000000	0.000000	0.000000	0.000000	0.000000	-3.517242	0.000000	0.000000	0.000000	0.000000
1761691839.284633636	0.000000	-0.001217	0.002096	-0.088770	0.000000	0.000000	0.000000	0.005643	-0.005427	0.048956	-0.000000	-0.000000	0.000000	0.116515	-1.982387	-0.428243	0.000000	0.000000	0.000000	0.000000	0.000000	-3.517242	0.000000	0.000000	0.000000	0.000000
1761691839.384524345	0.000000	-0.001147	0.001805	-0.108121	0.000000	0.000000	-0.000000	0.005304	-0.004713	0.041030	-0.000000	-0.000000	0.000000	0.116804	-1.983070	-0.423778	0.000000	0.000000	0.000000	0.000000	0.000000	-3.517242	0.000000	0.000000	0.000000	0.000000
1761691839.484445095	0.000000	-0.001066	0.001468	-0.117729	0.000000	0.000000	-0.000000	0.004915	-0.003877	0.030862	-0.000000	-0.000000	0.000000	0.117094	-1.983665	-0.420247	0.000000	0.000000	0.000000	0.000000	0.000000	-3.517242	0.000000	0.000000	0.000000	0.000000
1761691839.584607363	0.000000	-0.000978	0.001113	-0.117689	0.000000	0.000000	-0.000000	0.004500	-0.002979	0.019250	-0.000000	-0.000000	0.000000	0.117384	-1.984161	-0.417831	-0.000000	0.000000	0.000000	0.000000	0.000000	-3.517242	0.000000	0.000000	0.000000	0.000000
1761691839.684493065	0.000000	-0.000889	0.000774	-0.109559	0.000000	0.000000	-0.000000	0.004092	-0.002102	0.007480	-0.000000	-0.000000	0.000000	0.117674	-1.984559	-0.416593	-0.000000	0.000000	0.000000	0.000000	0.000000	-3.517242	0.000000	0.000000	0.000000	0.000000
1761691839.784615993	0.000000	-0.000806	0.000470	-0.094688	0.000000	0.000000	-0.000000	0.003712	-0.001299	-0.003611	-0.000000	-0.000000	0.000000	0.117962	-1.984864	-0.416497	-0.000000	0.000000	0.000000	0.000000	0.000000	-3.517242	0.000000	0.000000	0.000000	0.000000
1761691839.885010004	0.000000	-0.000743	0.000255	-0.078016	0.000000	0.000000	-0.000000	0.003378	-0.000612	-0.013328	-0.000000	-0.000000	0.000000	0.118247	-1.985088	-0.417436	-0.000000	0.000000	0.000000	0.000000	0.000000	-3.517242	0.000000	0.000000	0.000000	0.000000
1761691839.984689236	0.000000	-0.000677	0.000042	-0.053881	0.000000	0.000000	-0.000000	0.003141	-0.000141	-0.020107	0.000000	-0.000000	-0.000000	0.118483	-1.985222	-0.418894	-0.000000	0.000000	0.000000	0.000000	0.000000	-3.517242	0.000000	0.000000	0.000000	0.000000
1761691840.084506750	0.000000	-0.000625	-0.000111	-0.027606	0.000000	0.000000	-0.000000	0.002913	0.000281	-0.026300	0.000000	-0.000000	-0.000000	0.118761	-1.985333	-0.421293	-0.000000	0.000000	0.000000	0.000000	0.000000	-3.517242	0.000000	0.000000	0.000000	0.000000
1761691840.184553385	0.000000	-0.000597	-0.000177	-0.006811	0.000000	0.000000	-0.000000	0.002792	0.000461	-0.029038	0.000000	-0.000000	-0.000000	0.118991	-1.985399	-0.423636	-0.000000	0.000000	0.000000	0.000000	0.000000	-3.517242	0.000000	0.000000	0.000000	0.000000
1761691840.284521580	0.000000	-0.000576	-0.000208	0.016656	0.000000	0.000000	-0.000000	0.002699	0.000545	-0.030412	0.000000	-0.000000	-0.000000	0.119261	-1.985464	-0.426643	-0.000000	0.000000	0.000000	0.000000	0.000000	-3.517242	0.000000	0.000000	0.000000	0.000000
1761691840.384528160	0.000000	-0.000572	-0.000173	0.035935	-0.000000	-0.000000	-0.000000	0.002679	0.000452	-0.029138	0.000000	0.000000	-0.000000	0.119526	-1.985530	-0.429627	-0.000000	0.000000	0.000000	0.000000	0.000000	-3.517242	0.000000	0.000000	0.000000	0.000000
1761691840.484797478	0.000000	-0.000579	-0.000107	0.048290	-0.000000	-0.000000	0.000000	0.002711	0.000231	-0.025866	0.000000	0.000000	-0.000000	0.119784	-1.985612	-0.432363	-0.000000	0.000000	0.000000	0.000000	0.000000	-3.517242	0.000000	0.000000	0.000000	0.000000
1761691840.585021019	-0.000000	-0.000593	-0.000001	0.058765	-0.000000	-0.000000	0.000000	0.002777	-0.000073	-0.021243	0.000000	0.000000	-0.000000	0.120036	-1.985723	-0.434688	-0.000000	0.000000	0.000000	0.000000	0.000000	-3.517242	0.000000	0.000000	0.000000	0.000000
1761691840.684687138	-0.000000	-0.000613	0.000129	0.064081	-0.000000	-0.000000	0.000000	0.002870	-0.000440	-0.015541	0.000000	0.000000	-0.000000	0.120281	-1.985868	-0.436487	-0.000000	0.000000	0.000000	0.000000	0.000000	-3.517242	0.000000	0.000000	0.000000	0.000000
1761691840.784532309	-0.000000	-0.000637	0.000274	0.064255	-0.000000	-0.000000	0.000000	0.002957	-0.000769	-0.010289	0.000000	0.000000	-0.000000	0.120479	-1.986019	-0.437523	0.000000	0.000000	0.000000	0.000000	0.000000	-3.517242	0.000000	0.000000	0.000000	0.000000
1761691840.884686708	-0.000000	-0.000656	0.000395	0.060836	-0.000000	-0.000000	0.000000	0.003063	-0.001162	-0.003869	0.000000	0.000000	-0.000000	0.120710	-1.986237	-0.438177	0.000000	0.000000	0.000000	0.000000	0.000000	-3.517242	0.000000	0.000000	0.000000	0.000000
1761691840.984549761	-0.000000	-0.000677	0.000533	0.053080	-0.000000	-0.000000	0.000000	0.003142	-0.001464	0.001257	0.000000	0.000000	-0.000000	0.120897	-1.986449	-0.438242	0.000000	0.000000	0.000000	0.000000	0.000000	-3.517242	0.000000	0.000000	0.000000	0.000000
1761691841.084571600	-0.000000	-0.000690	0.000630	0.044307	-0.000000	-0.000000	0.000000	0.003216	-0.001768	0.006694	0.000000	0.000000	-0.000000	0.121116	-1.986733	-0.437793	0.000000	0.000000	0.000000	0.000000	0.000000	-3.517242	0.000000	0.000000	0.000000	0.000000
1761691841.184883118	-0.000000	-0.000699	0.000710	0.033760	-0.000000	-0.000000	0.000000	0.003258	-0.001968	0.010533	-0.000000	0.000000	-0.000000	0.121294	-1.986990	-0.437039	0.000000	0.000000	0.000000	0.000000	0.000000	-3.517242	0.000000	0.000000	0.000000	0.000000
1761691841.284600735	-0.000000	-0.000703	0.000778	0.019854	-0.000000	-0.000000	0.000000	0.003277	-0.002108	0.013522	-0.000000	0.000000	0.000000	0.121468	-1.987261	-0.436006	0.000000	0.000000	0.000000	0.000000	0.000000	-3.517242	0.000000	0.000000	0.000000	0.000000
1761691841.384555817	-0.000000	-0.000701	0.000812	0.005611	-0.000000	-0.000000	0.000000	0.003269	-0.002196	0.015971	-0.000000	0.000000	0.000000	0.121674	-1.987596	-0.434495	0.000000	0.000000	0.000000	0.000000	0.000000	-3.517242	0.000000	0.000000	0.000000	0.000000
1761691841.484722137	-0.000000	-0.000691	0.000806	-0.005153	-0.000000	-0.000000	0.000000	0.003218	-0.002172	0.016769	-0.000000	0.000000	0.000000	0.121876	-1.987931	-0.432841	0.000000	0.000000	0.000000	0.000000	0.000000	-3.517242	0.000000	0.000000	0.000000	0.000000
1761691841.584709644	-0.000000	-0.000675	0.000773	-0.016773	-0.000000	0.000000	0.000000	0.003138	-0.002074	0.016434	-0.000000	-0.000000	0.000000	0.122076	-1.988256	-0.431177	0.000000	0.000000	0.000000	0.000000	0.000000	-3.517242	0.000000	0.000000	0.000000	0.000000
1761691841.684707165	-0.000000	-0.000652	0.000713	-0.026182	0.000000	0.000000	0.000000	0.003030	-0.001903	0.014950	-0.000000	-0.000000	0.000000	0.122273	-1.988564	-0.429612	0.000000	0.000000	0.000000	0.000000	0.000000	-3.517242	0.000000	0.000000	0.000000	0.000000
1761691841.784569025	0.000000	-0.000625	0.000630	-0.032789	0.000000	0.000000	-0.000000	0.002899	-0.001675	0.012489	-0.000000	-0.000000	0.000000	0.122468	-1.988848	-0.428254	0.000000	0.000000	0.000000	0.000000	0.000000	-3.517242	0.000000	0.000000	0.000000	0.000000
1761691841.884557009	0.000000	-0.000594	0.000532	-0.036371	0.000000	0.000000	-0.000000	0.002777	-0.001453	0.009866	-0.000000	-0.000000	0.000000	0.122629	-1.989063	-0.427341	0.000000	0.000000	0.000000	0.000000	0.000000	-3.517242	0.000000	0.000000	0.000000	0.000000
1761691841.984621048	0.000000	-0.000561	0.000426	-0.036954	0.000000	0.000000	-0.000000	0.002625	-0.001169	0.006349	-0.000000	-0.000000	0.000000	0.122820	-1.989292	-0.426555	-0.000000	0.000000	0.000000	0.000000	0.000000	-3.517242	0.000000	0.000000	0.000000	0.000000
1761691842.084598303	0.000000	-0.000533	0.000339	-0.035302	0.000000	0.000000	-0.000000	0.002472	-0.000886	0.002663	-0.000000	-0.000000	0.000000	0.123009	-1.989488	-0.426135	-0.000000	0.000000	0.000000	0.000000	0.000000	-3.517242	0.000000	0.000000	0.000000	0.000000
1761691842.184628010	0.000000	-0.000501	0.000239	-0.031129	0.000000	0.000000	-0.000000	0.002349	-0.000664	-0.000306	-0.000000	-0.000000	0.000000	0.123165	-1.989628	-0.426062	-0.000000	0.000000	0.000000	0.000000	0.000000	-3.517242	0.000000	0.000000	0.000000	0.000000
1761691842.284707546	0.000000	-0.000476	0.000166	-0.026133	0.000000	0.000000	-0.000000	0.002213	-0.000425	-0.003558	-0.000000	-0.000000	-0.000000	0.123351	-1.989769	-0.426287	-0.000000	0.000000	0.000000	0.000000	0.000000	-3.517242	0.000000	0.000000	0.000000	0.000000
1761691842.384684324	0.000000	-0.000450	0.000092	-0.018867	0.000000	0.000000	-0.000000	0.002095	-0.000231	-0.006255	0.000000	-0.000000	-0.000000	0.123533	-1.989886	-0.426804	-0.000000	0.000000	0.000000	0.000000	0.000000	-3.517242	0.000000	0.000000	0.000000	0.000000
1761691842.484751940	0.000000	-0.000428	0.000037	-0.010773	0.000000	0.000000	-0.000000	0.002013	-0.000110	-0.007948	0.000000	-0.000000	-0.000000	0.123683	-1.989968	-0.427414	-0.000000	0.000000	0.000000	0.000000	0.000000	-3.517242	0.000000	0.000000	0.000000	0.000000
1761691842.584972620	0.000000	-0.000414	0.000011	-0.004197	0.000000	0.000000	-0.000000	0.001939	-0.000025	-0.009160	0.000000	-0.000000	-0.000000	0.123859	-1.990055	-0.428285	-0.000000	0.000000	0.000000	0.000000	0.000000	-3.517242	0.000000	0.000000	0.000000	0.000000
1761691842.684551001	0.000000	-0.000402	-0.000005	3.263135	0.000000	0.000000	-0.000000	0.001893	0.000008	-0.009620	0.000000	-0.000000	-0.000000	0.124004	-1.990121	-0.429075	-0.000000	0.000000	0.000000	0.000000	0.000000	0.000000	0.000000	0.000000	0.000000	0.000000
1761691842.784540415	-0.000000	-0.001037	0.003484	3.015511	-0.000000	-0.000000	0.000000	0.005324	-0.008657	0.123574	0.000000	0.000000	0.000000	0.124157	-1.990586	-0.424494	0.000000	0.000000	0.000000	0.000000	0.000000	0.000000	0.000000	0.000000	0.000000	0.000000
1761691842.884569883	-0.000000	-0.001542	0.009962	2.391551	-0.000000	-0.000000	0.000000	0.010447	-0.021470	0.323574	0.000000	0.000000	0.000000	0.124271	-1.992400	-0.400470	0.000000	0.000000	0.000000	0.000000	0.000000	0.000000	0.000000	0.000000	0.000000	0.000000
1761691842.984649897	-0.000000	-0.001573	0.016318	1.640184	-0.000000	-0.000000	0.000000	0.015538	-0.033769	0.523574	-0.000000	0.000000	0.000000	0.124456	-1.995564	-0.356446	0.000000	0.000000	0.000000	0.000000	0.000000	0.000000	0.000000	0.000000	0.000000	0.000000
1761691843.084664583	-0.000000	-0.001299	0.023640	0.559182	-0.000000	-0.000000	0.000000	0.019930	-0.043402	0.693589	-0.000000	0.000000	0.000000	0.124911	-1.999893	-0.293922	0.000000	0.000000	0.000000	0.000000	0.000000	0.000000	0.000000	0.000000	0.000000	0.000000
1761691843.184650898	-0.000000	-0.001192	0.026946	-0.374544	-0.000000	-0.000000	0.000000	0.022028	-0.046102	0.767524	-0.000000	0.000000	0.000000	0.125815	-2.004834	-0.219501	0.000000	0.000000	0.000000	0.000000	0.000000	0.000000	0.000000	0.000000	0.000000	0.000000
1761691843.285612583	0.000000	-0.001568	0.024939	-0.933234	0.000000	0.000000	-0.000000	0.021847	-0.042204	0.745632	-0.000000	-0.000000	0.000000	0.127182	-2.009583	-0.143378	0.000000	0.000000	0.000000	0.000000	0.000000	0.000000	0.000000	0.000000	0.000000	0.000000
1761691843.384789467	0.000000	-0.002162	0.019745	-1.175618	0.000000	0.000000	-0.000000	0.020148	-0.034398	0.661620	-0.000000	-0.000000	0.000000	0.128849	-2.013572	-0.073328	0.000000	0.000000	0.000000	0.000000	0.000000	0.000000	0.000000	0.000000	0.000000	0.000000
1761691843.484724045	0.000000	-0.002612	0.013770	-1.238596	0.000000	0.000000	-0.000000	0.017641	-0.025140	0.548098	-0.000000	-0.000000	0.000000	0.130588	-2.016556	-0.013621	0.000000	0.000000	0.000000	0.000000	0.000000	0.000000	0.000000	0.000000	0.000000	0.000000
1761691843.584658623	0.000000	-0.002752	0.008343	-1.217610	0.000000	0.000000	-0.000000	0.014770	-0.015843	0.425288	-0.000000	-0.000000	0.000000	0.132200	-2.018508	0.034069	0.000000	0.000000	0.000000	0.000000	0.000000	0.000000	0.000000	0.000000	0.000000	0.000000
1761691843.684568882	0.000000	-0.002573	0.003889	-1.156032	0.000000	0.000000	-0.000000	0.012278	-0.008550	0.323470	-0.000000	-0.000000	0.000000	0.133349	-2.019403	0.064407	-0.000000	0.000000	0.000000	0.000000	0.000000	0.000000	0.000000	0.000000	0.000000	0.000000
1761691843.784645319	0.000000	-0.002134	0.000426	-1.069212	0.000000	0.000000	-0.000000	0.009283	-0.000461	0.205815	-0.000000	-0.000000	0.000000	0.134423	-2.019694	0.089822	-0.000000	0.000000	0.000000	0.000000	0.000000	0.000000	0.000000	0.000000	0.000000	0.000000
1761691843.884718418	0.000000	-0.001511	-0.002526	-0.961507	0.000000	0.000000	-0.000000	0.006377	0.006781	0.095999	-0.000000	-0.000000	0.000000	0.135136	-2.019236	0.103901	-0.000000	0.000000	0.000000	0.000000	0.000000	0.000000	0.000000	0.000000	0.000000	0.000000
1761691843.984653234	0.000000	-0.000785	-0.005366	-0.833331	0.000000	0.000000	-0.000000	0.003651	0.013096	-0.003741	-0.000000	-0.000000	-0.000000	0.135496	-2.018134	0.107563	-0.000000	0.000000	0.000000	0.000000	0.000000	0.000000	0.000000	0.000000	0.000000	0.000000
1761691844.084733963	0.000000	-0.000033	-0.007919	-0.651616	0.000000	0.000000	-0.000000	0.001193	0.018367	-0.091347	-0.000000	-0.000000	-0.000000	0.135542	-2.016491	0.101936	-0.000000	-0.000000	0.000000	0.000000	0.000000	0.000000	0.000000	0.000000	0.000000	0.000000
1761691844.184710264	0.000000	0.000651	-0.009942	-0.412507	0.000000	0.000000	-0.000000	-0.000852	0.022335	-0.162566	-0.000000	-0.000000	-0.000000	0.135339	-2.014417	0.088445	-0.000000	-0.000000	0.000000	0.000000	0.000000	0.000000	0.000000	0.000000	0.000000	0.000000
1761691844.284896135	0.000000	0.001171	-0.011163	-0.157203	0.000000	0.000000	-0.000000	-0.002303	0.024671	-0.211787	0.000000	-0.000000	-0.000000	0.134976	-2.012050	0.069052	-0.000000	-0.000000	0.000000	0.000000	0.000000	0.000000	0.000000	0.000000	0.000000	0.000000
1761691844.384701729	0.000000	0.001434	-0.011449	0.075984	0.000000	0.000000	-0.000000	-0.003059	0.025244	-0.236017	0.000000	-0.000000	-0.000000	0.134551	-2.009550	0.046176	-0.000000	-0.000000	0.000000	0.000000	0.000000	0.000000	0.000000	0.000000	0.000000	0.000000
1761691844.484616518	-0.000000	0.001419	-0.010867	0.262728	0.000000	-0.000000	0.000000	-0.003135	0.024195	-0.236192	0.000000	0.000000	-0.000000	0.134150	-2.007083	0.022305	-0.000000	-0.000000	0.000000	0.000000	0.000000	0.000000	0.000000	0.000000	0.000000	0.000000
1761691844.584581137	-0.000000	0.001180	-0.009629	0.394164	0.000000	-0.000000	0.000000	-0.002641	0.021856	-0.216144	0.000000	0.000000	-0.000000	0.133836	-2.004791	-0.000352	-0.000000	-0.000000	0.000000	0.000000	0.000000	0.000000	0.000000	0.000000	0.000000	0.000000
1761691844.684808969	-0.000000	0.000806	-0.007997	0.472362	0.000000	-0.000000	0.000000	-0.001731	0.018637	-0.181109	0.000000	0.000000	-0.000000	0.133643	-2.002783	-0.020069	-0.000000	-0.000000	0.000000	0.000000	0.000000	0.000000	0.000000	0.000000	0.000000	0.000000
1761691844.784571171	-0.000000	0.000374	-0.006186	0.501138	-0.000000	-0.000000	0.000000	-0.000538	0.014872	-0.135176	0.000000	0.000000	-0.000000	0.133585	-2.001135	-0.035554	-0.000000	-0.000000	0.000000	0.000000	0.000000	0.000000	0.000000	0.000000	0.000000	0.000000
1761691844.884602785	-0.000000	-0.000033	-0.004437	0.493869	-0.000000	-0.000000	0.000000	0.000746	0.011030	-0.085542	0.000000	0.000000	-0.000000	0.133658	-1.999874	-0.046197	-0.000000	-0.000000	0.000000	0.000000	0.000000	0.000000	0.000000	0.000000	0.000000	0.000000
1761691844.984529972	-0.000000	-0.000393	-0.002857	0.457494	-0.000000	-0.000000	0.000000	0.002013	0.007357	-0.036033	0.000000	0.000000	-0.000000	0.133850	-1.998995	-0.051858	0.000000	-0.000000	0.000000	0.000000	0.000000	0.000000	0.000000	0.000000	0.000000	0.000000
1761691845.084925652	-0.000000	-0.000692	-0.001504	0.397135	-0.000000	-0.000000	0.000000	0.003185	0.004035	0.010322	0.000000	0.000000	-0.000000	0.134149	-1.998471	-0.052732	0.000000	0.000000	0.000000	0.000000	0.000000	0.000000	0.000000	0.000000	0.000000	0.000000
1761691845.184550762	-0.000000	-0.000924	-0.000409	0.308758	-0.000000	-0.000000	0.000000	0.004199	0.001206	0.051042	0.000000	0.000000	-0.000000	0.134539	-1.998256	-0.049282	0.000000	0.000000	0.000000	0.000000	0.000000	0.000000	0.000000	0.000000	0.000000	0.000000
1761691845.284663200	-0.000000	-0.001087	0.000409	0.200296	-0.000000	-0.000000	0.000000	0.004985	-0.000974	0.083390	-0.000000	0.000000	0.000000	0.135005	-1.998288	-0.042230	0.000000	0.000000	0.000000	0.000000	0.000000	0.000000	0.000000	0.000000	0.000000	0.000000
1761691845.384524584	-0.000000	-0.001183	0.000958	0.086303	-0.000000	-0.000000	0.000000	0.005492	-0.002393	0.105228	-0.000000	0.000000	0.000000	0.135528	-1.998493	-0.032542	0.000000	0.000000	0.000000	0.000000	0.000000	0.000000	0.000000	0.000000	0.000000	0.000000
1761691845.484990358	-0.000000	-0.001220	0.001207	-0.020441	-0.000000	-0.000000	0.000000	0.005701	-0.003020	0.115758	-0.000000	0.000000	0.000000	0.136083	-1.998790	-0.021325	0.000000	0.000000	0.000000	0.000000	0.000000	0.000000	0.000000	0.000000	0.000000	0.000000
1761691845.584867954	-0.000000	-0.001208	0.001181	-0.096410	-0.000000	-0.000000	0.000000	0.005626	-0.002916	0.115493	-0.000000	0.000000	0.000000	0.136646	-1.999099	-0.009691	0.000000	0.000000	0.000000	0.000000	0.000000	0.000000	0.000000	0.000000	0.000000	0.000000
1761691845.684724331	0.000000	-0.001159	0.000962	-0.171317	0.000000	0.000000	-0.000000	0.005339	-0.002281	0.107118	-0.000000	-0.000000	0.000000	0.137191	-1.999359	0.001422	0.000000	0.000000	0.000000	0.000000	0.000000	0.000000	0.000000	0.000000	0.000000	0.000000
1761691845.785054922	0.000000	-0.001071	0.000561	-0.224101	0.000000	0.000000	-0.000000	0.004855	-0.001173	0.091235	-0.000000	-0.000000	0.000000	0.137699	-1.999522	0.011260	0.000000	0.000000	0.000000	0.000000	0.000000	0.000000	0.000000	0.000000	0.000000	0.000000
1761691845.884773493	0.000000	-0.000947	0.000036	-0.253197	0.000000	0.000000	-0.000000	0.004223	0.000270	0.069704	-0.000000	-0.000000	0.000000	0.138149	-1.999550	0.019164	0.000000	0.000000	0.000000	0.000000	0.000000	0.000000	0.000000	0.000000	0.000000	0.000000
1761691845.984732151	0.000000	-0.000796	-0.000563	-0.260051	0.000000	0.000000	-0.000000	0.003506	0.001884	0.044870	-0.000000	-0.000000	0.000000	0.138527	-1.999422	0.024706	0.000000	0.000000	0.000000	0.000000	0.000000	0.000000	0.000000	0.000000	0.000000	0.000000
1761691846.084723234	0.000000	-0.000630	-0.001193	-0.247235	0.000000	0.000000	-0.000000	0.002762	0.003513	0.018979	-0.000000	-0.000000	-0.000000	0.138826	-1.999130	0.027687	-0.000000	0.000000	0.000000	0.000000	0.000000	0.000000	0.000000	0.000000	0.000000	0.000000
1761691846.184930086	0.000000	-0.000460	-0.001800	-0.217843	0.000000	0.000000	-0.000000	0.002048	0.005024	-0.005958	-0.000000	-0.000000	-0.000000	0.139048	-1.998683	0.028122	-0.000000	0.000000	0.000000	0.000000	0.000000	0.000000	0.000000	0.000000	0.000000	0.000000
1761691846.284792185	0.000000	-0.000300	-0.002335	-0.172967	0.000000	0.000000	-0.000000	0.001410	0.006306	-0.028233	-0.000000	-0.000000	-0.000000	0.139199	-1.998100	0.026206	-0.000000	0.000000	0.000000	0.000000	0.000000	0.000000	0.000000	0.000000	0.000000	0.000000
1761691846.384708643	0.000000	-0.000164	-0.002751	-0.116195	0.000000	0.000000	-0.000000	0.000890	0.007262	-0.046277	-0.000000	-0.000000	-0.000000	0.139292	-1.997409	0.022299	-0.000000	0.000000	0.000000	0.000000	0.000000	0.000000	0.000000	0.000000	0.000000	0.000000
1761691846.484795332	0.000000	-0.000064	-0.003011	-0.054237	0.000000	0.000000	-0.000000	0.000522	0.007822	-0.058843	-0.000000	-0.000000	-0.000000	0.139344	-1.996646	0.016899	-0.000000	-0.000000	0.000000	0.000000	0.000000	0.000000	0.000000	0.000000	0.000000	0.000000
1761691846.584900379	0.000000	-0.000006	-0.003097	0.006336	0.000000	0.000000	-0.000000	0.000322	0.007957	-0.065299	-0.000000	-0.000000	-0.000000	0.139373	-1.995853	0.010595	-0.000000	-0.000000	0.000000	0.000000	0.000000	0.000000	0.000000	0.000000	0.000000	0.000000
1761691846.684744596	-0.000000	0.000006	-0.003011	0.060067	0.000000	0.000000	0.000000	0.000289	0.007687	-0.065675	-0.000000	0.000000	-0.000000	0.139396	-1.995070	0.004001	-0.000000	-0.000000	0.000000	0.000000	0.000000	0.000000	0.000000	0.000000	0.000000	0.000000
1761691846.784743071	-0.000000	-0.000022	-0.002776	0.103088	0.000000	-0.000000	0.000000	0.000403	0.007064	-0.060564	0.000000	0.000000	-0.000000	0.139430	-1.994335	-0.002306	-0.000000	-0.000000	0.000000	0.000000	0.000000	0.000000	0.000000	0.000000	0.000000	0.000000
1761691846.884840250	-0.000000	-0.000081	-0.002427	0.133194	0.000000	-0.000000	0.000000	0.000636	0.006171	-0.050972	0.000000	0.000000	-0.000000	0.139487	-1.993680	-0.007832	-0.000000	-0.000000	0.000000	0.000000	0.000000	0.000000	0.000000	0.000000	0.000000	0.000000
1761691846.984703064	-0.000000	-0.000160	-0.002006	0.149646	0.000000	-0.000000	0.000000	0.000952	0.005098	-0.038155	0.000000	0.000000	-0.000000	0.139574	-1.993125	-0.012203	-0.000000	0.000000	0.000000	0.000000	0.000000	0.000000	0.000000	0.000000	0.000000	0.000000
1761691847.084724665	-0.000000	-0.000250	-0.001553	0.152852	-0.000000	-0.000000	0.000000	0.001314	0.003941	-0.023464	0.000000	0.000000	-0.000000	0.139696	-1.992684	-0.015173	-0.000000	0.000000	0.000000	0.000000	0.000000	0.000000	0.000000	0.000000	0.000000	0.000000
1761691847.184731483	-0.000000	-0.000339	-0.001105	0.144053	-0.000000	-0.000000	0.000000	0.001684	0.002791	-0.008232	0.000000	0.000000	-0.000000	0.139855	-1.992360	-0.016633	-0.000000	0.000000	0.000000	0.000000	0.000000	0.000000	0.000000	0.000000	0.000000	0.000000
1761691847.284747601	-0.000000	-0.000420	-0.000694	0.125010	-0.000000	-0.000000	0.000000	0.002032	0.001728	0.006320	0.000000	0.000000	0.000000	0.140047	-1.992146	-0.016601	0.000000	0.000000	0.000000	0.000000	0.000000	0.000000	0.000000	0.000000	0.000000	0.000000
1761691847.384654045	-0.000000	-0.000488	-0.000343	0.097003	-0.000000	-0.000000	0.000000	0.002328	0.000816	0.019138	0.000000	0.000000	0.000000	0.140270	-1.992031	-0.015208	0.000000	0.000000	0.000000	0.000000	0.000000	0.000000	0.000000	0.000000	0.000000	0.000000
1761691847.484752178	-0.000000	-0.000539	-0.000070	0.062887	-0.000000	-0.000000	0.000000	0.002551	0.000110	0.029305	0.000000	0.000000	0.000000	0.140517	-1.991996	-0.012682	0.000000	0.000000	0.000000	0.000000	0.000000	0.000000	0.000000	0.000000	0.000000	0.000000
1761691847.584589005	-0.000000	-0.000569	0.000114	0.026351	-0.000000	-0.000000	0.000000	0.002664	-0.000282	0.035114	0.000000	0.000000	0.000000	0.140735	-1.992010	-0.009931	0.000000	0.000000	0.000000	0.000000	0.000000	0.000000	0.000000	0.000000	0.000000	0.000000
1761691847.684551954	-0.000000	-0.000579	0.000207	-0.009060	-0.000000	-0.000000	0.000000	0.002716	-0.000534	0.038967	-0.000000	0.000000	0.000000	0.141005	-1.992058	-0.006154	0.000000	0.000000	0.000000	0.000000	0.000000	0.000000	0.000000	0.000000	0.000000	0.000000
1761691847.784646034	-0.000000	-0.000570	0.000209	-0.040352	-0.000000	0.000000	0.000000	0.002673	-0.000540	0.039241	-0.000000	-0.000000	0.000000	0.141275	-1.992115	-0.002202	0.000000	0.000000	0.000000	0.000000	0.000000	0.000000	0.000000	0.000000	0.000000	0.000000
1761691847.884586096	0.000000	-0.000543	0.000132	-0.065312	-0.000000	0.000000	-0.000000	0.002546	-0.000331	0.036249	-0.000000	-0.000000	0.000000	0.141536	-1.992160	0.001583	0.000000	0.000000	0.000000	0.000000	0.000000	0.000000	0.000000	0.000000	0.000000	0.000000
1761691847.984587908	0.000000	-0.000501	-0.000008	-0.082582	0.000000	0.000000	-0.000000	0.002349	0.000050	0.030550	-0.000000	-0.000000	0.000000	0.141779	-1.992171	0.004903	0.000000	0.000000	0.000000	0.000000	0.000000	0.000000	0.000000	0.000000	0.000000	0.000000
1761691848.084683895	0.000000	-0.000449	-0.000191	-0.091615	0.000000	0.000000	-0.000000	0.002102	0.000549	0.022868	-0.000000	-0.000000	0.000000	0.142000	-1.992137	0.007529	0.000000	0.000000	0.000000	0.000000	0.000000	0.000000	0.000000	0.000000	0.000000	0.000000
1761691848.185255051	0.000000	-0.000390	-0.000398	-0.092564	0.000000	0.000000	-0.000000	0.001828	0.001109	0.014007	-0.000000	-0.000000	0.000000	0.142194	-1.992048	0.009309	0.000000	0.000000	0.000000	0.000000	0.000000	0.000000	0.000000	0.000000	0.000000	0.000000
1761691848.284604549	0.000000	-0.000328	-0.000609	-0.086116	0.000000	0.000000	-0.000000	0.001549	0.001672	0.004766	-0.000000	-0.000000	0.000000	0.142359	-1.991903	0.010171	0.000000	0.000000	0.000000	0.000000	0.000000	0.000000	0.000000	0.000000	0.000000	0.000000
1761691848.384758234	0.000000	-0.000270	-0.000800	-0.073636	0.000000	0.000000	-0.000000	0.001287	0.002181	-0.003953	-0.000000	-0.000000	0.000000	0.142496	-1.991704	0.010135	0.000000	0.000000	0.000000	0.000000	0.000000	0.000000	0.000000	0.000000	0.000000	0.000000
1761691848.484567881	0.000000	-0.000219	-0.000958	-0.056277	0.000000	0.000000	-0.000000	0.001060	0.002598	-0.011524	-0.000000	-0.000000	0.000000	0.142609	-1.991460	0.009289	-0.000000	0.000000	0.000000	0.000000	0.000000	0.000000	0.000000	0.000000	0.000000	0.000000
1761691848.584914446	0.000000	-0.000178	-0.001070	-0.039563	0.000000	0.000000	-0.000000	0.000880	0.002891	-0.017441	-0.000000	-0.000000	0.000000	0.142702	-1.991181	0.007780	-0.000000	0.000000	0.000000	0.000000	0.000000	0.000000	0.000000	0.000000	0.000000	0.000000
1761691848.684777498	0.000000	-0.000153	-0.001126	-0.017867	0.000000	0.000000	-0.000000	0.000748	0.003064	-0.021676	-0.000000	-0.000000	0.000000	0.142780	-1.990881	0.005777	-0.000000	0.000000	0.000000	0.000000	0.000000	0.000000	0.000000	0.000000	0.000000	0.000000
1761691848.784713745	0.000000	-0.000134	-0.001147	0.003587	0.000000	0.000000	0.000000	0.000673	0.003095	-0.023824	-0.000000	-0.000000	0.000000	0.142849	-1.990571	0.003469	-0.000000	0.000000	0.000000	0.000000	0.000000	0.000000	0.000000	0.000000	0.000000	0.000000
1761691848.884717703	-0.000000	-0.000128	-0.001114	0.022841	0.000000	0.000000	0.000000	0.000656	0.002983	-0.023823	-0.000000	0.000000	0.000000	0.142914	-1.990267	0.001071	-0.000000	0.000000	0.000000	0.000000	0.000000	0.000000	0.000000	0.000000	0.000000	0.000000
1761691848.984782457	-0.000000	-0.000135	-0.001031	0.038484	0.000000	-0.000000	0.000000	0.000691	0.002747	-0.021860	0.000000	0.000000	0.000000	0.142981	-1.989982	-0.001210	-0.000000	0.000000	0.000000	0.000000	0.000000	0.000000	0.000000	0.000000	0.000000	0.000000
1761691849.084804058	-0.000000	-0.000152	-0.000910	4.541916	0.000000	-0.000000	0.000000	0.000769	0.002411	-0.018272	0.000000	0.000000	0.000000	0.143055	-1.989726	-0.003197	-0.000000	0.000000	0.000000	0.000000	0.000000	4.847225	0.000000	0.000000	0.000000	0.000000
1761691849.184915781	-0.000000	-0.000833	0.002511	4.298491	-0.000000	-0.000000	0.000000	0.005126	-0.008562	0.149036	0.000000	0.000000	0.000000	0.143351	-1.990037	0.003373	0.000000	0.000000	0.000000	0.000000	0.000000	4.847225	0.000000	0.000000	0.000000	0.000000
1761691849.284742355	-0.000000	-0.001395	0.008764	3.671078	-0.000000	-0.000000	0.000000	0.010305	-0.021396	0.349036	0.000000	0.000000	0.000000	0.144192	-1.991630	0.029943	-0.000000	0.000000	0.000000	0.000000	0.000000	4.847225	0.000000	0.000000	0.000000	0.000000
1761691849.384721756	-0.000000	-0.001455	0.016297	2.732133	-0.000000	-0.000000	0.000000	0.015487	-0.033672	0.549036	-0.000000	0.000000	0.000000	0.145674	-1.994414	0.076513	-0.000000	0.000000	0.000000	0.000000	0.000000	4.847225	0.000000	0.000000	0.000000	0.000000
1761691849.484623671	-0.000000	-0.001105	0.024844	1.483416	0.000000	-0.000000	0.000000	0.020798	-0.045240	0.749036	-0.000000	0.000000	0.000000	0.147960	-1.998232	0.143083	-0.000000	0.000000	0.000000	0.000000	0.000000	4.847225	0.000000	0.000000	0.000000	0.000000
1761691849.584707737	-0.000000	-0.000668	0.032205	0.109366	0.000000	-0.000000	0.000000	0.025276	-0.053214	0.905987	-0.000000	0.000000	0.000000	0.151186	-2.002730	0.227499	-0.000000	0.000000	0.000000	0.000000	0.000000	4.847225	0.000000	0.000000	0.000000	0.000000
1761691849.684594393	-0.000000	-0.000915	0.033356	-0.872042	0.000000	-0.000000	0.000000	0.026931	-0.052504	0.939825	-0.000000	0.000000	0.000000	0.155171	-2.007159	0.321024	-0.000000	0.000000	0.000000	0.000000	0.000000	4.847225	0.000000	0.000000	0.000000	0.000000
1761691849.784895897	0.000000	-0.001902	0.028178	-1.275531	0.000000	0.000000	-0.000000	0.026110	-0.044848	0.868977	-0.000000	-0.000000	0.000000	0.159379	-2.010732	0.411553	-0.000000	0.000000	0.000000	0.000000	0.000000	4.847225	0.000000	0.000000	0.000000	0.000000
1761691849.884544849	0.000000	-0.002949	0.020673	-1.330740	0.000000	0.000000	-0.000000	0.023987	-0.034406	0.748149	0.000000	-0.000000	0.000000	0.163309	-2.013144	0.491682	-0.000000	0.000000	0.000000	0.000000	0.000000	4.847225	0.000000	0.000000	0.000000	0.000000
1761691849.984591007	0.000000	-0.003617	0.013686	-1.260451	0.000000	0.000000	-0.000000	0.021391	-0.023946	0.615995	0.000000	-0.000000	0.000000	0.166661	-2.014465	0.558825	0.000000	0.000000	0.000000	0.000000	0.000000	4.847225	0.000000	0.000000	0.000000	0.000000
1761691850.084583044	0.000000	-0.003846	0.008081	-1.163430	-0.000000	0.000000	-0.000000	0.019146	-0.016035	0.509786	0.000000	-0.000000	0.000000	0.168925	-2.014880	0.604808	0.000000	0.000000	0.000000	0.000000	0.000000	4.847225	0.000000	0.000000	0.000000	0.000000
1761691850.184723139	0.000000	-0.003724	0.003791	-1.065454	-0.000000	0.000000	-0.000000	0.016455	-0.007525	0.390209	0.000000	-0.000000	0.000000	0.170981	-2.014739	0.648704	0.000000	0.000000	0.000000	0.000000	0.000000	4.847225	0.000000	0.000000	0.000000	0.000000
1761691850.284576416	0.000000	-0.003352	0.000551	-0.969298	-0.000000	0.000000	-0.000000	0.013816	-0.000066	0.280398	0.000000	-0.000000	-0.000000	0.172336	-2.014062	0.681210	0.000000	0.000000	0.000000	0.000000	0.000000	4.847225	0.000000	0.000000	0.000000	0.000000
1761691850.384513378	0.000000	-0.002812	-0.002203	-0.873163	-0.000000	0.000000	-0.000000	0.011263	0.006466	0.180263	-0.000000	-0.000000	-0.000000	0.173033	-2.012982	0.703302	0.000000	0.000000	0.000000	0.000000	0.000000	4.847225	0.000000	0.000000	0.000000	0.000000
1761691850.484591246	0.000000	-0.002299	-0.004321	-0.795071	-0.000000	0.000000	-0.000000	0.008883	0.011989	0.091344	-0.000000	-0.000000	-0.000000	0.173144	-2.011601	0.716074	0.000000	0.000000	0.000000	0.000000	0.000000	4.847225	0.000000	0.000000	0.000000	0.000000
1761691850.584641695	0.000000	-0.001625	-0.006728	-0.693827	-0.000000	0.000000	-0.000000	0.006994	0.016028	0.023787	-0.000000	-0.000000	-0.000000	0.172835	-2.010270	0.720265	0.000000	0.000000	0.000000	0.000000	0.000000	4.847225	0.000000	0.000000	0.000000	0.000000
1761691850.684728622	0.000000	-0.001057	-0.008522	-0.598106	-0.000000	0.000000	-0.000000	0.004877	0.020176	-0.048971	-0.000000	-0.000000	-0.000000	0.172044	-2.008497	0.718287	0.000000	0.000000	0.000000	0.000000	0.000000	4.847225	0.000000	0.000000	0.000000	0.000000
1761691850.784839392	0.000000	-0.000420	-0.010298	-0.449268	-0.000000	0.000000	-0.000000	0.003022	0.023395	-0.110377	-0.000000	-0.000000	-0.000000	0.170882	-2.006579	0.709741	0.000000	0.000000	0.000000	0.000000	0.000000	4.847225	0.000000	0.000000	0.000000	0.000000
1761691850.884619951	-0.000000	0.000120	-0.011573	-0.277540	-0.000000	0.000000	-0.000000	0.001521	0.025555	-0.157784	-0.000000	-0.000000	-0.000000	0.169447	-2.004555	0.695835	0.000000	-0.000000	0.000000	0.000000	0.000000	4.847225	0.000000	0.000000	0.000000	0.000000
1761691850.984652281	-0.000000	0.000498	-0.012202	-0.105764	-0.000000	0.000000	0.000000	0.000477	0.026506	-0.188400	-0.000000	-0.000000	-0.000000	0.167855	-2.002473	0.678151	0.000000	-0.000000	0.000000	0.000000	0.000000	4.847225	0.000000	0.000000	0.000000	0.000000
1761691851.084686518	-0.000000	0.000687	-0.012166	0.048439	0.000000	0.000000	0.000000	-0.000086	0.026275	-0.201840	-0.000000	-0.000000	-0.000000	0.166227	-2.000389	0.658408	0.000000	-0.000000	0.000000	0.000000	0.000000	4.847225	0.000000	0.000000	0.000000	0.000000
1761691851.184700966	-0.000000	0.000699	-0.011546	0.174504	0.000000	-0.000000	0.000000	-0.000198	0.025014	-0.199566	-0.000000	0.000000	-0.000000	0.164668	-1.998358	0.638250	0.000000	-0.000000	0.000000	0.000000	0.000000	4.847225	0.000000	0.000000	0.000000	0.000000
1761691851.285001516	-0.000000	0.000566	-0.010487	0.268396	0.000000	-0.000000	0.000000	0.000066	0.022947	-0.184216	-0.000000	0.000000	-0.000000	0.163261	-1.996432	0.619101	0.000000	-0.000000	0.000000	0.000000	0.000000	4.847225	0.000000	0.000000	0.000000	0.000000
1761691851.384583712	-0.000000	0.000334	-0.009148	0.330600	0.000000	-0.000000	0.000000	0.000517	0.020773	-0.163415	-0.000000	0.000000	-0.000000	0.162246	-1.994938	0.604738	0.000000	-0.000000	0.000000	0.000000	0.000000	4.847225	0.000000	0.000000	0.000000	0.000000
1761691851.484570742	-0.000000	0.000048	-0.007678	0.363985	0.000000	-0.000000	0.000000	0.001235	0.017870	-0.132428	-0.000000	0.000000	-0.000000	0.161249	-1.993306	0.590134	-0.000000	-0.000000	0.000000	0.000000	0.000000	4.847225	0.000000	0.000000	0.000000	0.000000
1761691851.584641457	-0.000000	-0.000207	-0.006434	0.371243	0.000000	-0.000000	0.000000	0.002086	0.014801	-0.096586	-0.000000	0.000000	-0.000000	0.160506	-1.991869	0.578959	-0.000000	-0.000000	0.000000	0.000000	0.000000	4.847225	0.000000	0.000000	0.000000	0.000000
1761691851.684598923	-0.000000	-0.000502	-0.005012	0.361065	0.000000	-0.000000	0.000000	0.002977	0.011766	-0.059583	-0.000000	0.000000	-0.000000	0.160017	-1.990635	0.571454	-0.000000	-0.000000	0.000000	0.000000	0.000000	4.847225	0.000000	0.000000	0.000000	0.000000
1761691851.784510136	-0.000000	-0.000768	-0.003717	0.332845	0.000000	-0.000000	0.000000	0.003704	0.009374	-0.029325	-0.000000	0.000000	-0.000000	0.159793	-1.989757	0.568007	-0.000000	-0.000000	0.000000	0.000000	0.000000	4.847225	0.000000	0.000000	0.000000	0.000000
1761691851.884917021	-0.000000	-0.000986	-0.002614	0.298664	0.000000	-0.000000	0.000000	0.004506	0.006791	0.004430	0.000000	0.000000	0.000000	0.159724	-1.988871	0.567064	-0.000000	-0.000000	0.000000	0.000000	0.000000	4.847225	0.000000	0.000000	0.000000	0.000000
1761691851.985076904	-0.000000	-0.001144	-0.001826	0.242396	0.000000	-0.000000	0.000000	0.005221	0.004524	0.034866	0.000000	0.000000	0.000000	0.159846	-1.988147	0.569306	-0.000000	-0.000000	0.000000	0.000000	0.000000	4.847225	0.000000	0.000000	0.000000	0.000000
1761691852.084962368	-0.000000	-0.001288	-0.001054	0.171663	0.000000	-0.000000	0.000000	0.005798	0.002671	0.060044	0.000000	0.000000	0.000000	0.160129	-1.987558	0.574300	-0.000000	-0.000000	0.000000	0.000000	0.000000	4.847225	0.000000	0.000000	0.000000	0.000000
1761691852.184668064	-0.000000	-0.001396	-0.000420	0.094884	0.000000	-0.000000	0.000000	0.006196	0.001332	0.078389	0.000000	0.000000	0.000000	0.160534	-1.987073	0.581424	-0.000000	-0.000000	0.000000	0.000000	0.000000	4.847225	0.000000	0.000000	0.000000	0.000000
1761691852.284577370	0.000000	-0.001437	-0.000120	0.019971	0.000000	-0.000000	-0.000000	0.006393	0.000545	0.089157	0.000000	0.000000	0.000000	0.161014	-1.986654	0.589944	-0.000000	-0.000000	0.000000	0.000000	0.000000	4.847225	0.000000	0.000000	0.000000	0.000000
1761691852.384870052	0.000000	-0.001434	-0.000021	-0.046811	-0.000000	-0.000000	-0.000000	0.006392	0.000281	0.092403	0.000000	0.000000	0.000000	0.161525	-1.986266	0.599101	-0.000000	-0.000000	0.000000	0.000000	0.000000	4.847225	0.000000	0.000000	0.000000	0.000000
1761691852.484727383	0.000000	-0.001393	-0.000095	-0.101353	-0.000000	0.000000	-0.000000	0.006213	0.000474	0.088834	0.000000	-0.000000	0.000000	0.162022	-1.985878	0.608180	-0.000000	-0.000000	0.000000	0.000000	0.000000	4.847225	0.000000	0.000000	0.000000	0.000000
1761691852.584752321	0.000000	-0.001333	-0.000271	-0.141642	-0.000000	0.000000	-0.000000	0.005884	0.001034	0.079608	0.000000	-0.000000	0.000000	0.162471	-1.985468	0.616563	-0.000000	-0.000000	0.000000	0.000000	0.000000	4.847225	0.000000	0.000000	0.000000	0.000000
1761691852.684702158	0.000000	-0.001238	-0.000574	-0.167329	-0.000000	0.000000	-0.000000	0.005443	0.001860	0.066116	0.000000	-0.000000	0.000000	0.162841	-1.985018	0.623765	-0.000000	-0.000000	0.000000	0.000000	0.000000	4.847225	0.000000	0.000000	0.000000	0.000000
1761691852.784704208	0.000000	-0.001123	-0.000951	-0.179190	-0.000000	0.000000	-0.000000	0.005015	0.002678	0.052600	0.000000	-0.000000	0.000000	0.163077	-1.984607	0.628613	0.000000	-0.000000	0.000000	0.000000	0.000000	4.847225	0.000000	0.000000	0.000000	0.000000
1761691852.884700298	0.000000	-0.000994	-0.001365	-0.178654	-0.000000	0.000000	-0.000000	0.004467	0.003720	0.035076	0.000000	-0.000000	-0.000000	0.163263	-1.984065	0.632863	0.000000	-0.000000	0.000000	0.000000	0.000000	4.847225	0.000000	0.000000	0.000000	0.000000
1761691852.984556437	0.000000	-0.000861	-0.001781	-0.167478	-0.000000	0.000000	-0.000000	0.003911	0.004751	0.017193	0.000000	-0.000000	-0.000000	0.163340	-1.983471	0.635327	0.000000	-0.000000	0.000000	0.000000	0.000000	4.847225	0.000000	0.000000	0.000000	0.000000
1761691853.084570408	0.000000	-0.000730	-0.002167	-0.147546	-0.000000	0.000000	-0.000000	0.003378	0.005697	0.000072	0.000000	-0.000000	-0.000000	0.163314	-1.982830	0.636034	0.000000	-0.000000	0.000000	0.000000	0.000000	4.847225	0.000000	0.000000	0.000000	0.000000
1761691853.184633493	0.000000	-0.000609	-0.002499	-0.119913	-0.000000	0.000000	-0.000000	0.002894	0.006498	-0.015347	-0.000000	-0.000000	-0.000000	0.163195	-1.982149	0.635121	0.000000	-0.000000	0.000000	0.000000	0.000000	4.847225	0.000000	0.000000	0.000000	0.000000
1761691853.285565615	0.000000	-0.000504	-0.002752	-0.086275	-0.000000	0.000000	-0.000000	0.002480	0.007106	-0.028259	-0.000000	-0.000000	-0.000000	0.163001	-1.981439	0.632803	0.000000	-0.000000	0.000000	0.000000	0.000000	4.847225	0.000000	0.000000	0.000000	0.000000
1761691853.384510517	0.000000	-0.000422	-0.002911	-0.049821	-0.000000	0.000000	-0.000000	0.002154	0.007483	-0.038008	-0.000000	-0.000000	-0.000000	0.162751	-1.980710	0.629371	0.000000	-0.000000	0.000000	0.000000	0.000000	4.847225	0.000000	0.000000	0.000000	0.000000
1761691853.484622955	-0.000000	-0.000366	-0.002965	-0.013636	-0.000000	0.000000	0.000000	0.001928	0.007613	-0.044205	-0.000000	-0.000000	-0.000000	0.162469	-1.979978	0.625168	0.000000	-0.000000	0.000000	0.000000	0.000000	4.847225	0.000000	0.000000	0.000000	0.000000
1761691853.584597111	-0.000000	-0.000340	-0.002931	0.014333	-0.000000	0.000000	0.000000	0.001802	0.007499	-0.046775	-0.000000	-0.000000	-0.000000	0.162177	-1.979255	0.620557	0.000000	-0.000000	0.000000	0.000000	0.000000	4.847225	0.000000	0.000000	0.000000	0.000000
1761691853.684607267	-0.000000	-0.000333	-0.002801	0.043170	0.000000	-0.000000	0.000000	0.001774	0.007156	-0.045808	-0.000000	0.000000	-0.000000	0.161899	-1.978556	0.615917	0.000000	-0.000000	0.000000	0.000000	0.000000	4.847225	0.000000	0.000000	0.000000	0.000000
1761691853.784615755	-0.000000	-0.000347	-0.002598	0.066268	0.000000	-0.000000	0.000000	0.001813	0.006729	-0.042691	-0.000000	0.000000	-0.000000	0.161689	-1.978000	0.612239	0.000000	-0.000000	0.000000	0.000000	0.000000	4.847225	0.000000	0.000000	0.000000	0.000000
1761691853.884695053	-0.000000	-0.000377	-0.002338	0.080285	0.000000	-0.000000	0.000000	0.001917	0.006093	-0.036834	-0.000000	0.000000	-0.000000	0.161477	-1.977370	0.608286	0.000000	-0.000000	0.000000	0.000000	0.000000	4.847225	0.000000	0.000000	0.000000	0.000000
1761691853.984516144	-0.000000	-0.000420	-0.002040	0.090376	0.000000	-0.000000	0.000000	0.002072	0.005358	-0.029039	-0.000000	0.000000	-0.000000	0.161319	-1.976790	0.605048	0.000000	-0.000000	0.000000	0.000000	0.000000	4.847225	0.000000	0.000000	0.000000	0.000000
1761691854.084952116	-0.000000	-0.000468	-0.001729	0.093733	0.000000	-0.000000	0.000000	0.002255	0.004579	-0.020170	-0.000000	0.000000	-0.000000	0.161219	-1.976263	0.602654	-0.000000	-0.000000	0.000000	0.000000	0.000000	4.847225	0.000000	0.000000	0.000000	0.000000
1761691854.184866905	-0.000000	-0.000517	-0.001421	0.088501	0.000000	-0.000000	0.000000	0.002447	0.003800	-0.010852	-0.000000	0.000000	-0.000000	0.161181	-1.975789	0.601178	-0.000000	-0.000000	0.000000	0.000000	0.000000	4.847225	0.000000	0.000000	0.000000	0.000000
1761691854.284512281	-0.000000	-0.000561	-0.001139	0.082489	0.000000	-0.000000	0.000000	0.002628	0.003073	-0.001915	-0.000000	0.000000	0.000000	0.161201	-1.975366	0.600618	-0.000000	-0.000000	0.000000	0.000000	0.000000	4.847225	0.000000	0.000000	0.000000	0.000000
1761691854.384820700	-0.000000	-0.000594	-0.000925	0.069637	0.000000	-0.000000	0.000000	0.002791	0.002411	0.006434	-0.000000	0.000000	0.000000	0.161274	-1.974991	0.600918	-0.000000	-0.000000	0.000000	0.000000	0.000000	4.847225	0.000000	0.000000	0.000000	0.000000
1761691854.485084057	-0.000000	-0.000626	-0.000704	0.052981	0.000000	-0.000000	0.000000	0.002922	0.001846	0.013612	0.000000	0.000000	0.000000	0.161393	-1.974658	0.601989	-0.000000	-0.000000	0.000000	0.000000	0.000000	4.847225	0.000000	0.000000	0.000000	0.000000
1761691854.584655762	-0.000000	-0.000648	-0.000529	0.034164	0.000000	-0.000000	0.000000	0.003010	0.001405	0.019188	0.000000	0.000000	0.000000	0.161549	-1.974359	0.603687	-0.000000	-0.000000	0.000000	0.000000	0.000000	4.847225	0.000000	0.000000	0.000000	0.000000
1761691854.684740543	-0.000000	-0.000658	-0.000407	0.014808	0.000000	-0.000000	0.000000	0.003044	0.001149	0.022348	0.000000	0.000000	0.000000	0.161698	-1.974130	0.605454	-0.000000	-0.000000	0.000000	0.000000	0.000000	4.847225	0.000000	0.000000	0.000000	0.000000
1761691854.785183430	-0.000000	-0.000658	-0.000346	-0.000634	0.000000	-0.000000	-0.000000	0.003040	0.000960	0.024474	0.000000	0.000000	0.000000	0.161890	-1.973872	0.607835	-0.000000	-0.000000	0.000000	0.000000	0.000000	4.847225	0.000000	0.000000	0.000000	0.000000
1761691854.885492802	0.000000	-0.000647	-0.000320	-0.017108	0.000000	-0.000000	-0.000000	0.002985	0.000906	0.024668	0.000000	0.000000	0.000000	0.162084	-1.973624	0.610304	-0.000000	-0.000000	0.000000	0.000000	0.000000	4.847225	0.000000	0.000000	0.000000	0.000000
1761691854.984731913	0.000000	-0.000627	-0.000334	-4.523187	-0.000000	0.000000	-0.000000	0.002889	0.000961	0.023232	0.000000	-0.000000	0.000000	0.162271	-1.973380	0.612699	-0.000000	-0.000000	0.000000	0.000000	0.000000	0.000000	0.000000	0.000000	0.000000	0.000000
1761691855.084896326	0.000000	0.000276	-0.003801	-4.291408	-0.000000	0.000000	-0.000000	-0.001544	0.011791	-0.143720	0.000000	-0.000000	-0.000000	0.161960	-1.972819	0.606660	0.000000	-0.000000	0.000000	0.000000	0.000000	0.000000	0.000000	0.000000	0.000000	0.000000
1761691855.184703112	0.000000	0.002225	-0.009749	-3.702963	-0.000000	0.000000	-0.000000	-0.006804	0.024522	-0.343720	0.000000	-0.000000	-0.000000	0.160501	-1.971482	0.580621	0.000000	-0.000000	0.000000	0.000000	0.000000	0.000000	0.000000	0.000000	0.000000	0.000000
1761691855.284679890	0.000000	0.004912	-0.016412	-2.823689	-0.000000	0.000000	-0.000000	-0.011892	0.036750	-0.543720	-0.000000	-0.000000	-0.000000	0.157994	-1.969312	0.534583	0.000000	-0.000000	0.000000	0.000000	0.000000	0.000000	0.000000	0.000000	0.000000	0.000000
1761691855.384721041	0.000000	0.008236	-0.023604	-1.643565	-0.000000	0.000000	-0.000000	-0.016654	0.048399	-0.743720	-0.000000	-0.000000	-0.000000	0.154610	-1.966199	0.468545	0.000000	-0.000000	0.000000	0.000000	0.000000	0.000000	0.000000	0.000000	0.000000	0.000000
1761691855.484710217	0.000000	0.011526	-0.030098	-0.273430	-0.000000	0.000000	-0.000000	-0.020140	0.057537	-0.914017	-0.000000	-0.000000	-0.000000	0.150670	-1.962071	0.383993	0.000000	-0.000000	0.000000	0.000000	0.000000	0.000000	0.000000	0.000000	0.000000	0.000000
1761691855.585066795	-0.000000	0.012500	-0.031796	0.782638	-0.000000	0.000000	-0.000000	-0.019888	0.058390	-0.964196	-0.000000	-0.000000	-0.000000	0.146816	-1.957209	0.288715	0.000000	-0.000000	0.000000	0.000000	0.000000	0.000000	0.000000	0.000000	0.000000	0.000000
1761691855.684787750	-0.000000	0.010630	-0.028075	1.279948	0.000000	-0.000000	0.000000	-0.016363	0.051962	-0.903533	-0.000000	0.000000	-0.000000	0.143740	-1.952301	0.195102	0.000000	-0.000000	0.000000	0.000000	0.000000	0.000000	0.000000	0.000000	0.000000	0.000000
1761691855.784643888	-0.000000	0.007502	-0.021891	1.411555	0.000000	-0.000000	0.000000	-0.012207	0.043789	-0.805159	-0.000000	0.000000	-0.000000	0.141962	-1.948606	0.124451	0.000000	-0.000000	0.000000	0.000000	0.000000	0.000000	0.000000	0.000000	0.000000	0.000000
1761691855.884538889	-0.000000	0.004464	-0.015630	1.394524	0.000000	-0.000000	0.000000	-0.006972	0.033260	-0.668390	-0.000000	0.000000	-0.000000	0.140713	-1.944943	0.051768	0.000000	-0.000000	0.000000	0.000000	0.000000	0.000000	0.000000	0.000000	0.000000	0.000000
1761691855.984590292	-0.000000	0.002024	-0.010207	1.331647	0.000000	-0.000000	0.000000	-0.002060	0.023070	-0.528370	-0.000000	0.000000	-0.000000	0.140240	-1.942236	-0.006883	0.000000	-0.000000	0.000000	0.000000	0.000000	0.000000	0.000000	0.000000	0.000000	0.000000
1761691856.084894896	-0.000000	0.000203	-0.005739	1.251365	0.000000	-0.000000	0.000000	0.002318	0.013637	-0.393110	-0.000000	0.000000	-0.000000	0.140340	-1.940497	-0.051760	-0.000000	-0.000000	0.000000	0.000000	0.000000	0.000000	0.000000	0.000000	0.000000	0.000000
1761691856.184642315	-0.000000	-0.001196	-0.002118	1.157445	0.000000	-0.000000	0.000000	0.006137	0.005020	-0.265297	-0.000000	0.000000	-0.000000	0.140852	-1.939683	-0.083526	-0.000000	-0.000000	0.000000	0.000000	0.000000	0.000000	0.000000	0.000000	0.000000	0.000000
1761691856.284824610	-0.000000	-0.002232	0.000839	1.048522	0.000000	-0.000000	0.000000	0.009411	-0.002781	-0.146422	-0.000000	0.000000	-0.000000	0.141659	-1.939724	-0.103017	-0.000000	-0.000000	0.000000	0.000000	0.000000	0.000000	0.000000	0.000000	0.000000	0.000000
1761691856.384745598	-0.000000	-0.002947	0.003797	0.922432	0.000000	-0.000000	0.000000	0.012154	-0.009738	-0.037939	-0.000000	0.000000	0.000000	0.142683	-1.940534	-0.111210	-0.000000	-0.000000	0.000000	0.000000	0.000000	0.000000	0.000000	0.000000	0.000000	0.000000
1761691856.484792709	-0.000000	-0.003391	0.006730	0.763600	0.000000	-0.000000	0.000000	0.014375	-0.015750	0.058507	0.000000	0.000000	0.000000	0.143878	-1.942011	-0.109238	-0.000000	-0.000000	0.000000	0.000000	0.000000	0.000000	0.000000	0.000000	0.000000	0.000000
1761691856.584596157	-0.000000	-0.003615	0.009361	0.534706	0.000000	-0.000000	0.000000	0.016057	-0.020616	0.140162	0.000000	0.000000	0.000000	0.145217	-1.944034	-0.098448	-0.000000	0.000000	0.000000	0.000000	0.000000	0.000000	0.000000	0.000000	0.000000	0.000000
1761691856.684564352	-0.000000	-0.003670	0.011302	0.270434	0.000000	-0.000000	0.000000	0.017105	-0.023951	0.201262	0.000000	0.000000	0.000000	0.146682	-1.946448	-0.080613	-0.000000	0.000000	0.000000	0.000000	0.000000	0.000000	0.000000	0.000000	0.000000	0.000000
1761691856.784632921	-0.000000	-0.003615	0.012236	0.014603	-0.000000	-0.000000	0.000000	0.017454	-0.025470	0.237114	0.000000	0.000000	0.000000	0.148244	-1.949066	-0.058102	-0.000000	0.000000	0.000000	0.000000	0.000000	0.000000	0.000000	0.000000	0.000000	0.000000
1761691856.885193110	-0.000000	-0.003509	0.011999	-0.155543	-0.000000	-0.000000	0.000000	0.017027	-0.024895	0.242839	0.000000	0.000000	0.000000	0.149853	-1.951666	-0.033879	-0.000000	0.000000	0.000000	0.000000	0.000000	0.000000	0.000000	0.000000	0.000000	0.000000
1761691856.984817266	0.000000	-0.003355	0.011070	-0.319066	-0.000000	0.000000	-0.000000	0.016157	-0.023105	0.230120	0.000000	-0.000000	0.000000	0.151456	-1.954093	-0.010219	-0.000000	0.000000	0.000000	0.000000	0.000000	0.000000	0.000000	0.000000	0.000000	0.000000
1761691857.084874153	0.000000	-0.003165	0.009571	-0.430829	-0.000000	0.000000	-0.000000	0.014910	-0.020294	0.200939	0.000000	-0.000000	0.000000	0.153004	-1.956244	0.011205	-0.000000	0.000000	0.000000	0.000000	0.000000	0.000000	0.000000	0.000000	0.000000	0.000000
1761691857.184761286	0.000000	-0.002934	0.007732	-0.491666	-0.000000	0.000000	-0.000000	0.013407	-0.016797	0.159719	0.000000	-0.000000	0.000000	0.154447	-1.958043	0.028972	0.000000	0.000000	0.000000	0.000000	0.000000	0.000000	0.000000	0.000000	0.000000	0.000000
1761691857.284736633	0.000000	-0.002660	0.005806	-0.509202	-0.000000	0.000000	-0.000000	0.011781	-0.012981	0.111566	0.000000	-0.000000	0.000000	0.155745	-1.959455	0.042177	0.000000	0.000000	0.000000	0.000000	0.000000	0.000000	0.000000	0.000000	0.000000	0.000000
1761691857.384915590	0.000000	-0.002351	0.003980	-0.491395	-0.000000	0.000000	-0.000000	0.010150	-0.009148	0.060938	0.000000	-0.000000	0.000000	0.156877	-1.960478	0.050392	0.000000	-0.000000	0.000000	0.000000	0.000000	0.000000	0.000000	0.000000	0.000000	0.000000
1761691857.484769344	0.000000	-0.002023	0.002367	-0.445011	-0.000000	0.000000	-0.000000	0.008605	-0.005534	0.011502	0.000000	-0.000000	0.000000	0.157837	-1.961130	0.053590	0.000000	-0.000000	0.000000	0.000000	0.000000	0.000000	0.000000	0.000000	0.000000	0.000000
1761691857.584740877	0.000000	-0.001697	0.001022	-0.372903	-0.000000	0.000000	-0.000000	0.007224	-0.002316	-0.033772	-0.000000	-0.000000	0.000000	0.158634	-1.961451	0.052067	0.000000	-0.000000	0.000000	0.000000	0.000000	0.000000	0.000000	0.000000	0.000000	0.000000
1761691857.684763432	0.000000	-0.001398	-0.000029	-0.271338	-0.000000	0.000000	-0.000000	0.006069	0.000355	-0.072265	-0.000000	-0.000000	-0.000000	0.159290	-1.961491	0.046394	0.000000	-0.000000	0.000000	0.000000	0.000000	0.000000	0.000000	0.000000	0.000000	0.000000
1761691857.784640551	0.000000	-0.001156	-0.000805	-0.152938	-0.000000	0.000000	-0.000000	0.005211	0.002313	-0.101091	-0.000000	-0.000000	-0.000000	0.159837	-1.961313	0.037416	0.000000	-0.000000	0.000000	0.000000	0.000000	0.000000	0.000000	0.000000	0.000000	0.000000
1761691857.884547234	0.000000	-0.000997	-0.001295	-0.033064	-0.000000	0.000000	-0.000000	0.004766	0.003287	-0.115809	-0.000000	-0.000000	-0.000000	0.160239	-1.961054	0.028190	0.000000	-0.000000	0.000000	0.000000	0.000000	0.000000	0.000000	0.000000	0.000000	0.000000
1761691857.984557152	0.000000	-0.000930	-0.001471	0.075284	0.000000	0.000000	-0.000000	0.004523	0.003742	-0.123112	-0.000000	-0.000000	-0.000000	0.160689	-1.960681	0.016050	0.000000	-0.000000	0.000000	0.000000	0.000000	0.000000	0.000000	0.000000	0.000000	0.000000
1761691858.084571600	-0.000000	-0.000951	-0.001352	0.163305	0.000000	-0.000000	0.000000	0.004583	0.003440	-0.119195	-0.000000	0.000000	-0.000000	0.161137	-1.960312	0.003847	0.000000	-0.000000	0.000000	0.000000	0.000000	0.000000	0.000000	0.000000	0.000000	0.000000
1761691858.184652805	-0.000000	-0.001040	-0.000996	0.226577	0.000000	-0.000000	0.000000	0.004888	0.002515	-0.105798	-0.000000	0.000000	-0.000000	0.161611	-1.960018	-0.007389	0.000000	-0.000000	0.000000	0.000000	0.000000	0.000000	0.000000	0.000000	0.000000	0.000000
1761691858.284636259	-0.000000	-0.001174	-0.000475	0.264191	0.000000	-0.000000	0.000000	0.005365	0.001140	-0.085250	-0.000000	0.000000	-0.000000	0.162128	-1.959849	-0.016841	0.000000	-0.000000	0.000000	0.000000	0.000000	0.000000	0.000000	0.000000	0.000000	0.000000
1761691858.384678602	-0.000000	-0.001326	0.000134	0.277527	0.000000	-0.000000	0.000000	0.005941	-0.000507	-0.060084	-0.000000	0.000000	-0.000000	0.162697	-1.959841	-0.023939	-0.000000	-0.000000	0.000000	0.000000	0.000000	0.000000	0.000000	0.000000	0.000000	0.000000
1761691858.484581947	-0.000000	-0.001477	0.000799	0.269223	0.000000	-0.000000	0.000000	0.006545	-0.002256	-0.032776	-0.000000	0.000000	0.000000	0.163322	-1.960010	-0.028370	-0.000000	-0.000000	0.000000	0.000000	0.000000	0.000000	0.000000	0.000000	0.000000	0.000000
1761691858.584620714	-0.000000	-0.001609	0.001472	0.242515	0.000000	-0.000000	0.000000	0.007119	-0.003954	-0.005577	-0.000000	0.000000	0.000000	0.164000	-1.960356	-0.030052	-0.000000	-0.000000	0.000000	0.000000	0.000000	0.000000	0.000000	0.000000	0.000000	0.000000
1761691858.684496164	-0.000000	-0.001714	0.002096	0.199432	0.000000	-0.000000	0.000000	0.007614	-0.005470	0.019565	-0.000000	0.000000	0.000000	0.164727	-1.960864	-0.029113	-0.000000	-0.000000	0.000000	0.000000	0.000000	0.000000	0.000000	0.000000	0.000000	0.000000
1761691858.784670353	-0.000000	-0.001771	0.002513	0.153742	0.000000	-0.000000	0.000000	0.007971	-0.006635	0.040226	-0.000000	0.000000	0.000000	0.165493	-1.961503	-0.025921	-0.000000	-0.000000	0.000000	0.000000	0.000000	0.000000	0.000000	0.000000	0.000000	0.000000
1761691858.884659052	-0.000000	-0.001812	0.002901	0.090362	0.000000	-0.000000	0.000000	0.008197	-0.007473	0.056362	0.000000	0.000000	0.000000	0.166288	-1.962236	-0.020926	-0.000000	-0.000000	0.000000	0.000000	0.000000	0.000000	0.000000	0.000000	0.000000	0.000000
1761691858.984627485	-0.000000	-0.001820	0.003117	0.024644	0.000000	-0.000000	0.000000	0.008258	-0.007886	0.066454	0.000000	0.000000	0.000000	0.167098	-1.963025	-0.014657	-0.000000	-0.000000	0.000000	0.000000	0.000000	0.000000	0.000000	0.000000	0.000000	0.000000
1761691859.084726095	-0.000000	-0.001794	0.003139	-0.036464	0.000000	-0.000000	0.000000	0.008146	-0.007853	0.070014	0.000000	0.000000	0.000000	0.167910	-1.963823	-0.007758	-0.000000	-0.000000	0.000000	0.000000	0.000000	0.000000	0.000000	0.000000	0.000000	0.000000
1761691859.184964895	0.000000	-0.001738	0.002978	-0.087959	0.000000	0.000000	-0.000000	0.007877	-0.007410	0.067386	0.000000	-0.000000	0.000000	0.168707	-1.964589	-0.000868	-0.000000	-0.000000	0.000000	0.000000	0.000000	0.000000	0.000000	0.000000	0.000000	0.000000
1761691859.284737825	0.000000	-0.001658	0.002667	-0.126673	-0.000000	0.000000	-0.000000	0.007479	-0.006631	0.059448	0.000000	-0.000000	0.000000	0.169474	-1.965285	0.005444	-0.000000	-0.000000	0.000000	0.000000	0.000000	0.000000	0.000000	0.000000	0.000000	0.000000
1761691859.384790659	0.000000	-0.001557	0.002251	-0.151145	-0.000000	0.000000	-0.000000	0.006985	-0.005608	0.047426	0.000000	-0.000000	0.000000	0.170199	-1.965883	0.010714	-0.000000	-0.000000	0.000000	0.000000	0.000000	0.000000	0.000000	0.000000	0.000000	0.000000
1761691859.484706163	0.000000	-0.001442	0.001778	-0.161298	-0.000000	0.000000	-0.000000	0.006435	-0.004442	0.032719	0.000000	-0.000000	0.000000	0.170872	-1.966368	0.014616	-0.000000	-0.000000	0.000000	0.000000	0.000000	0.000000	0.000000	0.000000	0.000000	0.000000
1761691859.584655285	0.000000	-0.001319	0.001292	-0.158081	-0.000000	0.000000	-0.000000	0.005868	-0.003232	0.016759	0.000000	-0.000000	0.000000	0.171488	-1.966732	0.016964	0.000000	-0.000000	0.000000	0.000000	0.000000	0.000000	0.000000	0.000000	0.000000	0.000000
1761691859.684567690	0.000000	-0.001196	0.000832	-0.143155	-0.000000	0.000000	-0.000000	0.005319	-0.002068	0.000897	0.000000	-0.000000	0.000000	0.172047	-1.966978	0.017712	0.000000	-0.000000	0.000000	0.000000	0.000000	0.000000	0.000000	0.000000	0.000000	0.000000
1761691859.784661770	0.000000	-0.001080	0.000427	-0.118172	-0.000000	0.000000	-0.000000	0.004901	-0.001197	-0.011281	0.000000	-0.000000	0.000000	0.172471	-1.967098	0.017170	0.000000	-0.000000	0.000000	0.000000	0.000000	0.000000	0.000000	0.000000	0.000000	0.000000
1761691859.884689331	0.000000	-0.000977	0.000096	-0.084930	-0.000000	0.000000	-0.000000	0.004462	-0.000309	-0.023931	-0.000000	-0.000000	0.000000	0.172936	-1.967156	0.015276	0.000000	-0.000000	0.000000	0.000000	0.000000	0.000000	0.000000	0.000000	0.000000	0.000000
1761691859.984628677	0.000000	-0.000899	-0.000129	-0.048359	-0.000000	0.000000	-0.000000	0.004132	0.000309	-0.032978	-0.000000	-0.000000	0.000000	0.173362	-1.967144	0.012332	0.000000	-0.000000	0.000000	0.000000	0.000000	0.000000	0.000000	0.000000	0.000000	0.000000
1761691860.084861040	0.000000	-0.000846	-0.000263	-0.011595	-0.000000	0.000000	-0.000000	0.003906	0.000671	-0.038424	-0.000000	-0.000000	-0.000000	0.173761	-1.967086	0.008691	0.000000	-0.000000	0.000000	0.000000	0.000000	0.000000	0.000000	0.000000	0.000000	0.000000
1761691860.184682608	0.000000	-0.000817	-0.000303	0.022159	-0.000000	0.000000	-0.000000	0.003781	0.000782	-0.040196	-0.000000	-0.000000	-0.000000	0.174143	-1.967008	0.004720	0.000000	-0.000000	0.000000	0.000000	0.000000	0.000000	0.000000	0.000000	0.000000	0.000000
1761691860.284685135	-0.000000	-0.000810	-0.000259	0.050433	0.000000	-0.000000	-0.000000	0.003750	0.000663	-0.038543	-0.000000	0.000000	-0.000000	0.174518	-1.966934	0.000773	0.000000	-0.000000	0.000000	0.000000	0.000000	0.000000	0.000000	0.000000	0.000000	0.000000
1761691860.384695053	-0.000000	-0.000822	-0.000146	0.071608	0.000000	-0.000000	0.000000	0.003794	0.000356	-0.033971	-0.000000	0.000000	-0.000000	0.174895	-1.966885	-0.002834	0.000000	-0.000000	0.000000	0.000000	0.000000	0.000000	0.000000	0.000000	0.000000	0.000000
1761691860.484566689	-0.000000	-0.000847	0.000017	0.084881	0.000000	-0.000000	0.000000	0.003896	-0.000088	-0.027163	-0.000000	0.000000	-0.000000	0.175280	-1.966877	-0.005849	0.000000	-0.000000	0.000000	0.000000	0.000000	0.000000	0.000000	0.000000	0.000000	0.000000
1761691860.585358143	-0.000000	-0.000879	0.000212	0.090169	0.000000	-0.000000	0.000000	0.004031	-0.000617	-0.018896	-0.000000	0.000000	0.000000	0.175677	-1.966918	-0.008092	0.000000	-0.000000	0.000000	0.000000	0.000000	0.000000	0.000000	0.000000	0.000000	0.000000
1761691860.684548616	-0.000000	-0.000913	0.000420	0.087975	0.000000	-0.000000	0.000000	0.004179	-0.001173	-0.009967	-0.000000	0.000000	0.000000	0.176088	-1.967016	-0.009464	-0.000000	-0.000000	0.000000	0.000000	0.000000	0.000000	0.000000	0.000000	0.000000	0.000000
1761691860.785047293	-0.000000	-0.000939	0.000588	0.081153	0.000000	-0.000000	0.000000	0.004320	-0.001706	-0.001133	-0.000000	0.000000	0.000000	0.176512	-1.967169	-0.009944	-0.000000	-0.000000	0.000000	0.000000	0.000000	0.000000	0.000000	0.000000	0.000000	0.000000
1761691860.884569407	-0.000000	-0.000965	0.000776	0.067648	0.000000	-0.000000	0.000000	0.004440	-0.002187	0.007096	-0.000000	0.000000	0.000000	0.176950	-1.967372	-0.009573	-0.000000	-0.000000	0.000000	0.000000	0.000000	0.000000	0.000000	0.000000	0.000000	0.000000
1761691860.984618902	-0.000000	-0.000984	0.000931	0.049465	0.000000	-0.000000	0.000000	0.004512	-0.002510	0.012958	-0.000000	0.000000	0.000000	0.177322	-1.967575	-0.008681	-0.000000	-0.000000	0.000000	0.000000	0.000000	0.000000	0.000000	0.000000	0.000000	0.000000
1761691861.084578991	-0.000000	-0.000991	0.001041	0.028597	0.000000	-0.000000	0.000000	0.004556	-0.002789	0.018511	-0.000000	0.000000	0.000000	0.177774	-1.967847	-0.007041	-0.000000	-0.000000	0.000000	0.000000	0.000000	0.000000	0.000000	0.000000	0.000000	0.000000
1761691861.184734821	-0.000000	-0.000987	0.001096	0.007114	0.000000	-0.000000	0.000000	0.004547	-0.002928	0.022066	-0.000000	0.000000	0.000000	0.178228	-1.968138	-0.004959	-0.000000	-0.000000	0.000000	0.000000	0.000000	0.000000	0.000000	0.000000	0.000000	0.000000
1761691861.285125732	0.000000	-0.000972	0.001094	-0.013070	0.000000	-0.000000	-0.000000	0.004482	-0.002922	0.023494	-0.000000	0.000000	0.000000	0.178678	-1.968434	-0.002645	-0.000000	-0.000000	0.000000	0.000000	0.000000	0.000000	0.000000	0.000000	0.000000	0.000000
1761691861.384747982	0.000000	-0.000946	0.001039	-0.030368	0.000000	0.000000	-0.000000	0.004365	-0.002780	0.022860	-0.000000	-0.000000	0.000000	0.179120	-1.968720	-0.000311	-0.000000	-0.000000	0.000000	0.000000	0.000000	0.000000	0.000000	0.000000	0.000000	0.000000
1761691861.484728575	0.000000	-0.000910	0.000940	-0.043626	0.000000	0.000000	-0.000000	0.004203	-0.002522	0.020400	-0.000000	-0.000000	0.000000	0.179547	-1.968984	0.001851	-0.000000	-0.000000	0.000000	0.000000	0.000000	0.000000	0.000000	0.000000	0.000000	0.000000
1761691861.584656477	0.000000	-0.000867	0.000807	-0.052157	0.000000	0.000000	-0.000000	0.004006	-0.002177	0.016479	-0.000000	-0.000000	0.000000	0.179957	-1.969215	0.003677	-0.000000	-0.000000	0.000000	0.000000	0.000000	0.000000	0.000000	0.000000	0.000000	0.000000
1761691861.684736013	0.000000	-0.000820	0.000654	-0.055732	0.000000	0.000000	-0.000000	0.003788	-0.001776	0.011548	-0.000000	-0.000000	0.000000	0.180346	-1.969408	0.005047	-0.000000	-0.000000	0.000000	0.000000	0.000000	0.000000	0.000000	0.000000	0.000000	0.000000
1761691861.784839392	0.000000	-0.000770	0.000495	-0.054528	0.000000	0.000000	-0.000000	0.003562	-0.001354	0.006094	-0.000000	-0.000000	0.000000	0.180713	-1.969559	0.005887	-0.000000	-0.000000	0.000000	0.000000	0.000000	0.000000	0.000000	0.000000	0.000000	0.000000
1761691861.884553671	0.000000	-0.000721	0.000341	-0.049067	0.000000	0.000000	-0.000000	0.003339	-0.000943	0.000601	-0.000000	-0.000000	0.000000	0.181057	-1.969669	0.006175	0.000000	-0.000000	0.000000	0.000000	0.000000	0.000000	0.000000	0.000000	0.000000	0.000000
1761691861.984750509	0.000000	-0.000683	0.000226	-4.439085	0.000000	0.000000	-0.000000	0.003133	-0.000572	-0.004488	-0.000000	-0.000000	0.000000	0.181379	-1.969739	0.005932	0.000000	-0.000000	0.000000	0.000000	0.000000	-4.744680	0.000000	0.000000	0.000000	0.000000
1761691862.085077047	0.000000	0.000235	-0.003186	-4.166640	-0.000000	0.000000	-0.000000	-0.001297	0.010364	-0.171973	0.000000	-0.000000	-0.000000	0.181468	-1.969246	-0.002932	0.000000	-0.000000	0.000000	0.000000	0.000000	-4.744680	0.000000	0.000000	0.000000	0.000000
1761691862.184724092	0.000000	0.002174	-0.009027	-3.503406	-0.000000	0.000000	-0.000000	-0.006476	0.023191	-0.371973	0.000000	-0.000000	-0.000000	0.181066	-1.967453	-0.031796	-0.000000	-0.000000	0.000000	0.000000	0.000000	-4.744680	0.000000	0.000000	0.000000	0.000000
1761691862.284729004	0.000000	0.004838	-0.015636	-2.528657	-0.000000	0.000000	-0.000000	-0.011423	0.035552	-0.571973	-0.000000	-0.000000	-0.000000	0.180300	-1.964363	-0.080659	-0.000000	-0.000000	0.000000	0.000000	0.000000	-4.744680	0.000000	0.000000	0.000000	0.000000
1761691862.384756565	0.000000	0.008125	-0.022846	-1.244379	0.000000	0.000000	-0.000000	-0.015991	0.047375	-0.771973	-0.000000	-0.000000	-0.000000	0.179383	-1.959983	-0.149522	-0.000000	-0.000000	0.000000	0.000000	0.000000	-4.744680	0.000000	0.000000	0.000000	0.000000
1761691862.484958410	0.000000	0.010771	-0.028243	0.078589	0.000000	0.000000	-0.000000	-0.018385	0.054561	-0.909004	-0.000000	-0.000000	-0.000000	0.178647	-1.954553	-0.235236	-0.000000	-0.000000	0.000000	0.000000	0.000000	-4.744680	0.000000	0.000000	0.000000	0.000000
1761691862.584720612	0.000000	0.010860	-0.028484	0.952931	0.000000	0.000000	-0.000000	-0.017048	0.053384	-0.923195	-0.000000	-0.000000	-0.000000	0.178436	-1.948828	-0.327882	-0.000000	-0.000000	0.000000	0.000000	0.000000	-4.744680	0.000000	0.000000	0.000000	0.000000
1761691862.685010433	-0.000000	0.008640	-0.024235	1.286557	0.000000	-0.000000	0.000000	-0.013016	0.046068	-0.842474	-0.000000	0.000000	-0.000000	0.178840	-1.943682	-0.416098	-0.000000	-0.000000	0.000000	0.000000	0.000000	-4.744680	0.000000	0.000000	0.000000	0.000000
1761691862.784658432	-0.000000	0.005713	-0.018428	1.317439	0.000000	-0.000000	0.000000	-0.008032	0.036390	-0.719379	0.000000	0.000000	-0.000000	0.179697	-1.939599	-0.493395	-0.000000	-0.000000	0.000000	0.000000	0.000000	-4.744680	0.000000	0.000000	0.000000	0.000000
1761691862.884746075	-0.000000	0.003512	-0.013820	1.259603	0.000000	-0.000000	0.000000	-0.003990	0.028302	-0.610107	0.000000	0.000000	-0.000000	0.180592	-1.937092	-0.547897	0.000000	-0.000000	0.000000	0.000000	0.000000	-4.744680	0.000000	0.000000	0.000000	0.000000
1761691862.984603405	-0.000000	0.001430	-0.009111	1.166130	-0.000000	-0.000000	0.000000	-0.000322	0.020767	-0.504176	0.000000	0.000000	-0.000000	0.181529	-1.935351	-0.593410	0.000000	-0.000000	0.000000	0.000000	0.000000	-4.744680	0.000000	0.000000	0.000000	0.000000
1761691863.084632397	-0.000000	0.000089	-0.005867	1.085507	-0.000000	-0.000000	0.000000	0.003583	0.012502	-0.384447	0.000000	0.000000	-0.000000	0.182600	-1.934176	-0.636739	0.000000	-0.000000	0.000000	0.000000	0.000000	-4.744680	0.000000	0.000000	0.000000	0.000000
1761691863.184571505	-0.000000	-0.001181	-0.002695	0.990735	-0.000000	-0.000000	0.000000	0.006364	0.006373	-0.292645	0.000000	0.000000	-0.000000	0.183388	-1.933861	-0.664142	0.000000	-0.000000	0.000000	0.000000	0.000000	-4.744680	0.000000	0.000000	0.000000	0.000000
1761691863.284673452	-0.000000	-0.002005	-0.000520	0.910407	-0.000000	-0.000000	0.000000	0.009258	-0.000319	-0.190412	-0.000000	0.000000	-0.000000	0.184164	-1.934184	-0.687337	0.000000	-0.000000	0.000000	0.000000	0.000000	-4.744680	0.000000	0.000000	0.000000	0.000000
1761691863.384666204	-0.000000	-0.002740	0.001813	0.812795	-0.000000	-0.000000	0.000000	0.011654	-0.006219	-0.098033	-0.000000	0.000000	-0.000000	0.184738	-1.935160	-0.700934	0.000000	-0.000000	0.000000	0.000000	0.000000	-4.744680	0.000000	0.000000	0.000000	0.000000
1761691863.484566212	-0.000000	-0.003252	0.004163	0.709399	-0.000000	-0.000000	0.000000	0.013305	-0.010549	-0.028673	-0.000000	0.000000	0.000000	0.185064	-1.936407	-0.705581	0.000000	-0.000000	0.000000	0.000000	0.000000	-4.744680	0.000000	0.000000	0.000000	0.000000
1761691863.584645987	-0.000000	-0.003531	0.006020	0.613696	-0.000000	-0.000000	0.000000	0.014918	-0.015067	0.045714	-0.000000	0.000000	0.000000	0.185292	-1.938344	-0.703994	0.000000	-0.000000	0.000000	0.000000	0.000000	-4.744680	0.000000	0.000000	0.000000	0.000000
1761691863.684569597	-0.000000	-0.003721	0.007989	0.463994	-0.000000	-0.000000	0.000000	0.016116	-0.018698	0.108678	-0.000000	0.000000	0.000000	0.185378	-1.940670	-0.695683	0.000000	-0.000000	0.000000	0.000000	0.000000	-4.744680	0.000000	0.000000	0.000000	0.000000
1761691863.784586191	-0.000000	-0.003784	0.009307	0.319668	-0.000000	-0.000000	0.000000	0.016759	-0.020884	0.149840	-0.000000	0.000000	0.000000	0.185377	-1.942837	-0.684486	0.000000	-0.000000	0.000000	0.000000	0.000000	-4.744680	0.000000	0.000000	0.000000	0.000000
1761691863.884614706	-0.000000	-0.003766	0.010300	0.145157	-0.000000	-0.000000	0.000000	0.017103	-0.022420	0.184212	-0.000000	0.000000	0.000000	0.185336	-1.945604	-0.667396	0.000000	0.000000	0.000000	0.000000	0.000000	-4.744680	0.000000	0.000000	0.000000	0.000000
1761691863.984517336	-0.000000	-0.003684	0.010642	-0.016888	0.000000	-0.000000	0.000000	0.017026	-0.022745	0.199217	-0.000000	0.000000	0.000000	0.185305	-1.947971	-0.651198	0.000000	0.000000	0.000000	0.000000	0.000000	-4.744680	0.000000	0.000000	0.000000	0.000000
1761691864.084604025	-0.000000	-0.003572	0.010309	-0.124453	0.000000	-0.000000	0.000000	0.016507	-0.021980	0.200229	-0.000000	0.000000	0.000000	0.185311	-1.950766	-0.631105	0.000000	0.000000	0.000000	0.000000	0.000000	-4.744680	0.000000	0.000000	0.000000	0.000000
1761691864.184549570	0.000000	-0.003415	0.009530	-0.229908	0.000000	0.000000	0.000000	0.015854	-0.020735	0.191650	-0.000000	-0.000000	0.000000	0.185371	-1.952989	-0.614788	0.000000	0.000000	0.000000	0.000000	0.000000	-4.744680	0.000000	0.000000	0.000000	0.000000
1761691864.284714699	0.000000	-0.003264	0.008613	-0.294972	0.000000	0.000000	0.000000	0.014869	-0.018679	0.172175	-0.000000	-0.000000	0.000000	0.185515	-1.955472	-0.596642	0.000000	0.000000	0.000000	0.000000	0.000000	-4.744680	0.000000	0.000000	0.000000	0.000000
1761691864.384706497	0.000000	-0.003056	0.007285	-0.343976	0.000000	0.000000	-0.000000	0.013697	-0.016111	0.143762	-0.000000	-0.000000	0.000000	0.185741	-1.957690	-0.581037	-0.000000	0.000000	0.000000	0.000000	0.000000	-4.744680	0.000000	0.000000	0.000000	0.000000
1761691864.484522104	0.000000	-0.002825	0.005878	-0.366745	0.000000	0.000000	-0.000000	0.012649	-0.013774	0.115914	-0.000000	-0.000000	0.000000	0.185988	-1.959312	-0.570422	-0.000000	0.000000	0.000000	0.000000	0.000000	-4.744680	0.000000	0.000000	0.000000	0.000000
1761691864.584697723	0.000000	-0.002617	0.004717	-0.366754	0.000000	0.000000	-0.000000	0.011363	-0.010892	0.079619	-0.000000	-0.000000	0.000000	0.186345	-1.960971	-0.560932	-0.000000	0.000000	0.000000	0.000000	0.000000	-4.744680	0.000000	0.000000	0.000000	0.000000
1761691864.684619904	0.000000	-0.002358	0.003413	-0.348760	0.000000	0.000000	-0.000000	0.010318	-0.008539	0.049056	-0.000000	-0.000000	0.000000	0.186686	-1.962114	-0.555825	-0.000000	0.000000	0.000000	0.000000	0.000000	-4.744680	0.000000	0.000000	0.000000	0.000000
1761691864.784717560	0.000000	-0.002141	0.002439	-0.320775	0.000000	0.000000	-0.000000	0.009135	-0.005873	0.013580	-0.000000	-0.000000	0.000000	0.187138	-1.963212	-0.553009	-0.000000	0.000000	0.000000	0.000000	0.000000	-4.744680	0.000000	0.000000	0.000000	0.000000
1761691864.884750605	0.000000	-0.001891	0.001435	-0.273682	0.000000	0.000000	-0.000000	0.008071	-0.003494	-0.018963	0.000000	-0.000000	0.000000	0.187627	-1.964038	-0.553569	-0.000000	0.000000	0.000000	0.000000	0.000000	-4.744680	0.000000	0.000000	0.000000	0.000000
1761691864.984718561	0.000000	-0.001662	0.000615	-0.209697	0.000000	0.000000	-0.000000	0.007306	-0.001801	-0.042555	0.000000	-0.000000	0.000000	0.188058	-1.964546	-0.556355	-0.000000	0.000000	0.000000	0.000000	0.000000	-4.744680	0.000000	0.000000	0.000000	0.000000
1761691865.084839582	0.000000	-0.001509	0.000122	-0.150318	0.000000	0.000000	-0.000000	0.006587	-0.000248	-0.064591	0.000000	-0.000000	0.000000	0.188594	-1.964984	-0.561940	-0.000000	0.000000	0.000000	0.000000	0.000000	-4.744680	0.000000	0.000000	0.000000	0.000000
1761691865.184676647	0.000000	-0.001383	-0.000252	-0.087566	0.000000	0.000000	-0.000000	0.006133	0.000699	-0.078107	0.000000	-0.000000	0.000000	0.189053	-1.965241	-0.568032	-0.000000	0.000000	0.000000	0.000000	0.000000	-4.744680	0.000000	0.000000	0.000000	0.000000
1761691865.284827232	0.000000	-0.001281	-0.000534	-0.014758	0.000000	0.000000	-0.000000	0.005773	0.001384	-0.087910	0.000000	-0.000000	0.000000	0.189611	-1.965466	-0.576458	-0.000000	0.000000	0.000000	0.000000	0.000000	-4.744680	0.000000	0.000000	0.000000	0.000000
1761691865.385027170	0.000000	-0.001236	-0.000631	0.040283	0.000000	0.000000	-0.000000	0.005633	0.001563	-0.090353	0.000000	-0.000000	0.000000	0.190075	-1.965619	-0.583946	-0.000000	0.000000	0.000000	0.000000	0.000000	-4.744680	0.000000	0.000000	0.000000	0.000000
1761691865.484946251	0.000000	-0.001232	-0.000581	0.094642	-0.000000	-0.000000	-0.000000	0.005626	0.001412	-0.087914	0.000000	0.000000	0.000000	0.190534	-1.965775	-0.591384	-0.000000	0.000000	0.000000	0.000000	0.000000	-4.744680	0.000000	0.000000	0.000000	0.000000
1761691865.584811449	0.000000	-0.001257	-0.000434	0.129911	-0.000000	-0.000000	-0.000000	0.005738	0.000920	-0.080261	0.000000	0.000000	0.000000	0.191068	-1.965998	-0.599790	-0.000000	0.000000	0.000000	0.000000	0.000000	-4.744680	0.000000	0.000000	0.000000	0.000000
1761691865.684508324	0.000000	-0.001317	-0.000151	0.158488	-0.000000	-0.000000	-0.000000	0.005928	0.000264	-0.070023	0.000000	0.000000	0.000000	0.191495	-1.966237	-0.605986	-0.000000	0.000000	0.000000	0.000000	0.000000	-4.744680	0.000000	0.000000	0.000000	0.000000
1761691865.784624815	-0.000000	-0.001382	0.000147	0.171054	-0.000000	-0.000000	0.000000	0.006224	-0.000708	-0.054651	0.000000	0.000000	0.000000	0.191978	-1.966610	-0.612111	-0.000000	0.000000	0.000000	0.000000	0.000000	-4.744680	0.000000	0.000000	0.000000	0.000000
1761691865.884550571	-0.000000	-0.001463	0.000541	0.175139	-0.000000	-0.000000	0.000000	0.006493	-0.001584	-0.040606	0.000000	0.000000	0.000000	0.192353	-1.967000	-0.615970	0.000000	0.000000	0.000000	0.000000	0.000000	-4.744680	0.000000	0.000000	0.000000	0.000000
1761691865.984766006	-0.000000	-0.001528	0.000885	0.170131	-0.000000	-0.000000	0.000000	0.006815	-0.002650	-0.023228	0.000000	0.000000	0.000000	0.192770	-1.967567	-0.619022	0.000000	0.000000	0.000000	0.000000	0.000000	-4.744680	0.000000	0.000000	0.000000	0.000000
1761691866.084611893	-0.000000	-0.001597	0.001293	0.155295	-0.000000	-0.000000	0.000000	0.007115	-0.003669	-0.006131	0.000000	0.000000	0.000000	0.193150	-1.968238	-0.620343	0.000000	0.000000	0.000000	0.000000	0.000000	-4.744680	0.000000	0.000000	0.000000	0.000000
1761691866.184633255	-0.000000	-0.001653	0.001669	0.132420	-0.000000	-0.000000	0.000000	0.007326	-0.004426	0.007057	0.000000	0.000000	0.000000	0.193441	-1.968869	-0.620187	0.000000	0.000000	0.000000	0.000000	0.000000	-4.744680	0.000000	0.000000	0.000000	0.000000
1761691866.284570456	-0.000000	-0.001683	0.001925	0.108533	-0.000000	-0.000000	0.000000	0.007512	-0.005161	0.020681	-0.000000	0.000000	0.000000	0.193764	-1.969697	-0.618671	0.000000	0.000000	0.000000	0.000000	0.000000	-4.744680	0.000000	0.000000	0.000000	0.000000
1761691866.384556293	-0.000000	-0.001705	0.002173	0.074978	-0.000000	-0.000000	0.000000	0.007610	-0.005634	0.030123	-0.000000	0.000000	0.000000	0.194016	-1.970433	-0.616462	0.000000	0.000000	0.000000	0.000000	0.000000	-4.744680	0.000000	0.000000	0.000000	0.000000
1761691866.484599352	-0.000000	-0.001705	0.002295	0.046322	-0.000000	-0.000000	0.000000	0.007636	-0.005918	0.036931	-0.000000	0.000000	0.000000	0.194256	-1.971196	-0.613592	0.000000	0.000000	0.000000	0.000000	0.000000	-4.744680	0.000000	0.000000	0.000000	0.000000
1761691866.584697247	-0.000000	-0.001693	0.002360	0.017522	-0.000000	-0.000000	0.000000	0.007598	-0.006082	0.042518	-0.000000	0.000000	0.000000	0.194533	-1.972128	-0.609542	0.000000	0.000000	0.000000	0.000000	0.000000	-4.744680	0.000000	0.000000	0.000000	0.000000
1761691866.684564114	-0.000000	-0.001664	0.002350	-0.014686	-0.000000	-0.000000	0.000000	0.007496	-0.006036	0.044458	-0.000000	0.000000	0.000000	0.194761	-1.972902	-0.605885	0.000000	0.000000	0.000000	0.000000	0.000000	-4.744680	0.000000	0.000000	0.000000	0.000000
1761691866.785971642	-0.000000	-0.001627	0.002275	-0.038394	0.000000	0.000000	0.000000	0.007305	-0.005802	0.044063	-0.000000	-0.000000	0.000000	0.195033	-1.973809	-0.601427	0.000000	0.000000	0.000000	0.000000	0.000000	-4.744680	0.000000	0.000000	0.000000	0.000000
1761691866.884578705	-0.000000	-0.001569	0.002108	-0.061234	0.000000	0.000000	0.000000	0.007087	-0.005450	0.041259	-0.000000	-0.000000	0.000000	0.195264	-1.974532	-0.597882	0.000000	0.000000	0.000000	0.000000	0.000000	-4.744680	0.000000	0.000000	0.000000	0.000000
1761691866.984522581	0.000000	-0.001500	0.001885	-0.077789	0.000000	0.000000	0.000000	0.006778	-0.004908	0.035897	-0.000000	-0.000000	0.000000	0.195547	-1.975346	-0.594044	0.000000	0.000000	0.000000	0.000000	0.000000	-4.744680	0.000000	0.000000	0.000000	0.000000
1761691867.084636450	0.000000	-0.001435	0.001662	-0.085799	0.000000	0.000000	-0.000000	0.006424	-0.004246	0.028394	-0.000000	-0.000000	0.000000	0.195840	-1.976088	-0.590880	0.000000	0.000000	0.000000	0.000000	0.000000	-4.744680	0.000000	0.000000	0.000000	0.000000
1761691867.184602976	0.000000	-0.001354	0.001381	-0.089597	0.000000	0.000000	-0.000000	0.006116	-0.003659	0.021377	-0.000000	-0.000000	0.000000	0.196092	-1.976647	-0.588860	-0.000000	0.000000	0.000000	0.000000	0.000000	-4.744680	0.000000	0.000000	0.000000	0.000000
1761691867.284884691	0.000000	-0.001285	0.001146	-0.088101	0.000000	0.000000	-0.000000	0.005744	-0.002946	0.012544	-0.000000	-0.000000	0.000000	0.196403	-1.977244	-0.587234	-0.000000	0.000000	0.000000	0.000000	0.000000	-4.744680	0.000000	0.000000	0.000000	0.000000
1761691867.384589911	0.000000	-0.001203	0.000875	-0.081211	0.000000	0.000000	-0.000000	0.005442	-0.002372	0.005178	-0.000000	-0.000000	0.000000	0.196669	-1.977681	-0.586557	-0.000000	0.000000	0.000000	0.000000	0.000000	-4.744680	0.000000	0.000000	0.000000	0.000000
1761691867.484703541	0.000000	-0.001125	0.000630	-0.069680	0.000000	0.000000	-0.000000	0.005101	-0.001733	-0.003173	-0.000000	-0.000000	0.000000	0.196995	-1.978137	-0.586534	-0.000000	0.000000	0.000000	0.000000	0.000000	-4.744680	0.000000	0.000000	0.000000	0.000000
1761691867.584569931	0.000000	-0.001068	0.000460	-0.057484	0.000000	0.000000	-0.000000	0.004802	-0.001196	-0.010333	-0.000000	-0.000000	0.000000	0.197327	-1.978528	-0.587277	-0.000000	0.000000	0.000000	0.000000	0.000000	-4.744680	0.000000	0.000000	0.000000	0.000000
1761691867.684516430	0.000000	-0.001006	0.000289	-0.040251	0.000000	0.000000	-0.000000	0.004584	-0.000825	-0.015327	0.000000	-0.000000	0.000000	0.197606	-1.978811	-0.588395	-0.000000	0.000000	0.000000	0.000000	0.000000	-4.744680	0.000000	0.000000	0.000000	0.000000
1761691867.784642935	0.000000	-0.000963	0.000180	-0.024862	0.000000	0.000000	-0.000000	0.004364	-0.000483	-0.019927	0.000000	-0.000000	0.000000	0.197941	-1.979109	-0.590215	-0.000000	0.000000	0.000000	0.000000	0.000000	-4.744680	0.000000	0.000000	0.000000	0.000000
1761691867.884586334	0.000000	-0.000923	0.000097	-0.006715	0.000000	0.000000	-0.000000	0.004200	-0.000275	-0.022669	0.000000	-0.000000	0.000000	0.198276	-1.979376	-0.592378	-0.000000	0.000000	0.000000	0.000000	0.000000	-4.744680	0.000000	0.000000	0.000000	0.000000
1761691867.984535694	0.000000	-0.000895	0.000059	0.010200	0.000000	0.000000	-0.000000	0.004103	-0.000200	-0.023531	0.000000	-0.000000	0.000000	0.198551	-1.979584	-0.594321	-0.000000	0.000000	0.000000	0.000000	0.000000	-4.744680	0.000000	0.000000	0.000000	0.000000
1761691868.084600210	0.000000	-0.000882	0.000067	0.021918	0.000000	-0.000000	-0.000000	0.004036	-0.000231	-0.022793	0.000000	0.000000	0.000000	0.198876	-1.979829	-0.596643	-0.000000	0.000000	0.000000	0.000000	0.000000	-4.744680	0.000000	0.000000	0.000000	0.000000
1761691868.184617519	0.000000	-0.000873	0.000104	0.033495	-0.000000	-0.000000	-0.000000	0.004008	-0.000323	-0.021162	0.000000	0.000000	0.000000	0.199139	-1.980037	-0.598467	-0.000000	0.000000	0.000000	0.000000	0.000000	-4.744680	0.000000	0.000000	0.000000	0.000000
1761691868.284494400	0.000000	-0.000872	0.000169	0.041764	-0.000000	-0.000000	-0.000000	0.004001	-0.000498	-0.018198	0.000000	0.000000	0.000000	0.199446	-1.980297	-0.600423	-0.000000	0.000000	0.000000	0.000000	0.000000	-4.744680	0.000000	0.000000	0.000000	0.000000
1761691868.384570837	-0.000000	-0.000876	0.000243	0.045625	-0.000000	-0.000000	0.000000	0.004022	-0.000737	-0.014160	0.000000	0.000000	0.000000	0.199741	-1.980576	-0.602013	-0.000000	0.000000	0.000000	0.000000	0.000000	-4.744680	0.000000	0.000000	0.000000	0.000000
1761691868.484575033	-0.000000	-0.000883	0.000340	0.047167	-0.000000	-0.000000	0.000000	0.004048	-0.000957	-0.010422	0.000000	0.000000	0.000000	0.199977	-1.980827	-0.603008	0.000000	0.000000	0.000000	0.000000	0.000000	-4.744680	0.000000	0.000000	0.000000	0.000000
1761691868.584752083	-0.000000	-0.000889	0.000425	0.045993	-0.000000	-0.000000	0.000000	0.004083	-0.001226	-0.005757	0.000000	0.000000	0.000000	0.200249	-1.981149	-0.603780	0.000000	0.000000	0.000000	0.000000	0.000000	-4.744680	0.000000	0.000000	0.000000	0.000000
1761691868.684751272	-0.000000	-0.000896	0.000523	4.439222	-0.000000	-0.000000	0.000000	0.004110	-0.001441	-0.001904	0.000000	0.000000	0.000000	0.200466	-1.981436	-0.604067	0.000000	0.000000	0.000000	0.000000	0.000000	0.000000	0.000000	0.000000	0.000000	0.000000
1761691868.784532309	-0.000000	-0.001531	0.004188	4.181872	-0.000000	-0.000000	0.000000	0.007530	-0.010178	0.132962	0.000000	0.000000	0.000000	0.200633	-1.982172	-0.598561	0.000000	0.000000	0.000000	0.000000	0.000000	0.000000	0.000000	0.000000	0.000000	0.000000
1761691868.884732485	-0.000000	-0.001976	0.009627	3.683790	-0.000000	-0.000000	0.000000	0.012574	-0.022915	0.332962	0.000000	0.000000	0.000000	0.200530	-1.984220	-0.573598	0.000000	0.000000	0.000000	0.000000	0.000000	0.000000	0.000000	0.000000	0.000000	0.000000
1761691868.984646082	-0.000000	-0.002034	0.017344	2.818939	-0.000000	-0.000000	0.000000	0.016743	-0.033167	0.499629	-0.000000	0.000000	0.000000	0.200319	-1.986942	-0.537518	0.000000	0.000000	0.000000	0.000000	0.000000	0.000000	0.000000	0.000000	0.000000	0.000000
1761691869.084718227	-0.000000	-0.001741	0.024565	1.868999	-0.000000	-0.000000	0.000000	0.021801	-0.044903	0.699629	-0.000000	0.000000	0.000000	0.200095	-1.991401	-0.475889	0.000000	0.000000	0.000000	0.000000	0.000000	0.000000	0.000000	0.000000	0.000000	0.000000
1761691869.184564114	-0.000000	-0.001138	0.033428	0.487587	-0.000000	-0.000000	0.000000	0.026793	-0.055137	0.888712	-0.000000	0.000000	0.000000	0.200133	-1.996041	-0.409618	0.000000	0.000000	0.000000	0.000000	0.000000	0.000000	0.000000	0.000000	0.000000	0.000000
1761691869.284594536	-0.000000	-0.001036	0.036870	-0.655588	-0.000000	-0.000000	0.000000	0.028780	-0.056926	0.952368	-0.000000	0.000000	0.000000	0.200733	-2.002316	-0.316799	0.000000	0.000000	0.000000	0.000000	0.000000	0.000000	0.000000	0.000000	0.000000	0.000000
1761691869.384758949	0.000000	-0.001841	0.032871	-1.231437	0.000000	0.000000	0.000000	0.028795	-0.051978	0.924915	-0.000000	-0.000000	0.000000	0.202070	-2.008374	-0.221895	0.000000	0.000000	0.000000	0.000000	0.000000	0.000000	0.000000	0.000000	0.000000	0.000000
1761691869.484633446	0.000000	-0.002946	0.025167	-1.402857	0.000000	0.000000	-0.000000	0.026977	-0.042247	0.820966	-0.000000	-0.000000	0.000000	0.203980	-2.013454	-0.134829	0.000000	0.000000	0.000000	0.000000	0.000000	0.000000	0.000000	0.000000	0.000000	0.000000
1761691869.584590673	0.000000	-0.003763	0.017251	-1.399574	0.000000	0.000000	-0.000000	0.024282	-0.031168	0.686394	-0.000000	-0.000000	0.000000	0.206156	-2.017262	-0.060393	0.000000	0.000000	0.000000	0.000000	0.000000	0.000000	0.000000	0.000000	0.000000	0.000000
1761691869.684586048	0.000000	-0.004106	0.010557	-1.340872	0.000000	0.000000	-0.000000	0.021239	-0.020470	0.546327	-0.000000	-0.000000	0.000000	0.208324	-2.019807	0.000072	0.000000	0.000000	0.000000	0.000000	0.000000	0.000000	0.000000	0.000000	0.000000	0.000000
1761691869.784714699	0.000000	-0.004014	0.005278	-1.262608	0.000000	0.000000	-0.000000	0.018067	-0.010673	0.410284	-0.000000	-0.000000	0.000000	0.210289	-2.021222	0.046703	-0.000000	0.000000	0.000000	0.000000	0.000000	0.000000	0.000000	0.000000	0.000000	0.000000
1761691869.884593248	0.000000	-0.003582	0.001239	-1.170538	0.000000	0.000000	-0.000000	0.014867	-0.001834	0.281414	-0.000000	-0.000000	0.000000	0.211933	-2.021657	0.080127	-0.000000	0.000000	0.000000	0.000000	0.000000	0.000000	0.000000	0.000000	0.000000	0.000000
1761691869.984667301	0.000000	-0.002909	-0.002065	-1.063667	0.000000	0.000000	-0.000000	0.011715	0.006078	0.161291	-0.000000	-0.000000	0.000000	0.213198	-2.021250	0.101159	-0.000000	0.000000	0.000000	0.000000	0.000000	0.000000	0.000000	0.000000	0.000000	0.000000
1761691870.084661961	0.000000	-0.002084	-0.005285	-0.939905	0.000000	0.000000	-0.000000	0.008693	0.013057	0.051362	-0.000000	-0.000000	0.000000	0.214074	-2.020124	0.110757	-0.000000	0.000000	0.000000	0.000000	0.000000	0.000000	0.000000	0.000000	0.000000	0.000000
1761691870.184824944	0.000000	-0.001194	-0.008270	-0.788491	0.000000	0.000000	-0.000000	0.005886	0.019018	-0.046754	0.000000	-0.000000	0.000000	0.214588	-2.018391	0.110032	-0.000000	-0.000000	0.000000	0.000000	0.000000	0.000000	0.000000	0.000000	0.000000	0.000000
1761691870.284790754	0.000000	-0.000330	-0.010817	-0.567248	0.000000	0.000000	-0.000000	0.003400	0.023809	-0.130650	0.000000	-0.000000	-0.000000	0.214794	-2.016162	0.100294	-0.000000	-0.000000	0.000000	0.000000	0.000000	0.000000	0.000000	0.000000	0.000000	0.000000
1761691870.384619713	0.000000	0.000387	-0.012626	-0.304922	0.000000	0.000000	-0.000000	0.001421	0.027090	-0.194750	0.000000	-0.000000	-0.000000	0.214775	-2.013563	0.083244	-0.000000	-0.000000	0.000000	0.000000	0.000000	0.000000	0.000000	0.000000	0.000000	0.000000
1761691870.484580755	0.000000	0.000845	-0.013451	-0.045810	0.000000	0.000000	-0.000000	0.000122	0.028578	-0.233986	0.000000	-0.000000	-0.000000	0.214632	-2.010750	0.061189	-0.000000	-0.000000	0.000000	0.000000	0.000000	0.000000	0.000000	0.000000	0.000000	0.000000
1761691870.584584475	0.000000	0.001003	-0.013253	0.175750	-0.000000	0.000000	-0.000000	-0.000446	0.028270	-0.247204	0.000000	-0.000000	-0.000000	0.214465	-2.007897	0.036732	-0.000000	-0.000000	0.000000	0.000000	0.000000	0.000000	0.000000	0.000000	0.000000	0.000000
1761691870.684509993	-0.000000	0.000887	-0.012197	0.342288	-0.000000	-0.000000	0.000000	-0.000347	0.026421	-0.237014	0.000000	0.000000	-0.000000	0.214354	-2.005165	0.012360	-0.000000	-0.000000	0.000000	0.000000	0.000000	0.000000	0.000000	0.000000	0.000000	0.000000
1761691870.784703016	-0.000000	0.000609	-0.010770	0.428965	-0.000000	-0.000000	0.000000	0.000352	0.023269	-0.205561	0.000000	0.000000	-0.000000	0.214356	-2.002701	-0.009623	-0.000000	-0.000000	0.000000	0.000000	0.000000	0.000000	0.000000	0.000000	0.000000	0.000000
1761691870.884695292	-0.000000	0.000205	-0.008870	0.491081	-0.000000	-0.000000	0.000000	0.001342	0.019578	-0.164109	0.000000	0.000000	-0.000000	0.214488	-2.000589	-0.027821	0.000000	-0.000000	0.000000	0.000000	0.000000	0.000000	0.000000	0.000000	0.000000	0.000000
1761691870.984617233	-0.000000	-0.000230	-0.006912	0.511454	-0.000000	-0.000000	0.000000	0.002314	0.016281	-0.124221	0.000000	0.000000	-0.000000	0.214698	-1.999128	-0.039537	0.000000	-0.000000	0.000000	0.000000	0.000000	0.000000	0.000000	0.000000	0.000000	0.000000
1761691871.084580183	-0.000000	-0.000651	-0.005034	0.495988	-0.000000	-0.000000	0.000000	0.003553	0.012298	-0.073755	0.000000	0.000000	-0.000000	0.215063	-1.997748	-0.049038	0.000000	-0.000000	0.000000	0.000000	0.000000	0.000000	0.000000	0.000000	0.000000	0.000000
1761691871.184591532	-0.000000	-0.001024	-0.003343	0.451417	-0.000000	-0.000000	0.000000	0.004780	0.008499	-0.023641	0.000000	0.000000	0.000000	0.215542	-1.996767	-0.053473	0.000000	-0.000000	0.000000	0.000000	0.000000	0.000000	0.000000	0.000000	0.000000	0.000000
1761691871.284761667	-0.000000	-0.001330	-0.001901	0.381321	-0.000000	-0.000000	0.000000	0.005909	0.005076	0.022987	0.000000	0.000000	0.000000	0.216122	-1.996152	-0.053067	0.000000	0.000000	0.000000	0.000000	0.000000	0.000000	0.000000	0.000000	0.000000	0.000000
1761691871.384623289	-0.000000	-0.001564	-0.000741	0.281302	-0.000000	-0.000000	0.000000	0.006872	0.002184	0.063456	-0.000000	0.000000	0.000000	0.216787	-1.995853	-0.048330	0.000000	0.000000	0.000000	0.000000	0.000000	0.000000	0.000000	0.000000	0.000000	0.000000
1761691871.484601498	-0.000000	-0.001723	0.000104	0.163160	-0.000000	-0.000000	0.000000	0.007595	-0.000016	0.094920	-0.000000	0.000000	0.000000	0.217522	-1.995803	-0.040038	0.000000	0.000000	0.000000	0.000000	0.000000	0.000000	0.000000	0.000000	0.000000	0.000000
1761691871.584612131	-0.000000	-0.001808	0.000636	0.042380	-0.000000	-0.000000	0.000000	0.008022	-0.001403	0.115174	-0.000000	0.000000	0.000000	0.218306	-1.995922	-0.029233	0.000000	0.000000	0.000000	0.000000	0.000000	0.000000	0.000000	0.000000	0.000000	0.000000
1761691871.684581757	-0.000000	-0.001825	0.000851	-0.067695	0.000000	-0.000000	0.000000	0.008134	-0.001953	0.123438	-0.000000	0.000000	0.000000	0.219113	-1.996122	-0.017100	0.000000	0.000000	0.000000	0.000000	0.000000	0.000000	0.000000	0.000000	0.000000	0.000000
1761691871.784543991	-0.000000	-0.001783	0.000762	-0.157867	0.000000	0.000000	0.000000	0.007946	-0.001732	0.120338	-0.000000	-0.000000	0.000000	0.219916	-1.996321	-0.004814	0.000000	0.000000	0.000000	0.000000	0.000000	0.000000	0.000000	0.000000	0.000000	0.000000
1761691871.884535074	0.000000	-0.001688	0.000426	-0.223385	0.000000	0.000000	-0.000000	0.007503	-0.000875	0.107557	-0.000000	-0.000000	0.000000	0.220687	-1.996449	0.006574	0.000000	0.000000	0.000000	0.000000	0.000000	0.000000	0.000000	0.000000	0.000000	0.000000
1761691871.984527111	0.000000	-0.001550	-0.000078	-0.263113	0.000000	0.000000	-0.000000	0.006865	0.000445	0.087402	-0.000000	-0.000000	0.000000	0.221401	-1.996456	0.016227	0.000000	0.000000	0.000000	0.000000	0.000000	0.000000	0.000000	0.000000	0.000000	0.000000
1761691872.085056067	0.000000	-0.001404	-0.000602	-0.275949	0.000000	0.000000	-0.000000	0.006083	0.002080	0.061753	-0.000000	-0.000000	0.000000	0.222040	-1.996304	0.023498	-0.000000	0.000000	0.000000	0.000000	0.000000	0.000000	0.000000	0.000000	0.000000	0.000000
1761691872.184892178	0.000000	-0.001211	-0.001273	-0.272007	0.000000	0.000000	-0.000000	0.005254	0.003788	0.034372	-0.000000	-0.000000	0.000000	0.222591	-1.995982	0.028085	-0.000000	0.000000	0.000000	0.000000	0.000000	0.000000	0.000000	0.000000	0.000000	0.000000
1761691872.284810781	0.000000	-0.001008	-0.001946	-0.249264	0.000000	0.000000	-0.000000	0.004429	0.005436	0.007105	-0.000000	-0.000000	0.000000	0.223055	-1.995493	0.029929	-0.000000	0.000000	0.000000	0.000000	0.000000	0.000000	0.000000	0.000000	0.000000	0.000000
1761691872.384775639	0.000000	-0.000810	-0.002567	-0.210103	0.000000	0.000000	-0.000000	0.003661	0.006900	-0.018200	-0.000000	-0.000000	0.000000	0.223433	-1.994851	0.029148	-0.000000	0.000000	0.000000	0.000000	0.000000	0.000000	0.000000	0.000000	0.000000	0.000000
1761691872.484762430	0.000000	-0.000631	-0.003084	-0.155421	0.000000	0.000000	-0.000000	0.002994	0.008074	-0.039863	-0.000000	-0.000000	0.000000	0.223739	-1.994082	0.026037	-0.000000	-0.000000	0.000000	0.000000	0.000000	0.000000	0.000000	0.000000	0.000000	0.000000
1761691872.584831238	0.000000	-0.000486	-0.003450	-0.091458	0.000000	0.000000	-0.000000	0.002473	0.008863	-0.056316	-0.000000	-0.000000	0.000000	0.223987	-1.993220	0.021053	-0.000000	-0.000000	0.000000	0.000000	0.000000	0.000000	0.000000	0.000000	0.000000	0.000000
1761691872.684783459	0.000000	-0.000386	-0.003632	-0.025523	0.000000	0.000000	-0.000000	0.002126	0.009212	-0.066528	0.000000	-0.000000	0.000000	0.224196	-1.992306	0.014781	-0.000000	-0.000000	0.000000	0.000000	0.000000	0.000000	0.000000	0.000000	0.000000	0.000000
1761691872.784755468	-0.000000	-0.000338	-0.003622	0.035833	0.000000	0.000000	0.000000	0.001959	0.009116	-0.070180	0.000000	-0.000000	0.000000	0.224388	-1.991385	0.007870	-0.000000	-0.000000	0.000000	0.000000	0.000000	0.000000	0.000000	0.000000	0.000000	0.000000
1761691872.884739399	-0.000000	-0.000338	-0.003434	0.087597	0.000000	-0.000000	0.000000	0.001963	0.008613	-0.067619	0.000000	0.000000	0.000000	0.224579	-1.990500	0.000958	-0.000000	-0.000000	0.000000	0.000000	0.000000	0.000000	0.000000	0.000000	0.000000	0.000000
1761691872.984632015	-0.000000	-0.000380	-0.003102	0.126574	0.000000	-0.000000	0.000000	0.002111	0.007776	-0.059722	0.000000	0.000000	0.000000	0.224785	-1.989686	-0.005379	-0.000000	-0.000000	0.000000	0.000000	0.000000	0.000000	0.000000	0.000000	0.000000	0.000000
1761691873.084583282	-0.000000	-0.000451	-0.002668	0.151281	-0.000000	-0.000000	0.000000	0.002368	0.006699	-0.047714	0.000000	0.000000	0.000000	0.225016	-1.988971	-0.010678	-0.000000	-0.000000	0.000000	0.000000	0.000000	0.000000	0.000000	0.000000	0.000000	0.000000
1761691873.184845924	-0.000000	-0.000539	-0.002177	0.161631	-0.000000	-0.000000	0.000000	0.002695	0.005483	-0.032998	0.000000	0.000000	0.000000	0.225279	-1.988375	-0.014608	-0.000000	-0.000000	0.000000	0.000000	0.000000	0.000000	0.000000	0.000000	0.000000	0.000000
1761691873.285101175	-0.000000	-0.000632	-0.001674	0.158565	-0.000000	-0.000000	0.000000	0.003052	0.004226	-0.017007	0.000000	0.000000	0.000000	0.225577	-1.987905	-0.016982	0.000000	-0.000000	0.000000	0.000000	0.000000	0.000000	0.000000	0.000000	0.000000	0.000000
1761691873.385091782	-0.000000	-0.000721	-0.001195	0.143741	-0.000000	-0.000000	0.000000	0.003404	0.003019	-0.001099	0.000000	0.000000	0.000000	0.225909	-1.987559	-0.017753	0.000000	0.000000	0.000000	0.000000	0.000000	0.000000	0.000000	0.000000	0.000000	0.000000
1761691873.484807730	-0.000000	-0.000798	-0.000770	0.118824	-0.000000	-0.000000	0.000000	0.003716	0.001939	0.013522	0.000000	0.000000	0.000000	0.226272	-1.987327	-0.016999	0.000000	0.000000	0.000000	0.000000	0.000000	0.000000	0.000000	0.000000	0.000000	0.000000
1761691873.584711075	-0.000000	-0.000857	-0.000420	0.085589	-0.000000	-0.000000	0.000000	0.003964	0.001049	0.025819	0.000000	0.000000	0.000000	0.226661	-1.987193	-0.014912	0.000000	0.000000	0.000000	0.000000	0.000000	0.000000	0.000000	0.000000	0.000000	0.000000
1761691873.684775591	-0.000000	-0.000896	-0.000162	0.047761	-0.000000	-0.000000	0.000000	0.004126	0.000399	0.034932	-0.000000	0.000000	0.000000	0.227068	-1.987133	-0.011776	0.000000	0.000000	0.000000	0.000000	0.000000	0.000000	0.000000	0.000000	0.000000	0.000000
1761691873.784601450	-0.000000	-0.000912	-0.000003	0.009262	-0.000000	-0.000000	0.000000	0.004188	0.000015	0.040339	-0.000000	0.000000	0.000000	0.227485	-1.987121	-0.007941	0.000000	0.000000	0.000000	0.000000	0.000000	0.000000	0.000000	0.000000	0.000000	0.000000
1761691873.884613514	-0.000000	-0.000906	0.000056	-0.026386	-0.000000	-0.000000	0.000000	0.004158	-0.000090	0.041752	-0.000000	0.000000	0.000000	0.227833	-1.987128	-0.004487	0.000000	0.000000	0.000000	0.000000	0.000000	0.000000	0.000000	0.000000	0.000000	0.000000
1761691873.984516859	-0.000000	-0.000880	0.000024	-0.056399	-0.000000	0.000000	0.000000	0.004040	-0.000004	0.040302	-0.000000	-0.000000	0.000000	0.228243	-1.987136	-0.000357	0.000000	0.000000	0.000000	0.000000	0.000000	0.000000	0.000000	0.000000	0.000000	0.000000
1761691874.084848166	0.000000	-0.000841	-0.000075	-0.074659	0.000000	0.000000	-0.000000	0.003828	0.000322	0.035162	-0.000000	-0.000000	0.000000	0.228635	-1.987118	0.003394	0.000000	0.000000	0.000000	0.000000	0.000000	0.000000	0.000000	0.000000	0.000000	0.000000
1761691874.184850693	0.000000	-0.000785	-0.000236	-0.089488	0.000000	0.000000	-0.000000	0.003564	0.000773	0.028001	-0.000000	-0.000000	0.000000	0.229002	-1.987058	0.006505	0.000000	0.000000	0.000000	0.000000	0.000000	0.000000	0.000000	0.000000	0.000000	0.000000
1761691874.284895897	0.000000	-0.000719	-0.000433	-0.096031	0.000000	0.000000	-0.000000	0.003264	0.001311	0.019299	-0.000000	-0.000000	0.000000	0.229340	-1.986948	0.008808	0.000000	0.000000	0.000000	0.000000	0.000000	0.000000	0.000000	0.000000	0.000000	0.000000
1761691874.384797812	0.000000	-0.000648	-0.000648	-0.094416	0.000000	0.000000	-0.000000	0.002947	0.001884	0.009805	-0.000000	-0.000000	0.000000	0.229647	-1.986780	0.010189	0.000000	0.000000	0.000000	0.000000	0.000000	0.000000	0.000000	0.000000	0.000000	0.000000
1761691874.484782934	0.000000	-0.000576	-0.000861	-0.085538	0.000000	0.000000	-0.000000	0.002635	0.002437	0.000337	-0.000000	-0.000000	0.000000	0.229921	-1.986557	0.010616	-0.000000	0.000000	0.000000	0.000000	0.000000	0.000000	0.000000	0.000000	0.000000	0.000000
1761691874.584748745	0.000000	-0.000509	-0.001052	-0.070517	0.000000	0.000000	-0.000000	0.002348	0.002921	-0.008365	-0.000000	-0.000000	0.000000	0.230164	-1.986282	0.010136	-0.000000	0.000000	0.000000	0.000000	0.000000	0.000000	0.000000	0.000000	0.000000	0.000000
1761691874.684741497	0.000000	-0.000450	-0.001205	-0.050711	0.000000	0.000000	-0.000000	0.002102	0.003297	-0.015667	-0.000000	-0.000000	0.000000	0.230382	-1.985965	0.008863	-0.000000	-0.000000	0.000000	0.000000	0.000000	0.000000	0.000000	0.000000	0.000000	0.000000
1761691874.784673214	0.000000	-0.000403	-0.001306	-0.028254	0.000000	0.000000	-0.000000	0.001911	0.003535	-0.021068	-0.000000	-0.000000	0.000000	0.230578	-1.985619	0.006967	-0.000000	-0.000000	0.000000	0.000000	0.000000	0.000000	0.000000	0.000000	0.000000	0.000000
1761691874.884920835	-0.000000	-0.000371	-0.001349	-0.005360	0.000000	0.000000	0.000000	0.001782	0.003619	-0.024268	-0.000000	-0.000000	0.000000	0.230759	-1.985258	0.004658	-0.000000	-0.000000	0.000000	0.000000	0.000000	0.000000	0.000000	0.000000	0.000000	0.000000
1761691874.984661579	-0.000000	-0.000354	-0.001333	0.015948	0.000000	0.000000	0.000000	0.001716	0.003551	-0.025186	-0.000000	-0.000000	0.000000	0.230931	-1.984899	0.002162	-0.000000	-0.000000	0.000000	0.000000	0.000000	0.000000	0.000000	0.000000	0.000000	0.000000
1761691875.085038900	-0.000000	-0.000351	-0.001261	0.034018	0.000000	-0.000000	0.000000	0.001708	0.003342	-0.023946	0.000000	0.000000	0.000000	0.231102	-1.984555	-0.000299	-0.000000	-0.000000	0.000000	0.000000	0.000000	0.000000	0.000000	0.000000	0.000000	0.000000
1761691875.184773922	-0.000000	-0.000360	-0.001143	0.047671	0.000000	-0.000000	0.000000	0.001750	0.003018	-0.020845	0.000000	0.000000	0.000000	0.231275	-1.984239	-0.002525	-0.000000	-0.000000	0.000000	0.000000	0.000000	0.000000	0.000000	0.000000	0.000000	0.000000
1761691875.284890175	-0.000000	-0.000379	-0.000993	0.056232	0.000000	-0.000000	0.000000	0.001830	0.002611	-0.016306	0.000000	0.000000	0.000000	0.231456	-1.983961	-0.004355	-0.000000	-0.000000	0.000000	0.000000	0.000000	0.000000	0.000000	0.000000	0.000000	0.000000
1761691875.384787083	-0.000000	-0.000403	-0.000822	0.059511	-0.000000	-0.000000	0.000000	0.001934	0.002156	-0.010825	0.000000	0.000000	0.000000	0.231646	-1.983727	-0.005672	-0.000000	-0.000000	0.000000	0.000000	0.000000	0.000000	0.000000	0.000000	0.000000	0.000000
1761691875.484781504	-0.000000	-0.000430	-0.000647	0.057743	-0.000000	-0.000000	0.000000	0.002047	0.001690	-0.004929	0.000000	0.000000	0.000000	0.231847	-1.983540	-0.006412	-0.000000	0.000000	0.000000	0.000000	0.000000	0.000000	0.000000	0.000000	0.000000	0.000000
1761691875.584641457	-0.000000	-0.000455	-0.000479	0.051506	-0.000000	-0.000000	0.000000	0.002155	0.001245	0.000875	0.000000	0.000000	0.000000	0.232059	-1.983398	-0.006565	0.000000	0.000000	0.000000	0.000000	0.000000	0.000000	0.000000	0.000000	0.000000	0.000000
1761691875.684865475	-0.000000	-0.000476	-0.000330	0.041587	-0.000000	-0.000000	0.000000	0.002248	0.000852	0.006129	0.000000	0.000000	0.000000	0.232281	-1.983299	-0.006167	0.000000	0.000000	0.000000	0.000000	0.000000	0.000000	0.000000	0.000000	0.000000	0.000000
1761691875.784697533	-0.000000	-0.000492	-0.000208	0.028966	-0.000000	-0.000000	0.000000	0.002314	0.000534	0.010453	0.000000	0.000000	0.000000	0.232510	-1.983234	-0.005295	0.000000	0.000000	0.000000	0.000000	0.000000	0.000000	0.000000	0.000000	0.000000	0.000000
1761691875.884889126	-0.000000	-0.000501	-0.000119	0.014963	-0.000000	-0.000000	0.000000	0.002348	0.000307	0.013560	0.000000	0.000000	0.000000	0.232744	-1.983195	-0.004060	0.000000	0.000000	0.000000	0.000000	0.000000	0.000000	0.000000	0.000000	0.000000	0.000000
1761691875.984723091	-0.000000	-0.000501	-0.000066	0.000896	-0.000000	-0.000000	0.000000	0.002345	0.000178	0.015290	0.000000	0.000000	0.000000	0.232979	-1.983174	-0.002593	0.000000	0.000000	0.000000	0.000000	0.000000	0.000000	0.000000	0.000000	0.000000	0.000000
1761691876.084792137	-0.000000	-0.000494	-0.000049	-0.012039	-0.000000	-0.000000	0.000000	0.002305	0.000147	0.015614	-0.000000	0.000000	0.000000	0.233211	-1.983159	-0.001035	0.000000	0.000000	0.000000	0.000000	0.000000	0.000000	0.000000	0.000000	0.000000	0.000000
1761691876.185131311	-0.000000	-0.000479	-0.000064	-0.022863	-0.000000	0.000000	0.000000	0.002231	0.000203	0.014626	-0.000000	-0.000000	0.000000	0.233437	-1.983141	0.000477	0.000000	0.000000	0.000000	0.000000	0.000000	0.000000	0.000000	0.000000	0.000000	0.000000
1761691876.284801960	-0.000000	-0.000458	-0.000107	-0.030880	-0.000000	0.000000	0.000000	0.002130	0.000331	0.012520	-0.000000	-0.000000	0.000000	0.233655	-1.983114	0.001825	0.000000	0.000000	0.000000	0.000000	0.000000	0.000000	0.000000	0.000000	0.000000	0.000000
1761691876.384800434	0.000000	-0.000432	-0.000170	-0.035693	0.000000	0.000000	-0.000000	0.002008	0.000511	0.009565	-0.000000	-0.000000	0.000000	0.233861	-1.983070	0.002910	0.000000	0.000000	0.000000	0.000000	0.000000	0.000000	0.000000	0.000000	0.000000	0.000000
1761691876.484775066	0.000000	-0.000403	-0.000245	-0.037205	0.000000	0.000000	-0.000000	0.001874	0.000721	0.006076	-0.000000	-0.000000	0.000000	0.234053	-1.983006	0.003666	0.000000	0.000000	0.000000	0.000000	0.000000	0.000000	0.000000	0.000000	0.000000	0.000000
1761691876.584813118	0.000000	-0.000373	-0.000325	-0.035586	0.000000	0.000000	-0.000000	0.001737	0.000937	0.002381	-0.000000	-0.000000	0.000000	0.234233	-1.982921	0.004059	0.000000	0.000000	0.000000	0.000000	0.000000	0.000000	0.000000	0.000000	0.000000	0.000000
1761691876.684772253	0.000000	-0.000344	-0.000401	-0.031230	0.000000	0.000000	-0.000000	0.001606	0.001139	-0.001205	-0.000000	-0.000000	0.000000	0.234398	-1.982814	0.004087	0.000000	0.000000	0.000000	0.000000	0.000000	0.000000	0.000000	0.000000	0.000000	0.000000
1761691876.784761667	0.000000	-0.000318	-0.000466	-0.024653	0.000000	0.000000	-0.000000	0.001487	0.001308	-0.004400	-0.000000	-0.000000	0.000000	0.234551	-1.982690	0.003777	-0.000000	0.000000	0.000000	0.000000	0.000000	0.000000	0.000000	0.000000	0.000000	0.000000
1761691876.884607315	-0.000000	-0.000295	-0.000515	-0.016556	0.000000	0.000000	0.000000	0.001388	0.001431	-0.006975	-0.000000	-0.000000	0.000000	0.234694	-1.982551	0.003182	-0.000000	0.000000	0.000000	0.000000	0.000000	0.000000	0.000000	0.000000	0.000000	0.000000
